7.615941559557648510e-01,3.305030283596703811e-01,4.088180535188971065e-01,2.558848440455589734e-02,2.616351056489026883e-01,-5.518366549694404127e-02,2.799412982984102460e-01,1.671616122132047189e-01,1.218155875097370611e-01,1.357863387907286834e-01,3.789786327580055847e-01,-7.545622525047036844e-02,5.436258936124037655e-01,-1.254613176645006691e-02,3.354869365365121814e-01,5.967016943682049712e-01,1.036522148797351106e-01,5.682015166026310737e-01,3.075801405150744849e-01,3.233659695452461014e-01,-1.054738255734466099e-02,5.156957840649619706e-01,1.259669586337191782e-01,-1.183607634564001893e-01,1.148481550641524268e-01,4.472475987222422900e-01,2.515653371169470076e-01,6.059623403508391792e-01,5.876820156709844367e-01,2.184492872231238725e-01,4.586519348368491705e-02,3.670054251141963153e-01,2.863485728237102346e-01,4.739802785411426633e-01,3.136478102404491319e-02,4.071398879068072740e-01,-1.131841962331330692e-01,2.588762593987931071e-01,-3.187246529506165826e-01,1.091275755218660756e-02,1.612527962694910999e-02,1.980897118345172903e-01,1.462514844721811771e-02,3.554675674575493716e-01,-2.133489367887873508e-02,1.670125230913299674e-01,1.323946080128564629e-01,3.798374694383458983e-01,3.780155463113197417e-02,-9.505891277724060062e-02,8.585388100810543988e-02,3.636456162817682802e-01,2.241974720909082341e-01,-1.994301212000743062e-01,3.043738314118722421e-01,9.752033970015258624e-02,-6.984357852137383638e-02,-1.649194821702689162e-01,1.012889125379983907e-01,1.301721633776410647e-01,4.445421306247366311e-01,2.167024834256759680e-01,5.759793007255614022e-02,-2.154355427809340473e-01,3.196898681011855481e-01,2.849484754846148826e-01,-1.643627295186935733e-01,-2.420151639985268777e-01,-3.211563396724659292e-01,2.199618618144135451e-01,-1.152329542637543364e-01,1.231240433798517220e-01,-1.163090034623070201e-01,-5.021892586193048985e-02,-1.689888720554448831e-01,-2.748492927845631040e-01,2.111942696153020771e-01,-4.581870549876548848e-01,-6.772569999367579474e-02,1.737668553522916381e-01,1.575631552927750090e-01,2.657381623668796794e-02,6.779099434218767428e-02,1.636870128521190904e-02
3.305030283596702700e-01,7.615941559557648510e-01,2.719464312552997143e-01,2.803127192881969543e-01,3.189878023177367128e-01,-1.378947167767682891e-01,6.908440830639873964e-02,2.089875835684483762e-01,5.534018038368064552e-02,2.030061931221989746e-01,2.558360198856887147e-01,1.742399479407024387e-01,4.790844535638313917e-02,4.076175803443737311e-01,1.971820514975122784e-01,3.864161374701103324e-01,-6.184241741000466586e-02,2.558863477491707394e-01,4.097546959585921661e-03,-6.816153794052523529e-02,2.359637274098214388e-01,1.283232677712289882e-01,1.670403058405739438e-01,3.797553546402013258e-01,5.466544759256365682e-02,2.402581184302824135e-01,-1.905698554073725626e-01,4.226988767305680517e-01,9.863290776272165550e-02,2.753428894246178205e-01,1.368489879964619460e-01,3.916866606618055191e-01,6.369493734090519999e-01,4.278983193698215337e-01,8.002869934368815885e-01,2.970078226988445702e-01,1.608555559833973470e-01,2.580942376683368344e-01,-6.729055535256150966e-02,-4.810421610485401955e-02,1.991650888143046139e-01,6.491536201650772997e-02,2.677792796180175072e-01,2.414727816033012398e-01,2.691673598296895897e-01,3.064166431924433484e-02,3.850014647018092373e-01,3.062769675476713083e-01,1.189242967972430343e-01,-7.819253954739921464e-02,3.081713806593097127e-01,4.979558331242227298e-02,-1.734261400048638380e-01,1.727427302781652241e-01,-3.343761957355698838e-02,1.950217003354254852e-01,5.489920694006907853e-01,2.288323213447636673e-01,4.368661926753805713e-01,-2.374245083515950649e-01,5.400947709310471856e-01,5.239208474699147411e-02,1.395077356802137958e-01,-1.009891884486008584e-01,4.105096173222382294e-01,5.429485167651897370e-01,-5.691022126452071478e-02,-2.946671802071252899e-01,2.224100229190513044e-03,1.619604339364537626e-01,7.141996080032129990e-02,2.778717220012649758e-01,-8.676616603872308597e-02,2.577565313797119950e-01,2.452487325301816179e-01,-2.443065970622718963e-01,-7.400832682044623800e-02,-3.530751878426557910e-01,1.046417974101925691e-01,2.572327405325108840e-01,2.046236822514254095e-01,2.300535248958458789e-01,1.178740067343898579e-01,2.567927349081474686e-01
4.088180535188971065e-01,2.719464312552997143e-01,7.615941559557648510e-01,-3.510312059345319785e-02,5.210175410012743979e-01,-2.501791888384572934e-02,3.594308338370022504e-01,4.988130680742353662e-01,4.543663630000078224e-01,1.544424493046796798e-01,9.453291181060571313e-01,1.098084809189914801e-01,1.600257602374054178e-01,5.830823285502733100e-01,6.801435933493974462e-01,1.092847404296162644e-01,1.096267611215839474e-02,9.758801343407171036e-02,9.599971636251305451e-01,4.771337087583125136e-01,-1.978501163191557777e-01,5.563432462674215984e-01,4.298868181427341617e-01,-1.065759926293594062e-01,-1.947400220198939602e-01,3.286636566203154919e-01,4.555619213485357366e-01,6.101902081781676035e-01,3.656424944793226772e-01,3.920693786504445694e-02,7.461384741660098685e-02,6.633410680692595207e-01,3.888827969018963104e-01,1.796456706630065181e-01,1.436867504228689640e-01,9.659277565859778480e-01,6.226903302849075457e-03,5.105536505262097124e-01,-2.632551363917247089e-01,3.586958621243044321e-02,5.231163649048686803e-01,4.258448561088634676e-01,-1.439678525106426743e-01,9.217686180227835369e-01,5.694045644074929857e-02,-1.104067671910208270e-01,5.926836292999527744e-01,6.083245728037047773e-01,-2.889125783341177645e-01,-2.300966441960784481e-01,-2.395877864189355222e-01,9.420164424402244219e-01,5.196364667739208354e-01,-3.673618451005017382e-01,5.292029609409429902e-01,4.526221339379982722e-01,-3.348177143218243890e-01,-5.193929362125815352e-01,-1.363665717352587348e-01,4.470804248992266694e-01,4.325791625529680218e-01,-1.409580561278809055e-02,-4.050298989933156374e-02,-1.229807408818437385e-02,5.783547727937424776e-01,2.445889307930183554e-01,-3.867646910464762056e-01,-1.287727336460567917e-01,-6.040975140082075479e-01,-3.531566496650243026e-01,-1.341997111504249496e-01,1.719882249649452299e-01,-1.739104235177812152e-01,-2.506981399699787505e-01,-2.335087270793697323e-01,-2.135039823399086933e-01,-6.561582003861747558e-02,-2.744453977656967081e-01,-4.789009434085721995e-01,-3.980019950112073657e-01,1.707377598907148519e-01,-2.173644851450835108e-02,-5.293167510339923110e-02,-2.686315203240945415e-01
2.558848440455586959e-02,2.803127192881968988e-01,-3.510312059345318397e-02,7.615941559557648510e-01,3.359509642146984998e-01,2.430359061517175234e-01,4.749682808292775005e-01,7.027219088563274596e-02,1.403210722780577346e-01,4.234086419275564506e-01,4.686525412088333314e-02,1.893368139059940503e-01,3.255495826945906113e-01,2.617200216663262968e-01,2.024423652303743160e-02,6.970396815725619921e-02,2.266547197518808676e-01,1.248121323358218349e-01,2.877640740147081183e-02,8.403412260021519975e-02,1.382934613141942048e-01,3.498076364162222562e-02,-6.357574897940027059e-02,2.605432362662387646e-01,2.486025044683087826e-01,3.459545494448054148e-01,1.877710451249467172e-01,1.818334964530234632e-01,2.475974220926087654e-01,1.093135319505926101e-01,7.319789874625204362e-02,2.761316518654751695e-01,3.558255431298085747e-01,7.162511623437088290e-03,2.576417130444962900e-01,-2.960902783001307173e-02,5.379526362399524864e-01,3.203132482455565144e-01,1.224112909830083196e-01,4.790951907060609360e-01,7.074854515411724797e-03,1.999230661972426215e-01,2.800123425660295817e-01,1.774659462329318191e-02,2.870741171238038736e-01,2.927440304515798175e-01,1.623243678281707236e-01,-4.043702028263302523e-02,6.165767020082692923e-02,1.351577319442130720e-01,7.812728388963034731e-02,3.394597171267706853e-02,8.005600682183654226e-02,4.031020120596303519e-02,5.846963240580268367e-02,1.585270764627771641e-03,2.673089278528236190e-01,1.546953540235798952e-01,3.626464659307748195e-01,1.632776595846580081e-01,3.667548895230307027e-01,2.531160809722201588e-01,2.368828087971248664e-01,1.006499757346135948e-01,1.783982242657399520e-01,3.316823041760399993e-01,3.733693410049075678e-02,-2.949293546384287867e-01,-1.334714768080533243e-01,-7.876073248474629862e-02,2.535277947560903855e-01,4.037482740961002015e-01,1.145811521552404233e-01,-2.199187861359588325e-01,1.461711525568394343e-01,-2.303318225181280876e-01,6.179290470708374144e-02,-3.597466171843904381e-01,-6.830148408265240834e-02,-3.664293950988726373e-02,1.582061749230344316e-01,5.193696461455629132e-01,1.142514988976785772e-01,-2.817252872957472926e-02
2.616351056489026883e-01,3.189878023177367683e-01,5.210175410012746200e-01,3.359509642146983888e-01,7.615941559557648510e-01,7.005143667050195422e-02,4.526910770694834718e-01,1.776084217713770064e-01,7.221102075680411181e-01,1.927561336855841689e-01,6.720376609255980238e-01,2.564659508742335170e-01,3.393069710133868599e-01,3.981607484699123956e-01,6.162783857764986273e-01,4.482112333776339108e-02,1.230779616161993967e-01,-5.216847977284515617e-03,3.847086174328201991e-01,6.183619188131688205e-01,-2.089432426461337519e-02,5.680658869598219640e-01,1.511946685809165691e-01,-7.889806967375837497e-04,-2.882018943997814719e-02,2.970396425328360457e-01,6.339079050025495654e-01,5.557503775136017898e-01,4.436898136479501265e-01,1.270550360645649468e-01,6.463328079921751290e-02,6.236147321757559148e-01,5.919325713477330275e-01,2.953086454107034520e-01,2.092030133340725406e-01,6.028629935357590064e-01,4.052402850609918006e-01,9.337440798906169181e-01,6.435437970795704343e-02,5.342173720426551808e-01,2.848491536837787774e-01,7.511415884786447617e-01,7.618932662973973424e-02,7.394614432500766776e-01,2.731150093284596680e-01,2.932107326562364280e-01,4.917507371282603401e-01,5.085881336902072780e-01,-5.946639615697755371e-02,-4.088873592690843439e-02,-9.974010807026919417e-03,4.490565756302247746e-01,5.684660550129967405e-01,-1.907150962521953763e-01,5.730938560615476129e-01,2.629211927731195386e-01,-1.092853507122858725e-01,-2.010427105391800195e-01,1.175626314620234203e-01,6.006105245595546593e-01,6.980405417253072731e-01,3.260421917465610164e-01,6.973047628768327955e-02,1.547414174357946426e-01,4.540005249725870273e-01,5.909336336805458556e-01,-4.491925289588504788e-01,-3.371946788155572583e-01,-5.686284750910024499e-01,-2.119955821785190486e-01,-1.684749467189312899e-01,4.127603380239993625e-01,2.875737814385285682e-02,-1.848409585755780293e-01,-3.147535194719889851e-01,-3.400080589252165164e-01,-4.028024756585332211e-01,-4.187426943925691702e-01,-5.188138222755295237e-01,-1.795837525559502157e-01,-2.649917773435405896e-02,2.789206358808724584e-01,2.271815999530502894e-01,-7.404597731978604380e-02
-5.518366549694408291e-02,-1.378947167767683446e-01,-2.501791888384572934e-02,2.430359061517174679e-01,7.005143667050192646e-02,7.615941559557648510e-01,5.029662592940443711e-01,4.278790259606161106e-01,-3.324880859024882673e-02,2.277018329029631138e-01,-5.832035372446785909e-02,3.042978700896040722e-01,5.340139858583918819e-01,3.280090716133094997e-01,5.136277384591333289e-02,-2.120507103482788813e-01,4.406391244902896354e-01,-1.476161070370675954e-01,-6.180808236757676793e-02,2.024584611669072165e-01,3.167182285455302226e-01,2.825881915397662064e-02,4.433626474005686879e-01,7.464943363570933355e-02,8.306134818440068235e-02,4.058340408238649832e-01,2.496023032885686943e-01,1.322973314455472282e-01,4.920037138421103906e-01,1.084633320011104849e-03,3.025133852991731542e-01,2.908574500703848820e-01,1.309981341791104925e-01,-3.500616403394404830e-01,-5.226741652232658880e-02,-6.872826513628180201e-02,3.415507075371578827e-01,8.151441302757012064e-02,4.880009941117438022e-01,2.673402099424812550e-01,1.604350008355218682e-01,-8.604050559103867957e-02,-6.958617090461927113e-02,-6.766535017279229347e-02,2.958954709784583637e-01,1.465199361494683994e-01,1.544256913492950689e-01,-4.715021749190210359e-02,-3.567190175123181595e-01,-6.299646788357679550e-02,-4.581655417992314683e-01,-5.195536926647256054e-02,3.174698857239167671e-01,-6.803480011627867363e-02,1.141872122127500638e-01,2.110408273990521111e-01,-1.640053422615535828e-01,-2.521043512851429136e-01,-1.477452329305201650e-01,2.341068350138555965e-01,9.530555955002614765e-02,1.888734619097804934e-01,1.335900717245145919e-01,3.475626500278284348e-01,3.586316986557961384e-01,2.194704045748119281e-01,-1.797316731882022955e-01,4.820029773522978983e-02,-2.759063291911987847e-01,-4.225663059366408653e-02,-2.567333271918375084e-02,3.853192798020272924e-01,-2.711150665587603106e-02,1.547623919190077579e-02,-1.341374925216959613e-01,-5.300926324696572656e-02,1.105459332902874736e-01,-1.229138237728301525e-01,-2.684116038257112757e-01,-1.530580445810185430e-01,1.509981299590218151e-01,1.383952987677942448e-01,4.812410094201593352e-02,-1.286507797232652461e-01
2.799412982984102460e-01,6.908440830639876740e-02,3.594308338370023059e-01,4.749682808292776670e-01,4.526910770694836383e-01,5.029662592940444821e-01,7.615941559557648510e-01,6.093477320904906736e-02,4.472013292089355718e-01,5.300208918024661431e-01,3.486363695288378084e-01,1.515259378116125266e-01,6.021759063507763354e-01,-3.934559523702208655e-02,3.131013466660074185e-01,1.154875625586780363e-01,4.191225929764679781e-01,1.826235942788170252e-01,1.668636904612809113e-01,4.353411912136344042e-01,2.111536174872282734e-01,3.374229163138692256e-01,9.755890020870115753e-02,-4.427544362337457184e-02,1.556063144335436965e-01,2.683441063281889472e-01,5.398358382418554369e-01,2.597906905627460628e-01,5.478547598373951777e-01,1.449199456176422929e-01,2.198594802725625796e-01,2.701959583870824355e-01,3.228939690148847630e-01,1.271316810391369123e-01,1.889825370479553401e-01,3.488062496904717480e-01,6.272112594835700383e-01,4.311958952832385950e-01,2.719421920967127204e-01,7.515858539086616164e-01,-9.246246668201010821e-02,5.169818651673641074e-01,4.107727988138721309e-01,2.654795024209598009e-01,2.632681112782890298e-01,3.648424884651072508e-01,1.486512535771362248e-02,2.260419430884496872e-01,-5.205520764464070804e-02,1.472507953555364790e-01,-8.584333152201197026e-02,2.253811485759022737e-01,4.003460336087522053e-01,-2.093174678450889989e-02,2.734225389008234086e-01,1.293447461161811307e-01,-2.482602059718755361e-02,-7.436064750955770353e-02,3.625190999477612142e-02,5.303461943902489928e-01,4.667436854909376986e-01,4.348884777749587593e-01,2.699715069104807741e-01,3.832685627560961650e-01,1.826050261239881012e-01,2.998317827839728777e-01,-1.568167253072522693e-01,-4.085078385621385699e-01,-4.151106502467979409e-01,-1.294436863449877906e-01,3.201907425437338500e-02,3.241064204975725449e-01,3.189937401572810749e-02,8.058598612310406695e-02,-1.471736185346747550e-01,-2.256036242494448008e-01,-6.325885598234359808e-02,-4.757833804903123243e-01,-4.801285624386673057e-01,-1.295096714104604085e-01,1.809533615207581103e-01,2.186976076638069699e-01,1.282957887005444775e-01,-2.943228736838374507e-02
1.671616122132048021e-01,2.089875835684483762e-01,4.988130680742353662e-01,7.027219088563280147e-02,1.776084217713770341e-01,4.278790259606161106e-01,6.093477320904910899e-02,7.615941559557648510e-01,1.478147948337033835e-01,3.669107261747193149e-01,4.647392027101629464e-01,5.717883054959549405e-01,2.222282024230971820e-01,6.457270394412516490e-01,3.597316963115237409e-01,-1.866233202499996136e-01,8.457919164522086086e-02,-8.098578957975306747e-02,4.633063114146667161e-01,3.044619232781175522e-01,3.978410668246400994e-01,1.927537552684424893e-01,8.236637010902674305e-01,4.876968688781105898e-01,-2.774161640090772596e-01,3.837365971585869895e-01,1.948422898422297045e-01,5.402455480629330120e-01,1.383224701057584327e-01,-3.647941876237836140e-02,2.047298387818935472e-01,5.600274635684581170e-01,3.744804119425080846e-01,-1.007007505535211477e-02,1.345933840302321327e-01,4.540737698059050809e-01,1.211630891427500217e-01,2.166139720588086681e-01,1.384088430065456010e-01,-6.235836685550652514e-03,8.476129083918207963e-01,3.275100889300871371e-02,6.001440934852369374e-02,4.469417387158906019e-01,5.888790030384483121e-01,1.057510434231243163e-01,4.411987788393393339e-01,2.636866293274850448e-01,-5.267973127806749867e-01,-2.136628754084105020e-01,-3.652115349628537455e-01,3.994257330491567948e-01,3.743585503927261415e-01,6.539428128436415577e-02,2.411113057783581537e-01,6.530625887843491961e-01,1.709148650103788913e-01,-4.696000270777134222e-01,-1.239072227732638115e-01,2.349896316391315854e-01,4.372156718580278434e-01,-1.275298053943821064e-01,1.172258568913667615e-01,1.538888697470646438e-01,5.774821229081505969e-01,3.802663017553088443e-01,-3.473480483236729977e-01,1.865274495446366254e-01,-2.365474068079158609e-01,-1.123818817142291926e-01,-1.031167284997660041e-02,4.106219071483602212e-01,-1.672571790881656750e-01,1.830478975984851930e-01,2.328980063523758415e-02,-1.325412792087571623e-01,-1.010170466874665413e-01,-6.481237446347870579e-02,-1.920215323856125089e-01,-2.633448206793995161e-01,1.831334634170282971e-01,3.935875605483090678e-01,1.027519389349816452e-02,6.923143487877886360e-02
1.218155875097370611e-01,5.534018038368056919e-02,4.543663630000078779e-01,1.403210722780577902e-01,7.221102075680411181e-01,-3.324880859024877122e-02,4.472013292089355163e-01,1.478147948337033279e-01,7.615941559557648510e-01,1.333982347967505311e-01,5.710308451231287385e-01,2.279141220387972677e-01,1.488747502712596260e-01,1.361181716496587257e-01,5.895727869030017443e-01,-1.055219652460819973e-01,1.138987222229823938e-02,-7.400234241318930095e-02,3.862767205413807914e-01,6.263027574319719459e-01,-1.230844655746267668e-01,4.326417931484021762e-01,-1.535312542709236366e-02,7.767598539104862698e-02,-1.529151531070273295e-01,6.001517981933230522e-02,6.310515523915305458e-01,3.203393370912682170e-01,2.726933923287688244e-01,-2.482402239851677281e-02,8.072997588630014681e-03,3.944828797196351378e-01,3.958789451386138802e-01,-4.909512714155993274e-02,1.348676625835714717e-02,5.201045899346242729e-01,1.168329009954738734e-01,7.204458767118532281e-01,-3.062995505551340814e-01,4.515511062412995158e-01,1.554569053022410441e-01,9.564588542118046544e-01,-1.788196353464530652e-01,5.937103565223037505e-01,1.002012007437986379e-01,-6.905221822374250917e-02,1.496758495044737680e-01,5.132381880818489561e-01,-3.066803902648654878e-01,-2.608749292624689131e-01,-3.173934023394264781e-01,4.134569531669282649e-01,6.047954092370558810e-01,-2.535513362196690768e-01,5.133297938906792313e-01,1.605642492473235289e-02,-1.830716484389819931e-01,-4.873770662207050353e-01,-2.793769991270544373e-01,6.313776777406648888e-01,3.054302710666743081e-01,1.502224463242083363e-01,-7.165226499619811729e-02,4.038194351565020657e-02,2.256474319797017736e-01,3.141425549061106492e-01,-5.174288558403694616e-01,-2.176964641668804323e-01,-5.335728840766541525e-01,-3.091835339130226123e-01,-2.555041927868101914e-01,1.614824374803992268e-01,-3.182042163270334956e-01,-1.201536156960799767e-01,-4.603206620778501623e-01,-3.888540619592716352e-01,-3.593847827778862136e-01,-2.857586156952743317e-01,-5.880726061643630764e-01,-3.576252549395455005e-01,-8.078558426857375407e-02,3.312435007702951156e-02,-1.424358916532547370e-01,-1.790389155998554360e-01
1.357863387907286834e-01,2.030061931221989746e-01,1.544424493046796798e-01,4.234086419275565061e-01,1.927561336855840857e-01,2.277018329029631138e-01,5.300208918024661431e-01,3.669107261747193149e-01,1.333982347967505033e-01,7.615941559557648510e-01,1.781261156725339190e-01,5.676063494819225674e-01,4.307591100226912384e-01,2.182439273099228694e-01,1.111972981127863913e-01,4.537572382866162379e-01,6.685080468827923061e-01,5.948095473640555575e-01,5.222123019513921771e-02,1.624595097124674481e-01,1.681129374803085330e-01,1.577928280064316846e-01,7.701646464363334776e-02,6.660597342282257305e-01,5.368292705215382821e-01,6.598037021027572946e-01,7.419579590203631558e-02,2.066927112444165160e-01,1.820822810323780017e-01,2.617474676785331300e-01,1.480662742889268524e-01,1.275565636679655002e-01,2.610457402901675272e-01,-5.494481520244116901e-02,2.165712243863658626e-01,9.347824206702970429e-02,2.720572055949643797e-01,3.092588827418064068e-01,-2.306224844670978422e-02,3.501437128824992917e-01,1.494404020444809467e-01,2.085014937578487937e-01,5.929989636080852389e-01,1.588902584721715305e-01,5.328845875404533139e-01,1.116190537865068555e-01,6.913618149496932042e-02,1.088632132677464816e-02,-1.076126707614098593e-01,3.189870518234636521e-01,2.523654298172670063e-01,8.756935786422469226e-02,2.144309154502997139e-01,-4.753330033148626954e-02,1.108658604207169857e-01,-4.679533084384920189e-02,5.807639350388473787e-01,2.145874605058938900e-01,3.375107476579281007e-01,2.377680555568769533e-02,3.331477019732551614e-01,-2.361455116759564321e-02,3.228351582172073742e-01,3.670448295791219062e-02,2.261751625748868299e-03,1.929556132782658529e-01,-2.226340790751716800e-02,-4.733014612320481929e-01,8.395737823393811805e-02,9.193556892250559498e-02,1.786484096990795523e-01,3.042937796512826254e-01,-2.437668686546240748e-01,3.507879723354756507e-01,1.520338591681557883e-01,-2.731686444968776106e-01,2.534087186416512094e-01,-5.200067763233680029e-01,8.855170512184087905e-02,-2.620953936784395366e-02,3.648028764137039581e-01,3.165410859711216274e-01,-5.948883759850962655e-02,2.309308654300070152e-01
3.789786327580056402e-01,2.558360198856887147e-01,9.453291181060570203e-01,4.686525412088325682e-02,6.720376609255980238e-01,-5.832035372446780358e-02,3.486363695288377529e-01,4.647392027101628353e-01,5.710308451231288496e-01,1.781261156725339467e-01,7.615941559557648510e-01,1.876113993969773241e-01,1.877092723980615108e-01,5.931258595754086427e-01,6.450866776430286276e-01,1.844981507764843209e-01,4.302970525931910928e-02,1.639468813786109369e-01,9.202156757145765198e-01,4.575232655696016559e-01,-2.413328428781010282e-01,5.258171765989222424e-01,3.050541014447574195e-01,-6.096153627870194713e-02,-2.331448735436214281e-01,3.217515855381611334e-01,4.540194809370047269e-01,6.364325790311134989e-01,2.915143512289035677e-01,1.886129243308005687e-01,-4.956861985133367843e-02,6.911712292136813485e-01,4.448356450044612109e-01,1.813570171922864183e-01,1.205023486016212619e-01,9.293699375829204135e-01,2.911870033232219143e-02,6.101457674077656046e-01,-2.579373834347079009e-01,1.182705631711519767e-01,5.009301306870757031e-01,5.156913119973113302e-01,-6.277976421444084187e-02,9.602368175908115866e-01,1.104512975638293620e-01,-9.913661097630202534e-02,6.210878475668963894e-01,5.685913900074229810e-01,-2.693482223448642188e-01,-1.442693789659746373e-01,-1.363494436227012108e-01,9.222110630657693875e-01,4.627564876011575068e-01,-4.143124485955557712e-01,4.955407437354573119e-01,3.639838168905347171e-01,-2.842795298967332185e-01,-4.991807326124581556e-01,-7.857472063024084630e-02,4.397503227973859063e-01,5.023910331900260928e-01,-3.917141452741521729e-02,7.319569315551006927e-02,-8.994428576733574932e-02,6.238800032220389591e-01,3.039531638143765924e-01,-4.591088511095447466e-01,-1.404124790669887268e-01,-5.886630979287399423e-01,-2.741855108549876574e-01,-1.956351481069259490e-01,2.890370771400976313e-01,-1.280391401936048223e-01,-2.246492609032804399e-01,-1.943974997003647398e-01,-2.955310299665269702e-01,-2.275180746373893503e-01,-3.053571913733318932e-01,-4.569246074902014731e-01,-2.759597849814571791e-01,1.104756622929942561e-01,3.654738319693651150e-02,2.021387293538751823e-03,-2.717547026633312934e-01
-7.545622525047036844e-02,1.742399479407024110e-01,1.098084809189914940e-01,1.893368139059941058e-01,2.564659508742334060e-01,3.042978700896040167e-01,1.515259378116124711e-01,5.717883054959551625e-01,2.279141220387972955e-01,5.676063494819225674e-01,1.876113993969773241e-01,7.615941559557648510e-01,1.608723049527837068e-01,3.839634706044733892e-01,3.483622180244045907e-01,-1.773020643068726476e-01,1.888738149955280499e-01,5.594500615003028619e-04,1.328253354019992560e-01,4.743559722544443691e-01,1.471112365790757381e-01,3.265636114554746894e-01,3.761610314504734154e-01,7.622943927710985612e-01,-1.082550334937267128e-01,5.257015255747765625e-01,3.785050809855741716e-01,4.689732727475603991e-01,1.858281047696932198e-01,1.922944929829669206e-02,1.292456824126044235e-01,5.007685497193378188e-01,4.566892339969840786e-01,-1.439479436320953432e-01,1.125396665750323100e-01,1.110648541744519852e-01,2.861196612417746810e-01,4.013057299877476614e-01,1.276080744339606332e-01,2.348844367253732912e-01,4.943697601681587561e-01,2.320531162349464549e-01,4.468526301957041480e-01,2.208285185833933351e-01,8.430992421974563555e-01,1.650851581266070123e-01,2.677401533485800900e-01,2.372129307153466315e-01,-2.526611460339667770e-01,-7.367819827146820932e-02,-1.229781511894560836e-01,8.330969914106536867e-02,5.585106292862089816e-01,-2.043185954845383803e-02,4.255128643324025406e-01,2.655560818406140222e-01,5.174829045082258716e-01,-1.923068650465239726e-01,1.003498018609591952e-01,3.828465790411797465e-01,4.965450334651534958e-01,1.746795012089719934e-01,2.131603359605556414e-01,1.375938578750988128e-01,4.531694005363057776e-01,4.629176030810098208e-01,-1.612150005448959034e-01,-6.810054564130517407e-02,-2.103656267733277144e-03,5.517547946158224415e-02,1.927335713549620799e-01,5.495005552987941577e-01,2.159224483822994381e-02,3.598317533338503682e-01,1.438863787174534947e-01,-9.211462400706452169e-02,-7.331959466534815340e-02,-2.126911867459733985e-01,-1.215860191656508854e-01,-1.188373569696047488e-01,1.675817084848644500e-01,5.906625113783966485e-01,1.441580737444113913e-01,2.057100135338231772e-01
5.436258936124037655e-01,4.790844535638313917e-02,1.600257602374054455e-01,3.255495826945905558e-01,3.393069710133868044e-01,5.340139858583918819e-01,6.021759063507763354e-01,2.222282024230971820e-01,1.488747502712596260e-01,4.307591100226911829e-01,1.877092723980614275e-01,1.608723049527837068e-01,7.615941559557648510e-01,-3.612566988211508845e-02,1.528414982313652248e-01,3.019246432772492161e-01,6.315935082024256575e-01,3.439164612213421734e-01,9.988486698424002552e-02,3.555069818998290443e-01,2.953562157445328018e-01,2.771134949577777618e-01,2.286773515995679448e-02,5.604349135206891652e-02,2.160555205825075431e-01,5.403721659687763523e-01,2.269520179419760308e-01,5.408490281800991673e-01,6.685424549892449164e-01,2.400430458763002650e-01,2.922570621315508932e-01,3.874631339614912351e-01,3.736391951134206413e-01,2.269965632168188252e-01,8.841672763640451294e-02,1.350426291903628062e-01,2.190406245545701847e-01,3.286071848209740076e-01,2.171086413690251626e-01,3.899319116539258778e-01,1.817069755362196726e-02,2.475378831135930935e-01,2.482494365198145425e-01,1.784953133487232890e-01,2.330170850742397382e-01,6.237265172595817253e-01,6.371856555049893595e-03,1.251236823852415747e-01,5.026427466691793522e-02,2.840630787479136443e-01,9.360582728075557413e-02,1.870035075694408966e-01,3.042965688153469461e-01,4.692723571550470180e-02,2.819690901569818497e-01,-1.922371861692073053e-02,2.205739108577460528e-02,5.920281353594677998e-02,3.157763051881155025e-01,1.986912446902925344e-01,5.222103714310077915e-01,4.860561102729196725e-01,1.855196627922955921e-01,-2.140668047849577250e-03,3.479091752994231679e-01,4.047451727258578047e-01,-2.379287008565046657e-01,-2.347024846438570123e-01,-3.568977313293155151e-01,2.389447844968208001e-01,-1.032995198883496640e-01,1.883004023121145898e-01,2.399650731090919448e-02,5.101341330510097971e-02,-2.144980128771215022e-01,-2.563131951503963557e-01,1.452452387945058626e-02,-3.135490033853423064e-01,-1.407062347184221685e-01,2.308211762226001218e-01,1.099793739652818181e-01,1.495831670960477144e-01,4.186615205879141294e-02,8.152988226727564403e-02
-1.254613176645012242e-02,4.076175803443736756e-01,5.830823285502733100e-01,2.617200216663263523e-01,3.981607484699125066e-01,3.280090716133094442e-01,-3.934559523702219758e-02,6.457270394412515380e-01,1.361181716496587535e-01,2.182439273099228139e-01,5.931258595754086427e-01,3.839634706044733892e-01,-3.612566988211497743e-02,7.615941559557648510e-01,4.856239239998272894e-01,-5.388480785692444791e-02,1.111294293476103728e-01,-7.048393371900665665e-03,5.824210780003444832e-01,5.307944518849077031e-01,1.978164636220330619e-01,4.706949908684197603e-01,5.799459194422581509e-01,1.706480949513436429e-01,-1.402852786636129834e-01,3.215222335831443012e-01,2.869128543739146719e-01,4.443608056370432768e-01,2.480131676158637555e-01,-1.302174408146552498e-01,-7.081143710471164698e-02,6.373156047121754098e-01,5.646354801804428503e-01,2.869025249825876440e-03,3.893358251020994643e-01,5.485880121788642150e-01,4.245032376326612900e-01,3.618758016352452422e-01,2.617934248297123512e-01,7.658110511172833970e-04,7.080734372572703439e-01,1.118318512088344457e-01,1.573820193662318623e-01,5.745729101631513736e-01,5.075421192803573067e-01,6.673195826825364940e-02,8.103515058712622565e-01,3.923024486619405837e-01,-8.399707265564217151e-02,-1.797076830131083200e-02,3.281945479536380744e-02,5.544525148912655688e-01,5.441020580627460301e-01,1.032096793964659134e-03,5.132708152285100356e-01,6.092891755108057472e-01,3.298503728214220720e-02,-1.196834381379051071e-01,1.981781987885149199e-01,3.572827199237104123e-01,5.276445560994265094e-01,2.102549861600915282e-01,1.776800109401348859e-01,1.707667672684446969e-01,6.618762259503135903e-01,5.160137215171017866e-01,-2.394478944588643021e-01,-6.613301891443428004e-02,-2.040308345474806384e-01,1.944087724678732199e-02,1.307931574343548509e-01,5.657189534289063237e-01,1.232370716356881307e-01,-1.327401228045220483e-02,1.207442361567198121e-02,-7.044030091989217368e-02,-2.326683664955898623e-01,-9.595383073037783150e-02,-1.722581171036415282e-01,-6.010839719371230405e-02,3.141238527699433125e-01,5.672805623764953786e-01,2.294158333384059834e-01,-6.251901241665179521e-02
3.354869365365121814e-01,1.971820514975123062e-01,6.801435933493975572e-01,2.024423652303741425e-02,6.162783857764986273e-01,5.136277384591333289e-02,3.131013466660074740e-01,3.597316963115236854e-01,5.895727869030017443e-01,1.111972981127864329e-01,6.450866776430286276e-01,3.483622180244045352e-01,1.528414982313652248e-01,4.856239239998272339e-01,7.615941559557648510e-01,4.983957897426080641e-02,-2.554677887399130903e-02,-1.157016614330960286e-01,5.617221573467999773e-01,7.457787212029515223e-01,1.191777537813587390e-01,6.917981723517335757e-01,3.280071063267684384e-01,6.803080757010951385e-02,-1.839542182753045874e-01,2.690233600861945407e-01,6.362243184067780666e-01,6.289491429529168176e-01,4.433502806973261823e-01,-3.114094322989487129e-02,-1.974869482924454522e-01,7.699119602505539728e-01,5.280164031689419391e-01,1.725335275929653078e-01,1.931098807962603470e-01,6.910538383931319473e-01,6.490141995701920186e-02,6.323647286592237737e-01,-9.334501520234929350e-02,3.189771342078030480e-01,3.353063369456826259e-01,5.310964343507141860e-01,1.611714220378538190e-02,6.803199063273188685e-01,2.749347288332228967e-01,1.038844247119885683e-01,5.268547135935922610e-01,9.057796712855259447e-01,-2.156527922436497213e-01,-1.975252194836458752e-01,-1.354943887189773710e-01,5.497661428199333011e-01,6.519533933317972485e-01,1.472564000856674965e-02,7.154947514247476104e-01,3.562515348940570870e-01,-1.372770351346269679e-01,-3.777484575139384293e-01,-4.888915827951861859e-02,5.022530548558127306e-01,5.814339406208292038e-01,1.412899620262405009e-01,-8.417483316948298766e-02,-8.185070444847550308e-02,6.326283864699489001e-01,4.461286704942996617e-01,-2.159620573543961364e-01,-1.062001839518458418e-01,-4.017613808318293289e-01,-1.930676805736277757e-01,-1.457840767985354447e-01,4.264576330287447870e-01,-2.424064918073930708e-01,-1.262259335700132989e-01,-2.917532863991760261e-01,-3.740919817128465219e-01,5.838624853102906270e-02,-1.145127801017980784e-01,-3.306782591944606442e-01,-2.641083542769989689e-01,-1.273568800211956620e-01,3.309133618072335192e-01,1.652808413187128178e-01,-2.618302700674523531e-01
5.967016943682047492e-01,3.864161374701102214e-01,1.092847404296162922e-01,6.970396815725618533e-02,4.482112333776341884e-02,-2.120507103482789091e-01,1.154875625586780502e-01,-1.866233202499996413e-01,-1.055219652460819973e-01,4.537572382866162379e-01,1.844981507764843209e-01,-1.773020643068727031e-01,3.019246432772492161e-01,-5.388480785692443403e-02,4.983957897426080641e-02,7.615941559557648510e-01,4.165730103729903266e-01,8.510470460670740422e-01,1.368217191495432472e-01,-2.295635120699275888e-01,-7.289044095324678785e-02,1.174928259635136391e-01,-2.440466706396566265e-01,-2.998276824796210910e-02,5.036257811239949200e-01,4.302769646228278289e-01,-2.413179277771325681e-01,2.166319367708693100e-01,2.822289268838259479e-01,4.167814569697169125e-01,6.868520887346966919e-02,7.855136025590442328e-02,1.913441571720004841e-01,4.348609747753903743e-01,2.395036101381162463e-01,1.447723084623712686e-01,-2.713028961472665479e-01,-5.069344573561720274e-02,-3.505177827509423083e-01,-2.277691417423572950e-01,-3.510095945464205558e-01,-5.634048111067293391e-02,3.109531968031892246e-01,1.377803984335838894e-01,-1.805647996984508785e-01,-8.859718809542738160e-02,7.784153744935864115e-03,8.017153324626508093e-02,3.697239067343215946e-01,4.533994945288778999e-01,5.311342682295446815e-01,2.238893365934209179e-01,-3.259230941002536630e-01,-1.344568211908773736e-01,-1.194996435986673267e-01,-3.072032816576562575e-01,8.261700837701187183e-02,3.090259811566971604e-01,4.113572650465328051e-01,-3.358767583605436480e-01,1.294376989458905225e-01,3.868768679364366359e-02,8.762360334192363653e-02,-4.011258875444939642e-01,7.446882962872774722e-03,4.784782522550670714e-02,5.573693005505722838e-03,-3.612708693721312647e-01,-4.974419710336536876e-02,2.260563600275238560e-01,1.553808789573351071e-02,1.760851528674500094e-02,-1.337201985600087184e-01,6.102291561310270451e-02,2.887928523385874802e-01,-1.923179914938142887e-01,2.874483558173330788e-01,-3.556578779899880471e-01,2.242537864349532506e-01,2.424711149120032105e-01,1.635004408070110660e-01,-2.468231822013798593e-02,-1.934504034216886770e-01,1.315094534870200338e-01
1.036522148797350551e-01,-6.184241741000458259e-02,1.096267611215839821e-02,2.266547197518808954e-01,1.230779616161993689e-01,4.406391244902895798e-01,4.191225929764678670e-01,8.457919164522088862e-02,1.138987222229828102e-02,6.685080468827924172e-01,4.302970525931914397e-02,1.888738149955280499e-01,6.315935082024256575e-01,1.111294293476103590e-01,-2.554677887399128128e-02,4.165730103729902711e-01,7.615941559557648510e-01,6.904555977484857499e-01,8.326022639503047329e-02,7.045733022106806520e-02,1.897527416893297902e-01,-2.532912376099285059e-02,-1.232761288445846370e-01,2.045397131289666270e-01,5.136429138179399168e-01,5.166585628669865260e-01,-1.120704977982378975e-01,-2.945462565347211834e-02,2.469235970871632990e-01,3.394466427215589999e-01,9.450655703498997418e-02,-2.633298967722838210e-02,2.223540704254584610e-01,-1.866912323574989319e-01,1.207478129501488862e-01,-5.288275118523647761e-02,6.749211041212764550e-02,1.085341534421719045e-01,1.498271934692808616e-01,1.447756224500064692e-01,-1.269980796922070831e-01,6.634404801047387445e-02,5.187572567426738113e-01,-3.675129789308136108e-02,1.559315642811086033e-01,2.189420779246319115e-01,-9.450770838318691205e-03,-9.486766249926903427e-02,1.619259912402888357e-01,7.241783751036571237e-01,3.167993417483999097e-01,1.159817448341991103e-01,7.281355055113633568e-02,1.540674743047963299e-02,-7.423173133818149194e-02,-2.033076703019866538e-01,1.983917402792117202e-01,4.416467553906150423e-01,3.857330816895701009e-01,-1.326732930164608859e-01,7.284505026361912106e-02,1.204622748601569121e-01,3.913412005374176661e-01,-1.031795002246227583e-01,3.223499469261191519e-02,2.303869401181583010e-01,2.149245870661968538e-01,-2.495232486823775742e-01,-8.697671886061547619e-03,1.048161292674485712e-01,6.162794548565407593e-02,1.997063029206434803e-01,1.776909582700541279e-01,1.940759470398209785e-01,1.130942890439385201e-01,-1.338856155125431602e-01,3.156847646844853639e-01,-3.047250446836730631e-01,6.681610696142212258e-02,9.298499442153923544e-02,1.754487803437481674e-01,1.324104222021952604e-01,2.444184722306401783e-02,-2.159485346349779289e-02
5.682015166026310737e-01,2.558863477491707394e-01,9.758801343407166873e-02,1.248121323358218349e-01,-5.216847977284460106e-03,-1.476161070370675954e-01,1.826235942788170530e-01,-8.098578957975309522e-02,-7.400234241318928707e-02,5.948095473640556685e-01,1.639468813786109924e-01,5.594500615002473507e-04,3.439164612213420624e-01,-7.048393371900700359e-03,-1.157016614330960286e-01,8.510470460670739312e-01,6.904555977484856388e-01,7.615941559557648510e-01,7.711227204058009044e-02,-1.993159798682187234e-01,5.414170383750762511e-02,2.591217029168181585e-02,-2.905556199999339562e-01,1.445591583745353959e-01,5.128910354060886023e-01,4.453516109423178992e-01,-3.016846737495260111e-01,2.264152467787248768e-01,2.611517204739388087e-01,4.673436858798777904e-01,2.074997140961350739e-01,-3.921206250548362610e-02,1.613523836549262125e-01,3.220731335580223065e-01,2.815314032375546005e-01,1.237320972597468483e-01,-2.747590574448480205e-01,-9.979578040340499057e-02,-3.209088251983579498e-01,-2.134109228242676570e-01,-3.156140239769769096e-01,2.504177615660829943e-04,5.017878531020467658e-01,9.675897369453577423e-02,1.593742156969102375e-02,-3.922149485645125971e-02,4.270491342639819166e-02,-1.144836465888179750e-01,4.091786665914645127e-01,6.025238438328492929e-01,5.183999237258769544e-01,1.454798885112981444e-01,-2.750225928186084134e-01,-1.070597878695908611e-01,-1.915762669535623075e-01,-3.290511126597418512e-01,2.433720620919778699e-01,3.609181331169994400e-01,4.161910032996257169e-01,-3.217905222981577440e-01,1.619558666900805521e-01,4.241289312912428083e-02,2.412417010851800603e-01,-3.124840612715657495e-01,-9.234666174073510869e-02,5.298539085762458273e-02,1.648032391694951027e-01,-3.762150887477753169e-01,3.274017874033773728e-02,3.625374551949313018e-01,6.286992306173792844e-02,6.999242288365337822e-03,-1.412379230832513585e-02,1.985053898832155328e-01,3.496111885860159196e-01,-7.155430437777852981e-02,3.528103370435751729e-01,-3.816294227291864849e-01,3.057431685572082336e-01,3.580927736411809725e-01,2.146529733212842461e-01,-8.099061073186303653e-03,-8.443433047954430892e-02,1.918620396590915156e-01
3.075801405150744849e-01,4.097546959586032683e-03,9.599971636251306562e-01,2.877640740147078408e-02,3.847086174328202546e-01,-6.180808236757671242e-02,1.668636904612809113e-01,4.633063114146667161e-01,3.862767205413809024e-01,5.222123019513918302e-02,9.202156757145765198e-01,1.328253354019993671e-01,9.988486698423999777e-02,5.824210780003443721e-01,5.617221573467999773e-01,1.368217191495431362e-01,8.326022639503050105e-02,7.711227204058020146e-02,7.615941559557648510e-01,2.845187098850966989e-01,-4.482151068425103135e-01,3.091859105112473305e-01,2.357941585367904491e-01,-2.399343908283921301e-01,-2.273980391232817699e-01,2.250249077230378481e-01,1.564328453181868528e-01,4.842552395334520088e-01,-2.388601954731685295e-02,2.095046532648170978e-01,-3.517531891372021463e-02,5.186804014913258820e-01,1.414236542392954821e-01,-1.624101618677818021e-02,-1.459185528492230322e-01,9.039185468348814867e-01,-1.019670179545773825e-01,3.118365074751420218e-01,-4.562958733098655961e-01,-2.022848768371303674e-01,4.141376337796766061e-01,3.035214291537274844e-01,-1.480734120575629975e-01,8.630230857441508752e-01,7.729568056671830278e-02,-3.027673296967067218e-01,5.875459938311062835e-01,4.253937794152288232e-01,-4.114580116022855116e-01,-1.701798251037316134e-01,-3.038110695738451827e-01,9.727004221499001568e-01,3.704222358202153287e-01,-6.325522659392481817e-01,3.208142540832216727e-01,2.046697492806998642e-01,-4.436869433887356551e-01,-6.418556551415838252e-01,-3.011605325638357922e-01,1.453101538838959539e-01,2.828587481009396942e-01,-3.663090239878725729e-01,1.737246162096340793e-02,-1.545727876821385849e-01,5.416608395761458583e-01,-2.872865914125233289e-02,-4.166577332344179596e-01,-2.160235875671319972e-01,-6.170469627024925963e-01,-4.641343504552196131e-01,-1.051567069781690483e-01,2.142428020840740077e-01,-1.017555681181071814e-01,-2.142720784144557522e-01,-8.065109398727755841e-02,-2.132939993717236915e-01,-6.550497987429636237e-02,-3.792900345029001086e-01,-4.832599647355220185e-01,-4.984010023828227554e-01,5.762031595475956836e-02,3.229314009739780306e-02,-8.676870183916993162e-02,-3.685985181360896257e-01
3.233659695452461014e-01,-6.816153794052523529e-02,4.771337087583123471e-01,8.403412260021519975e-02,6.183619188131688205e-01,2.024584611669071610e-01,4.353411912136342932e-01,3.044619232781176077e-01,6.263027574319719459e-01,1.624595097124674481e-01,4.575232655696016559e-01,4.743559722544443691e-01,3.555069818998290443e-01,5.307944518849077031e-01,7.457787212029515223e-01,-2.295635120699275611e-01,7.045733022106800969e-02,-1.993159798682187789e-01,2.845187098850967544e-01,7.615941559557648510e-01,-1.941429507528032450e-01,7.634963575306941141e-01,1.982721944013136062e-01,1.299107432253419903e-01,-3.692809313804237270e-01,1.506590647146574258e-01,6.886318792551346935e-01,7.090314138838617053e-01,5.140478681275839623e-01,-1.027487209744278873e-01,5.634926180440428395e-02,8.488388402279756217e-01,5.476812714044809738e-01,1.090071601148411423e-01,-1.948429561622171471e-02,5.567413108904947228e-01,1.860658911388684278e-01,6.893056148617252576e-01,1.542000435260503823e-02,4.983979801040711588e-01,3.571505043823314240e-01,5.843220633904129269e-01,4.205303670891578915e-02,5.715808326940051698e-01,3.603251127480373017e-01,2.059685433408288968e-01,4.830116338959736799e-01,6.882656869723848825e-01,-4.870438422570360637e-01,-2.158599527975056942e-01,-2.807999702810776710e-01,3.503313617173088867e-01,9.516481206968677720e-01,-3.068207881172817508e-01,8.523881828723055554e-01,2.950881197719632532e-01,-1.700794229135756952e-01,-5.675403748340202004e-01,-2.905656286777399955e-01,6.383608191152675415e-01,7.081201874483945558e-01,2.029721583722063072e-01,-1.911554386995221178e-01,1.700318386051591080e-01,6.967899448966335951e-01,5.719769746074604422e-01,-3.185071897790281437e-01,-1.310766605500978399e-01,-4.453702682497280851e-01,-2.331191348881482273e-01,-3.297521940291344711e-01,4.994920345902049141e-01,-1.674972977488297932e-01,-1.025484072091446680e-01,-3.604428524005585666e-01,-4.637640458801137733e-01,-1.733903709019265008e-02,-2.820595879511598181e-01,-4.422869137757831637e-01,-3.487810177124164857e-01,-1.041591996436459916e-01,2.818198468932029965e-01,1.001366250707860922e-01,-2.605772970546694212e-01
-1.054738255734468874e-02,2.359637274098215498e-01,-1.978501163191557499e-01,1.382934613141942326e-01,-2.089432426461331968e-02,3.167182285455302226e-01,2.111536174872281624e-01,3.978410668246400994e-01,-1.230844655746268224e-01,1.681129374803086163e-01,-2.413328428781010560e-01,1.471112365790757381e-01,2.953562157445329128e-01,1.978164636220330341e-01,1.191777537813586696e-01,-7.289044095324674621e-02,1.897527416893297625e-01,5.414170383750763899e-02,-4.482151068425103135e-01,-1.941429507528032450e-01,7.615941559557648510e-01,-2.448958867933176686e-01,3.609648482232664657e-01,3.643059118629670690e-01,-1.504073726419210277e-01,1.982070110792104323e-02,-2.309518313308356607e-01,1.982025444964626709e-02,4.911015411947310810e-02,-4.019635592058306423e-02,2.363822363988410391e-01,3.768782077427212246e-02,2.765700512015528134e-01,-2.067707062951044603e-02,3.350180845394520324e-01,-1.794459090567446513e-01,2.108234147383069579e-01,-4.301834310526744809e-02,2.931941994343664759e-01,9.830005518253903674e-02,2.507097747688656897e-01,-1.135243197850943214e-01,-4.049712956521071133e-02,-1.598080400553134328e-01,3.311323322573135330e-01,2.278315358617645503e-01,7.057721888558272927e-02,2.013859993749497201e-01,-2.271886624717673053e-01,-1.243337163222644204e-01,-1.993857523746971339e-01,-3.965039899480235497e-01,-1.777490287225274579e-01,7.576742203607286230e-01,-1.996304365180476825e-01,3.520078476962436587e-01,4.655388893181108823e-01,-5.323024778231076615e-02,8.584464436368431650e-02,-2.150234487913320891e-01,7.965858575782359952e-02,1.233664289454948909e-01,9.144816457238137686e-02,-1.013478251198255374e-02,4.550562956371378975e-02,2.151045028826394367e-01,-1.577271004576438485e-01,-1.007553666092389083e-01,1.075251620191949170e-02,-1.098526728558460799e-02,-1.099058533785935571e-01,1.527118195256271516e-01,-3.272077471295546380e-01,4.122300569253714020e-01,1.056083485905764258e-01,-3.079417611620929307e-01,-5.970316880931018921e-02,-2.449966298276418375e-01,-1.634327020793513718e-01,-1.568410114016419443e-01,-5.749928528171912440e-02,1.024130759851006739e-01,-2.127414850224778609e-01,2.441198279027663454e-01
5.156957840649618596e-01,1.283232677712291547e-01,5.563432462674215984e-01,3.498076364162221175e-02,5.680658869598218530e-01,2.825881915397664840e-02,3.374229163138692256e-01,1.927537552684424060e-01,4.326417931484022872e-01,1.577928280064316291e-01,5.258171765989222424e-01,3.265636114554746894e-01,2.771134949577777618e-01,4.706949908684197603e-01,6.917981723517335757e-01,1.174928259635137501e-01,-2.532912376099290611e-02,2.591217029168180197e-02,3.091859105112475525e-01,7.634963575306942252e-01,-2.448958867933176964e-01,7.615941559557648510e-01,1.406201946182666085e-01,1.536052134858818807e-02,-2.464404324344366404e-01,3.189234798990377984e-01,5.879523435705156231e-01,7.399490622586726296e-01,5.827455526874821823e-01,-1.757952095247021160e-02,-6.415336902500783089e-02,8.313116853561610675e-01,5.222107079968409948e-01,2.321258082219450347e-01,1.118894270599870289e-01,6.185042461630988475e-01,7.332805315141618929e-02,5.610017148690523703e-01,-2.218129015996838094e-01,2.795725948300845087e-01,1.868105163199220708e-01,4.033371928594922107e-01,5.311630016120548817e-03,5.503744413962892157e-01,1.237609036533992291e-01,-3.021941822922822804e-02,5.111683777194682143e-01,6.857551771181275013e-01,-2.545316446562533308e-01,-2.355346422957500796e-01,-1.715584172991047318e-01,4.235323997174275656e-01,6.296515099019832640e-01,-3.582871178427388670e-01,8.743639600230228570e-01,1.959949904622980965e-01,-2.273231677468397494e-01,-4.902296112252924054e-01,-1.368115413314860140e-01,4.537927421986351351e-01,6.340790532163195214e-01,1.657678428090373912e-01,-2.118182334726617655e-01,-9.253489826224926829e-02,6.942420259325008391e-01,5.248717653261673055e-01,-2.748574252985601651e-01,-2.482713272683010897e-01,-4.264911598180839425e-01,-8.168087196099714509e-02,-2.702302509249420170e-01,5.234902839332854496e-01,-6.487646944912975333e-02,-2.380470405901545516e-01,-9.172176500941235655e-02,-4.208406711378704923e-01,1.315435576488226121e-01,-3.920077439005572040e-01,-3.422256666797630631e-01,-9.993139417683036263e-02,-1.020684980136317074e-02,2.731641150397733919e-01,1.169399464461219340e-01,-2.629736810958946402e-01
1.259669586337192060e-01,1.670403058405739438e-01,4.298868181427340507e-01,-6.357574897940036773e-02,1.511946685809164581e-01,4.433626474005686879e-01,9.755890020870115753e-02,8.236637010902674305e-01,-1.535312542709241918e-02,7.701646464363337552e-02,3.050541014447574750e-01,3.761610314504733044e-01,2.286773515995682224e-02,5.799459194422582620e-01,3.280071063267682718e-01,-2.440466706396566821e-01,-1.232761288445846232e-01,-2.905556199999339562e-01,2.357941585367905324e-01,1.982721944013135507e-01,3.609648482232663547e-01,1.406201946182666085e-01,7.615941559557648510e-01,2.803630015812686449e-01,-2.872559743846412328e-01,2.447919726913534155e-01,3.212978482124848045e-01,4.700159095431479250e-01,2.222303464666550710e-01,-1.483600840961097345e-01,2.236368076355606804e-01,5.429539106327062603e-01,2.687908521960703512e-01,4.874189518835150836e-02,6.976773116605969327e-02,4.001001795210792911e-01,1.582876249160587723e-01,1.460265426368847486e-01,1.279545709103884488e-01,-9.606321476229179313e-02,6.750272917124476857e-01,-1.001010778222427011e-01,-2.453478002119728885e-01,3.302434506434690498e-01,3.577833283079713267e-01,-1.348988211372481316e-01,4.656100007303945465e-01,3.200926475926806347e-01,-4.986210430846843011e-01,-5.151751419965868717e-01,-5.100667757582626471e-01,1.781773806103491287e-01,3.221418143473335771e-01,1.762909825569962050e-02,2.052707811764844237e-01,7.957426129260291026e-01,-2.022729343193391954e-02,-5.599897817835713942e-01,-2.997258300408293663e-01,2.997663214956113320e-01,3.065885937891711932e-01,-6.143598188003328298e-02,-1.503092369200997869e-01,1.718267167947884477e-01,5.235911938470622085e-01,2.401428809040031809e-01,-3.892958054898235098e-01,1.704056369326730214e-01,-2.682814539169756651e-01,-9.756290753757400347e-02,4.260765180558739873e-02,3.465663703293436759e-01,-2.476996328517254153e-01,1.680443956270215866e-01,-4.362795914376897677e-02,-1.175591514878244759e-01,-5.041742636012741530e-02,-9.241354069351725986e-02,-2.529754806534170730e-01,-2.291657298970395107e-01,1.254376580137192831e-01,1.775256938861956013e-01,4.540081627654712210e-02,2.056420102410641201e-02
-1.183607634564001754e-01,3.797553546402012703e-01,-1.065759926293594201e-01,2.605432362662387646e-01,-7.889806967375559942e-04,7.464943363570933355e-02,-4.427544362337446082e-02,4.876968688781105898e-01,7.767598539104858535e-02,6.660597342282256195e-01,-6.096153627870197489e-02,7.622943927710984502e-01,5.604349135206891652e-02,1.706480949513436152e-01,6.803080757010949997e-02,-2.998276824796205359e-02,2.045397131289667103e-01,1.445591583745353959e-01,-2.399343908283921301e-01,1.299107432253419625e-01,3.643059118629670134e-01,1.536052134858827134e-02,2.803630015812686449e-01,7.615941559557648510e-01,8.325237870594857925e-02,4.977728019274786919e-01,4.325020764559362602e-02,3.025146795105848607e-01,-3.423451523092754974e-03,1.125405321900293798e-01,3.318526482596173555e-01,2.507149520884447980e-01,4.192843246953745773e-01,3.025968169969328256e-02,4.158529685317336466e-01,-1.216795341718290430e-01,1.181105502418642317e-01,1.573351263772026221e-01,2.164486744820256006e-02,7.838635677702102122e-02,3.522052966087353965e-01,1.085216339197509622e-01,4.971449429186857172e-01,1.667555036424544362e-02,8.146043044098933983e-01,9.937994956712113692e-02,-2.629483192973624747e-02,8.064691738251794639e-02,-1.702889350881209574e-01,-8.788780579476851429e-02,6.228158955478518138e-02,-2.162281853336874282e-01,2.690708412319026133e-01,2.655818197846715467e-01,2.050736711274311341e-01,1.040868790863718335e-01,8.775757485426266546e-01,8.170131579900463334e-03,2.409088949738257823e-01,1.141231672407063552e-01,3.677820570135327816e-01,1.284150974928057465e-01,2.048486986001827048e-01,-1.061823715552520642e-02,2.999711697134057609e-01,3.676925436984923579e-01,-1.244545197982943607e-01,-1.177448768044814659e-01,6.756415572755605781e-02,5.256756561817797768e-02,2.400851140764673486e-01,2.214787041539691137e-01,-1.566715114811833010e-01,5.505592847690932157e-01,2.360800576647768267e-01,-2.178563832128291022e-01,-3.086136888406626130e-02,-2.616244249837867963e-01,-2.431427359066213809e-02,-8.351068457828808578e-02,2.105042366054803715e-01,2.960172231967023171e-01,1.981788966505131436e-02,4.286003023243700194e-01
1.148481550641523852e-01,5.466544759256371233e-02,-1.947400220198939880e-01,2.486025044683088381e-01,-2.882018943997809168e-02,8.306134818440065459e-02,1.556063144335436965e-01,-2.774161640090771486e-01,-1.529151531070273295e-01,5.368292705215382821e-01,-2.331448735436215391e-01,-1.082550334937266573e-01,2.160555205825075709e-01,-1.402852786636129556e-01,-1.839542182753045596e-01,5.036257811239950311e-01,5.136429138179398057e-01,5.128910354060884913e-01,-2.273980391232819087e-01,-3.692809313804237270e-01,-1.504073726419210000e-01,-2.464404324344366404e-01,-2.872559743846410663e-01,8.325237870594863476e-02,7.615941559557648510e-01,2.319295948618634584e-01,-3.367985351806012106e-01,-1.022726432831540938e-01,1.181418830723776903e-01,4.899760641548533413e-01,5.987045575785082674e-02,-1.444037302276963142e-01,1.071337107552009504e-01,-1.401031139449246225e-02,5.488151922791580095e-02,-1.977832055012140600e-01,-2.429753768157338900e-02,-9.737508165067478016e-02,-1.381866989182428951e-01,-3.169561192477757944e-02,-4.256017444666199689e-01,-1.030473031836908193e-01,3.613095245116136889e-01,-2.265224733707601190e-01,-8.293408726452398960e-02,-4.136987165154613205e-02,-9.270562408179518210e-02,-2.273353663694301363e-01,2.255777482960307778e-01,4.122502773989544789e-01,3.236777888561459537e-01,-1.702366964908984537e-01,-3.280953533485815310e-01,-1.346518546042260178e-01,-3.420051310382432042e-01,-3.788730557668004706e-01,1.886634246088115530e-01,5.223346356584347427e-01,2.033186175115350991e-01,-4.547795226308745664e-01,-7.718582654963879013e-03,1.170307833174678847e-02,3.609927916324578434e-01,-2.547498526712990152e-01,-7.860452715706263416e-02,-3.450730019258196196e-02,2.348079270236594074e-01,-3.485504160066800750e-01,-5.377042767591712347e-02,7.003366858350271174e-02,1.843775026819478857e-01,-7.273381240806550685e-02,-1.347183204180470995e-01,1.219342424517327605e-01,1.233045534473195398e-01,1.851874338302237494e-02,4.254175588082376724e-01,-3.902556272345041322e-01,1.826265072445801274e-02,4.971275815750901550e-02,1.156182314313763809e-01,-2.071874435273698412e-01,-2.419007577479619364e-01,-4.896347658074072517e-02
4.472475987222423455e-01,2.402581184302823858e-01,3.286636566203153809e-01,3.459545494448053593e-01,2.970396425328361567e-01,4.058340408238649832e-01,2.683441063281890027e-01,3.837365971585870450e-01,6.001517981933230522e-02,6.598037021027572946e-01,3.217515855381611889e-01,5.257015255747765625e-01,5.403721659687764634e-01,3.215222335831441902e-01,2.690233600861946517e-01,4.302769646228278289e-01,5.166585628669865260e-01,4.453516109423178437e-01,2.250249077230378203e-01,1.506590647146574258e-01,1.982070110792107792e-02,3.189234798990378539e-01,2.447919726913533878e-01,4.977728019274786919e-01,2.319295948618633751e-01,7.615941559557648510e-01,4.481032758229518131e-02,6.271153878090508504e-01,3.530436934508335844e-01,5.031535078276125894e-01,2.503173358862648135e-01,5.590207370989089819e-01,4.000252022201828406e-01,1.429783596863508643e-01,2.548020139520490446e-01,3.547232590808865327e-01,1.178673860170905002e-01,3.380085920158359403e-01,-6.096682996961271667e-02,1.628814177663873985e-01,1.850445108095587210e-01,1.324752440396425868e-01,3.459105341544214118e-01,3.077790260197935113e-01,4.908669892209948649e-01,1.825760700536713244e-01,3.177789365682560097e-01,1.933994731150729118e-01,-9.907105356161023668e-02,1.823719703211580390e-01,9.627975178129505318e-02,3.307476056046019242e-01,1.921855140799240413e-01,-3.161205482271910450e-01,3.293512647139923977e-01,4.853880565323032831e-02,2.817758513597561909e-01,-1.347022566704955127e-01,3.561493239454874282e-01,1.346003591693914481e-02,5.128630305245351906e-01,-2.764865418191108856e-02,2.319343916511272530e-01,4.902632899368239427e-02,5.638563063068762204e-01,3.177641847911820694e-01,-3.872745731495028099e-02,-2.193348337659515312e-01,-1.867151584767259842e-01,9.189736743188435530e-02,1.745796358910355617e-01,4.524470708378770523e-01,-6.339709399776263798e-02,4.767520922258121352e-02,2.075670202796233155e-01,-8.731605579851882404e-02,3.394348160470475606e-01,-3.274335787369285211e-01,-1.608989772715233935e-03,1.795079525095646944e-02,2.368536820257644560e-01,3.441248930712899057e-01,6.025931946231789099e-02,4.719795550883007507e-02
2.515653371169471186e-01,-1.905698554073725071e-01,4.555619213485357366e-01,1.877710451249467172e-01,6.339079050025495654e-01,2.496023032885687498e-01,5.398358382418554369e-01,1.948422898422297322e-01,6.310515523915307678e-01,7.419579590203632946e-02,4.540194809370047269e-01,3.785050809855742826e-01,2.269520179419760031e-01,2.869128543739147275e-01,6.362243184067780666e-01,-2.413179277771325404e-01,-1.120704977982378836e-01,-3.016846737495260111e-01,1.564328453181870193e-01,6.886318792551346935e-01,-2.309518313308357162e-01,5.879523435705155121e-01,3.212978482124845270e-01,4.325020764559363989e-02,-3.367985351806012106e-01,4.481032758229523683e-02,7.615941559557648510e-01,4.909418460455028943e-01,5.088326829492907377e-01,-7.938075159682082826e-02,2.271032734835359002e-01,6.462860607476262897e-01,3.775307198185682278e-01,9.125052812190403984e-02,-1.045637468678645293e-01,5.068468092137966563e-01,3.009984679535291918e-01,6.543277988813516188e-01,-1.185003134985841977e-01,5.322158103410482566e-01,1.352186564122612733e-01,5.619413659939077599e-01,-2.859697902516251666e-01,5.071289507163524446e-01,1.719621303306850812e-01,-1.912471116651192141e-02,3.601274767707187130e-01,5.423852132484033861e-01,-4.650418498491126762e-01,-3.960387237883283285e-01,-5.052996820725284000e-01,2.339362346078560917e-01,6.546060765283342464e-01,-4.327469544488840025e-01,6.218236561779043603e-01,2.758601535676696304e-01,-2.632494683132972635e-01,-6.474729057879629046e-01,-4.458589749140286496e-01,9.140629251041827441e-01,4.515502712721421452e-01,2.188083574906308504e-01,-2.262945253256837264e-01,2.534402402864189274e-01,4.138918109639601606e-01,2.149580091582678487e-01,-4.226606591386541378e-01,-2.743212929128814870e-01,-5.451771041196912249e-01,-3.938547283392452858e-01,-2.520853313622460345e-01,5.615074599269843647e-01,-7.468366822878594324e-02,-1.608912225428764387e-01,-3.333005056862123894e-01,-2.760202539860000526e-01,-8.826470811014337781e-02,-2.726971310360106204e-01,-5.022002971358272561e-01,-4.896153164431955029e-01,-1.444166954937098346e-01,2.758480596628820614e-01,9.328252565835161436e-02,-2.456307300295967055e-01
6.059623403508391792e-01,4.226988767305679406e-01,6.101902081781676035e-01,1.818334964530234077e-01,5.557503775136019009e-01,1.322973314455472005e-01,2.597906905627461183e-01,5.402455480629330120e-01,3.203393370912681060e-01,2.066927112444165160e-01,6.364325790311132769e-01,4.689732727475603991e-01,5.408490281800991673e-01,4.443608056370433324e-01,6.289491429529168176e-01,2.166319367708692267e-01,-2.945462565347211834e-02,2.264152467787248213e-01,4.842552395334519533e-01,7.090314138838615943e-01,1.982025444964616995e-02,7.399490622586726296e-01,4.700159095431479250e-01,3.025146795105848607e-01,-1.022726432831541216e-01,6.271153878090508504e-01,4.909418460455030608e-01,7.615941559557648510e-01,6.027324620428458068e-01,1.737293725305693592e-01,1.623117651567704267e-01,8.946353659048237317e-01,6.360929224569189522e-01,2.957318287556761072e-01,2.470141785164360060e-01,6.275871424094782158e-01,1.283523739881304027e-01,5.717387162512704846e-01,-6.943955856018799166e-02,1.365265320866173859e-01,4.889003867008245852e-01,3.549133373377944545e-01,1.898511745987710997e-01,6.618244031700664110e-01,3.745261265534209905e-01,2.076493610006996948e-01,4.908844179485737924e-01,6.478145327116650032e-01,-1.654896541815764899e-01,-1.555290322141040238e-01,-4.078959403561738771e-03,5.159350021451294399e-01,6.229050515614847905e-01,-8.128161126781985324e-02,7.145472080657760960e-01,5.024694624632661810e-01,1.732183847778022145e-01,-2.357611095663800782e-01,3.404981202875612678e-01,4.413116142897636762e-01,8.691314631091525689e-01,3.519123512866891845e-01,1.224457570639892606e-01,-2.007450906358201059e-01,7.741764581432504233e-01,6.378620933210876753e-01,-3.329636546373890837e-01,-2.385430131451460045e-01,-3.491578610308922470e-01,1.223579920825212108e-01,-1.057850819525812530e-01,5.308941791317558501e-01,9.807709239237072385e-02,2.479943973503073371e-02,-8.042161115740341371e-02,-3.853468474919120035e-01,1.588300213941239158e-02,-3.926404626495567096e-01,-2.281358728461338747e-01,1.184390122701987624e-01,8.654843332090773889e-02,4.006247742331765505e-01,2.723991050339486519e-01,8.417834316884698076e-02
5.876820156709844367e-01,9.863290776272159999e-02,3.656424944793227327e-01,2.475974220926088210e-01,4.436898136479501265e-01,4.920037138421105016e-01,5.478547598373951777e-01,1.383224701057586270e-01,2.726933923287686024e-01,1.820822810323780294e-01,2.915143512289036232e-01,1.858281047696932475e-01,6.685424549892448054e-01,2.480131676158637555e-01,4.433502806973262378e-01,2.822289268838260590e-01,2.469235970871632990e-01,2.611517204739387532e-01,-2.388601954731685295e-02,5.140478681275839623e-01,4.911015411947302484e-02,5.827455526874821823e-01,2.222303464666550155e-01,-3.423451523092754974e-03,1.181418830723779401e-01,3.530436934508334734e-01,5.088326829492907377e-01,6.027324620428456958e-01,7.615941559557648510e-01,3.793571433784541196e-03,2.567503734115785252e-01,6.435298629953808414e-01,5.576015518407904104e-01,3.713671827694104977e-01,1.267266550590763763e-01,3.619260813681212663e-01,1.970290639309299763e-01,4.587674219479572768e-01,1.917224891581957580e-01,2.831406958229135684e-01,1.976096006501188145e-03,3.309048459109097950e-01,-2.650123077046774231e-02,3.448542903653181724e-01,1.222607485874310645e-01,2.604105550939511682e-01,2.517599395377214666e-01,4.545035214216788244e-01,-2.405661305467367561e-01,2.122429913591075343e-02,-1.699393529495449584e-01,1.029613776148088494e-01,3.808402920947149828e-01,-2.051668418796873117e-01,4.368919927029173422e-01,1.675780953882561042e-01,-1.817938327692963235e-02,-2.196914253955622454e-01,4.125171850418445085e-02,2.773251181262993970e-01,6.331975264871961828e-01,4.513230079431321262e-01,-1.830827768439100001e-01,-1.245219077943543751e-01,4.603593911899340752e-01,4.513642983375107942e-01,-3.792127681324566346e-01,-1.849881131798256362e-01,-3.174845605070785726e-01,7.200905965651116514e-02,-2.453054074279116259e-01,3.806821409851000038e-01,-6.375068851564838490e-02,-7.606674923895362893e-03,-1.555728866605372573e-01,-4.550233922176336598e-01,7.544072033082331596e-02,-2.827241503187339910e-01,-2.547598376360409866e-01,-3.959690051670532174e-02,-2.978915270776836058e-02,1.595856051099402984e-01,-7.492790607347632470e-02,-8.490240141554501740e-02
2.184492872231238447e-01,2.753428894246177649e-01,3.920693786504447775e-02,1.093135319505926378e-01,1.270550360645649468e-01,1.084633320011146483e-03,1.449199456176423206e-01,-3.647941876237836833e-02,-2.482402239851677975e-02,2.617474676785331855e-01,1.886129243308005687e-01,1.922944929829662267e-02,2.400430458763002095e-01,-1.302174408146552498e-01,-3.114094322989488517e-02,4.167814569697169125e-01,3.394466427215589999e-01,4.673436858798777904e-01,2.095046532648170978e-01,-1.027487209744279151e-01,-4.019635592058309198e-02,-1.757952095247021160e-02,-1.483600840961097345e-01,1.125405321900293659e-01,4.899760641548532303e-01,5.031535078276125894e-01,-7.938075159682081439e-02,1.737293725305693315e-01,3.793571433784597140e-03,7.615941559557648510e-01,1.600526370948116839e-01,-5.831349828449416961e-02,1.613456260375709800e-02,1.169846204905667514e-02,1.280110371027016747e-01,-7.015482203570464273e-03,-9.031122438049089124e-03,3.413080737331609937e-02,-3.350304701882760861e-01,-2.671619236216678933e-02,-2.584834555747515528e-01,8.946988476955365643e-02,2.333787522824214977e-01,1.130165170596978547e-01,-9.474538958751467510e-02,-1.270038547743293500e-01,-6.174805085880805816e-02,-4.768465490399573237e-02,5.232478137694640541e-02,8.021528278583639482e-02,7.505608130462682048e-02,1.982179262625760330e-01,-1.383599995434977095e-02,-3.212357056051746707e-01,-2.848969575467465154e-02,-3.218185465080148910e-01,1.224987532836858822e-01,7.382020456318129364e-02,2.740377479584380493e-01,1.224317889941475314e-02,-3.842399873498989621e-02,-1.338320984858257234e-01,7.181136847824836078e-01,8.445484308024699127e-02,3.349149662529190413e-02,-4.855517936662014089e-02,8.061185848644933372e-02,-1.481814533560018576e-01,7.134988942616890539e-02,3.243612915917993278e-01,1.484467576142961820e-01,-2.372364942816729549e-01,-6.380267264636943492e-02,1.401444181533587630e-01,2.059194866257378631e-01,2.002525810639342041e-01,3.266949541208098995e-01,-1.609249005366947260e-01,2.330719537872744385e-01,3.032900584958818091e-01,2.274376888004920882e-01,-1.946818893737282952e-01,9.505876375626856611e-02,9.754424981904263880e-02
4.586519348368494481e-02,1.368489879964619460e-01,7.461384741660098685e-02,7.319789874625179382e-02,6.463328079921745739e-02,3.025133852991730987e-01,2.198594802725625796e-01,2.047298387818936027e-01,8.072997588630049376e-03,1.480662742889267691e-01,-4.956861985133375476e-02,1.292456824126043957e-01,2.922570621315508932e-01,-7.081143710471170249e-02,-1.974869482924455355e-01,6.868520887346971082e-02,9.450655703498989091e-02,2.074997140961351016e-01,-3.517531891372029096e-02,5.634926180440426313e-02,2.363822363988411224e-01,-6.415336902500781702e-02,2.236368076355606804e-01,3.318526482596174110e-01,5.987045575785086143e-02,2.503173358862646469e-01,2.271032734835359557e-01,1.623117651567704822e-01,2.567503734115784697e-01,1.600526370948116561e-01,7.615941559557648510e-01,1.267800244683325583e-01,1.222049201553578046e-01,7.039638796245786811e-02,2.208385681261088584e-01,-2.734802201313855582e-02,1.100081236256870987e-01,6.011385093020565895e-02,3.283559079775005829e-01,9.024852102721930835e-02,8.170741561549546561e-02,8.095791591884345106e-02,7.145773913528037646e-02,-6.280538180733682974e-02,1.974984738470347001e-01,2.426220813598933546e-01,-9.184354543029556173e-02,-1.833931907140749773e-01,-1.542769791271763301e-02,-5.569800443727749434e-02,1.099099443870260179e-01,-3.485406020001836913e-02,8.499614116645050343e-03,8.148247411224361636e-02,-6.451094525261405477e-02,1.657523205797533095e-01,4.359871192240568627e-01,-3.114366759215534547e-02,2.185862137526473348e-01,2.131934785238105146e-01,2.070996950681975868e-01,1.525350292887278358e-01,5.112493929376835805e-02,-1.326637353729706072e-02,-7.186778881040109535e-02,3.170383470334988546e-02,-2.514830732958616699e-01,-5.574974211507739003e-02,-1.182514246322979024e-01,6.147164031048805988e-03,-3.744281855984646357e-02,-6.941662221500946583e-02,-2.482207534894474432e-01,8.425425875802712745e-04,2.075372748927336621e-03,-1.950403093864578608e-01,-1.424810778510633980e-01,-7.277765771623088617e-03,-2.381123587911530490e-02,7.911732033947910248e-02,2.326008064710197165e-01,-7.954396603956165324e-02,-9.120647852350882712e-02,1.563505927483927194e-01
3.670054251141963153e-01,3.916866606618055191e-01,6.633410680692595207e-01,2.761316518654751140e-01,6.236147321757559148e-01,2.908574500703848820e-01,2.701959583870824910e-01,5.600274635684581170e-01,3.944828797196350822e-01,1.275565636679654724e-01,6.911712292136813485e-01,5.007685497193378188e-01,3.874631339614912906e-01,6.373156047121755208e-01,7.699119602505539728e-01,7.855136025590438165e-02,-2.633298967722839598e-02,-3.921206250548362610e-02,5.186804014913258820e-01,8.488388402279756217e-01,3.768782077427204613e-02,8.313116853561610675e-01,5.429539106327062603e-01,2.507149520884448535e-01,-1.444037302276963697e-01,5.590207370989088709e-01,6.462860607476261787e-01,8.946353659048238427e-01,6.435298629953807303e-01,-5.831349828449412798e-02,1.267800244683325861e-01,7.615941559557648510e-01,7.456022189813440448e-01,1.445438064687154522e-01,3.168442007665722704e-01,6.617343536690103445e-01,3.262538946524661809e-01,6.574287127967737288e-01,8.374845341474497495e-02,1.747823058126097007e-01,5.937069439423801054e-01,3.877642787350149556e-01,1.465487982437075065e-01,7.282734681480657057e-01,4.175990441194309954e-01,1.657959623282295736e-01,6.169811895233562327e-01,7.534672869360719005e-01,-2.018861088573794260e-01,-1.708958821809477835e-01,-1.280960013639559636e-01,5.472605971672812597e-01,8.044031125171126062e-01,-3.064899727598611665e-02,8.462705375842771716e-01,5.808266860621903449e-01,9.022808598383673384e-02,-2.469973217309825997e-01,2.818184483110472982e-01,5.775107213809215212e-01,8.817762086846611114e-01,4.203645074672934245e-01,4.281790698433800973e-02,-1.139585378845301977e-01,9.631560438648004707e-01,7.788936124184862031e-01,-2.858965016280879956e-01,-6.112868863812034176e-02,-4.035911801680062139e-01,-3.378677386755694206e-02,3.805535075679770691e-03,6.509459269601977072e-01,1.466795891025433340e-01,-1.160869302534685010e-01,-2.195793283658077980e-02,-4.037714562408435959e-01,-4.980064981556906606e-02,-2.246520028999663965e-01,-3.492564971528909212e-01,-1.297216871604056632e-02,1.772426314549352677e-01,5.096609144852856099e-01,3.660491747918923622e-01,-6.385881767902848449e-02
2.863485728237102346e-01,6.369493734090518888e-01,3.888827969018963104e-01,3.558255431298085747e-01,5.919325713477328055e-01,1.309981341791105480e-01,3.228939690148847075e-01,3.744804119425081401e-01,3.958789451386138802e-01,2.610457402901674717e-01,4.448356450044612664e-01,4.566892339969840786e-01,3.736391951134205858e-01,5.646354801804428503e-01,5.280164031689419391e-01,1.913441571720005119e-01,2.223540704254584888e-01,1.613523836549262680e-01,1.414236542392954821e-01,5.476812714044809738e-01,2.765700512015527579e-01,5.222107079968409948e-01,2.687908521960703512e-01,4.192843246953745773e-01,1.071337107552010059e-01,4.000252022201828961e-01,3.775307198185681723e-01,6.360929224569189522e-01,5.576015518407902993e-01,1.613456260375709800e-02,1.222049201553578046e-01,7.456022189813441559e-01,7.615941559557648510e-01,2.769743326862771915e-01,6.808200913942461519e-01,4.258574186071952816e-01,1.331388650459644218e-01,5.570945457741840467e-01,7.302180600374214015e-02,1.483246694444750324e-01,3.458354207500030086e-01,4.297946079726344681e-01,2.699507510216458406e-01,4.931823524755048482e-01,3.952662468406681895e-01,1.879810236475218665e-01,4.580519648882622752e-01,5.827116098526105015e-01,-2.661208192568753281e-02,-1.581184865425004898e-03,1.668175773502821313e-01,1.937897347292698857e-01,4.373194626914489458e-01,2.906878752362423990e-01,4.685307058382003897e-01,3.166219337242819343e-01,4.672424518294763240e-01,6.870394955341353749e-02,3.182554566629478554e-01,2.151746864386080427e-01,7.773070535429014161e-01,4.941279304521164484e-01,-4.884455809286901429e-02,-3.309779585014224756e-01,6.090143945695635219e-01,8.705705751140041526e-01,-3.421668313681039963e-01,-2.386019528755933261e-01,-1.444839972311608156e-01,1.562927982326895587e-02,-1.882499944159488903e-01,4.801654954985311585e-01,-1.016357549956647399e-01,4.617742927107614664e-02,2.699989515029578568e-02,-4.632401348346212311e-01,-1.136862772155878554e-01,-3.033240216529469735e-01,-1.695044274266349627e-01,4.512617650481836815e-03,2.152673034486991266e-01,3.712507355526001862e-01,-1.261986210563749086e-02,1.352843510387898018e-01
4.739802785411424968e-01,4.278983193698216447e-01,1.796456706630064903e-01,7.162511623437102168e-03,2.953086454107035075e-01,-3.500616403394404275e-01,1.271316810391369123e-01,-1.007007505535211477e-02,-4.909512714155996049e-02,-5.494481520244119677e-02,1.813570171922864460e-01,-1.439479436320953709e-01,2.269965632168187419e-01,2.869025249825862562e-03,1.725335275929653633e-01,4.348609747753902077e-01,-1.866912323574989874e-01,3.220731335580225285e-01,-1.624101618677818021e-02,1.090071601148412117e-01,-2.067707062951041827e-02,2.321258082219449792e-01,4.874189518835148754e-02,3.025968169969328950e-02,-1.401031139449249001e-02,1.429783596863508088e-01,9.125052812190398432e-02,2.957318287556759406e-01,3.713671827694104421e-01,1.169846204905668902e-02,7.039638796245779873e-02,1.445438064687154800e-01,2.769743326862770805e-01,7.615941559557648510e-01,2.784539592062458269e-01,1.915648269914803914e-01,-1.532660887708198194e-01,2.532518462162030581e-01,-4.207948496622458852e-04,1.181595082569082550e-01,-1.577408667441302856e-02,2.681976856624172095e-02,9.878395642807485943e-02,1.332517468978379749e-01,-8.667418195222423294e-02,4.327418393155872400e-01,8.694748622638033553e-02,2.344659632308270236e-01,4.883192926843471504e-01,-1.223999975160772538e-02,5.415496054864040731e-01,3.073614963784077406e-02,-2.316635984721748115e-02,9.283190237875629802e-02,2.199471455227998695e-01,1.994272630305833072e-01,1.577067770049416229e-01,2.245821075674375444e-01,4.992715230375406876e-01,3.620352032712569751e-02,3.789990958206892468e-01,4.626531818520149830e-01,-1.065202238632334680e-01,-3.363721317044530701e-01,-3.149809361838122601e-02,2.593955791715992776e-01,4.943526119162881122e-03,-2.866136061515744959e-01,-1.592082886118824092e-01,2.237087708420273935e-01,-1.934665013896954833e-01,-7.715011517470474374e-03,-4.329598571622336051e-02,3.000720032960616651e-02,-1.072309034315710452e-01,-2.486423845334619909e-01,-8.899700140728884767e-02,-2.997929428443064093e-01,9.192898538701857469e-02,3.713325601138472987e-01,-2.938928636331060440e-02,-3.626360162430747325e-02,-1.140190366783440379e-02,1.998513187512806488e-01
3.136478102404480217e-02,8.002869934368815885e-01,1.436867504228690196e-01,2.576417130444962900e-01,2.092030133340724574e-01,-5.226741652232656105e-02,1.889825370479554789e-01,1.345933840302321327e-01,1.348676625835714717e-02,2.165712243863659181e-01,1.205023486016213174e-01,1.125396665750323516e-01,8.841672763640448518e-02,3.893358251020994643e-01,1.931098807962602915e-01,2.395036101381164129e-01,1.207478129501488584e-01,2.815314032375545450e-01,-1.459185528492231432e-01,-1.948429561622163145e-02,3.350180845394520879e-01,1.118894270599870566e-01,6.976773116605972103e-02,4.158529685317337021e-01,5.488151922791593973e-02,2.548020139520490446e-01,-1.045637468678645710e-01,2.470141785164361170e-01,1.267266550590764318e-01,1.280110371027016747e-01,2.208385681261088584e-01,3.168442007665721594e-01,6.808200913942461519e-01,2.784539592062457714e-01,7.615941559557648510e-01,1.819949608867791335e-01,1.827770349486802504e-01,1.899249620197157595e-01,-6.355168409933451001e-02,1.106695506144088174e-02,7.746748041933468332e-02,6.870765356746334762e-02,3.226249400760594632e-01,1.351390527762030835e-01,2.284152317088605777e-01,2.794798647375996981e-02,3.742721469290202219e-01,3.364207907560580191e-01,2.453286527194630251e-01,2.745224285995266286e-02,3.396212761882985709e-01,-8.159008613056982495e-02,-5.321650807792496773e-02,3.805984286629430779e-01,8.003802385212045734e-02,1.254222482837341612e-01,6.104604709133052420e-01,2.697639957405205680e-01,4.570765368388638450e-01,-1.458181767489453717e-01,4.213605356514611433e-01,3.079553544408010768e-01,-2.244312741843038778e-02,-1.534734543847124100e-01,3.567430148014943403e-01,5.792200940898333261e-01,-1.999728772317618530e-01,-2.041106791238024021e-01,1.273105746334048660e-01,1.371659399853495109e-01,-6.474410752673812053e-02,2.479126538858005824e-01,-7.801119877198683938e-02,2.059905668731066286e-01,2.463528492403947723e-01,-3.082666345899224836e-01,-1.580548065829863458e-01,-2.141279431153227109e-01,1.059945360625887262e-01,2.741352898443674135e-01,2.099789693732393991e-01,2.067189142580264649e-01,5.294221724859724670e-02,2.750230914003179428e-01
4.071398879068073295e-01,2.970078226988445702e-01,9.659277565859777370e-01,-2.960902783001305091e-02,6.028629935357588954e-01,-6.872826513628185752e-02,3.488062496904717480e-01,4.540737698059050809e-01,5.201045899346242729e-01,9.347824206702973204e-02,9.293699375829204135e-01,1.110648541744519713e-01,1.350426291903628340e-01,5.485880121788641040e-01,6.910538383931320583e-01,1.447723084623713796e-01,-5.288275118523640822e-02,1.237320972597468760e-01,9.039185468348813757e-01,5.567413108904947228e-01,-1.794459090567445958e-01,6.185042461630988475e-01,4.001001795210794021e-01,-1.216795341718290430e-01,-1.977832055012140600e-01,3.547232590808864772e-01,5.068468092137966563e-01,6.275871424094783269e-01,3.619260813681212663e-01,-7.015482203570488559e-03,-2.734802201313855582e-02,6.617343536690103445e-01,4.258574186071954482e-01,1.915648269914804191e-01,1.819949608867791890e-01,7.615941559557648510e-01,1.155450356634618765e-02,5.780776292941739447e-01,-2.545199876260440530e-01,5.305291344376531631e-02,5.436845663540595952e-01,5.242493753633780118e-01,-1.313025800855966152e-01,9.493230669184512527e-01,2.032678615357132179e-02,-1.307957462515836333e-01,5.735081729293441954e-01,6.569812347444029532e-01,-2.774646115966667992e-01,-2.704060832702799289e-01,-1.888313021300708494e-01,9.071110548408507501e-01,5.587544486920739129e-01,-3.334447704330256723e-01,5.922094676849817274e-01,4.885160633889478188e-01,-2.873100154494530600e-01,-4.797253752049586151e-01,-9.505081449268416860e-02,5.182183182857746928e-01,4.456684390382997796e-01,1.832737064387502876e-02,-4.816559011335762308e-02,-3.621487394179024460e-02,5.775339846437622660e-01,3.238774014826724112e-01,-3.820889740531819290e-01,-9.595417911719836268e-02,-5.429868249387662660e-01,-2.853601575719508232e-01,-1.275037125065528743e-01,1.992187383578325477e-01,-2.168065345245921149e-01,-2.416283923661269595e-01,-2.052142266317426578e-01,-2.872348676609597917e-01,-7.211908898110784560e-02,-2.293842774249161831e-01,-4.680535665132356526e-01,-3.374863702559698919e-01,1.693121782765257821e-01,-2.205873145209278838e-02,-6.416161377627568885e-02,-2.947642332836616919e-01
-1.131841962331330137e-01,1.608555559833973470e-01,6.226903302849075457e-03,5.379526362399525974e-01,4.052402850609918006e-01,3.415507075371579382e-01,6.272112594835698163e-01,1.211630891427499801e-01,1.168329009954738734e-01,2.720572055949643242e-01,2.911870033232219143e-02,2.861196612417746810e-01,2.190406245545701291e-01,4.245032376326612900e-01,6.490141995701917410e-02,-2.713028961472664924e-01,6.749211041212761775e-02,-2.747590574448479650e-01,-1.019670179545773825e-01,1.860658911388684833e-01,2.108234147383069024e-01,7.332805315141611990e-02,1.582876249160587723e-01,1.181105502418642317e-01,-2.429753768157338900e-02,1.178673860170905002e-01,3.009984679535291918e-01,1.283523739881303749e-01,1.970290639309300040e-01,-9.031122438049061368e-03,1.100081236256870154e-01,3.262538946524662364e-01,1.331388650459644218e-01,-1.532660887708198194e-01,1.827770349486802781e-01,1.155450356634614602e-02,7.615941559557648510e-01,4.037359441832842344e-01,3.671597577098267839e-01,7.032093690534795272e-01,2.075722876778447468e-01,1.656649611201346239e-01,3.341235674175164760e-01,9.817139295829670209e-02,4.287972527236088571e-01,2.905150554841443022e-01,2.444511160731001886e-01,8.108376642191381101e-02,-2.237652566967185952e-01,-2.829409307571907617e-02,-2.210775705539307356e-01,-2.606443455983276786e-02,2.143833260090019788e-01,9.877027018740165698e-02,1.252416238040260921e-01,3.474037657632780274e-01,3.696863272199860800e-02,5.862799777218722502e-02,1.067319307387785549e-01,3.145587769338714645e-01,3.037698402860871116e-01,1.946760399449154189e-01,3.652090822402705994e-01,6.510377743728501532e-01,1.964801364624070845e-01,1.986293128175174727e-01,-2.804599068717830712e-02,-3.449722646028690609e-01,-1.786164560912570087e-01,-7.482567271623427607e-02,1.110634188405379003e-01,5.205718354129649228e-01,2.618437733651678978e-01,6.239043479622846666e-02,8.998511156976862768e-02,-1.980485064298571074e-01,-6.835119948639216403e-02,-4.328421509033915093e-01,-3.193233112757754566e-01,-5.612839818332692604e-02,2.088756354521999203e-01,5.054766278746817276e-01,4.634120339837948799e-01,-2.454847569842144236e-02
2.588762593987931071e-01,2.580942376683368900e-01,5.105536505262097124e-01,3.203132482455565144e-01,9.337440798906170292e-01,8.151441302757017615e-02,4.311958952832385950e-01,2.166139720588086959e-01,7.204458767118532281e-01,3.092588827418063513e-01,6.101457674077656046e-01,4.013057299877477169e-01,3.286071848209739521e-01,3.618758016352453533e-01,6.323647286592237737e-01,-5.069344573561727213e-02,1.085341534421719600e-01,-9.979578040340501832e-02,3.118365074751420218e-01,6.893056148617252576e-01,-4.301834310526742033e-02,5.610017148690522593e-01,1.460265426368846375e-01,1.573351263772026221e-01,-9.737508165067478016e-02,3.380085920158359958e-01,6.543277988813517299e-01,5.717387162512703735e-01,4.587674219479573323e-01,3.413080737331605080e-02,6.011385093020565895e-02,6.574287127967736177e-01,5.570945457741842688e-01,2.532518462162031136e-01,1.899249620197157318e-01,5.780776292941739447e-01,4.037359441832844009e-01,7.615941559557648510e-01,-6.311916339602550996e-02,5.693212617772686057e-01,3.277611860693762091e-01,8.286710576602988043e-01,7.492994720396642383e-02,7.343185906963788367e-01,4.001138139516546288e-01,2.357372794265334137e-01,4.352287382451578424e-01,5.442874109946155281e-01,-2.441170769989804146e-01,-1.827851030533480525e-01,-2.151742315154036300e-01,4.311053906305697403e-01,6.361257184428023015e-01,-2.141999959149104293e-01,5.909951776311903604e-01,2.519482954876853253e-01,-1.999828982691155901e-02,-3.189111453581856548e-01,5.728676594127135764e-03,6.096023963376878685e-01,6.958791975874090152e-01,2.457949610495813730e-01,1.655803560133619068e-01,2.288498938266128047e-01,4.824707251549585352e-01,5.504703418726071273e-01,-4.710159875060377366e-01,-3.716594368382092894e-01,-5.673782134237016495e-01,-2.156803662546404876e-01,-1.497366355880161981e-01,3.931465874662763427e-01,5.874308996813870642e-02,-1.234858531338365734e-01,-3.558147882104609194e-01,-3.782014283389504850e-01,-3.743621610810456968e-01,-3.991072260243056502e-01,-5.438752968406221910e-01,-2.406705315822807723e-01,8.564008143178201971e-02,2.889331634269017846e-01,2.334270846093429441e-01,-3.118509469913878160e-02
-3.187246529506165826e-01,-6.729055535256153742e-02,-2.632551363917247644e-01,1.224112909830083196e-01,6.435437970795694629e-02,4.880009941117439687e-01,2.719421920967127204e-01,1.384088430065456843e-01,-3.062995505551340814e-01,-2.306224844670975646e-02,-2.579373834347078454e-01,1.276080744339607720e-01,2.171086413690252737e-01,2.617934248297123512e-01,-9.334501520234919636e-02,-3.505177827509421973e-01,1.498271934692809171e-01,-3.209088251983580609e-01,-4.562958733098655961e-01,1.542000435260507292e-02,2.931941994343663649e-01,-2.218129015996838371e-01,1.279545709103885598e-01,2.164486744820240741e-02,-1.381866989182429784e-01,-6.096682996961266116e-02,-1.185003134985841977e-01,-6.943955856018810269e-02,1.917224891581957025e-01,-3.350304701882760861e-01,3.283559079775005829e-01,8.374845341474497495e-02,7.302180600374214015e-02,-4.207948496621626185e-04,-6.355168409933452389e-02,-2.545199876260440530e-01,3.671597577098267284e-01,-6.311916339602550996e-02,7.615941559557648510e-01,1.969571320801091485e-01,1.942313126599023165e-01,-3.051120462222552399e-01,2.389240294594978109e-01,-2.644224398033345191e-01,3.339006231243275002e-01,5.188420978714709531e-01,1.869956318964021424e-01,-1.586416058000456597e-01,6.793997018037187252e-02,2.074530113564781453e-01,-4.504473294285236962e-02,-4.219521572207567406e-01,6.055470981332222030e-02,2.707922957410439091e-01,-4.348115531927122801e-02,3.875595828147797017e-01,1.494048645793667751e-01,2.703029655059373537e-01,3.172704775522221521e-01,5.041718436207863474e-02,6.246189277851251637e-02,3.151294648754446315e-01,1.227686384778517298e-01,3.791075784636780410e-01,1.042826396316238885e-01,1.502795084600592190e-01,1.975059228513585119e-01,-1.373442491404684995e-01,-1.578258208350847014e-01,-6.759830574774015888e-02,-1.762092742452301131e-01,1.615870555083274429e-01,-3.875302267322633387e-02,2.613657406873159395e-01,-1.532545965410496147e-01,-2.879871832944778682e-03,-8.411557583009737771e-02,-1.446225406398534141e-01,-1.908525713650940647e-01,-8.250201153286021438e-03,-1.288780756988094633e-01,-4.721551762080749420e-02,1.762617182196249410e-02,1.399819808543898425e-01
1.091275755218660756e-02,-4.810421610485388078e-02,3.586958621243045708e-02,4.790951907060610471e-01,5.342173720426551808e-01,2.673402099424812550e-01,7.515858539086616164e-01,-6.235836685550624758e-03,4.515511062412995713e-01,3.501437128824992917e-01,1.182705631711520322e-01,2.348844367253732635e-01,3.899319116539258223e-01,7.658110511173944193e-04,3.189771342078031036e-01,-2.277691417423572395e-01,1.447756224500064970e-01,-2.134109228242677125e-01,-2.022848768371302008e-01,4.983979801040711588e-01,9.830005518253898122e-02,2.795725948300845087e-01,-9.606321476229179313e-02,7.838635677702100735e-02,-3.169561192477746842e-02,1.628814177663874541e-01,5.322158103410482566e-01,1.365265320866174414e-01,2.831406958229136239e-01,-2.671619236216680321e-02,9.024852102721936387e-02,1.747823058126097284e-01,1.483246694444749492e-01,1.181595082569082411e-01,1.106695506144085399e-02,5.305291344376531631e-02,7.032093690534795272e-01,5.693212617772686057e-01,1.969571320801091208e-01,7.615941559557648510e-01,-1.935343070569190208e-02,5.048746036255795655e-01,2.183639600808488790e-01,1.141151409179018833e-01,3.323055230592306675e-01,4.381545439608038883e-01,3.044706827975070251e-02,1.427014870928225154e-01,-1.230107550274383843e-01,-5.353864321568993501e-02,-2.358601820512090108e-01,-1.043236650786542319e-01,4.792215734581954378e-01,-4.798124674392390682e-02,3.399333979247447513e-01,5.745924201840149625e-02,1.398976418194716395e-02,-6.480104749198595249e-02,3.871090655099167915e-02,5.845510922031541545e-01,3.811333419527527244e-01,3.541994994463004698e-01,2.260124958222550218e-01,4.507241473119121267e-01,4.322001134638614461e-02,2.583209099514446327e-01,-1.987205380748103545e-01,-5.162369870497355295e-01,-4.256550815914886265e-01,-2.240648201528845085e-01,2.125849280433311783e-02,3.649434983140898980e-01,-7.972261395536245354e-02,1.547686774060543294e-02,-3.536252485130670919e-01,-3.091515605406875977e-01,-2.821694113685889183e-01,-5.649708082416251553e-01,-6.037706779083096276e-01,-2.848434215576964301e-01,6.014470552729644925e-02,2.499019769839738170e-01,1.125535127614009367e-01,-8.858194262539946517e-02
1.612527962694910999e-02,1.991650888143045584e-01,5.231163649048687914e-01,7.074854515411724797e-03,2.848491536837787774e-01,1.604350008355218682e-01,-9.246246668201016372e-02,8.476129083918206852e-01,1.554569053022409886e-01,1.494404020444808912e-01,5.009301306870758141e-01,4.943697601681586451e-01,1.817069755362196726e-02,7.080734372572703439e-01,3.353063369456826259e-01,-3.510095945464206113e-01,-1.269980796922071664e-01,-3.156140239769770206e-01,4.141376337796765505e-01,3.571505043823313685e-01,2.507097747688655787e-01,1.868105163199220153e-01,6.750272917124477967e-01,3.522052966087353965e-01,-4.256017444666199689e-01,1.850445108095588320e-01,1.352186564122612733e-01,4.889003867008246962e-01,1.976096006501049367e-03,-2.584834555747515528e-01,8.170741561549556276e-02,5.937069439423802164e-01,3.458354207500028976e-01,-1.577408667441308407e-02,7.746748041933465556e-02,5.436845663540595952e-01,2.075722876778446635e-01,3.277611860693762091e-01,1.942313126599023443e-01,-1.935343070569190208e-02,7.615941559557648510e-01,9.419254575389625350e-02,4.039632797281268034e-02,5.582090874150864579e-01,5.639356979986840379e-01,1.258603102987717326e-01,5.712921965473828356e-01,2.384811985143483193e-01,-5.250518756593022252e-01,-2.808771525751958542e-01,-3.829607606547045795e-01,3.796990508346781978e-01,3.899052795523034742e-01,1.796590506239218246e-02,2.470726483903145643e-01,6.900567426115001846e-01,1.612128080204992819e-01,-4.098244808896392977e-01,-8.396192958200657253e-02,2.248996641118353179e-01,4.387973237440412344e-01,-1.583226530512695240e-01,9.586472983812086013e-02,2.210133026423250768e-01,6.110771352600702366e-01,3.405726799797740290e-01,-2.616345037943605956e-01,5.498197796865630232e-02,-3.074747445714716698e-01,-2.564533245118110760e-01,-6.516611326481523518e-03,3.886846581214933871e-01,-1.713259949908474966e-01,2.007214602160071193e-01,-5.426258810843179181e-02,-1.458481451219552083e-01,-1.857595259942098065e-01,-1.471621835091977137e-01,-2.907409711004254604e-01,-3.332986802153256600e-01,1.389989241252036489e-01,4.098983607103254267e-01,1.020273795853422621e-01,8.549027311664250672e-02
1.980897118345172625e-01,6.491536201650795201e-02,4.258448561088635231e-01,1.999230661972426215e-01,7.511415884786446506e-01,-8.604050559103862406e-02,5.169818651673641074e-01,3.275100889300874146e-02,9.564588542118045433e-01,2.085014937578487937e-01,5.156913119973115522e-01,2.320531162349465104e-01,2.475378831135929547e-01,1.118318512088344457e-01,5.310964343507141860e-01,-5.634048111067293391e-02,6.634404801047379119e-02,2.504177615660552387e-04,3.035214291537275400e-01,5.843220633904128158e-01,-1.135243197850943214e-01,4.033371928594922107e-01,-1.001010778222427844e-01,1.085216339197509899e-01,-1.030473031836908193e-01,1.324752440396425590e-01,5.619413659939076489e-01,3.549133373377945655e-01,3.309048459109100171e-01,8.946988476955365643e-02,8.095791591884342331e-02,3.877642787350148446e-01,4.297946079726344681e-01,2.681976856624163769e-02,6.870765356746340313e-02,5.242493753633780118e-01,1.656649611201346517e-01,8.286710576602986933e-01,-3.051120462222552399e-01,5.048746036255795655e-01,9.419254575389625350e-02,7.615941559557648510e-01,-9.995577876108599491e-02,6.112337547829829187e-01,1.160909015067731892e-01,2.359422057038370116e-02,1.535913948356699699e-01,4.944691746568736224e-01,-2.569602547315189556e-01,-2.664783720823815649e-01,-2.556872003562780105e-01,3.397920366530108871e-01,5.535780893476112130e-01,-2.243446547125004797e-01,4.538241264793648755e-01,-3.733141484141609678e-02,-5.627896301342465851e-02,-4.016167849529370115e-01,-1.485801002308384799e-01,5.884728629400503008e-01,3.602338740417473928e-01,2.165701747964805524e-01,-5.613705497961971221e-04,7.589474251201044908e-02,1.591798578572820033e-01,3.839215710231729251e-01,-4.894735629360615903e-01,-2.779808396532739145e-01,-5.144192724958610574e-01,-2.287536894807962462e-01,-2.394846559631171601e-01,1.582393092933333523e-01,-3.212303688801079748e-01,-1.218944762121534353e-01,-3.863592633468363458e-01,-4.456008677081682023e-01,-3.371747118302795276e-01,-3.547742981861071732e-01,-5.489610263867147344e-01,-3.032687551731361730e-01,-4.436041942351912765e-02,2.321510081499055314e-02,-1.785432120664945665e-01,-1.195843593267284649e-01
1.462514844721814547e-02,2.677792796180173407e-01,-1.439678525106427576e-01,2.800123425660295817e-01,7.618932662973973424e-02,-6.958617090461931276e-02,4.107727988138720754e-01,6.001440934852369374e-02,-1.788196353464532318e-01,5.929989636080852389e-01,-6.277976421444078636e-02,4.468526301957041480e-01,2.482494365198144870e-01,1.573820193662318623e-01,1.611714220378538190e-02,3.109531968031892246e-01,5.187572567426737002e-01,5.017878531020467658e-01,-1.480734120575629975e-01,4.205303670891581691e-02,-4.049712956521071133e-02,5.311630016120500244e-03,-2.453478002119728330e-01,4.971449429186857172e-01,3.613095245116135779e-01,3.459105341544214118e-01,-2.859697902516250556e-01,1.898511745987710997e-01,-2.650123077046760353e-02,2.333787522824214977e-01,7.145773913528032095e-02,1.465487982437075065e-01,2.699507510216457851e-01,9.878395642807484556e-02,3.226249400760594632e-01,-1.313025800855967262e-01,3.341235674175164205e-01,7.492994720396645159e-02,2.389240294594977831e-01,2.183639600808489623e-01,4.039632797281268034e-02,-9.995577876108593940e-02,7.615941559557648510e-01,-5.781522743250566698e-02,4.791701063593191701e-01,1.820507612186410829e-01,9.253664764572243351e-02,-6.523673307351483472e-03,2.265099218291483640e-01,6.268045101031550770e-01,5.865784249317499421e-01,-7.054066439739821448e-02,5.280586518704873805e-02,4.707141610002631843e-02,2.112405215698521035e-03,-8.182381995334141178e-02,5.477113340006517506e-01,5.984056496324708929e-01,5.610790101630530602e-01,-1.921104086500492469e-01,3.722422549786921775e-01,1.473351507092487966e-01,4.314717270059107435e-01,1.360103952363501123e-01,1.001905025393482890e-01,3.166014730350470985e-01,1.911236418709764961e-01,-5.055295704303152116e-01,1.095985304610270078e-01,2.713020444047890556e-01,3.126598622313584569e-02,1.956984759207268110e-01,2.511094876449304278e-02,3.418902598411857618e-01,1.631028635679820371e-01,-1.954566146056876119e-01,1.478144324904969754e-02,-5.203730898775130731e-01,1.146051556978042868e-01,3.036946833162949000e-01,1.669727406009988147e-01,2.376526471606591751e-01,1.199282685637277079e-01,3.010197883787759099e-01
3.554675674575493716e-01,2.414727816033012675e-01,9.217686180227835369e-01,1.774659462329323048e-02,7.394614432500765666e-01,-6.766535017279229347e-02,2.654795024209598009e-01,4.469417387158906019e-01,5.937103565223035284e-01,1.588902584721715583e-01,9.602368175908114756e-01,2.208285185833933906e-01,1.784953133487233168e-01,5.745729101631513736e-01,6.803199063273189795e-01,1.377803984335838894e-01,-3.675129789308136802e-02,9.675897369453577423e-02,8.630230857441506531e-01,5.715808326940050588e-01,-1.598080400553134328e-01,5.503744413962891047e-01,3.302434506434692163e-01,1.667555036424540893e-02,-2.265224733707601468e-01,3.077790260197935113e-01,5.071289507163524446e-01,6.618244031700662999e-01,3.448542903653182279e-01,1.130165170596978824e-01,-6.280538180733682974e-02,7.282734681480657057e-01,4.931823524755049593e-01,1.332517468978379749e-01,1.351390527762030003e-01,9.493230669184511417e-01,9.817139295829667434e-02,7.343185906963788367e-01,-2.644224398033344081e-01,1.141151409179018833e-01,5.582090874150864579e-01,6.112337547829826967e-01,-5.781522743250566698e-02,7.615941559557648510e-01,1.599672511548211884e-01,-9.168941118203141616e-02,5.879218600426998620e-01,6.352286320389012308e-01,-2.982167854022555464e-01,-2.478372347754956573e-01,-1.632956885982147777e-01,8.908991604090160665e-01,5.776807778654075021e-01,-3.375671314168549597e-01,5.597988694076561078e-01,4.128386964247813262e-01,-1.661177336225253265e-01,-4.753427873024060890e-01,-9.737987491734767520e-02,5.039844696920898759e-01,5.512410276935629794e-01,5.399278110130580413e-03,6.265821308561703162e-02,-3.532390435970645531e-02,6.242484475581377978e-01,4.192235161606370775e-01,-5.193893875256238024e-01,-2.083688309870208866e-01,-5.869996738080646148e-01,-3.105692069909146147e-01,-1.838348420002650363e-01,3.185631631412834119e-01,-2.112385874904729455e-01,-2.524094008598146144e-01,-1.891941785723461056e-01,-4.089616396684401245e-01,-3.259821054522182848e-01,-3.290014077330240538e-01,-5.102794286894859477e-01,-3.290893131051393361e-01,2.132276297145878630e-01,4.598276459256486065e-02,-4.694743724436605675e-02,-2.496780399473303713e-01
-2.133489367887873508e-02,2.691673598296895342e-01,5.694045644074934021e-02,2.870741171238038736e-01,2.731150093284595570e-01,2.958954709784582526e-01,2.632681112782891408e-01,5.888790030384482010e-01,1.002012007437986241e-01,5.328845875404533139e-01,1.104512975638293482e-01,8.430992421974563555e-01,2.330170850742397104e-01,5.075421192803573067e-01,2.749347288332228967e-01,-1.805647996984509895e-01,1.559315642811086033e-01,1.593742156969100987e-02,7.729568056671830278e-02,3.603251127480373017e-01,3.311323322573135330e-01,1.237609036533991735e-01,3.577833283079713267e-01,8.146043044098935093e-01,-8.293408726452392021e-02,4.908669892209948649e-01,1.719621303306851090e-01,3.745261265534209350e-01,1.222607485874310645e-01,-9.474538958751467510e-02,1.974984738470347001e-01,4.175990441194310510e-01,3.952662468406680785e-01,-8.667418195222426069e-02,2.284152317088606055e-01,2.032678615357132179e-02,4.287972527236089126e-01,4.001138139516546843e-01,3.339006231243275002e-01,3.323055230592305564e-01,5.639356979986840379e-01,1.160909015067732170e-01,4.791701063593191701e-01,1.599672511548212162e-01,7.615941559557648510e-01,3.497729039165122789e-01,3.652344295630768345e-01,1.933075420080562490e-01,-2.808760486955644842e-01,-7.296314029404346591e-02,-7.510337651253676250e-02,6.242809213172546834e-02,4.489777100148362177e-01,1.229629475443914793e-01,2.545379335304394641e-01,3.914815441237131655e-01,6.447181687104469594e-01,-5.668637865874971010e-02,2.720227471517999152e-01,2.479305560966208466e-01,4.616568943098809386e-01,9.267987830169692465e-02,3.143955582334099774e-01,2.308466387236101369e-01,4.051002523914882802e-01,4.154475215107633623e-01,-7.201859189166179287e-02,-1.364221896615140650e-01,2.425876322210613126e-02,7.873488946220168205e-02,9.406644745839118360e-02,4.388082343233570826e-01,-5.375814841965743246e-02,4.160617078943678049e-01,1.320265430606460400e-01,-1.664620334415954639e-01,-1.371513705007944284e-02,-2.160514183292624735e-01,-3.432961248758412826e-02,-9.583893664409985635e-02,2.281044577858546973e-01,5.400089835023006435e-01,3.038590720354725772e-01,3.087289881100924727e-01
1.670125230913299119e-01,3.064166431924433484e-02,-1.104067671910208270e-01,2.927440304515798175e-01,2.932107326562363170e-01,1.465199361494682606e-01,3.648424884651073619e-01,1.057510434231243440e-01,-6.905221822374259244e-02,1.116190537865068555e-01,-9.913661097630205310e-02,1.650851581266069013e-01,6.237265172595817253e-01,6.673195826825373267e-02,1.038844247119886516e-01,-8.859718809542729834e-02,2.189420779246318560e-01,-3.922149485645114869e-02,-3.027673296967067218e-01,2.059685433408288968e-01,2.278315358617645225e-01,-3.021941822922824192e-02,-1.348988211372482426e-01,9.937994956712108141e-02,-4.136987165154615981e-02,1.825760700536712688e-01,-1.912471116651187977e-02,2.076493610006996948e-01,2.604105550939511682e-01,-1.270038547743293778e-01,2.426220813598933823e-01,1.657959623282296568e-01,1.879810236475219221e-01,4.327418393155871845e-01,2.794798647376008083e-02,-1.307957462515836888e-01,2.905150554841442467e-01,2.357372794265334137e-01,5.188420978714708420e-01,4.381545439608038883e-01,1.258603102987717326e-01,2.359422057038367340e-02,1.820507612186410829e-01,-9.168941118203133289e-02,3.497729039165122233e-01,7.615941559557648510e-01,5.280536560259204565e-02,-9.636687449961531260e-03,1.638603484636137753e-01,2.369542973428861443e-01,1.596592571494697688e-01,-2.331124966112397279e-01,1.518445070838969069e-01,1.863409488449698226e-01,1.499459101655447602e-01,5.895105553879009808e-02,2.482374075057296181e-01,2.749148063143153631e-01,5.281505216091155752e-01,8.305059758789132274e-02,4.581932177080865753e-01,4.231570538905058965e-01,7.071399864947408576e-02,1.263929860766758173e-01,2.428023257976403768e-02,2.926691462230922580e-01,1.809687951332239822e-02,-3.102524560322035274e-01,-3.408384509480268942e-01,9.040575347109782237e-03,-2.027328658572986608e-01,1.725538169504770569e-01,3.439251369132312330e-02,9.690667531430798010e-02,-2.783306655413588238e-01,-2.043514669239848702e-01,-2.083662031366320111e-01,-3.778767830964447350e-01,-2.567544950315966967e-01,9.511529196159738964e-02,-3.958434998337927863e-02,1.100995290437568191e-01,4.575872710345122579e-02,1.872669638006871640e-01
1.323946080128564351e-01,3.850014647018092928e-01,5.926836292999528855e-01,1.623243678281706959e-01,4.917507371282604511e-01,1.544256913492950689e-01,1.486512535771362248e-02,4.411987788393392784e-01,1.496758495044737125e-01,6.913618149496926490e-02,6.210878475668962784e-01,2.677401533485800900e-01,6.371856555049893595e-03,8.103515058712623675e-01,5.268547135935921499e-01,7.784153744935801665e-03,-9.450770838318712022e-03,4.270491342639825411e-02,5.875459938311061725e-01,4.830116338959736799e-01,7.057721888558272927e-02,5.111683777194682143e-01,4.656100007303945465e-01,-2.629483192973630992e-02,-9.270562408179518210e-02,3.177789365682560097e-01,3.601274767707187685e-01,4.908844179485737924e-01,2.517599395377214666e-01,-6.174805085880800959e-02,-9.184354543029561724e-02,6.169811895233562327e-01,4.580519648882622752e-01,8.694748622638033553e-02,3.742721469290202219e-01,5.735081729293443065e-01,2.444511160731001886e-01,4.352287382451576758e-01,1.869956318964021424e-01,3.044706827975070251e-02,5.712921965473827246e-01,1.535913948356700809e-01,9.253664764572236412e-02,5.879218600426998620e-01,3.652344295630767790e-01,5.280536560259203177e-02,7.615941559557648510e-01,4.342981886167925354e-01,-3.485728375251360978e-02,-8.925753470463408668e-02,-6.516072293053441246e-03,5.907663561000150443e-01,4.765456067771695614e-01,-9.830912278162752538e-02,4.822911142173067489e-01,5.643339763513064433e-01,-1.051772768191410051e-01,-8.821285144760403207e-02,2.407241701037299286e-01,4.451562307361879856e-01,5.175161791058990879e-01,1.564980979625384683e-01,2.598090563190841307e-01,1.883636618388287443e-01,6.231320642389406306e-01,4.861684649851567563e-01,-1.779644184374934712e-01,-2.028867195858954919e-01,-1.920866242961254411e-01,1.576877244276936041e-01,9.368944171085855088e-02,5.109044394547276324e-01,2.089499301693432676e-01,-9.123066874914687041e-02,3.427725197806607421e-02,8.966144075958301391e-04,-2.743326682540564443e-01,-1.071842588860057593e-01,-1.692542641734733899e-01,9.937876966247950750e-02,2.716688867327335943e-01,5.178156801517140861e-01,3.326351748711397494e-01,-9.455204504720712833e-02
3.798374694383459538e-01,3.062769675476713638e-01,6.083245728037047773e-01,-4.043702028263302523e-02,5.085881336902072780e-01,-4.715021749190204808e-02,2.260419430884496872e-01,2.636866293274850448e-01,5.132381880818489561e-01,1.088632132677464989e-02,5.685913900074230920e-01,2.372129307153466315e-01,1.251236823852416580e-01,3.923024486619405837e-01,9.057796712855260557e-01,8.017153324626502542e-02,-9.486766249926902039e-02,-1.144836465888180860e-01,4.253937794152287677e-01,6.882656869723847715e-01,2.013859993749496924e-01,6.857551771181275013e-01,3.200926475926806902e-01,8.064691738251789088e-02,-2.273353663694301086e-01,1.933994731150729673e-01,5.423852132484036082e-01,6.478145327116648922e-01,4.545035214216787689e-01,-4.768465490399567686e-02,-1.833931907140750051e-01,7.534672869360719005e-01,5.827116098526105015e-01,2.344659632308271069e-01,3.364207907560579081e-01,6.569812347444031753e-01,8.108376642191383876e-02,5.442874109946157501e-01,-1.586416058000456875e-01,1.427014870928225987e-01,2.384811985143483470e-01,4.944691746568736224e-01,-6.523673307351427961e-03,6.352286320389012308e-01,1.933075420080563045e-01,-9.636687449961559015e-03,4.342981886167925354e-01,7.615941559557648510e-01,-1.326227789070603680e-01,-2.694815708101635510e-01,-9.054967014075546161e-02,4.508272017633592754e-01,5.965462799233427482e-01,2.152141207027775671e-01,7.028706020434442037e-01,4.136533110946554737e-01,-4.431399966456681105e-02,-3.230072132388244199e-01,6.576163273994141065e-03,4.141184093114186893e-01,5.905680884828338195e-01,2.457310353149473048e-01,-2.247901815541827053e-01,-1.427856694850245245e-01,6.481836630670336774e-01,5.270898468433367068e-01,-2.777044487526000305e-01,-1.166138550457414824e-01,-4.146563569199612220e-01,-1.667755226462226126e-01,-2.394718352260853667e-01,3.016237959221722553e-01,-2.284268504065741778e-01,-1.449190242878535262e-01,-2.406000542977652090e-01,-4.665387219481846870e-01,-1.685450761830791649e-02,-1.391595135466389688e-01,-3.548942764743833744e-01,-1.825388059726683054e-01,-1.133460269045349772e-01,1.846920823624792485e-01,1.035322136853470132e-01,-2.496097879687929066e-01
3.780155463113197417e-02,1.189242967972429232e-01,-2.889125783341177645e-01,6.165767020082695699e-02,-5.946639615697753983e-02,-3.567190175123181595e-01,-5.205520764464065253e-02,-5.267973127806749867e-01,-3.066803902648654323e-01,-1.076126707614098732e-01,-2.693482223448641633e-01,-2.526611460339669435e-01,5.026427466691794910e-02,-8.399707265564217151e-02,-2.156527922436497213e-01,3.697239067343217056e-01,1.619259912402888357e-01,4.091786665914645127e-01,-4.114580116022854561e-01,-4.870438422570360637e-01,-2.271886624717673053e-01,-2.545316446562532753e-01,-4.986210430846843566e-01,-1.702889350881210684e-01,2.255777482960308333e-01,-9.907105356161026444e-02,-4.650418498491126762e-01,-1.654896541815764899e-01,-2.405661305467366173e-01,5.232478137694637765e-02,-1.542769791271763648e-02,-2.018861088573794260e-01,-2.661208192568753281e-02,4.883192926843471504e-01,2.453286527194630251e-01,-2.774646115966667437e-01,-2.237652566967185952e-01,-2.441170769989803591e-01,6.793997018037184477e-02,-1.230107550274383565e-01,-5.250518756593022252e-01,-2.569602547315190111e-01,2.265099218291483640e-01,-2.982167854022556019e-01,-2.808760486955644842e-01,1.638603484636137753e-01,-3.485728375251367916e-02,-1.326227789070603680e-01,7.615941559557648510e-01,4.648696293190571205e-01,8.621182993905475156e-01,-3.516160539169077559e-01,-5.285771782201180713e-01,6.594949094350716079e-02,-2.613747160849650419e-01,-3.359277797506988739e-01,1.033796740141474796e-01,6.824014845638952664e-01,5.649343728253758412e-01,-4.929648520561369374e-01,-5.651446945604181316e-02,3.171604418440831519e-01,-1.268709318298465449e-01,-4.769863550454907508e-01,-2.748143975838248099e-01,-1.052931659004008036e-01,1.953745790988669073e-01,-3.823615183321495414e-01,9.639397089304505006e-02,1.889303921297148248e-01,-2.669780649983452547e-01,-2.862022665053498907e-02,1.563105639301201888e-01,9.805545810420970496e-03,1.538091780491164795e-01,-3.517829597152515898e-03,2.404875608137077223e-02,-1.827974884194707439e-01,2.227400195727380905e-01,4.000464451657594345e-01,-2.850782842180319410e-01,-1.702096486455464130e-01,-2.392347145939917319e-01,1.553466085054531487e-01
-9.505891277724060062e-02,-7.819253954739927015e-02,-2.300966441960784203e-01,1.351577319442130998e-01,-4.088873592690834419e-02,-6.299646788357673999e-02,1.472507953555365900e-01,-2.136628754084105020e-01,-2.608749292624688576e-01,3.189870518234636521e-01,-1.442693789659746095e-01,-7.367819827146813993e-02,2.840630787479136443e-01,-1.797076830131080424e-02,-1.975252194836458475e-01,4.533994945288779554e-01,7.241783751036571237e-01,6.025238438328492929e-01,-1.701798251037316134e-01,-2.158599527975056942e-01,-1.243337163222644065e-01,-2.355346422957500518e-01,-5.151751419965869827e-01,-8.788780579476851429e-02,4.122502773989545344e-01,1.823719703211579835e-01,-3.960387237883283840e-01,-1.555290322141039683e-01,2.122429913591072567e-02,8.021528278583636706e-02,-5.569800443727749434e-02,-1.708958821809477557e-01,-1.581184865424991020e-03,-1.223999975160769763e-02,2.745224285995263511e-02,-2.704060832702798178e-01,-2.829409307571914556e-02,-1.827851030533480803e-01,2.074530113564780898e-01,-5.353864321568993501e-02,-2.808771525751959097e-01,-2.664783720823815649e-01,6.268045101031552990e-01,-2.478372347754956018e-01,-7.296314029404361856e-02,2.369542973428860333e-01,-8.925753470463408668e-02,-2.694815708101636620e-01,4.648696293190571205e-01,7.615941559557648510e-01,7.064116448910000567e-01,-1.384105020968723343e-01,-2.356625939308442941e-01,-8.042071190113632417e-02,-2.726016105223567076e-01,-3.817584612728727733e-01,1.260814672690438454e-01,7.105697541520202831e-01,5.553387094134397683e-01,-3.049186675803769453e-01,1.107242213512162413e-02,1.067325337839803712e-01,2.791320224948425355e-01,-1.758571913936769759e-01,-1.180586009812180509e-01,2.819895993645291435e-02,3.576624826886611319e-01,-3.961970226369461168e-01,8.898361518396136205e-02,2.395430179297144413e-01,-8.737082467583920375e-02,-2.529986614538150269e-02,1.567971718005170823e-01,9.528214441988541727e-02,1.599488573594377572e-01,-6.256823725178452256e-02,1.335509753645782172e-01,-3.224336463410950593e-01,2.839626770153932389e-01,3.454038821647089086e-01,2.205632655004201650e-02,-5.728046862342919820e-03,-1.955955989608870391e-02,8.645713816601159618e-02
8.585388100810548151e-02,3.081713806593097127e-01,-2.395877864189354944e-01,7.812728388963033344e-02,-9.974010807026919417e-03,-4.581655417992313573e-01,-8.584333152201199801e-02,-3.652115349628538565e-01,-3.173934023394264781e-01,2.523654298172671173e-01,-1.363494436227012385e-01,-1.229781511894561391e-01,9.360582728075562964e-02,3.281945479536375193e-02,-1.354943887189773710e-01,5.311342682295445705e-01,3.167993417483999097e-01,5.183999237258766213e-01,-3.038110695738451827e-01,-2.807999702810776155e-01,-1.993857523746971061e-01,-1.715584172991047596e-01,-5.100667757582625361e-01,6.228158955478520914e-02,3.236777888561460093e-01,9.627975178129502543e-02,-5.052996820725284000e-01,-4.078959403561822038e-03,-1.699393529495449584e-01,7.505608130462684824e-02,1.099099443870260179e-01,-1.280960013639559913e-01,1.668175773502821591e-01,5.415496054864040731e-01,3.396212761882985709e-01,-1.888313021300708494e-01,-2.210775705539307356e-01,-2.151742315154036023e-01,-4.504473294285239737e-02,-2.358601820512090941e-01,-3.829607606547045795e-01,-2.556872003562780105e-01,5.865784249317499421e-01,-1.632956885982148332e-01,-7.510337651253679025e-02,1.596592571494697133e-01,-6.516072293053469001e-03,-9.054967014075551712e-02,8.621182993905475156e-01,7.064116448909999457e-01,7.615941559557648510e-01,-2.413737485224186075e-01,-3.713918456472555252e-01,-1.022062144124826280e-02,-1.864937454568973141e-01,-3.539538267850362296e-01,3.946601643513446556e-01,7.337908918663641478e-01,6.607412462010633369e-01,-4.898361501767489745e-01,1.299543683046294751e-01,1.988594560739989636e-01,-8.314868864139776661e-03,-4.270233550976243464e-01,-1.228398261606571673e-01,9.398183469066956341e-02,2.475097750778085248e-01,-4.359185797970532850e-01,1.254271694079035215e-01,2.837587434154602017e-01,-1.676745878716172644e-01,-9.632040087781620907e-02,1.453621795621773127e-01,1.504095560781565921e-01,1.236677691435824206e-01,-1.325491628500496087e-02,6.531439300727805153e-02,-3.329465652875067128e-01,3.926330899099655936e-01,4.600395586320477070e-01,-1.193429968343788505e-01,-6.943118787791613400e-02,-1.069772453172910115e-01,2.772632441012732318e-01
3.636456162817680582e-01,4.979558331242221747e-02,9.420164424402241998e-01,3.394597171267704772e-02,4.490565756302247746e-01,-5.195536926647267156e-02,2.253811485759021072e-01,3.994257330491567948e-01,4.134569531669282649e-01,8.756935786422467838e-02,9.222110630657694985e-01,8.330969914106532703e-02,1.870035075694408688e-01,5.544525148912654577e-01,5.497661428199333011e-01,2.238893365934209179e-01,1.159817448341991797e-01,1.454798885112982831e-01,9.727004221499000458e-01,3.503313617173088867e-01,-3.965039899480235497e-01,4.235323997174275656e-01,1.781773806103490732e-01,-2.162281853336875947e-01,-1.702366964908985092e-01,3.307476056046018686e-01,2.339362346078559252e-01,5.159350021451294399e-01,1.029613776148089604e-01,1.982179262625761162e-01,-3.485406020001834138e-02,5.472605971672813707e-01,1.937897347292700245e-01,3.073614963784074630e-02,-8.159008613056993597e-02,9.071110548408508611e-01,-2.606443455983272622e-02,4.311053906305697403e-01,-4.219521572207567406e-01,-1.043236650786542319e-01,3.796990508346781978e-01,3.397920366530109426e-01,-7.054066439739821448e-02,8.908991604090160665e-01,6.242809213172551691e-02,-2.331124966112397279e-01,5.907663561000151553e-01,4.508272017633593864e-01,-3.516160539169077559e-01,-1.384105020968722233e-01,-2.413737485224185519e-01,7.615941559557648510e-01,4.119813386263286858e-01,-6.011745109367144790e-01,3.757979993486488812e-01,2.038588140458050535e-01,-4.232681437869654228e-01,-5.861758579075093678e-01,-2.261013775646010249e-01,2.134871729924319173e-01,3.252399842425660603e-01,-2.656684216781776131e-01,6.244793653017104151e-02,-1.439135793684774012e-01,5.562134485871871314e-01,1.412455591059427404e-02,-3.456522283959202468e-01,-2.083527420978932287e-01,-6.021510927234786648e-01,-4.099622309021307420e-01,-2.650672688135220778e-02,2.059626630185591722e-01,-9.928289945118221049e-02,-2.432119581047623991e-01,-8.221602248104324662e-02,-2.585252772026903068e-01,-4.386710807932322868e-03,-3.268822800268735285e-01,-4.188207161320088856e-01,-4.415757605276751652e-01,1.732332828032119298e-01,2.401981677196217413e-02,-8.261301528278265638e-02,-3.363827122703759720e-01
2.241974720909083174e-01,-1.734261400048640045e-01,5.196364667739208354e-01,8.005600682183651451e-02,5.684660550129967405e-01,3.174698857239167671e-01,4.003460336087522609e-01,3.743585503927261415e-01,6.047954092370557699e-01,2.144309154502997694e-01,4.627564876011576733e-01,5.585106292862090926e-01,3.042965688153469461e-01,5.441020580627459191e-01,6.519533933317973595e-01,-3.259230941002536630e-01,7.281355055113633568e-02,-2.750225928186084690e-01,3.704222358202153287e-01,9.516481206968679940e-01,-1.777490287225274579e-01,6.296515099019831530e-01,3.221418143473335216e-01,2.690708412319026133e-01,-3.280953533485815310e-01,1.921855140799240969e-01,6.546060765283343574e-01,6.229050515614847905e-01,3.808402920947148163e-01,-1.383599995434982646e-02,8.499614116645060752e-03,8.044031125171126062e-01,4.373194626914489458e-01,-2.316635984721750197e-02,-5.321650807792499549e-02,5.587544486920739129e-01,2.143833260090018955e-01,6.361257184428023015e-01,6.055470981332220642e-02,4.792215734581954378e-01,3.899052795523035297e-01,5.535780893476111020e-01,5.280586518704873805e-02,5.776807778654075021e-01,4.489777100148362177e-01,1.518445070838968236e-01,4.765456067771696724e-01,5.965462799233429703e-01,-5.285771782201179603e-01,-2.356625939308442663e-01,-3.713918456472555807e-01,4.119813386263287414e-01,7.615941559557648510e-01,-3.025338624042854807e-01,8.521166093669917396e-01,3.439304516093123487e-01,-1.116699864199168363e-01,-5.546674744576558513e-01,-2.374626097274663561e-01,6.919643236953494370e-01,6.354880280908015155e-01,1.266144423442661093e-01,-9.014025579552277512e-02,2.283313741144847586e-01,6.872300773583238653e-01,5.190666294272975323e-01,-3.546681568629505565e-01,-1.131663916968197875e-01,-3.996914481126917496e-01,-3.147750184832983633e-01,-2.419481778466824051e-01,5.449898575396696643e-01,-2.364079576843942654e-01,-6.552676390402720208e-02,-3.956803570679027215e-01,-4.547601278365399624e-01,-1.155153037263661475e-01,-3.059176600511542277e-01,-4.329777696576980195e-01,-3.886484247438592443e-01,-8.331210073958061901e-02,4.163879607949841910e-01,1.595238976006037313e-01,-2.792076550560553261e-01
-1.994301212000743062e-01,1.727427302781653073e-01,-3.673618451005016827e-01,4.031020120596301437e-02,-1.907150962521953208e-01,-6.803480011627872914e-02,-2.093174678450898316e-02,6.539428128436415577e-02,-2.535513362196691323e-01,-4.753330033148624179e-02,-4.143124485955558822e-01,-2.043185954845382415e-02,4.692723571550464629e-02,1.032096793964700767e-03,1.472564000856672883e-02,-1.344568211908773736e-01,1.540674743047963299e-02,-1.070597878695908056e-01,-6.325522659392482927e-01,-3.068207881172817508e-01,7.576742203607285120e-01,-3.582871178427389225e-01,1.762909825569960662e-02,2.655818197846716022e-01,-1.346518546042259623e-01,-3.161205482271910450e-01,-4.327469544488840025e-01,-8.128161126781983936e-02,-2.051668418796873949e-01,-3.212357056051746707e-01,8.148247411224365799e-02,-3.064899727598600562e-02,2.906878752362424545e-01,9.283190237875622863e-02,3.805984286629430779e-01,-3.334447704330257833e-01,9.877027018740154596e-02,-2.141999959149104849e-01,2.707922957410440756e-01,-4.798124674392390682e-02,1.796590506239216858e-02,-2.243446547125002855e-01,4.707141610002642945e-02,-3.375671314168549597e-01,1.229629475443914793e-01,1.863409488449698781e-01,-9.830912278162753926e-02,2.152141207027775671e-01,6.594949094350721630e-02,-8.042071190113633805e-02,-1.022062144124826280e-02,-6.011745109367145901e-01,-3.025338624042855917e-01,7.615941559557648510e-01,-2.965023721022379544e-01,1.961199599009808003e-01,5.107526324906223048e-01,2.301724217763180536e-01,1.396637101417123328e-01,-3.731559089828606068e-01,3.249768979494837423e-02,2.160661178035847008e-01,-7.997759022201088308e-02,-1.815771551328407840e-01,-4.316010951370929938e-02,2.221911523481978623e-01,-1.576304979072505053e-01,-3.131970269249194083e-01,1.936799365913493068e-02,-5.458439597231534018e-02,-1.961151689515459318e-01,-8.298803959732521315e-03,-2.723650649644607236e-01,3.763447737895150302e-01,1.761301038961692392e-02,-3.536523206762540172e-01,-2.647643701775877489e-01,-3.200362285364963255e-01,-1.989804165085621301e-01,-9.716006307030403133e-02,-2.582260619083079356e-01,-1.945943714991483359e-02,-2.683709108240007191e-01,2.389840457953839870e-01
3.043738314118722976e-01,-3.343761957355682185e-02,5.292029609409428792e-01,5.846963240580269755e-02,5.730938560615476129e-01,1.141872122127500638e-01,2.734225389008233531e-01,2.411113057783581537e-01,5.133297938906792313e-01,1.108658604207170550e-01,4.955407437354572564e-01,4.255128643324024851e-01,2.819690901569818497e-01,5.132708152285100356e-01,7.154947514247476104e-01,-1.194996435986673267e-01,-7.423173133818150582e-02,-1.915762669535622520e-01,3.208142540832215617e-01,8.523881828723055554e-01,-1.996304365180476548e-01,8.743639600230228570e-01,2.052707811764845347e-01,2.050736711274312174e-01,-3.420051310382432042e-01,3.293512647139923977e-01,6.218236561779043603e-01,7.145472080657759850e-01,4.368919927029172867e-01,-2.848969575467476256e-02,-6.451094525261405477e-02,8.462705375842771716e-01,4.685307058382003897e-01,2.199471455227998418e-01,8.003802385212045734e-02,5.922094676849818384e-01,1.252416238040261198e-01,5.909951776311904714e-01,-4.348115531927124189e-02,3.399333979247447513e-01,2.470726483903146198e-01,4.538241264793649865e-01,2.112405215698493280e-03,5.597988694076559968e-01,2.545379335304394641e-01,1.499459101655447879e-01,4.822911142173067489e-01,7.028706020434442037e-01,-2.613747160849649309e-01,-2.726016105223565966e-01,-1.864937454568972863e-01,3.757979993486488812e-01,8.521166093669917396e-01,-2.965023721022379544e-01,7.615941559557648510e-01,2.644095572548312290e-01,-9.566349140781098270e-02,-4.583743751135268552e-01,6.193872433559751561e-02,6.249942838545576862e-01,6.686930258806508265e-01,2.242640996568077139e-01,-2.101960495915345395e-01,-2.241074302626403121e-03,7.114128635060488204e-01,5.446903506148201846e-01,-2.200399584848727608e-01,-1.648929972602633798e-01,-3.510035048165642269e-01,-2.043147858060883337e-01,-2.297548947708680789e-01,6.096858295803391226e-01,-1.037113609230453926e-01,-1.929314521652632508e-01,-2.123185653618605562e-01,-3.837036753928088073e-01,1.562341728445615190e-02,-3.016714817238910773e-01,-3.222039886986731716e-01,-1.567937059981896475e-01,-4.513709508879482774e-02,4.019582001508923419e-01,1.417746562164540480e-01,-2.814641179795050463e-01
9.752033970015258624e-02,1.950217003354254852e-01,4.526221339379981057e-01,1.585270764627785519e-03,2.629211927731195386e-01,2.110408273990522221e-01,1.293447461161811862e-01,6.530625887843491961e-01,1.605642492473243615e-02,-4.679533084384916025e-02,3.639838168905347726e-01,2.655560818406139667e-01,-1.922371861692078604e-02,6.092891755108056362e-01,3.562515348940571425e-01,-3.072032816576561465e-01,-2.033076703019866260e-01,-3.290511126597417957e-01,2.046697492806999474e-01,2.950881197719632532e-01,3.520078476962436032e-01,1.959949904622980965e-01,7.957426129260291026e-01,1.040868790863718196e-01,-3.788730557668004706e-01,4.853880565323032831e-02,2.758601535676696859e-01,5.024694624632661810e-01,1.675780953882561042e-01,-3.218185465080148355e-01,1.657523205797532539e-01,5.808266860621904559e-01,3.166219337242819898e-01,1.994272630305833072e-01,1.254222482837341335e-01,4.885160633889478188e-01,3.474037657632781384e-01,2.519482954876853809e-01,3.875595828147798128e-01,5.745924201840144074e-02,6.900567426115000735e-01,-3.733141484141615229e-02,-8.182381995334142566e-02,4.128386964247812152e-01,3.914815441237131100e-01,5.895105553879007032e-02,5.643339763513065543e-01,4.136533110946554737e-01,-3.359277797506988184e-01,-3.817584612728728288e-01,-3.539538267850362296e-01,2.038588140458050257e-01,3.439304516093123487e-01,1.961199599009807448e-01,2.644095572548312290e-01,7.615941559557648510e-01,7.772861010614397215e-03,-3.557697470278993745e-01,-1.215407046597484914e-01,3.329250569599285225e-01,4.100430461531610615e-01,3.068281714600533047e-02,-1.215354557572728145e-01,3.284725571616725626e-01,5.670845009789355906e-01,3.319750747014410530e-01,-2.281193465384477870e-01,-2.163674954724872576e-02,-2.184603876675330347e-01,-1.049004681289324586e-01,-5.147645921218031717e-02,2.785981588196156933e-01,-1.949986009591718750e-01,2.488304597507933480e-01,-1.694379154092899575e-01,-2.169733050041449951e-01,-9.555786779180641677e-02,-1.843633676679683753e-01,-2.830068509048578873e-01,-2.047647211976640069e-01,1.365717059706427101e-02,1.051017666805435513e-01,1.357557062123349589e-01,8.867586779219184534e-02
-6.984357852137383638e-02,5.489920694006907853e-01,-3.348177143218243335e-01,2.673089278528235635e-01,-1.092853507122858725e-01,-1.640053422615537215e-01,-2.482602059718755361e-02,1.709148650103788913e-01,-1.830716484389820486e-01,5.807639350388473787e-01,-2.842795298967331630e-01,5.174829045082258716e-01,2.205739108577460528e-02,3.298503728214224884e-02,-1.372770351346269679e-01,8.261700837701187183e-02,1.983917402792116091e-01,2.433720620919778421e-01,-4.436869433887357661e-01,-1.700794229135755842e-01,4.655388893181108267e-01,-2.273231677468397494e-01,-2.022729343193383628e-02,8.775757485426265436e-01,1.886634246088114975e-01,2.817758513597561909e-01,-2.632494683132972635e-01,1.732183847778020480e-01,-1.817938327692963235e-02,1.224987532836858822e-01,4.359871192240568072e-01,9.022808598383673384e-02,4.672424518294763240e-01,1.577067770049415951e-01,6.104604709133052420e-01,-2.873100154494530600e-01,3.696863272199857331e-02,-1.999828982691155901e-02,1.494048645793666363e-01,1.398976418194717783e-02,1.612128080204992264e-01,-5.627896301342465851e-02,5.477113340006518616e-01,-1.661177336225253265e-01,6.447181687104469594e-01,2.482374075057295626e-01,-1.051772768191409912e-01,-4.431399966456682493e-02,1.033796740141474380e-01,1.260814672690438731e-01,3.946601643513446001e-01,-4.232681437869654228e-01,-1.116699864199168640e-01,5.107526324906223048e-01,-9.566349140781101046e-02,7.772861010614487420e-03,7.615941559557648510e-01,3.907339193507728403e-01,5.065900160476510816e-01,-1.835550345887406731e-01,2.862629859489892459e-01,2.295498086861688936e-01,2.672563443207610634e-01,-1.098898537134036651e-01,9.554985970078648527e-02,3.669921906673276890e-01,4.659508024752506694e-02,-1.926758218915416709e-01,1.434498080210430127e-01,1.127186420761791819e-01,1.678969077504883778e-01,3.774714051099469642e-02,-2.454812892857301532e-01,5.051112183928174737e-01,2.084107991905567725e-01,-1.131339908410023826e-01,-4.087511727080751084e-02,-2.091983602458749314e-01,2.060662281956927855e-01,4.625059683420697232e-02,1.275613282203236221e-01,4.591538085897833160e-02,-7.960671858008347423e-02,5.180875136961659022e-01
-1.649194821702688885e-01,2.288323213447636673e-01,-5.193929362125815352e-01,1.546953540235798952e-01,-2.010427105391800195e-01,-2.521043512851429136e-01,-7.436064750955764802e-02,-4.696000270777134222e-01,-4.873770662207050353e-01,2.145874605058938900e-01,-4.991807326124581556e-01,-1.923068650465240281e-01,5.920281353594680773e-02,-1.196834381379051349e-01,-3.777484575139384293e-01,3.090259811566970494e-01,4.416467553906150978e-01,3.609181331169994400e-01,-6.418556551415837141e-01,-5.675403748340202004e-01,-5.323024778231079390e-02,-4.902296112252924054e-01,-5.599897817835712832e-01,8.170131579900407823e-03,5.223346356584346317e-01,-1.347022566704954849e-01,-6.474729057879629046e-01,-2.357611095663800505e-01,-2.196914253955622454e-01,7.382020456318129364e-02,-3.114366759215531771e-02,-2.469973217309825442e-01,6.870394955341353749e-02,2.245821075674376277e-01,2.697639957405205124e-01,-4.797253752049585040e-01,5.862799777218726666e-02,-3.189111453581855993e-01,2.703029655059373537e-01,-6.480104749198598024e-02,-4.098244808896393532e-01,-4.016167849529369560e-01,5.984056496324708929e-01,-4.753427873024060335e-01,-5.668637865874972398e-02,2.749148063143154741e-01,-8.821285144760397656e-02,-3.230072132388244199e-01,6.824014845638952664e-01,7.105697541520200611e-01,7.337908918663641478e-01,-5.861758579075093678e-01,-5.546674744576558513e-01,2.301724217763180536e-01,-4.583743751135269107e-01,-3.557697470278992635e-01,3.907339193507728403e-01,7.615941559557648510e-01,6.180254320883600272e-01,-6.298824307785466647e-01,-5.635554020928236485e-02,2.166092922152246525e-01,2.230089000122781606e-01,-1.481401516086490178e-01,-2.125471439565602694e-01,9.138721671007932201e-02,5.167020485256700324e-01,-5.089586321948250669e-01,1.810399251989505964e-01,1.706930661876298050e-01,-8.847781547765848353e-02,-1.233362153621495039e-01,1.122594136424206746e-01,2.359319187147849162e-01,1.951351546132495396e-01,1.759860379147744069e-01,2.160905130451685197e-01,-3.554152487801111038e-01,2.214277269974711526e-01,3.872945021066895865e-01,-1.653297683986466315e-01,-2.402284279029505976e-01,-1.195647518326761333e-01,1.846440306608030935e-01
1.012889125379983629e-01,4.368661926753803493e-01,-1.363665717352587348e-01,3.626464659307748195e-01,1.175626314620233648e-01,-1.477452329305203038e-01,3.625190999477612142e-02,-1.239072227732637560e-01,-2.793769991270545483e-01,3.375107476579281007e-01,-7.857472063024079079e-02,1.003498018609591813e-01,3.157763051881155580e-01,1.981781987885149476e-01,-4.888915827951872961e-02,4.113572650465328051e-01,3.857330816895701009e-01,4.161910032996257169e-01,-3.011605325638357922e-01,-2.905656286777401065e-01,8.584464436368428875e-02,-1.368115413314860696e-01,-2.997258300408293108e-01,2.409088949738257823e-01,2.033186175115351546e-01,3.561493239454875948e-01,-4.458589749140287051e-01,3.404981202875612123e-01,4.125171850418445085e-02,2.740377479584381604e-01,2.185862137526473625e-01,2.818184483110472982e-01,3.182554566629478554e-01,4.992715230375406876e-01,4.570765368388639005e-01,-9.505081449268416860e-02,1.067319307387785271e-01,5.728676594126996986e-03,3.172704775522220411e-01,3.871090655099167915e-02,-8.396192958200653089e-02,-1.485801002308384522e-01,5.610790101630530602e-01,-9.737987491734766132e-02,2.720227471517999152e-01,5.281505216091155752e-01,2.407241701037299286e-01,6.576163273994196576e-03,5.649343728253758412e-01,5.553387094134398794e-01,6.607412462010633369e-01,-2.261013775646010249e-01,-2.374626097274663561e-01,1.396637101417123605e-01,6.193872433559755725e-02,-1.215407046597486718e-01,5.065900160476509706e-01,6.180254320883600272e-01,7.615941559557648510e-01,-3.105272942714579765e-01,4.182457657690344943e-01,2.884050360592823048e-01,2.507565870959361232e-01,-5.369108435062225348e-02,2.060042365423693511e-01,2.826709736265227702e-01,3.901486257271776781e-01,-4.282012767493880712e-01,4.253887908128731188e-02,1.698804034195387225e-01,-3.818089417864390430e-03,1.703746111733616883e-02,-7.906510959604524588e-03,1.239161751054398408e-01,1.799332428047854815e-01,2.780639554441690915e-04,1.678886176694507071e-01,-2.398516925250462062e-01,2.670222738819802433e-01,3.207228167771937755e-01,2.895001787673772906e-02,3.598505493436226360e-02,1.095948902913393246e-02,1.789705673640192007e-01
1.301721633776410925e-01,-2.374245083515950094e-01,4.470804248992266694e-01,1.632776595846580081e-01,6.006105245595547704e-01,2.341068350138555132e-01,5.303461943902489928e-01,2.349896316391316131e-01,6.313776777406648888e-01,2.377680555568769533e-02,4.397503227973859063e-01,3.828465790411796910e-01,1.986912446902924234e-01,3.572827199237104678e-01,5.022530548558126196e-01,-3.358767583605436480e-01,-1.326732930164609414e-01,-3.217905222981577440e-01,1.453101538838959539e-01,6.383608191152677636e-01,-2.150234487913319781e-01,4.537927421986353016e-01,2.997663214956113320e-01,1.141231672407063830e-01,-4.547795226308745664e-01,1.346003591693914481e-02,9.140629251041827441e-01,4.413116142897637317e-01,2.773251181262993970e-01,1.224317889941475314e-02,2.131934785238105146e-01,5.775107213809215212e-01,2.151746864386080427e-01,3.620352032712566975e-02,-1.458181767489453717e-01,5.182183182857745818e-01,3.145587769338714645e-01,6.096023963376878685e-01,5.041718436207860699e-02,5.845510922031542655e-01,2.248996641118353457e-01,5.884728629400501898e-01,-1.921104086500491359e-01,5.039844696920898759e-01,2.479305560966208466e-01,8.305059758789126723e-02,4.451562307361879856e-01,4.141184093114186893e-01,-4.929648520561370484e-01,-3.049186675803770008e-01,-4.898361501767489745e-01,2.134871729924319450e-01,6.919643236953494370e-01,-3.731559089828606623e-01,6.249942838545576862e-01,3.329250569599283005e-01,-1.835550345887406731e-01,-6.298824307785466647e-01,-3.105272942714578654e-01,7.615941559557648510e-01,3.532287918651315084e-01,1.480527114463662253e-01,-1.339758801746621097e-01,2.886268381975357067e-01,3.596456355262013793e-01,1.673401833643127501e-01,-3.798626427484589341e-01,-2.168668120228303131e-01,-4.007266811776107329e-01,-4.470788408358367105e-01,-2.376525382498363703e-01,6.258376971561919744e-01,-1.909309246739229748e-01,1.531168932589355332e-02,-2.547940339485871841e-01,-3.452952652374324249e-01,-2.121360396370369217e-01,-2.318547838008900852e-01,-4.586865038432464958e-01,-4.908718664004004806e-01,-2.130723495330521244e-01,3.849195730009613015e-01,4.410312661511983645e-02,-1.714488807622572830e-01
4.445421306247368531e-01,5.400947709310471856e-01,4.325791625529680218e-01,3.667548895230307027e-01,6.980405417253070510e-01,9.530555955002617541e-02,4.667436854909376986e-01,4.372156718580278434e-01,3.054302710666743637e-01,3.331477019732551614e-01,5.023910331900262038e-01,4.965450334651534958e-01,5.222103714310081246e-01,5.276445560994265094e-01,5.814339406208293148e-01,1.294376989458905225e-01,7.284505026361910718e-02,1.619558666900805799e-01,2.828587481009396387e-01,7.081201874483945558e-01,7.965858575782362727e-02,6.340790532163195214e-01,3.065885937891711377e-01,3.677820570135328371e-01,-7.718582654963934524e-03,5.128630305245351906e-01,4.515502712721422007e-01,8.691314631091525689e-01,6.331975264871961828e-01,-3.842399873498986845e-02,2.070996950681975868e-01,8.817762086846611114e-01,7.773070535429015271e-01,3.789990958206890248e-01,4.213605356514611433e-01,4.456684390382997796e-01,3.037698402860871116e-01,6.958791975874090152e-01,6.246189277851240534e-02,3.811333419527527799e-01,4.387973237440411789e-01,3.602338740417473928e-01,3.722422549786921775e-01,5.512410276935628684e-01,4.616568943098809386e-01,4.581932177080866309e-01,5.175161791058991989e-01,5.905680884828338195e-01,-5.651446945604179928e-02,1.107242213512165188e-02,1.299543683046294196e-01,3.252399842425660048e-01,6.354880280908015155e-01,3.249768979494848525e-02,6.686930258806508265e-01,4.100430461531610615e-01,2.862629859489890238e-01,-5.635554020928238567e-02,4.182457657690344388e-01,3.532287918651315084e-01,7.615941559557648510e-01,5.041907187226962739e-01,1.176229003792264166e-01,-1.403671916566580635e-01,7.991277021128714297e-01,7.955386020671253444e-01,-1.797214517996459926e-01,-2.762813008389034541e-01,-3.280246890436046003e-01,7.623699994538581104e-02,-1.589136858429278099e-01,5.340471719603796519e-01,1.413814888188899277e-01,5.314911834753731357e-02,-1.490826277724036086e-01,-4.061976743927591671e-01,-5.567820508697255560e-02,-4.553405296351056286e-01,-2.559356433207612969e-01,1.314400061161367650e-01,1.258151973917678579e-01,4.465325975330569075e-01,3.536718546885944114e-01,7.094995275195330187e-02
2.167024834256759958e-01,5.239208474699141860e-02,-1.409580561278810443e-02,2.531160809722201588e-01,3.260421917465609609e-01,1.888734619097805489e-01,4.348884777749587593e-01,-1.275298053943820509e-01,1.502224463242083918e-01,-2.361455116759564321e-02,-3.917141452741521729e-02,1.746795012089720767e-01,4.860561102729196725e-01,2.102549861600915837e-01,1.412899620262405009e-01,3.868768679364369134e-02,1.204622748601569537e-01,4.241289312912425308e-02,-3.663090239878725729e-01,2.029721583722061129e-01,1.233664289454948354e-01,1.657678428090374190e-01,-6.143598188003318583e-02,1.284150974928057187e-01,1.170307833174684398e-02,-2.764865418191114407e-02,2.188083574906307949e-01,3.519123512866890735e-01,4.513230079431319042e-01,-1.338320984858257234e-01,1.525350292887278358e-01,4.203645074672934245e-01,4.941279304521165039e-01,4.626531818520149275e-01,3.079553544408012433e-01,1.832737064387501488e-02,1.946760399449154189e-01,2.457949610495813730e-01,3.151294648754446870e-01,3.541994994463003588e-01,-1.583226530512695518e-01,2.165701747964805246e-01,1.473351507092488244e-01,5.399278110130663680e-03,9.267987830169698016e-02,4.231570538905060075e-01,1.564980979625384960e-01,2.457310353149473603e-01,3.171604418440832074e-01,1.067325337839803850e-01,1.988594560739989914e-01,-2.656684216781775576e-01,1.266144423442661093e-01,2.160661178035847285e-01,2.242640996568076583e-01,3.068281714600535823e-02,2.295498086861688658e-01,2.166092922152247080e-01,2.884050360592823048e-01,1.480527114463662530e-01,5.041907187226962739e-01,7.615941559557648510e-01,-2.819027014314869906e-01,-2.034145550532240609e-01,2.416392155182506274e-01,4.770646085289615423e-01,-1.674421255723637647e-01,-2.578692384437981655e-01,-1.908581315943084222e-01,-6.600304818208627133e-02,-3.967041663719634847e-01,4.164549653302702104e-01,-7.395136567431556673e-02,7.226027877136677324e-02,-1.157577727470501111e-01,-3.067538321357648479e-01,-1.449527388259204685e-01,-2.552353214966420758e-01,-2.076813091282047330e-01,1.568016193612284739e-02,-3.031392592079985571e-01,2.472015425986392734e-01,-1.955542280891778562e-01,4.894895065753735591e-02
5.759793007255611247e-02,1.395077356802137958e-01,-4.050298989933153598e-02,2.368828087971248664e-01,6.973047628768322403e-02,1.335900717245146474e-01,2.699715069104806631e-01,1.172258568913666921e-01,-7.165226499619808953e-02,3.228351582172072631e-01,7.319569315551012478e-02,2.131603359605555581e-01,1.855196627922956198e-01,1.776800109401349692e-01,-8.417483316948298766e-02,8.762360334192360878e-02,3.913412005374177216e-01,2.412417010851800603e-01,1.737246162096340793e-02,-1.911554386995221455e-01,9.144816457238137686e-02,-2.118182334726617932e-01,-1.503092369200998146e-01,2.048486986001826493e-01,3.609927916324578434e-01,2.319343916511272252e-01,-2.262945253256837264e-01,1.224457570639892884e-01,-1.830827768439100556e-01,7.181136847824837188e-01,5.112493929376839968e-02,4.281790698433802361e-02,-4.884455809286905592e-02,-1.065202238632334680e-01,-2.244312741843033226e-02,-4.816559011335762308e-02,3.652090822402705994e-01,1.655803560133618513e-01,1.227686384778516188e-01,2.260124958222550218e-01,9.586472983812084625e-02,-5.613705497962109998e-04,4.314717270059107435e-01,6.265821308561703162e-02,3.143955582334100329e-01,7.071399864947408576e-02,2.598090563190841307e-01,-2.247901815541827608e-01,-1.268709318298465449e-01,2.791320224948425355e-01,-8.314868864139721150e-03,6.244793653017100682e-02,-9.014025579552280287e-02,-7.997759022201071655e-02,-2.101960495915346228e-01,-1.215354557572728145e-01,2.672563443207610079e-01,2.230089000122781051e-01,2.507565870959361232e-01,-1.339758801746621375e-01,1.176229003792263889e-01,-2.819027014314871016e-01,7.615941559557648510e-01,2.851531231446111092e-01,6.155741123995778219e-03,-9.643592541507348126e-02,1.744134670211487659e-01,-3.331333018353693221e-01,8.220317836658679045e-02,1.363118108702996434e-01,1.024858220532655628e-01,-2.871714317681976769e-02,1.577437225183653258e-02,2.502975485711970705e-01,6.889248364583484829e-02,2.003735560385647430e-01,2.158750171555434139e-01,-2.500401885340985397e-01,1.819187895810569222e-01,1.668461207054117712e-01,1.575905490107558649e-01,-3.131277335108145071e-02,1.573985378475330765e-01,2.101420125758313162e-01
-2.154355427809340473e-01,-1.009891884486008584e-01,-1.229807408818441895e-02,1.006499757346136781e-01,1.547414174357946426e-01,3.475626500278284348e-01,3.832685627560961650e-01,1.538888697470646993e-01,4.038194351565020657e-02,3.670448295791191307e-02,-8.994428576733574932e-02,1.375938578750988406e-01,-2.140668047849601536e-03,1.707667672684446969e-01,-8.185070444847551696e-02,-4.011258875444939642e-01,-1.031795002246226889e-01,-3.124840612715657495e-01,-1.545727876821386404e-01,1.700318386051591912e-01,-1.013478251198260925e-02,-9.253489826224926829e-02,1.718267167947884200e-01,-1.061823715552520642e-02,-2.547498526712990152e-01,4.902632899368244979e-02,2.534402402864189274e-01,-2.007450906358200782e-01,-1.245219077943544306e-01,8.445484308024697739e-02,-1.326637353729706072e-02,-1.139585378845301977e-01,-3.309779585014224756e-01,-3.363721317044531256e-01,-1.534734543847124655e-01,-3.621487394179023767e-02,6.510377743728501532e-01,2.288498938266128047e-01,3.791075784636780410e-01,4.507241473119121822e-01,2.210133026423251046e-01,7.589474251201042132e-02,1.360103952363501678e-01,-3.532390435970648307e-02,2.308466387236101924e-01,1.263929860766759283e-01,1.883636618388287443e-01,-1.427856694850244967e-01,-4.769863550454907508e-01,-1.758571913936769759e-01,-4.270233550976243464e-01,-1.439135793684773734e-01,2.283313741144847864e-01,-1.815771551328407563e-01,-2.241074302626388376e-03,3.284725571616725626e-01,-1.098898537134036651e-01,-1.481401516086490178e-01,-5.369108435062226736e-02,2.886268381975357067e-01,-1.403671916566580080e-01,-2.034145550532240609e-01,2.851531231446111092e-01,7.615941559557648510e-01,-1.496880241357440577e-01,-1.619157224122936001e-01,1.884432260148649618e-01,-3.673844467889996190e-01,-1.371766359283555503e-01,-2.943690898616374008e-01,2.179807171341884009e-01,1.625482892896980835e-01,-3.121704863041227865e-02,-1.224105795582797890e-01,1.405379718301141279e-01,-1.487251651488765564e-02,1.107285935266401622e-01,-2.983020774371935580e-01,-3.756232165834505476e-01,-3.224468184541446347e-01,1.240792155060784913e-01,1.693751955090651296e-01,1.778099763723950955e-01,-2.138026661581057530e-01
3.196898681011856036e-01,4.105096173222381184e-01,5.783547727937424776e-01,1.783982242657399520e-01,4.540005249725870273e-01,3.586316986557962494e-01,1.826050261239881012e-01,5.774821229081507079e-01,2.256474319797017181e-01,2.261751625749034832e-03,6.238800032220391811e-01,4.531694005363057776e-01,3.479091752994231679e-01,6.618762259503135903e-01,6.326283864699489001e-01,7.446882962872774722e-03,3.223499469261190825e-02,-9.234666174073513645e-02,5.416608395761458583e-01,6.967899448966335951e-01,4.550562956371378975e-02,6.942420259325008391e-01,5.235911938470620974e-01,2.999711697134058164e-01,-7.860452715706262028e-02,5.638563063068762204e-01,4.138918109639601606e-01,7.741764581432503123e-01,4.603593911899340752e-01,3.349149662529193189e-02,-7.186778881040117861e-02,9.631560438648004707e-01,6.090143945695634109e-01,-3.149809361838117050e-02,3.567430148014943403e-01,5.775339846437621549e-01,1.964801364624070845e-01,4.824707251549582576e-01,1.042826396316239163e-01,4.322001134638617237e-02,6.110771352600702366e-01,1.591798578572820588e-01,1.001905025393482335e-01,6.242484475581379089e-01,4.051002523914882247e-01,2.428023257976403768e-02,6.231320642389406306e-01,6.481836630670336774e-01,-2.748143975838248099e-01,-1.180586009812180509e-01,-1.228398261606571673e-01,5.562134485871871314e-01,6.872300773583238653e-01,-4.316010951370931326e-02,7.114128635060488204e-01,5.670845009789355906e-01,9.554985970078649915e-02,-2.125471439565601861e-01,2.060042365423693789e-01,3.596456355262013793e-01,7.991277021128713187e-01,2.416392155182506274e-01,6.155741123995764341e-03,-1.496880241357440577e-01,7.615941559557648510e-01,7.145766154022598071e-01,-3.020824680138969320e-01,-1.138606319031434388e-01,-3.751678974342773087e-01,-1.499491243206999558e-01,4.705247096945071317e-02,6.278619899469417565e-01,-3.155632984783204864e-03,-2.355174722231662965e-01,5.924718346549744108e-02,-3.480729662712636618e-01,-4.917975955968444807e-02,-2.671258699366130251e-01,-3.458872493828334949e-01,1.921601218059643124e-02,3.069414985188128608e-01,5.189139662454425039e-01,2.256664966186458787e-01,-2.318916063032774866e-01
2.849484754846149381e-01,5.429485167651897370e-01,2.445889307930184664e-01,3.316823041760400548e-01,5.909336336805460776e-01,2.194704045748119003e-01,2.998317827839728777e-01,3.802663017553087887e-01,3.141425549061107048e-01,1.929556132782657973e-01,3.039531638143766479e-01,4.629176030810096543e-01,4.047451727258578047e-01,5.160137215171016756e-01,4.461286704942998282e-01,4.784782522550681816e-02,2.303869401181582455e-01,5.298539085762454109e-02,-2.872865914125233289e-02,5.719769746074604422e-01,2.151045028826394367e-01,5.248717653261673055e-01,2.401428809040031809e-01,3.676925436984924134e-01,-3.450730019258193421e-02,3.177641847911821249e-01,2.149580091582677932e-01,6.378620933210877864e-01,4.513642983375109052e-01,-4.855517936662015477e-02,3.170383470334991322e-02,7.788936124184862031e-01,8.705705751140041526e-01,2.593955791715992221e-01,5.792200940898334371e-01,3.238774014826724112e-01,1.986293128175175560e-01,5.504703418726072384e-01,1.502795084600591913e-01,2.583209099514446327e-01,3.405726799797741400e-01,3.839215710231728695e-01,3.166014730350470430e-01,4.192235161606370220e-01,4.154475215107633623e-01,2.926691462230922025e-01,4.861684649851567563e-01,5.270898468433367068e-01,-1.052931659004008036e-01,2.819895993645290047e-02,9.398183469066949403e-02,1.412455591059421853e-02,5.190666294272975323e-01,2.221911523481978346e-01,5.446903506148201846e-01,3.319750747014411085e-01,3.669921906673278000e-01,9.138721671007933589e-02,2.826709736265228257e-01,1.673401833643126391e-01,7.955386020671253444e-01,4.770646085289613758e-01,-9.643592541507348126e-02,-1.619157224122936556e-01,7.145766154022598071e-01,7.615941559557648510e-01,-2.762708695064354236e-01,-2.446557608370902581e-01,-9.445179019646912644e-02,2.683356772997575954e-02,-2.242164773329529126e-01,5.665482081965101946e-01,-3.497746260158109133e-02,-1.721138450403539646e-02,2.504412436587027599e-02,-4.109654251087594967e-01,-1.409771948378815143e-01,-3.030880874783189460e-01,-1.731105626007291565e-01,8.071322897246951955e-02,-2.129281484779897010e-03,4.899189318098692847e-01,1.568984655723327237e-01,-3.099626860943940562e-03
-1.643627295186936565e-01,-5.691022126452074253e-02,-3.867646910464762056e-01,3.733693410049071515e-02,-4.491925289588504788e-01,-1.797316731882022400e-01,-1.568167253072521861e-01,-3.473480483236730532e-01,-5.174288558403694616e-01,-2.226340790751722351e-02,-4.591088511095447466e-01,-1.612150005448957923e-01,-2.379287008565047767e-01,-2.394478944588643576e-01,-2.159620573543961364e-01,5.573693005505722838e-03,2.149245870661968538e-01,1.648032391694951859e-01,-4.166577332344181261e-01,-3.185071897790281992e-01,-1.577271004576437929e-01,-2.748574252985602207e-01,-3.892958054898235098e-01,-1.244545197982943330e-01,2.348079270236594351e-01,-3.872745731495033650e-02,-4.226606591386541933e-01,-3.329636546373890837e-01,-3.792127681324566346e-01,8.061185848644931984e-02,-2.514830732958616144e-01,-2.858965016280879956e-01,-3.421668313681040519e-01,4.943526119162929694e-03,-1.999728772317618530e-01,-3.820889740531819290e-01,-2.804599068717836263e-02,-4.710159875060377366e-01,1.975059228513585396e-01,-1.987205380748104377e-01,-2.616345037943606511e-01,-4.894735629360615348e-01,1.911236418709764684e-01,-5.193893875256238024e-01,-7.201859189166180675e-02,1.809687951332245373e-02,-1.779644184374933602e-01,-2.777044487526000860e-01,1.953745790988669628e-01,3.576624826886611319e-01,2.475097750778084138e-01,-3.456522283959203024e-01,-3.546681568629504455e-01,-1.576304979072506163e-01,-2.200399584848727330e-01,-2.281193465384477870e-01,4.659508024752508776e-02,5.167020485256701434e-01,3.901486257271777336e-01,-3.798626427484589341e-01,-1.797214517996459926e-01,-1.674421255723637647e-01,1.744134670211486549e-01,1.884432260148650451e-01,-3.020824680138969320e-01,-2.762708695064355346e-01,7.615941559557648510e-01,-4.111933626059065539e-01,-7.398810831578602441e-03,4.132887471971301990e-02,5.247152627495099003e-02,-2.351864738564868329e-01,-4.222993549743385422e-02,6.889721122030518195e-03,2.521315790180753136e-01,2.820805491788769825e-01,5.979461988314123122e-01,-4.595285944448730397e-01,3.457847709089395538e-02,2.202007656971129712e-01,1.620776972232083613e-01,-3.690790494042560099e-01,-2.493762151741113486e-02,-5.345929920250741540e-02
-2.420151639985267666e-01,-2.946671802071253454e-01,-1.287727336460567917e-01,-2.949293546384288423e-01,-3.371946788155573138e-01,4.820029773522978983e-02,-4.085078385621385699e-01,1.865274495446365699e-01,-2.176964641668804323e-01,-4.733014612320481929e-01,-1.404124790669887823e-01,-6.810054564130516019e-02,-2.347024846438570123e-01,-6.613301891443419678e-02,-1.062001839518458141e-01,-3.612708693721313202e-01,-2.495232486823775186e-01,-3.762150887477753169e-01,-2.160235875671319972e-01,-1.310766605500978121e-01,-1.007553666092387834e-01,-2.482713272683010897e-01,1.704056369326729936e-01,-1.177448768044814659e-01,-3.485504160066800750e-01,-2.193348337659515312e-01,-2.743212929128814870e-01,-2.385430131451461155e-01,-1.849881131798256362e-01,-1.481814533560018299e-01,-5.574974211507739003e-02,-6.112868863812036951e-02,-2.386019528755933539e-01,-2.866136061515743294e-01,-2.041106791238022911e-01,-9.595417911719840431e-02,-3.449722646028690609e-01,-3.716594368382091784e-01,-1.373442491404684995e-01,-5.162369870497355295e-01,5.498197796865624681e-02,-2.779808396532739145e-01,-5.055295704303152116e-01,-2.083688309870208033e-01,-1.364221896615141205e-01,-3.102524560322035274e-01,-2.028867195858954919e-01,-1.166138550457414547e-01,-3.823615183321495414e-01,-3.961970226369461168e-01,-4.359185797970533405e-01,-2.083527420978932010e-01,-1.131663916968197875e-01,-3.131970269249194083e-01,-1.648929972602633243e-01,-2.163674954724871188e-02,-1.926758218915416432e-01,-5.089586321948250669e-01,-4.282012767493882932e-01,-2.168668120228303131e-01,-2.762813008389033986e-01,-2.578692384437981655e-01,-3.331333018353693776e-01,-3.673844467889996190e-01,-1.138606319031435082e-01,-2.446557608370903414e-01,-4.111933626059065539e-01,7.615941559557648510e-01,8.197474834131528165e-02,-8.796557034370057482e-02,4.956933740118870009e-03,-6.648460789812468685e-02,-3.020394390506143667e-01,-2.533187530284074507e-01,-5.632938473678559405e-02,1.394070082292434704e-02,-3.111578804157286715e-01,7.412508244137016034e-01,-4.173907774493240685e-02,-2.221072811843625705e-01,1.366810715889832106e-01,-1.113904620300071313e-01,-2.788436911997226320e-01,-1.656881793390872215e-01
-3.211563396724659292e-01,2.224100229190499167e-03,-6.040975140082074368e-01,-1.334714768080533520e-01,-5.686284750910025609e-01,-2.759063291911987847e-01,-4.151106502467979409e-01,-2.365474068079158609e-01,-5.335728840766541525e-01,8.395737823393821520e-02,-5.886630979287400534e-01,-2.103656267733221633e-03,-3.568977313293155706e-01,-2.040308345474806662e-01,-4.017613808318292179e-01,-4.974419710336534101e-02,-8.697671886061547619e-03,3.274017874033770953e-02,-6.170469627024925963e-01,-4.453702682497280851e-01,1.075251620191957497e-02,-4.264911598180838870e-01,-2.682814539169758317e-01,6.756415572755608556e-02,-5.377042767591713734e-02,-1.867151584767261230e-01,-5.451771041196912249e-01,-3.491578610308923025e-01,-3.174845605070786281e-01,7.134988942616897478e-02,-1.182514246322979579e-01,-4.035911801680062139e-01,-1.444839972311607879e-01,-1.592082886118823537e-01,1.273105746334048660e-01,-5.429868249387662660e-01,-1.786164560912570087e-01,-5.673782134237016495e-01,-1.578258208350847291e-01,-4.256550815914886265e-01,-3.074747445714716698e-01,-5.144192724958609464e-01,1.095985304610270494e-01,-5.869996738080646148e-01,2.425876322210614514e-02,-3.408384509480268942e-01,-1.920866242961254688e-01,-4.146563569199612220e-01,9.639397089304502231e-02,8.898361518396136205e-02,1.254271694079034938e-01,-6.021510927234785537e-01,-3.996914481126917496e-01,1.936799365913498619e-02,-3.510035048165641713e-01,-2.184603876675330347e-01,1.434498080210430404e-01,1.810399251989505687e-01,4.253887908128731188e-02,-4.007266811776106774e-01,-3.280246890436046003e-01,-1.908581315943083945e-01,8.220317836658683208e-02,-1.371766359283556058e-01,-3.751678974342772532e-01,-9.445179019646909868e-02,-7.398810831578616319e-03,8.197474834131533716e-02,7.615941559557648510e-01,7.232787425827604810e-01,3.541105600084340499e-01,-1.468169127466071588e-01,-1.341270458485414874e-01,5.609255032794259188e-01,4.337035668613236084e-01,2.165711929533529201e-01,-1.753424832946248180e-01,1.103550159365159766e-01,6.810308471157571208e-01,4.505291501878806448e-01,5.181250240529417656e-02,-1.451105909376752823e-01,-1.234368852785745069e-01,4.889175030409844691e-01
2.199618618144135729e-01,1.619604339364536794e-01,-3.531566496650242470e-01,-7.876073248474629862e-02,-2.119955821785190764e-01,-4.225663059366409346e-02,-1.294436863449877351e-01,-1.123818817142291371e-01,-3.091835339130226123e-01,9.193556892250563661e-02,-2.741855108549876574e-01,5.517547946158226496e-02,2.389447844968208279e-01,1.944087724678732199e-02,-1.930676805736277757e-01,2.260563600275238560e-01,1.048161292674485712e-01,3.625374551949312463e-01,-4.641343504552196131e-01,-2.331191348881482828e-01,-1.098526728558463575e-02,-8.168087196099711733e-02,-9.756290753757396184e-02,5.256756561817792217e-02,7.003366858350269786e-02,9.189736743188436918e-02,-3.938547283392452858e-01,1.223579920825211553e-01,7.200905965651119289e-02,3.243612915917993278e-01,6.147164031048812927e-03,-3.378677386755691431e-02,1.562927982326884485e-02,2.237087708420274490e-01,1.371659399853494832e-01,-2.853601575719508232e-01,-7.482567271623428995e-02,-2.156803662546405154e-01,-6.759830574774013112e-02,-2.240648201528845085e-01,-2.564533245118110760e-01,-2.287536894807962462e-01,2.713020444047890001e-01,-3.105692069909146147e-01,7.873488946220168205e-02,9.040575347109809992e-03,1.576877244276936596e-01,-1.667755226462226958e-01,1.889303921297148803e-01,2.395430179297144413e-01,2.837587434154602017e-01,-4.099622309021307420e-01,-3.147750184832983633e-01,-5.458439597231539570e-02,-2.043147858060882782e-01,-1.049004681289324031e-01,1.127186420761790986e-01,1.706930661876297772e-01,1.698804034195387502e-01,-4.470788408358367105e-01,7.623699994538585267e-02,-6.600304818208627133e-02,1.363118108702995879e-01,-2.943690898616373453e-01,-1.499491243206999835e-01,2.683356772997587056e-02,4.132887471971297827e-02,-8.796557034370054706e-02,7.232787425827604810e-01,7.615941559557648510e-01,1.163159995278436193e-01,6.226366234862561883e-02,5.073049616143662788e-02,2.825933293599484641e-01,4.517919817171468511e-01,2.311252095009415364e-01,1.330519012345556251e-01,-1.251235792979160100e-01,6.305743781538806214e-01,8.020517215029172586e-01,4.325280211965933097e-02,-1.029343073950148707e-01,9.701604599135439655e-02,4.434342092150797554e-01
-1.152329542637543086e-01,7.141996080032129990e-02,-1.341997111504249496e-01,2.535277947560903855e-01,-1.684749467189312067e-01,-2.567333271918375084e-02,3.201907425437341276e-02,-1.031167284997662817e-02,-2.555041927868101914e-01,1.786484096990795245e-01,-1.956351481069259490e-01,1.927335713549620799e-01,-1.032995198883496363e-01,1.307931574343548786e-01,-1.457840767985354447e-01,1.553808789573352458e-02,6.162794548565410369e-02,6.286992306173792844e-02,-1.051567069781690206e-01,-3.297521940291344711e-01,-1.099058533785935710e-01,-2.702302509249419615e-01,4.260765180558745424e-02,2.400851140764673486e-01,1.843775026819479135e-01,1.745796358910354784e-01,-2.520853313622460901e-01,-1.057850819525812114e-01,-2.453054074279115704e-01,1.484467576142962097e-01,-3.744281855984647744e-02,3.805535075679805385e-03,-1.882499944159488348e-01,-1.934665013896954833e-01,-6.474410752673807889e-02,-1.275037125065528743e-01,1.110634188405379003e-01,-1.497366355880161981e-01,-1.762092742452301408e-01,2.125849280433314559e-02,-6.516611326481468007e-03,-2.394846559631171323e-01,3.126598622313586651e-02,-1.838348420002650363e-01,9.406644745839121136e-02,-2.027328658572986331e-01,9.368944171085853700e-02,-2.394718352260854499e-01,-2.669780649983453102e-01,-8.737082467583923151e-02,-1.676745878716172367e-01,-2.650672688135218003e-02,-2.419481778466824051e-01,-1.961151689515458485e-01,-2.297548947708681344e-01,-5.147645921218030329e-02,1.678969077504883778e-01,-8.847781547765849741e-02,-3.818089417864376552e-03,-2.376525382498362593e-01,-1.589136858429278099e-01,-3.967041663719635403e-01,1.024858220532656183e-01,2.179807171341884287e-01,4.705247096945071317e-02,-2.242164773329529126e-01,5.247152627495096922e-02,4.956933740118863070e-03,3.541105600084340499e-01,1.163159995278436193e-01,7.615941559557648510e-01,2.324195606511316181e-01,-1.881935730471891860e-02,2.046424129464411157e-01,3.934050886117972934e-01,4.913330208068542038e-02,2.260202887184027121e-01,2.201267739949701579e-03,3.323749673435869023e-01,-8.650212955364861012e-02,2.841896825008422001e-01,9.026315378307336879e-02,-6.245983136060120899e-02,1.610592470609840954e-01
1.231240433798516526e-01,2.778717220012649203e-01,1.719882249649452577e-01,4.037482740961002015e-01,4.127603380239993625e-01,3.853192798020272924e-01,3.241064204975724894e-01,4.106219071483602212e-01,1.614824374803991713e-01,3.042937796512826254e-01,2.890370771400976313e-01,5.495005552987940467e-01,1.883004023121145898e-01,5.657189534289063237e-01,4.264576330287447870e-01,1.760851528674502869e-02,1.997063029206434803e-01,6.999242288365226800e-03,2.142428020840740632e-01,4.994920345902049141e-01,1.527118195256271516e-01,5.234902839332853386e-01,3.465663703293436759e-01,2.214787041539691137e-01,-7.273381240806545134e-02,4.524470708378770523e-01,5.615074599269843647e-01,5.308941791317558501e-01,3.806821409851001148e-01,-2.372364942816730660e-01,-6.941662221500946583e-02,6.509459269601978182e-01,4.801654954985311585e-01,-7.715011517470460496e-03,2.479126538858006101e-01,1.992187383578325477e-01,5.205718354129649228e-01,3.931465874662762316e-01,1.615870555083274707e-01,3.649434983140898425e-01,3.886846581214933871e-01,1.582393092933335466e-01,1.956984759207268387e-01,3.185631631412834674e-01,4.388082343233570271e-01,1.725538169504770569e-01,5.109044394547275214e-01,3.016237959221722553e-01,-2.862022665053510009e-02,-2.529986614538153045e-02,-9.632040087781620907e-02,2.059626630185590890e-01,5.449898575396695533e-01,-8.298803959732549071e-03,6.096858295803391226e-01,2.785981588196158598e-01,3.774714051099468254e-02,-1.233362153621494761e-01,1.703746111733632843e-02,6.258376971561919744e-01,5.340471719603797629e-01,4.164549653302702104e-01,-2.871714317681974687e-02,1.625482892896979725e-01,6.278619899469417565e-01,5.665482081965101946e-01,-2.351864738564868884e-01,-6.648460789812470073e-02,-1.468169127466071588e-01,6.226366234862562576e-02,2.324195606511315071e-01,7.615941559557648510e-01,2.025430954701091524e-01,-1.089633341300874775e-01,-1.280443284281398281e-02,-1.136503712763110990e-01,-1.446156190584236834e-01,-2.255922122086908010e-01,-1.774337728791626489e-01,-1.707114369752372324e-02,5.682248598937184036e-02,8.455251863938521018e-01,3.668279832538476892e-01,1.872096148354520165e-02
-1.163090034623069924e-01,-8.676616603872301658e-02,-1.739104235177812152e-01,1.145811521552403955e-01,2.875737814385292621e-02,-2.711150665587603106e-02,3.189937401572812831e-02,-1.672571790881656750e-01,-3.182042163270334956e-01,-2.437668686546240748e-01,-1.280391401936048501e-01,2.159224483822994381e-02,2.399650731090933325e-02,1.232370716356882001e-01,-2.424064918073931818e-01,-1.337201985600087184e-01,1.776909582700540724e-01,-1.412379230832513585e-02,-1.017555681181071814e-01,-1.674972977488297932e-01,-3.272077471295546380e-01,-6.487646944912972558e-02,-2.476996328517253043e-01,-1.566715114811833287e-01,-1.347183204180470995e-01,-6.339709399776261023e-02,-7.468366822878592937e-02,9.807709239237072385e-02,-6.375068851564841266e-02,-6.380267264636943492e-02,-2.482207534894474432e-01,1.466795891025433340e-01,-1.016357549956647677e-01,-4.329598571622337438e-02,-7.801119877198689490e-02,-2.168065345245921149e-01,2.618437733651677868e-01,5.874308996813870642e-02,-3.875302267322634775e-02,-7.972261395536249518e-02,-1.713259949908474966e-01,-3.212303688801079193e-01,2.511094876449304278e-02,-2.112385874904729455e-01,-5.375814841965743246e-02,3.439251369132313718e-02,2.089499301693432121e-01,-2.284268504065741778e-01,1.563105639301201888e-01,1.567971718005170823e-01,1.453621795621772572e-01,-9.928289945118223825e-02,-2.364079576843942376e-01,-2.723650649644607236e-01,-1.037113609230453926e-01,-1.949986009591718750e-01,-2.454812892857301532e-01,1.122594136424206607e-01,-7.906510959604552344e-03,-1.909309246739229471e-01,1.413814888188899554e-01,-7.395136567431552510e-02,1.577437225183654645e-02,-3.121704863041236191e-02,-3.155632984783218742e-03,-3.497746260158109133e-02,-4.222993549743385422e-02,-3.020394390506143667e-01,-1.341270458485414874e-01,5.073049616143662788e-02,-1.881935730471886309e-02,2.025430954701091524e-01,7.615941559557648510e-01,-1.689830862151106006e-01,7.216899227141357342e-02,2.014149153129910219e-01,-1.180444108041394380e-01,-2.907847837356680176e-01,-1.304688364533431177e-01,2.013208059033604058e-01,-1.264516618988192898e-02,2.940355196392445136e-01,7.006410864356683588e-01,-6.535686096329944295e-02
-5.021892586193048985e-02,2.577565313797121060e-01,-2.506981399699787505e-01,-2.199187861359588880e-01,-1.848409585755780016e-01,1.547623919190081743e-02,8.058598612310409470e-02,1.830478975984852208e-01,-1.201536156960799767e-01,3.507879723354757062e-01,-2.246492609032804955e-01,3.598317533338503682e-01,5.101341330510103522e-02,-1.327401228045223605e-02,-1.262259335700132712e-01,6.102291561310267676e-02,1.940759470398208675e-01,1.985053898832155050e-01,-2.142720784144556412e-01,-1.025484072091446958e-01,4.122300569253714575e-01,-2.380470405901545516e-01,1.680443956270215589e-01,5.505592847690932157e-01,1.219342424517327328e-01,4.767520922258122740e-02,-1.608912225428764664e-01,2.479943973503075452e-02,-7.606674923895321259e-03,1.401444181533587074e-01,8.425425875801880078e-04,-1.160869302534685427e-01,4.617742927107618828e-02,3.000720032960619427e-02,2.059905668731066564e-01,-2.416283923661269595e-01,6.239043479622848054e-02,-1.234858531338365734e-01,2.613657406873159395e-01,1.547686774060543294e-02,2.007214602160071193e-01,-1.218944762121534908e-01,3.418902598411858174e-01,-2.524094008598145034e-01,4.160617078943678049e-01,9.690667531430798010e-02,-9.123066874914684266e-02,-1.449190242878535262e-01,9.805545810420935801e-03,9.528214441988541727e-02,1.504095560781566476e-01,-2.432119581047623436e-01,-6.552676390402721596e-02,3.763447737895150302e-01,-1.929314521652632508e-01,2.488304597507933480e-01,5.051112183928174737e-01,2.359319187147849717e-01,1.239161751054398131e-01,1.531168932589360536e-02,5.314911834753736214e-02,7.226027877136677324e-02,2.502975485711970705e-01,-1.224105795582798167e-01,-2.355174722231662410e-01,-1.721138450403552136e-02,6.889721122030496511e-03,-2.533187530284074507e-01,5.609255032794258078e-01,2.825933293599485752e-01,2.046424129464411157e-01,-1.089633341300875746e-01,-1.689830862151106283e-01,7.615941559557648510e-01,1.462664632947771326e-01,-1.151383017726085450e-01,-8.739049187472698599e-02,-2.829932919543522440e-01,3.472778462569960922e-01,1.189586920169408146e-01,-6.798986804149276253e-02,1.866759095332729294e-03,-7.216708922794907999e-02,6.872377655725667722e-01
-1.689888720554448831e-01,2.452487325301816179e-01,-2.335087270793697600e-01,1.461711525568395453e-01,-3.147535194719890406e-01,-1.341374925216959613e-01,-1.471736185346747550e-01,2.328980063523755639e-02,-4.603206620778501068e-01,1.520338591681558438e-01,-1.943974997003647120e-01,1.438863787174535780e-01,-2.144980128771215022e-01,1.207442361567193957e-02,-2.917532863991760261e-01,2.887928523385874247e-01,1.130942890439384368e-01,3.496111885860158086e-01,-8.065109398727758616e-02,-3.604428524005586221e-01,1.056083485905763703e-01,-9.172176500941235655e-02,-4.362795914376893514e-02,2.360800576647769100e-01,1.233045534473195953e-01,2.075670202796232877e-01,-3.333005056862123339e-01,-8.042161115740341371e-02,-1.555728866605373406e-01,2.059194866257378354e-01,2.075372748927281109e-03,-2.195793283658083531e-02,2.699989515029584120e-02,-1.072309034315710452e-01,2.463528492403947168e-01,-2.052142266317427133e-01,8.998511156976865544e-02,-3.558147882104609749e-01,-1.532545965410496147e-01,-3.536252485130671475e-01,-5.426258810843177793e-02,-3.863592633468364013e-01,1.631028635679820649e-01,-1.891941785723461333e-01,1.320265430606460677e-01,-2.783306655413588238e-01,3.427725197806606727e-02,-2.406000542977652368e-01,1.538091780491165350e-01,1.599488573594377572e-01,1.236677691435824622e-01,-8.221602248104328825e-02,-3.956803570679027215e-01,1.761301038961691698e-02,-2.123185653618605562e-01,-1.694379154092898743e-01,2.084107991905568558e-01,1.951351546132495673e-01,1.799332428047855093e-01,-2.547940339485871841e-01,-1.490826277724036086e-01,-1.157577727470501250e-01,6.889248364583484829e-02,1.405379718301141279e-01,5.924718346549744108e-02,2.504412436587030374e-02,2.521315790180752581e-01,-5.632938473678567037e-02,4.337035668613236084e-01,4.517919817171468511e-01,3.934050886117974044e-01,-1.280443284281396546e-02,7.216899227141355955e-02,1.462664632947771326e-01,7.615941559557648510e-01,1.066087453339692320e-01,3.271425700513532209e-01,-1.991354516996510227e-01,4.755300427895039483e-01,4.470089950881643293e-01,3.876335123695355822e-01,2.110545335833257860e-02,2.023681967877996035e-01,2.256500453066180856e-01
-2.748492927845631040e-01,-2.443065970622718963e-01,-2.135039823399087211e-01,-2.303318225181280876e-01,-3.400080589252164054e-01,-5.300926324696574043e-02,-2.256036242494448008e-01,-1.325412792087571900e-01,-3.888540619592716352e-01,-2.731686444968775551e-01,-2.955310299665270257e-01,-9.211462400706457720e-02,-2.563131951503963002e-01,-7.044030091989215980e-02,-3.740919817128465219e-01,-1.923179914938142610e-01,-1.338856155125431324e-01,-7.155430437777850206e-02,-2.132939993717236637e-01,-4.637640458801137178e-01,-3.079417611620929862e-01,-4.208406711378706033e-01,-1.175591514878244759e-01,-2.178563832128291022e-01,1.851874338302231943e-02,-8.731605579851885179e-02,-2.760202539860000526e-01,-3.853468474919120035e-01,-4.550233922176336598e-01,2.002525810639342041e-01,-1.950403093864578608e-01,-4.037714562408435959e-01,-4.632401348346211201e-01,-2.486423845334619909e-01,-3.082666345899225391e-01,-2.872348676609599027e-01,-1.980485064298571074e-01,-3.782014283389504850e-01,-2.879871832944723171e-03,-3.091515605406875977e-01,-1.458481451219552361e-01,-4.456008677081681468e-01,-1.954566146056876397e-01,-4.089616396684400690e-01,-1.664620334415954916e-01,-2.043514669239848425e-01,8.966144075958301391e-04,-4.665387219481847980e-01,-3.517829597152529776e-03,-6.256823725178455031e-02,-1.325491628500498863e-02,-2.585252772026902512e-01,-4.547601278365400179e-01,-3.536523206762540172e-01,-3.837036753928088073e-01,-2.169733050041450229e-01,-1.131339908410023409e-01,1.759860379147744625e-01,2.780639554441968471e-04,-3.452952652374324249e-01,-4.061976743927591116e-01,-3.067538321357647924e-01,2.003735560385647707e-01,-1.487251651488767645e-02,-3.480729662712636618e-01,-4.109654251087594967e-01,2.820805491788770936e-01,1.394070082292425683e-02,2.165711929533530034e-01,2.311252095009415641e-01,4.913330208068539956e-02,-1.136503712763111268e-01,2.014149153129910774e-01,-1.151383017726085173e-01,1.066087453339691626e-01,7.615941559557648510e-01,3.384325858035699963e-01,3.622450580663396421e-03,3.142588648697348663e-01,3.004228753416383069e-01,-6.217189691474287599e-02,-2.311330755523953451e-01,-9.876588252479419697e-03,7.310082949262099172e-02
2.111942696153020771e-01,-7.400832682044621025e-02,-6.561582003861736456e-02,6.179290470708368593e-02,-4.028024756585332211e-01,1.105459332902874181e-01,-6.325885598234359808e-02,-1.010170466874664302e-01,-3.593847827778862691e-01,2.534087186416512649e-01,-2.275180746373894614e-01,-7.331959466534816727e-02,1.452452387945057238e-02,-2.326683664955899455e-01,5.838624853102906270e-02,2.874483558173330788e-01,3.156847646844854194e-01,3.528103370435751174e-01,-6.550497987429641789e-02,-1.733903709019265008e-02,-5.970316880931021697e-02,1.315435576488225566e-01,-5.041742636012741530e-02,-3.086136888406628559e-02,4.254175588082376724e-01,3.394348160470475606e-01,-8.826470811014341944e-02,1.588300213941232220e-02,7.544072033082334372e-02,3.266949541208098995e-01,-1.424810778510633702e-01,-4.980064981556903830e-02,-1.136862772155878137e-01,-8.899700140728883380e-02,-1.580548065829863458e-01,-7.211908898110784560e-02,-6.835119948639224730e-02,-3.743621610810458078e-01,-8.411557583009740546e-02,-2.821694113685889183e-01,-1.857595259942096400e-01,-3.371747118302795276e-01,1.478144324904964203e-02,-3.259821054522182848e-01,-1.371513705007947753e-02,-2.083662031366321221e-01,-2.743326682540562778e-01,-1.685450761830791649e-02,2.404875608137080692e-02,1.335509753645782727e-01,6.531439300727807928e-02,-4.386710807932350624e-03,-1.155153037263660920e-01,-2.647643701775877489e-01,1.562341728445617965e-02,-9.555786779180641677e-02,-4.087511727080752472e-02,2.160905130451684364e-01,1.678886176694507071e-01,-2.121360396370369217e-01,-5.567820508697256948e-02,-1.449527388259204685e-01,2.158750171555433861e-01,1.107285935266401344e-01,-4.917975955968443419e-02,-1.409771948378814865e-01,5.979461988314120902e-01,-3.111578804157286715e-01,-1.753424832946248735e-01,1.330519012345556251e-01,2.260202887184026566e-01,-1.446156190584236279e-01,-1.180444108041394380e-01,-8.739049187472698599e-02,3.271425700513532209e-01,3.384325858035700518e-01,7.615941559557648510e-01,-4.197139035698547183e-01,-8.652813193299588659e-03,1.202922062730589908e-01,3.705560419927895199e-01,-3.508790401647630119e-01,-6.433202191519570012e-02,-1.000055954885189224e-01
-4.581870549876548848e-01,-3.530751878426557910e-01,-2.744453977656967636e-01,-3.597466171843902716e-01,-4.187426943925691702e-01,-1.229138237728301525e-01,-4.757833804903123243e-01,-6.481237446347869191e-02,-2.857586156952743317e-01,-5.200067763233680029e-01,-3.053571913733318377e-01,-2.126911867459733707e-01,-3.135490033853422509e-01,-9.595383073037783150e-02,-1.145127801017980507e-01,-3.556578779899880471e-01,-3.047250446836730631e-01,-3.816294227291864849e-01,-3.792900345029001641e-01,-2.820595879511598181e-01,-2.449966298276418375e-01,-3.920077439005573150e-01,-9.241354069351737088e-02,-2.616244249837867408e-01,-3.902556272345043542e-01,-3.274335787369285211e-01,-2.726971310360106204e-01,-3.926404626495567096e-01,-2.827241503187338800e-01,-1.609249005366947816e-01,-7.277765771623088617e-03,-2.246520028999664242e-01,-3.033240216529469180e-01,-2.997929428443064093e-01,-2.141279431153226553e-01,-2.293842774249161831e-01,-4.328421509033916204e-01,-3.991072260243056502e-01,-1.446225406398533586e-01,-5.649708082416251553e-01,-1.471621835091976582e-01,-3.547742981861071732e-01,-5.203730898775130731e-01,-3.290014077330240538e-01,-2.160514183292624735e-01,-3.778767830964447350e-01,-1.071842588860057871e-01,-1.391595135466389133e-01,-1.827974884194707439e-01,-3.224336463410951703e-01,-3.329465652875067683e-01,-3.268822800268736395e-01,-3.059176600511542277e-01,-3.200362285364964365e-01,-3.016714817238910218e-01,-1.843633676679684308e-01,-2.091983602458749314e-01,-3.554152487801111038e-01,-2.398516925250461507e-01,-2.318547838008900852e-01,-4.553405296351056286e-01,-2.552353214966419648e-01,-2.500401885340985397e-01,-2.983020774371936135e-01,-2.671258699366130807e-01,-3.030880874783190015e-01,-4.595285944448730397e-01,7.412508244137017144e-01,1.103550159365159627e-01,-1.251235792979160377e-01,2.201267739949611373e-03,-2.255922122086908843e-01,-2.907847837356681286e-01,-2.829932919543522440e-01,-1.991354516996510227e-01,3.622450580663424177e-03,-4.197139035698547738e-01,7.615941559557648510e-01,7.817739752113264662e-02,-1.492561777432860892e-01,7.968603861653573983e-02,-3.255102908645887694e-01,-3.687649377832872832e-01,-9.916512572981044105e-02
-6.772569999367579474e-02,1.046417974101925968e-01,-4.789009434085723105e-01,-6.830148408265243609e-02,-5.188138222755294127e-01,-2.684116038257113868e-01,-4.801285624386672501e-01,-1.920215323856125089e-01,-5.880726061643630764e-01,8.855170512184090681e-02,-4.569246074902014731e-01,-1.215860191656508299e-01,-1.407062347184221685e-01,-1.722581171036415559e-01,-3.306782591944606442e-01,2.242537864349532228e-01,6.681610696142217809e-02,3.057431685572083446e-01,-4.832599647355219630e-01,-4.422869137757831637e-01,-1.634327020793512331e-01,-3.422256666797631741e-01,-2.529754806534170730e-01,-2.431427359066212421e-02,1.826265072445806825e-02,-1.608989772715233935e-03,-5.022002971358272561e-01,-2.281358728461338747e-01,-2.547598376360410422e-01,2.330719537872745217e-01,-2.381123587911531878e-02,-3.492564971528909212e-01,-1.695044274266349627e-01,9.192898538701857469e-02,1.059945360625888094e-01,-4.680535665132356526e-01,-3.193233112757754011e-01,-5.438752968406221910e-01,-1.908525713650940370e-01,-6.037706779083094055e-01,-2.907409711004254049e-01,-5.489610263867147344e-01,1.146051556978042868e-01,-5.102794286894860587e-01,-3.432961248758415601e-02,-2.567544950315965857e-01,-1.692542641734733622e-01,-3.548942764743834299e-01,2.227400195727380905e-01,2.839626770153933499e-01,3.926330899099656491e-01,-4.188207161320089411e-01,-4.329777696576980750e-01,-1.989804165085620746e-01,-3.222039886986732826e-01,-2.830068509048578873e-01,2.060662281956927855e-01,2.214277269974711526e-01,2.670222738819803543e-01,-4.586865038432464958e-01,-2.559356433207612969e-01,-2.076813091282046775e-01,1.819187895810569222e-01,-3.756232165834506032e-01,-3.458872493828334949e-01,-1.731105626007291565e-01,3.457847709089392763e-02,-4.173907774493237910e-02,6.810308471157572319e-01,6.305743781538806214e-01,3.323749673435870688e-01,-1.774337728791626767e-01,-1.304688364533430900e-01,3.472778462569961477e-01,4.755300427895038928e-01,3.142588648697349218e-01,-8.652813193299644171e-03,7.817739752113264662e-02,7.615941559557648510e-01,6.437656482538082203e-01,3.016049764336355410e-01,-2.159092669596304193e-01,-5.977223775985061188e-02,5.175609259648876748e-01
1.737668553522917492e-01,2.572327405325108840e-01,-3.980019950112073102e-01,-3.664293950988728454e-02,-1.795837525559502434e-01,-1.530580445810185708e-01,-1.295096714104604085e-01,-2.633448206793994606e-01,-3.576252549395455005e-01,-2.620953936784395366e-02,-2.759597849814571791e-01,-1.188373569696047766e-01,2.308211762226000940e-01,-6.010839719371224854e-02,-2.641083542769989689e-01,2.424711149120031273e-01,9.298499442153915218e-02,3.580927736411811391e-01,-4.984010023828227554e-01,-3.487810177124164857e-01,-1.568410114016419166e-01,-9.993139417683034875e-02,-2.291657298970395107e-01,-8.351068457828811353e-02,4.971275815750898774e-02,1.795079525095644168e-02,-4.896153164431955584e-01,1.184390122701987624e-01,-3.959690051670532174e-02,3.032900584958818091e-01,7.911732033947911635e-02,-1.297216871604058713e-02,4.512617650481836815e-03,3.713325601138472987e-01,2.741352898443672470e-01,-3.374863702559699474e-01,-5.612839818332694686e-02,-2.406705315822807167e-01,-8.250201153286021438e-03,-2.848434215576964301e-01,-3.332986802153257710e-01,-3.032687551731361730e-01,3.036946833162949555e-01,-3.290893131051393361e-01,-9.583893664409985635e-02,9.511529196159736188e-02,9.937876966247949362e-02,-1.825388059726683887e-01,4.000464451657594900e-01,3.454038821647089086e-01,4.600395586320477070e-01,-4.415757605276753317e-01,-3.886484247438592443e-01,-9.716006307030414235e-02,-1.567937059981896475e-01,-2.047647211976640069e-01,4.625059683420695844e-02,3.872945021066896421e-01,3.207228167771937755e-01,-4.908718664004004806e-01,1.314400061161367095e-01,1.568016193612287515e-02,1.668461207054117712e-01,-3.224468184541446347e-01,1.921601218059647634e-02,8.071322897246949180e-02,2.202007656971129990e-01,-2.221072811843625705e-01,4.505291501878807559e-01,8.020517215029172586e-01,-8.650212955364855461e-02,-1.707114369752372671e-02,2.013208059033604336e-01,1.189586920169407730e-01,4.470089950881642182e-01,3.004228753416383624e-01,1.202922062730589353e-01,-1.492561777432860337e-01,6.437656482538082203e-01,7.615941559557648510e-01,-3.493700580415087104e-02,-9.141647040957726067e-02,3.042044242720324809e-01,3.707234832184216899e-01
1.575631552927750090e-01,2.046236822514254372e-01,1.707377598907149352e-01,1.582061749230344316e-01,-2.649917773435403121e-02,1.509981299590218984e-01,1.809533615207581103e-01,1.831334634170283526e-01,-8.078558426857375407e-02,3.648028764137040691e-01,1.104756622929942839e-01,1.675817084848644500e-01,1.099793739652818320e-01,3.141238527699433680e-01,-1.273568800211956342e-01,1.635004408070110660e-01,1.754487803437481397e-01,2.146529733212842461e-01,5.762031595475967938e-02,-1.041591996436459361e-01,-5.749928528171908276e-02,-1.020684980136322625e-02,1.254376580137192831e-01,2.105042366054804270e-01,1.156182314313763948e-01,2.368536820257644560e-01,-1.444166954937097791e-01,8.654843332090779440e-02,-2.978915270776844385e-02,2.274376888004920605e-01,2.326008064710197165e-01,1.772426314549352400e-01,2.152673034486991266e-01,-2.938928636331061828e-02,2.099789693732394824e-01,1.693121782765258099e-01,2.088756354521998648e-01,8.564008143178200583e-02,-1.288780756988094911e-01,6.014470552729648395e-02,1.389989241252035934e-01,-4.436041942351907214e-02,1.669727406009988702e-01,2.132276297145878630e-01,2.281044577858546696e-01,-3.958434998337925781e-02,2.716688867327335943e-01,-1.133460269045349217e-01,-2.850782842180318299e-01,2.205632655004203038e-02,-1.193429968343788783e-01,1.732332828032119854e-01,-8.331210073958059126e-02,-2.582260619083079911e-01,-4.513709508879477222e-02,1.365717059706422938e-02,1.275613282203236221e-01,-1.653297683986466315e-01,2.895001787673768048e-02,-2.130723495330521244e-01,1.258151973917678024e-01,-3.031392592079985571e-01,1.575905490107558371e-01,1.240792155060785190e-01,3.069414985188129164e-01,-2.129281484779886602e-03,1.620776972232083613e-01,1.366810715889831829e-01,5.181250240529416268e-02,4.325280211965933097e-02,2.841896825008421446e-01,5.682248598937185424e-02,-1.264516618988201918e-02,-6.798986804149277641e-02,3.876335123695354712e-01,-6.217189691474282048e-02,3.705560419927895199e-01,7.968603861653575371e-02,3.016049764336355410e-01,-3.493700580415084328e-02,7.615941559557648510e-01,7.902665151887578593e-03,7.439562421262406466e-02,1.112135326229649057e-01
2.657381623668791243e-02,2.300535248958459067e-01,-2.173644851450846210e-02,5.193696461455630242e-01,2.789206358808724584e-01,1.383952987677943003e-01,2.186976076638070254e-01,3.935875605483091233e-01,3.312435007702953932e-02,3.165410859711215719e-01,3.654738319693651150e-02,5.906625113783966485e-01,1.495831670960477422e-01,5.672805623764956007e-01,3.309133618072335192e-01,-2.468231822013797205e-02,1.324104222021952881e-01,-8.099061073186289775e-03,3.229314009739784469e-02,2.818198468932029965e-01,1.024130759851006184e-01,2.731641150397733919e-01,1.775256938861956568e-01,2.960172231967022616e-01,-2.071874435273698689e-01,3.441248930712899057e-01,2.758480596628820614e-01,4.006247742331765505e-01,1.595856051099402706e-01,-1.946818893737283784e-01,-7.954396603956165324e-02,5.096609144852856099e-01,3.712507355526002417e-01,-3.626360162430745243e-02,2.067189142580264372e-01,-2.205873145209273287e-02,5.054766278746817276e-01,2.889331634269017290e-01,-4.721551762080750808e-02,2.499019769839738725e-01,4.098983607103254267e-01,2.321510081499060865e-02,2.376526471606591751e-01,4.598276459256480514e-02,5.400089835023005325e-01,1.100995290437568191e-01,5.178156801517140861e-01,1.846920823624793040e-01,-1.702096486455463575e-01,-5.728046862342878187e-03,-6.943118787791616175e-02,2.401981677196222964e-02,4.163879607949841910e-01,-1.945943714991485440e-02,4.019582001508923419e-01,1.051017666805436346e-01,4.591538085897827609e-02,-2.402284279029506531e-01,3.598505493436231217e-02,3.849195730009613570e-01,4.465325975330569075e-01,2.472015425986392179e-01,-3.131277335108145765e-02,1.693751955090650740e-01,5.189139662454423929e-01,4.899189318098692847e-01,-3.690790494042559544e-01,-1.113904620300071036e-01,-1.451105909376753100e-01,-1.029343073950148291e-01,9.026315378307335491e-02,8.455251863938521018e-01,2.940355196392445691e-01,1.866759095332729294e-03,2.110545335833268268e-02,-2.311330755523953173e-01,-3.508790401647630675e-01,-3.255102908645887139e-01,-2.159092669596304193e-01,-9.141647040957726067e-02,7.902665151887550837e-03,7.615941559557648510e-01,4.172176560778530496e-01,4.562055433716654534e-02
6.779099434218761877e-02,1.178740067343898301e-01,-5.293167510339925885e-02,1.142514988976785495e-01,2.271815999530502894e-01,4.812410094201591965e-02,1.282957887005444775e-01,1.027519389349816452e-02,-1.424358916532547370e-01,-5.948883759850959879e-02,2.021387293538571411e-03,1.441580737444114191e-01,4.186615205879130192e-02,2.294158333384059556e-01,1.652808413187127345e-01,-1.934504034216886770e-01,2.444184722306394844e-02,-8.443433047954430892e-02,-8.676870183916995938e-02,1.001366250707860783e-01,-2.127414850224778609e-01,1.169399464461219895e-01,4.540081627654712210e-02,1.981788966505128660e-02,-2.419007577479621030e-01,6.025931946231789099e-02,9.328252565835161436e-02,2.723991050339487074e-01,-7.492790607347638021e-02,9.505876375626862163e-02,-9.120647852350877161e-02,3.660491747918923622e-01,-1.261986210563749086e-02,-1.140190366783437603e-02,5.294221724859728834e-02,-6.416161377627571660e-02,4.634120339837948799e-01,2.334270846093429719e-01,1.762617182196248022e-02,1.125535127614009090e-01,1.020273795853422621e-01,-1.785432120664945388e-01,1.199282685637277079e-01,-4.694743724436608451e-02,3.038590720354725772e-01,4.575872710345122579e-02,3.326351748711398604e-01,1.035322136853469577e-01,-2.392347145939917596e-01,-1.955955989608871778e-02,-1.069772453172909837e-01,-8.261301528278267026e-02,1.595238976006037868e-01,-2.683709108240006636e-01,1.417746562164540480e-01,1.357557062123350144e-01,-7.960671858008350199e-02,-1.195647518326761055e-01,1.095948902913389082e-02,4.410312661511981563e-02,3.536718546885944114e-01,-1.955542280891778839e-01,1.573985378475330210e-01,1.778099763723951510e-01,2.256664966186459620e-01,1.568984655723327237e-01,-2.493762151741110711e-02,-2.788436911997226320e-01,-1.234368852785745624e-01,9.701604599135439655e-02,-6.245983136060120899e-02,3.668279832538476892e-01,7.006410864356682477e-01,-7.216708922794907999e-02,2.023681967877996035e-01,-9.876588252479378063e-03,-6.433202191519560298e-02,-3.687649377832872832e-01,-5.977223775985058413e-02,3.042044242720325364e-01,7.439562421262405079e-02,4.172176560778529386e-01,7.615941559557648510e-01,-3.103992158286961525e-02
1.636870128521188128e-02,2.567927349081474131e-01,-2.686315203240944305e-01,-2.817252872957481252e-02,-7.404597731978604380e-02,-1.286507797232652184e-01,-2.943228736838374507e-02,6.923143487877887747e-02,-1.790389155998554360e-01,2.309308654300071262e-01,-2.717547026633312379e-01,2.057100135338231495e-01,8.152988226727569954e-02,-6.251901241665178133e-02,-2.618302700674523531e-01,1.315094534870199783e-01,-2.159485346349779289e-02,1.918620396590915156e-01,-3.685985181360897367e-01,-2.605772970546695322e-01,2.441198279027663731e-01,-2.629736810958945847e-01,2.056420102410641895e-02,4.286003023243700194e-01,-4.896347658074075293e-02,4.719795550883003343e-02,-2.456307300295966778e-01,8.417834316884700852e-02,-8.490240141554501740e-02,9.754424981904263880e-02,1.563505927483927194e-01,-6.385881767902848449e-02,1.352843510387897186e-01,1.998513187512806488e-01,2.750230914003179428e-01,-2.947642332836617474e-01,-2.454847569842141461e-02,-3.118509469913878160e-02,1.399819808543898425e-01,-8.858194262539935415e-02,8.549027311664249285e-02,-1.195843593267284788e-01,3.010197883787759099e-01,-2.496780399473303713e-01,3.087289881100924727e-01,1.872669638006870807e-01,-9.455204504720716996e-02,-2.496097879687929066e-01,1.553466085054531487e-01,8.645713816601142965e-02,2.772632441012732873e-01,-3.363827122703759720e-01,-2.792076550560553261e-01,2.389840457953839870e-01,-2.814641179795050463e-01,8.867586779219180371e-02,5.180875136961660132e-01,1.846440306608030657e-01,1.789705673640192840e-01,-1.714488807622573108e-01,7.094995275195324635e-02,4.894895065753734203e-02,2.101420125758312885e-01,-2.138026661581058085e-01,-2.318916063032775421e-01,-3.099626860943926684e-03,-5.345929920250736683e-02,-1.656881793390873048e-01,4.889175030409844691e-01,4.434342092150796999e-01,1.610592470609841509e-01,1.872096148354520165e-02,-6.535686096329944295e-02,6.872377655725667722e-01,2.256500453066180856e-01,7.310082949262101948e-02,-1.000055954885189502e-01,-9.916512572981041329e-02,5.175609259648877858e-01,3.707234832184217455e-01,1.112135326229649057e-01,4.562055433716653841e-02,-3.103992158286955974e-02,7.615941559557648510e-01
