7.615941559557648510e-01,-2.072417866606918735e-01,3.957297810037150448e-02,4.901071224273630816e-02,-4.977686181362505485e-02,1.336133827418089504e-01,1.549397120903489578e-01,-2.770424171941646696e-01,-1.955539956454374895e-01,4.176623824180984434e-01,-2.771557151591059198e-01,-3.460975527342323721e-01,6.841640220603605327e-01,-3.115188584782727643e-01,-1.876925324187532496e-02,5.286336407116487557e-01,5.935321780951481330e-01,8.776185308404247376e-01,-3.593150501459379531e-01,1.435358708052393018e-01,-2.412831910277621339e-01,2.376070876803478560e-01,-4.335349141411071888e-02,-3.877896435797313912e-01,9.970816922113438785e-02,1.572848591403791796e-01,1.520898286851920245e-01,6.316774865937329064e-01,5.686112877082102335e-01,2.408441719682081206e-01,3.686169839168590423e-01,1.414021687630329961e-02,2.712982553070976688e-01,4.137482982353027361e-01,-3.275431513867739786e-01,-1.106426072633205637e-01,-1.481730607174205627e-01,1.896065808581177958e-02,-9.862195580763931380e-02,2.148683430559087393e-01,-4.481193415497638499e-01,-6.530208769342958630e-02,1.988908995685831349e-01,-1.946311157337725362e-01,-4.620819272276731615e-01,6.064898160183305187e-01,-2.776876028869283419e-01,-3.856429223425685004e-02,3.099100447750799958e-01,3.290459094017007535e-01,6.366479245016607447e-01,-3.597833187746004024e-01,9.133262398325436848e-02,-4.488848486699991147e-01,1.287940217277251664e-01,-7.621780763538710257e-02,-2.276528216121829484e-01,-8.247881841582754836e-02,-4.371399701741476157e-02,1.519112606087431872e-01,4.831373686883752017e-01,2.562456297859933008e-01,1.118856436217496308e-01,1.961490282308583633e-01,1.192055382174756796e-02,2.100117480746510612e-01,5.934001263913438184e-02,-1.757282967750779523e-01,-3.888734284975647881e-01,6.283779130465082241e-02,4.975787785081512565e-02,-7.440555234361556636e-02,9.755488737788317599e-02,-3.194176656462068831e-01,3.205677323991381472e-02,1.062864157142555943e-01,3.035918345290454234e-01,-2.791988264772003459e-01,-1.722978231497105384e-01,-1.746349039255686852e-01,1.582652419559385237e-01,-3.781162547155705184e-02,1.037259671466022291e-02,-1.477401526579367186e-01
-2.072417866606918735e-01,7.615941559557648510e-01,3.776671600249918020e-02,1.037937882883123095e-02,-2.984759549320501471e-01,-2.986024911645888680e-01,-4.417764717157776078e-01,2.612951734757349986e-01,-1.719589293368892491e-01,-3.047477269307396486e-01,-1.790274889242407519e-01,1.207407676522517792e-01,-4.584173152413742458e-01,2.319724958519065253e-02,-1.165640115381508107e-01,7.980333254809740193e-03,-3.378989862258645616e-01,-1.932216756470647168e-01,-2.704369900669624238e-01,-4.304489869056718487e-01,1.342670564974891845e-01,-2.568034224808701804e-01,3.657596417333674466e-01,3.896260077694729818e-01,-9.571505564800653065e-02,8.325820959049622105e-02,-4.560465104900916500e-01,-2.106499489509547907e-01,-4.994608945435558001e-01,2.465936367101305426e-02,1.924883333184675971e-01,-9.395130420383968062e-02,2.102984966316542303e-01,4.727337177506490962e-02,7.283987794382315029e-01,5.475901573089262536e-02,2.378280870961857751e-01,-2.720891308774753270e-01,-4.050791504243111407e-01,-6.838472742355193867e-01,-5.422032164979951468e-02,-1.732488733625634492e-01,-2.976590129566054066e-01,-8.963441326525206643e-02,5.105655743272143748e-02,-4.630533268535724223e-01,-1.570268349553355924e-01,1.935467484704155375e-02,-1.741555705882430471e-01,-4.755431399903906065e-01,-4.163078200016984837e-02,-2.459110358458050927e-01,-4.659847846869453192e-01,1.396464004624452249e-01,-2.663713516791826330e-01,1.462100088338477433e-01,5.238067473773069249e-01,-1.653847445644745229e-01,-5.324375857874006496e-02,-5.494617661999104952e-01,-1.761854209925775294e-01,-4.064776229114453465e-01,-2.108837351380503933e-01,-1.121495837745214857e-01,-2.320815674714900648e-02,-6.228434754615545972e-03,-6.055043533389266042e-01,-1.250690127408325414e-01,2.064500503802983999e-01,1.696879364938170265e-01,-5.875133729295924090e-02,-4.780715972311062878e-02,-4.038273805893396462e-01,1.862405418209265029e-01,2.236700437061768243e-01,-3.120654824635623048e-01,-3.255127966641664372e-01,-3.235493368875792530e-01,5.862689070915784451e-02,2.557168286326527151e-01,3.522036559689147722e-02,-1.426623305356871929e-01,-2.831982740584324532e-01,1.641666642557420563e-01
3.957297810037144897e-02,3.776671600249913857e-02,7.615941559557648510e-01,-8.283107348852661311e-02,5.081725487696370225e-01,-2.762372246329943826e-01,-4.494275545403092487e-02,9.091346713559912696e-02,6.541096684986115184e-01,8.911202398142784031e-02,7.940877132390580240e-01,6.215642948902931619e-02,-1.320693782083965373e-01,2.756033136329994471e-01,2.869309048652091132e-01,-3.910399594023287323e-02,3.713935483567741558e-02,4.497628034943605690e-02,5.698659431219038618e-01,5.250839297018742302e-01,-3.444803277274535169e-01,3.739802045428645694e-01,-6.532142992887628175e-02,-1.128286578563849479e-01,-5.968843429262430007e-03,8.790081048538846142e-02,3.299041951985079990e-01,4.783124276782114714e-01,-1.511730141239601977e-01,2.115602574063220609e-01,4.483762135370791824e-02,4.986008479347143196e-01,2.361764904273764287e-01,2.582306494383488915e-01,1.391408253621362681e-02,9.023262709838744122e-01,-2.946119501081723158e-01,4.697889152491606657e-01,-3.381171185040098837e-01,-1.392975984981388859e-01,1.237172552289150795e-01,5.945896304613929040e-01,-1.668742199604773269e-01,8.439646813047217977e-01,-1.180106755179934630e-01,-1.396012798684038159e-01,7.909817393581590472e-02,1.253310173484804557e-01,-5.833369502912879451e-02,-2.195878515525900021e-01,-6.332986976754728659e-02,4.562512042803139600e-01,5.259743061746383619e-01,-3.893037212466741170e-01,3.889748581976202879e-01,-1.767693103787192424e-02,-1.751522633506910620e-01,-2.880741930891346780e-01,-1.621687109063624510e-01,3.823481742283034168e-01,4.273707669620264715e-01,-1.259062922274742091e-01,4.206239814871379906e-02,6.139753278496874050e-02,2.247850699588509193e-01,3.323642128093034359e-02,-2.282710624778578612e-01,-1.816001684289731688e-01,-2.931917298200510946e-01,1.055843483645051289e-01,-8.870833224887154922e-02,9.805513353604955462e-02,6.118666491458869816e-02,-7.360820807512079289e-02,-6.814683011346533287e-03,6.619490061921429191e-02,-3.897115679715325298e-02,-4.485229023536727588e-01,-1.156808721856704275e-01,5.009261228262620880e-02,-2.360301675350553463e-01,-2.962470716142529426e-03,2.355983482998812439e-01,-1.449035173706837987e-01
4.901071224273629429e-02,1.037937882883123442e-02,-8.283107348852659924e-02,7.615941559557648510e-01,6.027040426212394719e-02,2.955116533226000430e-01,5.369103913239950954e-01,1.038447191117863877e-01,5.905705463169363956e-02,2.121206090912871878e-01,-5.428667279057947104e-02,1.450953143305726833e-01,3.253816246618641550e-01,1.247618721409623904e-01,2.822831111652104874e-01,2.337863494841266876e-01,3.030592822300356981e-01,2.607397256936169749e-01,2.091892216073123686e-02,1.831954780306326580e-01,1.594118777428795430e-01,2.736121889775660621e-01,1.231829453708886690e-02,4.260402054354234941e-02,1.505043202252023815e-01,2.938649612302447478e-01,2.874550038543902675e-01,1.478303994268577726e-01,1.740580812079915163e-01,1.988554173251176893e-01,3.584718198267227152e-01,1.504599159638246031e-01,2.381736448726241018e-01,-1.335628359610670224e-01,-9.778771495938319569e-02,-1.033861848386778692e-01,1.011360575222196440e-01,9.151941908745096776e-02,4.052041261576553449e-02,1.969834636985683396e-01,7.502410632831373050e-02,1.056252881619178519e-01,1.906888265433637208e-01,-9.333282142514745527e-02,1.509225166057167992e-02,1.019192288603728846e-01,-1.163740493590081221e-02,2.125748527279307520e-01,6.142502650767165534e-02,1.333583667541176909e-01,1.887034878396249837e-01,5.031249983673515697e-03,2.840703602024200261e-02,-1.644808862906253222e-01,-3.327944856482077662e-02,-3.833788973300102099e-02,1.295935023971713229e-01,-7.007487434139683669e-02,1.994533069721731583e-02,1.245225317220495509e-01,2.542356733820943723e-02,-1.186007608874076885e-02,4.274722888492619166e-01,-1.853679057564077901e-02,-3.567883363273834790e-02,2.696689579340719733e-01,3.256380847943266075e-03,1.997798875446538946e-01,2.076692978412666701e-01,2.245013918090051422e-02,7.290616725166937373e-02,3.219865379762085755e-01,1.256065224421247517e-01,-1.807817835024150277e-01,2.884961058356722008e-01,-2.735100858336995608e-02,2.312723710038852576e-01,-6.349790649608644255e-02,1.933419330616433507e-01,1.008175796021673620e-01,1.947428755415384349e-01,3.940222844022008841e-01,1.051974510926268480e-01,5.363758264496563261e-02
-4.977686181362505485e-02,-2.984759549320501471e-01,5.081725487696370225e-01,6.027040426212387780e-02,7.615941559557648510e-01,5.884872029067901578e-02,2.491277643365278349e-01,1.036887397787432108e-01,4.292151228318084599e-01,7.802724916177854186e-02,4.717633409123777599e-01,9.415980294175746446e-02,1.579391412028730707e-02,4.184358246472132947e-01,2.907027250407969166e-01,-7.949951767452295703e-02,1.632617031992097401e-01,-1.449501428092196155e-02,8.101510302171446853e-03,4.918391075225543307e-01,-3.532022341858520598e-02,2.746192766012059416e-01,-4.595128048836620571e-02,-1.294678903777911616e-01,-8.842668642559267655e-03,-8.112962756886279991e-02,4.773614516868842084e-01,2.485651599095737019e-01,1.495473797513123537e-02,4.604889576181820932e-01,8.959559201298447628e-02,3.345337142389474550e-01,1.407292932257531437e-01,5.862204653974873586e-02,-2.536756709076680716e-01,4.993905384281630000e-01,-4.737429650904973616e-02,7.985690802512512843e-01,8.199916536753960872e-02,3.544960312842629913e-01,3.125023276558297480e-01,4.223001291186680994e-01,-6.432989329817150048e-02,5.847640704623482399e-01,8.132425372825956289e-02,-9.210156405767328316e-03,3.485696260744671204e-01,1.667831871327081217e-01,-1.067398369501259409e-01,-3.004506512277432470e-02,-5.032504399987330207e-02,1.034215496382651506e-01,4.732355732882495003e-01,-2.364232567175165722e-01,3.072484010395744036e-01,1.160199221110302659e-01,-2.285130155695609400e-01,-1.648034647028814026e-01,-1.939399991567845871e-01,5.143138671709820420e-01,2.943595929985095005e-01,-3.770931845318749309e-02,1.873938262257988652e-01,2.894302245077016722e-01,1.012965096978699353e-01,8.165644699697663378e-02,-1.958577546873164765e-01,-1.023281545883575616e-01,-2.890527016306086439e-01,3.061979434257563332e-02,-2.051184856030023249e-02,2.521663722356151105e-01,2.683165486689269574e-01,-4.268992008313305525e-02,2.068640640389597662e-01,-1.579728296595037801e-02,-1.643933699721373265e-01,-3.885943263085432364e-01,-3.834145188233466506e-01,1.105742947606019877e-01,-1.133168104978966167e-01,2.865256979199680698e-01,4.567421384262417838e-01,-1.114081271704610854e-01
1.336133827418089504e-01,-2.986024911645889235e-01,-2.762372246329944381e-01,2.955116533225999875e-01,5.884872029067896027e-02,7.615941559557648510e-01,2.146518367026202800e-01,2.894215941012481808e-01,-2.775163281757497269e-01,3.634733517793988233e-01,-2.087730248509679920e-01,1.711968769616139252e-01,5.495108183042379801e-01,2.976580243804438086e-01,-2.622379183348901802e-03,8.107161511587765435e-02,2.137816960681496459e-01,1.205495342946289183e-01,-4.435323998492726738e-02,-2.869312356140903825e-02,3.217016440173071090e-01,5.220369711404387533e-03,4.107304189513536485e-01,5.619183852650141975e-02,4.317429469688183197e-01,4.764685703165564279e-01,1.770270842055367555e-01,3.597093482675679799e-02,3.183373239046446979e-01,2.604313993619861156e-01,1.828151839805336187e-01,1.404328887662443515e-01,-1.525529168965564786e-01,-4.084700658305340792e-01,-3.524428796517697915e-01,-3.328062922424263048e-01,-1.402122535694388383e-01,-3.543327479930947349e-02,4.508065807750079590e-01,1.815712591321160252e-01,1.165650919124245899e-01,-3.709655343291899943e-01,1.477317121403736444e-01,-2.252086712544539571e-01,-3.285299049838467933e-02,1.616405276896672738e-01,2.952792046625571029e-02,-2.703655732646277343e-01,-2.569918727230590672e-01,4.220165572296574047e-02,-1.507380182455843320e-01,-5.600921680845501183e-02,5.529205985205740137e-02,-1.674615503224420321e-01,-1.609996508370182267e-01,7.612331281643960890e-02,-1.118873110751017752e-01,-6.961023912696959193e-02,1.144369458709106613e-01,-1.051657482314210523e-01,-9.738132017439292409e-02,-1.363302690708012577e-01,3.660941650786027624e-01,-1.057668104807566317e-01,2.431505622870381300e-01,4.847406759747915905e-02,5.248165805805243139e-02,2.966109842875448988e-01,7.283369160743410897e-02,-3.458422512280652419e-03,2.818025462253977501e-02,2.453725172974767776e-01,6.576098610945906031e-02,9.354509366176944063e-02,2.081849811617161039e-01,2.260587458321608456e-01,3.219484775603445592e-01,3.684094370854712561e-03,4.743203864582939966e-02,-5.908262708745234959e-02,3.749741066954419971e-02,1.493869434166586463e-01,-3.497236234803339887e-03,6.045675022481527411e-02
1.549397120903489300e-01,-4.417764717157776078e-01,-4.494275545403091099e-02,5.369103913239950954e-01,2.491277643365280292e-01,2.146518367026204466e-01,7.615941559557648510e-01,-2.062041354797709836e-01,-4.549218325859588630e-02,3.571126078531062786e-01,-7.236351065070636968e-02,-5.137188070451727262e-02,4.837137118448247564e-01,-2.004391646831776563e-01,3.110438648081824686e-01,3.846300322426536300e-01,2.900540595846899383e-01,1.754908266989474441e-01,-2.632073012216145091e-01,4.602078860417461170e-01,1.109791418737614450e-02,4.016025681831215666e-01,-1.759796041865720195e-01,-3.112122373782555962e-01,-5.575547857410741853e-02,1.210241830240318776e-02,6.419990698887241276e-01,2.125707199004244485e-01,6.003913380430609958e-01,2.141103175867386244e-01,4.093400032867552940e-01,1.709758350883975042e-01,2.219286209678660582e-01,1.097807277433800327e-01,-2.120667396796555859e-01,-7.063830982977256645e-02,5.177402253257365472e-02,1.094743846634392004e-01,4.408625967282588098e-02,6.039587138029882674e-01,-9.756132339203997528e-02,-2.222676280966109572e-02,8.796436484805125744e-02,-9.145278818326875447e-02,-3.426481094015856182e-02,2.362729920367838965e-01,-1.255756679328893510e-01,3.030041398602774660e-01,1.847387300195535709e-01,7.822570742659269716e-02,1.062019051759310745e-01,-2.349492091924342274e-01,3.794540410179644829e-01,-1.850881817651101602e-01,3.654547387295306038e-01,-9.230871780081680023e-02,-1.930364571933488593e-01,-2.184085840324508920e-01,-1.562048740913529465e-01,5.653731201826988073e-01,1.533436716874690964e-01,4.096743057507914454e-01,1.615817553745549917e-01,3.926863135926187964e-01,1.688481215253090709e-02,2.410393579583417212e-01,-6.760929188528244649e-02,9.119141299433071446e-02,-2.380788701246033812e-01,-1.309661327591950808e-01,-9.043953235593500672e-02,2.979942690250705351e-01,3.490045661391195653e-01,-1.569730982790239204e-01,1.593855256696275480e-01,-2.936123680149218054e-02,-2.827465541722956957e-02,1.098994191684510117e-02,-2.544492542044808348e-01,-1.394323899521703880e-01,-3.412827647880439103e-02,4.017892462162127587e-01,2.861062744812916114e-01,-9.439566868574959801e-02
-2.770424171941646141e-01,2.612951734757349431e-01,9.091346713559915471e-02,1.038447191117864432e-01,1.036887397787432524e-01,2.894215941012481808e-01,-2.062041354797709836e-01,7.615941559557648510e-01,1.561059515836834242e-02,8.410393480241443176e-02,2.348922110881018765e-01,6.825606362151293016e-01,-1.661092884909171896e-01,5.746945073916766011e-01,2.693468111438547807e-01,-3.985720250799048014e-01,-2.928227359764578042e-01,-3.216447500414289506e-01,3.312636560558182564e-01,-5.829442081548079357e-02,4.242898119278625257e-01,-3.686029216596325986e-02,6.225279009299101718e-01,6.947473156716633680e-01,1.035811108111686363e-01,5.045143093861138572e-01,-1.156631186162250940e-01,-1.108573774284196956e-01,-4.546486291676134495e-01,2.241758152894664791e-01,1.593254879070766239e-01,1.064911570826970327e-01,-1.959471533627666906e-01,-4.762187482060650234e-01,1.446986257980987234e-01,1.300682265897629697e-01,-4.978884220386892850e-02,4.461349723516032373e-02,-1.151558853773907432e-01,-2.473635137610051549e-01,6.132342203749653331e-01,-3.055343686588462421e-02,-1.542795981670916708e-02,2.209238322868402049e-01,6.262186284314127382e-01,-2.373848676882260034e-01,2.466980466941783856e-01,-1.070729361182734263e-01,-6.126863977568320907e-01,-3.504067037615207214e-01,-4.857047653779455465e-01,2.984986136149700986e-01,3.303306191083692916e-02,1.441423271974540954e-01,-1.630048702892274992e-01,2.527081306592043886e-01,3.920964230693707031e-01,-3.430295414172782609e-01,4.441617944605463775e-02,-3.276001916274090542e-01,-1.811056451007509172e-01,-5.561142456962006042e-01,3.095073959519818452e-01,-7.612719661096256640e-02,7.154348572848015508e-02,-5.835963101664300157e-02,-1.616778213373880613e-01,2.951734938979763134e-01,3.462655832952456214e-02,-9.883897693920680461e-02,-2.338950045124311428e-01,3.460976960220986665e-01,5.829351990410635426e-02,1.905377811540930610e-01,1.909921594955582558e-01,1.860852024979320340e-01,9.089650133998018744e-02,-5.863219470313466020e-02,-9.260314703197652930e-02,-7.607453384906616434e-02,5.789826686926929922e-02,1.791952634462602445e-01,-2.772973621849638901e-02,4.239418314372048885e-02
-1.955539956454374895e-01,-1.719589293368893324e-01,6.541096684986117404e-01,5.905705463169366731e-02,4.292151228318083489e-01,-2.775163281757497269e-01,-4.549218325859592793e-02,1.561059515836831467e-02,7.615941559557648510e-01,-2.548659408198966081e-01,5.957611813505493403e-01,3.186701679480420397e-03,-2.326478942093976043e-01,-6.084337640822014975e-02,1.377503474837764863e-01,-1.633595082994731273e-01,-3.679176541655913846e-03,-2.893979481892928682e-02,4.258576996275521553e-01,4.792800669696720695e-01,-5.445572850772629758e-01,3.498711377276477741e-01,-2.831818182013287055e-01,-9.501376009547239654e-02,1.531147131621840574e-02,6.211933648082289261e-02,3.056251840942943443e-01,4.713792864205746530e-02,-3.441454326340263048e-01,7.689615530495810813e-02,2.588610143693180488e-02,2.892904275301996231e-01,9.285871729737925698e-03,-5.279104740977589444e-02,-2.475721162848027457e-01,7.397138504515679003e-01,-3.508866593682387625e-01,3.009069052587309834e-01,-4.231711005935549497e-01,-1.920082468683342036e-01,-1.501144941883574835e-01,8.676996057149360952e-01,-4.147065601229763532e-01,6.729942946812200733e-01,-1.867342079731191540e-01,-3.823198020883361026e-01,-1.808933958131167252e-01,6.011727631521082693e-02,-2.148659391175835875e-01,-2.299199557614867717e-01,-2.248188479704434362e-01,4.117345221971125957e-01,4.759296591254058018e-01,-4.774679342565472107e-01,3.620437923457288099e-01,-3.177813460846699023e-01,-3.150543291315756611e-01,-3.430872717119123338e-01,-2.838030615811650836e-01,4.065488842422572136e-01,6.077970167853603833e-02,-2.559864137875370593e-01,-7.890842908467801675e-02,6.695147774263198945e-03,-2.678936627891006367e-02,-1.446339098067441487e-01,-2.189551002596116513e-01,-3.129763478970731816e-01,-1.156440324451551704e-01,3.202298743766128775e-01,-8.732743633643916259e-02,-8.390255724790815495e-02,-2.078509707372338308e-03,-1.310238121720502524e-01,6.015150966837522206e-02,6.181810520420794736e-02,3.614446679587117461e-02,-4.871643872855836999e-01,-9.780787653384614977e-02,2.437887076343383252e-01,-1.420835021788511288e-01,-1.281246313115849411e-01,1.193971457805823450e-01,-1.830067838561789118e-01
4.176623824180984434e-01,-3.047477269307396486e-01,8.911202398142784031e-02,2.121206090912872155e-01,7.802724916177851411e-02,3.634733517793988233e-01,3.571126078531062786e-01,8.410393480241443176e-02,-2.548659408198966081e-01,7.615941559557648510e-01,-1.531641503554909689e-01,3.637396395153394413e-01,4.163392592154954719e-01,1.459142248896158067e-01,1.625019067216176283e-01,6.466461601403584725e-01,5.921054483955328074e-01,6.969832584082618077e-01,-2.352564196672478347e-01,2.698265320323386396e-01,1.933172198604839187e-02,3.414114982436092793e-01,-5.659628750964119243e-02,1.069849148180640613e-01,3.324454603311295942e-01,3.572693311340997546e-01,2.376760616485466548e-01,5.051116715939761859e-01,2.524883852019155772e-01,7.406694391954320444e-01,1.487485793825231439e-01,8.470837633846436954e-02,1.845773909527392287e-01,1.326718280636169645e-01,-2.608859954530245995e-01,-9.668952535510888513e-02,4.732430969852324462e-03,2.842377761165100214e-01,-3.808540973195341604e-03,2.729903460258167880e-01,9.170353646136829295e-02,-1.988520025788605150e-01,5.984597998469444180e-01,-8.882816132790051500e-02,1.442954877527040103e-01,2.016124984424345068e-01,1.444551386148046901e-01,-9.786130679898660464e-04,1.700073517462633577e-01,3.013306510429415441e-01,5.346747037456515139e-01,-2.133951637987234473e-01,3.031892769849414138e-01,-3.095770848595721381e-01,2.597043419376184881e-01,-8.900256037939696663e-02,9.790502472061857198e-02,9.184651034827348570e-02,4.584322766635195480e-03,1.514149769537910528e-01,4.514764694103719500e-01,-3.666821998768584473e-02,6.694890831049858937e-01,-1.930273180686780388e-01,2.448094384330392823e-02,2.124718136864679474e-01,-2.502117945786009462e-02,-1.450919529577075484e-01,1.203940538922816834e-02,3.284249839185108405e-02,1.872350779723148395e-01,4.379295843151506107e-01,1.925439255181852216e-01,-4.390968683319299709e-02,3.574094139302541051e-01,-2.155473418165590460e-03,9.222825728377452570e-02,-1.746519532322634849e-01,2.489127143952257759e-02,-7.116053909293765245e-02,2.999118167944140115e-02,4.104751786215782849e-01,4.001851948777332413e-01,3.232962384808955592e-01
-2.771557151591058088e-01,-1.790274889242407519e-01,7.940877132390581350e-01,-5.428667279057952655e-02,4.717633409123775934e-01,-2.087730248509679920e-01,-7.236351065070641131e-02,2.348922110881017933e-01,5.957611813505494514e-01,-1.531641503554909411e-01,7.615941559557648510e-01,1.218951707925763073e-01,-2.223850029923765959e-01,4.865726765453917690e-01,1.332826581726689885e-01,-2.873275972455948124e-01,-1.029034888322684360e-01,-7.960045022367422118e-02,7.902585724671024048e-01,4.141424912888268528e-01,-4.043187605276831742e-01,1.747082780954168912e-01,-5.949710076803656905e-02,-5.430322802137736021e-03,-2.490147135545331125e-01,1.404536389741893876e-01,2.887648601519322011e-01,1.901323913965221601e-01,-3.127751857358302412e-01,2.570032983033341822e-01,-1.639967126899752325e-01,5.152633816991247784e-01,-3.360113560080503492e-02,-1.796758361380852431e-01,-1.865508464942779998e-01,7.589932458864014908e-01,-4.120533718934876743e-01,3.236134648890640619e-01,-2.905242503558576606e-01,-1.473501810347682683e-01,2.230621997859868755e-01,4.553368876192422365e-01,-2.897299771562706905e-01,9.055713450851694546e-01,-4.938874677313185441e-02,-3.032960265397772193e-01,3.630712793125480675e-01,-1.026708135129680982e-01,-3.276903660864247114e-01,-2.568721647479013659e-01,-2.510382631196810821e-01,7.836046867298701590e-01,4.083334659572605552e-01,-4.903730708737061850e-01,1.384012796175443927e-01,-1.070627779612999125e-01,-1.850246029432763561e-01,-4.758612021167967776e-01,-1.370143889773545454e-01,2.507606929657477113e-01,1.485549092648901226e-01,-3.759910968348887939e-01,9.338612083895224403e-02,-2.718030553525219509e-02,2.525164636125732387e-01,-1.828086678429393930e-01,-1.743412487582557957e-01,3.572427676432285426e-02,-8.907184445582805310e-02,1.528704508168771958e-01,-1.413072437491815214e-01,1.647722977353629492e-01,1.443422109462141611e-01,-4.022530491421191096e-02,2.080320756362137591e-01,-6.083714219549300056e-02,5.604214263789888961e-02,-4.639717479061440941e-01,-5.507733051979851746e-02,1.573717708443266305e-01,-2.208418025024267983e-01,-4.094710009196584136e-03,1.411285503491725712e-01,-2.910002413887612382e-01
-3.460975527342323721e-01,1.207407676522517792e-01,6.215642948902934395e-02,1.450953143305726833e-01,9.415980294175749221e-02,1.711968769616139252e-01,-5.137188070451728650e-02,6.825606362151294126e-01,3.186701679480441213e-03,3.637396395153393858e-01,1.218951707925762934e-01,7.615941559557648510e-01,-1.987626239687869945e-01,5.321135295233845319e-01,3.899425813785289963e-01,-1.496497735576348131e-01,-1.190112999244879177e-01,-5.157987351402541776e-02,2.972052457839640116e-01,1.952035525788406445e-01,3.819553233852180374e-01,2.112632883456065647e-01,1.531976128853353991e-01,7.810399317028602351e-01,1.235743108788435983e-02,4.693567120842914164e-01,-7.128341774306477807e-02,-5.168521015503318994e-02,-3.804957606890685962e-01,4.939438028681298887e-01,6.273600331654953510e-02,6.573724021117031968e-02,-1.198837155415030387e-01,-4.303552277524410608e-01,-2.492372636038131528e-02,9.613920076780478607e-02,1.374135287871502131e-01,1.741737921581530957e-01,-2.472415703118982511e-01,-2.459617141893470638e-01,5.514017256695964431e-01,3.369404307296394729e-02,3.427025925690493913e-01,1.335868912942358155e-01,8.327788484700860971e-01,-2.204826669105748593e-01,3.283017305547724640e-01,-1.184931543328391901e-01,-4.011829625241653541e-01,-1.778032355460526792e-01,-2.392796400419433256e-01,2.818845827867375031e-01,1.513555631239970611e-01,5.249396147386015815e-02,-4.269767504125496216e-02,-9.779304888147678787e-02,5.125476871156688929e-01,-2.985515878966474856e-01,-9.270798394439129508e-02,-2.909809988082148191e-01,-3.657259066622737392e-02,-5.217630938369285376e-01,5.506601188648799772e-01,-2.737899066578795004e-01,-3.811210275091000271e-02,2.255121186644185906e-03,-1.155358449717902580e-01,2.008176591869119745e-02,1.623777602721319657e-01,-4.534803582445744163e-02,-1.550677384603832594e-03,5.859752855313453690e-01,2.417787348581655338e-01,2.714386915956174540e-01,4.844006170028678504e-01,6.038973292318806918e-02,2.221270341341246082e-02,-2.248517612981521530e-01,-5.609946216356852949e-02,1.464683717231492904e-02,6.020735381090682597e-02,4.502861110217329932e-01,2.677857634045676116e-01,3.391553138262057843e-01
6.841640220603604217e-01,-4.584173152413743013e-01,-1.320693782083965095e-01,3.253816246618641550e-01,1.579391412028722380e-02,5.495108183042379801e-01,4.837137118448248119e-01,-1.661092884909171896e-01,-2.326478942093976043e-01,4.163392592154954719e-01,-2.223850029923765681e-01,-1.987626239687869945e-01,7.615941559557648510e-01,-3.208953637377635615e-01,1.084825571605056854e-01,3.563343462576262777e-01,6.886435379963238290e-01,6.297327653601360042e-01,-1.801461113346964904e-01,2.772201332476335600e-01,-1.306690647579263065e-01,2.670889511971022423e-01,-1.744991682400673094e-01,-2.499906618850256113e-01,1.529820300250549214e-01,3.479197428835750228e-01,2.480022553776226324e-01,5.601735165064107846e-01,6.753941071380026306e-01,3.326710521249875430e-01,4.635901767634164616e-01,2.179830794223578672e-01,1.990129487380710160e-01,1.808052277588802492e-01,-4.588959289721017965e-01,-2.036755244478930804e-01,-1.313453075694098193e-01,6.771135006037278491e-03,2.126935694084954309e-01,4.849752576473598809e-01,-3.915856267708742733e-01,-1.866258904181635758e-01,1.884596300753780262e-01,-1.709949199272312870e-01,-3.355413087896884639e-01,7.135843643019217364e-01,-2.464098964525009983e-01,-4.226506668952317858e-02,2.289202261003835115e-01,5.111775757376328944e-01,5.052626703373770400e-01,-1.688930752859326978e-01,2.930504096170470363e-01,-3.756539124785887585e-01,2.312944408248450712e-01,-2.299501646724242121e-01,-3.581466624554617839e-01,-5.277109067122107838e-02,2.016940569503074265e-01,2.102406105011475068e-01,4.401552286261006808e-01,3.526626952084013222e-01,2.385547583938911753e-01,2.066747331858571346e-01,2.849291813942674279e-01,2.171352702060768136e-01,1.770786186870025036e-01,6.987267381553741163e-02,-2.211304311142767431e-01,2.534832024845294629e-02,1.811859953202524243e-02,4.714600653876085262e-02,2.531664986272612050e-01,-2.269800894916528256e-01,7.768578995930203179e-02,1.593196291790237307e-01,3.708653122778592937e-01,-5.102091632807480293e-02,-9.984387894191144863e-02,-1.065469389601932521e-01,6.821249018369582306e-02,4.334293007284500260e-02,5.717679631333380530e-02,-1.696010672632504990e-01
-3.115188584782728198e-01,2.319724958519063865e-02,2.756033136329993916e-01,1.247618721409623349e-01,4.184358246472132947e-01,2.976580243804439196e-01,-2.004391646831777951e-01,5.746945073916764901e-01,-6.084337640822013588e-02,1.459142248896157790e-01,4.865726765453917690e-01,5.321135295233845319e-01,-3.208953637377635615e-01,7.615941559557648510e-01,3.689708339352940625e-01,-1.214411168437740940e-01,-1.354018529334284071e-01,-1.872899124413864025e-01,4.137339531962199168e-01,3.253868452741668915e-01,4.188005617797153635e-01,1.617468559269512329e-01,3.800818815346228008e-01,3.079056559327075226e-01,-4.573916643378445751e-02,1.201590352851701210e-01,1.916860792746837294e-01,-7.593440813025409408e-02,-1.752366147235827898e-01,2.158426925469231206e-01,-1.335236225967437462e-01,1.563445403723835170e-01,6.448596855689676943e-02,-4.233292135435730574e-01,1.119928586191989983e-02,2.633446923911872961e-01,2.455735421799021614e-02,2.555118083037108412e-01,8.925688555886579501e-02,-1.955015890038275528e-01,7.876301764205273503e-01,-7.602207045252611095e-02,1.123066444518205365e-01,4.118657070441809620e-01,5.013221061939417966e-01,-2.391025995000914672e-01,6.807105287819112949e-01,1.053750717732499509e-01,-2.144951273691356741e-01,-1.893092749339555236e-01,-1.543385275893974229e-01,4.245277214834555779e-01,1.723245116414928446e-01,4.246629883542299422e-02,1.204213725830116828e-02,3.474250847808408316e-01,2.818793537575738917e-01,-1.665449412232310467e-01,-1.860233423005400524e-02,-2.386466421878942826e-02,-3.336536547491809890e-02,-3.137997077510031319e-01,4.335442391757857727e-01,-8.521976551056141547e-02,1.594332610028502961e-01,1.033364089135617725e-01,-1.653668445195402292e-01,2.813978111064319165e-01,9.623082179865828645e-02,4.888145980893456033e-02,8.522091876856209558e-02,5.543296028270444653e-01,3.037696916507410250e-01,2.512668295433547749e-01,3.242615497790629076e-01,3.131625300129310674e-02,-1.415782196854706299e-01,9.541161298393538437e-02,-1.540597650589501690e-02,1.053025398828790204e-01,4.494538699289945399e-02,4.390744448911590991e-01,3.181003107173338007e-01,1.499968744513485996e-01
-1.876925324187532496e-02,-1.165640115381507413e-01,2.869309048652091687e-01,2.822831111652104874e-01,2.907027250407968610e-01,-2.622379183348915680e-03,3.110438648081825797e-01,2.693468111438548362e-01,1.377503474837764863e-01,1.625019067216176560e-01,1.332826581726689885e-01,3.899425813785288852e-01,1.084825571605057409e-01,3.689708339352940070e-01,7.615941559557648510e-01,-5.707563512623062968e-02,2.280487246672018298e-01,4.256785108050941541e-02,7.852348563749014798e-02,3.112494238472870989e-01,2.111046504384513633e-01,4.887795772334894706e-01,-9.268812025685357892e-03,3.084801095240999325e-01,-1.723799677992769452e-01,2.104393751181904415e-01,1.643418171079387424e-01,2.119827071588939738e-01,-1.283587606735958342e-01,1.824275224508690174e-01,1.546762827938008844e-01,3.352684547777602941e-01,1.563182142298317756e-01,5.868035682618581717e-02,-5.021325007664775852e-02,3.002516328904660803e-01,-1.084216634930704019e-02,3.312344180717852193e-01,-1.864626401234721620e-01,1.805155404336148406e-01,9.643479929083086100e-02,2.221521235756483137e-01,1.687257349571071596e-01,1.794978198343299414e-01,1.887774640218532751e-01,5.891918885074082929e-02,2.981674046835522396e-01,5.534193735995132091e-01,-1.522802728778191728e-01,1.340233709474674961e-01,-3.781735496852967667e-03,7.309578334700160551e-02,8.804904474314532992e-02,1.600701719004812840e-02,1.675756408646791873e-01,-2.594481336366837032e-02,7.997384289443042193e-02,-2.865987744717484742e-01,-1.016202443987808124e-01,-6.465474702695089837e-02,1.718120470806384359e-01,-3.303965550849352062e-01,1.026781710669618236e-01,-1.464888436301098849e-02,-4.014049303394586626e-02,2.455508745976161741e-02,5.701852300060949487e-03,1.182495617089233952e-01,1.051746352533504680e-01,-1.122073712994684364e-01,-2.696427214661007432e-01,4.030847472120347441e-01,-2.400305068722727309e-03,-4.924127036117193629e-02,2.928719882035712985e-01,-5.248696039764953747e-02,2.677629819240511244e-01,-1.447734651394017857e-01,-9.838612054343547075e-02,-7.753785831924545069e-02,-9.810418747911388293e-02,5.503207621483056089e-01,2.136056845092877410e-01,-1.612657760433197363e-01
5.286336407116487557e-01,7.980333254809767948e-03,-3.910399594023287323e-02,2.337863494841266598e-01,-7.949951767452295703e-02,8.107161511587765435e-02,3.846300322426536300e-01,-3.985720250799048014e-01,-1.633595082994731273e-01,6.466461601403584725e-01,-2.873275972455948124e-01,-1.496497735576348687e-01,3.563343462576262777e-01,-1.214411168437740940e-01,-5.707563512623060192e-02,7.615941559557648510e-01,6.056372429478165120e-01,6.870555804862490401e-01,-4.041674028323177792e-01,2.164201326622915839e-02,-1.422188171659919398e-01,1.698180819628416494e-01,-1.943247744070714933e-01,-3.874424842856474815e-01,2.007121118072988653e-01,-2.136750811235614209e-02,2.265961333638876196e-01,4.081970128612689708e-01,5.478622132333366146e-01,3.019636452925769654e-01,2.613297302155710433e-01,1.430178381263613463e-01,5.367948818968393265e-01,4.301300922020102613e-01,1.022057032676462751e-01,-1.236471242366636164e-01,-1.617272412142246386e-04,2.624268075502852147e-03,-1.109126793541463374e-01,2.985278194770434324e-01,-3.425375090278585111e-01,-1.539655394479130801e-01,3.945263080521186350e-01,-1.810924639809275427e-01,-3.207352859296908054e-01,2.938727568419416403e-01,-2.401639361764758007e-01,1.432605547733611928e-01,6.312242316465366265e-01,4.103533823671367542e-01,6.475866468822155664e-01,-3.367061142989587474e-01,1.322849140103436738e-02,-1.746024512575520826e-01,2.418512138450030213e-01,-1.500156992758984176e-01,-1.681311287478309824e-01,1.331218649293297862e-01,-7.230323127678513206e-02,2.095039790494483134e-01,3.269139880917561469e-01,3.822196635889933969e-01,1.512598021399778059e-01,9.565955497322035928e-02,1.151227975935433662e-01,4.624399145429400337e-01,-9.993488763932703578e-02,-1.562038081635979403e-01,-1.565183074135142183e-01,1.123112627082513554e-01,-1.037441501242255676e-01,1.293857224262573435e-01,-2.924626059608551390e-02,-1.410567673836688740e-01,1.640149069434342632e-01,-1.088433017011378595e-01,-3.876246008751364769e-02,-2.625966975161906497e-02,5.286452193552399620e-02,7.913053478202664720e-04,-5.325542557751870854e-02,2.063149158905768499e-01,9.090090453692770134e-02,1.022639114437691593e-01
5.935321780951481330e-01,-3.378989862258645060e-01,3.713935483567742252e-02,3.030592822300357536e-01,1.632617031992097401e-01,2.137816960681495904e-01,2.900540595846898273e-01,-2.928227359764578042e-01,-3.679176541655872212e-03,5.921054483955325853e-01,-1.029034888322684083e-01,-1.190112999244879455e-01,6.886435379963237180e-01,-1.354018529334284071e-01,2.280487246672019408e-01,6.056372429478165120e-01,7.615941559557648510e-01,7.992295745870068302e-01,-1.555104616499018155e-01,3.959277528380817368e-01,-2.744544040446487143e-01,4.001947391751961014e-01,-4.050002158028033206e-01,-2.118227170722138675e-01,2.197189795808792423e-01,3.498058143676689991e-01,2.049624160107104687e-01,4.853032548922033285e-01,3.869360703304086657e-01,4.164878352791290816e-01,4.941493655867949530e-01,1.336624504651177658e-01,3.172292815920042530e-01,2.185639073361504425e-01,-3.826340991424216353e-01,-7.122740152322787344e-02,5.165021213952560031e-02,3.287835968834482148e-01,-9.460431660816834287e-02,3.238040813439339027e-01,-4.508608864603930177e-01,3.701425774493952853e-02,3.218196936565710375e-01,-6.906171022752394251e-02,-2.576791153239744725e-01,4.373005769774607199e-01,2.056722727636665568e-02,9.271385830686464102e-02,3.012298375451191723e-01,7.514361036217137579e-01,6.003497652492217895e-01,-1.284283956461565457e-01,3.981818374654378379e-01,-4.887006073406569562e-01,3.216081146575230920e-01,-4.106176169166070311e-01,-2.310495381224428324e-01,1.533372432943044816e-01,1.266783534368608743e-01,2.012154094844861574e-01,4.371360807052106501e-01,1.717375040604020298e-01,2.857335825502279048e-01,7.537312055727955762e-02,1.863295704409073106e-01,3.310856037961923404e-01,2.828234586367949221e-01,-1.570629773027081844e-01,-1.209684843111530350e-01,7.933605773569153696e-02,9.111560804768961686e-02,3.131019312993368886e-01,3.150980160577063760e-01,-2.806473212948676355e-01,1.734426582603363909e-01,1.531210138083494848e-02,3.322011823899221894e-01,-1.456941701375899234e-01,-2.848490103381906211e-02,-1.123078316510311842e-01,1.151425956048518148e-02,1.530731869676459911e-01,3.156320448975558635e-01,-1.450260785913691230e-01
8.776185308404247376e-01,-1.932216756470647168e-01,4.497628034943598752e-02,2.607397256936169749e-01,-1.449501428092191992e-02,1.205495342946289322e-01,1.754908266989474441e-01,-3.216447500414290062e-01,-2.893979481892927988e-02,6.969832584082619187e-01,-7.960045022367417955e-02,-5.157987351402541776e-02,6.297327653601361153e-01,-1.872899124413864025e-01,4.256785108050941541e-02,6.870555804862491511e-01,7.992295745870068302e-01,7.615941559557648510e-01,-2.033729254915172535e-01,1.812762327863423339e-01,-2.548705074957791639e-01,3.663522948317617378e-01,-2.276164387261616073e-01,-1.709789644728372526e-01,1.450063267574019099e-01,3.433654956235449029e-01,1.153296785906019611e-01,6.844802758175458912e-01,4.689457911073440233e-01,3.875359282750396872e-01,4.804088452194639758e-01,1.698616385043458799e-01,2.777062657526420675e-01,4.346176186934706531e-01,-2.740386092006796837e-01,-1.030945680733762713e-02,-3.290929556541256906e-02,1.483273674935460529e-01,-1.394463419096881041e-01,2.022423705455767273e-01,-4.772363341460809094e-01,2.160627984033374957e-02,4.956295580205196116e-01,-2.584917004640186616e-02,-2.821403186441597821e-01,4.930719910524135052e-01,-9.297461884721537617e-02,-6.546092073176670856e-02,2.997666318315832523e-01,6.045339457882079603e-01,6.594705987446219941e-01,-1.777275367738059275e-01,1.471606801394297337e-01,-4.588043034341068305e-01,1.996470274635104847e-01,-2.733098662457134620e-01,-1.342651819857913487e-01,-8.937214749970029404e-03,1.354889822647436792e-01,1.075242557966743923e-01,5.321337224824784773e-01,1.089076279300168482e-01,2.751182657150673672e-01,1.242713689286757406e-01,1.411315563988297661e-01,2.514304069512129369e-01,1.719107523690092953e-01,-2.361589275584043968e-01,-1.410904523986832859e-01,1.685415118207578555e-01,2.050140092942852044e-01,1.877357334647869469e-01,1.591694984516661415e-01,-2.502176083868880574e-01,2.462816164144381315e-01,8.249970242574057588e-02,3.255573084492174307e-01,-2.348640812451927296e-01,3.425487295548046429e-02,-4.763300941977282460e-02,1.490186350878030530e-01,1.374474409107693529e-01,1.697565613226695025e-01,-4.923442955512644104e-02
-3.593150501459378976e-01,-2.704369900669624793e-01,5.698659431219039728e-01,2.091892216073120911e-02,8.101510302171474609e-03,-4.435323998492715636e-02,-2.632073012216145091e-01,3.312636560558182008e-01,4.258576996275521553e-01,-2.352564196672478625e-01,7.902585724671022938e-01,2.972052457839641226e-01,-1.801461113346964349e-01,4.137339531962199168e-01,7.852348563749018961e-02,-4.041674028323177792e-01,-1.555104616499017600e-01,-2.033729254915171980e-01,7.615941559557648510e-01,8.174085914457832058e-02,-3.645642009440762665e-01,-9.966560989294717676e-02,3.367420911108839898e-02,7.782456024810271988e-02,-3.403940711723295043e-01,1.856841288904014786e-01,-4.710852183071607274e-02,-3.978849752971173881e-02,-5.040909550532191030e-01,1.831130080425202311e-01,-1.669236369982434187e-01,3.310295929053746478e-01,-2.593186546422469041e-01,-4.071790825389597357e-01,-2.471162116760614036e-01,5.022363786853651924e-01,-3.902307510877751073e-01,-3.434434549015435295e-02,-3.545376765295538690e-01,-3.859489703200986166e-01,1.636169265047851817e-01,2.225925553421350955e-01,-2.726006565018611605e-01,6.116690714685345531e-01,9.614964082888717567e-02,-3.275565948594275079e-01,2.523252986432126810e-01,-2.913689129039258030e-01,-5.006603820549816453e-01,-2.475672610322613987e-01,-4.026116352676464838e-01,9.475412071972688643e-01,1.585731338246954558e-01,-4.417439427931316165e-01,-1.170037308481251676e-01,-1.737229491355514188e-01,-1.449205543105801797e-01,-6.506572322779836659e-01,-1.391907403203661575e-01,-2.040349423344849367e-01,-9.675589288046240743e-02,-5.931054702395989198e-01,1.724098411102798767e-01,-3.293452776261643900e-01,2.752227780281659708e-01,-3.998745857701500594e-01,-7.030483483217445095e-02,1.440235579541809530e-01,-1.159424885354594544e-02,-5.852678990753342608e-02,-1.425167343932935149e-01,1.574795979440505589e-01,2.434244275203773650e-02,1.006265971275000122e-02,2.197509990000200975e-01,-4.174330938287258014e-02,2.204139760872501352e-01,-3.569752994893444220e-01,3.731499197366614645e-02,-5.561850888259630560e-02,-3.117456431592404709e-01,-5.662949172564754607e-02,-9.803628520398559310e-02,-2.761838534941667977e-01
1.435358708052393018e-01,-4.304489869056717932e-01,5.250839297018742302e-01,1.831954780306326580e-01,4.918391075225543307e-01,-2.869312356140903478e-02,4.602078860417460615e-01,-5.829442081548079357e-02,4.792800669696720695e-01,2.698265320323385841e-01,4.141424912888268528e-01,1.952035525788406445e-01,2.772201332476335600e-01,3.253868452741668915e-01,3.112494238472871544e-01,2.164201326622921390e-02,3.959277528380816813e-01,1.812762327863423062e-01,8.174085914457829283e-02,7.615941559557648510e-01,-3.742818250976064354e-01,7.216755959654120867e-01,-4.374823866563994912e-01,-5.714250657175325154e-02,-2.676077284098650755e-01,3.858292703259419421e-02,2.917714561714094268e-01,4.811551196965981880e-01,7.377055827100365004e-02,4.042786998449829916e-01,1.755589039844654142e-01,6.470353249935872908e-01,2.754123253603685817e-01,1.878534969669352628e-01,-3.097383401142951298e-01,5.664129591476718684e-01,-3.307134565299499340e-01,4.988276654947448319e-01,-1.784219675443635689e-01,3.729739164025469567e-01,-2.394234925422426483e-02,5.212676277732910535e-01,5.136131963750764640e-02,4.775094185955203741e-01,4.832487899981001943e-03,1.248347494443577815e-01,2.132788740887027190e-01,1.527672304719382423e-01,-1.490058185088137532e-01,1.437941682779746988e-01,7.154116447977357240e-02,1.750400344460166235e-01,8.045261088647538417e-01,-5.323824858965304774e-01,5.436183663086912032e-01,-3.653311642770540879e-01,-2.309992566747155751e-01,-3.635749449251133858e-01,-2.801439293184641022e-01,3.257923112990376846e-01,5.597852811203010148e-01,-8.901078156755622139e-02,6.178199002798087647e-02,3.206075112018657580e-01,3.111798480129333022e-01,2.653492352761236961e-01,1.429993127569018606e-02,-9.720566766157480443e-02,-3.314185849425509145e-02,2.217559062324604979e-01,-1.878970683877060066e-01,2.530131077242451232e-01,1.987684001566470127e-01,-8.529461743002662855e-02,1.576173959094802624e-01,-7.233012337792268931e-02,2.509849428098555046e-01,-2.885334204452040807e-01,-1.504385971776891519e-02,1.946411043571979194e-01,-6.770878804029688280e-02,3.045004813701940316e-01,3.590600371827867288e-01,-1.194009777689809815e-01
-2.412831910277621894e-01,1.342670564974892677e-01,-3.444803277274534614e-01,1.594118777428795708e-01,-3.532022341858515047e-02,3.217016440173071645e-01,1.109791418737611675e-02,4.242898119278625257e-01,-5.445572850772628648e-01,1.933172198604841963e-02,-4.043187605276831742e-01,3.819553233852180374e-01,-1.306690647579263342e-01,4.188005617797153635e-01,2.111046504384513078e-01,-1.422188171659918843e-01,-2.744544040446487698e-01,-2.548705074957792194e-01,-3.645642009440763220e-01,-3.742818250976064354e-01,7.615941559557648510e-01,-2.875106315642211308e-01,4.801762574452748678e-01,3.714147736997541194e-01,-1.413957980851540328e-02,6.820544601322132972e-02,-2.393190694972536781e-01,-2.008922644066429286e-01,-1.941584123542654250e-01,-8.655259555901761992e-02,8.240517617377018933e-02,1.891879822636425429e-02,-1.227173869469772166e-01,-4.124804813975098128e-01,6.520493983773668900e-02,-3.338934357570885747e-01,1.744896474928628871e-01,-1.327447425128001346e-01,3.087946948246281242e-02,-2.036525924191283712e-02,4.745662243313357176e-01,-5.557696126207647414e-01,-1.498000898773756695e-01,-4.334753968905888377e-01,3.488726595286391063e-01,-2.110747329345926682e-01,2.116076856418425689e-01,1.522113417923361411e-01,-4.009004660681833587e-01,-2.514566772682049201e-01,-3.930188856635851158e-01,-3.254914134247445245e-01,-4.897534764311865518e-01,4.830239446112676860e-01,-4.005157094389744654e-01,2.567385552690308881e-01,3.838383302964336052e-01,-8.303588924392928117e-02,-7.921018514837147029e-02,-4.803501663208989969e-01,-3.023791749335889567e-01,-3.790926510597837362e-01,3.526186852123567445e-02,-9.226794629791237878e-02,1.063607588663081499e-01,-1.605305265657069602e-01,-1.980026334989296033e-01,1.004899947088951778e-01,-7.330939131474956127e-02,-3.936104170427055515e-01,-4.094653661475264328e-02,2.477318852833600149e-01,-9.224267628594454149e-02,6.499980405418348539e-02,1.602090246421994379e-01,1.359874551827779110e-01,4.061598302050300341e-02,1.350268276054862777e-02,-3.303745016450263527e-01,-2.621779077453607609e-01,-6.399941906561834419e-03,2.185719112942340336e-01,-1.131235114844495460e-01,1.404776362004402090e-01
2.376070876803478837e-01,-2.568034224808701249e-01,3.739802045428645139e-01,2.736121889775660621e-01,2.746192766012058861e-01,5.220369711404387533e-03,4.016025681831216221e-01,-3.686029216596330149e-02,3.498711377276477741e-01,3.414114982436091683e-01,1.747082780954169190e-01,2.112632883456065647e-01,2.670889511971022423e-01,1.617468559269512329e-01,4.887795772334895816e-01,1.698180819628417604e-01,4.001947391751961014e-01,3.663522948317617378e-01,-9.966560989294712125e-02,7.216755959654119756e-01,-2.875106315642211863e-01,7.615941559557648510e-01,-3.000962096752725072e-01,1.483803641989780292e-02,-1.675502353560881508e-01,2.258092631677799944e-01,2.785009467927995752e-01,3.553954306608929636e-01,1.106357293988396578e-01,3.591930696934200751e-01,2.779286678195569404e-01,4.905596771932289601e-01,2.411200231772497871e-01,1.915182966108563423e-01,-1.732994816625843260e-01,3.997713598109258193e-01,-1.588086547108576441e-01,4.118768522216295080e-01,-2.547746864998425287e-01,2.487899694678363804e-01,-2.065292008493489206e-01,3.986044329699049982e-01,9.532088016045212053e-02,2.416218815515880358e-01,-1.161158790831169629e-01,6.444326774278436032e-02,4.652654593928414600e-02,3.201161746661509988e-01,-5.819869805774728622e-02,1.083023008040119306e-01,1.325534612197666884e-01,-2.838740935968468932e-04,5.269204454975711105e-01,-4.358999518929450590e-01,5.736637729542330977e-01,-3.188496574260442640e-01,-1.366659906512182887e-01,-4.082634491458571602e-01,-1.463850732615249450e-01,1.441774705877380547e-01,3.390821181045756139e-01,-1.471987829517185931e-01,6.477233387066681780e-02,1.406129378757488280e-01,1.602778151909408921e-01,2.301317183680501588e-01,-1.116050739557881699e-01,-1.209705694991606989e-01,2.613870956707401230e-02,2.579803792696612197e-01,-1.977139697806464536e-01,2.578840768657349458e-01,1.165707154935446410e-01,-1.955951897955116592e-01,3.229970221486331838e-01,-1.499449888342374582e-01,2.203212020277816319e-01,-3.687270319213584169e-01,-4.463535699337795037e-02,2.072066471613890071e-01,-9.321777658380417386e-02,3.044225797872562866e-01,1.978283806514322118e-01,-1.767328182627177224e-01
-4.335349141411069113e-02,3.657596417333675021e-01,-6.532142992887624011e-02,1.231829453708876282e-02,-4.595128048836619877e-02,4.107304189513535375e-01,-1.759796041865720195e-01,6.225279009299101718e-01,-2.831818182013287055e-01,-5.659628750964116467e-02,-5.949710076803654130e-02,1.531976128853352881e-01,-1.744991682400672817e-01,3.800818815346228563e-01,-9.268812025685371769e-03,-1.943247744070715211e-01,-4.050002158028032651e-01,-2.276164387261616073e-01,3.367420911108851000e-02,-4.374823866563995467e-01,4.801762574452748122e-01,-3.000962096752724517e-01,7.615941559557648510e-01,2.705923998120731699e-01,2.470624647444763788e-01,2.362429462651579326e-01,-7.001558143993658057e-02,-8.924111482850468138e-03,-1.418451693470442476e-01,-5.892197529095423436e-02,2.116648855417430954e-03,1.045813399044176195e-01,-1.258964862948502572e-01,-2.417694703340882989e-01,2.432939019738658559e-01,-1.053277401701911836e-01,5.237838988799856099e-03,-1.392113863370820770e-01,1.296112525918931002e-01,-2.348407012495088708e-01,3.350582866800393966e-01,-3.168363739337600182e-01,-1.245441264645701651e-01,-8.973797151238942227e-02,5.213432535048255489e-02,-2.022401617733857460e-01,1.201637683361179015e-01,-7.870603963492077415e-02,-3.933829354652387256e-01,-4.835084424113906265e-01,-3.448340479259202063e-01,4.439059414596823751e-04,-3.456795900631404184e-01,2.633932765136997589e-01,-3.925487808215386565e-01,6.650675814628870253e-01,2.334078609534708804e-01,-2.131571897297763474e-01,-3.905263881894852074e-02,-3.450649336882379292e-01,-1.961771039520421867e-01,-3.186666479825410736e-01,7.086070640216217409e-02,-1.152824990851376574e-01,1.284482349664447520e-01,-8.021655958201036329e-02,-2.323312492516070860e-01,3.270559673131286926e-01,3.936774047078112765e-02,-3.188435210192790831e-02,-1.722662546138508111e-01,-1.489828870363562804e-02,-1.239247107286104987e-01,2.226397969596508875e-01,1.687813212911280225e-01,1.916142568532013812e-01,1.212679693733696440e-01,-5.084809075132303707e-02,-5.554381763561732493e-02,-3.543762438143752136e-02,-2.169677305144377191e-02,-6.866330558000553752e-02,-2.427291658049344214e-01,1.837749774860717583e-02
-3.877896435797312802e-01,3.896260077694729262e-01,-1.128286578563849618e-01,4.260402054354235635e-02,-1.294678903777911616e-01,5.619183852650141975e-02,-3.112122373782555407e-01,6.947473156716632570e-01,-9.501376009547238266e-02,1.069849148180640336e-01,-5.430322802137763777e-03,7.810399317028603461e-01,-2.499906618850256113e-01,3.079056559327075226e-01,3.084801095240999325e-01,-3.874424842856474260e-01,-2.118227170722138120e-01,-1.709789644728372804e-01,7.782456024810271988e-02,-5.714250657175326542e-02,3.714147736997541749e-01,1.483803641989788619e-02,2.705923998120731144e-01,7.615941559557648510e-01,-6.465414446329137421e-02,5.927063871434214981e-01,-2.998197965850865621e-01,-1.410214903018238985e-01,-5.112906357652391431e-01,2.429053320127426974e-01,8.647115187830986538e-02,2.583064594471653000e-02,-1.389640004284520003e-01,-3.864438403572786895e-01,2.760570836482191259e-01,-1.509023227134374118e-02,3.212706584034941831e-02,4.615205118305324566e-02,-2.043024283544883635e-01,-3.526485076762119752e-01,3.691564842719902706e-01,-5.964530935092004355e-02,1.385432155164759704e-01,6.937624463151748598e-03,8.060453953753979883e-01,-2.510480751288449164e-01,2.470010693770324506e-01,-2.524664636655690048e-02,-5.057491924019489327e-01,-2.050897086675575742e-01,-2.494826856965155215e-01,9.220501861269157773e-02,-7.542919776496218032e-02,1.848421611306004242e-01,-1.225292271152780832e-01,-5.115222667706947196e-02,7.977872002804676788e-01,-2.836290691692486821e-01,1.759256595182491500e-01,-4.723498292752535410e-01,-1.063003476890396620e-01,-5.653206192618778214e-01,2.832597868785702855e-01,-2.613078839600591619e-01,3.742275947008935622e-02,-7.368134082701888188e-02,-1.204862058442794648e-01,1.277771359888527636e-01,3.414760218929328572e-01,2.017899951183623614e-02,2.736071341420655712e-03,3.767291143836604128e-01,9.054613522722249064e-02,3.439491491701355819e-01,4.518202591080264785e-01,-7.755456517087491730e-02,1.070784493613430449e-01,-1.440539919835945593e-01,-2.956602427173204289e-02,1.558664955286106352e-02,4.644886235182500017e-02,2.395161172562715879e-01,5.881593529626444328e-02,3.129845709872203785e-01
9.970816922113436009e-02,-9.571505564800647514e-02,-5.968843429262457763e-03,1.505043202252023815e-01,-8.842668642559295411e-03,4.317429469688183197e-01,-5.575547857410740465e-02,1.035811108111687195e-01,1.531147131621837798e-02,3.324454603311295942e-01,-2.490147135545331680e-01,1.235743108788441534e-02,1.529820300250549214e-01,-4.573916643378442975e-02,-1.723799677992769452e-01,2.007121118072988930e-01,2.197189795808792423e-01,1.450063267574019654e-01,-3.403940711723296708e-01,-2.676077284098650755e-01,-1.413957980851537552e-02,-1.675502353560881785e-01,2.470624647444765731e-01,-6.465414446329129095e-02,7.615941559557648510e-01,2.171433799188311753e-01,-1.176539152137617492e-03,-1.521622958059094810e-02,-1.849888856277432381e-01,1.628007027720108912e-01,2.099407793539187495e-01,-3.374849276801160369e-02,-1.339382595574941937e-01,-1.329936780534888285e-01,-3.583972591124194862e-01,-5.689204445146268940e-02,7.925081672536835042e-02,5.265633526984209861e-02,8.547032758847107614e-02,-5.935992358677601860e-02,-9.975413600381800860e-02,-4.556144132047176137e-02,2.148756873911392834e-02,-1.001378253987683375e-01,-2.209527126204872682e-01,-8.209533551546639718e-02,-2.778107321113439387e-01,-3.484600354093957131e-02,-1.437969598763081669e-01,4.713664969789200382e-02,-1.086196930352586465e-01,-2.800782974039300322e-01,-1.195665097475823724e-01,-7.550564353330102563e-02,-2.250694439903415112e-01,-1.209617396500038411e-01,-1.155524360060972006e-01,4.397507383245629065e-01,-1.673683304397988458e-01,-1.870833894387637364e-01,-9.504050538077134236e-02,-2.429027877392448409e-01,-4.193893504321587890e-02,2.099708871082271375e-02,2.596636897918752976e-02,-1.313770311541308522e-01,-1.623114273229552262e-01,-2.626829184024318531e-01,7.402362519803043495e-02,1.537862817772236469e-02,1.234216723816450728e-01,1.469569862306167873e-02,-3.074310055389678498e-01,4.520494848343056121e-02,6.143185190475496799e-02,2.865769664936612671e-01,1.973689671159034043e-01,-2.577127682007154807e-01,2.552523018045730480e-02,-4.944147242297666778e-02,-6.749827497329428938e-02,-4.457690682144302419e-02,-2.840174452207661071e-01,3.003241792002524571e-02
1.572848591403791241e-01,8.325820959049620718e-02,8.790081048538839203e-02,2.938649612302447478e-01,-8.112962756886282767e-02,4.764685703165564834e-01,1.210241830240318776e-02,5.045143093861137462e-01,6.211933648082289261e-02,3.572693311340996991e-01,1.404536389741894709e-01,4.693567120842914719e-01,3.479197428835751893e-01,1.201590352851701210e-01,2.104393751181904970e-01,-2.136750811235612127e-02,3.498058143676689991e-01,3.433654956235449029e-01,1.856841288904014231e-01,3.858292703259419421e-02,6.820544601322138523e-02,2.258092631677798001e-01,2.362429462651578493e-01,5.927063871434214981e-01,2.171433799188312308e-01,7.615941559557648510e-01,-1.415459264525332182e-02,1.814438290804201714e-01,-2.281451825381844156e-01,4.029035737210499013e-01,5.155178394740258518e-01,2.281661156114483113e-01,-2.017535779294639398e-01,-1.971930118100272133e-01,-9.774454041574519303e-02,1.571387846523621123e-01,1.754441477842110311e-02,1.703807616771240152e-01,-1.248890098756405137e-01,-1.204578674315667647e-01,-3.461631260547907984e-02,9.286254235566038240e-02,1.059088968711164591e-01,1.631948554185849998e-01,2.785420285606186042e-01,1.007285587492759843e-01,1.626684210355986426e-01,-1.588847999229155428e-01,-3.712669975319707882e-01,1.850636548688113781e-01,3.116284402512700322e-02,2.477571569307125410e-01,8.150070565647600518e-02,-3.065462118783859324e-01,-2.237536696436305192e-02,-2.299247784676589912e-01,2.209650360441129946e-01,-3.806402852301499218e-01,2.054737431514153667e-01,-3.145337580831110702e-01,1.161770568005164594e-02,-5.556107002922983096e-01,1.444089061503154026e-01,-1.442378484940192163e-01,2.014294207768886347e-01,-9.482236970174910684e-02,-7.520800189484780351e-02,7.797721659020859231e-02,3.987035036679192901e-01,3.145577491636780687e-01,-4.963604464845639691e-02,2.527147197334287387e-01,-1.038510757072370200e-01,-5.724148275537050551e-02,3.158350021825956921e-01,4.232149699180610264e-02,4.255535951166239395e-01,-2.986019126900277820e-01,1.872835144150702402e-01,2.154042335599929969e-01,7.901248127033415336e-02,1.288182087012960941e-01,-5.301908248705491239e-02,-9.767252145501938154e-02
1.520898286851920522e-01,-4.560465104900915945e-01,3.299041951985081100e-01,2.874550038543902675e-01,4.773614516868842084e-01,1.770270842055367833e-01,6.419990698887241276e-01,-1.156631186162251079e-01,3.056251840942943443e-01,2.376760616485466826e-01,2.887648601519320901e-01,-7.128341774306472256e-02,2.480022553776226324e-01,1.916860792746837572e-01,1.643418171079387147e-01,2.265961333638876196e-01,2.049624160107104687e-01,1.153296785906019889e-01,-4.710852183071601723e-02,2.917714561714094823e-01,-2.393190694972537613e-01,2.785009467927995197e-01,-7.001558143993660832e-02,-2.998197965850866176e-01,-1.176539152137673003e-03,-1.415459264525332182e-02,7.615941559557648510e-01,2.178329387018993479e-01,2.785262430953565072e-01,2.422917866102521633e-01,3.320445835291611081e-01,2.525488999431912407e-01,5.744616774854159613e-02,1.172839165235261688e-01,-2.816848762045348620e-01,3.202529490394943612e-01,7.653544939905067290e-02,4.768742150047365347e-01,-1.969313840291472134e-03,6.145237205236040445e-01,8.205988174809920876e-03,1.920420575361500015e-01,-1.188180123773026758e-01,2.969215165786012189e-01,-2.008962274714870822e-01,1.867898579749931176e-01,2.284788405100016961e-01,1.786367322036464256e-01,-7.156096661140565196e-02,-2.889670679252077240e-02,-2.575989773886384199e-02,9.472233233202547592e-03,2.864631852690183167e-01,-4.122658154639053385e-01,1.535343113423890959e-01,-2.953202198552122484e-03,-3.503608859951399812e-01,-3.624327578483802492e-01,-3.328243922853914016e-01,8.194606212841213377e-01,1.166056353118023053e-01,2.667816530446319792e-02,9.962292477316697648e-02,3.938881874635041247e-01,-6.532406347565071492e-02,-4.732627384319946194e-03,-7.828639028578873726e-02,-4.342610542752125408e-02,-1.219210700939843128e-01,1.544014545100497182e-01,-1.983084632835710737e-01,3.297230418695393239e-01,2.167300296269672744e-01,-1.990056030957687572e-01,1.201077762429174078e-01,5.102309228105945949e-02,2.440416219635374584e-01,-2.660378872384550064e-01,-6.854821823133284975e-02,-1.058280264838576228e-02,-2.822733358649445190e-01,2.825028757620495212e-01,3.234688922715482917e-01,-2.104075817949505045e-01
6.316774865937329064e-01,-2.106499489509547629e-01,4.783124276782115825e-01,1.478303994268577171e-01,2.485651599095737851e-01,3.597093482675675635e-02,2.125707199004244485e-01,-1.108573774284196123e-01,4.713792864205757632e-02,5.051116715939761859e-01,1.901323913965221046e-01,-5.168521015503313443e-02,5.601735165064108957e-01,-7.593440813025409408e-02,2.119827071588939738e-01,4.081970128612689708e-01,4.853032548922033285e-01,6.844802758175457802e-01,-3.978849752971178044e-02,4.811551196965981325e-01,-2.008922644066430119e-01,3.553954306608929636e-01,-8.924111482850412627e-03,-1.410214903018238985e-01,-1.521622958059098973e-02,1.814438290804201992e-01,2.178329387018993202e-01,7.615941559557648510e-01,4.450148341548483266e-01,4.608136576386491212e-01,3.005769183476088569e-01,5.969245236899469731e-01,5.247020452753193842e-01,5.182372848690824929e-01,-1.666091770771659653e-01,3.218060527724719289e-01,-1.145622533777502505e-01,2.411297498139303996e-01,-4.682357064505389410e-02,2.655453598769533241e-01,-1.170407483579811309e-01,9.254461631311622360e-02,3.874398580865293651e-01,2.491127441454915326e-01,-2.291033419318663222e-01,4.067124859069248255e-01,-2.774862376004893702e-02,1.870014853629480001e-01,3.234716757424719868e-01,2.921773957493425944e-01,6.146486563384488955e-01,-6.657373022021716158e-02,4.079773011614049594e-01,-3.366007393158647609e-01,4.325378575313593155e-01,1.126451489292059904e-01,-5.786024781936704303e-02,-1.394571924560122564e-02,9.946814118878662125e-02,3.522516521763365271e-01,8.697686727065169210e-01,3.087060544799604123e-01,3.689031860059556189e-01,6.542390068699957539e-02,3.930621005244817612e-01,4.008557861888655816e-01,1.344399533278992642e-01,-1.855929503549782755e-01,-3.357844260838930839e-01,1.813770226572495800e-02,4.340893375444326852e-02,1.235290937182478010e-01,2.711997698687660385e-01,-1.987001924210956422e-02,3.027452664631535284e-01,-6.305828242704784869e-02,2.878149556924140540e-01,-3.712267239406189523e-01,-2.169038386041552413e-01,-2.746143223222176702e-02,-1.046120181818917770e-02,2.221654288535002686e-01,2.546013773383511425e-01,1.563890408590706479e-02
5.686112877082102335e-01,-4.994608945435558001e-01,-1.511730141239601699e-01,1.740580812079915718e-01,1.495473797513123537e-02,3.183373239046446979e-01,6.003913380430609958e-01,-4.546486291676133940e-01,-3.441454326340264158e-01,2.524883852019155772e-01,-3.127751857358301857e-01,-3.804957606890685406e-01,6.753941071380026306e-01,-1.752366147235827343e-01,-1.283587606735958064e-01,5.478622132333365036e-01,3.869360703304086657e-01,4.689457911073440233e-01,-5.040909550532191030e-01,7.377055827100365004e-02,-1.941584123542655083e-01,1.106357293988395746e-01,-1.418451693470442754e-01,-5.112906357652391431e-01,-1.849888856277430993e-01,-2.281451825381844989e-01,2.785262430953564516e-01,4.450148341548482711e-01,7.615941559557648510e-01,1.604615319102873361e-01,1.067627628458541061e-01,3.100074553455536286e-01,2.683990138316486584e-01,4.397689663738117982e-01,-2.799841454131410390e-01,-2.388216294208955481e-01,-7.943029476081230750e-03,-3.902071322547292359e-02,3.601938500010112842e-01,6.238280616556043379e-01,-3.742586365705501406e-01,-3.533885633192662690e-01,1.139281835366023378e-02,-2.885076210484732728e-01,-4.380972003402764381e-01,5.844804810249535354e-01,-1.564214046778169553e-01,1.637124079040134794e-01,2.480704914901890878e-01,3.458560228888936106e-01,3.998235863470679385e-01,-4.491909028532539705e-01,7.302355907913910676e-03,-2.460392055161514657e-01,1.558081777580987703e-01,1.408756597512104448e-02,-3.446577833455065631e-01,-8.974937864915309704e-02,-1.033965032983714671e-01,2.284891945028515448e-01,4.398508091674683262e-01,5.913378455113036392e-01,-3.053853100772079346e-02,2.659736796963987349e-01,2.975276587924482463e-01,2.003895703693516495e-01,3.955120807143392564e-02,-6.859489065195446822e-02,-3.283425429869985535e-01,-1.291229676602132503e-01,-1.760390760469444371e-01,1.254194807269543022e-01,2.263364321102745713e-01,-1.010926523032947139e-01,9.583354471884665549e-02,-1.558173593396859069e-01,1.247768559029893004e-01,-1.064704478195837301e-01,-2.037834091257025027e-01,-2.660094047959948305e-01,-2.601348167000487877e-01,1.142779360004944345e-01,1.202798150482412703e-02,-1.156623759272731589e-01
2.408441719682080928e-01,2.465936367101304039e-02,2.115602574063220609e-01,1.988554173251176893e-01,4.604889576181820932e-01,2.604313993619861711e-01,2.141103175867386799e-01,2.241758152894664791e-01,7.689615530495809426e-02,7.406694391954320444e-01,2.570032983033341267e-01,4.939438028681298887e-01,3.326710521249874875e-01,2.158426925469231206e-01,1.824275224508689897e-01,3.019636452925769654e-01,4.164878352791290816e-01,3.875359282750396317e-01,1.831130080425202034e-01,4.042786998449829916e-01,-8.655259555901764768e-02,3.591930696934200751e-01,-5.892197529095423436e-02,2.429053320127426974e-01,1.628007027720108080e-01,4.029035737210499013e-01,2.422917866102521633e-01,4.608136576386491212e-01,1.604615319102873916e-01,7.615941559557648510e-01,1.614748833467683775e-01,2.772237832493252285e-01,2.240588955162511053e-01,7.277202777097309221e-03,9.860112278283523699e-03,1.222253336014145625e-01,-1.281569634576032631e-02,4.861120056232914322e-01,-2.105577352994939810e-01,6.815498631792421547e-02,1.657970675195239996e-01,1.842428084930177179e-01,5.724708545126854231e-01,3.074344870290647846e-01,3.412818373200287025e-01,1.056514863013705563e-01,1.759276107263253175e-01,-1.764820983538453389e-02,-6.358309183255336783e-02,5.041936544234040113e-02,9.782159406813739633e-02,2.174795018099466015e-01,4.760332947543557958e-01,-3.850011102433406607e-01,3.313994329965102570e-01,-1.463936746649045773e-01,9.035365885907369055e-02,-2.670277262234924676e-01,7.647279875993744439e-03,3.221332894646422584e-01,3.541872670694986569e-01,-8.887304914893516539e-02,6.720461967318933638e-01,-2.150150623575814712e-01,3.181599026204370850e-01,2.500183388543483209e-01,-1.541488044063122438e-03,-1.363744031072883223e-02,1.693922158238010123e-01,3.699010301621735719e-01,2.056848223399165010e-01,1.444096619870786080e-01,4.344135811456686924e-01,2.135693145148878369e-01,4.375746850320491599e-01,-7.274462399709462346e-02,4.830235319808347250e-02,-1.788127934107807959e-01,9.847745236644112055e-02,2.960128309861048135e-01,9.113321095043888653e-02,3.145576352290765376e-01,6.042849560003956677e-01,4.749189236388590696e-01
3.686169839168590423e-01,1.924883333184676526e-01,4.483762135370791824e-02,3.584718198267226597e-01,8.959559201298439302e-02,1.828151839805336187e-01,4.093400032867554050e-01,1.593254879070766239e-01,2.588610143693182569e-02,1.487485793825231162e-01,-1.639967126899753158e-01,6.273600331654949347e-02,4.635901767634164061e-01,-1.335236225967438017e-01,1.546762827938008289e-01,2.613297302155710433e-01,4.941493655867949530e-01,4.804088452194639758e-01,-1.669236369982434742e-01,1.755589039844653865e-01,8.240517617377020321e-02,2.779286678195569404e-01,2.116648855417427484e-03,8.647115187830990701e-02,2.099407793539187772e-01,5.155178394740258518e-01,3.320445835291611081e-01,3.005769183476089124e-01,1.067627628458540645e-01,1.614748833467683220e-01,7.615941559557648510e-01,2.079360801657513524e-02,3.993952413075993468e-02,4.527474525320316495e-02,-7.258983988757000683e-02,-1.289906577385102615e-02,1.109128854006754816e-01,2.136121994386235290e-01,-1.204231874517496942e-01,6.844227193460289405e-02,-9.058110348497025455e-02,1.009576417505550494e-01,-5.503594390043054646e-02,-1.335719001759776148e-01,-5.061728431969109154e-02,2.538784449403613808e-01,-6.173395282529721417e-02,8.795106382854422922e-02,-2.110920731984040205e-02,2.425019793442927951e-01,2.906585392041433069e-01,-2.036616668440943412e-01,9.587033475087117229e-02,-2.635762150884423116e-01,1.083004202887997286e-01,-1.512992456498299110e-01,1.981556486237406323e-01,-2.079303265511303622e-01,1.349989223230294577e-01,7.134721571382417193e-02,9.974988869436277050e-02,-1.065245712034438297e-01,4.748290025974462314e-02,8.957509448283121345e-03,-1.669734146114927875e-01,6.408504808121423535e-02,-1.807854114044663008e-01,8.375648974786011058e-02,1.532087616227081894e-01,1.744354565703542526e-01,-2.515570484012130126e-01,6.255363565471938267e-03,7.549775178071070625e-02,-3.266418084918408238e-01,2.832426057654029421e-03,-6.229088374184973964e-02,1.929155407328836114e-01,-7.381010962438224951e-03,3.580520452093310241e-02,1.206245524142408460e-01,2.547314128311268244e-01,5.621764814167483360e-02,1.080494171216227206e-01,-1.423897241824624849e-01
1.414021687630321635e-02,-9.395130420383969450e-02,4.986008479347144862e-01,1.504599159638246031e-01,3.345337142389473994e-01,1.404328887662443237e-01,1.709758350883975320e-01,1.064911570826970466e-01,2.892904275301996231e-01,8.470837633846435566e-02,5.152633816991248894e-01,6.573724021117033356e-02,2.179830794223578394e-01,1.563445403723835170e-01,3.352684547777602941e-01,1.430178381263612908e-01,1.336624504651177658e-01,1.698616385043458799e-01,3.310295929053745922e-01,6.470353249935872908e-01,1.891879822636418490e-02,4.905596771932287936e-01,1.045813399044176195e-01,2.583064594471657510e-02,-3.374849276801166614e-02,2.281661156114482003e-01,2.525488999431911852e-01,5.969245236899470841e-01,3.100074553455536286e-01,2.772237832493252840e-01,2.079360801657514218e-02,7.615941559557648510e-01,5.668332741603211433e-01,-1.945485628487309687e-02,1.125882422228287050e-01,4.951558684531937038e-01,-4.900092412568620576e-02,3.507508703998182265e-01,9.044915510511421231e-02,1.911084496291831636e-01,1.051469362582244937e-01,2.228638631992695962e-01,1.092163300842510787e-01,5.046601572670328384e-01,-9.813466509404671079e-02,6.399603548249736817e-02,1.232689122626838552e-01,2.929784981204750505e-01,1.455603473264356906e-01,1.051244671837950756e-01,1.735005376155291934e-01,3.975987626212538761e-01,5.535778928027261792e-01,1.288895587442918933e-03,5.579371660463380289e-01,1.788058164489161606e-01,1.262116618667216139e-01,6.305093762668551038e-02,2.475406749594273870e-01,3.058583237527872645e-01,6.448327614792486173e-01,2.343435091206894916e-01,2.218215087203452285e-01,3.021572733091387047e-02,8.776559242286349205e-01,5.811599641912649217e-01,2.969735473131955850e-01,1.710195886184364689e-01,-1.504404349463395012e-02,1.681011232117713694e-01,5.292978765190740897e-02,1.537999513774490346e-01,1.653017428180729720e-01,1.639475168308114350e-01,4.777410952414927747e-01,-1.639709288384693653e-01,3.538626756621272573e-01,-1.469804010709251374e-01,2.314462094989194751e-02,3.060241537956783775e-01,-8.103716492509283054e-02,2.711633907796212051e-01,1.945163178432431361e-01,-2.373059599497784333e-02
2.712982553070976688e-01,2.102984966316541748e-01,2.361764904273764842e-01,2.381736448726240740e-01,1.407292932257531159e-01,-1.525529168965564508e-01,2.219286209678659472e-01,-1.959471533627666628e-01,9.285871729737884064e-03,1.845773909527392842e-01,-3.360113560080509737e-02,-1.198837155415030664e-01,1.990129487380709605e-01,6.448596855689674168e-02,1.563182142298317756e-01,5.367948818968393265e-01,3.172292815920043085e-01,2.777062657526421230e-01,-2.593186546422469041e-01,2.754123253603687482e-01,-1.227173869469772444e-01,2.411200231772497871e-01,-1.258964862948502295e-01,-1.389640004284520003e-01,-1.339382595574941381e-01,-2.017535779294639120e-01,5.744616774854162389e-02,5.247020452753193842e-01,2.683990138316487140e-01,2.240588955162511053e-01,3.993952413075994856e-02,5.668332741603211433e-01,7.615941559557648510e-01,3.318127054599176451e-01,3.949703888296222654e-01,1.467187002762305181e-01,-1.271001857113875644e-01,5.382376922393021512e-02,-8.653547088773032303e-02,1.199265531895541276e-01,-1.377886910780297680e-01,8.257991427874237025e-03,2.373665559475114650e-01,2.670843985796809983e-02,-2.619842530661535829e-01,9.657945518356837733e-02,-7.165165775772397438e-02,3.669563657450920502e-01,5.003627950280666870e-01,2.207722880348917394e-01,5.430507561173800735e-01,-2.294585566154779821e-01,1.976021965223814791e-01,-6.429020504320588636e-02,3.464646493710579200e-01,1.340032052271735719e-01,1.656228159443902392e-01,1.228682407005127486e-01,-4.028066825876153861e-02,7.792589266911635615e-02,5.648501829128741436e-01,3.828798465161697973e-01,9.914634204274090645e-02,2.547462704258325258e-02,4.557009201190255210e-01,7.680947368458947988e-01,-8.994816764908189488e-02,-4.607646020815755333e-02,-1.464474913463276184e-01,-2.103642825104326541e-02,-1.110085911566623118e-01,1.382040501408538791e-01,-3.623076649005099042e-02,1.121766461253346781e-01,2.642244005626063763e-01,-3.336367247588267748e-01,-1.450887370389253306e-02,-3.822034661774455222e-02,-5.119123878948851625e-02,7.733786321729493873e-02,5.625684978828447702e-02,2.042727606631982162e-01,-7.546836267775391960e-02,1.708572890424557011e-01
4.137482982353027361e-01,4.727337177506493737e-02,2.582306494383488915e-01,-1.335628359610669946e-01,5.862204653974877749e-02,-4.084700658305340237e-01,1.097807277433800327e-01,-4.762187482060650234e-01,-5.279104740977589444e-02,1.326718280636169367e-01,-1.796758361380852431e-01,-4.303552277524410608e-01,1.808052277588802492e-01,-4.233292135435730574e-01,5.868035682618576165e-02,4.301300922020102613e-01,2.185639073361503315e-01,4.346176186934707086e-01,-4.071790825389597357e-01,1.878534969669352905e-01,-4.124804813975098128e-01,1.915182966108563423e-01,-2.417694703340882434e-01,-3.864438403572786895e-01,-1.329936780534888285e-01,-1.971930118100273244e-01,1.172839165235261133e-01,5.182372848690823819e-01,4.397689663738119648e-01,7.277202777097330037e-03,4.527474525320312332e-02,-1.945485628487306912e-02,3.318127054599176451e-01,7.615941559557648510e-01,9.772526071439543993e-02,1.440614095439339826e-01,-1.128851976354326991e-01,1.154136913237147899e-01,-1.739302984502588134e-01,2.861330474689645076e-01,-4.989550902007792166e-01,1.828670039268717046e-02,6.613923272471926296e-02,-1.161358109425857932e-01,-4.591517484828776530e-01,4.016451711705284477e-01,-3.235162280314737848e-01,1.934046801605342758e-01,6.397058277775964363e-01,1.104554698735743107e-01,7.181314642784192293e-01,-4.124760913629695325e-01,2.047734341510047684e-01,-2.526893621718162564e-01,4.375387307244432700e-01,-6.096017121469595595e-02,-2.953706681455577909e-01,1.000271292947581131e-01,8.094104097804760700e-02,3.278646493016861840e-01,5.626385658882804286e-01,5.596661308414256908e-01,-1.872662286556040223e-01,1.613862013970290832e-01,-1.104613385761395727e-01,1.673665630335991750e-01,-2.753736763477361571e-02,-4.169742722114461730e-01,-4.457721863629333647e-01,-6.936971583562827337e-02,-9.033112537425953825e-02,-1.901338184834960310e-01,6.092094813945057169e-02,-3.129314447910582220e-01,-2.257911515976084860e-01,-9.019093852982285053e-02,-1.656148399394904436e-01,-3.210523694985125132e-01,-2.568356338204663691e-01,-8.613747114930450643e-02,7.296718746595368121e-02,-6.929535212606087458e-02,7.050007309960665269e-02,-2.330983209840635506e-01
-3.275431513867740896e-01,7.283987794382315029e-01,1.391408253621369620e-02,-9.778771495938319569e-02,-2.536756709076681826e-01,-3.524428796517697915e-01,-2.120667396796555304e-01,1.446986257980986956e-01,-2.475721162848027457e-01,-2.608859954530245995e-01,-1.865508464942779443e-01,-2.492372636038128753e-02,-4.588959289721017965e-01,1.119928586191989983e-02,-5.021325007664779322e-02,1.022057032676464139e-01,-3.826340991424216909e-01,-2.740386092006796837e-01,-2.471162116760615146e-01,-3.097383401142950743e-01,6.520493983773673063e-02,-1.732994816625843260e-01,2.432939019738658837e-01,2.760570836482191259e-01,-3.583972591124193752e-01,-9.774454041574519303e-02,-2.816848762045349175e-01,-1.666091770771659375e-01,-2.799841454131410390e-01,9.860112278283523699e-03,-7.258983988757000683e-02,1.125882422228286078e-01,3.949703888296223209e-01,9.772526071439541218e-02,7.615941559557648510e-01,-1.765751550121499522e-02,1.497224547226290448e-01,-2.472425831172922750e-01,-3.112335066715304355e-01,-4.348597730957071139e-01,6.373118041348291296e-02,-2.662601555159471167e-01,-1.074399851551360724e-01,-1.242827759152767136e-01,4.722118780912377967e-02,-3.997099919265690859e-01,2.908498230257052647e-02,1.398131196581532398e-01,1.258460853145740299e-01,-3.393506796857063135e-01,2.921852311672313435e-02,-2.483298716239341619e-01,-2.291455543675144924e-01,2.906344430147961844e-01,1.233331271954528630e-01,3.291108245944842636e-01,5.298849910898197901e-01,-1.279352463870058743e-01,8.415317101251611198e-02,-3.212808922979211723e-01,-1.525476593913194789e-01,-3.415783823093408722e-02,-8.362663707629479359e-02,-1.068747858048404442e-01,1.807322743787942443e-01,2.894477199020936697e-01,-4.173294107506399508e-01,3.321334319224584358e-02,5.108108985269135122e-02,1.752916543497047563e-02,-2.053100774105816317e-01,5.933563607835752596e-02,-2.872380389258394340e-01,2.491540142513461176e-01,2.641779310436335737e-01,-5.245259552047736307e-01,-4.279754788809464472e-01,-6.214210580502609743e-02,-5.691527011292892013e-02,2.625397368958330979e-01,-5.043735447066389349e-02,1.125392672175844211e-01,-1.311724726635850047e-01,2.199181371416747410e-01
-1.106426072633205498e-01,5.475901573089260455e-02,9.023262709838744122e-01,-1.033861848386778692e-01,4.993905384281629445e-01,-3.328062922424263048e-01,-7.063830982977256645e-02,1.300682265897629974e-01,7.397138504515679003e-01,-9.668952535510887125e-02,7.589932458864017129e-01,9.613920076780481383e-02,-2.036755244478930527e-01,2.633446923911872406e-01,3.002516328904661358e-01,-1.236471242366635609e-01,-7.122740152322781793e-02,-1.030945680733759938e-02,5.022363786853651924e-01,5.664129591476718684e-01,-3.338934357570885747e-01,3.997713598109258748e-01,-1.053277401701910448e-01,-1.509023227134375505e-02,-5.689204445146268940e-02,1.571387846523620291e-01,3.202529490394943057e-01,3.218060527724720399e-01,-2.388216294208955481e-01,1.222253336014145347e-01,-1.289906577385102615e-02,4.951558684531937593e-01,1.467187002762305736e-01,1.440614095439340103e-01,-1.765751550121493277e-02,7.615941559557648510e-01,-2.879096909709268903e-01,4.611239249944200647e-01,-3.805782722212129876e-01,-1.311557175780967144e-01,1.240205420315417112e-01,7.159389032452584400e-01,-3.297822915034468449e-01,8.745024982117753920e-01,-1.376991355337938427e-01,-2.162933238238104183e-01,6.133324054423722194e-02,1.546586978660483558e-01,-1.326015066716671742e-01,-2.840959554160364386e-01,-1.378091550646380614e-01,5.007815891525702057e-01,5.266238934794494897e-01,-3.305377731261301966e-01,4.090351249540530310e-01,-7.070089826614091300e-02,-1.471206326227943173e-01,-3.228494280359686108e-01,-1.336020817229408575e-01,3.783473186316718695e-01,2.937253641040871721e-01,-1.964285001175498369e-01,-8.145711959555902715e-02,2.552799390387121975e-02,1.546625125263205447e-01,-4.620833641005177989e-02,-2.251768822223133570e-01,-1.331386359725157953e-01,-1.881694157811139023e-01,1.459216083201417269e-01,-1.048128970424315048e-01,8.395561070350712751e-02,2.382352540949097056e-02,-9.096712310649998634e-02,3.757376386146450697e-02,9.157126273969123931e-02,2.388323927835106150e-02,-3.926839574540677003e-01,-1.033334205296397440e-01,7.437821880942405151e-02,-2.083634634658948770e-01,-3.932954950596074389e-02,1.297908558619360608e-01,-3.037332981915462082e-01
-1.481730607174205072e-01,2.378280870961857751e-01,-2.946119501081723158e-01,1.011360575222196995e-01,-4.737429650904976391e-02,-1.402122535694388383e-01,5.177402253257373799e-02,-4.978884220386898402e-02,-3.508866593682387625e-01,4.732430969852324462e-03,-4.120533718934876743e-01,1.374135287871501854e-01,-1.313453075694097638e-01,2.455735421799022308e-02,-1.084216634930705407e-02,-1.617272412141968830e-04,5.165021213952560031e-02,-3.290929556541256906e-02,-3.902307510877751073e-01,-3.307134565299499340e-01,1.744896474928628316e-01,-1.588086547108576718e-01,5.237838988799869977e-03,3.212706584034939056e-02,7.925081672536835042e-02,1.754441477842110311e-02,7.653544939905065903e-02,-1.145622533777502783e-01,-7.943029476081213403e-03,-1.281569634576035406e-02,1.109128854006754539e-01,-4.900092412568617800e-02,-1.271001857113875644e-01,-1.128851976354326991e-01,1.497224547226290725e-01,-2.879096909709269458e-01,7.615941559557648510e-01,1.473848935466668675e-01,-1.930525269392173058e-03,2.940306372098282911e-02,1.089641017832079090e-02,-2.710386365283740662e-01,2.199654751999798596e-01,-2.881787771803918097e-01,1.017206881620271036e-01,-1.291446744375868323e-02,1.363166818628732679e-01,-1.210551986357856838e-02,9.683669734380820696e-03,1.269077426366981842e-01,8.986866962634525169e-02,-3.627143711011175387e-01,-3.835626281917376423e-01,2.131300239889252213e-01,-2.397114051131150891e-01,7.879542753165376390e-02,2.592914006980910901e-01,1.068343592795115427e-01,-9.200351687742334495e-04,-1.589779184913737292e-02,-2.623717775072990643e-01,-2.863415854224858961e-02,2.706753437490569403e-01,-3.117192996572386993e-02,-1.062133691155158349e-01,-5.490746112892137820e-02,-1.848814276218213315e-01,-1.613659423633591328e-01,-2.280150670063984392e-02,1.316129018901017640e-02,1.329087762789497584e-01,3.700854243920509434e-01,-3.949590173963117568e-02,-1.102490965542966828e-01,2.625297454239527428e-01,-5.091982278581199534e-02,-1.304690224906710494e-01,-2.866887228596708415e-01,-1.145464346511090165e-01,2.436414611349941098e-02,-3.131877241095255837e-02,2.982342649369744136e-01,1.978728725273018463e-01,1.646731713366637526e-02
1.896065808581177958e-02,-2.720891308774752160e-01,4.697889152491606657e-01,9.151941908745099552e-02,7.985690802512511732e-01,-3.543327479930941798e-02,1.094743846634392281e-01,4.461349723516035148e-02,3.009069052587309834e-01,2.842377761165099659e-01,3.236134648890639509e-01,1.741737921581531512e-01,6.771135006037195224e-03,2.555118083037108967e-01,3.312344180717851638e-01,2.624268075502824392e-03,3.287835968834482148e-01,1.483273674935460251e-01,-3.434434549015432520e-02,4.988276654947449429e-01,-1.327447425128001346e-01,4.118768522216294525e-01,-1.392113863370821325e-01,4.615205118305327342e-02,5.265633526984209861e-02,1.703807616771239875e-01,4.768742150047365347e-01,2.411297498139302886e-01,-3.902071322547289584e-02,4.861120056232914322e-01,2.136121994386235290e-01,3.507508703998182265e-01,5.382376922393027063e-02,1.154136913237148454e-01,-2.472425831172922195e-01,4.611239249944200647e-01,1.473848935466669230e-01,7.615941559557648510e-01,-5.386668456772699537e-02,3.461875993696054699e-01,1.738078312753560672e-01,5.223451819386967232e-01,1.241922664188001429e-01,5.299106747228039538e-01,4.543308439724118297e-02,1.027939561386344985e-01,3.557286661267500816e-01,1.653106750566424032e-01,-6.463312205653047593e-02,1.687163866323675987e-01,3.314942387801073781e-02,1.092458395014177797e-01,4.794851591050486306e-01,-3.099967140754446016e-01,3.773074230781171545e-01,-5.349600220141594725e-02,-9.646297569388785631e-02,-1.085556344135540502e-01,-3.803389420660531484e-02,5.090496250914861021e-01,2.645450635214796065e-01,-1.607737127181874948e-01,3.827031045187994085e-01,2.621109914271166907e-01,4.221120564155480398e-02,8.381195249914535905e-02,-1.102307362638345334e-01,-2.222178577218413553e-01,-2.289385802844673690e-01,1.167364676293947967e-01,1.048247908967697845e-01,2.750560301779487737e-01,3.040342480800207747e-01,-7.172987045874847090e-02,2.442191862350293896e-01,-4.691753221879820662e-02,-6.937161404881221627e-02,-4.303745493758793228e-01,-2.429453355818272653e-01,1.574748938207315707e-01,-3.509912833244437091e-02,3.708336090961563136e-01,4.008479474366571371e-01,-6.274186499837912379e-02
-9.862195580763936931e-02,-4.050791504243111407e-01,-3.381171185040099392e-01,4.052041261576553449e-02,8.199916536753951157e-02,4.508065807750080145e-01,4.408625967282590874e-02,-1.151558853773906599e-01,-4.231711005935549497e-01,-3.808540973195313848e-03,-2.905242503558576050e-01,-2.472415703118981400e-01,2.126935694084955142e-01,8.925688555886578113e-02,-1.864626401234720787e-01,-1.109126793541463651e-01,-9.460431660816834287e-02,-1.394463419096882428e-01,-3.545376765295538690e-01,-1.784219675443634856e-01,3.087946948246284018e-02,-2.547746864998425842e-01,1.296112525918932112e-01,-2.043024283544885022e-01,8.547032758847097900e-02,-1.248890098756404582e-01,-1.969313840291444379e-03,-4.682357064505400512e-02,3.601938500010112842e-01,-2.105577352994939810e-01,-1.204231874517496526e-01,9.044915510511421231e-02,-8.653547088773032303e-02,-1.739302984502587857e-01,-3.112335066715304355e-01,-3.805782722212129876e-01,-1.930525269392232039e-03,-5.386668456772699537e-02,7.615941559557648510e-01,3.930835781891354741e-01,6.393487740102844763e-02,-4.720624094097131129e-01,3.335809644955805564e-01,-3.154361424487990839e-01,-1.526717446959234004e-01,4.423699361039102329e-01,7.667150412778890589e-02,-1.066063490551485832e-01,1.345310290358832372e-01,2.662512148309714721e-01,1.014768708289261051e-01,-3.247783210090678385e-01,-1.170278624280645802e-01,1.269984337102063043e-01,-9.273271929061845109e-02,3.937996749183049761e-01,-4.386488984495238996e-02,4.276842962540671755e-01,5.391572486096003480e-01,5.281024884689853455e-02,-1.124166699114008926e-02,2.125723833187308787e-01,8.428625116142647589e-02,1.044840141655234561e-01,2.903350884954227773e-01,6.975829154220145045e-02,3.856071166555805618e-01,8.319132171807500087e-02,-4.536952989915740003e-02,-1.454460278054371114e-01,3.729905623798147885e-02,2.552706641189408585e-02,-6.734062449431879593e-02,1.940184709713780042e-01,-1.617327356581937589e-03,1.125221838212903946e-01,2.407807896384387553e-02,2.234046594489376980e-01,-2.804079565087471554e-02,-1.716543553074444117e-01,-1.226901254317262630e-01,7.303424300965023763e-02,-1.302343002354177104e-01,5.645983587247478674e-02
2.148683430559088503e-01,-6.838472742355194978e-01,-1.392975984981388859e-01,1.969834636985683118e-01,3.544960312842631023e-01,1.815712591321160252e-01,6.039587138029882674e-01,-2.473635137610051549e-01,-1.920082468683341204e-01,2.729903460258167880e-01,-1.473501810347682406e-01,-2.459617141893471193e-01,4.849752576473598809e-01,-1.955015890038275805e-01,1.805155404336148961e-01,2.985278194770434324e-01,3.238040813439338472e-01,2.022423705455766718e-01,-3.859489703200984501e-01,3.729739164025469567e-01,-2.036525924191280937e-02,2.487899694678363804e-01,-2.348407012495088708e-01,-3.526485076762120308e-01,-5.935992358677593533e-02,-1.204578674315667647e-01,6.145237205236039335e-01,2.655453598769533796e-01,6.238280616556043379e-01,6.815498631792421547e-02,6.844227193460286629e-02,1.911084496291831913e-01,1.199265531895541276e-01,2.861330474689645076e-01,-4.348597730957071139e-01,-1.311557175780967144e-01,2.940306372098287074e-02,3.461875993696054699e-01,3.930835781891354186e-01,7.615941559557648510e-01,9.486645928904972186e-03,-1.137112381719579540e-01,9.909375994978000812e-02,-1.380273593857780645e-01,-1.895452850210522233e-01,5.988077692197119051e-01,-2.538185718102346430e-02,2.051327512004638420e-01,3.938109845327286140e-01,3.648011416954580755e-01,3.151505973506746883e-01,-3.053625644058589050e-01,3.903923876368838308e-01,-3.669626234449051283e-02,3.764606825243714816e-01,2.947082500059807972e-02,-3.719768162388272237e-01,1.526707860397651384e-01,7.689614268501217265e-02,7.076526489751747695e-01,3.281919906951210608e-01,5.290610586720048136e-01,1.719713617519497972e-01,3.556418521434310254e-01,1.297417116650038671e-01,2.522471356075226545e-01,1.817615972092691545e-01,-1.273187152140924927e-01,-3.419643438099768118e-01,-7.301172510590374365e-02,8.986661923359974546e-02,2.474981913858623761e-01,3.981219380472302283e-01,-1.952476481746638348e-01,-9.351416795236128232e-02,1.793990492455890540e-01,-6.820102661873611583e-02,-6.936367692801839735e-02,-3.383290708159356064e-01,-1.340785534251944244e-01,-3.342887184292821223e-02,2.860903373596131449e-01,1.901889115605439884e-01,-1.602499777494235944e-01
-4.481193415497639054e-01,-5.422032164979957020e-02,1.237172552289150518e-01,7.502410632831373050e-02,3.125023276558297480e-01,1.165650919124245899e-01,-9.756132339204003079e-02,6.132342203749653331e-01,-1.501144941883575112e-01,9.170353646136826520e-02,2.230621997859869865e-01,5.514017256695963320e-01,-3.915856267708743288e-01,7.876301764205273503e-01,9.643479929083087487e-02,-3.425375090278586221e-01,-4.508608864603930733e-01,-4.772363341460809649e-01,1.636169265047852095e-01,-2.394234925422427870e-02,4.745662243313357176e-01,-2.065292008493489762e-01,3.350582866800394521e-01,3.691564842719902706e-01,-9.975413600381800860e-02,-3.461631260547896882e-02,8.205988174809920876e-03,-1.170407483579810476e-01,-3.742586365705502516e-01,1.657970675195240273e-01,-9.058110348497015740e-02,1.051469362582245354e-01,-1.377886910780298513e-01,-4.989550902007791611e-01,6.373118041348288521e-02,1.240205420315417251e-01,1.089641017832070763e-02,1.738078312753560672e-01,6.393487740102841987e-02,9.486645928904972186e-03,7.615941559557648510e-01,-1.552551123240615283e-01,1.314884333890181389e-01,2.394555724494873694e-01,5.965781241205240226e-01,-2.000864931520950629e-01,5.658381474133623579e-01,-1.491618268509254941e-01,-3.907585569027117178e-01,-3.772496665374618918e-01,-4.623641657059203713e-01,1.788192672037051956e-01,-1.386361932702785162e-02,1.890617715070219695e-01,-2.267615430656457765e-01,3.393473287565273444e-01,3.544425613023023947e-01,-1.667797769765188565e-01,-9.112408110180116039e-02,-1.161148722085691976e-01,-1.703293999397526570e-01,-4.387014784535954171e-01,3.951991441716550812e-01,7.722042891691494049e-02,1.010790085974764968e-01,3.563119550473810987e-02,-6.739856205120292598e-02,2.344353344685204676e-01,-1.954998733842687186e-01,-2.742256928973537677e-01,-8.695693783554854506e-02,4.716074053043119996e-01,1.449467280056969121e-01,2.835747972881373924e-01,2.154246323091675297e-01,8.815387910802953420e-02,-1.436182103177779668e-01,3.948744388871844313e-02,-2.035274702510477818e-01,-1.714644258886543204e-01,-1.596475933047102752e-02,4.306962058986467112e-01,2.131695423952175150e-01,2.328698894849694501e-01
-6.530208769342961406e-02,-1.732488733625632826e-01,5.945896304613929040e-01,1.056252881619178796e-01,4.223001291186680439e-01,-3.709655343291899388e-01,-2.222676280966108878e-02,-3.055343686588459645e-02,8.676996057149360952e-01,-1.988520025788604872e-01,4.553368876192423476e-01,3.369404307296400974e-02,-1.866258904181637146e-01,-7.602207045252609707e-02,2.221521235756483692e-01,-1.539655394479130801e-01,3.701425774493945914e-02,2.160627984033370794e-02,2.225925553421351233e-01,5.212676277732909425e-01,-5.557696126207647414e-01,3.986044329699049427e-01,-3.168363739337600737e-01,-5.964530935092001579e-02,-4.556144132047176137e-02,9.286254235566027138e-02,1.920420575361500293e-01,9.254461631311627912e-02,-3.533885633192661579e-01,1.842428084930177179e-01,1.009576417505550217e-01,2.228638631992696517e-01,8.257991427874320292e-03,1.828670039268714270e-02,-2.662601555159471167e-01,7.159389032452584400e-01,-2.710386365283740107e-01,5.223451819386967232e-01,-4.720624094097131129e-01,-1.137112381719579263e-01,-1.552551123240615283e-01,7.615941559557648510e-01,-3.858385796856034222e-01,6.485017430825438245e-01,-1.798960100019008912e-01,-2.743325015999457661e-01,-1.558102748816081740e-01,1.374505116704839713e-01,-1.951794897098752535e-01,-2.151433529929537292e-01,-1.795201582473339719e-01,2.780048038836083757e-01,4.987838484073370826e-01,-4.887018616807007887e-01,3.932757577029676876e-01,-3.269315734465589318e-01,-2.363186833864799330e-01,-3.102264779781341297e-01,-2.369479535568508599e-01,3.540795111213644319e-01,8.083779382255605606e-02,-2.532330766128153554e-01,-3.244926827820190929e-02,1.337915699875450171e-01,-1.681241219461780123e-01,-7.842696912345258065e-02,-2.665202803114220531e-01,-3.603313077810406106e-01,-1.937065361679313757e-01,2.843491559310901140e-01,-8.539745238899335011e-02,3.392619908508076425e-03,9.795350339859332234e-02,-2.085960479484633701e-01,8.002063657594027379e-02,-1.274950314588207609e-02,-3.142540303245759670e-02,-4.794792708865219244e-01,-9.684421347971845784e-02,2.409593071162423883e-01,-4.872581909198290401e-02,-6.704904372073912378e-02,2.866089267088665557e-02,-2.614595554952899303e-01
1.988908995685831349e-01,-2.976590129566055176e-01,-1.668742199604774379e-01,1.906888265433637486e-01,-6.432989329817150048e-02,1.477317121403736444e-01,8.796436484805122968e-02,-1.542795981670913932e-02,-4.147065601229764087e-01,5.984597998469445290e-01,-2.897299771562705795e-01,3.427025925690493913e-01,1.884596300753780262e-01,1.123066444518205087e-01,1.687257349571071596e-01,3.945263080521186350e-01,3.218196936565708710e-01,4.956295580205196116e-01,-2.726006565018611050e-01,5.136131963750766721e-02,-1.498000898773756695e-01,9.532088016045206502e-02,-1.245441264645700957e-01,1.385432155164759149e-01,2.148756873911392834e-02,1.059088968711164869e-01,-1.188180123773026203e-01,3.874398580865293651e-01,1.139281835366028929e-02,5.724708545126853121e-01,-5.503594390043062279e-02,1.092163300842510509e-01,2.373665559475113818e-01,6.613923272471924908e-02,-1.074399851551360724e-01,-3.297822915034469560e-01,2.199654751999798319e-01,1.241922664188001152e-01,3.335809644955805009e-01,9.909375994977998037e-02,1.314884333890181389e-01,-3.858385796856033667e-01,7.615941559557648510e-01,-2.222122202357810772e-01,2.047126315741845393e-01,2.382105371111220282e-01,1.487428208046126243e-01,5.897908732160309260e-03,2.591596961311396496e-01,5.130764765032835850e-01,6.204147827315926733e-01,-2.292599050437662545e-01,5.100956422951600372e-02,-1.392116692278632939e-01,1.401999273085982045e-01,7.957886245095281696e-02,3.578112709935714064e-01,3.947161712092496222e-01,4.178028524256203746e-01,-6.007275992997299779e-02,3.392921268496709164e-01,-5.086566285341058424e-02,7.797055221077672238e-01,-1.155666447214283299e-01,1.829671660447185488e-01,3.282250739037487763e-01,2.767647986286093098e-01,-1.436553321538791561e-01,4.944952014916806360e-02,1.001899543145789856e-01,2.231826526593309323e-01,4.147199871224911960e-01,5.148310065668960933e-02,1.484255985468336814e-01,5.269663775160960961e-01,-1.551177441027209447e-01,-1.903090593634930439e-02,-6.688297829251453261e-03,1.130856277285024053e-01,3.311656720536133164e-02,-1.095699767636348770e-01,4.305107843761500908e-01,2.493723124897238297e-01,5.175474990693353927e-01
-1.946311157337725362e-01,-8.963441326525202479e-02,8.439646813047219087e-01,-9.333282142514741364e-02,5.847640704623484620e-01,-2.252086712544539016e-01,-9.145278818326874060e-02,2.209238322868402327e-01,6.729942946812201843e-01,-8.882816132790052888e-02,9.055713450851692325e-01,1.335868912942358711e-01,-1.709949199272312870e-01,4.118657070441809620e-01,1.794978198343299136e-01,-1.810924639809275427e-01,-6.906171022752394251e-02,-2.584917004640187657e-02,6.116690714685345531e-01,4.775094185955203185e-01,-4.334753968905888377e-01,2.416218815515881746e-01,-8.973797151238931125e-02,6.937624463151713904e-03,-1.001378253987683375e-01,1.631948554185849443e-01,2.969215165786012744e-01,2.491127441454915326e-01,-2.885076210484733283e-01,3.074344870290648402e-01,-1.335719001759776148e-01,5.046601572670328384e-01,2.670843985796812758e-02,-1.161358109425857932e-01,-1.242827759152767136e-01,8.745024982117755030e-01,-2.881787771803918097e-01,5.299106747228039538e-01,-3.154361424487990839e-01,-1.380273593857780645e-01,2.394555724494874527e-01,6.485017430825438245e-01,-2.222122202357810772e-01,7.615941559557648510e-01,-6.487029675668201656e-02,-2.877574394452770412e-01,2.983929757705102159e-01,-6.437534321710940144e-02,-2.299959589649354652e-01,-2.594699981709160941e-01,-1.672110065199338969e-01,6.629024035638941825e-01,5.167819033200363732e-01,-5.039316630186001511e-01,2.457286675898777417e-01,-1.018438458688333964e-01,-1.469997135060993054e-01,-3.451204352052933411e-01,-1.244112262121294943e-01,2.953325012226291069e-01,2.095919471756061969e-01,-3.463813098083189379e-01,9.592905060334641631e-02,-2.704779116285591783e-02,1.594295051305375799e-01,-3.581797827668324607e-02,-2.390792744272812465e-01,-1.363941939039332030e-01,-1.087466725377838062e-01,1.903756804901900468e-01,-1.164615446696436324e-01,2.171221758753187903e-01,7.104566236634071719e-02,-3.693297367127972020e-02,2.022739375218819968e-01,-1.487221367977707709e-01,-5.198970396924426640e-02,-5.038883016701967144e-01,-6.367575807138579902e-02,1.909185089351355391e-01,-1.528942518010492357e-01,6.018737022134897086e-02,1.065010615129402816e-01,-2.960831068039156411e-01
-4.620819272276731615e-01,5.105655743272138197e-02,-1.180106755179934352e-01,1.509225166057168686e-02,8.132425372825957677e-02,-3.285299049838479035e-02,-3.426481094015850631e-02,6.262186284314127382e-01,-1.867342079731191540e-01,1.442954877527039825e-01,-4.938874677313184747e-02,8.327788484700860971e-01,-3.355413087896884639e-01,5.013221061939417966e-01,1.887774640218532751e-01,-3.207352859296909164e-01,-2.576791153239744725e-01,-2.821403186441597821e-01,9.614964082888717567e-02,4.832487899980981126e-03,3.488726595286391063e-01,-1.161158790831169491e-01,5.213432535048255489e-02,8.060453953753979883e-01,-2.209527126204872127e-01,2.785420285606186042e-01,-2.008962274714870822e-01,-2.291033419318663777e-01,-4.380972003402764381e-01,3.412818373200287025e-01,-5.061728431969106379e-02,-9.813466509404671079e-02,-2.619842530661536939e-01,-4.591517484828776530e-01,4.722118780912377967e-02,-1.376991355337938150e-01,1.017206881620271453e-01,4.543308439724121767e-02,-1.526717446959234004e-01,-1.895452850210522788e-01,5.965781241205239116e-01,-1.798960100019008912e-01,2.047126315741845393e-01,-6.487029675668198880e-02,7.615941559557648510e-01,-2.736379159537373207e-01,4.508962186154639173e-01,-1.960748048299470192e-01,-4.783995025565029313e-01,-3.102398247931636432e-01,-3.478946208504187232e-01,6.558671530864182420e-02,-5.239839780063270530e-02,5.872543715321830449e-02,-2.118310889257301599e-01,-1.217972801279320824e-02,6.276442372592251351e-01,-3.186286541204009781e-01,-7.202549478874091526e-02,-2.710837521885168244e-01,-2.004080134402299040e-01,-4.978425556506472227e-01,4.886350318399051429e-01,-2.836564129301523685e-01,-1.388300025614764566e-01,-1.173499153636460568e-01,-9.170675006411871388e-02,-4.286873989805272539e-02,9.700717574928412190e-02,-5.259926830791188807e-02,-6.430685825558601909e-02,5.362387612374912571e-01,2.419520704490740470e-01,2.239042265932648101e-01,4.012316622877184491e-01,-5.288858359761113015e-02,-8.703444282383353270e-02,-1.435740264886704587e-01,-1.536044369764983930e-01,-4.382485054350680059e-02,6.843312431154296993e-02,4.423369781658771371e-01,3.719452168557413896e-01,3.308117830789776836e-01
6.064898160183305187e-01,-4.630533268535724223e-01,-1.396012798684038159e-01,1.019192288603729263e-01,-9.210156405767411583e-03,1.616405276896671350e-01,2.362729920367839520e-01,-2.373848676882259756e-01,-3.823198020883362136e-01,2.016124984424345068e-01,-3.032960265397772193e-01,-2.204826669105749148e-01,7.135843643019217364e-01,-2.391025995000913840e-01,5.891918885074089868e-02,2.938727568419417513e-01,4.373005769774607199e-01,4.930719910524135052e-01,-3.275565948594275079e-01,1.248347494443577815e-01,-2.110747329345926404e-01,6.444326774278434644e-02,-2.022401617733858847e-01,-2.510480751288449164e-01,-8.209533551546639718e-02,1.007285587492759843e-01,1.867898579749931731e-01,4.067124859069248810e-01,5.844804810249535354e-01,1.056514863013705285e-01,2.538784449403613808e-01,6.399603548249738205e-02,9.657945518356837733e-02,4.016451711705284477e-01,-3.997099919265689749e-01,-2.162933238238104183e-01,-1.291446744375872487e-02,1.027939561386344430e-01,4.423699361039101774e-01,5.988077692197119051e-01,-2.000864931520950629e-01,-2.743325015999457661e-01,2.382105371111220005e-01,-2.877574394452769857e-01,-2.736379159537374317e-01,7.615941559557648510e-01,-7.553971679471510603e-02,7.394790511376458930e-02,4.179332344004467181e-01,6.254177466767851801e-01,6.405358546122312813e-01,-2.802119807051556277e-01,1.551390036339972966e-01,-1.793124752639770059e-01,2.629423608951110269e-01,2.029983494294691423e-02,-2.400746920891010106e-01,1.878344635788107564e-01,5.059279010856558845e-01,2.988012483433887256e-01,4.322689548438600204e-01,4.103241729453422360e-01,1.208464173999923702e-01,3.294840292251170477e-01,1.383167270057817644e-01,1.754887385101164265e-01,2.975395735026293287e-01,-8.661476488206756863e-02,-3.597552463706286674e-01,-1.537691087624139807e-01,8.343245596142030707e-02,1.167728665514283504e-01,2.438815960601099231e-01,-2.937902162228607228e-01,-6.029034185257352296e-02,2.516581993582029178e-02,9.160715445544240221e-02,3.777030970082247141e-02,-2.307957449156745888e-01,-2.696683279005582246e-01,9.452647291092289294e-02,5.035914362197366212e-02,2.542039854052111081e-02,-1.961488584598754248e-01
-2.776876028869283419e-01,-1.570268349553355369e-01,7.909817393581587697e-02,-1.163740493590082609e-02,3.485696260744671759e-01,2.952792046625582131e-02,-1.255756679328893510e-01,2.466980466941783579e-01,-1.808933958131167807e-01,1.444551386148046346e-01,3.630712793125481230e-01,3.283017305547724640e-01,-2.464098964525010538e-01,6.807105287819112949e-01,2.981674046835521286e-01,-2.401639361764758007e-01,2.056722727636663486e-02,-9.297461884721532066e-02,2.523252986432126255e-01,2.132788740887027190e-01,2.116076856418426522e-01,4.652654593928421539e-02,1.201637683361179015e-01,2.470010693770323951e-01,-2.778107321113439387e-01,1.626684210355986426e-01,2.284788405100016684e-01,-2.774862376004895090e-02,-1.564214046778169553e-01,1.759276107263253175e-01,-6.173395282529725581e-02,1.232689122626838413e-01,-7.165165775772398826e-02,-3.235162280314737848e-01,2.908498230257054729e-02,6.133324054423726357e-02,1.363166818628732957e-01,3.557286661267500816e-01,7.667150412778893365e-02,-2.538185718102349206e-02,5.658381474133623579e-01,-1.558102748816080352e-01,1.487428208046125411e-01,2.983929757705102159e-01,4.508962186154638618e-01,-7.553971679471509215e-02,7.615941559557648510e-01,5.150901637748016293e-02,-2.246532282040552830e-01,-1.259291259432020714e-02,-1.066858151176354741e-01,2.710223084228591817e-01,2.001733082678403830e-01,-1.430125483963072264e-01,4.368209665698774558e-02,2.465429040039376352e-01,2.779927670379948590e-01,-2.454990810098882092e-01,7.668718800964210991e-02,2.111200974910725503e-01,-3.217737552438831861e-02,-2.478775821564483950e-01,4.787520466774200512e-01,-2.792806339009298866e-02,3.035490190938969213e-02,1.599191636466155697e-01,-4.919021265635680623e-02,2.535594915111205258e-02,-6.354425054130506678e-02,1.754504701671762146e-02,9.089501955789622278e-02,5.610945830141222945e-01,3.373426282147893862e-01,7.939006831889651450e-02,4.123694828874875928e-01,-1.599385171661826810e-01,-2.269385584358980246e-01,-9.938137188653539678e-02,-2.146561503236605328e-01,-6.606968540078791974e-03,3.369844923921200275e-02,5.814430174157513287e-01,4.049589608757507286e-01,-4.692315049067244392e-02
-3.856429223425678066e-02,1.935467484704156763e-02,1.253310173484804835e-01,2.125748527279307520e-01,1.667831871327081217e-01,-2.703655732646276788e-01,3.030041398602774105e-01,-1.070729361182734263e-01,6.011727631521091714e-02,-9.786130679898643117e-04,-1.026708135129680705e-01,-1.184931543328391762e-01,-4.226506668952310919e-02,1.053750717732499509e-01,5.534193735995133201e-01,1.432605547733611373e-01,9.271385830686466878e-02,-6.546092073176683346e-02,-2.913689129039258030e-01,1.527672304719382146e-01,1.522113417923361411e-01,3.201161746661509988e-01,-7.870603963492073252e-02,-2.524664636655695599e-02,-3.484600354093957131e-02,-1.588847999229154873e-01,1.786367322036464811e-01,1.870014853629480001e-01,1.637124079040133962e-01,-1.764820983538449226e-02,8.795106382854415983e-02,2.929784981204749394e-01,3.669563657450920502e-01,1.934046801605343591e-01,1.398131196581531843e-01,1.546586978660483280e-01,-1.210551986357853368e-02,1.653106750566423200e-01,-1.066063490551486109e-01,2.051327512004638975e-01,-1.491618268509254663e-01,1.374505116704839991e-01,5.897908732160364771e-03,-6.437534321710938756e-02,-1.960748048299470192e-01,7.394790511376456155e-02,5.150901637748015599e-02,7.615941559557648510e-01,1.740636128151848427e-01,8.702816588740168446e-02,1.363555109560043999e-01,-2.842114541533954375e-01,7.947188720148341823e-02,3.081973760544535201e-01,3.067436880933412380e-01,8.919928039341876169e-02,1.326678321564742037e-03,3.187977712928058427e-02,-1.028537983292608371e-01,1.188424299661329647e-01,1.683823578745761163e-01,1.842870956504429059e-01,-2.455345902122371138e-01,2.433021182612408184e-01,4.793695039778237549e-02,2.605792210388213626e-01,-1.249075251649284651e-01,-1.440433305696559863e-01,-2.367573929644518904e-01,-2.744917370772715359e-01,-3.355027747564107710e-01,-3.362206990770871817e-02,-1.744274418549842387e-01,-1.397215810486499843e-01,-5.852307840406584943e-02,-1.281347084059668295e-01,-1.048797721026210363e-02,-5.670818417528283167e-02,-3.753595257274289776e-01,-1.966236723529871111e-01,-1.616428026831645548e-01,2.017637737161221134e-01,-2.309739980915370694e-02,-2.228979986157674509e-01
3.099100447750799958e-01,-1.741555705882431582e-01,-5.833369502912881532e-02,6.142502650767169697e-02,-1.067398369501259409e-01,-2.569918727230590672e-01,1.847387300195536264e-01,-6.126863977568319797e-01,-2.148659391175835320e-01,1.700073517462633854e-01,-3.276903660864246559e-01,-4.011829625241654651e-01,2.289202261003835115e-01,-2.144951273691355909e-01,-1.522802728778191728e-01,6.312242316465366265e-01,3.012298375451191723e-01,2.997666318315832523e-01,-5.006603820549816453e-01,-1.490058185088138087e-01,-4.009004660681833587e-01,-5.819869805774725846e-02,-3.933829354652387256e-01,-5.057491924019490437e-01,-1.437969598763081391e-01,-3.712669975319707882e-01,-7.156096661140556869e-02,3.234716757424719868e-01,2.480704914901892266e-01,-6.358309183255338171e-02,-2.110920731984041940e-02,1.455603473264357461e-01,5.003627950280666870e-01,6.397058277775964363e-01,1.258460853145740854e-01,-1.326015066716670909e-01,9.683669734380810287e-03,-6.463312205653046205e-02,1.345310290358832372e-01,3.938109845327286695e-01,-3.907585569027117733e-01,-1.951794897098752535e-01,2.591596961311396496e-01,-2.299959589649355485e-01,-4.783995025565029313e-01,4.179332344004467181e-01,-2.246532282040553385e-01,1.740636128151848427e-01,7.615941559557648510e-01,4.022746813957108758e-01,7.653756887061557990e-01,-4.521980514183637778e-01,-5.500913481680558270e-02,-9.260300130778113814e-02,3.569104298227546157e-01,-5.081364546149618605e-02,-2.475246756362930456e-01,4.274813227631908408e-01,2.933459127301661917e-01,1.490738233468569818e-01,3.922916370348459303e-01,6.461092299136973471e-01,-9.609306500870901102e-02,9.182043473207274209e-02,1.726898557747061358e-01,3.939963912755549691e-01,6.295270623180555802e-02,-3.030222924494646031e-01,-2.278762575522317591e-01,-5.046769514140254237e-02,-2.081073733795340552e-01,4.078639393371645550e-02,5.195139722915329689e-02,-9.660969230286947651e-02,-4.882301026346010792e-02,-2.356831838470692109e-01,-1.781160012029784356e-01,1.128841236869961295e-01,3.673482923090639479e-02,2.505430881830954942e-02,-1.848516100995608313e-01,1.896860579956261839e-01,-1.841960202536156027e-02,2.931678883838370261e-02
3.290459094017007535e-01,-4.755431399903907175e-01,-2.195878515525900021e-01,1.333583667541177187e-01,-3.004506512277423450e-02,4.220165572296579598e-02,7.822570742659278042e-02,-3.504067037615208324e-01,-2.299199557614867440e-01,3.013306510429415441e-01,-2.568721647479013659e-01,-1.778032355460526237e-01,5.111775757376330054e-01,-1.893092749339554959e-01,1.340233709474675239e-01,4.103533823671366987e-01,7.514361036217137579e-01,6.045339457882079603e-01,-2.475672610322613432e-01,1.437941682779746988e-01,-2.514566772682048645e-01,1.083023008040119167e-01,-4.835084424113907375e-01,-2.050897086675575742e-01,4.713664969789205933e-02,1.850636548688113225e-01,-2.889670679252080016e-02,2.921773957493425389e-01,3.458560228888936106e-01,5.041936544234038725e-02,2.425019793442927951e-01,1.051244671837950756e-01,2.207722880348916561e-01,1.104554698735743107e-01,-3.393506796857063135e-01,-2.840959554160363831e-01,1.269077426366981287e-01,1.687163866323675709e-01,2.662512148309714166e-01,3.648011416954580755e-01,-3.772496665374618918e-01,-2.151433529929537014e-01,5.130764765032835850e-01,-2.594699981709160941e-01,-3.102398247931636988e-01,6.254177466767851801e-01,-1.259291259432020714e-02,8.702816588740165671e-02,4.022746813957108203e-01,7.615941559557648510e-01,7.140398796809233062e-01,-2.057004216380128037e-01,1.820965426938324916e-01,-1.910264617890273520e-01,2.372814919141957302e-01,-2.833616859747208339e-01,-1.326838850172103457e-01,4.401043216137670577e-01,5.724347755391755443e-01,1.238454239018136616e-01,3.118595566348762449e-01,2.870843394389895331e-01,2.470248211066488342e-01,1.026781203838229017e-01,2.735933454607493709e-01,3.048339484830826507e-01,4.812782206174842092e-01,-1.587303629555020523e-01,-4.059153080663031182e-02,1.465145191980312539e-02,1.503851080420491315e-01,2.505268873853129241e-01,8.568921665970137547e-02,-2.215346939579613816e-01,1.831433768943385165e-01,-8.712139529673233740e-02,2.086719929915949734e-01,1.221738569153293236e-01,4.353983600178060187e-02,-1.553903071447446660e-01,-5.420380335562766626e-03,1.700074467737590633e-01,9.705355216495982484e-02,-1.332484564519577641e-01
6.366479245016607447e-01,-4.163078200016983449e-02,-6.332986976754728659e-02,1.887034878396249837e-01,-5.032504399987330207e-02,-1.507380182455842210e-01,1.062019051759309635e-01,-4.857047653779455465e-01,-2.248188479704434084e-01,5.346747037456516249e-01,-2.510382631196811376e-01,-2.392796400419433256e-01,5.052626703373772621e-01,-1.543385275893974784e-01,-3.781735496852967667e-03,6.475866468822155664e-01,6.003497652492219006e-01,6.594705987446216611e-01,-4.026116352676464838e-01,7.154116447977360016e-02,-3.930188856635850603e-01,1.325534612197666051e-01,-3.448340479259200952e-01,-2.494826856965154938e-01,-1.086196930352585910e-01,3.116284402512698240e-02,-2.575989773886381423e-02,6.146486563384486734e-01,3.998235863470679385e-01,9.782159406813739633e-02,2.906585392041433069e-01,1.735005376155291656e-01,5.430507561173800735e-01,7.181314642784192293e-01,2.921852311672312741e-02,-1.378091550646380892e-01,8.986866962634523781e-02,3.314942387801075169e-02,1.014768708289260774e-01,3.151505973506747993e-01,-4.623641657059203713e-01,-1.795201582473339996e-01,6.204147827315926733e-01,-1.672110065199338969e-01,-3.478946208504187232e-01,6.405358546122311703e-01,-1.066858151176355018e-01,1.363555109560043443e-01,7.653756887061556879e-01,7.140398796809231952e-01,7.615941559557648510e-01,-3.575443527844631153e-01,1.197020504070200053e-01,-3.006568883179251972e-01,3.901915134426351406e-01,-1.047949775113119486e-01,-4.960847509315619019e-02,2.188313082502534868e-01,4.479709173859278137e-01,1.108313926232220442e-01,6.105487615288965886e-01,4.597250028075062778e-01,9.369508917494921707e-02,8.807398052720191717e-02,3.475725996128519180e-01,4.464548354241385519e-01,2.427511234515117855e-01,-2.378738804128251449e-01,-1.012784316569794174e-01,8.805013784566678714e-02,-1.748828745656783729e-02,1.093055485934222859e-01,1.219884503977081286e-01,-1.983784711602082085e-01,5.844082583566464345e-02,-1.000364703326454413e-01,1.167582332422325841e-01,-1.110520220869605328e-02,1.114794445051359578e-01,1.419784231093238792e-02,1.256860024452548068e-02,1.986191432925318301e-01,6.689889274327878721e-02,6.573969240096874667e-02
-3.597833187746004024e-01,-2.459110358458050927e-01,4.562512042803139045e-01,5.031249983673508758e-03,1.034215496382651506e-01,-5.600921680845506734e-02,-2.349492091924343107e-01,2.984986136149700986e-01,4.117345221971125957e-01,-2.133951637987234473e-01,7.836046867298701590e-01,2.818845827867375031e-01,-1.688930752859327533e-01,4.245277214834555779e-01,7.309578334700157776e-02,-3.367061142989587474e-01,-1.284283956461564902e-01,-1.777275367738058998e-01,9.475412071972688643e-01,1.750400344460165958e-01,-3.254914134247445245e-01,-2.838740935968468932e-04,4.439059414597378863e-04,9.220501861269146671e-02,-2.800782974039300322e-01,2.477571569307125410e-01,9.472233233202492081e-03,-6.657373022021716158e-02,-4.491909028532539150e-01,2.174795018099466848e-01,-2.036616668440943134e-01,3.975987626212539872e-01,-2.294585566154779266e-01,-4.124760913629695325e-01,-2.483298716239342174e-01,5.007815891525703167e-01,-3.627143711011174831e-01,1.092458395014176686e-01,-3.247783210090678385e-01,-3.053625644058589050e-01,1.788192672037053343e-01,2.780048038836084312e-01,-2.292599050437662545e-01,6.629024035638941825e-01,6.558671530864187971e-02,-2.802119807051556277e-01,2.710223084228592927e-01,-2.842114541533953820e-01,-4.521980514183637778e-01,-2.057004216380127204e-01,-3.575443527844631153e-01,7.615941559557648510e-01,2.253355514918070068e-01,-4.254525309502755204e-01,-3.383311262244926426e-02,-1.806461105306288173e-01,-1.331429522340049909e-01,-5.758751267098917159e-01,-8.576972821126667423e-02,-1.192786300706640129e-01,-7.833869698146668503e-02,-5.538539199976003635e-01,1.930945266447790798e-01,-3.098753313792648179e-01,2.715962230340013273e-01,-3.765010996363499229e-01,1.387631491302114377e-02,7.631874124322614306e-02,2.366797019125450874e-02,-3.902199802829726949e-02,-9.281023305303104376e-02,2.026822394977803588e-01,4.149303761840353322e-02,3.180799374164270527e-02,2.799271482377457265e-01,-9.854699344944103934e-02,2.143478506965046104e-01,-3.251598269327583557e-01,1.257825528799340897e-01,-1.099102558432949080e-02,-2.435415352873697981e-01,-7.410420925560217906e-03,-9.357712278658787686e-02,-2.527613874943041017e-01
9.133262398325436848e-02,-4.659847846869454302e-01,5.259743061746383619e-01,2.840703602024198526e-02,4.732355732882495003e-01,5.529205985205741525e-02,3.794540410179644829e-01,3.303306191083692916e-02,4.759296591254058018e-01,3.031892769849415248e-01,4.083334659572605552e-01,1.513555631239971166e-01,2.930504096170470918e-01,1.723245116414928724e-01,8.804904474314541318e-02,1.322849140103439514e-02,3.981818374654378379e-01,1.471606801394296782e-01,1.585731338246954836e-01,8.045261088647538417e-01,-4.897534764311865518e-01,5.269204454975708884e-01,-3.456795900631404739e-01,-7.542919776496215256e-02,-1.195665097475824001e-01,8.150070565647606069e-02,2.864631852690183722e-01,4.079773011614049594e-01,7.302355907913993943e-03,4.760332947543557958e-01,9.587033475087117229e-02,5.535778928027261792e-01,1.976021965223815902e-01,2.047734341510047407e-01,-2.291455543675145479e-01,5.266238934794494897e-01,-3.835626281917375868e-01,4.794851591050486306e-01,-1.170278624280645524e-01,3.903923876368838308e-01,-1.386361932702783080e-02,4.987838484073370826e-01,5.100956422951598290e-02,5.167819033200363732e-01,-5.239839780063270530e-02,1.551390036339972411e-01,2.001733082678403830e-01,7.947188720148350149e-02,-5.500913481680563821e-02,1.820965426938324916e-01,1.197020504070200192e-01,2.253355514918069513e-01,7.615941559557648510e-01,-5.199147441179104989e-01,7.519548875989914283e-01,-3.055726131555713820e-01,-3.935433342302383508e-01,-2.620603032621501294e-01,-1.264756066594572015e-01,4.187207285599216511e-01,5.329334326539395539e-01,8.211624201961444797e-03,9.438423029414735876e-02,2.269030029530715031e-01,3.489039705023825322e-01,3.171033516582286160e-01,2.431665335137390277e-02,-1.331990355782807223e-01,-4.155342867630003323e-02,1.778198291077141002e-01,-2.381939712296416434e-01,1.201512788737370274e-01,1.168822667385266967e-01,-1.799683276760802586e-01,-5.938135800606712811e-02,-8.231662113139293080e-02,1.429809250013963084e-01,-3.307554247821259952e-01,-5.136912253305995352e-02,2.836688549073078658e-01,-8.371283978760314659e-02,2.563722847458484444e-01,2.942980971741208651e-01,-2.053893396092896506e-01
-4.488848486699991702e-01,1.396464004624453081e-01,-3.893037212466740615e-01,-1.644808862906253499e-01,-2.364232567175165167e-01,-1.674615503224420876e-01,-1.850881817651102434e-01,1.441423271974540954e-01,-4.774679342565472107e-01,-3.095770848595721381e-01,-4.903730708737062405e-01,5.249396147386014427e-02,-3.756539124785887585e-01,4.246629883542303585e-02,1.600701719004810411e-02,-1.746024512575520826e-01,-4.887006073406569562e-01,-4.588043034341068305e-01,-4.417439427931316165e-01,-5.323824858965304774e-01,4.830239446112675195e-01,-4.358999518929450590e-01,2.633932765136997589e-01,1.848421611306003964e-01,-7.550564353330098399e-02,-3.065462118783859324e-01,-4.122658154639053385e-01,-3.366007393158647609e-01,-2.460392055161515212e-01,-3.850011102433407162e-01,-2.635762150884423116e-01,1.288895587443023016e-03,-6.429020504320584473e-02,-2.526893621718163119e-01,2.906344430147962399e-01,-3.305377731261301966e-01,2.131300239889251380e-01,-3.099967140754446571e-01,1.269984337102064709e-01,-3.669626234449040181e-02,1.890617715070218863e-01,-4.887018616807006777e-01,-1.392116692278632106e-01,-5.039316630186001511e-01,5.872543715321830449e-02,-1.793124752639769504e-01,-1.430125483963072541e-01,3.081973760544534646e-01,-9.260300130778108263e-02,-1.910264617890273520e-01,-3.006568883179251972e-01,-4.254525309502755204e-01,-5.199147441179104989e-01,7.615941559557648510e-01,-2.589889311582815323e-01,2.750287487595290958e-01,2.692457033734194649e-01,2.307729625218516434e-01,1.013480676794458468e-01,-3.870363857954670084e-01,-3.398476256094476455e-01,-2.612423581194395564e-02,-2.468223677478135480e-01,-1.321141722147577413e-01,1.507466516815301749e-01,-1.598086568709742583e-01,-8.532122546214354619e-02,-2.131274516952270381e-01,-1.936940428771602440e-01,-4.953113083095486702e-01,-1.956329560988489258e-01,-3.623574794014765288e-02,-2.901855246612382033e-01,9.238224528378974343e-02,-8.823647677263067590e-02,4.872976405019957546e-02,-1.970039707149245645e-01,2.753088157151233062e-02,-4.186984172911644153e-01,-3.039923378721194336e-01,-1.510742600858749618e-01,-2.026542530772702452e-02,-3.378834201024972228e-01,1.150016632877871869e-01
1.287940217277251664e-01,-2.663713516791825220e-01,3.889748581976200659e-01,-3.327944856482076275e-02,3.072484010395744036e-01,-1.609996508370182544e-01,3.654547387295304928e-01,-1.630048702892274992e-01,3.620437923457288099e-01,2.597043419376185436e-01,1.384012796175443927e-01,-4.269767504125498991e-02,2.312944408248450712e-01,1.204213725830118216e-02,1.675756408646791595e-01,2.418512138450031324e-01,3.216081146575230365e-01,1.996470274635105124e-01,-1.170037308481252786e-01,5.436183663086910922e-01,-4.005157094389744654e-01,5.736637729542330977e-01,-3.925487808215385455e-01,-1.225292271152780693e-01,-2.250694439903415112e-01,-2.237536696436305192e-02,1.535343113423890959e-01,4.325378575313593155e-01,1.558081777580987703e-01,3.313994329965101460e-01,1.083004202887997702e-01,5.579371660463380289e-01,3.464646493710578645e-01,4.375387307244432145e-01,1.233331271954528630e-01,4.090351249540530310e-01,-2.397114051131150891e-01,3.773074230781173211e-01,-9.273271929061845109e-02,3.764606825243715926e-01,-2.267615430656457765e-01,3.932757577029677432e-01,1.401999273085981768e-01,2.457286675898776862e-01,-2.118310889257302154e-01,2.629423608951111380e-01,4.368209665698775945e-02,3.067436880933411270e-01,3.569104298227547267e-01,2.372814919141957024e-01,3.901915134426351406e-01,-3.383311262244931977e-02,7.519548875989913173e-01,-2.589889311582815323e-01,7.615941559557648510e-01,-2.044219502101758679e-01,-2.359503482078406378e-01,-1.083492861255871964e-01,1.704040414180279517e-01,4.000341087519315719e-01,5.182086155960279328e-01,3.026834976834645863e-01,2.026609861370802165e-02,7.521244543609506561e-02,3.599836246156515873e-01,4.587281333793772342e-01,7.562253481361429219e-02,-1.804888819287321644e-01,-7.375657609345458166e-02,2.556744630926254813e-01,-3.056461662114345890e-01,9.277299972753161317e-02,2.149243529189103288e-02,-2.139487767137245311e-01,5.450547578925280662e-02,-1.507796769697617723e-01,1.227985855219926141e-02,-1.259413638756537723e-01,-5.608128004812156647e-02,3.788329096843853772e-01,-1.214109200442978487e-01,2.594123734118426450e-01,2.177899702614378152e-01,-2.294545229271444109e-01
-7.621780763538713033e-02,1.462100088338477433e-01,-1.767693103787192424e-02,-3.833788973300100711e-02,1.160199221110302936e-01,7.612331281643960890e-02,-9.230871780081674471e-02,2.527081306592041110e-01,-3.177813460846698468e-01,-8.900256037939692499e-02,-1.070627779612998293e-01,-9.779304888147685726e-02,-2.299501646724242399e-01,3.474250847808407761e-01,-2.594481336366830093e-02,-1.500156992758983621e-01,-4.106176169166070311e-01,-2.733098662457134065e-01,-1.737229491355514188e-01,-3.653311642770540879e-01,2.567385552690308881e-01,-3.188496574260442640e-01,6.650675814628870253e-01,-5.115222667706949278e-02,-1.209617396500038133e-01,-2.299247784676589912e-01,-2.953202198552066973e-03,1.126451489292060043e-01,1.408756597512107224e-02,-1.463936746649045495e-01,-1.512992456498299387e-01,1.788058164489161883e-01,1.340032052271735996e-01,-6.096017121469595595e-02,3.291108245944842081e-01,-7.070089826614095463e-02,7.879542753165375002e-02,-5.349600220141591950e-02,3.937996749183050316e-01,2.947082500059802421e-02,3.393473287565271224e-01,-3.269315734465589318e-01,7.957886245095280309e-02,-1.018438458688334797e-01,-1.217972801279316661e-02,2.029983494294696975e-02,2.465429040039376352e-01,8.919928039341873394e-02,-5.081364546149616523e-02,-2.833616859747208339e-01,-1.047949775113120041e-01,-1.806461105306288728e-01,-3.055726131555714375e-01,2.750287487595290403e-01,-2.044219502101758124e-01,7.615941559557648510e-01,1.984239183594184441e-01,-4.499006365455579526e-02,8.102741810409826162e-02,-8.816930468082256889e-02,-8.352956496149657739e-03,-2.145418667535079968e-02,7.110042573197115912e-02,7.673909829491391832e-02,2.073604727554138327e-01,1.997845034590804703e-01,-9.945605550939534689e-02,2.280078776551916486e-01,-1.971178753677279849e-01,-1.006110620115939214e-01,-1.600795272182527762e-01,4.586615788770725434e-04,-5.343622120821299448e-02,2.586455659529943163e-01,2.201667361553614338e-03,4.391888675318447038e-02,-1.162750517466556860e-01,2.021091352166254906e-01,-1.633730850511301014e-01,-1.264692462316603094e-01,-1.081223679139275973e-01,6.769921852244806248e-02,-8.496999795968353253e-02,1.017104648563346980e-01
-2.276528216121829484e-01,5.238067473773069249e-01,-1.751522633506910620e-01,1.295935023971712674e-01,-2.285130155695609400e-01,-1.118873110751019140e-01,-1.930364571933488593e-01,3.920964230693706476e-01,-3.150543291315757721e-01,9.790502472061857198e-02,-1.850246029432763561e-01,5.125476871156688929e-01,-3.581466624554618394e-01,2.818793537575738917e-01,7.997384289443039418e-02,-1.681311287478309824e-01,-2.310495381224429434e-01,-1.342651819857913764e-01,-1.449205543105802629e-01,-2.309992566747154918e-01,3.838383302964336052e-01,-1.366659906512182887e-01,2.334078609534709636e-01,7.977872002804677898e-01,-1.155524360060972422e-01,2.209650360441130224e-01,-3.503608859951399812e-01,-5.786024781936715405e-02,-3.446577833455065631e-01,9.035365885907367667e-02,1.981556486237406323e-01,1.262116618667216139e-01,1.656228159443902392e-01,-2.953706681455578464e-01,5.298849910898197901e-01,-1.471206326227943173e-01,2.592914006980910901e-01,-9.646297569388785631e-02,-4.386488984495245935e-02,-3.719768162388271682e-01,3.544425613023023947e-01,-2.363186833864799052e-01,3.578112709935715174e-01,-1.469997135060993054e-01,6.276442372592250241e-01,-2.400746920891010106e-01,2.779927670379948590e-01,1.326678321564731628e-03,-2.475246756362931011e-01,-1.326838850172103179e-01,-4.960847509315619019e-02,-1.331429522340049909e-01,-3.935433342302383508e-01,2.692457033734194649e-01,-2.359503482078406378e-01,1.984239183594184164e-01,7.615941559557648510e-01,3.725220343102218779e-02,2.021390115628975970e-01,-5.008659224496370133e-01,-1.711968037142494736e-01,-3.897993317160844962e-01,3.381671519770783063e-01,-2.960953686132256069e-02,9.884534542092497655e-02,2.069196182560547881e-01,-7.755820232189822305e-02,1.164531922266485719e-01,2.185320447018967716e-01,-5.261358295925137180e-02,4.484532114566493199e-02,3.655681504439267648e-01,-7.463496849330568395e-02,4.181578272517917916e-01,5.883911930904859311e-01,-2.821511017734830151e-01,-2.635804789933158393e-02,-3.375510773729387820e-02,9.472133326005169676e-03,-5.226678905010520571e-02,-4.697641444553899565e-02,2.598240393421517580e-01,-2.093824300445218042e-02,3.796758697874220156e-01
-8.247881841582754836e-02,-1.653847445644745506e-01,-2.880741930891346780e-01,-7.007487434139682281e-02,-1.648034647028814026e-01,-6.961023912696961968e-02,-2.184085840324508643e-01,-3.430295414172782609e-01,-3.430872717119123338e-01,9.184651034827345795e-02,-4.758612021167967776e-01,-2.985515878966475967e-01,-5.277109067122107838e-02,-1.665449412232310467e-01,-2.865987744717484187e-01,1.331218649293297029e-01,1.533372432943045094e-01,-8.937214749970001648e-03,-6.506572322779835549e-01,-3.635749449251133858e-01,-8.303588924392928117e-02,-4.082634491458571602e-01,-2.131571897297762086e-01,-2.836290691692488486e-01,4.397507383245627954e-01,-3.806402852301498663e-01,-3.624327578483801937e-01,-1.394571924560119788e-02,-8.974937864915309704e-02,-2.670277262234924676e-01,-2.079303265511303622e-01,6.305093762668557977e-02,1.228682407005127486e-01,1.000271292947581686e-01,-1.279352463870058465e-01,-3.228494280359684443e-01,1.068343592795115704e-01,-1.085556344135540224e-01,4.276842962540671755e-01,1.526707860397651384e-01,-1.667797769765188565e-01,-3.102264779781340742e-01,3.947161712092496222e-01,-3.451204352052932856e-01,-3.186286541204009781e-01,1.878344635788108397e-01,-2.454990810098882092e-01,3.187977712928061202e-02,4.274813227631906742e-01,4.401043216137671132e-01,2.188313082502535145e-01,-5.758751267098916049e-01,-2.620603032621501294e-01,2.307729625218516989e-01,-1.083492861255871964e-01,-4.499006365455579526e-02,3.725220343102218779e-02,7.615941559557648510e-01,3.050404744257270706e-01,-2.195680242113101643e-01,5.070286477262079400e-02,2.138904101951501768e-01,-2.407403427483905956e-01,1.332326405522031298e-01,1.781380885150256610e-01,1.741107974720739193e-01,1.882414227156460340e-01,-3.731123857583771852e-01,-3.941063401642724839e-02,-2.016296974742131376e-01,5.406151284275337310e-02,-1.197262057383921691e-01,-2.950912293534394548e-01,2.365179971058745112e-01,-3.511945453757361890e-02,1.269900546019213372e-01,-1.031281846731632729e-01,1.532989685701805771e-01,2.740410436404722844e-02,-1.405470905145609906e-01,-1.218555988242116250e-01,-1.887373697879782264e-02,-3.466912813423206341e-01,2.329878582182030311e-01
-4.371399701741481708e-02,-5.324375857874006496e-02,-1.621687109063624510e-01,1.994533069721729501e-02,-1.939399991567845871e-01,1.144369458709105225e-01,-1.562048740913529465e-01,4.441617944605466550e-02,-2.838030615811651947e-01,4.584322766635195480e-03,-1.370143889773544621e-01,-9.270798394439130896e-02,2.016940569503074543e-01,-1.860233423005399137e-02,-1.016202443987809373e-01,-7.230323127678513206e-02,1.266783534368608466e-01,1.354889822647436792e-01,-1.391907403203661575e-01,-2.801439293184642132e-01,-7.921018514837148417e-02,-1.463850732615250561e-01,-3.905263881894846523e-02,1.759256595182491223e-01,-1.673683304397987348e-01,2.054737431514155610e-01,-3.328243922853914571e-01,9.946814118878657962e-02,-1.033965032983715088e-01,7.647279875993744439e-03,1.349989223230295132e-01,2.475406749594273870e-01,-4.028066825876151086e-02,8.094104097804760700e-02,8.415317101251622300e-02,-1.336020817229408575e-01,-9.200351687742612051e-04,-3.803389420660541892e-02,5.391572486096003480e-01,7.689614268501217265e-02,-9.112408110180113263e-02,-2.369479535568508599e-01,4.178028524256203191e-01,-1.244112262121294388e-01,-7.202549478874088751e-02,5.059279010856559955e-01,7.668718800964208215e-02,-1.028537983292607955e-01,2.933459127301661917e-01,5.724347755391755443e-01,4.479709173859278137e-01,-8.576972821126667423e-02,-1.264756066594572015e-01,1.013480676794458191e-01,1.704040414180279794e-01,8.102741810409813672e-02,2.021390115628975692e-01,3.050404744257271261e-01,7.615941559557648510e-01,-2.234171009576853273e-01,1.151860894794806967e-01,-2.145732941434259911e-02,-7.005116217171442755e-03,-1.029426707577836136e-01,3.273317880517589429e-01,1.060419737150958414e-01,3.268686532992093885e-01,-4.958907876164956458e-02,3.134657610828941454e-01,1.518869466554099434e-01,1.007609464303874276e-02,-1.530370736244471008e-01,-3.118197081716788110e-01,4.437000532141160969e-02,1.062228875960465474e-01,-1.995903017193712270e-01,7.388448675164153989e-02,2.376011590119478933e-01,2.484924673313398946e-01,2.281021075701612499e-01,1.859395223664739652e-02,-2.569391156790818906e-02,-2.387837216967906018e-01,-8.374658592078347563e-02
1.519112606087432149e-01,-5.494617661999103841e-01,3.823481742283034168e-01,1.245225317220495231e-01,5.143138671709820420e-01,-1.051657482314210801e-01,5.653731201826988073e-01,-3.276001916274089987e-01,4.065488842422572136e-01,1.514149769537910528e-01,2.507606929657476558e-01,-2.909809988082147636e-01,2.102406105011474513e-01,-2.386466421878944213e-02,-6.465474702695095388e-02,2.095039790494483134e-01,2.012154094844861296e-01,1.075242557966744478e-01,-2.040349423344849367e-01,3.257923112990377401e-01,-4.803501663208989969e-01,1.441774705877382767e-01,-3.450649336882379292e-01,-4.723498292752535410e-01,-1.870833894387636809e-01,-3.145337580831110702e-01,8.194606212841212267e-01,3.522516521763364716e-01,2.284891945028515725e-01,3.221332894646422584e-01,7.134721571382415806e-02,3.058583237527872645e-01,7.792589266911635615e-02,3.278646493016861840e-01,-3.212808922979211723e-01,3.783473186316718140e-01,-1.589779184913734517e-02,5.090496250914861021e-01,5.281024884689850679e-02,7.076526489751747695e-01,-1.161148722085691976e-01,3.540795111213644319e-01,-6.007275992997292841e-02,2.953325012226292734e-01,-2.710837521885168244e-01,2.988012483433887256e-01,2.111200974910725503e-01,1.188424299661329925e-01,1.490738233468568708e-01,1.238454239018136199e-01,1.108313926232220997e-01,-1.192786300706640129e-01,4.187207285599215956e-01,-3.870363857954670084e-01,4.000341087519315719e-01,-8.816930468082273542e-02,-5.008659224496370133e-01,-2.195680242113101643e-01,-2.234171009576852163e-01,7.615941559557648510e-01,3.021688238606961008e-01,2.766640014770799794e-01,7.922906697622784933e-02,3.769406401932476891e-01,8.223076407934374818e-03,6.561460505110905395e-02,2.722991746392171286e-02,-2.128867490840898047e-01,-2.026007948539699233e-01,1.636194178080147277e-01,-1.249590543510934598e-01,1.560959294541500453e-01,1.798372832667432530e-01,-1.617954051079753541e-01,-1.474022344761716403e-02,-6.748121782489261040e-03,2.387756645309168507e-02,-1.883941698080681681e-01,-1.418569179756588583e-01,6.163038112550797698e-02,-2.732134323302899404e-01,2.410054893140353149e-01,2.911923574544644788e-01,-2.127793464183278249e-01
4.831373686883753682e-01,-1.761854209925775294e-01,4.273707669620264160e-01,2.542356733820942336e-02,2.943595929985094450e-01,-9.738132017439292409e-02,1.533436716874690964e-01,-1.811056451007509172e-01,6.077970167853606609e-02,4.514764694103720055e-01,1.485549092648902059e-01,-3.657259066622737392e-02,4.401552286261007363e-01,-3.336536547491812665e-02,1.718120470806384636e-01,3.269139880917561469e-01,4.371360807052106501e-01,5.321337224824784773e-01,-9.675589288046244907e-02,5.597852811203010148e-01,-3.023791749335889012e-01,3.390821181045756139e-01,-1.961771039520422144e-01,-1.063003476890396481e-01,-9.504050538077138399e-02,1.161770568005167370e-02,1.166056353118022776e-01,8.697686727065171430e-01,4.398508091674683262e-01,3.541872670694987124e-01,9.974988869436278438e-02,6.448327614792483953e-01,5.648501829128741436e-01,5.626385658882803176e-01,-1.525476593913194789e-01,2.937253641040872276e-01,-2.623717775072991198e-01,2.645450635214795509e-01,-1.124166699114011701e-02,3.281919906951211163e-01,-1.703293999397526570e-01,8.083779382255605606e-02,3.392921268496708054e-01,2.095919471756060581e-01,-2.004080134402299040e-01,4.322689548438600204e-01,-3.217737552438822840e-02,1.683823578745761718e-01,3.922916370348459303e-01,3.118595566348762449e-01,6.105487615288965886e-01,-7.833869698146671279e-02,5.329334326539395539e-01,-3.398476256094475345e-01,5.182086155960278218e-01,-8.352956496149685495e-03,-1.711968037142495569e-01,5.070286477262080788e-02,1.151860894794806967e-01,3.021688238606961008e-01,7.615941559557648510e-01,4.004545726932039473e-01,2.005314733787723902e-01,5.740249378374891187e-02,4.499845519100951208e-01,4.254581210344532960e-01,1.254724921633251222e-01,-3.323959005760432350e-01,-3.272523071412256623e-01,1.903478928800272571e-02,8.137975264049174262e-02,1.188833299728440374e-01,3.200446561753687580e-01,-2.154696117393856136e-02,1.635020235581259584e-01,-5.821106325424625985e-03,1.328397564789159657e-01,-3.757022832051837291e-01,-1.868998150238339040e-01,-2.510036264185470239e-02,8.009965108310783399e-02,1.835814357783767392e-01,2.871791482076996860e-01,-1.062246754818013499e-02
2.562456297859933008e-01,-4.064776229114452910e-01,-1.259062922274742369e-01,-1.186007608874076191e-02,-3.770931845318757636e-02,-1.363302690708011744e-01,4.096743057507914454e-01,-5.561142456962006042e-01,-2.559864137875370593e-01,-3.666821998768584473e-02,-3.759910968348887939e-01,-5.217630938369283156e-01,3.526626952084012112e-01,-3.137997077510031319e-01,-3.303965550849350952e-01,3.822196635889933969e-01,1.717375040604020575e-01,1.089076279300168204e-01,-5.931054702395989198e-01,-8.901078156755636017e-02,-3.790926510597837362e-01,-1.471987829517185375e-01,-3.186666479825409626e-01,-5.653206192618779324e-01,-2.429027877392447854e-01,-5.556107002922983096e-01,2.667816530446317017e-02,3.087060544799603012e-01,5.913378455113036392e-01,-8.887304914893517926e-02,-1.065245712034438019e-01,2.343435091206894916e-01,3.828798465161700748e-01,5.596661308414256908e-01,-3.415783823093397620e-02,-1.964285001175498369e-01,-2.863415854224861737e-02,-1.607737127181874948e-01,2.125723833187309064e-01,5.290610586720048136e-01,-4.387014784535954726e-01,-2.532330766128154109e-01,-5.086566285341054261e-02,-3.463813098083188824e-01,-4.978425556506472227e-01,4.103241729453422915e-01,-2.478775821564483950e-01,1.842870956504429059e-01,6.461092299136973471e-01,2.870843394389895331e-01,4.597250028075062778e-01,-5.538539199976003635e-01,8.211624201961444797e-03,-2.612423581194392788e-02,3.026834976834645863e-01,-2.145418667535079968e-02,-3.897993317160844962e-01,2.138904101951502323e-01,-2.145732941434266156e-02,2.766640014770798683e-01,4.004545726932039473e-01,7.615941559557648510e-01,-2.988822836709852382e-01,2.914672784840669495e-01,2.572467827505834359e-01,2.957836210071092542e-01,-3.337800999261894552e-02,-3.062765739031720336e-01,-4.230345730615115984e-01,-2.218263741682655610e-01,-2.983340709922059908e-01,-1.556474300564031354e-01,3.742441056591860968e-03,-9.685842837158153973e-02,-2.396755819117050712e-01,-1.969641361843781358e-01,-2.029673699054620473e-01,4.358251992760967669e-03,-2.774582309707255279e-01,-1.583134504942129983e-01,-2.405180616121292692e-01,-4.028510948086765249e-03,-1.774989722573883932e-01,-8.630689446315112368e-02
1.118856436217496031e-01,-2.108837351380503933e-01,4.206239814871383376e-02,4.274722888492619166e-01,1.873938262257988097e-01,3.660941650786028179e-01,1.615817553745549640e-01,3.095073959519817342e-01,-7.890842908467801675e-02,6.694890831049860047e-01,9.338612083895229954e-02,5.506601188648799772e-01,2.385547583938912308e-01,4.335442391757857727e-01,1.026781710669618375e-01,1.512598021399777504e-01,2.857335825502277937e-01,2.751182657150673672e-01,1.724098411102798767e-01,6.178199002798087647e-02,3.526186852123567445e-02,6.477233387066681780e-02,7.086070640216222960e-02,2.832597868785702855e-01,-4.193893504321592053e-02,1.444089061503153471e-01,9.962292477316697648e-02,3.689031860059556744e-01,-3.053853100772084897e-02,6.720461967318935859e-01,4.748290025974465089e-02,2.218215087203452285e-01,9.914634204274086482e-02,-1.872662286556040223e-01,-8.362663707629473808e-02,-8.145711959555902715e-02,2.706753437490569403e-01,3.827031045187993530e-01,8.428625116142642038e-02,1.719713617519498250e-01,3.951991441716550812e-01,-3.244926827820191623e-02,7.797055221077671128e-01,9.592905060334641631e-02,4.886350318399051429e-01,1.208464173999923147e-01,4.787520466774200512e-01,-2.455345902122371138e-01,-9.609306500870901102e-02,2.470248211066488342e-01,9.369508917494924483e-02,1.930945266447790243e-01,9.438423029414735876e-02,-2.468223677478134925e-01,2.026609861370802165e-02,7.110042573197113136e-02,3.381671519770783063e-01,-2.407403427483906511e-01,-7.005116217171470511e-03,7.922906697622782157e-02,2.005314733787723347e-01,-2.988822836709853492e-01,7.615941559557648510e-01,-1.813190057540137734e-01,2.516905535255384296e-01,1.810809834237557259e-01,1.543663801980568462e-01,1.358460991518393654e-02,2.075734228829582417e-01,1.702557651095754909e-01,1.496183064977685551e-01,4.476393610742962492e-01,2.492739949689889711e-01,3.041874068337116488e-01,6.071629228472041895e-01,-6.805321614160866894e-02,1.528581866856542071e-01,-6.564451514657970721e-02,2.038602939514397583e-01,1.766205589890449401e-01,-4.114510637303400720e-02,5.272108921222905531e-01,3.859895460718236193e-01,6.007318454913256334e-01
1.961490282308583910e-01,-1.121495837745214580e-01,6.139753278496869193e-02,-1.853679057564080676e-02,2.894302245077016722e-01,-1.057668104807566317e-01,3.926863135926187409e-01,-7.612719661096255253e-02,6.695147774263202414e-03,-1.930273180686782053e-01,-2.718030553525219509e-02,-2.737899066578795004e-01,2.066747331858571068e-01,-8.521976551056141547e-02,-1.464888436301100237e-02,9.565955497322035928e-02,7.537312055727962701e-02,1.242713689286757267e-01,-3.293452776261644455e-01,3.206075112018657580e-01,-9.226794629791246205e-02,1.406129378757488280e-01,-1.152824990851376713e-01,-2.613078839600591619e-01,2.099708871082269987e-02,-1.442378484940192163e-01,3.938881874635041247e-01,6.542390068699960315e-02,2.659736796963987349e-01,-2.150150623575814990e-01,8.957509448283121345e-03,3.021572733091387047e-02,2.547462704258328034e-02,1.613862013970290554e-01,-1.068747858048405136e-01,2.552799390387122669e-02,-3.117192996572385605e-02,2.621109914271167463e-01,1.044840141655234700e-01,3.556418521434310809e-01,7.722042891691496824e-02,1.337915699875449893e-01,-1.155666447214282744e-01,-2.704779116285594212e-02,-2.836564129301523129e-01,3.294840292251171032e-01,-2.792806339009301642e-02,2.433021182612408184e-01,9.182043473207275597e-02,1.026781203838228740e-01,8.807398052720188941e-02,-3.098753313792647623e-01,2.269030029530715031e-01,-1.321141722147577136e-01,7.521244543609507949e-02,7.673909829491390444e-02,-2.960953686132256069e-02,1.332326405522031021e-01,-1.029426707577836136e-01,3.769406401932476336e-01,5.740249378374895350e-02,2.914672784840669495e-01,-1.813190057540137734e-01,7.615941559557648510e-01,-1.824349995178910500e-01,1.303884153820694114e-01,-6.794443363963283133e-02,-1.078485038034985161e-01,-2.396504913796296821e-01,-1.948089022610198229e-01,1.628803847402821156e-03,-8.772220721870001292e-02,4.957961448785496578e-02,-2.603709864921321393e-01,-1.125776041207231376e-01,5.334267542915076959e-02,-1.112595578153599725e-02,8.476285458817177376e-02,-1.764899250350434601e-01,-1.987823982837189363e-01,2.008911854501740923e-01,-1.299845662030774639e-02,-1.020072200278746566e-01,-3.525869821226403911e-01
1.192055382174759572e-02,-2.320815674714902035e-02,2.247850699588509193e-01,-3.567883363273834790e-02,1.012965096978699631e-01,2.431505622870381300e-01,1.688481215253089321e-02,7.154348572848014121e-02,-2.678936627891023020e-02,2.448094384330409476e-02,2.525164636125732387e-01,-3.811210275091000271e-02,2.849291813942673723e-01,1.594332610028502961e-01,-4.014049303394582463e-02,1.151227975935433662e-01,1.863295704409073106e-01,1.411315563988297384e-01,2.752227780281659153e-01,3.111798480129333577e-01,1.063607588663081499e-01,1.602778151909408366e-01,1.284482349664447243e-01,3.742275947008937009e-02,2.596636897918756098e-02,2.014294207768887179e-01,-6.532406347565074267e-02,3.930621005244817612e-01,2.975276587924481908e-01,3.181599026204370850e-01,-1.669734146114928708e-01,8.776559242286349205e-01,4.557009201190256320e-01,-1.104613385761395172e-01,1.807322743787942443e-01,1.546625125263206002e-01,-1.062133691155158488e-01,4.221120564155485949e-02,2.903350884954228328e-01,1.297417116650038671e-01,1.010790085974764968e-01,-1.681241219461779013e-01,1.829671660447185211e-01,1.594295051305376076e-01,-1.388300025614764843e-01,1.383167270057817644e-01,3.035490190938968172e-02,4.793695039778233385e-02,1.726898557747061080e-01,2.735933454607493709e-01,3.475725996128519180e-01,2.715962230340014383e-01,3.489039705023824767e-01,1.507466516815301749e-01,3.599836246156516428e-01,2.073604727554137772e-01,9.884534542092497655e-02,1.781380885150257443e-01,3.273317880517589429e-01,8.223076407934374818e-03,4.499845519100951208e-01,2.572467827505834359e-01,2.516905535255384296e-01,-1.824349995178910500e-01,7.615941559557648510e-01,5.574651676282722512e-01,2.989208078848071271e-01,2.584923213397225528e-01,8.609524474773699865e-02,1.336012786009661835e-01,1.459226697524843019e-01,8.285502193006345772e-02,-1.355334235830900902e-01,1.205041244285511570e-01,3.973968384682810551e-01,-8.170503859562605609e-02,3.115243260359382704e-01,-2.425208753456572358e-02,-2.942695593889119166e-02,3.922266742470564282e-01,5.269440498190101213e-02,1.543931916127464499e-01,-2.429906125159627035e-04,7.480050890012239495e-03
2.100117480746510890e-01,-6.228434754615518217e-03,3.323642128093034359e-02,2.696689579340720289e-01,8.165644699697661990e-02,4.847406759747913824e-02,2.410393579583417212e-01,-5.835963101664304320e-02,-1.446339098067441209e-01,2.124718136864678919e-01,-1.828086678429393375e-01,2.255121186644102639e-03,2.171352702060767581e-01,1.033364089135617309e-01,2.455508745976169027e-02,4.624399145429400892e-01,3.310856037961923404e-01,2.514304069512129369e-01,-3.998745857701500594e-01,2.653492352761237516e-01,-1.605305265657069602e-01,2.301317183680501310e-01,-8.021655958201036329e-02,-7.368134082701893739e-02,-1.313770311541308244e-01,-9.482236970174902357e-02,-4.732627384319946194e-03,4.008557861888656926e-01,2.003895703693516495e-01,2.500183388543483765e-01,6.408504808121423535e-02,5.811599641912649217e-01,7.680947368458947988e-01,1.673665630335991195e-01,2.894477199020936142e-01,-4.620833641005177989e-02,-5.490746112892135045e-02,8.381195249914533130e-02,6.975829154220143657e-02,2.522471356075226545e-01,3.563119550473819314e-02,-7.842696912345262228e-02,3.282250739037487763e-01,-3.581797827668324607e-02,-1.173499153636460152e-01,1.754887385101163433e-01,1.599191636466155420e-01,2.605792210388213626e-01,3.939963912755549691e-01,3.048339484830826507e-01,4.464548354241384964e-01,-3.765010996363499229e-01,3.171033516582285605e-01,-1.598086568709742583e-01,4.587281333793772897e-01,1.997845034590805813e-01,2.069196182560548436e-01,1.741107974720739193e-01,1.060419737150957858e-01,6.561460505110894292e-02,4.254581210344533515e-01,2.957836210071091987e-01,1.810809834237557536e-01,1.303884153820693004e-01,5.574651676282723622e-01,7.615941559557648510e-01,-5.254253716477754257e-04,-6.086719922911605629e-02,-1.440700906585930252e-01,-4.941202014332547743e-03,-1.161982794538136549e-01,2.644332890073483044e-01,1.083191416935474355e-01,5.033292115272387790e-02,2.872788726605964293e-01,-2.827880052945370148e-01,5.049304495358834105e-02,6.342109364310016817e-02,-3.736023551475289167e-02,1.161217551465725389e-01,-7.772936734077451337e-02,3.762399843860301796e-01,5.802575392146374321e-03,1.352130750461978392e-01
5.934001263913429858e-02,-6.055043533389266042e-01,-2.282710624778578890e-01,3.256380847943210564e-03,-1.958577546873164765e-01,5.248165805805251466e-02,-6.760929188528239098e-02,-1.616778213373880890e-01,-2.189551002596117069e-01,-2.502117945786009462e-02,-1.743412487582557957e-01,-1.155358449717901193e-01,1.770786186870023926e-01,-1.653668445195402570e-01,5.701852300060935609e-03,-9.993488763932704966e-02,2.828234586367949777e-01,1.719107523690093509e-01,-7.030483483217456198e-02,1.429993127569017218e-02,-1.980026334989295755e-01,-1.116050739557881977e-01,-2.323312492516071137e-01,-1.204862058442794370e-01,-1.623114273229552262e-01,-7.520800189484785903e-02,-7.828639028578879278e-02,1.344399533278992365e-01,3.955120807143392564e-02,-1.541488044063136316e-03,-1.807854114044661897e-01,2.969735473131956405e-01,-8.994816764908192264e-02,-2.753736763477358102e-02,-4.173294107506399508e-01,-2.251768822223133293e-01,-1.848814276218213870e-01,-1.102307362638345334e-01,3.856071166555806173e-01,1.817615972092690435e-01,-6.739856205120295374e-02,-2.665202803114221086e-01,2.767647986286092543e-01,-2.390792744272813020e-01,-9.170675006411872776e-02,2.975395735026293842e-01,-4.919021265635672296e-02,-1.249075251649284929e-01,6.295270623180559966e-02,4.812782206174840982e-01,2.427511234515118133e-01,1.387631491302114377e-02,2.431665335137390277e-02,-8.532122546214364334e-02,7.562253481361426444e-02,-9.945605550939534689e-02,-7.755820232189818142e-02,1.882414227156460895e-01,3.268686532992093885e-01,2.722991746392171286e-02,1.254724921633251777e-01,-3.337800999261897328e-02,1.543663801980568462e-01,-6.794443363963273419e-02,2.989208078848071271e-01,-5.254253716478309369e-04,7.615941559557648510e-01,4.147676002375572796e-02,2.935011811327075879e-02,2.546573922567432063e-03,3.185912997204625591e-02,6.969471229032660545e-03,-6.586188846342824754e-02,3.239063154608391726e-02,2.227860300066105692e-01,1.937387340299651650e-01,4.722498359950734192e-01,-4.226107723060335691e-02,7.727792837612762478e-02,7.016563557788881023e-02,-1.187565123803845796e-02,7.982080861657418714e-04,-1.341712347865443855e-02,6.231696606842522523e-02
-1.757282967750778968e-01,-1.250690127408325691e-01,-1.816001684289731966e-01,1.997798875446540057e-01,-1.023281545883575616e-01,2.966109842875448988e-01,9.119141299433076997e-02,2.951734938979763134e-01,-3.129763478970731816e-01,-1.450919529577075762e-01,3.572427676432279875e-02,2.008176591869121133e-02,6.987267381553741163e-02,2.813978111064320276e-01,1.182495617089234230e-01,-1.562038081635979681e-01,-1.570629773027081288e-01,-2.361589275584043968e-01,1.440235579541809530e-01,-9.720566766157477667e-02,1.004899947088953166e-01,-1.209705694991606989e-01,3.270559673131286371e-01,1.277771359888527636e-01,-2.626829184024318531e-01,7.797721659020859231e-02,-4.342610542752130959e-02,-1.855929503549783588e-01,-6.859489065195446822e-02,-1.363744031072880447e-02,8.375648974786011058e-02,1.710195886184364411e-01,-4.607646020815758109e-02,-4.169742722114460620e-01,3.321334319224591297e-02,-1.331386359725158508e-01,-1.613659423633591050e-01,-2.222178577218413276e-01,8.319132171807500087e-02,-1.273187152140924372e-01,2.344353344685204399e-01,-3.603313077810405551e-01,-1.436553321538791006e-01,-1.363941939039331475e-01,-4.286873989805275315e-02,-8.661476488206759639e-02,2.535594915111199707e-02,-1.440433305696559585e-01,-3.030222924494646031e-01,-1.587303629555020523e-01,-2.378738804128252005e-01,7.631874124322625408e-02,-1.331990355782807223e-01,-2.131274516952270381e-01,-1.804888819287321644e-01,2.280078776551916764e-01,1.164531922266485997e-01,-3.731123857583771852e-01,-4.958907876164983519e-02,-2.128867490840898047e-01,-3.323959005760432350e-01,-3.062765739031720336e-01,1.358460991518388103e-02,-1.078485038034985577e-01,2.584923213397226083e-01,-6.086719922911611180e-02,4.147676002375572796e-02,7.615941559557648510e-01,3.434924129394771875e-01,-4.071684562472013130e-02,-9.593942765437063480e-02,1.901741494199461480e-01,-1.777302614825313209e-01,8.696860059438209223e-02,3.028990714899594261e-01,-1.175144131657358121e-01,1.915942032022276142e-01,2.670441618940741502e-01,1.643040775851544177e-01,2.624824243561812293e-02,-3.340238575122178762e-03,1.419025304015182620e-01,-1.489843840884940429e-01,7.997644999652473797e-04
-3.888734284975648992e-01,2.064500503802983999e-01,-2.931917298200510946e-01,2.076692978412666701e-01,-2.890527016306086994e-01,7.283369160743413673e-02,-2.380788701246033812e-01,3.462655832952456214e-02,-1.156440324451551982e-01,1.203940538922823079e-02,-8.907184445582810861e-02,1.623777602721319935e-01,-2.211304311142768264e-01,9.623082179865823094e-02,1.051746352533505929e-01,-1.565183074135141628e-01,-1.209684843111530350e-01,-1.410904523986833414e-01,-1.159424885354594544e-02,-3.314185849425509145e-02,-7.330939131474947801e-02,2.613870956707409557e-02,3.936774047078098887e-02,3.414760218929328572e-01,7.402362519803040719e-02,3.987035036679192901e-01,-1.219210700939843128e-01,-3.357844260838930839e-01,-3.283425429869985535e-01,1.693922158238010678e-01,1.532087616227081339e-01,-1.504404349463395012e-02,-1.464474913463276184e-01,-4.457721863629333092e-01,5.108108985269136509e-02,-1.881694157811139023e-01,-2.280150670063984392e-02,-2.289385802844673412e-01,-4.536952989915745554e-02,-3.419643438099768673e-01,-1.954998733842687186e-01,-1.937065361679312647e-01,4.944952014916809135e-02,-1.087466725377839172e-01,9.700717574928412190e-02,-3.597552463706286674e-01,-6.354425054130503903e-02,-2.367573929644518904e-01,-2.278762575522318146e-01,-4.059153080663031876e-02,-1.012784316569794452e-01,2.366797019125461976e-02,-4.155342867630004711e-02,-1.936940428771601885e-01,-7.375657609345455390e-02,-1.971178753677279849e-01,2.185320447018967993e-01,-3.941063401642726227e-02,3.134657610828941454e-01,-2.026007948539699233e-01,-3.272523071412256623e-01,-4.230345730615116540e-01,2.075734228829582972e-01,-2.396504913796297098e-01,8.609524474773702640e-02,-1.440700906585930252e-01,2.935011811327074491e-02,3.434924129394771875e-01,7.615941559557648510e-01,4.164292267932716562e-01,3.274409467683851438e-01,-1.187234718447817850e-03,-2.736198188290948075e-01,4.625396423295128900e-01,5.236404256138256219e-01,-1.354481784908800335e-01,2.008398957839347965e-01,-5.794936809770502573e-02,5.815458030330167283e-01,4.098440573905941520e-01,1.240993401969122251e-01,-1.040647036455349533e-01,-2.951872323011008326e-01,3.465102466936553216e-01
6.283779130465085017e-02,1.696879364938169432e-01,1.055843483645051289e-01,2.245013918090051422e-02,3.061979434257560556e-02,-3.458422512280674970e-03,-1.309661327591949975e-01,-9.883897693920673522e-02,3.202298743766128775e-01,3.284249839185113262e-02,1.528704508168772513e-01,-4.534803582445743469e-02,2.534832024845299486e-02,4.888145980893456727e-02,-1.122073712994684502e-01,1.123112627082512999e-01,7.933605773569152309e-02,1.685415118207577723e-01,-5.852678990753342608e-02,2.217559062324604979e-01,-3.936104170427055515e-01,2.579803792696612197e-01,-3.188435210192786667e-02,2.017899951183619450e-02,1.537862817772239245e-02,3.145577491636781242e-01,1.544014545100497737e-01,1.813770226572493025e-02,-1.291229676602131671e-01,3.699010301621735719e-01,1.744354565703542248e-01,1.681011232117714804e-01,-2.103642825104329317e-02,-6.936971583562821786e-02,1.752916543497047563e-02,1.459216083201416159e-01,1.316129018901016946e-02,1.167364676293947690e-01,-1.454460278054370836e-01,-7.301172510590372977e-02,-2.742256928973537677e-01,2.843491559310901140e-01,1.001899543145789578e-01,1.903756804901900468e-01,-5.259926830791189500e-02,-1.537691087624139530e-01,1.754504701671766309e-02,-2.744917370772715914e-01,-5.046769514140245910e-02,1.465145191980313233e-02,8.805013784566684265e-02,-3.902199802829726949e-02,1.778198291077140725e-01,-4.953113083095488367e-01,2.556744630926254813e-01,-1.006110620115938659e-01,-5.261358295925138567e-02,-2.016296974742131376e-01,1.518869466554099712e-01,1.636194178080146167e-01,1.903478928800276734e-02,-2.218263741682655610e-01,1.702557651095754632e-01,-1.948089022610197951e-01,1.336012786009661557e-01,-4.941202014332547743e-03,2.546573922567390430e-03,-4.071684562472004804e-02,4.164292267932716562e-01,7.615941559557648510e-01,4.273229300920425855e-01,-9.218122819312218885e-02,-1.305527811101374891e-01,3.211527592882118531e-02,4.187080535567469508e-01,-5.635120820683899023e-02,2.779363246100070572e-01,-2.244353596635293713e-01,4.192141962854401549e-01,8.082217771865694012e-01,2.837065467598411939e-01,-2.381475318268244101e-01,1.762703064416521609e-03,4.434687925529882946e-02
4.975787785081513953e-02,-5.875133729295926865e-02,-8.870833224887157697e-02,7.290616725166937373e-02,-2.051184856030016310e-02,2.818025462253976807e-02,-9.043953235593502060e-02,-2.338950045124311705e-01,-8.732743633643916259e-02,1.872350779723148118e-01,-1.413072437491814937e-01,-1.550677384603818716e-03,1.811859953202527018e-02,8.522091876856210946e-02,-2.696427214661007432e-01,-1.037441501242255815e-01,9.111560804768964461e-02,2.050140092942852321e-01,-1.425167343932935149e-01,-1.878970683877060066e-01,-4.094653661475265716e-02,-1.977139697806464536e-01,-1.722662546138507556e-01,2.736071341420655712e-03,1.234216723816450867e-01,-4.963604464845640385e-02,-1.983084632835710737e-01,4.340893375444330321e-02,-1.760390760469443816e-01,2.056848223399165010e-01,-2.515570484012129571e-01,5.292978765190742979e-02,-1.110085911566622702e-01,-9.033112537425956601e-02,-2.053100774105816317e-01,-1.048128970424315048e-01,1.329087762789497584e-01,1.048247908967697845e-01,3.729905623798147885e-02,8.986661923359977322e-02,-8.695693783554851730e-02,-8.539745238899332236e-02,2.231826526593309323e-01,-1.164615446696436185e-01,-6.430685825558599134e-02,8.343245596142033482e-02,9.089501955789620891e-02,-3.355027747564108820e-01,-2.081073733795340830e-01,1.503851080420491038e-01,-1.748828745656783035e-02,-9.281023305303101600e-02,-2.381939712296416434e-01,-1.956329560988489258e-01,-3.056461662114346445e-01,-1.600795272182527762e-01,4.484532114566494587e-02,5.406151284275335228e-02,1.007609464303875664e-02,-1.249590543510934043e-01,8.137975264049175650e-02,-2.983340709922060463e-01,1.496183064977685828e-01,1.628803847402843707e-03,1.459226697524843019e-01,-1.161982794538136687e-01,3.185912997204624203e-02,-9.593942765437066256e-02,3.274409467683851993e-01,4.273229300920424745e-01,7.615941559557648510e-01,1.278294727173607485e-03,3.863880407467214229e-02,1.439864625632390205e-01,1.560380922353472033e-01,5.033449226828974610e-02,6.592294831583851711e-02,-6.615124938623269391e-02,3.846232435920140524e-01,2.366695578056149385e-01,3.928178497411267123e-01,7.749872854867286866e-03,2.151500517373601262e-01,2.955094601656925168e-01
-7.440555234361562187e-02,-4.780715972311065654e-02,9.805513353604958238e-02,3.219865379762085200e-01,2.521663722356151105e-01,2.453725172974767776e-01,2.979942690250705351e-01,3.460976960220986665e-01,-8.390255724790818270e-02,4.379295843151506107e-01,1.647722977353629492e-01,5.859752855313451469e-01,4.714600653876085262e-02,5.543296028270443543e-01,4.030847472120347441e-01,1.293857224262573991e-01,3.131019312993368331e-01,1.877357334647869191e-01,1.574795979440505866e-01,2.530131077242450677e-01,2.477318852833600149e-01,2.578840768657348903e-01,-1.489828870363562804e-02,3.767291143836603573e-01,1.469569862306173424e-02,2.527147197334287942e-01,3.297230418695393239e-01,1.235290937182478149e-01,1.254194807269543022e-01,1.444096619870784970e-01,6.255363565471952145e-03,1.537999513774490901e-01,1.382040501408538791e-01,-1.901338184834960032e-01,5.933563607835755371e-02,8.395561070350712751e-02,3.700854243920509434e-01,2.750560301779487182e-01,2.552706641189411707e-02,2.474981913858623206e-01,4.716074053043118885e-01,3.392619908508187447e-03,4.147199871224912515e-01,2.171221758753188458e-01,5.362387612374912571e-01,1.167728665514283226e-01,5.610945830141221835e-01,-3.362206990770873899e-02,4.078639393371634447e-02,2.505268873853129241e-01,1.093055485934222859e-01,2.026822394977803588e-01,1.201512788737369997e-01,-3.623574794014768063e-02,9.277299972753164092e-02,4.586615788771002990e-04,3.655681504439267093e-01,-1.197262057383921968e-01,-1.530370736244469898e-01,1.560959294541500175e-01,1.188833299728440235e-01,-1.556474300564030244e-01,4.476393610742963047e-01,-8.772220721870005455e-02,8.285502193006340221e-02,2.644332890073481934e-01,6.969471229032615442e-03,1.901741494199461480e-01,-1.187234718447817850e-03,-9.218122819312216110e-02,1.278294727173558912e-03,7.615941559557648510e-01,4.297950950307347640e-01,8.152251531127421846e-02,3.489663817477409724e-01,-8.535563717721801613e-02,6.418650747857262973e-02,-1.747723045466428315e-01,7.098481867928987943e-02,-8.260088612368354788e-02,-4.526752026428504383e-02,8.200553668572878596e-01,4.706168886714470201e-01,1.727515853316407557e-01
9.755488737788320375e-02,-4.038273805893395907e-01,6.118666491458869816e-02,1.256065224421246684e-01,2.683165486689270129e-01,6.576098610945912970e-02,3.490045661391195098e-01,5.829351990410633344e-02,-2.078509707372355655e-03,1.925439255181852216e-01,1.443422109462141334e-01,2.417787348581655338e-01,2.531664986272613715e-01,3.037696916507411360e-01,-2.400305068722838331e-03,-2.924626059608551390e-02,3.150980160577063760e-01,1.591694984516661693e-01,2.434244275203772956e-02,1.987684001566470404e-01,-9.224267628594459700e-02,1.165707154935446410e-01,-1.239247107286104710e-01,9.054613522722249064e-02,-3.074310055389678498e-01,-1.038510757072370061e-01,2.167300296269673021e-01,2.711997698687660385e-01,2.263364321102745436e-01,4.344135811456685814e-01,7.549775178071070625e-02,1.653017428180729442e-01,-3.623076649005100430e-02,6.092094813945055781e-02,-2.872380389258394340e-01,2.382352540949097056e-02,-3.949590173963121037e-02,3.040342480800207747e-01,-6.734062449431879593e-02,3.981219380472301728e-01,1.449467280056968843e-01,9.795350339859339173e-02,5.148310065668960933e-02,7.104566236634073106e-02,2.419520704490740470e-01,2.438815960601099231e-01,3.373426282147893862e-01,-1.744274418549842387e-01,5.195139722915325525e-02,8.568921665970137547e-02,1.219884503977081008e-01,4.149303761840350546e-02,1.168822667385266689e-01,-2.901855246612382033e-01,2.149243529189103288e-02,-5.343622120821296673e-02,-7.463496849330569782e-02,-2.950912293534394548e-01,-3.118197081716788110e-01,1.798372832667432808e-01,3.200446561753687580e-01,3.742441056591888724e-03,2.492739949689889434e-01,4.957961448785488251e-02,-1.355334235830900902e-01,1.083191416935474216e-01,-6.586188846342824754e-02,-1.777302614825313209e-01,-2.736198188290948075e-01,-1.305527811101374613e-01,3.863880407467218392e-02,4.297950950307348195e-01,7.615941559557648510e-01,-6.777227966205442988e-02,2.415002470182777972e-01,6.241674653661142408e-02,-4.232022506950897101e-02,-1.872370837035763347e-01,-2.876131854318968450e-01,-1.806367884933756662e-01,3.406445811399985008e-02,4.188521120123517849e-01,5.745912823365389999e-01,-8.469907549282559844e-02
-3.194176656462068831e-01,1.862405418209265862e-01,-7.360820807512079289e-02,-1.807817835024150555e-01,-4.268992008313305525e-02,9.354509366176942675e-02,-1.569730982790238927e-01,1.905377811540930610e-01,-1.310238121720502524e-01,-4.390968683319308036e-02,-4.022530491421193871e-02,2.714386915956174540e-01,-2.269800894916528256e-01,2.512668295433547194e-01,-4.924127036117190159e-02,-1.410567673836688740e-01,-2.806473212948676355e-01,-2.502176083868880574e-01,1.006265971275004285e-02,-8.529461743002665630e-02,6.499980405418348539e-02,-1.955951897955116869e-01,2.226397969596508875e-01,3.439491491701357484e-01,4.520494848343053346e-02,-5.724148275537050551e-02,-1.990056030957687849e-01,-1.987001924210955034e-02,-1.010926523032946861e-01,2.135693145148878092e-01,-3.266418084918409348e-01,1.639475168308114073e-01,1.121766461253346225e-01,-3.129314447910581665e-01,2.491540142513461176e-01,-9.096712310649998634e-02,-1.102490965542966550e-01,-7.172987045874845702e-02,1.940184709713780042e-01,-1.952476481746638348e-01,2.835747972881373924e-01,-2.085960479484634256e-01,1.484255985468337646e-01,-3.693297367127965081e-02,2.239042265932648101e-01,-2.937902162228607228e-01,7.939006831889654225e-02,-1.397215810486500398e-01,-9.660969230286950427e-02,-2.215346939579613816e-01,-1.983784711602081807e-01,3.180799374164278853e-02,-1.799683276760802586e-01,9.238224528378972955e-02,-2.139487767137245033e-01,2.586455659529943163e-01,4.181578272517917916e-01,2.365179971058745945e-01,4.437000532141157499e-02,-1.617954051079752986e-01,-2.154696117393852320e-02,-9.685842837158153973e-02,3.041874068337116488e-01,-2.603709864921321948e-01,1.205041244285512125e-01,5.033292115272378076e-02,3.239063154608389644e-02,8.696860059438211998e-02,4.625396423295128900e-01,3.211527592882119919e-02,1.439864625632390205e-01,8.152251531127412132e-02,-6.777227966205448539e-02,7.615941559557648510e-01,5.173932157148269928e-01,-2.682528567490922167e-01,1.674875779051918437e-02,-4.261110342319127803e-02,3.427660363522889719e-01,6.156483311035452349e-02,-3.625356814592097798e-01,1.344507477093081771e-01,-1.522702167401708828e-01,7.304031348625709130e-01
3.205677323991380084e-02,2.236700437061768520e-01,-6.814683011346533287e-03,2.884961058356723118e-01,2.068640640389597107e-01,2.081849811617161039e-01,1.593855256696275480e-01,1.909921594955582280e-01,6.015150966837524288e-02,3.574094139302541051e-01,2.080320756362137591e-01,4.844006170028679614e-01,7.768578995930205955e-02,3.242615497790629076e-01,2.928719882035712985e-01,1.640149069434342077e-01,1.734426582603363631e-01,2.462816164144380204e-01,2.197509990000200697e-01,1.576173959094802346e-01,1.602090246421993824e-01,3.229970221486331838e-01,1.687813212911280780e-01,4.518202591080265340e-01,6.143185190475500962e-02,3.158350021825956921e-01,1.201077762429174217e-01,3.027452664631535284e-01,9.583354471884657222e-02,4.375746850320492154e-01,2.832426057653946155e-03,4.777410952414927747e-01,2.642244005626063763e-01,-2.257911515976085137e-01,2.641779310436335737e-01,3.757376386146448616e-02,2.625297454239527428e-01,2.442191862350293619e-01,-1.617327356581923711e-03,-9.351416795236131008e-02,2.154246323091675575e-01,8.002063657594025992e-02,5.269663775160960961e-01,2.022739375218819968e-01,4.012316622877185046e-01,-6.029034185257356460e-02,4.123694828874875928e-01,-5.852307840406584943e-02,-4.882301026346005240e-02,1.831433768943385165e-01,5.844082583566467815e-02,2.799271482377456710e-01,-5.938135800606712811e-02,-8.823647677263068978e-02,5.450547578925280662e-02,2.201667361553683727e-03,5.883911930904860421e-01,-3.511945453757360502e-02,1.062228875960466029e-01,-1.474022344761713628e-02,1.635020235581259584e-01,-2.396755819117051545e-01,6.071629228472043005e-01,-1.125776041207230821e-01,3.973968384682810551e-01,2.872788726605964293e-01,2.227860300066106247e-01,3.028990714899593706e-01,5.236404256138256219e-01,4.187080535567469508e-01,1.560380922353472588e-01,3.489663817477409724e-01,2.415002470182777694e-01,5.173932157148269928e-01,7.615941559557648510e-01,-1.548702328632980685e-01,2.694507024817500151e-01,-2.339254187735644586e-01,3.689670638024035165e-01,3.672328217782971360e-01,-1.856038196710092618e-03,3.602663479044331263e-01,3.817746204774102869e-01,4.551286521522318052e-01
1.062864157142555943e-01,-3.120654824635623048e-01,6.619490061921426416e-02,-2.735100858336995608e-02,-1.579728296595039189e-02,2.260587458321608456e-01,-2.936123680149218054e-02,1.860852024979320618e-01,6.181810520420791960e-02,-2.155473418165562705e-03,-6.083714219549303526e-02,6.038973292318802755e-02,1.593196291790237862e-01,3.131625300129312062e-02,-5.248696039764948196e-02,-1.088433017011378179e-01,1.531210138083494154e-02,8.249970242574060364e-02,-4.174330938287253850e-02,-7.233012337792267543e-02,1.359874551827778832e-01,-1.499449888342375137e-01,1.916142568532014367e-01,-7.755456517087486179e-02,2.865769664936612671e-01,4.232149699180607488e-02,5.102309228105942479e-02,-6.305828242704784869e-02,-1.558173593396859069e-01,-7.274462399709460958e-02,-6.229088374184973964e-02,-1.639709288384693653e-01,-3.336367247588267748e-01,-9.019093852982289217e-02,-5.245259552047736307e-01,9.157126273969119767e-02,-5.091982278581198146e-02,-4.691753221879821356e-02,1.125221838212903808e-01,1.793990492455889707e-01,8.815387910802952032e-02,-1.274950314588207609e-02,-1.551177441027209447e-01,-1.487221367977707986e-01,-5.288858359761114403e-02,2.516581993582026403e-02,-1.599385171661826810e-01,-1.281347084059668850e-01,-2.356831838470692109e-01,-8.712139529673233740e-02,-1.000364703326454691e-01,-9.854699344944099770e-02,-8.231662113139297243e-02,4.872976405019960322e-02,-1.507796769697618000e-01,4.391888675318446345e-02,-2.821511017734829596e-01,1.269900546019213927e-01,-1.995903017193712270e-01,-6.748121782489267979e-03,-5.821106325424612107e-03,-1.969641361843781080e-01,-6.805321614160866894e-02,5.334267542915074878e-02,-8.170503859562608384e-02,-2.827880052945370148e-01,1.937387340299651650e-01,-1.175144131657358815e-01,-1.354481784908799502e-01,-5.635120820683898329e-02,5.033449226828973222e-02,-8.535563717721798838e-02,6.241674653661146571e-02,-2.682528567490921056e-01,-1.548702328632980962e-01,7.615941559557648510e-01,3.778160121698375118e-01,-1.143115399246299596e-01,-4.320074796008328832e-02,-5.803590390215585676e-02,1.457351438964442358e-01,-6.685546404673747833e-02,-6.202065050049738321e-02,-1.074610289570508831e-01
3.035918345290454234e-01,-3.255127966641664372e-01,-3.897115679715316972e-02,2.312723710038852576e-01,-1.643933699721373820e-01,3.219484775603445592e-01,-2.827465541722956957e-02,9.089650133998029846e-02,3.614446679587123012e-02,9.222825728377458121e-02,5.604214263789877859e-02,2.221270341341244695e-02,3.708653122778592937e-01,-1.415782196854706299e-01,2.677629819240511244e-01,-3.876246008751366851e-02,3.322011823899223004e-01,3.255573084492174307e-01,2.204139760872500797e-01,2.509849428098555046e-01,4.061598302050296871e-02,2.203212020277815764e-01,1.212679693733696440e-01,1.070784493613430449e-01,1.973689671159034320e-01,4.255535951166239950e-01,2.440416219635374306e-01,2.878149556924140540e-01,1.247768559029893004e-01,4.830235319808346556e-02,1.929155407328836114e-01,3.538626756621272573e-01,-1.450887370389249489e-02,-1.656148399394904436e-01,-4.279754788809463917e-01,2.388323927835097824e-02,-1.304690224906711049e-01,-6.937161404881232729e-02,2.407807896384384777e-02,-6.820102661873600480e-02,-1.436182103177778002e-01,-3.142540303245759670e-02,-1.903090593634933214e-02,-5.198970396924426640e-02,-8.703444282383357433e-02,9.160715445544237445e-02,-2.269385584358979135e-01,-1.048797721026210363e-02,-1.781160012029784079e-01,2.086719929915950011e-01,1.167582332422326258e-01,2.143478506965046659e-01,1.429809250013963640e-01,-1.970039707149246200e-01,1.227985855219928223e-02,-1.162750517466556860e-01,-2.635804789933161169e-02,-1.031281846731633284e-01,7.388448675164159540e-02,2.387756645309174058e-02,1.328397564789159102e-01,-2.029673699054620750e-01,1.528581866856541238e-01,-1.112595578153601113e-02,3.115243260359382704e-01,5.049304495358835493e-02,4.722498359950732527e-01,1.915942032022276142e-01,2.008398957839346577e-01,2.779363246100070572e-01,6.592294831583846160e-02,6.418650747857268524e-02,-4.232022506950897101e-02,1.674875779051919131e-02,2.694507024817500151e-01,3.778160121698375118e-01,7.615941559557648510e-01,-2.491869978087749848e-01,1.811339757309795018e-01,1.965910060070289456e-01,5.510708059287728472e-02,-6.785090501719132083e-02,-1.447101343537380291e-01,-4.228544724098608210e-02
-2.791988264772003459e-01,-3.235493368875792530e-01,-4.485229023536728143e-01,-6.349790649608633153e-02,-3.885943263085432364e-01,3.684094370854712561e-03,1.098994191684510117e-02,-5.863219470313464632e-02,-4.871643872855836999e-01,-1.746519532322634294e-01,-4.639717479061440941e-01,-2.248517612981521530e-01,-5.102091632807469190e-02,9.541161298393541212e-02,-1.447734651394017580e-01,-2.625966975161909273e-02,-1.456941701375899234e-01,-2.348640812451927296e-01,-3.569752994893444775e-01,-2.885334204452040807e-01,1.350268276054873880e-02,-3.687270319213584724e-01,-5.084809075132314810e-02,-1.440539919835945315e-01,-2.577127682007156473e-01,-2.986019126900277820e-01,-2.660378872384550064e-01,-3.712267239406189523e-01,-1.064704478195835635e-01,-1.788127934107808237e-01,-7.381010962438224951e-03,-1.469804010709251652e-01,-3.822034661774444120e-02,-3.210523694985125132e-01,-6.214210580502598641e-02,-3.926839574540676447e-01,-2.866887228596708415e-01,-4.303745493758793228e-01,2.234046594489378368e-01,-6.936367692801845286e-02,3.948744388871847089e-02,-4.794792708865219244e-01,-6.688297829251369994e-03,-5.038883016701968254e-01,-1.435740264886704587e-01,3.777030970082247141e-02,-9.938137188653542453e-02,-5.670818417528279004e-02,1.128841236869961295e-01,1.221738569153292125e-01,-1.110520220869613654e-02,-3.251598269327584112e-01,-3.307554247821259952e-01,2.753088157151211204e-02,-1.259413638756537723e-01,2.021091352166254351e-01,-3.375510773729387820e-02,1.532989685701805771e-01,2.376011590119479489e-01,-1.883941698080681681e-01,-3.757022832051837291e-01,4.358251992761023180e-03,-6.564451514657967945e-02,8.476285458817175988e-02,-2.425208753456580685e-02,6.342109364310016817e-02,-4.226107723060327365e-02,2.670441618940741502e-01,-5.794936809770503960e-02,-2.244353596635293713e-01,-6.615124938623279105e-02,-1.747723045466429148e-01,-1.872370837035763347e-01,-4.261110342319126415e-02,-2.339254187735644031e-01,-1.143115399246299457e-01,-2.491869978087750404e-01,7.615941559557648510e-01,3.318895423465486293e-03,-1.490701456472725561e-01,2.041470638436850005e-01,-1.509041941117607588e-01,-3.281287023728050034e-01,-2.608431812534669787e-03
-1.722978231497105384e-01,5.862689070915787226e-02,-1.156808721856705385e-01,1.933419330616432952e-01,-3.834145188233464840e-01,4.743203864582934415e-02,-2.544492542044808348e-01,-9.260314703197652930e-02,-9.780787653384620528e-02,2.489127143952260535e-02,-5.507733051979857297e-02,-5.609946216356850174e-02,-9.984387894191143475e-02,-1.540597650589503077e-02,-9.838612054343547075e-02,5.286452193552399620e-02,-2.848490103381902047e-02,3.425487295548057531e-02,3.731499197366636850e-02,-1.504385971776888743e-02,-3.303745016450261862e-01,-4.463535699337800589e-02,-5.554381763561727636e-02,-2.956602427173204289e-02,2.552523018045730480e-02,1.872835144150702402e-01,-6.854821823133279424e-02,-2.169038386041552136e-01,-2.037834091257025304e-01,9.847745236644112055e-02,3.580520452093309547e-02,2.314462094989194751e-02,-5.119123878948857176e-02,-2.568356338204663691e-01,-5.691527011292892013e-02,-1.033334205296397440e-01,-1.145464346511089748e-01,-2.429453355818272653e-01,-2.804079565087470166e-02,-3.383290708159356064e-01,-2.035274702510477540e-01,-9.684421347971848559e-02,1.130856277285023498e-01,-6.367575807138585453e-02,-1.536044369764984208e-01,-2.307957449156745056e-01,-2.146561503236605328e-01,-3.753595257274289776e-01,3.673482923090638785e-02,4.353983600178062963e-02,1.114794445051360133e-01,1.257825528799340342e-01,-5.136912253305999515e-02,-4.186984172911643043e-01,-5.608128004812167750e-02,-1.633730850511301014e-01,9.472133326005169676e-03,2.740410436404722844e-02,2.484924673313399501e-01,-1.418569179756588583e-01,-1.868998150238339040e-01,-2.774582309707254724e-01,2.038602939514397305e-01,-1.764899250350434878e-01,-2.942695593889121941e-02,-3.736023551475289167e-02,7.727792837612762478e-02,1.643040775851544733e-01,5.815458030330166173e-01,4.192141962854401549e-01,3.846232435920141635e-01,7.098481867928986555e-02,-2.876131854318968450e-01,3.427660363522889719e-01,3.689670638024034055e-01,-4.320074796008326057e-02,1.811339757309794740e-01,3.318895423465458537e-03,7.615941559557648510e-01,4.530250395183610945e-01,2.219378441961723236e-01,-1.968585076150463631e-01,-2.772869131920441266e-01,3.074333586083652370e-01
-1.746349039255686297e-01,2.557168286326527151e-01,5.009261228262626431e-02,1.008175796021673343e-01,1.105742947606019599e-01,-5.908262708745236347e-02,-1.394323899521703880e-01,-7.607453384906610883e-02,2.437887076343383252e-01,-7.116053909293765245e-02,1.573717708443267138e-01,1.464683717231491170e-02,-1.065469389601932659e-01,1.053025398828790760e-01,-7.753785831924547844e-02,7.913053478202109609e-04,-1.123078316510312813e-01,-4.763300941977282460e-02,-5.561850888259625009e-02,1.946411043571980026e-01,-2.621779077453607609e-01,2.072066471613890348e-01,-3.543762438143752136e-02,1.558664955286104617e-02,-4.944147242297668166e-02,2.154042335599929692e-01,-1.058280264838581779e-02,-2.746143223222178090e-02,-2.660094047959948305e-01,2.960128309861047580e-01,1.206245524142408321e-01,3.060241537956782665e-01,7.733786321729493873e-02,-8.613747114930449256e-02,2.625397368958330979e-01,7.437821880942405151e-02,2.436414611349939363e-02,1.574748938207316817e-01,-1.716543553074444117e-01,-1.340785534251943689e-01,-1.714644258886543482e-01,2.409593071162423328e-01,3.311656720536139409e-02,1.909185089351355946e-01,-4.382485054350680059e-02,-2.696683279005582246e-01,-6.606968540078798913e-03,-1.966236723529871666e-01,2.505430881830960493e-02,-1.553903071447446660e-01,1.419784231093240180e-02,-1.099102558432971284e-02,2.836688549073078658e-01,-3.039923378721194336e-01,3.788329096843854882e-01,-1.264692462316603094e-01,-5.226678905010520571e-02,-1.405470905145609350e-01,2.281021075701612499e-01,6.163038112550797698e-02,-2.510036264185475791e-02,-1.583134504942129428e-01,1.766205589890449401e-01,-1.987823982837189085e-01,3.922266742470564282e-01,1.161217551465725112e-01,7.016563557788885186e-02,2.624824243561812293e-02,4.098440573905942630e-01,8.082217771865694012e-01,2.366695578056150218e-01,-8.260088612368353400e-02,-1.806367884933756385e-01,6.156483311035448186e-02,3.672328217782971360e-01,-5.803590390215585676e-02,1.965910060070289733e-01,-1.490701456472724729e-01,4.530250395183610945e-01,7.615941559557648510e-01,2.549254314161054080e-01,-1.239002298254981010e-01,8.007459882976818155e-02,5.024335788172232947e-02
1.582652419559385237e-01,3.522036559689149110e-02,-2.360301675350552908e-01,1.947428755415384349e-01,-1.133168104978965751e-01,3.749741066954422053e-02,-3.412827647880438409e-02,5.789826686926927146e-02,-1.420835021788511565e-01,2.999118167944143931e-02,-2.208418025024267706e-01,6.020735381090682597e-02,6.821249018369582306e-02,4.494538699289941930e-02,-9.810418747911388293e-02,-5.325542557751870854e-02,1.151425956048514679e-02,1.490186350878029975e-01,-3.117456431592404154e-01,-6.770878804029681342e-02,-6.399941906561806663e-03,-9.321777658380420162e-02,-2.169677305144375110e-02,4.644886235182503487e-02,-6.749827497329427550e-02,7.901248127033419499e-02,-2.822733358649444635e-01,-1.046120181818911525e-02,-2.601348167000488432e-01,9.113321095043885878e-02,2.547314128311268244e-01,-8.103716492509285829e-02,5.625684978828447702e-02,7.296718746595366734e-02,-5.043735447066382410e-02,-2.083634634658948215e-01,-3.131877241095257919e-02,-3.509912833244438479e-02,-1.226901254317262630e-01,-3.342887184292819142e-02,-1.596475933047104140e-02,-4.872581909198287625e-02,-1.095699767636348215e-01,-1.528942518010492357e-01,6.843312431154295605e-02,9.452647291092292070e-02,3.369844923921198887e-02,-1.616428026831644993e-01,-1.848516100995608036e-01,-5.420380335562752748e-03,1.256860024452545639e-02,-2.435415352873697981e-01,-8.371283978760314659e-02,-1.510742600858749896e-01,-1.214109200442978209e-01,-1.081223679139276528e-01,-4.697641444553902340e-02,-1.218555988242116389e-01,1.859395223664734448e-02,-2.732134323302899404e-01,8.009965108310777848e-02,-2.405180616121292692e-01,-4.114510637303403495e-02,2.008911854501741201e-01,5.269440498190102601e-02,-7.772936734077449950e-02,-1.187565123803846490e-02,-3.340238575122189170e-03,1.240993401969121973e-01,2.837065467598411939e-01,3.928178497411266568e-01,-4.526752026428502995e-02,3.406445811399976681e-02,-3.625356814592097798e-01,-1.856038196710092618e-03,1.457351438964442636e-01,5.510708059287728472e-02,2.041470638436850005e-01,2.219378441961723236e-01,2.549254314161054635e-01,7.615941559557648510e-01,-1.448910706691151629e-01,9.853443091227329087e-02,-1.178082947987831725e-01
-3.781162547155711429e-02,-1.426623305356871374e-01,-2.962470716142584937e-03,3.940222844022008841e-01,2.865256979199680698e-01,1.493869434166586185e-01,4.017892462162128697e-01,1.791952634462603000e-01,-1.281246313115848856e-01,4.104751786215782849e-01,-4.094710009196611891e-03,4.502861110217329377e-01,4.334293007284497484e-02,4.390744448911590991e-01,5.503207621483056089e-01,2.063149158905768499e-01,1.530731869676459911e-01,1.374474409107693529e-01,-5.662949172564751832e-02,3.045004813701939761e-01,2.185719112942339781e-01,3.044225797872562866e-01,-6.866330558000556528e-02,2.395161172562715879e-01,-4.457690682144302419e-02,1.288182087012961219e-01,2.825028757620495212e-01,2.221654288535002408e-01,1.142779360004944067e-01,3.145576352290764821e-01,5.621764814167483360e-02,2.711633907796211496e-01,2.042727606631982440e-01,-6.929535212606086070e-02,1.125392672175844211e-01,-3.932954950596074389e-02,2.982342649369744136e-01,3.708336090961559806e-01,7.303424300965022375e-02,2.860903373596132004e-01,4.306962058986467112e-01,-6.704904372073906826e-02,4.305107843761502018e-01,6.018737022134880432e-02,4.423369781658770261e-01,5.035914362197367600e-02,5.814430174157514397e-01,2.017637737161221412e-01,1.896860579956262671e-01,1.700074467737591188e-01,1.986191432925318023e-01,-7.410420925560120761e-03,2.563722847458483889e-01,-2.026542530772705228e-02,2.594123734118426450e-01,6.769921852244820126e-02,2.598240393421518135e-01,-1.887373697879790591e-02,-2.569391156790814049e-02,2.410054893140353149e-01,1.835814357783767392e-01,-4.028510948086765249e-03,5.272108921222906641e-01,-1.299845662030777414e-02,1.543931916127464499e-01,3.762399843860301796e-01,7.982080861657973826e-04,1.419025304015181510e-01,-1.040647036455349672e-01,-2.381475318268243824e-01,7.749872854867248702e-03,8.200553668572879706e-01,4.188521120123517849e-01,1.344507477093081493e-01,3.602663479044331818e-01,-6.685546404673746446e-02,-6.785090501719133471e-02,-1.509041941117606755e-01,-1.968585076150463631e-01,-1.239002298254981010e-01,-1.448910706691151629e-01,7.615941559557648510e-01,5.172539144030348091e-01,2.178829323750905989e-01
1.037259671466022291e-02,-2.831982740584324532e-01,2.355983482998811884e-01,1.051974510926268341e-01,4.567421384262417838e-01,-3.497236234803353765e-03,2.861062744812916669e-01,-2.772973621849638901e-02,1.193971457805823727e-01,4.001851948777332968e-01,1.411285503491724325e-01,2.677857634045676116e-01,5.717679631333369428e-02,3.181003107173337452e-01,2.136056845092876300e-01,9.090090453692767358e-02,3.156320448975558079e-01,1.697565613226694747e-01,-9.803628520398560697e-02,3.590600371827868398e-01,-1.131235114844495182e-01,1.978283806514322951e-01,-2.427291658049344214e-01,5.881593529626441552e-02,-2.840174452207662181e-01,-5.301908248705488463e-02,3.234688922715482362e-01,2.546013773383512535e-01,1.202798150482412703e-02,6.042849560003956677e-01,1.080494171216227484e-01,1.945163178432431639e-01,-7.546836267775394735e-02,7.050007309960665269e-02,-1.311724726635849769e-01,1.297908558619360608e-01,1.978728725273019295e-01,4.008479474366571926e-01,-1.302343002354177381e-01,1.901889115605439606e-01,2.131695423952174873e-01,2.866089267088665557e-02,2.493723124897238297e-01,1.065010615129402538e-01,3.719452168557413341e-01,2.542039854052116632e-02,4.049589608757507286e-01,-2.309739980915374510e-02,-1.841960202536156027e-02,9.705355216495985260e-02,6.689889274327881497e-02,-9.357712278658793237e-02,2.942980971741209761e-01,-3.378834201024971673e-01,2.177899702614378152e-01,-8.496999795968349090e-02,-2.093824300445223593e-02,-3.466912813423206341e-01,-2.387837216967906573e-01,2.911923574544644233e-01,2.871791482076996860e-01,-1.774989722573884210e-01,3.859895460718235083e-01,-1.020072200278745594e-01,-2.429906125159210701e-04,5.802575392146402077e-03,-1.341712347865439692e-02,-1.489843840884940429e-01,-2.951872323011008881e-01,1.762703064416549364e-03,2.151500517373600985e-01,4.706168886714471311e-01,5.745912823365388888e-01,-1.522702167401709106e-01,3.817746204774102869e-01,-6.202065050049734157e-02,-1.447101343537379459e-01,-3.281287023728050034e-01,-2.772869131920441821e-01,8.007459882976822318e-02,9.853443091227329087e-02,5.172539144030346980e-01,7.615941559557648510e-01,1.127913334196292347e-02
-1.477401526579367463e-01,1.641666642557420008e-01,-1.449035173706837709e-01,5.363758264496554934e-02,-1.114081271704610854e-01,6.045675022481530186e-02,-9.439566868574959801e-02,4.239418314372048885e-02,-1.830067838561789118e-01,3.232962384808955036e-01,-2.910002413887611272e-01,3.391553138262057288e-01,-1.696010672632504435e-01,1.499968744513486274e-01,-1.612657760433197918e-01,1.022639114437691177e-01,-1.450260785913691230e-01,-4.923442955512643410e-02,-2.761838534941668533e-01,-1.194009777689810231e-01,1.404776362004402090e-01,-1.767328182627176669e-01,1.837749774860718277e-02,3.129845709872203785e-01,3.003241792002516244e-02,-9.767252145501940930e-02,-2.104075817949504490e-01,1.563890408590706479e-02,-1.156623759272731589e-01,4.749189236388590696e-01,-1.423897241824624571e-01,-2.373059599497781558e-02,1.708572890424556456e-01,-2.330983209840635506e-01,2.199181371416747688e-01,-3.037332981915462637e-01,1.646731713366640301e-02,-6.274186499837912379e-02,5.645983587247480062e-02,-1.602499777494234834e-01,2.328698894849694778e-01,-2.614595554952899303e-01,5.175474990693356148e-01,-2.960831068039156411e-01,3.308117830789776836e-01,-1.961488584598754525e-01,-4.692315049067248556e-02,-2.228979986157674509e-01,2.931678883838368527e-02,-1.332484564519578196e-01,6.573969240096877442e-02,-2.527613874943041017e-01,-2.053893396092896506e-01,1.150016632877872147e-01,-2.294545229271444664e-01,1.017104648563346425e-01,3.796758697874220156e-01,2.329878582182030033e-01,-8.374658592078342012e-02,-2.127793464183278804e-01,-1.062246754818014886e-02,-8.630689446315115143e-02,6.007318454913256334e-01,-3.525869821226403911e-01,7.480050890012183984e-03,1.352130750461978392e-01,6.231696606842527381e-02,7.997644999651086018e-04,3.465102466936553216e-01,4.434687925529878783e-02,2.955094601656925168e-01,1.727515853316407557e-01,-8.469907549282557069e-02,7.304031348625708020e-01,4.551286521522318607e-01,-1.074610289570508831e-01,-4.228544724098610291e-02,-2.608431812534642031e-03,3.074333586083652925e-01,5.024335788172236417e-02,-1.178082947987832002e-01,2.178829323750905989e-01,1.127913334196297898e-02,7.615941559557648510e-01
