7.615941559557648510e-01,-4.111127718318562628e-03,-6.123289173153288051e-02,4.277039967018513716e-02,3.253504838690266660e-02,6.724342989488384104e-02,1.715077059985816443e-01,-1.656891907319601176e-01,4.348768542636440720e-02,2.879951760326650567e-01,-7.221164967276139102e-02,6.565813083092892147e-03,2.874655658533202818e-01,-2.870768363170421722e-01,1.655730498172005571e-01,6.508704334833126381e-02,1.597387178498968774e-01,3.365966441231017514e-01,-1.854244648366090709e-01,2.333230708234568240e-01,-5.234946774800178226e-02,1.697270271908446482e-01,-8.144944943657241032e-02,-1.457835117696406613e-01,-1.080013859140301208e-01,1.571733314372460999e-01,-6.334590045243503054e-02,3.166142782706701797e-01,2.723068691425113430e-01,1.080942551370372151e-01,3.246560188018700055e-01,2.906445072209504210e-02,2.038953255522675187e-02,1.344512612755225378e-01,-5.275126439062716166e-02,-6.730633745722618133e-02,-7.599101851436819433e-02,1.150487176698819503e-01,-3.352436255843678214e-01,6.850939486201101936e-02,-3.844342647349158759e-01,9.807454272442427123e-02,7.725161339934590379e-03,-6.360469282658146040e-02,-1.194259551090718144e-02,2.439528140502795484e-01,-2.099460880662337992e-01,1.289440403887224529e-01,-6.499727047398338141e-03,-2.416402814317659409e-01,-1.766612172027055144e-02,-1.738638080690689258e-01,1.932058336477268934e-01,-2.029658873911501793e-01,9.457997044453544944e-02,-2.952483535154022398e-01,-1.975597464632731781e-01,-1.593988951056684589e-01,-2.714006035842881359e-01,-1.222316478269079576e-01,2.633508229704280001e-01,5.524975636714041412e-03,-9.353658807341951043e-02,2.004131152442212294e-01,7.923254722800232575e-02,2.197005745939122762e-02,-1.672293504843706258e-01,-6.063846109777339816e-02,-2.190050836838361437e-01,2.004446526354424774e-01,-8.325733584923182551e-02,-3.657664966167931825e-02,1.485050168482685180e-02,8.910517556756557267e-02,6.953825276221269058e-02,-1.683231548588564885e-01,6.401676570400260946e-02,-3.123286841413340786e-01,-1.795292885741327782e-01,8.958633098430217323e-02,-1.732453578787735149e-01,1.090916251308821638e-01,-1.399629185209506736e-02,3.177147013290368654e-04
-4.111127718318562628e-03,7.615941559557648510e-01,6.878777816013348367e-02,2.739036007242792031e-02,-2.550763916854373314e-01,-2.113705487691683871e-01,-4.932617321880289896e-01,2.148747396739004445e-01,-2.563860982712099501e-01,-1.425440574770501789e-01,-3.684969639193178687e-02,1.128336669571555588e-02,-5.774602830293869005e-01,-1.273990227280455412e-01,1.467084109685953541e-01,7.366875325248649353e-02,-5.983392717457934884e-01,-1.253235115883264694e-01,-1.215162695432430995e-01,-3.834386329551085770e-02,6.755471027177346599e-01,1.045145049086304567e-01,2.534203932397592340e-01,5.160317285165236800e-01,9.188893141180040636e-02,4.383019170536834319e-01,-9.381919566821540768e-02,-1.225155368910166853e-01,-2.229790269747280174e-01,2.475721136011237514e-02,4.089906981021583510e-02,-2.214868819134312994e-01,2.350712017193915537e-01,1.299701601786864835e-01,8.177225465808041216e-01,1.039773100859665150e-01,1.487084134156737084e-02,-1.670802147611761823e-01,-4.329949184143989105e-01,-5.481320128031844652e-01,5.575133992414726264e-02,-2.780677631003105610e-01,-1.685860913054102739e-01,3.857686474340971117e-02,-9.190386877366379242e-03,-5.413052116034189343e-01,-7.157815182627438877e-02,2.654774343895568989e-01,7.698875482548246663e-02,-6.469526147254995863e-01,-9.991454499598970140e-02,-3.589315356182310596e-02,-1.578484243057859115e-01,6.338846575741886591e-01,1.213448561959806632e-01,8.623444849137264223e-02,6.253371091449293484e-01,3.058456332646823650e-02,2.153391983845819868e-01,-3.079553282610287823e-01,-7.237021746574254233e-02,-3.114008100537593582e-01,-4.236100201114007535e-01,-4.742223140044788537e-02,2.209723078096246796e-01,2.419300090658567937e-01,-4.989044956987432888e-01,1.728793844425243198e-01,1.432723397546221134e-01,2.118109165174300035e-01,3.177589909546568170e-01,-2.669104672977331075e-02,-1.330088749265719572e-01,2.600748351454071905e-01,1.899056254279442024e-01,-2.099761548071901740e-01,-3.592036441837986316e-01,-1.581027004032385108e-01,-5.739915508184174203e-02,2.206598289054781115e-01,2.621746534513382243e-01,-2.373768266242099606e-02,-3.516274376640567412e-01,4.484328662393437526e-01
-6.123289173153290826e-02,6.878777816013345592e-02,7.615941559557648510e-01,-3.456132943479663794e-02,1.457784104981615647e-01,-8.626583450529166919e-02,-1.184128569597965863e-01,3.445394581571137871e-01,-2.731698804620892942e-02,-1.693772510699653733e-01,5.626482577946999575e-01,5.896947185312247791e-02,-1.999203268168629199e-01,2.290186869225555033e-01,2.266325895608960195e-01,-5.522562105123574733e-02,-2.075338875806697903e-01,-5.727934278835430243e-02,5.800239310570960427e-01,6.118059545078212424e-02,1.749789132168673156e-01,3.338940154969501084e-02,2.800916922256805330e-01,8.949252079060925069e-02,-8.101049302302998356e-02,-1.196518737737509996e-01,1.857239772259861380e-02,2.053820495340162311e-01,-1.981181541260109910e-02,2.006133067974536222e-01,-9.415871652495269584e-02,1.844879718458670992e-01,3.004352214983606675e-02,1.712549630739066686e-01,8.120013242137698317e-02,8.582128063470405577e-01,6.370110520962868339e-02,1.499520058721718063e-01,-2.807735035660446909e-01,-3.171155520336845224e-01,3.349911433172584330e-01,-4.462675117925498508e-02,-2.762373583961101886e-01,5.356068222852626848e-01,-2.246730156874670314e-01,-2.297654008414843352e-01,2.733231071045815752e-01,1.534006969978463919e-01,1.472784873820195441e-03,-3.177458219561771213e-01,-1.114827297302305870e-01,4.323586791610461444e-01,-5.703690925840849274e-03,5.920373334515883351e-02,2.605627611839038058e-02,2.961959184220433472e-01,5.957979788258338516e-02,-3.035478220411432781e-01,-2.985176772294071967e-01,-4.859814477138144767e-02,9.930976066796284862e-02,-1.420430309635084265e-01,-1.220780622612807481e-01,1.594493375296983026e-02,-9.205267826078435134e-02,1.124482090565789329e-02,-5.220306833055934348e-01,-2.769572905568518650e-01,-5.585966222432459105e-01,-2.227483480954148276e-01,2.957077821868513839e-02,-8.384896616849074613e-02,2.749105033448621602e-02,-9.730746425151128032e-02,-1.704435760260109567e-01,-6.343241536501321998e-02,-4.156198899177730444e-01,-4.055239424755022193e-01,-5.121466342892999624e-01,-2.113375807695206943e-01,1.794874483699997747e-01,-1.413401136954186288e-01,-1.989261425299782282e-01,-1.649418099104295876e-01
4.277039967018513716e-02,2.739036007242792031e-02,-3.456132943479663794e-02,7.615941559557648510e-01,3.419614274919249297e-01,1.223871238448277776e-01,4.711943783818570153e-01,7.661635678810731209e-02,4.687121510151615600e-01,3.398873990483698981e-01,6.311729194736152848e-02,3.805736021547149739e-01,2.962666440133396861e-01,4.081052271514393204e-02,1.196370797458288712e-02,-9.482693917017194496e-02,2.159939082603694882e-01,-1.215826221246249922e-01,-4.504783843982967939e-02,1.088562889871140665e-01,-2.296233929970865340e-01,6.968230421147703080e-02,-1.887535215398838395e-01,1.883899820556035262e-02,-4.354716017298036757e-02,7.746756610245537911e-02,-1.726764144457976387e-03,3.332228450396689245e-01,-2.766467218570688343e-03,2.189627462486101461e-01,6.164895278002172629e-01,3.541587177856356239e-01,4.456493831958940888e-01,1.160752425667087029e-01,4.309951923119886147e-02,1.083249090973583198e-02,3.819761434244026699e-01,3.893648049335474703e-01,-2.793439910835410211e-02,3.684436909096372448e-01,-8.993189427602454877e-02,3.969124931038061632e-01,3.024685087461186916e-01,1.879750443475020072e-01,4.135042620508867506e-01,1.412256537038922566e-01,4.044384810789772994e-02,8.789999355379789561e-03,-6.081731544154622693e-02,5.049134981359591073e-02,-5.208717866313646548e-03,9.913506615373492148e-02,1.500895024053596760e-01,-2.778963337647276099e-01,3.420285456875416658e-02,-1.592512267338996867e-01,8.085314184722160180e-02,-1.360697014325411014e-01,5.797706168399484328e-02,2.312006796829839395e-02,3.499640419046227136e-01,-2.580073738973705580e-02,3.111008492537800652e-01,2.108810046585707365e-01,2.581727108864049769e-01,2.775686513280222201e-01,2.151560647031726947e-01,-1.233252865091382239e-01,3.720523676062310620e-03,-2.239430200398265843e-03,1.109549273853922408e-01,6.318229845939193901e-01,4.210859096736387364e-01,1.086174911190974229e-02,2.858787931975372287e-01,1.689336153769955551e-01,2.346572756344624533e-01,-2.579601980773127412e-01,1.710657504725819067e-01,-3.065417232124487829e-02,-3.038527520959509176e-01,5.517498426330824657e-01,3.516941567620399112e-01,-2.912741026975391914e-03
3.253504838690266660e-02,-2.550763916854373314e-01,1.457784104981615092e-01,3.419614274919248187e-01,7.615941559557648510e-01,-1.500689719478187634e-02,4.757122039963844196e-01,1.051807480365061619e-03,8.055252214249618570e-01,1.330058500483931871e-01,5.159517260856153476e-01,2.068379562883603251e-01,2.249548406651517285e-01,1.392865197486688189e-01,1.532535719527550466e-01,-4.253342246714210684e-01,2.514062045912953680e-01,-2.783418841704966007e-01,5.113603588698630020e-02,5.692833340982562940e-02,-2.443762973956588036e-01,4.005141320119369464e-02,-2.413944197756969223e-01,-2.631468765442616653e-01,-3.312934803388131177e-01,-4.326129126531829128e-01,2.276335629246624415e-01,3.511973649009130227e-01,-1.141060876246747895e-02,2.314182736285094744e-01,2.117230189787963346e-01,2.549997737384211982e-01,2.552245930985817535e-01,1.961216461258515897e-01,-2.474542600746688914e-01,3.537522983222802231e-01,2.760652551295172397e-01,8.817392365329489445e-01,7.065257301781280308e-02,5.927958458785640428e-01,-6.547579318775469115e-02,7.153400176532964672e-01,6.149717179885143964e-02,6.388610425359855238e-01,3.050744419603554358e-01,3.497793693939573734e-01,2.424764501428322838e-01,5.285728921678579245e-02,-1.261912154075851833e-01,1.297255653028653588e-01,-1.788836841509349462e-01,1.265630928181758208e-01,8.267427913754277213e-02,-2.521295065070481844e-01,2.052912973380628670e-02,-1.144345307259315853e-01,-2.751799895690807407e-01,-3.710946591518387572e-01,-4.617692989990443975e-01,2.393407366756704902e-01,2.807030849145448204e-01,-4.921694678356809682e-02,9.292126305591703883e-02,5.911300943428969834e-01,-1.092412303023911346e-01,9.792448814850276961e-02,-1.844271545135143381e-02,-1.796989032275717046e-01,-2.493084536683483343e-01,-7.570554963070000309e-02,-3.072165260318240332e-01,4.746398794689623557e-01,4.865137573406827509e-01,6.431522913669160402e-02,3.113550684286351400e-01,1.315078754093829301e-02,-1.795856152628146907e-01,-3.213617209566419497e-01,-1.821860197289337235e-01,-1.083593575430988193e-01,-2.903936608973589073e-01,3.287439112535547325e-01,5.117388216436201676e-01,-5.305069048857703751e-02
6.724342989488381328e-02,-2.113705487691683871e-01,-8.626583450529178021e-02,1.223871238448277082e-01,-1.500689719478198736e-02,7.615941559557648510e-01,3.114563473968132157e-01,1.611901937889272107e-01,-2.505762150075069861e-01,3.299986750892208026e-02,-3.869676782495820033e-01,9.680753217077463224e-02,6.106721021178751485e-01,1.403374910072748005e-01,-1.284230025264495867e-01,1.883605137053317724e-01,4.495689912848248038e-01,2.360208394778565699e-01,-1.614701259566289626e-01,1.517956249511215883e-01,3.781955736367336590e-02,6.670639159720001543e-02,3.708355587779995077e-01,-5.422325756579501194e-02,4.566576646195604772e-01,2.918338375960826681e-01,6.524314758526746083e-02,-7.554844458254776629e-02,3.611712786078205006e-01,3.044133954039787704e-01,-6.419569311605119455e-02,1.196415461675157978e-02,-1.605103471506267587e-01,-3.109640539647002266e-01,-4.106520794047913148e-01,-1.534928427955805086e-01,6.516303319430039043e-02,-8.099072037734453278e-02,4.373362506068610989e-01,1.081779192611353885e-01,-8.495419206336776805e-04,-2.806459237776114946e-01,3.693709903013344537e-02,-2.998871941976650191e-01,1.964272091078697949e-02,7.520832929621594498e-02,-1.148036417522956334e-02,-2.536514881774076247e-01,-1.810379557076175205e-01,2.132026334070838691e-01,-1.594844164889501759e-01,-2.108385254362845074e-01,8.716585406204650777e-02,-2.408606975420564122e-01,-9.954197775120451896e-02,3.902171666784017695e-02,-2.260999055062829777e-01,-2.348474995441492824e-02,-7.366205684159100875e-02,-1.052427469110093772e-01,-8.016762044383643482e-02,-2.685123637483584694e-02,3.051135597161240276e-01,7.302479034029540905e-02,2.577111849562670198e-02,-7.747286526128224771e-02,-1.078535035098829864e-01,2.421420413678622152e-01,-3.302578663496010813e-01,-2.011029034086315170e-01,-8.651217359595423859e-03,2.435076262757406296e-01,7.313224299817645824e-02,6.752854196356748717e-02,1.310799800943857410e-02,-1.926184927692090043e-02,2.531303486239313005e-01,2.120302126114247121e-02,-2.246642616303957118e-01,-2.111013855126357974e-01,2.252923459510523252e-01,9.596314952070914006e-02,4.912719491710068609e-02,8.548434724651542485e-03
1.715077059985816721e-01,-4.932617321880289341e-01,-1.184128569597965586e-01,4.711943783818570153e-01,4.757122039963845306e-01,3.114563473968132157e-01,7.615941559557648510e-01,-1.738253465233787765e-01,2.780226473041510493e-01,2.867667420140607160e-01,-9.456116403292463835e-02,1.087850513563282939e-01,5.415723323548712331e-01,-3.251860812471050743e-01,7.631161138675347788e-02,-2.373444799148839990e-01,2.863671457689494493e-01,-1.135670741846380588e-01,-1.288636922002691920e-01,1.729592924236839635e-01,-4.324976922187530604e-01,2.192947166137203807e-01,-2.322228151254144835e-01,-3.810654063522634916e-01,-7.561324086420682933e-02,-1.286261425279367487e-01,4.257353453619206474e-01,2.497872114245129060e-01,2.573435827945996235e-01,-5.300239149225610680e-02,2.849469376702875589e-01,1.422176666180701154e-01,1.994173942392109544e-01,9.883039391434846055e-02,-4.645646770962312266e-01,-2.272229898625893751e-02,2.444852137727649422e-01,3.033679032612407456e-01,1.043943810576236086e-01,6.882794916217759296e-01,-3.261723354954410015e-01,3.102332999087500931e-01,1.020669285837717821e-01,7.533005620693992467e-03,2.149839525963497533e-01,3.409714908028755875e-01,-2.766163139608261434e-01,-2.777334116173743941e-02,-1.927318784473493196e-01,1.389729171361904492e-01,-2.010550750014291344e-01,-1.886797529780664603e-02,2.482428453956811720e-01,-3.851506358941950703e-01,1.406555832396102212e-01,-2.596458927545605144e-01,-3.738941439697387459e-01,-2.920993077534079774e-01,-3.028184037050076771e-01,3.723049456761645115e-01,3.263351375345557859e-01,1.939917227024119117e-01,1.096745515595224374e-01,6.298074193200031701e-01,1.985009961003048051e-02,-7.381894647909147122e-02,2.003635254244053587e-01,-2.313152250025287959e-01,-2.672492117288735591e-01,-1.733404508256467247e-01,-7.359748783848134301e-02,5.719970458937523317e-01,4.879050136037246244e-01,-5.266468044976029689e-02,2.266123265116267160e-01,2.215703512724601365e-01,2.407514258046549727e-01,-2.565034037745604900e-01,-1.997913020080142321e-01,-2.204943719192883345e-01,-3.158898087749403283e-01,3.729388167014212607e-01,5.062116278192779761e-01,-1.961261811281934386e-01
-1.656891907319600621e-01,2.148747396739004445e-01,3.445394581571137316e-01,7.661635678810739536e-02,1.051807480365172642e-03,1.611901937889270997e-01,-1.738253465233787209e-01,7.615941559557648510e-01,-1.183095895556289939e-01,-6.310314553300254599e-03,1.945188170069809541e-01,5.115037272305843485e-01,-1.469912002240602866e-01,7.152174373806393648e-01,1.303367269182552080e-01,-2.198332134872953703e-01,-9.075804837053999541e-02,-1.457030095078142573e-01,7.299365728783457907e-02,5.444104181142997434e-02,2.578487336602449664e-01,-8.332166916164196468e-02,7.143537365037888609e-01,5.258922135379880958e-01,1.648625900428437319e-01,2.374704984046990264e-01,-1.109920327379000787e-01,1.191894716002830368e-01,-3.872919451737985574e-01,4.622457030390532684e-01,-2.714568640191660984e-02,8.958384579154934912e-02,-2.391080750211454359e-02,-2.685708016831444556e-01,-8.772147007098410332e-02,2.899932777880898649e-01,1.094292000503093720e-01,-4.494516681563204274e-02,-1.247877350580586103e-01,-2.170905519238935655e-01,7.856198333490340691e-01,-2.603305718580406491e-01,1.327503046217658189e-01,2.052593682520917340e-01,4.444924392756159914e-01,-2.851207563426544911e-01,5.619352888755353437e-01,5.137999807195307161e-02,-4.288727066596165205e-01,-2.262372690979077006e-01,-3.903514482515369477e-01,-2.064184326295755764e-03,8.474428968469800705e-02,-3.572110273379383583e-02,-1.333387997800590530e-01,5.012374091184447211e-01,3.976172276451545584e-01,-3.090900930913265121e-01,-2.258261268309587778e-03,-3.202900931283924058e-01,5.415052291671566820e-02,-5.332865604588088448e-01,2.183383320015852003e-01,5.576457899374308996e-02,9.053003958288681485e-02,7.240955512932610583e-02,-2.600210515789732058e-01,2.323502402794351551e-01,-3.027475063104740349e-01,-3.234569149003437838e-01,-4.038102348394647517e-02,2.654480025184344782e-01,9.818087511656375943e-02,3.931994281359012522e-01,6.411650552680332737e-02,1.195961568377598844e-01,9.902251217107922721e-02,-1.312081382462415569e-01,-2.648950774307007316e-01,-3.717786891228908042e-01,1.835238525396064302e-01,1.660350239467696110e-01,-8.982017353212344568e-02,3.066257996367899308e-01
4.348768542636430312e-02,-2.563860982712101166e-01,-2.731698804620876289e-02,4.687121510151614490e-01,8.055252214249618570e-01,-2.505762150075069306e-01,2.780226473041509938e-01,-1.183095895556289384e-01,7.615941559557648510e-01,2.226450231763575927e-01,4.226734034103676874e-01,3.341777173906442244e-01,7.129834595972540934e-02,5.532219382259344342e-02,1.417896892083536087e-01,-3.623698044869298474e-01,2.819972315440401611e-01,-2.162670589352280459e-01,-5.009890514720866106e-02,1.008301222975365313e-01,-3.284847837484570765e-01,-1.333508695142624628e-02,-4.698985822554576641e-01,-1.120511444557645980e-01,-3.321771629981987162e-01,-3.507220338928920822e-01,-9.266271838668112271e-02,3.568239020655870064e-01,-2.451285411603056352e-01,1.691428599250291986e-01,3.922244516587434782e-01,1.734082716298446236e-01,2.712168109239617708e-01,3.954069915586058692e-02,-1.354678704256348232e-01,2.510960452622765238e-01,1.916699845834154148e-01,7.775629859955005552e-01,-3.206333119822565858e-01,3.908678891040084924e-01,-2.821734945192274635e-01,8.880820180059056934e-01,-4.808805594036307668e-02,5.134640823043694624e-01,2.739786809213842211e-01,6.555766338006815963e-02,2.389475526699368080e-02,9.454246640158694981e-02,-2.776941120624791814e-01,-2.405808356342535592e-02,-3.285889990154443052e-01,-3.908113275173595580e-02,1.120914617132244273e-01,-3.800187991992270420e-01,4.327827395152063217e-02,-4.037073300724652869e-01,-1.576266681289192617e-01,-4.944577011319405968e-01,-4.977713945402947870e-01,8.816103460671392833e-02,1.676068468706135017e-01,-2.273457163042542917e-01,-4.690327350321812569e-03,5.149811553602783309e-01,-5.344720885476270111e-02,4.375523835797930083e-02,-1.250728589153254910e-01,-3.748465763121320848e-01,-1.007225190957546090e-01,6.590639576446094550e-02,-3.549040330720263370e-01,3.460707302071635016e-01,4.473451415051803437e-01,1.423649334016638957e-01,1.986411383384606155e-01,6.089658905971754611e-03,-1.031144051797966282e-01,-4.426307808233009289e-01,-4.493743954334434437e-02,5.215835701161666144e-02,-3.052606842330444215e-01,2.513554902318532736e-01,2.950630527517891788e-01,1.046424087940020092e-01
2.879951760326651122e-01,-1.425440574770502622e-01,-1.693772510699653733e-01,3.398873990483698981e-01,1.330058500483931316e-01,3.299986750892209414e-02,2.867667420140605494e-01,-6.310314553300254599e-03,2.226450231763576204e-01,7.615941559557648510e-01,3.906193674713184100e-02,5.450176291842913079e-01,3.022042296413521290e-01,-9.973800614212273430e-02,1.619719878070907115e-01,2.360554680107975756e-01,5.539222558598410062e-01,3.937640937216879689e-01,-1.066785116975303011e-01,1.447398548212636415e-01,-2.882579981099769872e-01,2.450782340183183805e-01,-2.511579798941838693e-01,1.304740991052362742e-01,2.178584192861225399e-01,3.962366923304811994e-01,-7.482035470514920850e-02,3.790441756121204486e-01,-7.205029773629001433e-02,2.979279560675210936e-01,2.381879802874004026e-01,1.871951848031591370e-01,2.354083523601947781e-01,6.291253040925624818e-02,-4.516485530665988180e-02,-1.683049798155282772e-01,-4.478336961248981923e-02,4.021535685484495248e-01,-2.040096266279830262e-01,4.642703044344345109e-01,-3.974817763480181787e-01,2.304540127685663076e-01,3.758781099652869773e-01,7.475840060432296930e-02,4.833617654804228114e-01,2.305793952253976098e-01,-1.041110649546492795e-01,1.479668331466571507e-01,-9.842392953500678221e-02,3.582033802237883507e-02,1.479206177848057246e-01,-8.108809981370702913e-02,1.780585052587314865e-01,-3.054744546418483586e-01,1.881313238213742356e-01,-4.011440800922640992e-01,2.044270909808256625e-02,-6.878771154868255910e-02,-2.991537562560436098e-02,-1.707932774553878597e-01,4.198295174424723220e-01,-1.669422867098600549e-01,1.392354100022822894e-01,1.932060644440002917e-01,8.946321372194367127e-02,6.144026919763762723e-02,1.108295544578956349e-02,-9.202165599169617738e-02,6.492296041743460255e-02,9.530050195514662426e-02,-2.852625363271752978e-01,5.540576989191419166e-01,2.239738817911017810e-01,4.233962755075582757e-03,3.833754148970406339e-01,9.307509529342948562e-02,3.440306727579937052e-01,-2.213000126548797242e-01,9.448429147865004818e-02,-8.626962577635211016e-02,-1.041722468335685159e-01,4.040739278658649902e-01,1.832247700218104236e-01,-1.349095659586663498e-01
-7.221164967276122448e-02,-3.684969639193178687e-02,5.626482577947000685e-01,6.311729194736141746e-02,5.159517260856152365e-01,-3.869676782495820033e-01,-9.456116403292469386e-02,1.945188170069808431e-01,4.226734034103676318e-01,3.906193674713186875e-02,7.615941559557648510e-01,1.316344625071675378e-01,-2.320822207473894339e-01,4.377581687752384321e-01,1.683251739526852309e-01,-3.226267802424491737e-01,-2.456851483173374748e-02,-1.897772861306115388e-01,5.385377122147781970e-01,-9.585737839273536509e-02,-4.575024020803398345e-02,-1.437310465671884363e-01,-1.010433058969007619e-01,-3.693212096717105736e-02,-4.685852805154926970e-01,-3.429529910094089584e-01,-7.710730880589045100e-02,3.750959212858403502e-01,-2.194407773202275702e-01,1.920906245385805011e-01,-9.790253859333670691e-03,2.789582254207157996e-01,2.428464084562804159e-01,1.914774803448448803e-01,9.099101468593061293e-02,5.409755126817068493e-01,9.211874187453311658e-02,4.733153442548567735e-01,-3.735576828213336698e-01,-1.266885258560073169e-01,1.335293979234309092e-01,2.737665109668935282e-01,-1.250173709009924639e-01,8.785710858655587652e-01,-2.029030622838550943e-02,-9.261274547122537448e-02,4.844520165803480327e-01,1.403439598747615313e-01,-2.122437976290227415e-02,-1.461771445337263498e-01,-1.008485748630927603e-01,4.614610025842730279e-01,-7.579618688436119689e-02,-7.401397782833774031e-02,-4.229499646335569546e-02,2.065329045572826885e-02,-1.021166772646083833e-02,-4.823795637719089924e-01,-4.147908689625690593e-01,5.513454069367083356e-03,2.623075599489708698e-01,-1.680183773672453695e-01,-1.884856339026299010e-01,8.932597440076471551e-02,1.582507820162732878e-02,2.083653772455498210e-01,-4.034680223260252441e-01,-2.332782778826311409e-01,-3.879365001410653990e-01,-2.482788282924604586e-02,-1.826070201625352163e-01,1.239839230811187465e-01,2.165915537871981600e-01,2.096012557199973536e-02,7.919576114194822047e-02,-8.301768594499109311e-02,-4.786977802520630543e-01,-3.794448378772924957e-01,-2.143859979112112957e-01,-1.680366565150633387e-02,-7.229738917477458726e-02,-1.551422327724168680e-02,2.241286902906971731e-02,-1.259518250985688925e-01
6.565813083092919902e-03,1.128336669571555588e-02,5.896947185312250567e-02,3.805736021547150849e-01,2.068379562883603529e-01,9.680753217077460449e-02,1.087850513563282800e-01,5.115037272305844596e-01,3.341777173906442244e-01,5.450176291842913079e-01,1.316344625071675378e-01,7.615941559557648510e-01,2.438754946511388910e-01,4.124369253937982260e-01,1.408824917177887159e-01,-1.604226919202809687e-01,3.366357998983953159e-01,-4.388053385475317036e-02,1.214032124459571774e-02,2.615899327576748368e-01,-2.185209740573394177e-01,8.657119702525772897e-02,6.432016886305383374e-02,6.432130590238802625e-01,-7.785488618425764895e-02,3.541601892516850758e-01,-2.408729381715727369e-01,4.914534347551849369e-01,-2.137292903720248438e-01,7.195860338795960764e-01,3.263709479163998117e-01,4.775881632652246855e-01,3.386029210252569088e-01,-1.187321075455797931e-01,-1.178127593019942243e-01,6.763464460529979017e-02,3.736184559385316573e-01,3.533891872631115816e-01,4.392893403027813004e-02,3.761489797867869078e-01,2.206341011586528955e-01,2.925352756910528096e-01,7.009179231743843941e-01,1.855320471274226335e-01,8.679670307080219471e-01,3.136781275248999301e-01,4.761410368532573156e-01,3.014081835783583778e-04,-3.385559578493912425e-01,2.813179570410792585e-01,-1.799299259653709127e-01,-3.983220877843605956e-02,3.504669276348254536e-01,-3.852922409260132186e-01,4.985035740099873214e-02,-9.770585923436981429e-03,5.408395350225286835e-01,-2.131130169107751660e-01,2.123350840120737104e-01,-3.308315448019999994e-01,4.983911389493534960e-01,-2.957561053754305669e-01,4.831939429998567959e-01,3.413735378025669065e-01,3.855896162997785592e-01,2.661434668479374932e-01,1.112136410063535447e-01,1.023934465606816946e-01,2.323229022453140724e-01,4.785432361677179058e-02,-1.852554653412420704e-01,7.120123387053868269e-01,4.567510048216417151e-01,6.297752932394227177e-01,6.382452866552005277e-01,3.039062087374488907e-01,3.831305718069313304e-01,-8.316709516914660982e-02,1.518282491681150481e-01,-9.156283739435168434e-02,-4.593938987869254642e-02,7.294950895534845214e-01,4.062714266168431787e-01,4.485365846152393754e-01
2.874655658533203373e-01,-5.774602830293869005e-01,-1.999203268168628367e-01,2.962666440133396861e-01,2.249548406651515620e-01,6.106721021178751485e-01,5.415723323548712331e-01,-1.469912002240603421e-01,7.129834595972529832e-02,3.022042296413520179e-01,-2.320822207473893228e-01,2.438754946511389465e-01,7.615941559557648510e-01,-2.865475354522138418e-01,-2.414068906739341158e-01,-2.343030293101409089e-01,7.901953503091259101e-01,-2.273611475363873646e-02,-2.305493299645920147e-01,-1.897829006666628586e-03,-4.332478551841814629e-01,-1.702913681012619140e-01,-2.530254110509485010e-01,-2.863055108304147778e-01,2.048471446641160834e-02,-2.221259829265920249e-02,-1.945839708047576166e-01,2.960408541228184420e-01,9.765903588987424888e-02,4.800577757450010252e-01,4.525908909765420374e-01,2.438993185596562419e-01,-1.282495213216092445e-01,-2.927266756701918937e-01,-5.414911200814697123e-01,-1.853905888991312922e-01,3.984862295034334589e-02,2.122695869052463047e-01,2.700517091938767211e-01,5.407376467708299161e-01,-4.208529469878778406e-01,9.888745973358270547e-02,7.072631033007992229e-02,-1.679846206836376754e-01,1.657450130376807163e-01,5.983412097837739196e-01,-2.501451709150387392e-01,-2.814050845175258830e-01,-3.796135705473696054e-01,3.066832031913954149e-01,-2.038438395023613459e-01,-1.940238338620197123e-01,-6.837838653990609659e-03,-5.399211611320896553e-01,-1.750134625478690364e-01,-4.516420611247884409e-01,-3.883963106351885908e-01,-1.940170083763389508e-01,-2.638895171503906067e-01,-2.102684543041375420e-01,2.443318979140444713e-01,-7.549380508387740218e-02,2.189465353125654712e-01,4.978414354490122151e-01,6.979142962178619403e-02,-2.656847625630717746e-01,-1.583942100632915531e-02,-2.729918575433727401e-01,-2.370754693203851737e-01,-1.136799629401479689e-01,-3.296373784407826690e-01,5.016539987823572799e-01,4.248338728942620546e-01,-1.816913950225873889e-02,8.529215024986307181e-02,4.488513707563770994e-02,2.593799030831351327e-01,-3.189948648369946294e-01,-8.357600566496008188e-02,-8.274697361080672608e-02,-1.768087396062651695e-01,3.765920606576488860e-01,3.658664860793383045e-01,-1.624307413720131876e-01
-2.870768363170422832e-01,-1.273990227280455967e-01,2.290186869225555033e-01,4.081052271514387653e-02,1.392865197486687079e-01,1.403374910072747728e-01,-3.251860812471052409e-01,7.152174373806392538e-01,5.532219382259352669e-02,-9.973800614212281757e-02,4.377581687752384321e-01,4.124369253937981150e-01,-2.865475354522138418e-01,7.615941559557648510e-01,1.269824551290851256e-01,-3.513243651080107943e-01,9.017449846200931152e-02,-3.482674578575752355e-01,1.311499452509161667e-01,1.944664904570921615e-01,-2.289920006613795356e-01,3.397392527610108848e-02,3.967377714966402458e-01,1.402142422545515632e-01,-1.832190512201034016e-01,-2.187843906080914058e-01,-5.548297609612909409e-02,-6.389832550076703609e-03,-3.758488596967338724e-01,1.561702618868912873e-01,-2.718456102024714438e-01,2.248093964446055137e-01,7.398187888571255977e-02,-1.096209801420727770e-01,-3.431485234143089591e-01,1.824958156229776474e-01,2.039698411380335419e-01,1.498104847549337482e-01,1.290356336650630154e-01,-2.701028358226277293e-01,6.865883345061566390e-01,-9.269400108430665697e-02,1.439834110101415598e-01,4.031876612641457913e-01,5.187711218466365404e-01,-2.231081188510753710e-01,8.959612187348668932e-01,2.314894337283402923e-02,-3.125504698046064900e-01,6.590332245465806149e-02,-2.932598005303813649e-01,6.626092164838043308e-02,1.911705516622541623e-01,-2.964742615329701847e-01,-8.288490541855277061e-02,4.377644959507414613e-01,3.023320790945490874e-02,-2.714302924472498657e-01,-1.390554682896716077e-01,-2.340977368531366176e-01,1.357111104354425113e-01,-4.143762720693605628e-01,2.080399383341354769e-01,8.965076834269131156e-02,-6.945192106013151068e-02,-2.344017795768887566e-02,-1.049697092753872768e-01,1.184182482230321382e-01,-1.874583116610438749e-01,-4.100982200241363729e-01,-1.348874948692324605e-01,4.924752842645212514e-01,2.543496042521852241e-01,1.567568862289399900e-01,2.434852976169198657e-01,1.129941072681799746e-01,1.600229711555161208e-02,-5.942655484316495401e-02,-1.477243986507316420e-01,-4.014023634356286840e-01,-9.418240712576186890e-02,3.656069926926322489e-01,2.954478545274494827e-01,-6.539827186949043192e-02
1.655730498172005571e-01,1.467084109685954096e-01,2.266325895608960750e-01,1.196370797458285937e-02,1.532535719527549911e-01,-1.284230025264496144e-01,7.631161138675358890e-02,1.303367269182552357e-01,1.417896892083536364e-01,1.619719878070907670e-01,1.683251739526852031e-01,1.408824917177886604e-01,-2.414068906739341158e-01,1.269824551290850145e-01,7.615941559557648510e-01,9.531402113802636689e-02,-1.770982821525950157e-01,1.925629924532087645e-01,9.941524480994963497e-02,6.560535698346527944e-01,4.600436226683235486e-01,5.982051072344084508e-01,9.034387569910770632e-02,1.199866796924400625e-01,4.388700522233905665e-02,3.940264297574195274e-01,3.817071989997339876e-01,1.381405841386124378e-01,3.049609768693237744e-01,5.202763566540524048e-02,-1.455831372779520516e-01,1.912609874468123028e-01,1.963406787784811036e-01,2.763347009752082917e-01,4.245153880967297844e-01,2.846847183986195851e-01,-1.210855656712284470e-02,1.932655874022842224e-01,-2.576882118458851886e-02,1.718453219653322539e-01,-9.472980241505232248e-04,1.266221401195397334e-01,1.722050717390488372e-01,1.774082679250296446e-01,1.029601563261314107e-01,3.291657345815206942e-02,2.329519212170074738e-01,8.958451737199928377e-01,3.185143010780618344e-01,-1.984646842143201473e-01,2.244399377197554557e-01,1.754184036772428457e-01,5.400916400173783050e-01,4.755945355995616630e-01,6.206045776339769171e-01,1.246287349596649635e-01,8.873624389773496213e-02,8.184349015883644884e-02,3.228291211250892134e-01,2.604531105753070119e-01,3.045833027483783595e-01,2.917960347229749396e-01,1.491743937453008650e-01,-1.455543823928870661e-01,3.643703536478984928e-01,2.046115044101941560e-01,-8.337005233655251160e-04,-8.278247620976238175e-02,-3.726076242379879333e-01,-7.116139742062420337e-02,-1.805900125102120890e-01,-1.578889110293201503e-01,-2.366548616089375057e-01,-7.479224546289961473e-02,4.987107457757123524e-02,-3.545462560729620849e-01,6.219826694258421412e-02,-7.359386609402679413e-02,-3.242076002324081885e-01,1.185579981575374670e-01,-2.913702056388695061e-02,-1.283927950430441001e-01,-9.097510357063676167e-02,-1.298670940987656508e-01
6.508704334833126381e-02,7.366875325248660455e-02,-5.522562105123574733e-02,-9.482693917017200047e-02,-4.253342246714210684e-01,1.883605137053317446e-01,-2.373444799148839435e-01,-2.198332134872953980e-01,-3.623698044869298474e-01,2.360554680107976311e-01,-3.226267802424491182e-01,-1.604226919202810242e-01,-2.343030293101409089e-01,-3.513243651080107388e-01,9.531402113802645015e-02,7.615941559557648510e-01,-2.222656266771086964e-01,7.048093209918692148e-01,-2.327122868874022532e-01,2.530893751016866436e-02,2.651488738511129650e-01,2.775969263349467031e-01,-7.716641698567378027e-02,-1.080994555544604607e-01,3.559672067207667601e-01,2.743754932172490224e-01,6.857829073787358566e-04,-3.463116533271736186e-01,2.969899168313856475e-01,2.678323072691323609e-02,-7.964395383385776406e-02,-3.192343256902183124e-01,-3.508383778238199219e-02,-2.601057319202244034e-01,9.826622977406233861e-02,-8.387280231732878455e-02,-2.602739725415691430e-01,-3.552628282544172400e-01,-4.450989778801613395e-01,-4.032666971556841951e-01,-4.399839567748194957e-01,-3.172903726713167671e-01,-7.109972469993326716e-02,-3.527903874649001015e-01,-2.129473161189596730e-01,-5.107175640206237377e-01,-4.134614277167943386e-01,9.652234260661637921e-02,1.372574442480552215e-01,-3.267549328332403635e-01,1.435658908269658030e-01,-1.178021977156359368e-01,-1.662974119657270253e-02,1.574470903220440143e-01,1.433890629889482404e-01,-3.625011667986992592e-01,-1.180647692097973461e-01,-3.386633341192792079e-02,-2.390955198601533160e-01,-1.011989186267140961e-01,-3.061523632119463323e-01,3.058887588750711442e-02,-1.236054537409261994e-01,-2.236570168562619088e-01,-1.913981605129537467e-02,-1.640004539601096489e-01,-5.653096941185863367e-01,-2.793644979318536392e-01,-4.157987910186309866e-01,1.166898740538345608e-01,1.921705232742030589e-01,-2.506116243767176344e-01,-3.457062490381294095e-01,-2.932454970886941292e-01,-1.914673115727998920e-01,-3.986090012683602968e-01,-3.269777036483299537e-01,-3.940847247837923617e-01,-5.084529752692495963e-01,6.058421319662457560e-02,2.750803511584136163e-01,-2.753831150819093243e-01,-5.082775679729727436e-01,-1.979091855869670735e-01
1.597387178498968219e-01,-5.983392717457934884e-01,-2.075338875806697903e-01,2.159939082603694882e-01,2.514062045912954235e-01,4.495689912848247483e-01,2.863671457689495048e-01,-9.075804837053998153e-02,2.819972315440402166e-01,5.539222558598410062e-01,-2.456851483173369197e-02,3.366357998983952604e-01,7.901953503091259101e-01,9.017449846200929764e-02,-1.770982821525949602e-01,-2.222656266771087241e-01,7.615941559557648510e-01,1.391995651289393565e-01,6.102390270350774608e-04,-9.421006339039005029e-02,-4.775582127666233023e-01,-2.522105147105225265e-01,-2.322428097955036297e-01,-1.819576741753332894e-01,4.305490390671565942e-02,4.209629982651744845e-02,-3.340007889423309839e-01,1.683465311976923562e-01,-2.477535382029039113e-01,5.593513918656861650e-01,2.489454829146523496e-01,3.750264750561133065e-01,-4.327509717821888258e-02,-4.424950185041529038e-01,-5.230919130141198359e-01,-2.738670237153318365e-01,-8.958906045781074579e-02,3.359238907866717305e-01,1.489151586045737996e-01,4.477839112899407725e-01,-4.225020236805551721e-01,2.619486850225448693e-01,1.825953040515649606e-01,-8.059787866642621756e-02,3.282764963017063553e-01,4.060317947820357709e-01,1.188242981981802934e-02,-2.173178768430659991e-01,-4.408864137982916875e-01,5.703603704377843142e-01,-1.927409640535218405e-01,-4.838160515596157812e-02,-6.416139170501140854e-02,-5.210217587224553748e-01,-2.834078784972194343e-01,-4.265997376777860839e-01,-2.732095070222311239e-01,-2.826680197278333417e-02,-1.499422012293379902e-01,-3.771015346133245738e-01,1.104199303220396722e-01,-3.050764721513313793e-01,3.409814201467424866e-01,3.351807309836907223e-01,1.043091345866894171e-01,-1.423815310402137546e-01,2.441483522317313137e-01,-1.503648356217194282e-01,1.541436163801542317e-02,-3.120271971649214993e-01,-2.995192706923430204e-01,6.733932360829469888e-01,4.657372671301899802e-01,2.772586397734873656e-02,1.925181282869821708e-01,1.257150656641825848e-01,4.351944381267385253e-01,-1.855169228968108763e-01,5.108717699145356311e-02,-3.452712811559279782e-01,-3.171507714032720249e-01,5.468523372696519891e-01,3.998885385638024648e-01,-2.731145494010401298e-01
3.365966441231018624e-01,-1.253235115883264694e-01,-5.727934278835441345e-02,-1.215826221246249922e-01,-2.783418841704964897e-01,2.360208394778566254e-01,-1.135670741846380311e-01,-1.457030095078143128e-01,-2.162670589352280459e-01,3.937640937216880244e-01,-1.897772861306114556e-01,-4.388053385475325363e-02,-2.273611475363901402e-02,-3.482674578575752911e-01,1.925629924532087645e-01,7.048093209918693258e-01,1.391995651289392455e-01,7.615941559557648510e-01,2.748136027438577433e-02,1.481907541206734513e-01,1.132247582128974722e-01,2.651834045724920097e-01,-6.153654211269402041e-02,-1.305474625527915378e-01,2.646785001208588062e-01,3.363226379882595096e-01,3.564683001262985182e-04,-1.671631613761656032e-01,1.821455822717601702e-01,1.616406958743557831e-01,-3.602758874020774854e-02,-3.251370209471857176e-01,-2.469149932448881091e-01,-4.344949621662059780e-01,-1.057248554187398271e-01,-9.217531584290110380e-02,-3.293270080361876961e-01,-2.449635250435409639e-01,-3.061007871108176737e-01,-2.293429981093184356e-01,-3.948911242599923987e-01,-1.752742209632467407e-01,5.736857687612580137e-02,-2.619612875334603741e-01,-1.531321218743691148e-01,-3.194107194989880827e-01,-3.288726307726073661e-01,1.715445076483442521e-01,3.912374471979247759e-02,-7.464958779832277236e-02,8.489284012269947277e-02,1.514449330875647197e-02,1.139190850277269212e-01,-6.751330240603038713e-02,1.755048019297360817e-01,-3.075894537202901180e-01,-2.248651197998907947e-01,2.633306034298290091e-02,-8.707140111801034421e-02,-2.478998887794891387e-02,-2.194497181704591904e-01,-5.102598009652391936e-02,6.318377761520278281e-03,-1.227145385428566465e-01,-2.006364932998613848e-01,-2.775028369991658361e-01,-3.879710297889630843e-01,-2.221193580931415945e-01,-4.074786554854253340e-01,-7.755533067811218317e-02,7.077814412056787630e-02,-2.595790146772205403e-02,-1.551931471536463769e-01,-2.581255709797424802e-01,-2.040835239793978850e-01,-2.130464785160542940e-01,-1.561489923656364243e-01,-2.999948638415938507e-01,-4.361384066179840313e-01,4.988371466952834163e-03,2.745061233917580612e-01,-1.260789645297143435e-01,-2.683664738423748863e-01,-2.798639566790184774e-01
-1.854244648366090709e-01,-1.215162695432433215e-01,5.800239310570962648e-01,-4.504783843982974878e-02,5.113603588698641123e-02,-1.614701259566288516e-01,-1.288636922002691643e-01,7.299365728783456519e-02,-5.009890514720866106e-02,-1.066785116975303843e-01,5.385377122147783080e-01,1.214032124459588427e-02,-2.305493299645920147e-01,1.311499452509161667e-01,9.941524480994966273e-02,-2.327122868874023087e-01,6.102390270350913385e-04,2.748136027438588536e-02,7.615941559557648510e-01,-1.450168880055997256e-01,-4.547182683814404713e-02,-2.250198127073556598e-01,-1.731015845183053459e-01,-4.497804000497454546e-02,-1.522091750257813236e-01,-1.789964962592887343e-01,-1.750301062348141867e-01,7.345978378477373283e-02,-3.553278726989665959e-01,9.177852208369829956e-02,-2.174630358659003782e-01,6.418238736735994154e-02,-1.544588142233179473e-01,-1.933440892754801077e-01,-8.747650146690150175e-02,4.358185747731134763e-01,3.636737527737993192e-02,-9.877749476671833506e-02,-3.661234521493690330e-01,-4.353506957031016422e-01,2.804699513446542308e-02,-1.066528276753161142e-01,-1.495397823288115713e-01,4.008966558646661071e-01,-1.735597383265864713e-01,-2.889306384018469065e-01,2.459763372885718780e-01,1.018570831356378076e-02,-1.795159004731867181e-01,1.922053385066514047e-02,-1.496502521619383075e-01,9.233422876833469184e-01,-1.127418398012853262e-01,-1.373577061845963065e-01,-1.358534130087887537e-01,-1.069784528070766155e-01,-2.354762506112736617e-03,-3.619518471289911443e-01,-3.241567244228214517e-01,-1.032010014648853946e-01,-4.593321208041500209e-02,-3.882840259412814188e-01,-1.568532820600083144e-01,-2.333540134647317521e-01,-3.901119267126561957e-02,-1.382373765919869268e-01,-4.229321322384743120e-01,-7.762634647912998453e-02,-4.489912781433815780e-01,-2.383126493861079664e-01,-1.254251345220166458e-01,-1.447164435986191162e-02,7.577602014904147310e-02,-1.204528009780118369e-01,-2.208230701023602277e-02,-2.260494914628978849e-02,-3.903356090219656793e-01,-1.948118326217294638e-01,-3.037295985336790349e-01,-2.608591584560015497e-01,-6.996123306264445153e-03,-7.184619331300816369e-02,-2.271422648536713940e-01,-2.713620416047837214e-01
2.333230708234567963e-01,-3.834386329551063566e-02,6.118059545078212424e-02,1.088562889871140665e-01,5.692833340982562940e-02,1.517956249511216160e-01,1.729592924236839080e-01,5.444104181142997434e-02,1.008301222975365036e-01,1.447398548212636138e-01,-9.585737839273536509e-02,2.615899327576748923e-01,-1.897829006666614709e-03,1.944664904570921893e-01,6.560535698346526834e-01,2.530893751016855334e-02,-9.421006339039018906e-02,1.481907541206733958e-01,-1.450168880055997811e-01,7.615941559557648510e-01,3.092766313812000956e-01,7.241481427352880473e-01,-2.488240986254884948e-02,1.059653356077760733e-01,-2.540718239817393517e-02,2.961080402936790978e-01,2.866686378698833360e-01,1.332932413272179262e-01,3.790509728068350292e-01,2.167302861736415953e-01,7.537983042290925806e-02,5.232619449280850182e-02,1.717982538395456315e-03,1.925227786721018797e-01,1.029217023504994943e-01,1.691656171019991217e-01,2.326561869029304397e-01,1.386333044056271557e-01,3.116236123742402789e-02,2.704583600096269191e-01,9.485795645420918090e-03,4.801603069838232540e-02,2.022334640047102339e-01,-7.782813699922397355e-03,2.273714402012013691e-01,7.628464519639015229e-02,2.497554197403824283e-01,5.825550715736778074e-01,-2.925362181354025301e-02,-1.158593506561111930e-01,8.389251192411932567e-02,-3.409705590849859691e-02,7.180730536802367725e-01,1.516501620840884357e-01,5.079968173548899957e-01,4.657370810226525021e-02,6.638903761718754903e-02,-1.236701306005694584e-01,1.140074804989763269e-01,1.125137005401522505e-01,3.109499371100740706e-01,9.806766594405730286e-02,2.542173183968766265e-02,2.940087187079651887e-01,2.082041639617341344e-01,1.524018165887280063e-01,-1.047518398536784329e-01,-5.137507648730226667e-02,-4.191244254639676647e-01,2.332017599776448069e-02,-2.326685381698562483e-01,-1.474181199690741684e-01,-6.598494424746030595e-02,7.557214891432763315e-02,4.907473362930560995e-02,-3.495893337462757655e-01,1.032328821771980737e-01,-2.231884064433688475e-01,-3.359454467307172454e-01,1.262696409061778158e-01,-6.036367834443516489e-02,-2.470475043599208442e-01,-2.066850444160283906e-01,-2.109863877364136220e-02
-5.234946774800183777e-02,6.755471027177347709e-01,1.749789132168673156e-01,-2.296233929970864507e-01,-2.443762973956587203e-01,3.781955736367336590e-02,-4.324976922187531714e-01,2.578487336602449109e-01,-3.284847837484570765e-01,-2.882579981099769872e-01,-4.575024020803392794e-02,-2.185209740573394455e-01,-4.332478551841814629e-01,-2.289920006613795633e-01,4.600436226683234930e-01,2.651488738511129095e-01,-4.775582127666234133e-01,1.132247582128972502e-01,-4.547182683814426918e-02,3.092766313812000956e-01,7.615941559557648510e-01,4.766240672780474585e-01,4.289990596904333930e-01,2.718452338468650975e-01,1.652103053663109000e-01,3.628815988577575036e-01,3.446034349012029874e-01,-9.763144811110917309e-02,2.838572702421749971e-01,-2.661282988736317079e-01,-2.601810759397809591e-01,-1.263752850060946564e-01,1.950042760642304029e-01,-6.438342269907963711e-02,6.429928495574217528e-01,1.953668046420210247e-01,4.622635784127560044e-02,-2.189181262825038166e-01,-2.397347379372316289e-01,-4.533606167660060859e-01,1.773405312914135279e-01,-3.624957158177468108e-01,-3.405368867947355938e-01,-6.455711862337440432e-03,-2.356838595405265635e-01,-5.290849803818051811e-01,-8.457946445372685473e-02,5.243087366973051555e-01,2.399452858292965007e-01,-5.052382901064484955e-01,-8.201700857780234999e-02,9.421323761129290347e-03,-1.908696739432118924e-03,7.996783211934503921e-01,3.710460945039991687e-01,3.239481355398086682e-01,4.079300711552407699e-01,7.901499463283861990e-02,2.763850952675331318e-01,9.689893854758219183e-02,-1.236738602803009596e-01,1.975460928392908100e-01,-4.119378887560568581e-01,-2.471264783680986177e-01,2.648739748034548702e-01,2.947837621758039317e-01,-4.361165100785853177e-01,5.897693092068240217e-02,-3.377410513717605811e-01,6.525129182631904390e-02,3.005334095919033888e-01,-2.975429267558712398e-01,-3.721854914806036474e-01,2.508466816699651478e-03,-1.201808801659835779e-01,-4.137066884236639264e-01,-2.813259861062881728e-01,-9.656337808970308356e-02,-3.729766907351098060e-01,8.072768404913907569e-02,1.910663927104249149e-01,-2.290560857490369639e-01,-5.390436910080210753e-01,1.442722249080876373e-01
1.697270271908446759e-01,1.045145049086305677e-01,3.338940154969501084e-02,6.968230421147701692e-02,4.005141320119369464e-02,6.670639159720001543e-02,2.192947166137204085e-01,-8.332166916164207571e-02,-1.333508695142635730e-02,2.450782340183183250e-01,-1.437310465671884918e-01,8.657119702525771510e-02,-1.702913681012618585e-01,3.397392527610111623e-02,5.982051072344084508e-01,2.775969263349468141e-01,-2.522105147105225265e-01,2.651834045724919542e-01,-2.250198127073556043e-01,7.241481427352881584e-01,4.766240672780472920e-01,7.615941559557648510e-01,-1.011617418075943103e-01,-4.218284972597986793e-02,1.873332044265816482e-02,1.972678245235215677e-01,4.758953862915885069e-01,1.283598184404568165e-03,6.286809748802391073e-01,-3.491635347700687564e-02,-5.139378178801907310e-02,2.455281417991888454e-02,1.519021380207316307e-01,1.129974995236384255e-01,3.175510129682700411e-01,1.092512384302530837e-01,1.208985538168531187e-01,7.421288945789759894e-02,-2.119781619053893174e-01,2.169328848801701792e-01,-2.007800638716613351e-01,-2.274754935925264732e-02,2.050739005446254870e-01,-1.191287600712810507e-01,6.402893878835190511e-02,-1.313959240512376225e-01,7.460381986438165136e-02,6.090148357141963453e-01,3.300922142042292395e-01,-2.872250334600564559e-01,1.646672800418200744e-01,-6.633577517012247127e-02,4.834825109509530150e-01,3.688513249471536692e-01,7.053312118512979900e-01,-8.723036583662871490e-02,-2.923042669806656668e-02,-1.683578682072146004e-01,-5.749846713341164733e-02,2.685956087362933453e-01,1.337731885264473453e-01,3.437093520553904935e-01,-1.031400055760186285e-01,1.026045581702786785e-01,2.608246153111424825e-01,2.389924699480366344e-01,-2.133158908847822000e-01,-3.657482088146006560e-02,-4.543163078992680237e-01,1.580995948058761813e-01,-1.649058475214512931e-01,-1.359134011674907883e-01,-1.401850855371531979e-01,-1.434065126861139849e-01,1.352513945515470273e-01,-3.729338636198685775e-01,3.662374635892801794e-02,-2.314310240437325028e-01,-4.427425635014849981e-01,2.220444225004180316e-01,2.548704295573335846e-02,-2.424048335632337792e-01,-2.432026016440057004e-01,-1.992222283972366059e-01
-8.144944943657238257e-02,2.534203932397592340e-01,2.800916922256805885e-01,-1.887535215398840338e-01,-2.413944197756969223e-01,3.708355587779992857e-01,-2.322228151254144835e-01,7.143537365037889719e-01,-4.698985822554576641e-01,-2.511579798941838138e-01,-1.010433058969007619e-01,6.432016886305369496e-02,-2.530254110509484455e-01,3.967377714966402458e-01,9.034387569910776183e-02,-7.716641698567383578e-02,-2.322428097955035742e-01,-6.153654211269404817e-02,-1.731015845183051793e-01,-2.488240986254896051e-02,4.289990596904332265e-01,-1.011617418075941993e-01,7.615941559557648510e-01,2.831336636048872868e-01,2.817090725614498914e-01,2.238561976531437681e-01,-9.781144699715110802e-03,-4.784580064953450340e-02,-1.493682245889213778e-01,1.556706331991097869e-01,-3.229585244510566056e-01,-1.236763296727030892e-01,-1.875324535072656618e-01,-6.273957578206038055e-02,4.776894404798013444e-02,2.162333127192559434e-01,-5.837083860949976444e-02,-2.448631513803154192e-01,1.283310385605462151e-02,-3.918182843832884177e-01,5.785129908133509469e-01,-5.090439298942477375e-01,-1.994962728062299462e-01,-4.562242845396830698e-02,-4.408538566454165558e-02,-3.585891491152581878e-01,3.406822665307301379e-01,7.251276488270687326e-02,-2.011469403691772129e-01,-4.540918987894389525e-01,-2.583973172472379676e-01,-2.252285476017991117e-01,-1.588503492981074849e-01,1.535469203595212495e-01,-2.046405723554776124e-01,8.065798840756840393e-01,1.700913651166000573e-01,-1.803205259660154436e-01,-1.634701358230726889e-02,-3.217846766907094813e-01,-3.773095293570835618e-02,-3.348045638170150662e-01,-2.279192722953494663e-02,-1.683929525876626809e-01,1.142081911159502101e-03,-1.344459747431697161e-01,-4.215698591261190509e-01,3.276990720854459638e-01,-4.208770812035920739e-01,-2.598954449155551072e-01,9.586229510392837994e-02,-2.107279713934769316e-01,-1.361810219372699693e-01,2.222338342049392790e-01,-1.216083528934211629e-02,-2.649436339187624320e-02,-4.852935893695953240e-02,-3.930573666513757086e-03,-4.093169611429353649e-01,-2.680560604667341917e-01,2.812044470172336275e-01,-1.758537430132223189e-01,-2.276577431657751116e-01,1.949023079925445712e-01
-1.457835117696406613e-01,5.160317285165236800e-01,8.949252079060922294e-02,1.883899820556035956e-02,-2.631468765442616653e-01,-5.422325756579501194e-02,-3.810654063522634361e-01,5.258922135379879848e-01,-1.120511444557645703e-01,1.304740991052361632e-01,-3.693212096717109899e-02,6.432130590238804846e-01,-2.863055108304147778e-01,1.402142422545515632e-01,1.199866796924400486e-01,-1.080994555544603913e-01,-1.819576741753331783e-01,-1.305474625527915655e-01,-4.497804000497454546e-02,1.059653356077761011e-01,2.718452338468649865e-01,-4.218284972597972915e-02,2.831336636048871758e-01,7.615941559557648510e-01,1.861968817329634207e-01,5.470066169277851831e-01,-2.862851496906386184e-01,3.154636160873416362e-01,-3.092704663813383159e-01,3.989494842002160868e-01,-6.307705415021884476e-02,2.580496091966711369e-01,1.865530426895301297e-01,6.214863697102262358e-02,4.091028731682030961e-01,1.778157477822115695e-01,1.744019635985266659e-01,-7.433925494990921423e-02,1.853405052051558533e-02,-1.277456023268964680e-01,4.463164002580679024e-01,-6.571034620342466881e-02,3.227755251397522174e-01,5.949862875095737746e-02,5.473906398064269929e-01,-1.563619647121844425e-01,2.923143020805595849e-01,1.454838674871032633e-01,-1.502602835406910420e-01,-1.350762693021154703e-01,-1.031410543570379507e-01,-3.494111415136572085e-02,1.803546085007909916e-01,2.047381399355087395e-01,7.235709162327308430e-02,2.461810202669730552e-01,8.862620251848443154e-01,1.650462601586260292e-01,4.884916708324465451e-01,-3.511354639876603234e-01,3.335620632142875519e-01,-2.111109526180014739e-01,-1.068585738966520149e-01,-1.310810125940272963e-01,3.228291458491622246e-01,3.069087708736510378e-01,-3.765416312583638042e-02,2.812545927189396000e-01,2.951149183292392508e-01,1.671173969932120418e-01,1.393623597513483914e-02,2.519073469838403745e-01,8.737607580790356099e-02,5.988091923693373841e-01,3.824623355908273181e-01,-2.828734753961982193e-02,1.300938903003231450e-01,1.667087561417527897e-01,1.334832402789419836e-01,8.567782960298976624e-02,2.374182576602494876e-01,3.065104901120029868e-01,-4.911220798172352686e-02,6.996129732891182007e-01
-1.080013859140301624e-01,9.188893141180057289e-02,-8.101049302303003907e-02,-4.354716017298036757e-02,-3.312934803388130622e-01,4.566576646195604772e-01,-7.561324086420682933e-02,1.648625900428438429e-01,-3.321771629981987162e-01,2.178584192861224844e-01,-4.685852805154927525e-01,-7.785488618425759344e-02,2.048471446641166385e-02,-1.832190512201034016e-01,4.388700522233908441e-02,3.559672067207667046e-01,4.305490390671560391e-02,2.646785001208589172e-01,-1.522091750257816012e-01,-2.540718239817393517e-02,1.652103053663110110e-01,1.873332044265822033e-02,2.817090725614501689e-01,1.861968817329635595e-01,7.615941559557648510e-01,4.836330877027544273e-01,7.859956303360626090e-03,-3.258030701329835965e-01,-3.979318720943358229e-02,2.834683013187264122e-01,-1.987491226062373106e-01,-1.871979653155149970e-01,-1.367986066602181472e-01,-3.937698843192083409e-01,3.556169619710111435e-03,-1.166165000649136557e-01,-7.325199122506617644e-02,-3.481543619522447508e-01,-8.012218989815113324e-02,-3.567883283974198072e-01,-7.984221781083863934e-02,-3.983741238963482978e-01,-2.589173716960044627e-02,-3.750100473390044487e-01,-5.925144564744137810e-02,-4.459254538918918098e-01,-1.456320679449590039e-01,-3.925911099695021667e-02,-9.443274944411078620e-02,-5.594509091217184094e-02,-2.093464042227841937e-01,-6.015003289413695109e-02,-3.026701143317086021e-02,1.628519515706411402e-01,-6.602491050159961516e-02,1.286402661411252361e-02,1.653620434708205633e-01,2.002126726736814522e-01,1.045496925829642390e-02,-2.316743111996187876e-01,-3.203195407651289184e-01,-1.951660666923502596e-01,-4.220692660449930356e-02,-2.244449200260442145e-01,6.497071733570587704e-02,-1.772695936882403289e-01,-4.283787404673239374e-01,1.950436176854161707e-01,-6.533049450775765821e-02,-1.177203661184684363e-01,2.079157088502621709e-01,7.853982751176090404e-02,-1.459878911363802489e-01,5.304231431965442806e-02,-1.800177182048496582e-01,-2.170184535547686477e-01,-2.821245531026012748e-02,-1.916830621010098823e-01,-2.261741669281539802e-01,-1.493720320339479990e-01,1.781547952725024142e-01,-1.215274385510235339e-01,-4.517560125713576125e-01,1.952135466862500723e-02
1.571733314372460444e-01,4.383019170536834319e-01,-1.196518737737510829e-01,7.746756610245536523e-02,-4.326129126531829128e-01,2.918338375960826681e-01,-1.286261425279367210e-01,2.374704984046991652e-01,-3.507220338928920267e-01,3.962366923304811994e-01,-3.429529910094089584e-01,3.541601892516852423e-01,-2.221259829265920249e-02,-2.187843906080914058e-01,3.940264297574195274e-01,2.743754932172490779e-01,4.209629982651742069e-02,3.363226379882593986e-01,-1.789964962592887343e-01,2.961080402936789868e-01,3.628815988577576701e-01,1.972678245235214289e-01,2.238561976531436293e-01,5.470066169277851831e-01,4.836330877027544273e-01,7.615941559557648510e-01,-1.895485716889092620e-01,1.058471577321768858e-01,4.383890128686534354e-02,4.110218101950121605e-01,1.151072592750982532e-01,6.112833336254202415e-02,-2.227329941489663082e-02,-7.492814694401969677e-02,3.891639757906199537e-01,-9.584037698642380865e-02,-1.759431560626723845e-01,-2.982904748495009972e-01,-2.398525346636037059e-01,-2.258903627314368945e-01,-7.174082919103927369e-02,-3.079006601217426087e-01,1.839546627688305458e-01,-2.585169489353941752e-01,3.125032260623089031e-01,-2.504460359384544921e-01,-3.717164267124552918e-02,3.129362479507236117e-01,3.084551538351275324e-02,-1.746616809288557004e-01,-5.202610115346942982e-02,-3.311000028722436289e-02,3.279884359922201065e-01,7.162312173777214686e-02,2.076580314426528517e-01,-5.982225519759235000e-02,4.072848241522908364e-01,-1.119094001139688266e-01,4.403707717598799309e-01,-3.471969160348137851e-01,7.188334131480458855e-02,-1.555458172109565051e-01,-5.669367544056400088e-02,-1.808745559189351149e-01,3.707534593670093193e-01,1.012045986534392400e-01,-4.222668816075260678e-01,-6.436309474759911373e-03,-1.801489631698417471e-01,-6.505490621925748285e-02,-4.635277137317750373e-02,-3.844645979661116819e-02,-1.437045021843314230e-01,2.170770851434023485e-01,-7.471762978920125364e-02,-1.976528478120787025e-01,-1.194033895946074453e-01,-2.049679635068790140e-01,-2.732723314333375675e-01,-1.032415859752289777e-01,2.495706560153185261e-02,-8.621493572844880771e-02,-3.910641380267324552e-01,3.623655297602476621e-01
-6.334590045243503054e-02,-9.381919566821540768e-02,1.857239772259872482e-02,-1.726764144457976387e-03,2.276335629246623860e-01,6.524314758526743308e-02,4.257353453619205363e-01,-1.109920327379001342e-01,-9.266271838668098393e-02,-7.482035470514918074e-02,-7.710730880589039549e-02,-2.408729381715726814e-01,-1.945839708047576444e-01,-5.548297609612903164e-02,3.817071989997340431e-01,6.857829073787358566e-04,-3.340007889423309839e-01,3.564683001262985182e-04,-1.750301062348139647e-01,2.866686378698833360e-01,3.446034349012029319e-01,4.758953862915887290e-01,-9.781144699715166313e-03,-2.862851496906385629e-01,7.859956303360626090e-03,-1.895485716889092620e-01,7.615941559557648510e-01,-2.731800019018711390e-01,5.359321480249310543e-01,-1.142828153532109564e-01,-1.468670346573247576e-01,-3.116302846559527162e-01,-6.467845572653642405e-02,-5.459729245430148398e-02,3.736357204803893162e-02,6.777556761740879954e-02,1.552948025037719226e-01,2.004447240600071845e-01,-1.439148428908628707e-01,4.137340336688717923e-01,-7.076646623098480082e-02,-1.118297104856076918e-01,-2.178479734102452270e-01,-1.358719298693147545e-02,-1.777970055917605929e-01,-1.071777869720596382e-01,7.656275397204749533e-02,3.124304214275729352e-01,2.379697665749479496e-01,-2.350061099489881289e-01,-6.040555844088706106e-02,-7.285879837279815585e-02,1.066140681907713911e-01,2.849847181255210082e-01,3.597583724187563559e-01,7.600039810738114243e-02,-1.823257776004351682e-01,-1.884271785699762614e-01,-3.393710662507892772e-01,8.448891959752512504e-01,-1.793042156815492782e-01,3.934882196138153598e-01,-6.855526449906909625e-02,2.864234791252012746e-01,-2.810768139466015003e-01,-1.150825133617439239e-01,-3.915508451235182319e-01,-6.097955806520067440e-02,-5.343818428980953161e-01,-1.802567840622821271e-01,-6.075075355741660355e-02,-2.065772484583383861e-01,-7.201089210906158611e-02,-1.985382473601993158e-01,-1.565307540165642997e-01,-2.173583206475797336e-01,-2.292558765766959106e-01,-1.053247428697151739e-01,-4.473383042519462616e-01,-1.062307540995458682e-01,8.201206348611493613e-02,-3.479866088023996218e-01,-1.290852517664055343e-01,-2.608850004666796729e-01
3.166142782706703462e-01,-1.225155368910166021e-01,2.053820495340162311e-01,3.332228450396688690e-01,3.511973649009131337e-01,-7.554844458254782180e-02,2.497872114245129060e-01,1.191894716002831478e-01,3.568239020655870619e-01,3.790441756121205041e-01,3.750959212858402392e-01,4.914534347551849924e-01,2.960408541228184975e-01,-6.389832550076707078e-03,1.381405841386124378e-01,-3.463116533271735631e-01,1.683465311976923007e-01,-1.671631613761656587e-01,7.345978378477371895e-02,1.332932413272178429e-01,-9.763144811110931187e-02,1.283598184404568165e-03,-4.784580064953444789e-02,3.154636160873416362e-01,-3.258030701329835965e-01,1.058471577321769275e-01,-2.731800019018711390e-01,7.615941559557648510e-01,-2.245640199334400511e-02,3.890472196599925603e-01,4.922677328462588542e-01,7.526030727606963788e-01,3.528155663572030698e-01,5.976381930975638995e-02,-1.098224436285343691e-02,3.258162522009718232e-01,2.367046061026348847e-01,3.904710484496580203e-01,-1.009890721278944026e-01,3.637468864641791866e-01,-6.137679611605959679e-02,3.629887373762858416e-01,3.213126265213798183e-01,3.760563031137726386e-01,3.655780998625127731e-01,4.116175629144944170e-01,9.058773452528727510e-02,1.561300173233277355e-01,-2.536616356465028477e-01,-4.260053075553475732e-02,-5.561522796009605446e-02,8.813016869094461581e-02,1.076955873795774343e-01,-8.492797855651915140e-02,1.288925632437097346e-01,-4.927843032348386276e-02,2.208736680068070779e-01,-1.443781888237445632e-01,-1.108969727801538060e-02,-1.766877618385141180e-01,8.114380062635497826e-01,-4.562149413500869721e-02,1.477043578897995757e-01,5.072864789514592854e-01,5.407412643868400037e-01,2.471953152546911558e-01,2.081609953713657313e-01,-2.335478008035423714e-01,2.608051340958168762e-02,3.040920229078783454e-01,-2.130263833902607817e-01,5.037476015982587096e-01,3.854575600306162642e-01,3.636874658683224015e-01,3.910423471696010678e-01,-1.253715628193423637e-01,1.734026192749887618e-01,-2.967706036286000826e-01,5.181944587622197389e-03,2.370529105414553583e-01,-2.289419442279816974e-01,5.310123124428814956e-01,3.077706555264518862e-01,1.945377968652597656e-01
2.723068691425113430e-01,-2.229790269747281284e-01,-1.981181541260104359e-02,-2.766467218570644974e-03,-1.141060876246747895e-02,3.611712786078206117e-01,2.573435827945995680e-01,-3.872919451737982244e-01,-2.451285411603058573e-01,-7.205029773628995882e-02,-2.194407773202274037e-01,-2.137292903720247050e-01,9.765903588987422113e-02,-3.758488596967338169e-01,3.049609768693237744e-01,2.969899168313855364e-01,-2.477535382029039113e-01,1.821455822717601147e-01,-3.553278726989665959e-01,3.790509728068349737e-01,2.838572702421747751e-01,6.286809748802391073e-01,-1.493682245889213778e-01,-3.092704663813383159e-01,-3.979318720943336024e-02,4.383890128686517701e-02,5.359321480249309433e-01,-2.245640199334406062e-02,7.615941559557648510e-01,-3.157473748938023905e-01,1.373229740316922985e-02,-1.138926214096671607e-01,8.689926269743360188e-02,2.718481836481300151e-01,3.696278092380046211e-03,1.233524811200658634e-02,9.510040851007423024e-02,1.533507531398704653e-02,-3.925718359090150933e-02,1.136592612505068073e-01,-4.357391694742300814e-01,-1.941609368650714651e-01,-2.773401225451233576e-01,-9.844749278733046227e-02,-2.632790133464313342e-01,-9.539770051863294409e-02,-3.313641971744547554e-01,3.468651488238192471e-01,2.159528144934283744e-01,-2.554180018178301426e-01,1.415925884142182206e-02,-2.250287203804670344e-01,1.755062138951501705e-01,1.693934503981033846e-01,4.848412791997981364e-01,-2.397064566858604917e-01,-1.770356927498063504e-01,-7.751317714216321431e-02,-1.727790650640975700e-01,4.053710660964186530e-01,1.848518759221676466e-01,5.196235997822828967e-01,-3.742231296981024524e-01,1.940497572802847293e-01,2.478442019298970345e-01,1.009312994695390070e-01,-2.612708074807659209e-01,-2.020586543134607893e-01,-4.610260569845212042e-01,1.178226355043925228e-01,4.989440931109972305e-02,-6.402301333321228083e-02,-1.193000623467591892e-01,-2.667981063366340333e-01,3.215598766118995394e-02,-4.637261963239794338e-01,-1.440755221413426712e-01,-3.016001232862072223e-01,-4.475061112223863158e-01,1.168106849761292032e-01,2.494282272517352878e-02,-1.977592153873761471e-01,-2.388841193695026843e-01,-2.641871837704760084e-01
1.080942551370371874e-01,2.475721136011234738e-02,2.006133067974535111e-01,2.189627462486100906e-01,2.314182736285095021e-01,3.044133954039788259e-01,-5.300239149225607210e-02,4.622457030390532684e-01,1.691428599250291986e-01,2.979279560675212046e-01,1.920906245385805011e-01,7.195860338795959654e-01,4.800577757450009142e-01,1.561702618868912318e-01,5.202763566540521273e-02,2.678323072691322221e-02,5.593513918656861650e-01,1.616406958743557276e-01,9.177852208369827181e-02,2.167302861736415398e-01,-2.661282988736317079e-01,-3.491635347700688952e-02,1.556706331991097592e-01,3.989494842002159758e-01,2.834683013187263567e-01,4.110218101950121605e-01,-1.142828153532109148e-01,3.890472196599925603e-01,-3.157473748938023350e-01,7.615941559557648510e-01,9.690869525281101127e-02,3.922930125408742308e-01,1.187270192477496433e-01,-1.594067640259617946e-01,-7.542877583541009179e-02,1.339068165721234993e-01,3.974828234525160098e-02,2.707082949889374479e-01,-2.731340083193977142e-01,5.864874145894003431e-03,5.396859605462164811e-02,2.557127718208219158e-01,3.345888785703132751e-01,1.895277523430731192e-01,4.538623139983188337e-01,-1.722786009351421135e-03,2.275491998428166573e-01,-6.885619312768857803e-02,-3.861096664305748161e-01,1.121003287688806666e-01,-3.463746920844451016e-01,3.842904528918207607e-02,1.557370454483006372e-01,-5.718708443700812882e-01,-2.781275367013789912e-02,-1.793276212231036393e-01,2.692655089036745664e-01,-3.325811379798800926e-01,-1.084920144194423119e-01,-1.674509792513646511e-01,2.166830887402170225e-01,-4.835688630611061356e-01,1.798951631386274674e-01,1.999014136482241411e-01,2.746551629828619667e-01,1.596913384461717822e-02,-1.656121848089739113e-01,2.688308948990437985e-02,2.486809156283326383e-01,2.391885884988181332e-01,-1.473943528754077248e-01,1.746092347600315953e-01,2.686153359583544620e-01,3.261431576690458911e-01,1.524397108234587239e-01,1.221424765908012550e-01,4.053930786362125449e-01,-1.785024949657295357e-01,1.623161719257618374e-01,2.485005339026863935e-01,1.791934840034810350e-01,3.887660466202077503e-01,3.097206014215680425e-01,2.258410673486833664e-01
3.246560188018700055e-01,4.089906981021586285e-02,-9.415871652495269584e-02,6.164895278002169299e-01,2.117230189787963346e-01,-6.419569311605123618e-02,2.849469376702876144e-01,-2.714568640191656820e-02,3.922244516587436447e-01,2.381879802874005136e-01,-9.790253859333781714e-03,3.263709479163998117e-01,4.525908909765420374e-01,-2.718456102024715548e-01,-1.455831372779521626e-01,-7.964395383385769467e-02,2.489454829146522663e-01,-3.602758874020769303e-02,-2.174630358659004614e-01,7.537983042290923030e-02,-2.601810759397809591e-01,-5.139378178801905228e-02,-3.229585244510566056e-01,-6.307705415021877537e-02,-1.987491226062372551e-01,1.151072592750981560e-01,-1.468670346573246743e-01,4.922677328462588542e-01,1.373229740316918475e-02,9.690869525281101127e-02,7.615941559557648510e-01,3.031603951842962719e-01,3.087514557725443698e-01,8.232915375432699190e-02,-1.949237548727879993e-02,-1.290569517755068563e-01,7.943507243469853651e-02,2.569774391489521026e-01,-1.951963497640927803e-01,1.156164026823073843e-01,-2.469305324358052056e-01,2.936112011183855675e-01,-8.729545855240353203e-02,1.078460808851471886e-01,2.733431225745163728e-01,2.963181531116782508e-01,-1.750566561550366551e-01,-1.409318974965781679e-01,-2.769571930145695582e-01,-1.327714360050545050e-01,-1.178926853348238740e-01,-9.060282871648143999e-02,7.949709627443736493e-02,-3.597513488861749376e-01,-1.595173522411439948e-01,-3.965137341946451399e-01,2.863073578064931693e-02,-4.232204960349810752e-01,-1.230140310765996531e-01,-2.931509099489535419e-01,3.754708317461096234e-01,-2.021367129617881730e-01,-1.248642693708454238e-01,7.258236132023551668e-02,1.765620618029756228e-01,2.972864263242572941e-02,7.900660207705073601e-02,-2.120293319127991294e-01,1.502548958758151143e-01,1.966553704713546735e-01,-3.654293078200557265e-01,3.065121593121119536e-01,3.381574878017282182e-01,-8.740952657658712655e-02,2.427151840993146611e-02,2.662302123218935335e-01,1.233814357510133880e-01,-2.634123836304529953e-01,2.899104644994418556e-01,6.896571905761655907e-02,-3.164393047172595619e-01,2.680258684862391605e-01,3.676139956085425764e-01,-1.243423983347478716e-02
2.906445072209509761e-02,-2.214868819134313549e-01,1.844879718458672102e-01,3.541587177856355129e-01,2.549997737384211982e-01,1.196415461675155549e-02,1.422176666180701432e-01,8.958384579154937688e-02,1.734082716298445126e-01,1.871951848031591370e-01,2.789582254207157996e-01,4.775881632652246855e-01,2.438993185596562419e-01,2.248093964446055137e-01,1.912609874468122750e-01,-3.192343256902183124e-01,3.750264750561131954e-01,-3.251370209471857176e-01,6.418238736735991379e-02,5.232619449280844631e-02,-1.263752850060947952e-01,2.455281417991869025e-02,-1.236763296727031308e-01,2.580496091966711925e-01,-1.871979653155150525e-01,6.112833336254194089e-02,-3.116302846559527717e-01,7.526030727606963788e-01,-1.138926214096671885e-01,3.922930125408742308e-01,3.031603951842962719e-01,7.615941559557648510e-01,3.745140115747898069e-01,-1.073450889091171201e-01,-7.205514765025114454e-02,1.954581596415495004e-01,4.112331354452078980e-01,2.699539632708397030e-01,1.456148317212726528e-01,2.616283907703521594e-01,9.490296499497449106e-03,9.243398182030111709e-02,4.079673920795917064e-01,2.246988507683649605e-01,3.822319347714728255e-01,2.947628602630275041e-01,2.956924750351744846e-01,2.345672852174986445e-01,-2.930598044970086358e-01,3.371396135538679006e-01,-5.447251363724753270e-02,8.547581019516599377e-02,-8.995981255640571328e-04,-1.215376539384850629e-02,1.363840041039973139e-01,-9.107508297668849909e-03,2.561694261624284930e-01,1.237453602853106766e-01,1.597452266433254664e-01,-2.739765240402244340e-01,7.030005085058962377e-01,-1.091435876697052637e-01,2.768370168289671085e-01,3.292782833987002444e-01,7.738174440316043512e-01,4.427756418498540181e-01,3.113044997376062106e-01,-1.781556351583279130e-01,2.178926810349472720e-01,8.580998976553233515e-02,-1.194181518439247081e-01,5.449014966969404350e-01,4.029580150525837179e-01,4.252498569459352562e-01,5.491022192648031819e-01,-1.806161313813784697e-01,1.799665741626164939e-01,-2.442957819106977846e-01,7.561925210438841249e-02,1.440046518455894431e-01,-1.305266820740965672e-01,6.047718862516550109e-01,4.412335579934913432e-01,1.425888837400144382e-01
2.038953255522680738e-02,2.350712017193914427e-01,3.004352214983603900e-02,4.456493831958939777e-01,2.552245930985818090e-01,-1.605103471506266755e-01,1.994173942392108989e-01,-2.391080750211447420e-02,2.712168109239616043e-01,2.354083523601947225e-01,2.428464084562803604e-01,3.386029210252568533e-01,-1.282495213216093000e-01,7.398187888571249038e-02,1.963406787784811591e-01,-3.508383778238196443e-02,-4.327509717821885482e-02,-2.469149932448881091e-01,-1.544588142233179473e-01,1.717982538395567338e-03,1.950042760642303474e-01,1.519021380207315752e-01,-1.875324535072656340e-01,1.865530426895301297e-01,-1.367986066602180639e-01,-2.227329941489657530e-02,-6.467845572653636854e-02,3.528155663572029588e-01,8.689926269743354637e-02,1.187270192477496433e-01,3.087514557725444253e-01,3.745140115747897513e-01,7.615941559557648510e-01,1.318826774851611650e-01,4.359821774249962867e-01,1.229471990408894794e-01,2.297757745399473805e-01,2.713328750601836092e-01,-2.258131184664206870e-01,1.877137193492112444e-01,-2.214246385053445232e-01,1.677941474485495077e-01,1.707534760639322913e-01,2.771865848122464504e-01,2.477293849752980615e-01,-2.891438584110692794e-02,3.841587578709984574e-02,3.476291467636318799e-01,-8.884186917087022461e-02,-2.371782841753465321e-01,1.128089253409460951e-02,-4.526854443230366593e-02,-1.082759756785345306e-01,2.777371108330145000e-01,5.445549615244112823e-02,-1.923832907612773868e-01,2.880901049922388601e-01,-3.314430473535445731e-02,-1.248836012955673869e-01,-1.763035244000806800e-01,4.494854251035650949e-01,-3.667722349525778976e-03,-2.034140094523634312e-01,1.523607948934586342e-01,5.241055093812753141e-01,5.448588090122269412e-01,1.629569284251229100e-01,-1.943075438503715502e-01,-1.963928573766969207e-02,2.970126957503552712e-01,-7.946329888753064785e-02,3.983403781878992467e-01,1.122167184784206018e-01,1.834886748102249887e-01,5.686830773261511984e-01,-1.572286576368007449e-01,1.633660054740045109e-01,-3.240580745125197226e-01,-4.336273681782248229e-02,1.560898362947816809e-01,1.479658642450733079e-02,2.893958092348288824e-01,-4.068411295518709753e-02,1.297628001069451864e-01
1.344512612755225378e-01,1.299701601786864835e-01,1.712549630739066686e-01,1.160752425667087168e-01,1.961216461258516730e-01,-3.109640539647001711e-01,9.883039391434846055e-02,-2.685708016831444001e-01,3.954069915586058692e-02,6.291253040925616491e-02,1.914774803448449081e-01,-1.187321075455798486e-01,-2.927266756701918937e-01,-1.096209801420727770e-01,2.763347009752082362e-01,-2.601057319202244034e-01,-4.424950185041529038e-01,-4.344949621662058115e-01,-1.933440892754800522e-01,1.925227786721018797e-01,-6.438342269907958160e-02,1.129974995236384255e-01,-6.273957578206040830e-02,6.214863697102259582e-02,-3.937698843192083409e-01,-7.492814694401976616e-02,-5.459729245430156724e-02,5.976381930975617485e-02,2.718481836481299596e-01,-1.594067640259617391e-01,8.232915375432696414e-02,-1.073450889091170785e-01,1.318826774851612205e-01,7.615941559557648510e-01,3.660659262917483336e-01,2.244231932139814922e-01,2.258384875498654909e-02,3.019896572277300795e-01,-1.924957274438431620e-01,2.706687282372086112e-01,-2.565537721866229526e-01,2.486035653643717865e-03,-4.728528306727993770e-03,1.075566953347857485e-01,-1.203125708555563417e-01,2.235546240944713825e-01,-7.567323053504512731e-02,2.785106700247609313e-01,4.080057226383186908e-01,-4.840752913543498459e-01,2.046235097546390269e-01,-1.768907988621686300e-01,1.355991850055508208e-01,7.209364684086203706e-03,2.892067163229440352e-01,-1.314871917385111721e-02,-8.085789477447019548e-04,5.917346243198959299e-02,1.395787424294567813e-01,-9.331482489660787930e-03,3.800766091214129450e-01,3.492097913652403296e-01,-3.019733122290212957e-01,2.432269586999502298e-01,2.763051541895595459e-02,1.465442931119138870e-01,6.416392186339323067e-02,-3.708095230709270718e-01,-3.565773612073777632e-01,1.677460478932523147e-01,-2.923481969904253089e-02,-3.309997042235490738e-02,5.272016226210767681e-02,1.686897335907898768e-02,-7.306819145252370883e-03,-2.318193236444290872e-01,-2.544542285273675430e-01,-3.564759960454201848e-01,-2.843864440665424542e-01,1.456798174169193494e-01,2.408309227194940089e-02,1.113460802317077364e-01,-3.691217011197726189e-02,-5.497764347024860360e-02
-5.275126439062738370e-02,8.177225465808041216e-01,8.120013242137702481e-02,4.309951923119886147e-02,-2.474542600746689747e-01,-4.106520794047912037e-01,-4.645646770962312266e-01,-8.772147007098420046e-02,-1.354678704256348232e-01,-4.516485530665977077e-02,9.099101468593076558e-02,-1.178127593019941549e-01,-5.414911200814697123e-01,-3.431485234143089591e-01,4.245153880967297844e-01,9.826622977406254678e-02,-5.230919130141198359e-01,-1.057248554187398548e-01,-8.747650146690172379e-02,1.029217023504994943e-01,6.429928495574217528e-01,3.175510129682700411e-01,4.776894404798018301e-02,4.091028731682031516e-01,3.556169619710333480e-03,3.891639757906200647e-01,3.736357204803887611e-02,-1.098224436285343691e-02,3.696278092380157233e-03,-7.542877583541009179e-02,-1.949237548727879993e-02,-7.205514765025128332e-02,4.359821774249962312e-01,3.660659262917482781e-01,7.615941559557648510e-01,1.935227220252010438e-01,6.730703875052193585e-02,-1.052520204570764617e-01,-3.861063801293084796e-01,-4.232609941179033552e-01,-1.180213461387754903e-01,-1.463318419766914957e-01,-1.197633715800743709e-01,7.233456249142584948e-02,-1.201659156621599361e-01,-3.995189315746444092e-01,-2.209435524735714473e-01,5.359374526722859855e-01,4.066947087030173824e-01,-5.919319743149704660e-01,1.592785998354822041e-01,-3.959855734102266100e-02,1.997615452415148554e-02,7.408453656919145036e-01,4.642538815384577577e-01,4.250379554560890921e-02,6.207593277946674704e-01,2.551079297012435743e-01,3.997685823900898328e-01,1.025271019887010436e-02,9.326568985707664461e-02,2.233927764901323665e-01,-3.946716945354379336e-01,9.603807451772970825e-04,4.002962098835176064e-01,4.678292180447071180e-01,-2.980011173421756032e-01,-5.466548046347642631e-02,2.350153787933852434e-01,3.612891383473008644e-01,3.038854680795636809e-01,5.305710675928203973e-03,-1.972930046181806119e-01,2.792118051384414601e-01,1.743277212043073121e-01,-3.478123969046137964e-01,-4.209342680094981248e-01,-1.798399355462738380e-01,4.677795091389013588e-02,3.998966514298815111e-01,2.354513711341812143e-01,1.185071621791461416e-02,-3.004037240264028630e-01,5.246399358972870797e-01
-6.730633745722612582e-02,1.039773100859664734e-01,8.582128063470406687e-01,1.083249090973586667e-02,3.537522983222801121e-01,-1.534928427955804531e-01,-2.272229898625893751e-02,2.899932777880898649e-01,2.510960452622766348e-01,-1.683049798155282217e-01,5.409755126817067383e-01,6.763464460529981792e-02,-1.853905888991312367e-01,1.824958156229775363e-01,2.846847183986197516e-01,-8.387280231732872904e-02,-2.738670237153317255e-01,-9.217531584290106217e-02,4.358185747731135318e-01,1.691656171019990662e-01,1.953668046420210802e-01,1.092512384302530282e-01,2.162333127192561100e-01,1.778157477822115418e-01,-1.166165000649137390e-01,-9.584037698642386416e-02,6.777556761740879954e-02,3.258162522009717676e-01,1.233524811200658634e-02,1.339068165721234716e-01,-1.290569517755068563e-01,1.954581596415495004e-01,1.229471990408895488e-01,2.244231932139814922e-01,1.935227220252011548e-01,7.615941559557648510e-01,8.011529248970655770e-02,2.899613066760922675e-01,-1.798315247028464958e-01,-1.707458978610986444e-01,3.265413195760613063e-01,2.569020515792684312e-01,-2.512700807661952251e-01,5.902504484526504003e-01,-1.739939641351505861e-01,-1.460767404360481803e-01,2.395146120504221543e-01,2.516280761509635533e-01,-4.910635046176949417e-03,-3.622633088189279871e-01,-7.834385943186530921e-02,3.765985890853431051e-01,6.381353684647672608e-02,1.460425006902432987e-01,1.037112867093503144e-01,3.542988169786310260e-01,1.788390751056014027e-01,-2.430276758313648366e-01,-1.718696645314721216e-01,1.047365421643813715e-01,1.792577142437380699e-01,-7.388364890162625598e-02,-1.211244801999350057e-01,1.067968992886280805e-01,-8.796771118346886909e-02,7.874807864899828480e-02,-3.812320218415042317e-01,-1.141920937829603855e-01,-4.172248788609588255e-01,-4.452071174797755243e-02,-5.171541422404409699e-02,1.601666786814790258e-02,3.235785726552338482e-02,-5.195840190550993221e-02,-7.617615353531026479e-02,-1.440906467512293454e-01,-3.388802856105927463e-01,-2.249008538138124735e-01,-3.872172755881723716e-01,-5.305562269096802258e-02,8.578801676300151779e-02,-1.403999997266755506e-01,-2.285527171360922372e-01,-6.636757502838717959e-02
-7.599101851436808330e-02,1.487084134156737084e-02,6.370110520962871115e-02,3.819761434244027809e-01,2.760652551295172952e-01,6.516303319430040430e-02,2.444852137727649699e-01,1.094292000503093026e-01,1.916699845834153870e-01,-4.478336961248981923e-02,9.211874187453308882e-02,3.736184559385317128e-01,3.984862295034340141e-02,2.039698411380336251e-01,-1.210855656712285858e-02,-2.602739725415690875e-01,-8.958906045781080130e-02,-3.293270080361876961e-01,3.636737527737993192e-02,2.326561869029305507e-01,4.622635784127554492e-02,1.208985538168530910e-01,-5.837083860949976444e-02,1.744019635985266103e-01,-7.325199122506620419e-02,-1.759431560626723845e-01,1.552948025037719226e-01,2.367046061026348569e-01,9.510040851007427187e-02,3.974828234525165649e-02,7.943507243469849488e-02,4.112331354452078980e-01,2.297757745399474083e-01,2.258384875498654909e-02,6.730703875052197749e-02,8.011529248970647443e-02,7.615941559557648510e-01,2.753559888744454565e-01,2.909634626213241093e-01,3.334906315909018648e-01,2.025482088207728459e-01,1.938399066886570543e-01,3.918327844075682465e-01,1.815430454126628068e-01,3.370890891028097691e-01,2.212435777397622205e-01,1.578919407808286046e-01,5.708824144937841433e-02,1.419309116881087643e-02,2.422832305019309851e-01,-1.056694900488547610e-03,9.501903181185135383e-02,1.187955271367159976e-01,1.412830476358994114e-01,4.260772575809845114e-02,1.912876987489208203e-01,3.544507098602245887e-01,2.227240220716255048e-01,1.483944291537371007e-01,1.696383576440998742e-01,2.980418130059115933e-01,2.026618209021212869e-01,1.042563771699323433e-01,4.490255899998815692e-01,2.094768309298769005e-01,2.578327050606069037e-01,-4.731975856853117696e-02,2.363243178677494356e-03,8.487496192225743585e-02,1.623725615411633905e-01,-1.239185708434380889e-01,5.553182311455974185e-01,3.502094252045868661e-01,2.879722379261935306e-01,3.096978262796563630e-01,-2.180654963463778476e-02,-1.442413798169112360e-01,-2.721798905790197721e-03,2.584197141413221432e-01,2.850979202297935777e-01,1.118514111348607454e-01,5.406200911661892539e-01,3.820541611397773596e-01,1.063676908422722250e-01
1.150487176698818392e-01,-1.670802147611759880e-01,1.499520058721717786e-01,3.893648049335474703e-01,8.817392365329490556e-01,-8.099072037734442175e-02,3.033679032612409121e-01,-4.494516681563201499e-02,7.775629859955005552e-01,4.021535685484495248e-01,4.733153442548567735e-01,3.533891872631115261e-01,2.122695869052460826e-01,1.498104847549338869e-01,1.932655874022842224e-01,-3.552628282544173510e-01,3.359238907866717305e-01,-2.449635250435409639e-01,-9.877749476671822404e-02,1.386333044056272668e-01,-2.189181262825038721e-01,7.421288945789757119e-02,-2.448631513803155857e-01,-7.433925494990918648e-02,-3.481543619522447508e-01,-2.982904748495010527e-01,2.004447240600071012e-01,3.904710484496580203e-01,1.533507531398712979e-02,2.707082949889374479e-01,2.569774391489521026e-01,2.699539632708396475e-01,2.713328750601837203e-01,3.019896572277301350e-01,-1.052520204570764062e-01,2.899613066760921010e-01,2.753559888744455675e-01,7.615941559557648510e-01,-4.526832616158719957e-02,5.696855641553549843e-01,-1.089752390708163404e-01,8.674912937192089668e-01,2.435305363276967783e-01,6.699471849811420299e-01,4.047269772974120827e-01,3.967238807494276043e-01,2.593979141872188032e-01,9.557836307187299318e-02,-1.216242097621786367e-01,5.879124790536248424e-02,-2.229952150135537103e-01,4.051960925756492582e-02,6.194177930876306609e-02,-2.580034603959079353e-01,4.119086395604527884e-02,-1.395080352020327819e-01,-8.324464131159328706e-02,-3.629124527074033546e-01,-3.936968585069942073e-01,2.309834388299985275e-01,3.849769335849633212e-01,-6.253376566403756609e-02,2.590781828440998913e-01,6.990889046438104604e-01,-1.049976937048903436e-01,9.549332595866061313e-02,-1.885711833702286566e-01,-3.294907718551512987e-01,-2.030699346308018904e-01,7.028841137881211565e-02,-3.623713496038958315e-01,4.234325060794190132e-01,5.662844036410119575e-01,1.775416646750405392e-01,2.580469942031908825e-01,1.200503534647063934e-02,-2.197263823710811081e-01,-2.943163145599799191e-01,-5.170266312267186165e-02,9.525426660976409055e-02,-2.641790544494288517e-01,3.671543184746675070e-01,4.911218368742801821e-01,7.764127548626902076e-02
-3.352436255843679325e-01,-4.329949184143989660e-01,-2.807735035660446909e-01,-2.793439910835411599e-02,7.065257301781266430e-02,4.373362506068612654e-01,1.043943810576234976e-01,-1.247877350580586103e-01,-3.206333119822565858e-01,-2.040096266279829429e-01,-3.735576828213335587e-01,4.392893403027829657e-02,2.700517091938768877e-01,1.290356336650629598e-01,-2.576882118458836621e-02,-4.450989778801613395e-01,1.489151586045736886e-01,-3.061007871108178402e-01,-3.661234521493691441e-01,3.116236123742409381e-02,-2.397347379372317400e-01,-2.119781619053893451e-01,1.283310385605473253e-02,1.853405052051533553e-02,-8.012218989815124426e-02,-2.398525346636036781e-01,-1.439148428908628707e-01,-1.009890721278946246e-01,-3.925718359090162035e-02,-2.731340083193978252e-01,-1.951963497640927525e-01,1.456148317212726528e-01,-2.258131184664206870e-01,-1.924957274438429955e-01,-3.861063801293085351e-01,-1.798315247028464958e-01,2.909634626213239983e-01,-4.526832616158728284e-02,7.615941559557648510e-01,2.170621487558239970e-01,7.830623912410931975e-02,-3.382075364885743229e-01,2.805137680665995559e-01,-3.537205211251683301e-01,2.129291978968276544e-01,4.606738451272724411e-01,2.184800899416455555e-01,-1.909560320972161218e-01,-7.057142720134958191e-02,4.958134885118140045e-01,9.485637537544029663e-02,-4.429087018742990933e-01,-1.015793265289677005e-01,-1.234694398851798741e-01,-1.365437026282944888e-01,2.116896251192636746e-01,8.912759678947780595e-02,4.270465901747770854e-01,3.771493057961733952e-01,5.736957477904392616e-02,7.269837819379780519e-02,5.702888808015150329e-02,1.975102616551951684e-01,3.880106222797202187e-01,2.407605874659107803e-02,-1.864649477608559536e-01,1.502164971673894400e-01,8.076288867483646938e-02,-1.117090294017002577e-01,-3.122795438997806872e-01,-1.842125857525648558e-01,2.334730936192277173e-01,1.621856022261225147e-02,1.783242558438703218e-01,-4.777753265096181153e-03,-2.073093979618793603e-01,-1.867657465018252583e-01,1.334512769053291248e-01,-4.821976803384427079e-02,-1.807941151505698674e-01,-2.872950396887716598e-02,2.303707482356851521e-01,1.892628997698738158e-01,3.456716590253098437e-02
6.850939486201101936e-02,-5.481320128031843542e-01,-3.171155520336845224e-01,3.684436909096371338e-01,5.927958458785639317e-01,1.081779192611353885e-01,6.882794916217761516e-01,-2.170905519238935377e-01,3.908678891040085479e-01,4.642703044344343999e-01,-1.266885258560072336e-01,3.761489797867868523e-01,5.407376467708298051e-01,-2.701028358226278403e-01,1.718453219653323372e-01,-4.032666971556841951e-01,4.477839112899408280e-01,-2.293429981093184911e-01,-4.353506957031013647e-01,2.704583600096269191e-01,-4.533606167660060859e-01,2.169328848801701237e-01,-3.918182843832884177e-01,-1.277456023268965235e-01,-3.567883283974196407e-01,-2.258903627314368945e-01,4.137340336688717368e-01,3.637468864641792421e-01,1.136592612505068489e-01,5.864874145894003431e-03,1.156164026823074398e-01,2.616283907703522704e-01,1.877137193492111888e-01,2.706687282372086112e-01,-4.232609941179034108e-01,-1.707458978610986444e-01,3.334906315909019758e-01,5.696855641553549843e-01,2.170621487558239415e-01,7.615941559557648510e-01,-3.279599024202844992e-01,4.201278276773148246e-01,4.947857818464075352e-01,-1.551017846919356541e-02,5.744830362841877314e-01,7.044648625920854057e-01,-1.947691235814868749e-01,-2.193113158870120885e-02,-6.459262619828767815e-02,4.096774655666704512e-01,-3.572780396481902571e-02,-3.773758231305244792e-01,2.543216280510275373e-01,-4.047620499615458001e-01,2.027495846473341690e-01,-2.734411042285971871e-01,-8.342626720204156243e-02,-1.345585305430132550e-01,-1.203320186477218334e-01,5.148915411966337174e-01,4.276193800542033574e-01,1.732194115994868666e-01,4.081762490107140318e-01,7.445276149369688401e-01,7.670261810034595396e-02,-1.865788875070331296e-02,1.549761298028478063e-01,-3.104416805269019641e-01,-1.394582966452858619e-01,-8.595240617959458429e-02,-2.971257454531004427e-01,6.427753508089657508e-01,5.606428870817533605e-01,1.368131031131509523e-01,3.018763769099443994e-01,5.941699192363501802e-02,1.093547024846614792e-02,-2.783958543341977787e-01,-1.448195965469152857e-01,-1.202380058413765052e-01,-2.809858300362623185e-01,5.566660888749257463e-01,6.554206734897376485e-01,-9.235871512018048457e-02
-3.844342647349158759e-01,5.575133992414719325e-02,3.349911433172585440e-01,-8.993189427602460428e-02,-6.547579318775466339e-02,-8.495419206336776805e-04,-3.261723354954410570e-01,7.856198333490341801e-01,-2.821734945192275745e-01,-3.974817763480182897e-01,1.335293979234311312e-01,2.206341011586527567e-01,-4.208529469878778406e-01,6.865883345061567500e-01,-9.472980241505093470e-04,-4.399839567748196067e-01,-4.225020236805552831e-01,-3.948911242599926208e-01,2.804699513446547859e-02,9.485795645420890335e-03,1.773405312914135001e-01,-2.007800638716613628e-01,5.785129908133509469e-01,4.463164002580679579e-01,-7.984221781083858382e-02,-7.174082919103910716e-02,-7.076646623098480082e-02,-6.137679611605951352e-02,-4.357391694742301369e-01,5.396859605462164811e-02,-2.469305324358050668e-01,9.490296499497483801e-03,-2.214246385053446620e-01,-2.565537721866230636e-01,-1.180213461387755458e-01,3.265413195760614173e-01,2.025482088207727349e-01,-1.089752390708163543e-01,7.830623912410937526e-02,-3.279599024202844992e-01,7.615941559557648510e-01,-3.569228084690694858e-01,-4.291154244236367044e-02,1.518405789841379694e-01,2.471023602789406415e-01,-2.863941648993630351e-01,6.656995622940252710e-01,-6.834352821083730656e-02,-3.501283010952323527e-01,-2.450796067677021572e-01,-3.203484504942362698e-01,-4.771845408401771682e-02,-6.104552724953785092e-02,-2.640966541245557287e-03,-2.147937927686157378e-01,6.847039341318045258e-01,4.501660414932338039e-01,-1.517481635126234074e-01,9.664378190189956697e-02,-1.592355101905199855e-01,-6.020389179681458203e-02,-4.549585757926363772e-01,9.130178526477396306e-02,6.767239694678724160e-02,-2.819543586918672393e-02,-4.834387704951258885e-02,-2.543750431184430560e-01,1.214121621925164790e-01,-3.976120197501281650e-01,-4.058516555583497887e-01,4.553809500483505142e-03,4.985882161753585340e-02,-1.105139779763100460e-01,3.111943160876750603e-01,2.328114963411045263e-02,-3.437279484155151416e-02,-1.951131905675543843e-01,-9.934824683098371356e-02,-3.655165323953530887e-01,-3.520932020962501685e-01,2.111469733539985127e-01,6.172329483413510620e-02,-1.086614500134925748e-01,2.212147226033276681e-01
9.807454272442427123e-02,-2.780677631003103945e-01,-4.462675117925492957e-02,3.969124931038061632e-01,7.153400176532964672e-01,-2.806459237776114390e-01,3.102332999087500931e-01,-2.603305718580405936e-01,8.880820180059059155e-01,2.304540127685663353e-01,2.737665109668936947e-01,2.925352756910529206e-01,9.888745973358259445e-02,-9.269400108430662921e-02,1.266221401195398166e-01,-3.172903726713167671e-01,2.619486850225448138e-01,-1.752742209632467962e-01,-1.066528276753161142e-01,4.801603069838218663e-02,-3.624957158177468108e-01,-2.274754935925270283e-02,-5.090439298942478485e-01,-6.571034620342458554e-02,-3.983741238963482423e-01,-3.079006601217426642e-01,-1.118297104856077195e-01,3.629887373762860081e-01,-1.941609368650712986e-01,2.557127718208219158e-01,2.936112011183855675e-01,9.243398182030122812e-02,1.677941474485494522e-01,2.486035653643662354e-03,-1.463318419766913847e-01,2.569020515792684312e-01,1.938399066886570821e-01,8.674912937192089668e-01,-3.382075364885743229e-01,4.201278276773146025e-01,-3.569228084690694858e-01,7.615941559557648510e-01,-3.857133995601508963e-02,4.712381951010988779e-01,2.169507026670742800e-01,1.370017445368649778e-01,-5.080045720001098719e-02,1.116948164095683954e-01,-2.374873106259981770e-01,-1.025851841368095319e-01,-2.954157046731871183e-01,-9.866525137494916442e-02,6.280891394570378705e-02,-3.697474683512270155e-01,-7.129273562972921092e-03,-4.404238200008996351e-01,-8.922818427289204435e-02,-4.641807918455132520e-01,-4.401820663591169969e-01,1.141483206748668128e-01,1.570726412986899190e-01,-1.529064127102390536e-01,6.427456156253424924e-02,5.896400839518465276e-01,-1.827527590043662720e-01,9.973960332873232915e-03,-2.426979310276276558e-01,-3.962864542249094346e-01,-1.484453728048970023e-01,1.668608819265731680e-01,-3.892364109580568887e-01,2.375803915782821740e-01,3.974736902596683885e-01,1.147565631491005433e-01,1.647801889588637880e-01,-9.016252773769803386e-02,-2.222783239111364162e-01,-4.058576969583941874e-01,-2.992368877611458963e-02,1.510289935259976901e-01,-3.585820418853197800e-01,1.856501307573683868e-01,2.110474847894413808e-01,1.079763500450617586e-01
7.725161339934590379e-03,-1.685860913054104959e-01,-2.762373583961103551e-01,3.024685087461186916e-01,6.149717179885143964e-02,3.693709903013352863e-02,1.020669285837716989e-01,1.327503046217658189e-01,-4.808805594036335423e-02,3.758781099652873658e-01,-1.250173709009924361e-01,7.009179231743843941e-01,7.072631033007992229e-02,1.439834110101415598e-01,1.722050717390488650e-01,-7.109972469993323940e-02,1.825953040515648496e-01,5.736857687612584300e-02,-1.495397823288115713e-01,2.022334640047102339e-01,-3.405368867947355938e-01,2.050739005446254315e-01,-1.994962728062298352e-01,3.227755251397521619e-01,-2.589173716960046015e-02,1.839546627688305458e-01,-2.178479734102451437e-01,3.213126265213798183e-01,-2.773401225451233021e-01,3.345888785703132196e-01,-8.729545855240369856e-02,4.079673920795917619e-01,1.707534760639322080e-01,-4.728528306728077037e-03,-1.197633715800743570e-01,-2.512700807661955027e-01,3.918327844075682465e-01,2.435305363276966117e-01,2.805137680665996114e-01,4.947857818464075352e-01,-4.291154244236367044e-02,-3.857133995601497861e-02,7.615941559557648510e-01,-8.748624623096100394e-02,7.263607931986145738e-01,2.515705693680814203e-01,1.866847699801834071e-01,7.457807951213717146e-02,-4.582470527255336906e-02,5.961198672478966731e-01,3.762451877409425660e-01,-1.737559701485558994e-01,1.568964887000389441e-01,-1.794732991772367836e-01,2.185428435872027175e-01,-1.392137444306967564e-01,4.369156042337504209e-01,3.782882836361193823e-01,3.911324100703679751e-01,-1.696382192855200033e-01,3.664764159424974688e-01,-1.765817583024556214e-01,3.509887936300810640e-01,4.893021491495043729e-01,2.591222674319214048e-01,9.050268263002536617e-02,1.645584012603864277e-01,3.787021166899501301e-02,1.669771715556462588e-01,1.326493429148333791e-01,-2.101536204123513607e-01,5.820316010280190966e-01,2.136159004995456523e-01,1.777018083539153304e-01,4.372544559853935864e-01,-2.344201305154584858e-02,1.410402316946362256e-01,-3.846322891046641268e-02,1.653426387781734841e-01,-1.539746101325502152e-02,3.300486164863883354e-02,6.081390446291692342e-01,2.532681856593563263e-01,6.069594323006546194e-02
-6.360469282658146040e-02,3.857686474340976668e-02,5.356068222852626848e-01,1.879750443475020905e-01,6.388610425359855238e-01,-2.998871941976649080e-01,7.533005620694103489e-03,2.052593682520917340e-01,5.134640823043692404e-01,7.475840060432295542e-02,8.785710858655586541e-01,1.855320471274227168e-01,-1.679846206836376477e-01,4.031876612641457913e-01,1.774082679250295336e-01,-3.527903874649001015e-01,-8.059787866642620369e-02,-2.619612875334603741e-01,4.008966558646659406e-01,-7.782813699922563888e-03,-6.455711862337329410e-03,-1.191287600712808287e-01,-4.562242845396814045e-02,5.949862875095733583e-02,-3.750100473390044487e-01,-2.585169489353942862e-01,-1.358719298693147545e-02,3.760563031137726941e-01,-9.844749278733057329e-02,1.895277523430731192e-01,1.078460808851471886e-01,2.246988507683649605e-01,2.771865848122465059e-01,1.075566953347857485e-01,7.233456249142579397e-02,5.902504484526506223e-01,1.815430454126627513e-01,6.699471849811419188e-01,-3.537205211251682746e-01,-1.551017846919356541e-02,1.518405789841381637e-01,4.712381951010988779e-01,-8.748624623096100394e-02,7.615941559557648510e-01,1.085614702723533692e-01,-4.433644071458538866e-02,4.441087211912586041e-01,1.925018436050809911e-01,-8.014499701151039934e-02,-1.983212535312895153e-01,-1.536135802773971604e-01,4.614009463253292420e-01,-3.389153563340617753e-04,-6.993053616876510059e-02,-9.343046139641340841e-02,7.969018881503356355e-02,3.866832483359792377e-02,-4.217691856058055078e-01,-3.578320223819770329e-01,3.144830886666132724e-02,2.527799030594206076e-01,-1.557215666853292713e-01,-6.927404088997465847e-02,2.523678454932961057e-01,-5.910732376509426206e-02,2.443441506431021648e-01,-2.714803586915555678e-01,-2.409067828134169309e-01,-3.199481267282414110e-01,-5.492252645288098201e-02,-2.357460218437955057e-01,1.696457445406397702e-01,1.872867801948604749e-01,7.241422598113637921e-02,2.081648876821123872e-01,-3.466876066152359964e-02,-3.390155638648805758e-01,-3.439855709338177081e-01,-1.693467434450054987e-01,-8.194925366173533288e-02,-8.272500305036220580e-02,2.790593164115209510e-02,1.426538656467181074e-02,-8.971200566175373259e-02
-1.194259551090718144e-02,-9.190386877366476387e-03,-2.246730156874670037e-01,4.135042620508867506e-01,3.050744419603554913e-01,1.964272091078681295e-02,2.149839525963498366e-01,4.444924392756159914e-01,2.739786809213841101e-01,4.833617654804228114e-01,-2.029030622838552331e-02,8.679670307080219471e-01,1.657450130376808273e-01,5.187711218466366514e-01,1.029601563261314245e-01,-2.129473161189597841e-01,3.282764963017064663e-01,-1.531321218743691426e-01,-1.735597383265864158e-01,2.273714402012013414e-01,-2.356838595405265913e-01,6.402893878835183572e-02,-4.408538566454162783e-02,5.473906398064271039e-01,-5.925144564744127401e-02,3.125032260623088476e-01,-1.777970055917605374e-01,3.655780998625127176e-01,-2.632790133464313898e-01,4.538623139983188337e-01,2.733431225745163728e-01,3.822319347714728255e-01,2.477293849752980059e-01,-1.203125708555563417e-01,-1.201659156621599223e-01,-1.739939641351505861e-01,3.370890891028098246e-01,4.047269772974120827e-01,2.129291978968276822e-01,5.744830362841877314e-01,2.471023602789407525e-01,2.169507026670742800e-01,7.263607931986145738e-01,1.085614702723533970e-01,7.615941559557648510e-01,3.752545130293182818e-01,4.961048399149181609e-01,-3.007996373627933734e-02,-2.759560454204809110e-01,2.641652137437741632e-01,-8.967408359022785436e-02,-2.100201713574939566e-01,2.750223570976466081e-01,-3.964653487779813967e-01,6.315207470396749789e-02,2.363818263802375599e-02,4.966691942073001576e-01,1.404624772356730979e-02,3.191235744328096424e-01,-1.835169206823906718e-01,3.604597228863323233e-01,-3.142729027207247783e-01,5.568577469152437009e-01,4.863024985193694638e-01,3.528018488138344178e-01,1.603417159670863790e-01,2.819523669759766427e-01,5.454679510845147905e-02,2.345860909092289115e-01,5.192678809545897556e-02,-2.963927545724500123e-01,6.290501629959837082e-01,3.948303469352861250e-01,4.748189475664306158e-01,5.677586801460182686e-01,2.276009833732279553e-01,4.612506633765320330e-01,-3.366050938080284577e-02,1.973089485100476825e-01,-1.631055923007984354e-01,-1.228247825281040817e-01,7.083724774781076094e-01,5.387509969445529734e-01,3.196241810214597856e-01
2.439528140502794096e-01,-5.413052116034189343e-01,-2.297654008414843352e-01,1.412256537038923399e-01,3.497793693939570403e-01,7.520832929621572294e-02,3.409714908028757541e-01,-2.851207563426545466e-01,6.555766338006799310e-02,2.305793952253976098e-01,-9.261274547122537448e-02,3.136781275248998746e-01,5.983412097837739196e-01,-2.231081188510752877e-01,3.291657345815220820e-02,-5.107175640206237377e-01,4.060317947820357709e-01,-3.194107194989879717e-01,-2.889306384018470175e-01,7.628464519639015229e-02,-5.290849803818051811e-01,-1.313959240512376225e-01,-3.585891491152583543e-01,-1.563619647121844702e-01,-4.459254538918918098e-01,-2.504460359384544366e-01,-1.071777869720595688e-01,4.116175629144944170e-01,-9.539770051863288858e-02,-1.722786009351448891e-03,2.963181531116782508e-01,2.947628602630275041e-01,-2.891438584110698345e-02,2.235546240944713547e-01,-3.995189315746443537e-01,-1.460767404360482358e-01,2.212435777397621373e-01,3.967238807494275488e-01,4.606738451272724411e-01,7.044648625920852947e-01,-2.863941648993630351e-01,1.370017445368648668e-01,2.515705693680811983e-01,-4.433644071458533314e-02,3.752545130293182263e-01,7.615941559557648510e-01,-8.045137702306126570e-02,-5.739824448257141443e-02,-9.231677517700577484e-02,3.517021923803580474e-01,3.455284107716639908e-02,-3.058843519902620378e-01,9.397603338574551241e-03,-4.466196961849481228e-01,8.133183352131249932e-02,-2.779819350942254741e-01,-1.280102772046549098e-01,8.080447472254884134e-02,1.373901058510578754e-01,1.519054506541041016e-01,5.306862983403975997e-01,5.833749903502721129e-02,1.540641234098042434e-01,7.052746590323152320e-01,1.046195969016834038e-01,-7.868431872194479870e-02,2.518098827644278392e-01,-3.164628361050759731e-01,-2.247349835608958568e-01,-1.051729557328381082e-01,-2.924726608727627464e-01,4.843787497260674813e-01,3.543121642933974580e-01,5.802743960282947394e-02,2.524362095328435696e-01,-1.337606277543869626e-01,-7.523364772784878196e-02,-2.365482797558670636e-01,-1.513869824908362638e-01,-5.803497378683510066e-02,-1.811043556198717874e-01,4.532714079018430597e-01,5.403296005505384692e-01,-1.564153769769902891e-01
-2.099460880662338547e-01,-7.157815182627429162e-02,2.733231071045816307e-01,4.044384810789771606e-02,2.424764501428323393e-01,-1.148036417522945232e-02,-2.766163139608261434e-01,5.619352888755352327e-01,2.389475526699368080e-02,-1.041110649546493905e-01,4.844520165803481992e-01,4.761410368532573156e-01,-2.501451709150388503e-01,8.959612187348668932e-01,2.329519212170072795e-01,-4.134614277167943941e-01,1.188242981981798771e-02,-3.288726307726073661e-01,2.459763372885717669e-01,2.497554197403824283e-01,-8.457946445372685473e-02,7.460381986438177626e-02,3.406822665307301379e-01,2.923143020805595294e-01,-1.456320679449590039e-01,-3.717164267124554305e-02,7.656275397204749533e-02,9.058773452528724734e-02,-3.313641971744547554e-01,2.275491998428167406e-01,-1.750566561550367384e-01,2.956924750351744846e-01,3.841587578709980411e-02,-7.567323053504509955e-02,-2.209435524735714196e-01,2.395146120504222376e-01,1.578919407808286046e-01,2.593979141872188032e-01,2.184800899416455833e-01,-1.947691235814868194e-01,6.656995622940252710e-01,-5.080045720001073739e-02,1.866847699801833238e-01,4.441087211912586041e-01,4.961048399149182719e-01,-8.045137702306123795e-02,7.615941559557648510e-01,2.599193817792423700e-02,-2.678558075873657685e-01,9.477947458133850756e-02,-2.831162335755066373e-01,1.699925031885048676e-01,2.279848861698218210e-01,-1.824805285775901176e-01,1.526135296756296091e-02,5.140510891811839178e-01,2.138056229536079156e-01,-1.555265214449157718e-01,1.020143267858385355e-01,8.556440112803041786e-02,1.759570051603026042e-01,-2.923923841294151504e-01,2.889773124949395200e-01,2.090713998295612996e-01,-1.079791871988042412e-01,5.911265021224152566e-02,-9.197116636431472425e-02,1.301523178862863950e-01,8.586617042916806775e-03,-1.767408455802201295e-01,-9.882408779362332474e-02,5.122185933035565686e-01,2.904244566058801769e-01,3.428330727521509691e-01,3.516862013857912084e-01,5.074641325056624547e-02,-1.915602568058085708e-01,1.265259009586410521e-01,5.790604349009383089e-02,-1.603087520543893807e-01,6.098741592422862040e-03,5.226382103228734977e-01,3.609468636979071277e-01,1.206777855082684786e-01
1.289440403887225917e-01,2.654774343895569544e-01,1.534006969978464197e-01,8.789999355379789561e-03,5.285728921678582021e-02,-2.536514881774075136e-01,-2.777334116173746370e-02,5.137999807195305774e-02,9.454246640158708859e-02,1.479668331466571507e-01,1.403439598747615868e-01,3.014081835783653167e-04,-2.814050845175257720e-01,2.314894337283405698e-02,8.958451737199929488e-01,9.652234260661632370e-02,-2.173178768430659713e-01,1.715445076483440301e-01,1.018570831356369749e-02,5.825550715736775853e-01,5.243087366973051555e-01,6.090148357141963453e-01,7.251276488270687326e-02,1.454838674871032356e-01,-3.925911099695018891e-02,3.129362479507235562e-01,3.124304214275730462e-01,1.561300173233277078e-01,3.468651488238191360e-01,-6.885619312768849476e-02,-1.409318974965781401e-01,2.345672852174985334e-01,3.476291467636319910e-01,2.785106700247610423e-01,5.359374526722858745e-01,2.516280761509635533e-01,5.708824144937842821e-02,9.557836307187288216e-02,-1.909560320972161218e-01,-2.193113158870111865e-02,-6.834352821083722329e-02,1.116948164095683399e-01,7.457807951213725473e-02,1.925018436050809911e-01,-3.007996373627931999e-02,-5.739824448257145606e-02,2.599193817792420924e-02,7.615941559557648510e-01,3.301793921776670637e-01,-3.063547311996502875e-01,2.263429663849035600e-01,1.376737786191520041e-01,5.489615825123166371e-01,6.028641366000677682e-01,6.951442007071384488e-01,1.578930710250077141e-01,1.414010706189192668e-01,1.106053760924139741e-02,3.060016750370632144e-01,2.567330512558367306e-01,2.868431800913684993e-01,3.786452898030275294e-01,-1.454184386550018138e-01,-2.221736105658963234e-01,4.161645563489873023e-01,3.695092163642411665e-01,-4.671927569259620716e-02,-8.342607386911679579e-02,-4.704267341651043322e-01,-7.781031659721027172e-02,-2.247527256340299817e-01,-2.530199171786498002e-01,-2.283257140532835849e-01,-6.319021114415730722e-02,2.284716162835958783e-02,-3.804995515334168577e-01,1.684912576488547392e-02,-1.501276680364241056e-01,-3.612012818784332002e-01,1.464524540117001783e-01,2.581288152970208361e-02,-2.831262774927438275e-01,-2.020620178118332777e-01,-9.534560843133980945e-02
-6.499727047398365896e-03,7.698875482548218907e-02,1.472784873820139930e-03,-6.081731544154608815e-02,-1.261912154075851555e-01,-1.810379557076174650e-01,-1.927318784473492363e-01,-4.288727066596165205e-01,-2.776941120624791259e-01,-9.842392953500678221e-02,-2.122437976290210762e-02,-3.385559578493914090e-01,-3.796135705473696054e-01,-3.125504698046064900e-01,3.185143010780618344e-01,1.372574442480554435e-01,-4.408864137982916875e-01,3.912374471979247759e-02,-1.795159004731866070e-01,-2.925362181354025301e-02,2.399452858292963897e-01,3.300922142042291285e-01,-2.011469403691771851e-01,-1.502602835406911530e-01,-9.443274944411074456e-02,3.084551538351275324e-02,2.379697665749480329e-01,-2.536616356465029032e-01,2.159528144934284855e-01,-3.861096664305747606e-01,-2.769571930145695582e-01,-2.930598044970086358e-01,-8.884186917087022461e-02,4.080057226383186908e-01,4.066947087030174379e-01,-4.910635046176866150e-03,1.419309116881086255e-02,-1.216242097621786089e-01,-7.057142720134960967e-02,-6.459262619828763652e-02,-3.501283010952322972e-01,-2.374873106259982325e-01,-4.582470527255338294e-02,-8.014499701151053812e-02,-2.759560454204808555e-01,-9.231677517700577484e-02,-2.678558075873658795e-01,3.301793921776670082e-01,7.615941559557648510e-01,-2.450678737378480243e-01,7.200856524924740265e-01,-9.232168886085816151e-02,-7.748277390202146231e-02,5.008340884442699092e-01,5.688134899176492398e-01,-1.111818728030393999e-01,7.350398380541737185e-03,4.941163113062259082e-01,3.448526429925329873e-01,4.118804656533319175e-01,-5.489427742566024143e-02,7.098040930736205789e-01,-2.297629740720432412e-01,-1.709175337783350457e-01,7.122233213819474662e-02,1.069515667449203733e-01,-2.417308109215951795e-01,-3.320651960879505427e-01,-2.885651898881856914e-01,1.406044393537904946e-01,2.308035478511233085e-01,-2.112956172837688607e-01,-2.505091737509294592e-01,-3.148058467889784939e-01,-2.341711846647782369e-01,-4.480336860205153537e-01,-5.419080000541025566e-01,-1.596794767625109857e-01,-2.311781990901140837e-01,3.614825950424159773e-01,2.686094883655333332e-01,-2.136886350438911564e-01,-3.769642620682174261e-01,-1.243947300532020211e-01
-2.416402814317659409e-01,-6.469526147254996973e-01,-3.177458219561770103e-01,5.049134981359593155e-02,1.297255653028654698e-01,2.132026334070839524e-01,1.389729171361905047e-01,-2.262372690979077006e-01,-2.405808356342530041e-02,3.582033802237883507e-02,-1.461771445337263220e-01,2.813179570410793140e-01,3.066832031913952483e-01,6.590332245465811700e-02,-1.984646842143201473e-01,-3.267549328332403635e-01,5.703603704377844252e-01,-7.464958779832266134e-02,1.922053385066516823e-02,-1.158593506561112069e-01,-5.052382901064484955e-01,-2.872250334600564559e-01,-4.540918987894390635e-01,-1.350762693021154426e-01,-5.594509091217175767e-02,-1.746616809288557559e-01,-2.350061099489882399e-01,-4.260053075553470181e-02,-2.554180018178301981e-01,1.121003287688806943e-01,-1.327714360050545050e-01,3.371396135538679006e-01,-2.371782841753465043e-01,-4.840752913543498459e-01,-5.919319743149704660e-01,-3.622633088189279316e-01,2.422832305019309296e-01,5.879124790536240097e-02,4.958134885118138935e-01,4.096774655666704512e-01,-2.450796067677022683e-01,-1.025851841368094763e-01,5.961198672478966731e-01,-1.983212535312893765e-01,2.641652137437738856e-01,3.517021923803580474e-01,9.477947458133853531e-02,-3.063547311996503431e-01,-2.450678737378480243e-01,7.615941559557648510e-01,2.565605451397216519e-01,-8.692761885103894581e-02,-1.343655245318570168e-01,-3.874124388099920435e-01,-2.286307346481986635e-01,-3.125993569657047888e-01,-8.945182878287138983e-02,4.981579252490642151e-01,1.868666767724536937e-01,-4.545861048142176009e-02,4.575590487203459733e-02,-1.637436677609536151e-01,3.657386239357023894e-01,3.823038617866006406e-01,5.424684250214870107e-02,-1.831975638141790930e-01,3.062464638469560851e-01,-6.422359302866233188e-02,1.831669326554871136e-01,-1.819064031410266846e-01,-1.771326545386111839e-01,5.213997942416535025e-01,2.087572247695425598e-01,4.580275827213513805e-03,3.299349233464490827e-01,3.428665798320236491e-02,1.218576531127596035e-01,4.290608951777363095e-02,1.963888454226163094e-01,-2.053866409652023994e-01,-1.341629721402727571e-01,5.368608538145294151e-01,3.973124870964224176e-01,-3.068244015957479753e-01
-1.766612172027049593e-02,-9.991454499598970140e-02,-1.114827297302306008e-01,-5.208717866313674304e-03,-1.788836841509349740e-01,-1.594844164889500926e-01,-2.010550750014291621e-01,-3.903514482515370587e-01,-3.285889990154443052e-01,1.479206177848058634e-01,-1.008485748630927881e-01,-1.799299259653709404e-01,-2.038438395023613459e-01,-2.932598005303814204e-01,2.244399377197554557e-01,1.435658908269659695e-01,-1.927409640535218960e-01,8.489284012269913970e-02,-1.496502521619383075e-01,8.389251192411943669e-02,-8.201700857780223897e-02,1.646672800418200189e-01,-2.583973172472377455e-01,-1.031410543570379229e-01,-2.093464042227841104e-01,-5.202610115346944369e-02,-6.040555844088706106e-02,-5.561522796009613773e-02,1.415925884142182206e-02,-3.463746920844451571e-01,-1.178926853348238879e-01,-5.447251363724756740e-02,1.128089253409460951e-02,2.046235097546389992e-01,1.592785998354822319e-01,-7.834385943186536472e-02,-1.056694900488554549e-03,-2.229952150135536271e-01,9.485637537544035214e-02,-3.572780396481905346e-02,-3.203484504942362698e-01,-2.954157046731871183e-01,3.762451877409425105e-01,-1.536135802773972159e-01,-8.967408359022782660e-02,3.455284107716645459e-02,-2.831162335755066928e-01,2.263429663849034768e-01,7.200856524924738045e-01,2.565605451397215964e-01,7.615941559557648510e-01,-1.349502630250495050e-01,-4.517845629354540898e-02,1.363334295700120991e-01,3.619572084084191621e-01,-1.528253906581743815e-01,6.073680493059897822e-02,5.437304429891658408e-01,3.304677833051890556e-01,1.834273759808754678e-01,1.015819041306521148e-01,3.823512142340685926e-01,-2.938097231412912028e-02,-8.929297942565802421e-03,1.769743040580393778e-01,3.679666378075484301e-02,-8.626340850394989546e-02,-3.255078004111225942e-01,-2.340541258284541126e-01,1.116492826698336771e-01,1.722953256811480538e-01,-9.485410955950583645e-02,-1.795203084529660986e-01,-2.220280007171344383e-01,-1.671275989504586446e-01,-3.402079808352125312e-01,-4.432267239397170155e-01,-1.662864535833347424e-01,-1.734179857647776546e-01,1.861666136020089235e-01,2.135567049865053912e-01,1.430523757655722400e-02,-2.232428982907521120e-01,-1.278530316824403879e-01
-1.738638080690689536e-01,-3.589315356182321698e-02,4.323586791610460334e-01,9.913506615373489372e-02,1.265630928181757930e-01,-2.108385254362846739e-01,-1.886797529780678481e-02,-2.064184326295839030e-03,-3.908113275173590723e-02,-8.108809981370704301e-02,4.614610025842729724e-01,-3.983220877843609425e-02,-1.940238338620197400e-01,6.626092164838034981e-02,1.754184036772427902e-01,-1.178021977156358813e-01,-4.838160515596146016e-02,1.514449330875658299e-02,9.233422876833469184e-01,-3.409705590849865242e-02,9.421323761129401370e-03,-6.633577517012236024e-02,-2.252285476017990007e-01,-3.494111415136591514e-02,-6.015003289413706211e-02,-3.311000028722441840e-02,-7.285879837279815585e-02,8.813016869094467132e-02,-2.250287203804669511e-01,3.842904528918218710e-02,-9.060282871648141223e-02,8.547581019516604928e-02,-4.526854443230355490e-02,-1.768907988621686300e-01,-3.959855734102271652e-02,3.765985890853432716e-01,9.501903181185140934e-02,4.051960925756487031e-02,-4.429087018742990933e-01,-3.773758231305244792e-01,-4.771845408401766131e-02,-9.866525137494916442e-02,-1.737559701485558994e-01,4.614009463253292420e-01,-2.100201713574938456e-01,-3.058843519902620378e-01,1.699925031885049231e-01,1.376737786191520874e-01,-9.232168886085810600e-02,-8.692761885103875152e-02,-1.349502630250494495e-01,7.615941559557648510e-01,-3.134201901130218015e-02,-1.189354675985354465e-01,-4.082247782076558335e-02,-1.590667690303975701e-01,-8.886702317629362191e-02,-3.478986078384972425e-01,-2.757437629840125415e-01,-1.968620130155216905e-02,-4.165362937385080899e-02,-2.673492986482246536e-01,-2.019489225124438125e-01,-1.614723710570054038e-01,7.285486778641947665e-03,-6.050570170394138636e-02,-3.526043280765692733e-01,-4.727405124403512987e-02,-3.833238657167428176e-01,-7.549854230922097009e-02,-1.698925896180573936e-02,-1.792556504723671895e-02,9.338843298869482779e-02,-1.104355040026194362e-01,-6.579015523702576307e-02,3.464942895938740580e-02,-3.322220989184462292e-01,-1.591843605283870255e-01,-1.703903271806456177e-01,-1.221263161786719231e-01,2.740539208249534800e-02,-8.081878657419555578e-02,-2.381735224096770964e-01,-2.296508692851773059e-01
1.932058336477269211e-01,-1.578484243057860226e-01,-5.703690925840821518e-03,1.500895024053596205e-01,8.267427913754277213e-02,8.716585406204652164e-02,2.482428453956811720e-01,8.474428968469800705e-02,1.120914617132243996e-01,1.780585052587315420e-01,-7.579618688436114138e-02,3.504669276348255647e-01,-6.837838653990581904e-03,1.911705516622542178e-01,5.400916400173781939e-01,-1.662974119657259151e-02,-6.416139170501151956e-02,1.139190850277268657e-01,-1.127418398012852707e-01,7.180730536802367725e-01,-1.908696739432063413e-03,4.834825109509529040e-01,-1.588503492981075127e-01,1.803546085007910471e-01,-3.026701143317086021e-02,3.279884359922203285e-01,1.066140681907713911e-01,1.076955873795774482e-01,1.755062138951501705e-01,1.557370454483005817e-01,7.949709627443739268e-02,-8.995981255638905993e-04,-1.082759756785344751e-01,1.355991850055507930e-01,1.997615452415148554e-02,6.381353684647682323e-02,1.187955271367160531e-01,6.194177930876303834e-02,-1.015793265289677005e-01,2.543216280510274263e-01,-6.104552724953782317e-02,6.280891394570375930e-02,1.568964887000389441e-01,-3.389153563339785086e-04,2.750223570976466081e-01,9.397603338574467974e-03,2.279848861698218487e-01,5.489615825123167481e-01,-7.748277390202146231e-02,-1.343655245318569891e-01,-4.517845629354536735e-02,-3.134201901130220791e-02,7.615941559557648510e-01,-5.589572967562446426e-02,6.667649877621599774e-01,-1.609615962057296679e-01,6.610372993514053788e-03,-1.812547063899896116e-01,1.368821085454621778e-01,6.964297398413159257e-02,2.326841093140112893e-01,1.059459878727315139e-02,1.635350032694929401e-01,2.201855583422441809e-01,2.980630318187527106e-01,1.468217990310246579e-01,-2.095517541837068135e-02,-1.661502735517915719e-01,-3.679690785178592605e-01,-2.132148154280375657e-02,-3.528702463074402940e-01,-6.833655178758960003e-02,-8.099707931634962665e-02,2.979382636105047319e-02,-2.401633092741541770e-02,-2.634780785792658064e-01,5.497739281171200310e-02,-3.109031739088356505e-01,-3.397845587696020075e-01,1.502525629306891986e-01,-2.780706037087138927e-01,-1.500667793798516891e-01,-7.262484653801047629e-02,-7.119329374829694301e-02
-2.029658873911501793e-01,6.338846575741887701e-01,5.920373334515888902e-02,-2.778963337647276099e-01,-2.521295065070480734e-01,-2.408606975420564678e-01,-3.851506358941951813e-01,-3.572110273379383583e-02,-3.800187991992271530e-01,-3.054744546418483586e-01,-7.401397782833796235e-02,-3.852922409260131631e-01,-5.399211611320896553e-01,-2.964742615329700737e-01,4.755945355995616630e-01,1.574470903220440143e-01,-5.210217587224553748e-01,-6.751330240603033161e-02,-1.373577061845963065e-01,1.516501620840884357e-01,7.996783211934503921e-01,3.688513249471536692e-01,1.535469203595211940e-01,2.047381399355086284e-01,1.628519515706411958e-01,7.162312173777214686e-02,2.849847181255211748e-01,-8.492797855651901262e-02,1.693934503981036066e-01,-5.718708443700813993e-01,-3.597513488861748820e-01,-1.215376539384832588e-02,2.777371108330145000e-01,7.209364684086037173e-03,7.408453656919143926e-01,1.460425006902432710e-01,1.412830476358992449e-01,-2.580034603959080464e-01,-1.234694398851797076e-01,-4.047620499615457446e-01,-2.640966541245474020e-03,-3.697474683512268490e-01,-1.794732991772366171e-01,-6.993053616876510059e-02,-3.964653487779813967e-01,-4.466196961849480673e-01,-1.824805285775901731e-01,6.028641366000677682e-01,5.008340884442701313e-01,-3.874124388099920435e-01,1.363334295700120158e-01,-1.189354675985356685e-01,-5.589572967562457528e-02,7.615941559557648510e-01,4.390588949308287248e-01,2.388886684540155181e-01,4.657415000073819589e-01,3.937194873673814932e-01,3.910927729038437550e-01,3.155911968870603879e-01,-6.634026163930553666e-02,4.465135527243792035e-01,-5.525639274393074896e-01,-2.031493188915965697e-01,3.379880215522145237e-01,4.149477731351651766e-01,-3.666416944440994974e-01,-1.109676177902931965e-01,-2.280837214687528036e-01,1.609935126057374447e-02,2.152846818625161196e-01,-2.966705285368155254e-01,-3.750408467468565599e-01,5.183537031692314612e-02,-1.377612164110424975e-01,-4.662989299868233184e-01,-4.432574450447115955e-01,-1.413341129583216560e-01,-2.764939739738238034e-01,1.431573930705362097e-01,1.464233603379151982e-01,-2.402196567013321904e-01,-4.947588696937760266e-01,2.069535027092739565e-01
9.457997044453544944e-02,1.213448561959806632e-01,2.605627611839029731e-02,3.420285456875417351e-02,2.052912973380628670e-02,-9.954197775120453284e-02,1.406555832396101657e-01,-1.333387997800590807e-01,4.327827395152049339e-02,1.881313238213743466e-01,-4.229499646335569546e-02,4.985035740099867663e-02,-1.750134625478690364e-01,-8.288490541855274285e-02,6.206045776339766951e-01,1.433890629889482959e-01,-2.834078784972194343e-01,1.755048019297361372e-01,-1.358534130087888647e-01,5.079968173548899957e-01,3.710460945039990577e-01,7.053312118512982121e-01,-2.046405723554774736e-01,7.235709162327316757e-02,-6.602491050159961516e-02,2.076580314426528517e-01,3.597583724187563559e-01,1.288925632437097624e-01,4.848412791997981364e-01,-2.781275367013806565e-02,-1.595173522411439948e-01,1.363840041039973139e-01,5.445549615244104497e-02,2.892067163229439797e-01,4.642538815384577577e-01,1.037112867093502588e-01,4.260772575809850665e-02,4.119086395604541762e-02,-1.365437026282945165e-01,2.027495846473342245e-01,-2.147937927686157655e-01,-7.129273562972810070e-03,2.185428435872026898e-01,-9.343046139641350556e-02,6.315207470396749789e-02,8.133183352131252708e-02,1.526135296756296091e-02,6.951442007071382267e-01,5.688134899176492398e-01,-2.286307346481986913e-01,3.619572084084191621e-01,-4.082247782076563886e-02,6.667649877621599774e-01,4.390588949308287248e-01,7.615941559557648510e-01,-1.335322099251598227e-01,1.172824483001833062e-01,7.750955360282772710e-02,3.119574983525227885e-01,3.684714198878485392e-01,2.683114224083026356e-01,4.868016608812895107e-01,6.335548441002127051e-02,1.801988947973005850e-02,3.509873431394942012e-01,3.768052607909346818e-01,-1.580973517128601499e-02,-1.325280619370860224e-01,-3.345926500630023726e-01,1.400142747869084769e-01,-1.557088480376305484e-01,-1.838331459993754191e-01,-1.638243014583661561e-01,-5.181839787455236324e-02,-1.043152475158658395e-02,-3.195059662854916049e-01,-1.452207434118703844e-01,-1.761344071198462091e-01,-3.662794287614629107e-01,3.674419762145331170e-01,2.545569734158700803e-02,-2.460475268903083435e-01,-2.256043299598211593e-01,-1.347983843575386032e-01
-2.952483535154022953e-01,8.623444849137266999e-02,2.961959184220432362e-01,-1.592512267338996590e-01,-1.144345307259315714e-01,3.902171666784028797e-02,-2.596458927545604589e-01,5.012374091184444991e-01,-4.037073300724650649e-01,-4.011440800922640992e-01,2.065329045572843539e-02,-9.770585923437036940e-03,-4.516420611247885519e-01,4.377644959507414057e-01,1.246287349596651023e-01,-3.625011667986992037e-01,-4.265997376777860284e-01,-3.075894537202899515e-01,-1.069784528070765600e-01,4.657370810226525021e-02,3.239481355398086126e-01,-8.723036583662871490e-02,8.065798840756839283e-01,2.461810202669730552e-01,1.286402661411263464e-02,-5.982225519759235000e-02,7.600039810738108692e-02,-4.927843032348384888e-02,-2.397064566858604917e-01,-1.793276212231036393e-01,-3.965137341946451954e-01,-9.107508297668836031e-03,-1.923832907612773313e-01,-1.314871917385108946e-02,4.250379554560882595e-02,3.542988169786309705e-01,1.912876987489207647e-01,-1.395080352020327263e-01,2.116896251192638967e-01,-2.734411042285972981e-01,6.847039341318043038e-01,-4.404238200008996351e-01,-1.392137444306967564e-01,7.969018881503345253e-02,2.363818263802381150e-02,-2.779819350942255296e-01,5.140510891811839178e-01,1.578930710250077141e-01,-1.111818728030393999e-01,-3.125993569657047888e-01,-1.528253906581744370e-01,-1.590667690303976256e-01,-1.609615962057298344e-01,2.388886684540154071e-01,-1.335322099251597672e-01,7.615941559557648510e-01,2.774085425092097101e-01,2.500072829219605192e-02,1.591241819012679248e-01,-8.275659697215609345e-02,-2.723328975915593250e-03,-2.625679101786864700e-01,-1.006647564247210302e-01,8.216390612826196538e-02,8.192137779265839734e-03,-9.257651523299305352e-02,-2.399506780475146039e-01,2.882677697138603112e-01,-3.442963454773764198e-01,-2.904103850718591784e-01,8.424016499459714702e-02,-2.203264309684388189e-01,-2.295335464854208196e-01,2.622628247623391973e-01,-6.898620048489509382e-02,-1.231125180370572364e-01,-1.481442041528671372e-01,1.476081304607983202e-01,-3.094998346486062535e-01,-2.465904342120772419e-01,2.191772737539239568e-01,-1.378598876775937454e-01,-1.572081498044715364e-01,2.058558979410727297e-01
-1.975597464632731781e-01,6.253371091449293484e-01,5.957979788258338516e-02,8.085314184722154629e-02,-2.751799895690807407e-01,-2.260999055062831442e-01,-3.738941439697387459e-01,3.976172276451545584e-01,-1.576266681289194282e-01,2.044270909808256625e-02,-1.021166772646083833e-02,5.408395350225286835e-01,-3.883963106351886463e-01,3.023320790945497119e-02,8.873624389773505927e-02,-1.180647692097973600e-01,-2.732095070222314015e-01,-2.248651197998908224e-01,-2.354762506112958662e-03,6.638903761718771557e-02,4.079300711552407699e-01,-2.923042669806656668e-02,1.700913651166001683e-01,8.862620251848443154e-01,1.653620434708205078e-01,4.072848241522908364e-01,-1.823257776004351682e-01,2.208736680068068836e-01,-1.770356927498063226e-01,2.692655089036745664e-01,2.863073578064928223e-02,2.561694261624284930e-01,2.880901049922388601e-01,-8.085789477447297103e-04,6.207593277946675814e-01,1.788390751056014027e-01,3.544507098602247552e-01,-8.324464131159328706e-02,8.912759678947769493e-02,-8.342626720204152080e-02,4.501660414932338039e-01,-8.922818427289198884e-02,4.369156042337505874e-01,3.866832483359795153e-02,4.966691942073000465e-01,-1.280102772046549098e-01,2.138056229536078878e-01,1.414010706189192390e-01,7.350398380541626163e-03,-8.945182878287136208e-02,6.073680493059900598e-02,-8.886702317629362191e-02,6.610372993514081544e-03,4.657415000073818478e-01,1.172824483001832785e-01,2.774085425092098212e-01,7.615941559557648510e-01,3.988546254814582248e-01,6.073545215464336566e-01,-2.266177178981817197e-01,2.528867583314564627e-01,-2.667215957014930014e-02,-3.305014517213750863e-02,1.026765067357087030e-01,4.013068444614385499e-01,3.962584644597936800e-01,-5.126415802730709126e-02,9.607293495108895631e-02,3.042799225867395818e-01,1.717647309967247349e-01,1.420828434331471712e-01,1.657964020198836042e-01,-8.965699330568786818e-02,5.518484175258261404e-01,2.952992761978585068e-01,-1.012318608624416527e-01,-1.466501234171264934e-02,-3.255029831600211865e-02,2.025952715059855525e-01,1.011547376955014149e-01,2.487742216941484230e-01,2.574678026904507200e-01,-7.731702149702827931e-02,7.081012544645424178e-01
-1.593988951056684034e-01,3.058456332646823650e-02,-3.035478220411432781e-01,-1.360697014325410459e-01,-3.710946591518387572e-01,-2.348474995441492824e-02,-2.920993077534079774e-01,-3.090900930913265121e-01,-4.944577011319405413e-01,-6.878771154868260074e-02,-4.823795637719089924e-01,-2.131130169107752492e-01,-1.940170083763389508e-01,-2.714302924472498657e-01,8.184349015883644884e-02,-3.386633341192808733e-02,-2.826680197278323703e-02,2.633306034298290091e-02,-3.619518471289911443e-01,-1.236701306005694584e-01,7.901499463283852276e-02,-1.683578682072146560e-01,-1.803205259660152771e-01,1.650462601586259181e-01,2.002126726736812579e-01,-1.119094001139687711e-01,-1.884271785699762614e-01,-1.443781888237445354e-01,-7.751317714216321431e-02,-3.325811379798800926e-01,-4.232204960349810197e-01,1.237453602853107876e-01,-3.314430473535445731e-02,5.917346243198969707e-02,2.551079297012435743e-01,-2.430276758313646146e-01,2.227240220716255603e-01,-3.629124527074032991e-01,4.270465901747770854e-01,-1.345585305430132550e-01,-1.517481635126234074e-01,-4.641807918455132520e-01,3.782882836361194379e-01,-4.217691856058053412e-01,1.404624772356728203e-02,8.080447472254896624e-02,-1.555265214449156885e-01,1.106053760924145292e-02,4.941163113062256307e-01,4.981579252490641041e-01,5.437304429891658408e-01,-3.478986078384972425e-01,-1.812547063899896116e-01,3.937194873673816042e-01,7.750955360282767159e-02,2.500072829219605192e-02,3.988546254814582248e-01,7.615941559557648510e-01,5.105573998083808851e-01,2.382934469710111178e-02,2.548828875471606178e-02,2.851044192235208663e-01,-6.633712349859674506e-02,-1.782399174407906309e-02,2.352370307803352822e-01,1.454353551663160327e-01,-2.548467499067627248e-02,-4.270772470935264853e-02,6.718509232823259569e-02,-8.448669904391542529e-02,1.621482206646422952e-01,-7.274991801123931179e-02,-2.159941307842441482e-01,1.316633409755099682e-01,-1.007523169269534530e-01,-2.850479273106076294e-01,-3.975692731017277382e-01,4.281492994861038626e-02,4.263293646781439461e-02,7.879597156652275169e-02,1.343356613226316665e-01,-6.453129553677387775e-02,-3.232050261409090131e-01,1.662702821923401075e-01
-2.714006035842881914e-01,2.153391983845819313e-01,-2.985176772294071967e-01,5.797706168399481552e-02,-4.617692989990444530e-01,-7.366205684159128630e-02,-3.028184037050076771e-01,-2.258261268309560022e-03,-4.977713945402949536e-01,-2.991537562560433322e-02,-4.147908689625690037e-01,2.123350840120736549e-01,-2.638895171503905512e-01,-1.390554682896715799e-01,3.228291211250890469e-01,-2.390955198601533160e-01,-1.499422012293380735e-01,-8.707140111801034421e-02,-3.241567244228215627e-01,1.140074804989761048e-01,2.763850952675331318e-01,-5.749846713341175836e-02,-1.634701358230715787e-02,4.884916708324465451e-01,1.045496925829653492e-02,4.403707717598800975e-01,-3.393710662507892772e-01,-1.108969727801546387e-02,-1.727790650640975700e-01,-1.084920144194423119e-01,-1.230140310765995698e-01,1.597452266433255219e-01,-1.248836012955673591e-01,1.395787424294567813e-01,3.997685823900898883e-01,-1.718696645314721494e-01,1.483944291537370452e-01,-3.936968585069943738e-01,3.771493057961733952e-01,-1.203320186477218334e-01,9.664378190189960860e-02,-4.401820663591169969e-01,3.911324100703679751e-01,-3.578320223819769774e-01,3.191235744328095869e-01,1.373901058510579587e-01,1.020143267858384800e-01,3.060016750370633254e-01,3.448526429925329317e-01,1.868666767724537492e-01,3.304677833051890001e-01,-2.757437629840126525e-01,1.368821085454621778e-01,3.910927729038437550e-01,3.119574983525227885e-01,1.591241819012677028e-01,6.073545215464335456e-01,5.105573998083807741e-01,7.615941559557648510e-01,-1.475531693672386402e-01,1.512234790650230087e-01,1.222948566623095201e-01,-1.285217672643347020e-01,1.251774464621563908e-02,3.519395305789841943e-01,1.556064801449609236e-01,-8.035547245186504262e-02,-2.049921460792028804e-01,-9.687733094702603853e-03,-2.561368479231919681e-01,-1.280181062218999251e-02,-1.045824376372278125e-01,-1.639454752571384011e-01,1.891297071233570548e-01,-4.103392444648742282e-02,-3.208515777059505192e-01,-3.758386448042185246e-01,-6.017191631895409121e-02,-1.498260578198724879e-01,-6.157033334675854341e-02,8.908350305997896068e-02,3.317224460482249247e-03,-2.683565520409237348e-01,3.870806963765105468e-01
-1.222316478269079021e-01,-3.079553282610287268e-01,-4.859814477138147543e-02,2.312006796829836619e-02,2.393407366756705734e-01,-1.052427469110093633e-01,3.723049456761645115e-01,-3.202900931283923502e-01,8.816103460671392833e-02,-1.707932774553878319e-01,5.513454069367194378e-03,-3.308315448019999994e-01,-2.102684543041376530e-01,-2.340977368531366454e-01,2.604531105753069564e-01,-1.011989186267140961e-01,-3.771015346133246293e-01,-2.478998887794885836e-02,-1.032010014648853946e-01,1.125137005401522505e-01,9.689893854758241387e-02,2.685956087362936784e-01,-3.217846766907094813e-01,-3.511354639876603234e-01,-2.316743111996187321e-01,-3.471969160348137851e-01,8.448891959752509173e-01,-1.766877618385142568e-01,4.053710660964185419e-01,-1.674509792513646511e-01,-2.931509099489534864e-01,-2.739765240402244895e-01,-1.763035244000806800e-01,-9.331482489660815685e-03,1.025271019887010436e-02,1.047365421643812050e-01,1.696383576440999297e-01,2.309834388299985553e-01,5.736957477904388453e-02,5.148915411966339395e-01,-1.592355101905199855e-01,1.141483206748668544e-01,-1.696382192855199478e-01,3.144830886666135500e-02,-1.835169206823906718e-01,1.519054506541040184e-01,8.556440112803044562e-02,2.567330512558369526e-01,4.118804656533318620e-01,-4.545861048142182947e-02,1.834273759808754678e-01,-1.968620130155222456e-02,6.964297398413159257e-02,3.155911968870605544e-01,3.684714198878485392e-01,-8.275659697215642652e-02,-2.266177178981817197e-01,2.382934469710100076e-02,-1.475531693672385292e-01,7.615941559557648510e-01,-1.481145645508341879e-01,5.513093008765740377e-01,8.542849878667109487e-02,1.953048439225467392e-01,-2.545892526188455185e-01,-1.193469944022479273e-01,-1.460232185248990233e-01,-1.351459564311714712e-01,-4.274711054901740859e-01,-1.361676094964525963e-01,-4.811618452322111161e-02,-1.800007561696676528e-01,-1.826345080969526136e-01,-1.950044539500836727e-01,-1.419336172146117570e-01,-2.305974858772531499e-01,-3.735577428826924451e-01,2.365881669308711119e-03,-3.504270441511013190e-01,1.243638130212777922e-02,-1.151838657955214090e-01,-2.678039778685200600e-01,-1.595836895143468437e-01,-2.309148452325869016e-01
2.633508229704280557e-01,-7.237021746574248682e-02,9.930976066796270985e-02,3.499640419046226580e-01,2.807030849145447093e-01,-8.016762044383640706e-02,3.263351375345557859e-01,5.415052291671566820e-02,1.676068468706137238e-01,4.198295174424723775e-01,2.623075599489709253e-01,4.983911389493534960e-01,2.443318979140445546e-01,1.357111104354424835e-01,3.045833027483784150e-01,-3.061523632119463323e-01,1.104199303220396444e-01,-2.194497181704591349e-01,-4.593321208041511311e-02,3.109499371100739595e-01,-1.236738602803009873e-01,1.337731885264473175e-01,-3.773095293570841863e-02,3.335620632142875519e-01,-3.203195407651289739e-01,7.188334131480458855e-02,-1.793042156815493060e-01,8.114380062635496715e-01,1.848518759221676189e-01,2.166830887402170780e-01,3.754708317461096234e-01,7.030005085058963488e-01,4.494854251035650949e-01,3.800766091214127784e-01,9.326568985707664461e-02,1.792577142437381255e-01,2.980418130059114268e-01,3.849769335849632657e-01,7.269837819379780519e-02,4.276193800542034129e-01,-6.020389179681456815e-02,1.570726412986899190e-01,3.664764159424973022e-01,2.527799030594206076e-01,3.604597228863323788e-01,5.306862983403977108e-01,1.759570051603027430e-01,2.868431800913685548e-01,-5.489427742566029694e-02,4.575590487203454182e-02,1.015819041306520870e-01,-4.165362937385086450e-02,2.326841093140112893e-01,-6.634026163930548115e-02,2.683114224083025801e-01,-2.723328975915621005e-03,2.528867583314562406e-01,2.548828875471600627e-02,1.512234790650230087e-01,-1.481145645508341879e-01,7.615941559557648510e-01,1.545045018363552236e-01,1.792990376444137113e-01,4.342747845145317753e-01,6.571163489037860073e-01,3.628020504514319344e-01,2.062113871878112625e-01,-2.909957127797225263e-01,-7.612653062461774423e-02,2.647429583238208317e-01,-1.231596170144952929e-01,4.612799004391782698e-01,3.016434404835571792e-01,4.004986467715979659e-01,4.249562680240592805e-01,-1.122513863829474046e-01,9.126308912497778369e-02,-3.613920611326007504e-01,-2.661475557398479061e-02,2.307024012168050753e-01,-9.737916527344921136e-02,5.045221773961497957e-01,4.021490209567004093e-01,1.171031999098832016e-01
5.524975636714069167e-03,-3.114008100537593582e-01,-1.420430309635083710e-01,-2.580073738973701417e-02,-4.921694678356820091e-02,-2.685123637483576367e-02,1.939917227024118840e-01,-5.332865604588088448e-01,-2.273457163042543472e-01,-1.669422867098601104e-01,-1.680183773672453973e-01,-2.957561053754304559e-01,-7.549380508387751321e-02,-4.143762720693605628e-01,2.917960347229749396e-01,3.058887588750700340e-02,-3.050764721513313793e-01,-5.102598009652391936e-02,-3.882840259412814188e-01,9.806766594405713633e-02,1.975460928392906990e-01,3.437093520553904935e-01,-3.348045638170148997e-01,-2.111109526180014739e-01,-1.951660666923502041e-01,-1.555458172109565607e-01,3.934882196138153598e-01,-4.562149413500880824e-02,5.196235997822827857e-01,-4.835688630611061356e-01,-2.021367129617881453e-01,-1.091435876697052776e-01,-3.667722349525834487e-03,3.492097913652402186e-01,2.233927764901323665e-01,-7.388364890162631149e-02,2.026618209021212591e-01,-6.253376566403753833e-02,5.702888808015155880e-02,1.732194115994868944e-01,-4.549585757926364327e-01,-1.529064127102391646e-01,-1.765817583024555659e-01,-1.557215666853291602e-01,-3.142729027207247783e-01,5.833749903502735007e-02,-2.923923841294151504e-01,3.786452898030276404e-01,7.098040930736205789e-01,-1.637436677609536151e-01,3.823512142340685926e-01,-2.673492986482246536e-01,1.059459878727320691e-02,4.465135527243794256e-01,4.868016608812895107e-01,-2.625679101786864700e-01,-2.667215957014935565e-02,2.851044192235209218e-01,1.222948566623093813e-01,5.513093008765738157e-01,1.545045018363552514e-01,7.615941559557648510e-01,-3.821645134643323338e-01,1.172645577106765091e-01,2.201095782012781055e-01,2.044802666814852510e-01,-1.834136444571216606e-01,-3.850525132309089993e-01,-3.453193591766354209e-01,2.600441577627740641e-02,2.000421884942574571e-02,-1.719250602288062424e-01,-3.107392549193288001e-01,-2.533289441620101279e-01,-2.060716131721413158e-01,-4.996885605420240406e-01,-4.655994198680424856e-01,-3.106198769529042725e-01,-3.126185904645485403e-01,2.738061725624687526e-01,-1.068193368241232705e-01,-1.950045065718183368e-01,-3.072464620885945186e-01,-1.583800607269556238e-01
-9.353658807341951043e-02,-4.236100201114007535e-01,-1.220780622612806926e-01,3.111008492537800652e-01,9.292126305591692781e-02,3.051135597161240831e-01,1.096745515595223819e-01,2.183383320015850892e-01,-4.690327350321826447e-03,1.392354100022820951e-01,-1.884856339026298455e-01,4.831939429998567959e-01,2.189465353125654989e-01,2.080399383341355601e-01,1.491743937453008650e-01,-1.236054537409262827e-01,3.409814201467424866e-01,6.318377761520278281e-03,-1.568532820600083144e-01,2.542173183968762101e-02,-4.119378887560568581e-01,-1.031400055760186146e-01,-2.279192722953505765e-02,-1.068585738966521120e-01,-4.220692660449937295e-02,-5.669367544056405639e-02,-6.855526449906911013e-02,1.477043578897996590e-01,-3.742231296981025079e-01,1.798951631386274952e-01,-1.248642693708453960e-01,2.768370168289671085e-01,-2.034140094523634867e-01,-3.019733122290212957e-01,-3.946716945354378225e-01,-1.211244801999350057e-01,1.042563771699323572e-01,2.590781828440998358e-01,1.975102616551951684e-01,4.081762490107139763e-01,9.130178526477396306e-02,6.427456156253429087e-02,3.509887936300810085e-01,-6.927404088997465847e-02,5.568577469152437009e-01,1.540641234098042989e-01,2.889773124949395200e-01,-1.454184386550018693e-01,-2.297629740720432412e-01,3.657386239357023894e-01,-2.938097231412912028e-02,-2.019489225124438680e-01,1.635350032694929123e-01,-5.525639274393073785e-01,6.335548441002128439e-02,-1.006647564247210858e-01,-3.305014517213756414e-02,-6.633712349859688384e-02,-1.285217672643349240e-01,8.542849878667108099e-02,1.792990376444136835e-01,-3.821645134643323893e-01,7.615941559557648510e-01,2.991741537229320458e-01,2.217766373578571870e-01,-3.323681241489724325e-01,-7.331413442181634876e-02,-2.430597288141620738e-01,6.170859973716435500e-03,-1.305071482446919055e-02,-1.622467012375433948e-01,1.317512313135264235e-01,1.369402890247671492e-05,6.903107119239985934e-02,1.249371187714469478e-01,2.628613535186690164e-01,7.385879696932544369e-02,-7.305010025415832609e-02,-7.835798927439707739e-02,-2.255468821524959228e-02,-7.874021127942307241e-02,3.279492388272852721e-01,1.194909884605427353e-01,5.711405088526213397e-02
2.004131152442212294e-01,-4.742223140044788537e-02,1.594493375296973658e-02,2.108810046585707365e-01,5.911300943428969834e-01,7.302479034029540905e-02,6.298074193200031701e-01,5.576457899374313160e-02,5.149811553602783309e-01,1.932060644440000141e-01,8.932597440076471551e-02,3.413735378025667955e-01,4.978414354490122151e-01,8.965076834269133932e-02,-1.455543823928871217e-01,-2.236570168562619088e-01,3.351807309836907223e-01,-1.227145385428566465e-01,-2.333540134647318076e-01,2.940087187079652997e-01,-2.471264783680986732e-01,1.026045581702786924e-01,-1.683929525876627087e-01,-1.310810125940273518e-01,-2.244449200260442423e-01,-1.808745559189350871e-01,2.864234791252013301e-01,5.072864789514592854e-01,1.940497572802846737e-01,1.999014136482241133e-01,7.258236132023546117e-02,3.292782833987002444e-01,1.523607948934587453e-01,2.432269586999501743e-01,9.603807451771860602e-04,1.067968992886280943e-01,4.490255899998814582e-01,6.990889046438105714e-01,3.880106222797203297e-01,7.445276149369688401e-01,6.767239694678725548e-02,5.896400839518464165e-01,4.893021491495042619e-01,2.523678454932959947e-01,4.863024985193695748e-01,7.052746590323153431e-01,2.090713998295612441e-01,-2.221736105658962679e-01,-1.709175337783351012e-01,3.823038617866006406e-01,-8.929297942565823237e-03,-1.614723710570053761e-01,2.201855583422441809e-01,-2.031493188915965142e-01,1.801988947973011401e-02,8.216390612826193762e-02,1.026765067357087030e-01,-1.782399174407907697e-02,1.251774464621562520e-02,1.953048439225467392e-01,4.342747845145318308e-01,1.172645577106765230e-01,2.991741537229320458e-01,7.615941559557648510e-01,2.211600922217602239e-01,3.215585070461018935e-02,3.641703665370235043e-01,-1.178611959726318242e-01,2.226450000912727212e-01,9.983661318184325340e-02,-3.114061544789283875e-01,4.086589241489141933e-01,4.509166734775728602e-01,2.492202127067806305e-01,1.282293278264543257e-01,1.443804341769871213e-01,1.904696010551520380e-01,1.022951827504667011e-01,2.166448585548907402e-01,1.044035278397679872e-01,-2.123732331356839864e-01,4.785670377564470446e-01,4.707812257455797345e-01,8.747210615883813101e-02
7.923254722800238126e-02,2.209723078096246518e-01,-9.205267826078435134e-02,2.581727108864049769e-01,-1.092412303023910236e-01,2.577111849562666035e-02,1.985009961003050827e-02,9.053003958288678710e-02,-5.344720885476297867e-02,8.946321372194381005e-02,1.582507820162721776e-02,3.855896162997785037e-01,6.979142962178623566e-02,-6.945192106013145517e-02,3.643703536478985483e-01,-1.913981605129537467e-02,1.043091345866894032e-01,-2.006364932998614126e-01,-3.901119267126564732e-02,2.082041639617341067e-01,2.648739748034548147e-01,2.608246153111423715e-01,1.142081911159488223e-03,3.228291458491622801e-01,6.497071733570593255e-02,3.707534593670093748e-01,-2.810768139466015003e-01,5.407412643868400037e-01,2.478442019298969234e-01,2.746551629828619667e-01,1.765620618029755118e-01,7.738174440316043512e-01,5.241055093812755361e-01,2.763051541895595459e-02,4.002962098835177174e-01,-8.796771118346877194e-02,2.094768309298768449e-01,-1.049976937048902464e-01,2.407605874659109885e-02,7.670261810034595396e-02,-2.819543586918671005e-02,-1.827527590043661609e-01,2.591222674319214603e-01,-5.910732376509415104e-02,3.528018488138343622e-01,1.046195969016834038e-01,-1.079791871988042551e-01,4.161645563489872468e-01,7.122233213819471886e-02,5.424684250214870107e-02,1.769743040580393778e-01,7.285486778641975421e-03,2.980630318187525996e-01,3.379880215522144127e-01,3.509873431394943122e-01,8.192137779265784223e-03,4.013068444614384944e-01,2.352370307803353378e-01,3.519395305789842499e-01,-2.545892526188455185e-01,6.571163489037861183e-01,2.201095782012781055e-01,2.217766373578571315e-01,2.211600922217602239e-01,7.615941559557648510e-01,6.268374911572986985e-01,1.359224936247203086e-01,-1.054652428749693061e-01,8.202043249822518756e-02,3.282775382929919994e-01,5.111111400509593672e-02,2.625425100646659460e-01,8.188319450715788803e-03,3.183721255663744532e-01,4.432278613602817496e-01,2.928870289062592697e-02,-6.523316375723922818e-03,-1.717926242503308443e-01,-1.663635468469710360e-02,3.464402845341029713e-01,7.401933605021016049e-02,3.105724634363403180e-01,8.340350733974717656e-02,1.737035152152373585e-01
2.197005745939133864e-02,2.419300090658567937e-01,1.124482090565786553e-02,2.775686513280222756e-01,9.792448814850276961e-02,-7.747286526128226158e-02,-7.381894647909151286e-02,7.240955512932607807e-02,4.375523835797930083e-02,6.144026919763746070e-02,2.083653772455499320e-01,2.661434668479373822e-01,-2.656847625630717746e-01,-2.344017795768890342e-02,2.046115044101943503e-01,-1.640004539601095934e-01,-1.423815310402138101e-01,-2.775028369991659472e-01,-1.382373765919869268e-01,1.524018165887280341e-01,2.947837621758039872e-01,2.389924699480366344e-01,-1.344459747431697161e-01,3.069087708736509823e-01,-1.772695936882402734e-01,1.012045986534393094e-01,-1.150825133617439239e-01,2.471953152546914334e-01,1.009312994695386739e-01,1.596913384461716434e-02,2.972864263242572941e-02,4.427756418498541846e-01,5.448588090122269412e-01,1.465442931119138315e-01,4.678292180447070070e-01,7.874807864899834031e-02,2.578327050606069037e-01,9.549332595866050211e-02,-1.864649477608559536e-01,-1.865788875070331296e-02,-4.834387704951246395e-02,9.973960332873066381e-03,9.050268263002531066e-02,2.443441506431022203e-01,1.603417159670864345e-01,-7.868431872194490972e-02,5.911265021224149790e-02,3.695092163642411665e-01,1.069515667449202623e-01,-1.831975638141790930e-01,3.679666378075475974e-02,-6.050570170394133085e-02,1.468217990310246857e-01,4.149477731351653431e-01,3.768052607909346818e-01,-9.257651523299303964e-02,3.962584644597937356e-01,1.454353551663160604e-01,1.556064801449608404e-01,-1.193469944022480939e-01,3.628020504514319344e-01,2.044802666814850567e-01,-3.323681241489724325e-01,3.215585070461010608e-02,6.268374911572986985e-01,7.615941559557648510e-01,7.915729128368707845e-02,-2.665924283329673128e-01,-3.409927994664493922e-02,2.256657624262230766e-01,6.033342472533438638e-02,2.048064366010367010e-01,-1.347692998897850880e-01,3.400556331469255927e-02,4.524573602277603412e-01,-8.141052619773016252e-02,1.741269087150362077e-02,-2.973354774987890248e-01,-5.598472101327634648e-02,3.404966139059755759e-01,1.390764792543902340e-01,1.402217640243976216e-01,-1.274419694034326367e-01,1.089389042968498256e-01
-1.672293504843707368e-01,-4.989044956987431778e-01,-5.220306833055935458e-01,2.151560647031727502e-01,-1.844271545135143381e-02,-1.078535035098828754e-01,2.003635254244053587e-01,-2.600210515789733168e-01,-1.250728589153254910e-01,1.108295544578956349e-02,-4.034680223260251886e-01,1.112136410063537528e-01,-1.583942100632932184e-02,-1.049697092753873323e-01,-8.337005233655251160e-04,-5.653096941185863367e-01,2.441483522317313415e-01,-3.879710297889629733e-01,-4.229321322384745341e-01,-1.047518398536784745e-01,-4.361165100785852622e-01,-2.133158908847822555e-01,-4.215698591261191619e-01,-3.765416312583632491e-02,-4.283787404673238819e-01,-4.222668816075262344e-01,-3.915508451235183429e-01,2.081609953713657035e-01,-2.612708074807659209e-01,-1.656121848089739113e-01,7.900660207705079152e-02,3.113044997376062106e-01,1.629569284251229100e-01,6.416392186339328618e-02,-2.980011173421755477e-01,-3.812320218415041762e-01,-4.731975856853123247e-02,-1.885711833702286011e-01,1.502164971673895510e-01,1.549761298028476952e-01,-2.543750431184431116e-01,-2.426979310276275448e-01,1.645584012603863999e-01,-2.714803586915554567e-01,2.819523669759766427e-01,2.518098827644280058e-01,-9.197116636431455772e-02,-4.671927569259628349e-02,-2.417308109215951240e-01,3.062464638469560296e-01,-8.626340850394990933e-02,-3.526043280765692733e-01,-2.095517541837068135e-02,-3.666416944440996084e-01,-1.580973517128602540e-02,-2.399506780475146039e-01,-5.126415802730709126e-02,-2.548467499067620309e-02,-8.035547245186501486e-02,-1.460232185248990511e-01,2.062113871878112625e-01,-1.834136444571217439e-01,-7.331413442181651530e-02,3.641703665370236709e-01,1.359224936247203086e-01,7.915729128368703682e-02,7.615941559557648510e-01,-2.292747038470491772e-01,9.009211167789625552e-02,-4.950459015836336518e-02,-2.757123628110738078e-01,3.865940011499696682e-01,1.447030429157335762e-01,1.768859233472609149e-01,2.860484725947480267e-01,2.275759904634299391e-01,3.064433884280789999e-01,-1.822499025116935678e-01,1.800140649911697310e-01,-1.848712998081774098e-02,-9.935334368874672306e-02,2.631713606303642816e-01,3.458432938431548753e-01,1.509795203945116515e-01
-6.063846109777325938e-02,1.728793844425241810e-01,-2.769572905568518650e-01,-1.233252865091382794e-01,-1.796989032275717602e-01,2.421420413678621597e-01,-2.313152250025287959e-01,2.323502402794351551e-01,-3.748465763121320848e-01,-9.202165599169617738e-02,-2.332782778826311965e-01,1.023934465606817501e-01,-2.729918575433727401e-01,1.184182482230322769e-01,-8.278247620976235399e-02,-2.793644979318536947e-01,-1.503648356217194004e-01,-2.221193580931415945e-01,-7.762634647912987351e-02,-5.137507648730226667e-02,5.897693092068262422e-02,-3.657482088146006560e-02,3.276990720854459638e-01,2.812545927189396000e-01,1.950436176854161985e-01,-6.436309474759800350e-03,-6.097955806520067440e-02,-2.335478008035424546e-01,-2.020586543134607893e-01,2.688308948990440761e-02,-2.120293319127991294e-01,-1.781556351583279407e-01,-1.943075438503715502e-01,-3.708095230709269052e-01,-5.466548046347631529e-02,-1.141920937829605520e-01,2.363243178677494356e-03,-3.294907718551511877e-01,8.076288867483646938e-02,-3.104416805269019641e-01,1.214121621925164235e-01,-3.962864542249093236e-01,3.787021166899512403e-02,-2.409067828134168476e-01,5.454679510845139578e-02,-3.164628361050759731e-01,1.301523178862863950e-01,-8.342607386911671252e-02,-3.320651960879505427e-01,-6.422359302866227637e-02,-3.255078004111226497e-01,-4.727405124403512987e-02,-1.661502735517915719e-01,-1.109676177902931965e-01,-1.325280619370859114e-01,2.882677697138604223e-01,9.607293495108898407e-02,-4.270772470935259302e-02,-2.049921460792032968e-01,-1.351459564311714712e-01,-2.909957127797224707e-01,-3.850525132309088328e-01,-2.430597288141621848e-01,-1.178611959726318797e-01,-1.054652428749693893e-01,-2.665924283329673683e-01,-2.292747038470491772e-01,7.615941559557648510e-01,1.050418828557306422e-01,-1.192113672968499044e-01,1.539002809060841526e-01,1.901149310588660241e-03,-6.654531734853101621e-02,1.274351609494427107e-01,2.676042985945573660e-01,3.668245572434692542e-02,6.234472092305035767e-02,6.336533294604363986e-01,-5.132952319107455391e-02,-1.921170445600663967e-01,2.277394768427231098e-01,-7.510862521933997504e-02,-2.924590994934041580e-02,3.363332279297475552e-02
-2.190050836838361437e-01,1.432723397546221689e-01,-5.585966222432459105e-01,3.720523676062310620e-03,-2.493084536683483343e-01,-3.302578663496010258e-01,-2.672492117288735036e-01,-3.027475063104740349e-01,-1.007225190957546090e-01,6.492296041743474133e-02,-3.879365001410655100e-01,2.323229022453141557e-01,-2.370754693203851737e-01,-1.874583116610439859e-01,-3.726076242379877668e-01,-4.157987910186309310e-01,1.541436163801542317e-02,-4.074786554854253895e-01,-4.489912781433815780e-01,-4.191244254639676092e-01,-3.377410513717604701e-01,-4.543163078992679682e-01,-4.208770812035922404e-01,2.951149183292393063e-01,-6.533049450775771372e-02,-1.801489631698419136e-01,-5.343818428980953161e-01,2.608051340958163211e-02,-4.610260569845212042e-01,2.486809156283326661e-01,1.502548958758150310e-01,2.178926810349472720e-01,-1.963928573766969207e-02,-3.565773612073777077e-01,2.350153787933852434e-01,-4.172248788609588255e-01,8.487496192225749136e-02,-2.030699346308019460e-01,-1.117090294017003549e-01,-1.394582966452858896e-01,-3.976120197501282205e-01,-1.484453728048967802e-01,1.669771715556462865e-01,-3.199481267282415220e-01,2.345860909092288282e-01,-2.247349835608958568e-01,8.586617042916834530e-03,-4.704267341651043322e-01,-2.885651898881857469e-01,1.831669326554871136e-01,-2.340541258284541404e-01,-3.833238657167427621e-01,-3.679690785178592605e-01,-2.280837214687527204e-01,-3.345926500630022615e-01,-3.442963454773764753e-01,3.042799225867394708e-01,6.718509232823258182e-02,-9.687733094702576098e-03,-4.274711054901740859e-01,-7.612653062461779974e-02,-3.453193591766354209e-01,6.170859973716491011e-03,2.226450000912726379e-01,8.202043249822527082e-02,-3.409927994664493922e-02,9.009211167789622776e-02,1.050418828557307116e-01,7.615941559557648510e-01,3.077388481759074645e-01,1.999663162917218462e-01,2.309334290017555635e-01,1.544650397577574386e-01,6.934091957350057012e-01,3.655728262704918685e-01,1.515092258141881587e-01,4.174248540738961094e-02,1.444448501482625546e-01,6.426257786837250574e-01,1.422313533672404373e-01,-1.446341277885448973e-01,1.676951848047354143e-01,8.414860915437334665e-02,6.015796471763924513e-01
2.004446526354425051e-01,2.118109165174298647e-01,-2.227483480954147166e-01,-2.239430200398265843e-03,-7.570554963070005861e-02,-2.011029034086315170e-01,-1.733404508256466137e-01,-3.234569149003436728e-01,6.590639576446100101e-02,9.530050195514670752e-02,-2.482788282924599035e-02,4.785432361677180446e-02,-1.136799629401478995e-01,-4.100982200241363729e-01,-7.116139742062420337e-02,1.166898740538345330e-01,-3.120271971649214993e-01,-7.755533067811221093e-02,-2.383126493861080775e-01,2.332017599776448069e-02,6.525129182631898839e-02,1.580995948058761813e-01,-2.598954449155550517e-01,1.671173969932119308e-01,-1.177203661184684641e-01,-6.505490621925748285e-02,-1.802567840622821826e-01,3.040920229078780679e-01,1.178226355043925783e-01,2.391885884988181332e-01,1.966553704713547013e-01,8.580998976553236290e-02,2.970126957503553822e-01,1.677460478932522869e-01,3.612891383473008089e-01,-4.452071174797760794e-02,1.623725615411633627e-01,7.028841137881207402e-02,-3.122795438997806317e-01,-8.595240617959458429e-02,-4.058516555583498442e-01,1.668608819265731680e-01,1.326493429148333236e-01,-5.492252645288098201e-02,5.192678809545896168e-02,-1.051729557328380527e-01,-1.767408455802200462e-01,-7.781031659721036886e-02,1.406044393537905501e-01,-1.819064031410266569e-01,1.116492826698337604e-01,-7.549854230922097009e-02,-2.132148154280381208e-02,1.609935126057363344e-02,1.400142747869085325e-01,-2.904103850718591784e-01,1.717647309967247071e-01,-8.448669904391543917e-02,-2.561368479231919681e-01,-1.361676094964524852e-01,2.647429583238209427e-01,2.600441577627740641e-02,-1.305071482446923219e-02,9.983661318184336442e-02,3.282775382929919994e-01,2.256657624262230766e-01,-4.950459015836342069e-02,-1.192113672968498489e-01,3.077388481759074645e-01,7.615941559557648510e-01,2.478309512029018835e-01,1.409602449748418099e-02,3.167597432358100484e-02,1.897021475444951588e-01,3.254280604191567283e-01,3.978005457098044567e-02,-1.212147424243729260e-01,-1.160685029998519829e-01,1.861580760541964308e-01,6.878153700371260060e-01,9.287418881527111092e-02,-5.089508660234141890e-02,-7.555301507286665830e-02,1.637467544289639421e-01
-8.325733584923179775e-02,3.177589909546568170e-01,2.957077821868513839e-02,1.109549273853922408e-01,-3.072165260318239222e-01,-8.651217359595437736e-03,-7.359748783848128750e-02,-4.038102348394650293e-02,-3.549040330720263925e-01,-2.852625363271753534e-01,-1.826070201625351608e-01,-1.852554653412420427e-01,-3.296373784407826135e-01,-1.348874948692324327e-01,-1.805900125102120890e-01,1.921705232742030034e-01,-2.995192706923430204e-01,7.077814412056790405e-02,-1.254251345220165903e-01,-2.326685381698562205e-01,3.005334095919033888e-01,-1.649058475214511821e-01,9.586229510392846320e-02,1.393623597513483914e-02,2.079157088502621709e-01,-4.635277137317750373e-02,-6.075075355741665906e-02,-2.130263833902607262e-01,4.989440931109977856e-02,-1.473943528754076970e-01,-3.654293078200556710e-01,-1.194181518439246664e-01,-7.946329888753059234e-02,-2.923481969904257252e-02,3.038854680795636809e-01,-5.171541422404409699e-02,-1.239185708434381722e-01,-3.623713496038958315e-01,-1.842125857525648558e-01,-2.971257454531004427e-01,4.553809500483560653e-03,-3.892364109580567777e-01,-2.101536204123513329e-01,-2.357460218437955057e-01,-2.963927545724500678e-01,-2.924726608727628019e-01,-9.882408779362333862e-02,-2.247527256340300927e-01,2.308035478511233363e-01,-1.771326545386112117e-01,1.722953256811480816e-01,-1.698925896180571160e-02,-3.528702463074402940e-01,2.152846818625161751e-01,-1.557088480376306039e-01,8.424016499459717477e-02,1.420828434331471712e-01,1.621482206646422952e-01,-1.280181062218996475e-02,-4.811618452322105610e-02,-1.231596170144952929e-01,2.000421884942563469e-02,-1.622467012375433948e-01,-3.114061544789283320e-01,5.111111400509593672e-02,6.033342472533436557e-02,-2.757123628110738633e-01,1.539002809060841526e-01,1.999663162917217907e-01,2.478309512029018835e-01,7.615941559557648510e-01,-3.104436854066734974e-01,-2.415464402565410118e-01,1.858526622037693921e-01,-1.791142668081927361e-02,-4.265866259883741712e-02,-3.172368314590993110e-01,9.343282034439348571e-02,1.421469542414661724e-01,7.657968400244435925e-02,3.758380509341162079e-01,-1.953995083286472756e-01,-3.130437519183291717e-01,2.387813734939762678e-01
-3.657664966167940152e-02,-2.669104672977336626e-02,-8.384896616849066286e-02,6.318229845939192790e-01,4.746398794689623557e-01,2.435076262757406296e-01,5.719970458937523317e-01,2.654480025184343672e-01,3.460707302071634461e-01,5.540576989191419166e-01,1.239839230811187742e-01,7.120123387053867159e-01,5.016539987823572799e-01,4.924752842645212514e-01,-1.578889110293201226e-01,-2.506116243767175789e-01,6.733932360829469888e-01,-2.595790146772210955e-02,-1.447164435986184917e-02,-1.474181199690741684e-01,-2.975429267558711843e-01,-1.359134011674907883e-01,-2.107279713934768761e-01,2.519073469838404855e-01,7.853982751176100119e-02,-3.844645979661112656e-02,-2.065772484583383861e-01,5.037476015982587096e-01,-6.402301333321225307e-02,1.746092347600314287e-01,3.065121593121120647e-01,5.449014966969405460e-01,3.983403781878992467e-01,-3.309997042235490738e-02,5.305710675928203973e-03,1.601666786814784707e-02,5.553182311455975295e-01,4.234325060794190132e-01,2.334730936192277728e-01,6.427753508089657508e-01,4.985882161753596442e-02,2.375803915782822018e-01,5.820316010280190966e-01,1.696457445406399089e-01,6.290501629959837082e-01,4.843787497260675923e-01,5.122185933035564576e-01,-2.530199171786498002e-01,-2.112956172837689717e-01,5.213997942416535025e-01,-9.485410955950594747e-02,-1.792556504723670854e-02,-6.833655178758965554e-02,-2.966705285368155809e-01,-1.838331459993753636e-01,-2.203264309684387634e-01,1.657964020198836042e-01,-7.274991801123925628e-02,-1.045824376372275905e-01,-1.800007561696676806e-01,4.612799004391782143e-01,-1.719250602288062424e-01,1.317512313135264512e-01,4.086589241489142488e-01,2.625425100646658905e-01,2.048064366010366455e-01,3.865940011499695572e-01,1.901149310588660241e-03,2.309334290017556746e-01,1.409602449748420180e-02,-3.104436854066735529e-01,7.615941559557648510e-01,7.205759481194236038e-01,4.568571951018485233e-01,5.982880222209004950e-01,3.188367807103379969e-01,4.769784145791219343e-01,-1.187447109423266506e-01,3.166891675557458319e-01,-5.105497269354469098e-02,-2.954400385025230391e-01,8.805871853459490417e-01,6.730303850354625306e-01,4.485325397175213835e-01
1.485050168482690731e-02,-1.330088749265719017e-01,2.749105033448621602e-02,4.210859096736386253e-01,4.865137573406828064e-01,7.313224299817648599e-02,4.879050136037246244e-01,9.818087511656374555e-02,4.473451415051803437e-01,2.239738817911017810e-01,2.165915537871981322e-01,4.567510048216417706e-01,4.248338728942622766e-01,2.543496042521853351e-01,-2.366548616089376167e-01,-3.457062490381294095e-01,4.657372671301898692e-01,-1.551931471536463769e-01,7.577602014904147310e-02,-6.598494424746027820e-02,-3.721854914806036474e-01,-1.401850855371531424e-01,-1.361810219372699415e-01,8.737607580790353323e-02,-1.459878911363802489e-01,-1.437045021843314230e-01,-7.201089210906158611e-02,3.854575600306163752e-01,-1.193000623467592308e-01,2.686153359583544620e-01,3.381574878017282182e-01,4.029580150525837179e-01,1.122167184784206573e-01,5.272016226210764905e-02,-1.972930046181807229e-01,3.235785726552338482e-02,3.502094252045868106e-01,5.662844036410119575e-01,1.621856022261225147e-02,5.606428870817533605e-01,-1.105139779763100460e-01,3.974736902596684995e-01,2.136159004995456523e-01,1.872867801948605027e-01,3.948303469352861250e-01,3.543121642933975135e-01,2.904244566058801769e-01,-2.283257140532836404e-01,-2.505091737509294036e-01,2.087572247695425598e-01,-1.795203084529660431e-01,9.338843298869478615e-02,-8.099707931634962665e-02,-3.750408467468565599e-01,-1.638243014583661561e-01,-2.295335464854208196e-01,-8.965699330568786818e-02,-2.159941307842441482e-01,-1.639454752571384288e-01,-1.826345080969525858e-01,3.016434404835572347e-01,-3.107392549193287445e-01,1.369402890244895934e-05,4.509166734775729712e-01,8.188319450715733291e-03,-1.347692998897850880e-01,1.447030429157335762e-01,-6.654531734853096070e-02,1.544650397577574386e-01,3.167597432358100484e-02,-2.415464402565410396e-01,7.205759481194236038e-01,7.615941559557648510e-01,2.647540508451547980e-01,3.551953199418115825e-01,2.117581851429857498e-01,2.661179464335373668e-01,-7.988312420804559444e-02,8.754821830011376427e-02,2.942749500782233536e-03,-1.606876569187123960e-01,6.039177530334517430e-01,7.819078006488304755e-01,9.011437572506457439e-02
8.910517556756557267e-02,2.600748351454073015e-01,-9.730746425151128032e-02,1.086174911190974229e-02,6.431522913669157626e-02,6.752854196356754268e-02,-5.266468044976024138e-02,3.931994281359011412e-01,1.423649334016638957e-01,4.233962755075527246e-03,2.096012557199962434e-02,6.297752932394226066e-01,-1.816913950225862787e-02,1.567568862289399623e-01,-7.479224546289954534e-02,-2.932454970886941292e-01,2.772586397734873656e-02,-2.581255709797424802e-01,-1.204528009780117537e-01,7.557214891432757764e-02,2.508466816699651478e-03,-1.434065126861139849e-01,2.222338342049393345e-01,5.988091923693373841e-01,5.304231431965438642e-02,2.170770851434023763e-01,-1.985382473601993714e-01,3.636874658683224015e-01,-2.667981063366339778e-01,3.261431576690458356e-01,-8.740952657658712655e-02,4.252498569459352562e-01,1.834886748102250165e-01,1.686897335907901543e-02,2.792118051384415156e-01,-5.195840190550993221e-02,2.879722379261936416e-01,1.775416646750406224e-01,1.783242558438702663e-01,1.368131031131508968e-01,3.111943160876750603e-01,1.147565631491004323e-01,1.777018083539154691e-01,7.241422598113649023e-02,4.748189475664305048e-01,5.802743960282952945e-02,3.428330727521510246e-01,-6.319021114415736273e-02,-3.148058467889784939e-01,4.580275827213569316e-03,-2.220280007171343828e-01,-1.104355040026193807e-01,2.979382636105047666e-02,5.183537031692310448e-02,-5.181839787455230772e-02,2.622628247623391418e-01,5.518484175258261404e-01,1.316633409755100792e-01,1.891297071233569993e-01,-1.950044539500836172e-01,4.004986467715980769e-01,-2.533289441620101279e-01,6.903107119239977607e-02,2.492202127067805750e-01,3.183721255663744532e-01,3.400556331469242050e-02,1.768859233472609149e-01,1.274351609494427384e-01,6.934091957350058122e-01,1.897021475444951866e-01,1.858526622037693921e-01,4.568571951018484123e-01,2.647540508451547425e-01,7.615941559557648510e-01,4.159134179817973176e-01,9.015194662003733761e-02,2.686801902858838020e-01,1.650589111759742378e-01,5.371382961082910024e-01,9.549249629151182472e-02,-1.166702580867606809e-01,5.473418227547929282e-01,1.712716320268376780e-01,8.024077398747411216e-01
6.953825276221266283e-02,1.899056254279442024e-01,-1.704435760260109567e-01,2.858787931975372842e-01,3.113550684286350290e-01,1.310799800943846308e-02,2.266123265116267160e-01,6.411650552680327186e-02,1.986411383384606710e-01,3.833754148970406894e-01,7.919576114194823435e-02,6.382452866552006387e-01,8.529215024986307181e-02,2.434852976169198657e-01,4.987107457757123524e-02,-1.914673115728000030e-01,1.925181282869821153e-01,-2.040835239793979961e-01,-2.208230701023610604e-02,4.907473362930558219e-02,-1.201808801659836334e-01,1.352513945515470273e-01,-1.216083528934204690e-02,3.824623355908274291e-01,-1.800177182048496027e-01,-7.471762978920126752e-02,-1.565307540165642441e-01,3.910423471696010678e-01,3.215598766118985680e-02,1.524397108234587239e-01,2.427151840993129958e-02,5.491022192648032929e-01,5.686830773261511984e-01,-7.306819145252398638e-03,1.743277212043072566e-01,-7.617615353531032030e-02,3.096978262796564185e-01,2.580469942031909381e-01,-4.777753265096181153e-03,3.018763769099442884e-01,2.328114963411047345e-02,1.647801889588637880e-01,4.372544559853935864e-01,2.081648876821123595e-01,5.677586801460183796e-01,2.524362095328436251e-01,3.516862013857912084e-01,2.284716162835956008e-02,-2.341711846647781259e-01,3.299349233464490827e-01,-1.671275989504585890e-01,-6.579015523702580470e-02,-2.401633092741544198e-02,-1.377612164110425252e-01,-1.043152475158655619e-02,-6.898620048489495504e-02,2.952992761978586178e-01,-1.007523169269534391e-01,-4.103392444648731874e-02,-1.419336172146116737e-01,4.249562680240592805e-01,-2.060716131721413436e-01,1.249371187714469478e-01,1.282293278264544090e-01,4.432278613602817496e-01,4.524573602277603412e-01,2.860484725947479157e-01,2.676042985945572550e-01,3.655728262704918130e-01,3.254280604191567283e-01,-1.791142668081921810e-02,5.982880222209004950e-01,3.551953199418115825e-01,4.159134179817973176e-01,7.615941559557648510e-01,3.513928937682137543e-01,4.031052716638021671e-01,-5.369961416378640773e-02,3.472864253415486879e-01,6.956759347543108041e-02,5.077926980918084227e-02,5.545077751333524763e-01,5.839362365033240465e-01,3.849065817422805957e-01
-1.683231548588564885e-01,-2.099761548071901740e-01,-6.343241536501327549e-02,1.689336153769955551e-01,1.315078754093832077e-02,-1.926184927692092819e-02,2.215703512724601365e-01,1.195961568377598844e-01,6.089658905971712978e-03,9.307509529342945787e-02,-8.301768594499117637e-02,3.039062087374487797e-01,4.488513707563773769e-02,1.129941072681799885e-01,-3.545462560729620294e-01,-3.986090012683602413e-01,1.257150656641825848e-01,-2.130464785160542662e-01,-2.260494914628972257e-02,-3.495893337462757655e-01,-4.137066884236639819e-01,-3.729338636198685775e-01,-2.649436339187624320e-02,-2.828734753961980805e-02,-2.170184535547687310e-01,-1.976528478120787302e-01,-2.173583206475797891e-01,-1.253715628193423637e-01,-4.637261963239793783e-01,1.221424765908012688e-01,2.662302123218936445e-01,-1.806161313813784697e-01,-1.572286576368007449e-01,-2.318193236444290872e-01,-3.478123969046138519e-01,-1.440906467512294009e-01,-2.180654963463778476e-02,1.200503534647061159e-02,-2.073093979618793603e-01,5.941699192363490700e-02,-3.437279484155152803e-02,-9.016252773769806161e-02,-2.344201305154590409e-02,-3.466876066152365515e-02,2.276009833732279553e-01,-1.337606277543869626e-01,5.074641325056624547e-02,-3.804995515334169687e-01,-4.480336860205152982e-01,3.428665798320230940e-02,-3.402079808352125312e-01,3.464942895938748907e-02,-2.634780785792658064e-01,-4.662989299868233184e-01,-3.195059662854915494e-01,-1.231125180370572503e-01,-1.012318608624415972e-01,-2.850479273106075739e-01,-3.208515777059505192e-01,-2.305974858772531777e-01,-1.122513863829473907e-01,-4.996885605420240406e-01,2.628613535186690164e-01,1.443804341769870936e-01,2.928870289062587146e-02,-8.141052619773016252e-02,2.275759904634299391e-01,3.668245572434679358e-02,1.515092258141882697e-01,3.978005457098046649e-02,-4.265866259883746570e-02,3.188367807103380525e-01,2.117581851429858331e-01,9.015194662003739312e-02,3.513928937682137543e-01,7.615941559557648510e-01,3.940370537296608577e-01,-7.348712717037267361e-02,3.177135712350533936e-01,-1.125196227877708205e-01,8.209745641966338658e-02,4.165302257686832599e-01,2.299483841082432534e-01,8.509653041404756368e-02
6.401676570400260946e-02,-3.592036441837986316e-01,-4.156198899177728778e-01,2.346572756344623423e-01,-1.795856152628145797e-01,2.531303486239311895e-01,2.407514258046549727e-01,9.902251217107944925e-02,-1.031144051797966282e-01,3.440306727579937607e-01,-4.786977802520632208e-01,3.831305718069312749e-01,2.593799030831351327e-01,1.600229711555161208e-02,6.219826694258424188e-02,-3.269777036483299537e-01,4.351944381267385253e-01,-1.561489923656364520e-01,-3.903356090219657903e-01,1.032328821771980737e-01,-2.813259861062882283e-01,3.662374635892793467e-02,-4.852935893695956016e-02,1.300938903003231450e-01,-2.821245531026014136e-02,-1.194033895946073343e-01,-2.292558765766959661e-01,1.734026192749887063e-01,-1.440755221413426435e-01,4.053930786362126004e-01,1.233814357510134990e-01,1.799665741626164939e-01,1.633660054740045942e-01,-2.544542285273675430e-01,-4.209342680094980693e-01,-3.388802856105928019e-01,-1.442413798169113470e-01,-2.197263823710813024e-01,-1.867657465018252028e-01,1.093547024846614792e-02,-1.951131905675540512e-01,-2.222783239111365272e-01,1.410402316946361700e-01,-3.390155638648806313e-01,4.612506633765319775e-01,-7.523364772784894849e-02,-1.915602568058085153e-01,1.684912576488547392e-02,-5.419080000541026676e-01,1.218576531127596035e-01,-4.432267239397170155e-01,-3.322220989184461737e-01,5.497739281171208636e-02,-4.432574450447115955e-01,-1.452207434118703289e-01,-1.481442041528671372e-01,-1.466501234171268403e-02,-3.975692731017278492e-01,-3.758386448042185246e-01,-3.735577428826923896e-01,9.126308912497772818e-02,-4.655994198680425411e-01,7.385879696932537430e-02,1.904696010551519547e-01,-6.523316375723922818e-03,1.741269087150367628e-02,3.064433884280785003e-01,6.234472092305046870e-02,4.174248540738966645e-02,-1.212147424243729260e-01,-3.172368314590993665e-01,4.769784145791220453e-01,2.661179464335373668e-01,2.686801902858838020e-01,4.031052716638020561e-01,3.940370537296608577e-01,7.615941559557648510e-01,-2.474539784222033467e-01,7.782827149225002294e-02,-2.441246850073264807e-01,-6.548799754516908267e-02,2.878580075091474733e-01,3.061848325238674118e-01,1.459908130329028164e-01
-3.123286841413340786e-01,-1.581027004032385663e-01,-4.055239424755023303e-01,-2.579601980773125192e-01,-3.213617209566419497e-01,2.120302126114247121e-02,-2.565034037745604900e-01,-1.312081382462416124e-01,-4.426307808233009289e-01,-2.213000126548796409e-01,-3.794448378772924402e-01,-8.316709516914660982e-02,-3.189948648369944073e-01,-5.942655484316493320e-02,-7.359386609402673862e-02,-3.940847247837923617e-01,-1.855169228968108763e-01,-2.999948638415938507e-01,-1.948118326217295748e-01,-2.231884064433687642e-01,-9.656337808970308356e-02,-2.314310240437326971e-01,-3.930573666513923620e-03,1.667087561417528729e-01,-1.916830621010101876e-01,-2.049679635068790140e-01,-1.053247428697151739e-01,-2.967706036286000826e-01,-3.016001232862068893e-01,-1.785024949657295357e-01,-2.634123836304529953e-01,-2.442957819106978401e-01,-3.240580745125197226e-01,-3.564759960454201848e-01,-1.798399355462737825e-01,-2.249008538138125846e-01,-2.721798905790197721e-03,-2.943163145599799191e-01,1.334512769053291803e-01,-2.783958543341977787e-01,-9.934824683098354703e-02,-4.058576969583941874e-01,-3.846322891046619064e-02,-3.439855709338176526e-01,-3.366050938080284577e-02,-2.365482797558669525e-01,1.265259009586409966e-01,-1.501276680364240224e-01,-1.596794767625109579e-01,4.290608951777351993e-02,-1.662864535833348534e-01,-1.591843605283871366e-01,-3.109031739088356505e-01,-1.413341129583219891e-01,-1.761344071198462091e-01,1.476081304607982647e-01,-3.255029831600211865e-02,4.281492994861033075e-02,-6.017191631895403570e-02,2.365881669308655608e-03,-3.613920611326007504e-01,-3.106198769529042725e-01,-7.305010025415829833e-02,1.022951827504666455e-01,-1.717926242503309553e-01,-2.973354774987890803e-01,-1.822499025116935123e-01,6.336533294604365096e-01,1.444448501482624436e-01,-1.160685029998519829e-01,9.343282034439336081e-02,-1.187447109423268171e-01,-7.988312420804564995e-02,1.650589111759742933e-01,-5.369961416378629671e-02,-7.348712717037264586e-02,-2.474539784222034022e-01,7.615941559557648510e-01,6.982159607222933329e-02,-5.326809170348106859e-02,1.445450052416761555e-01,-1.222534367387203419e-01,-6.941154944116520583e-04,1.021322221737591546e-01
-1.795292885741328337e-01,-5.739915508184176979e-02,-5.121466342892999624e-01,1.710657504725818789e-01,-1.821860197289333905e-01,-2.246642616303958229e-01,-1.997913020080141766e-01,-2.648950774307007872e-01,-4.493743954334434437e-02,9.448429147865010369e-02,-2.143859979112114067e-01,1.518282491681151036e-01,-8.357600566496002636e-02,-1.477243986507316975e-01,-3.242076002324081885e-01,-5.084529752692495963e-01,5.108717699145364638e-02,-4.361384066179839203e-01,-3.037295985336788129e-01,-3.359454467307171899e-01,-3.729766907351095839e-01,-4.427425635014850536e-01,-4.093169611429353649e-01,1.334832402789419836e-01,-2.261741669281540079e-01,-2.732723314333375675e-01,-4.473383042519461505e-01,5.181944587622197389e-03,-4.475061112223863713e-01,1.623161719257618651e-01,2.899104644994418001e-01,7.561925210438841249e-02,-4.336273681782253780e-02,-2.843864440665424542e-01,4.677795091389013588e-02,-3.872172755881724271e-01,2.584197141413221988e-01,-5.170266312267186165e-02,-4.821976803384427079e-02,-1.448195965469153412e-01,-3.655165323953530332e-01,-2.992368877611458963e-02,1.653426387781734841e-01,-1.693467434450056097e-01,1.973089485100476825e-01,-1.513869824908360973e-01,5.790604349009383089e-02,-3.612012818784332002e-01,-2.311781990901140282e-01,1.963888454226163094e-01,-1.734179857647775991e-01,-1.703903271806457287e-01,-3.397845587696020075e-01,-2.764939739738236368e-01,-3.662794287614630773e-01,-3.094998346486062535e-01,2.025952715059855247e-01,4.263293646781445012e-02,-1.498260578198724324e-01,-3.504270441511013190e-01,-2.661475557398479061e-02,-3.126185904645484293e-01,-7.835798927439707739e-02,2.166448585548906569e-01,-1.663635468469710360e-02,-5.598472101327629097e-02,1.800140649911697033e-01,-5.132952319107455391e-02,6.426257786837250574e-01,1.861580760541963753e-01,1.421469542414663667e-01,3.166891675557457764e-01,8.754821830011376427e-02,5.371382961082910024e-01,3.472864253415486879e-01,3.177135712350533936e-01,7.782827149224993968e-02,6.982159607222938880e-02,7.615941559557648510e-01,3.072195486989540703e-01,1.458457379795327635e-01,2.004831917557279020e-01,1.554491583969357660e-01,4.352521778231876470e-01
8.958633098430220099e-02,2.206598289054780837e-01,-2.113375807695206943e-01,-3.065417232124491992e-02,-1.083593575430988193e-01,-2.111013855126358529e-01,-2.204943719192882789e-01,-3.717786891228906931e-01,5.215835701161671695e-02,-8.626962577635212404e-02,-1.680366565150638938e-02,-9.156283739435172597e-02,-8.274697361080675384e-02,-4.014023634356286285e-01,1.185579981575374253e-01,6.058421319662446458e-02,-3.452712811559280337e-01,4.988371466952834163e-03,-2.608591584560016607e-01,1.262696409061779268e-01,8.072768404913913121e-02,2.220444225004180316e-01,-2.680560604667341917e-01,8.567782960298973849e-02,-1.493720320339480268e-01,-1.032415859752290055e-01,-1.062307540995459793e-01,2.370529105414553583e-01,1.168106849761291477e-01,2.485005339026863935e-01,6.896571905761654520e-02,1.440046518455894153e-01,1.560898362947816809e-01,1.456798174169193494e-01,3.998966514298814556e-01,-5.305562269096802258e-02,2.850979202297935222e-01,9.525426660976421545e-02,-1.807941151505698674e-01,-1.202380058413764358e-01,-3.520932020962502240e-01,1.510289935259977456e-01,-1.539746101325492438e-02,-8.194925366173533288e-02,-1.631055923007984632e-01,-5.803497378683512842e-02,-1.603087520543894084e-01,1.464524540117000950e-01,3.614825950424160883e-01,-2.053866409652023717e-01,1.861666136020088957e-01,-1.221263161786722423e-01,1.502525629306892263e-01,1.431573930705360986e-01,3.674419762145331170e-01,-2.465904342120772419e-01,1.011547376955014149e-01,7.879597156652280721e-02,-6.157033334675859892e-02,1.243638130212783473e-02,2.307024012168050475e-01,2.738061725624688636e-01,-2.255468821524959228e-02,1.044035278397679872e-01,3.464402845341030268e-01,3.404966139059755759e-01,-1.848712998081768893e-02,-1.921170445600663412e-01,1.422313533672405206e-01,6.878153700371260060e-01,7.657968400244447027e-02,-5.105497269354469098e-02,2.942749500782261291e-03,9.549249629151181085e-02,6.956759347543108041e-02,-1.125196227877708760e-01,-2.441246850073265362e-01,-5.326809170348101308e-02,3.072195486989540147e-01,7.615941559557648510e-01,2.466434642076488770e-01,-9.299699416703927080e-02,7.872803402370565085e-02,1.476833267199132438e-01
-1.732453578787735149e-01,2.621746534513382243e-01,1.794874483699998580e-01,-3.038527520959508621e-01,-2.903936608973588518e-01,2.252923459510523252e-01,-3.158898087749402728e-01,1.835238525396063747e-01,-3.052606842330444770e-01,-1.041722468335684743e-01,-7.229738917477453175e-02,-4.593938987869254642e-02,-1.768087396062650862e-01,-9.418240712576192442e-02,-2.913702056388695061e-02,2.750803511584136718e-01,-3.171507714032720804e-01,2.745061233917580612e-01,-6.996123306264389642e-03,-6.036367834443505387e-02,1.910663927104249704e-01,2.548704295573330295e-02,2.812044470172337385e-01,2.374182576602495709e-01,1.781547952725024420e-01,2.495706560153185261e-02,8.201206348611493613e-02,-2.289419442279816974e-01,2.494282272517333449e-02,1.791934840034809795e-01,-3.164393047172595619e-01,-1.305266820740965950e-01,1.479658642450733079e-02,2.408309227194938701e-02,2.354513711341812976e-01,8.578801676300151779e-02,1.118514111348607176e-01,-2.641790544494289072e-01,-2.872950396887722149e-02,-2.809858300362622630e-01,2.111469733539985127e-01,-3.585820418853197800e-01,3.300486164863891680e-02,-8.272500305036220580e-02,-1.228247825281041233e-01,-1.811043556198717597e-01,6.098741592422834285e-03,2.581288152970219463e-02,2.686094883655333887e-01,-1.341629721402727571e-01,2.135567049865053080e-01,2.740539208249540351e-02,-2.780706037087138927e-01,1.464233603379150594e-01,2.545569734158706354e-02,2.191772737539238458e-01,2.487742216941483675e-01,1.343356613226316665e-01,8.908350305997889129e-02,-1.151838657955214090e-01,-9.737916527344929463e-02,-1.068193368241232705e-01,-7.874021127942311404e-02,-2.123732331356839309e-01,7.401933605021021600e-02,1.390764792543902340e-01,-9.935334368874672306e-02,2.277394768427230820e-01,-1.446341277885449250e-01,9.287418881527109704e-02,3.758380509341161524e-01,-2.954400385025230391e-01,-1.606876569187125070e-01,-1.166702580867606948e-01,5.077926980918092553e-02,8.209745641966342822e-02,-6.548799754516911042e-02,1.445450052416761555e-01,1.458457379795327913e-01,2.466434642076489325e-01,7.615941559557648510e-01,-2.570601663203904708e-01,-2.099149880924617850e-01,-2.696186514028719658e-02
1.090916251308820806e-01,-2.373768266242089892e-02,-1.413401136954187398e-01,5.517498426330825767e-01,3.287439112535547325e-01,9.596314952070908455e-02,3.729388167014212052e-01,1.660350239467695554e-01,2.513554902318533291e-01,4.040739278658649902e-01,-1.551422327724174231e-02,7.294950895534846325e-01,3.765920606576488860e-01,3.656069926926323599e-01,-1.283927950430441278e-01,-2.753831150819093243e-01,5.468523372696519891e-01,-1.260789645297143158e-01,-7.184619331300808043e-02,-2.470475043599207887e-01,-2.290560857490370472e-01,-2.424048335632338347e-01,-1.758537430132223189e-01,3.065104901120029313e-01,-1.215274385510235339e-01,-8.621493572844876607e-02,-3.479866088023995663e-01,5.310123124428816066e-01,-1.977592153873762304e-01,3.887660466202076948e-01,2.680258684862391050e-01,6.047718862516550109e-01,2.893958092348288269e-01,1.113460802317077503e-01,1.185071621791460028e-02,-1.403999997266754396e-01,5.406200911661892539e-01,3.671543184746674515e-01,2.303707482356851244e-01,5.566660888749257463e-01,6.172329483413507845e-02,1.856501307573684978e-01,6.081390446291692342e-01,2.790593164115192856e-02,7.083724774781074984e-01,4.532714079018431708e-01,5.226382103228736087e-01,-2.831262774927437720e-01,-2.136886350438910454e-01,5.368608538145294151e-01,1.430523757655722400e-02,-8.081878657419544476e-02,-1.500667793798516891e-01,-2.402196567013321904e-01,-2.460475268903083435e-01,-1.378598876775936344e-01,2.574678026904507200e-01,-6.453129553677393326e-02,3.317224460482307360e-03,-2.678039778685200045e-01,5.045221773961496847e-01,-1.950045065718183646e-01,3.279492388272852721e-01,4.785670377564469335e-01,3.105724634363402625e-01,1.402217640243976493e-01,2.631713606303643926e-01,-7.510862521933989178e-02,1.676951848047354143e-01,-5.089508660234139115e-02,-1.953995083286473311e-01,8.805871853459490417e-01,6.039177530334517430e-01,5.473418227547929282e-01,5.545077751333525873e-01,4.165302257686831489e-01,2.878580075091474733e-01,-1.222534367387202309e-01,2.004831917557279020e-01,-9.299699416703927080e-02,-2.570601663203904708e-01,7.615941559557648510e-01,7.137523940380989806e-01,3.619429783977835546e-01
-1.399629185209506736e-02,-3.516274376640567412e-01,-1.989261425299782837e-01,3.516941567620398557e-01,5.117388216436200565e-01,4.912719491710068609e-02,5.062116278192779761e-01,-8.982017353212344568e-02,2.950630527517891788e-01,1.832247700218104236e-01,2.241286902906945364e-02,4.062714266168431232e-01,3.658664860793381934e-01,2.954478545274494827e-01,-9.097510357063691433e-02,-5.082775679729728546e-01,3.998885385638025758e-01,-2.683664738423748863e-01,-2.271422648536714217e-01,-2.066850444160283906e-01,-5.390436910080209643e-01,-2.432026016440056448e-01,-2.276577431657751116e-01,-4.911220798172358237e-02,-4.517560125713578345e-01,-3.910641380267323997e-01,-1.290852517664055621e-01,3.077706555264519972e-01,-2.388841193695027676e-01,3.097206014215680980e-01,3.676139956085425764e-01,4.412335579934913432e-01,-4.068411295518715304e-02,-3.691217011197726189e-02,-3.004037240264028075e-01,-2.285527171360922372e-01,3.820541611397774151e-01,4.911218368742801821e-01,1.892628997698737603e-01,6.554206734897376485e-01,-1.086614500134925748e-01,2.110474847894413808e-01,2.532681856593563263e-01,1.426538656467178298e-02,5.387509969445529734e-01,5.403296005505383581e-01,3.609468636979070721e-01,-2.020620178118333055e-01,-3.769642620682174261e-01,3.973124870964223065e-01,-2.232428982907520565e-01,-2.381735224096771242e-01,-7.262484653801039303e-02,-4.947588696937760266e-01,-2.256043299598211593e-01,-1.572081498044714809e-01,-7.731702149702830706e-02,-3.232050261409089575e-01,-2.683565520409237348e-01,-1.595836895143468714e-01,4.021490209567004093e-01,-3.072464620885945741e-01,1.194909884605427353e-01,4.707812257455797900e-01,8.340350733974725983e-02,-1.274419694034326367e-01,3.458432938431548753e-01,-2.924590994934038804e-02,8.414860915437334665e-02,-7.555301507286665830e-02,-3.130437519183291717e-01,6.730303850354625306e-01,7.819078006488303645e-01,1.712716320268376224e-01,5.839362365033241575e-01,2.299483841082433644e-01,3.061848325238675783e-01,-6.941154944116243028e-04,1.554491583969357660e-01,7.872803402370569248e-02,-2.099149880924617850e-01,7.137523940380990917e-01,7.615941559557648510e-01,-8.603493265098556553e-02
3.177147013290646210e-04,4.484328662393436971e-01,-1.649418099104295599e-01,-2.912741026975558447e-03,-5.305069048857703751e-02,8.548434724651514729e-03,-1.961261811281934664e-01,3.066257996367899308e-01,1.046424087940020092e-01,-1.349095659586664053e-01,-1.259518250985687260e-01,4.485365846152394864e-01,-1.624307413720130489e-01,-6.539827186949040416e-02,-1.298670940987656508e-01,-1.979091855869671013e-01,-2.731145494010401298e-01,-2.798639566790184219e-01,-2.713620416047838879e-01,-2.109863877364144547e-02,1.442722249080876651e-01,-1.992222283972364949e-01,1.949023079925445712e-01,6.996129732891182007e-01,1.952135466862497948e-02,3.623655297602476066e-01,-2.608850004666796729e-01,1.945377968652597656e-01,-2.641871837704760639e-01,2.258410673486833942e-01,-1.243423983347478716e-02,1.425888837400144105e-01,1.297628001069451309e-01,-5.497764347024860360e-02,5.246399358972873017e-01,-6.636757502838734613e-02,1.063676908422722528e-01,7.764127548626902076e-02,3.456716590253101212e-02,-9.235871512018034579e-02,2.212147226033276126e-01,1.079763500450617864e-01,6.069594323006551745e-02,-8.971200566175373259e-02,3.196241810214598411e-01,-1.564153769769903446e-01,1.206777855082684647e-01,-9.534560843133975394e-02,-1.243947300532020211e-01,-3.068244015957480864e-01,-1.278530316824403323e-01,-2.296508692851773059e-01,-7.119329374829691526e-02,2.069535027092739843e-01,-1.347983843575386032e-01,2.058558979410726464e-01,7.081012544645424178e-01,1.662702821923400520e-01,3.870806963765104913e-01,-2.309148452325869849e-01,1.171031999098832016e-01,-1.583800607269556793e-01,5.711405088526207846e-02,8.747210615883807550e-02,1.737035152152372475e-01,1.089389042968498533e-01,1.509795203945117348e-01,3.363332279297467919e-02,6.015796471763925624e-01,1.637467544289639143e-01,2.387813734939763233e-01,4.485325397175213280e-01,9.011437572506457439e-02,8.024077398747410106e-01,3.849065817422805957e-01,8.509653041404759144e-02,1.459908130329027331e-01,1.021322221737593350e-01,4.352521778231876470e-01,1.476833267199132993e-01,-2.696186514028716882e-02,3.619429783977834991e-01,-8.603493265098548226e-02,7.615941559557648510e-01
