7.615941559557648510e-01,1.260749474055885277e-01,-5.509114811540987561e-02,-7.298514375243400631e-02,-3.186854980936275061e-01,5.999403528063200763e-01,1.436212520438907014e-01,3.385380642984658212e-02,-1.957089942961470763e-01,3.571516193336049527e-01,-1.725658818138807171e-01,-3.348547799335850617e-02,6.958674711520462797e-01,-1.370020212558977490e-01,-1.757935311678095469e-01,6.562821819361625009e-01,5.683919913735858698e-01,7.715279022102591311e-01,-2.160393250854159564e-01,-1.913120493759554452e-01,9.095344980615611974e-02,6.674891260435385221e-02,1.564788394764057289e-01,1.125071604463868391e-01,4.489703214718609448e-01,6.166426533940135846e-01,-2.974476201610128101e-02,2.313265763653322149e-01,2.460125342447711250e-01,1.234330527679075584e-02,3.665581920917123648e-01,-3.952132998227417815e-01,-1.673625599430966435e-02,2.492164672295700267e-01,-1.073608524167255288e-02,-1.833602302549199037e-01,-3.824870176180319992e-01,-3.048340076189344772e-01,-3.502668744267869450e-01,-1.860278424309562417e-01,-2.369358723649300225e-01,-5.161762773632620066e-02,-1.130647763421674112e-01,-1.493430227800252585e-01,-2.191863885716990312e-01,-5.014237709193484702e-03,-2.939072123353015376e-01,-2.284563335690241725e-01,1.182054064639870145e-01,-1.125548951055657387e-01,1.828765379904086774e-01,-2.799620242893768318e-01,-2.004160493095277218e-01,-2.818682067608307418e-01,-3.257787675521952586e-01,-2.982006897031083126e-01,1.175482454786500736e-01,-1.802426688102148067e-01,-4.604265019793780250e-02,-2.669185983839622578e-01,-3.546145323070938604e-02,-3.038703832577909769e-01,-1.417845577576602178e-01,-1.262153343574104192e-01,-3.671731262360844461e-01,-5.699651530735928145e-02,-1.771531654630089936e-01,2.497034909012562087e-01,-6.493945562170475028e-02,-2.161843847773091409e-02,-1.110379185428545523e-01,-5.708549403249971871e-02,1.968588698134429715e-02,-1.531082293722095811e-01,-1.534790412854405428e-01,1.240696789914808168e-01,3.047084256891259280e-01,-2.504473683979594467e-01,7.692808396166037066e-02,-1.168571229608421219e-01,-4.966556861003391249e-02,-4.571496363212591146e-02,-6.622401653276030475e-02,-1.809092993992348075e-01
1.260749474055884722e-01,7.615941559557648510e-01,-6.265795841505182595e-02,2.379670064156805265e-01,7.712352766712364527e-02,1.742893880299819509e-01,9.605347120256270410e-02,7.820754205908861389e-02,5.820656029752473842e-02,4.391187528875259982e-01,1.292870574242653836e-01,8.301490984259891903e-02,5.929774299385039832e-02,4.784058706499353525e-02,1.502648235287796230e-01,3.388380959219352007e-01,-1.059652628033834060e-01,2.547431806448980929e-01,-4.710085083490198055e-01,-2.010608154365664257e-01,6.069282955004977609e-01,2.136257057716373642e-01,1.851865026282633608e-01,4.830794076119184766e-01,3.396659080810972564e-01,4.415369945725066692e-01,1.415072916961824800e-01,8.223034247892933857e-02,4.701837714300857174e-01,-1.341159703670306291e-01,4.994054201343573612e-02,-2.229214586990984834e-02,7.066247981897419983e-01,2.209570694202404040e-01,8.744950418326290498e-01,5.962661900840114659e-02,-2.020447050537620415e-01,6.865489659747697759e-02,-4.027131642457681404e-01,-4.756599178160286767e-02,-2.958274111586324806e-01,1.344350403863118493e-01,-1.423546981253937804e-01,4.665783232140579412e-02,-2.078595949970442336e-01,-4.138213420459592728e-01,-3.312144214627395656e-03,3.384243175695184624e-01,9.670838461523670326e-02,-5.126697109068665270e-01,1.386163989276588682e-01,-4.263863877211814257e-01,-2.211071456640296140e-01,3.686515373743352031e-01,1.624832569742174770e-01,-1.062440994347573081e-01,4.330725909527868844e-01,-1.928034706364610273e-01,4.660431348254075179e-02,-1.697723187412075729e-01,1.391322593089297233e-01,3.927701186891241480e-02,-3.986317127955649187e-01,-1.048802904462512314e-01,1.500991453373758389e-01,5.935115714870312642e-01,-2.707313645830493054e-01,3.771022198686030391e-01,5.531022364904730065e-02,1.137179594949597194e-01,3.147668569392781390e-01,1.454389470242055671e-01,-1.218897308843388122e-01,1.636235272985860356e-01,-6.086220830843570850e-02,-1.487035765233068185e-01,1.390434016345476476e-01,6.746118540884867010e-02,1.468802093558008171e-01,3.010678941099655392e-01,5.025858973931160989e-01,1.433514652084521071e-02,-2.354286728917645566e-01,1.269615534890947139e-01
-5.509114811540990336e-02,-6.265795841505185371e-02,7.615941559557648510e-01,-1.896481141617462063e-01,3.009886158305140683e-02,-3.899060129503711947e-02,-8.415953943976826890e-02,4.626191893941072886e-01,1.563322449647428780e-01,3.184812685003267363e-02,6.238473744546337851e-01,3.767257968462578432e-01,1.569885511872769895e-02,5.076221971055916438e-01,-3.632894845201803630e-04,-1.876817812917148942e-01,-4.839330671538837059e-02,-1.223701768006434237e-01,6.861419833444802885e-01,3.419987432235393338e-02,-2.138864516435026175e-01,5.567689424805594145e-02,4.551763004403745483e-01,2.133890838624117881e-01,8.303341399501895648e-03,1.784067009701712503e-01,1.534493371056592538e-02,2.425814376634039538e-01,-4.517357595227569633e-01,4.066274324447522459e-01,3.516280628568692057e-01,3.059981618809286541e-01,4.002151338782206774e-02,-2.001468044250858669e-01,-8.304826399299480855e-02,7.160141647617437322e-01,-2.969069349197501206e-01,-1.598224484781406163e-02,-3.312951539863990824e-01,-2.420707647988094013e-01,3.422921120250999594e-01,2.123467214465515895e-01,-3.026298860923092859e-01,5.956457311621817796e-01,1.989089636433026553e-01,-1.803648594487279877e-01,2.686394626728851875e-01,-1.101437824056232789e-03,-4.262550484679039631e-01,-2.764162295591525154e-01,-3.921302933657848655e-01,6.557951937545933863e-01,1.529871220306592561e-01,-2.707240729114032129e-01,1.058863951166441261e-02,1.748592902048936581e-01,-2.620613682484326801e-02,-3.437724361097462267e-01,-1.682336256994088619e-01,-1.304898174620221785e-01,5.903362292455049259e-02,-4.251586607276112151e-01,2.456043164084683317e-01,7.124127233771980483e-02,4.580302042078950725e-02,-4.827665840459716140e-02,-9.771204989187506906e-02,-5.859008572240227003e-02,-4.581272236976514645e-01,-3.383466662566462779e-01,-8.192452513045295204e-02,1.844283218035552285e-01,-1.398873068697151223e-01,-2.178739275343197918e-02,1.319394005058071029e-01,2.245409643455933135e-01,1.401083876032113706e-01,-1.637654972036851619e-01,-3.608314401841974939e-01,-4.079036058734085701e-01,1.354334552257056325e-02,-3.739413609640594976e-03,-1.400695568422206383e-01,-1.994521768462815484e-03
-7.298514375243403407e-02,2.379670064156806375e-01,-1.896481141617462063e-01,7.615941559557648510e-01,1.213282978775241938e-01,6.546565790617966951e-02,3.135602882721377771e-01,-2.018672827442498097e-01,-5.843636892522426768e-02,1.669871672390517148e-01,-1.159703254646175657e-01,-1.057844801423510339e-01,6.578612574996256512e-02,-1.547558118785496151e-01,-2.481355247553794843e-02,5.017997354084161032e-02,-2.958632047323590114e-02,1.025827618190456869e-01,-3.362548631103198099e-02,7.355261646893851424e-02,3.221762396049222543e-01,3.900398580125655906e-02,-3.197694434076182590e-01,8.154578317929778164e-02,9.075298806756784686e-02,-6.741063757607522466e-02,2.679882470778451996e-04,1.449169889293447921e-01,3.018845554131817099e-01,-2.172426604680620099e-01,-2.741089483282471151e-01,1.987353739302776257e-01,4.412088334507130449e-01,1.377255338199177837e-01,3.535524911197865938e-01,8.762800871508527600e-02,5.937265155883999501e-01,7.064496464172928536e-02,1.576156306127343143e-01,-6.483104114617271874e-02,-5.404924815300589380e-02,3.665116438441176627e-02,2.850501274475495950e-01,-1.727168985463898021e-01,-5.352418894833197577e-02,9.720282531938503889e-02,-4.501816953027550777e-02,5.321708721443429990e-02,3.174763192942905432e-01,9.229846760033247333e-02,3.436616692609690826e-01,-5.854417415902649774e-02,-4.748163649154365368e-03,3.700992218648872512e-01,1.290387034024359780e-01,4.536807663466635443e-02,3.766259875749793928e-01,2.501934425426942110e-01,2.392672647356278715e-01,7.156411723571862171e-02,1.612494799832913661e-01,2.459247750500805352e-01,-3.904289309140020897e-02,-4.073207916674818074e-01,-2.349932935430688527e-02,3.381645104320888939e-01,-6.673564514027909012e-02,-2.829587814486116404e-01,-2.258432146473322022e-01,-1.989687892626665899e-01,3.102496120677002145e-02,3.290529450628797981e-01,1.214911570920520212e-01,-8.390151804779200084e-02,-3.200202710828626840e-01,3.163331123371167231e-02,-1.878173945379517651e-01,2.331053357494424980e-02,-3.061847954657188897e-02,-1.179053458986289819e-02,1.257764730238981540e-02,2.680215481583793635e-01,-2.712057926981942257e-02,-1.321754290858803138e-01
-3.186854980936275061e-01,7.712352766712364527e-02,3.009886158305136519e-02,1.213282978775241105e-01,7.615941559557648510e-01,-8.269411418870202535e-02,4.416279745892839892e-01,1.951887250582590994e-01,3.255679119450467507e-01,-1.257751052018465376e-01,3.346765429352303589e-01,2.565841227550963999e-01,-1.824044331105898753e-01,2.258177037546088561e-01,2.464558807532414852e-01,-1.812959762170906486e-01,-1.132402137400222997e-01,-1.704515845844255528e-01,-2.299692556747389705e-01,7.494479874189795277e-02,1.724031273567142586e-01,3.407801010399580388e-01,-1.563780942656582684e-02,-5.382704894269055990e-02,2.645001328675331345e-02,-5.728805264123199709e-02,2.508489942129984995e-01,-1.046429703680298029e-01,-6.598810407898617059e-02,2.344744777785242040e-01,3.421575269380046098e-03,-4.856192194643975911e-03,1.061055215057815221e-01,-3.282601371769721110e-01,1.336530489490230789e-01,8.160048526600482965e-02,4.921152451066380940e-02,4.585352411570624565e-01,-3.929337904933113967e-01,6.841570830942921011e-02,-9.064956676488356013e-02,1.150836499007097946e-01,-3.464490442393932113e-01,3.176127576643719141e-01,-1.541331937984834199e-01,-5.215511680614954848e-01,9.474725157462185465e-02,1.646336989687814667e-01,-3.345152865527079578e-01,-3.989214752629909322e-01,-3.885372153995791389e-01,-1.881433344750659542e-01,1.466568490846129613e-01,-5.651205999402434538e-02,7.783665771382081155e-02,-2.148796561988833842e-01,-3.952673263590438801e-01,-4.744958580570434736e-01,-4.963734395285918644e-01,4.051985209175335001e-02,-1.738767025435886682e-01,-1.264479721269116674e-01,-1.640049319003081540e-01,1.383722978740111742e-01,-2.452775583729489561e-01,9.762316191187621339e-02,-5.863922867317425958e-01,-3.230772253900780766e-02,-2.056428148425354097e-01,6.388330995382404676e-02,1.323206007704265039e-02,2.799519422631970844e-01,1.917600692966489051e-01,-1.321723657682386151e-02,1.593403064816227011e-01,-2.988016653648312496e-02,-5.365876899895050817e-02,-3.803835847223054900e-01,-2.485304791097333876e-01,-2.741151484836286054e-02,8.752349359864486367e-02,-2.216728463753696310e-02,-2.316698071036404558e-02,-1.943254175384797819e-02
5.999403528063200763e-01,1.742893880299819231e-01,-3.899060129503717498e-02,6.546565790617961400e-02,-8.269411418870203923e-02,7.615941559557648510e-01,2.717092698199303213e-01,-1.361368605370842991e-02,-3.979243178683872922e-02,3.075047280838160701e-01,-9.625804644570280788e-02,-3.594140066711353637e-02,8.308225834725354586e-01,-3.428557548907051888e-02,-1.215968552189834601e-01,6.008589300513973441e-01,6.308284484077972820e-01,4.588151415913085951e-01,-2.444214067365467480e-01,-4.541623550464036346e-02,2.395178639184801783e-01,1.333941551458960595e-01,2.966270742584449782e-01,2.290102740292672967e-01,7.137745101844938933e-01,6.806638078220467181e-01,1.868284626368695370e-02,2.264283084622616404e-01,3.118704565019309038e-01,1.470972951295407560e-01,1.855728988282313308e-01,-5.613817424394184491e-02,1.151207578556724120e-01,4.902388313999014001e-03,-2.668956318395879213e-02,-5.642645957965668896e-02,-2.804594837943370500e-01,-2.305624324124682101e-01,-2.187098030424339812e-01,-6.633546611243382185e-02,-3.058401519474276409e-01,4.924693953854522577e-02,-2.274557175701309997e-01,-8.132043026334752345e-02,-2.175066013170518231e-01,-8.465017775419134138e-02,-3.491109193689584389e-01,-2.193775665490269589e-01,-2.471084937896802364e-02,-4.155112710855234787e-02,-1.357225817757510833e-01,-2.555254469469286360e-01,4.160254668183110266e-02,-1.934343316715608774e-01,-8.981540845174637577e-02,-3.686268596779613271e-01,-2.947794001302728520e-02,-4.120518392257095652e-02,-3.207722344523001451e-02,-2.226934955535860294e-01,-9.538847537252485853e-02,-1.425596252018890564e-01,2.451010313787200384e-02,1.381817641577852140e-01,1.205234935659508198e-02,1.110915326454831181e-01,-1.172268518965568079e-01,1.723116035642611454e-01,-1.612046208524837987e-01,1.091217948815403037e-02,4.777133558514749453e-03,8.646667265258287105e-02,-1.875999248291382662e-02,-2.087552895028073618e-01,-8.001742293222185998e-02,1.581732006619436526e-01,3.296947752913499396e-01,-5.173470871668534553e-03,1.731831027391377287e-01,-4.557117377629372329e-02,2.918082092631939586e-02,-1.454602920276169831e-01,-1.928798536751472753e-02,-1.994586200037802848e-01
1.436212520438907014e-01,9.605347120256273186e-02,-8.415953943976826890e-02,3.135602882721377771e-01,4.416279745892840447e-01,2.717092698199304324e-01,7.615941559557648510e-01,-1.649605828550702036e-01,5.494088577563909642e-02,4.343148844881245529e-01,4.731336031804400655e-02,-2.302127820079193088e-02,3.390082710866084148e-01,-4.893915136335195704e-01,5.941112761537267056e-02,3.121098434107251185e-01,3.397888844665637453e-01,3.219810756523975304e-01,-1.919941793485067383e-01,4.237363144813455218e-02,1.714578755765419626e-01,4.369558308481578668e-01,-2.571379059525010780e-01,-1.924526692742766776e-01,3.218214860186159321e-01,2.235301068549619408e-01,3.279224346889142994e-01,3.552415428499215017e-02,3.392021243654614882e-01,-2.020629257510309640e-01,-1.347938673876178939e-01,-7.045190275966652094e-02,2.055636023039530413e-01,1.837055974010225537e-02,2.336098145100375667e-01,-1.171609751793248749e-01,-1.221707301672946000e-02,-3.684769530759994527e-02,-3.181738168839479131e-01,2.942497492091115663e-01,-5.126484406025683116e-01,1.384889992205457776e-01,4.320364041554586310e-02,-7.607040283852317675e-02,-4.172908629313624163e-01,-1.563150183644455848e-01,-5.458980471160509440e-01,-4.614905011957600584e-03,2.703142235195497498e-02,-9.115282138040561866e-02,-2.412735606446538700e-02,-2.438960719248719211e-01,7.276571018082722553e-02,-2.343811789839247983e-02,1.378841519601265164e-01,-5.463489954720003317e-01,-2.769908906723954067e-01,-2.174645911676975074e-01,-1.850289808968343386e-01,1.548486399045176654e-01,-6.926606544853008973e-02,2.028699453430340416e-01,-3.982513890970219017e-01,1.151447063933195430e-01,-2.121234833098012973e-01,1.045074781798878971e-01,-2.639373166169662888e-01,-1.495460608622877774e-01,-2.238695438523075620e-01,-2.154875366361288791e-01,-4.261512482045212019e-02,8.550146826593486848e-02,1.185540035790661473e-01,-1.596524604882295362e-01,-1.455874260607350479e-01,1.394228748026078990e-01,2.395503487400242049e-01,-3.538226861299491599e-01,-1.036917401742586259e-01,-1.744302281738480953e-01,1.527528626925515887e-01,-9.298161890799436224e-02,-1.840876490160248402e-01,-1.953313832179043030e-01
3.385380642984660293e-02,7.820754205908858614e-02,4.626191893941072331e-01,-2.018672827442497819e-01,1.951887250582590994e-01,-1.361368605370842991e-02,-1.649605828550702036e-01,7.615941559557648510e-01,-1.055577315901379681e-01,4.684069533994340145e-02,4.210029232715628567e-01,5.630906266467067267e-01,-3.792749472325396276e-02,5.782437955997357104e-01,-2.586341738891024047e-02,4.189162139579859917e-02,-7.431175355926472603e-02,-5.349669146713269957e-02,3.106076512262926359e-01,-1.324181752251021860e-01,2.889564381618531241e-01,7.913598539779001517e-02,6.768862709106827635e-01,4.149004084683711735e-01,1.848870143080215689e-01,3.083174141065006535e-01,1.271169775889924303e-01,2.299307662448755729e-01,-3.936779036695862710e-01,4.486786244038817317e-01,1.748193967717118769e-01,1.243139189405652462e-01,-1.415203700854328339e-01,-3.109707508737077353e-01,5.609358106032359161e-03,1.967104130719605215e-01,-1.786287733325228055e-01,-5.925165283162196761e-02,-4.120367870187103820e-01,-2.851202770349069993e-01,4.834032333687201533e-01,-8.437950690614454130e-02,-3.465592115740561141e-01,3.553898019014191112e-01,3.886688891418769165e-01,-3.784613269476155284e-01,1.567835480287040062e-01,-1.903530614920363045e-02,-4.479643925550650940e-01,-3.956972695106610871e-01,-3.950641445782788197e-01,3.097713474482727269e-01,3.650356069384980400e-03,-5.498844214070415168e-03,-1.918097003289299662e-01,1.198327099887579461e-01,7.526223217722879943e-02,-4.066399758696561118e-01,-3.000728502681402343e-01,-2.403515661215308852e-01,-6.380061047853402556e-02,-4.954444445184366663e-01,1.930853185140364858e-01,-3.678302631313250248e-02,7.016433625821426323e-02,-1.788199787449630540e-01,-2.110225926784851658e-01,2.182916143436408607e-01,-8.843457300371747321e-02,4.378472290626871100e-02,1.022466450908869479e-01,1.338308004999319012e-01,-2.720215510331112085e-01,1.165565985596598436e-01,1.578195313157973734e-01,2.571025692511389460e-01,2.405247403466888034e-01,-1.796515117239398107e-01,-2.250662527748166497e-02,-1.007032927453326149e-01,9.324901213013055135e-02,-8.378904077364375536e-02,-2.841964614515017362e-01,8.701511281307142132e-02
-1.957089942961470208e-01,5.820656029752465516e-02,1.563322449647429335e-01,-5.843636892522425380e-02,3.255679119450466952e-01,-3.979243178683870147e-02,5.494088577563906173e-02,-1.055577315901379681e-01,7.615941559557648510e-01,-1.119258947380607078e-01,2.885046327076078443e-01,2.141194480062766359e-01,-1.160120722752600309e-01,3.198490695774541814e-02,3.853888220332592485e-01,-3.047252062180685339e-01,-2.253281292553886983e-01,-2.270042893339338508e-01,-3.042404041520050395e-01,2.676011252755864378e-01,6.103843595974342562e-02,2.841218300089345394e-01,-1.016998686900212438e-02,6.625519715082237200e-03,8.686913340172433551e-02,1.490598706508588188e-02,4.510558990703483206e-01,9.945721693890792470e-02,-3.063987824752690756e-02,3.090263246432012889e-01,2.252388223039330228e-01,1.083382016229244710e-01,1.059656884794902554e-01,-2.564949383140973649e-01,5.829376750397781068e-03,2.795514733265627716e-01,-1.326488180361591884e-01,6.432236425080932740e-01,-1.857169022751375131e-01,3.434370742199166493e-01,-4.465724388986718613e-02,7.622564037586426755e-01,-2.911958455192822370e-01,4.306285630272709275e-01,4.839054429437254778e-02,-3.384580785748563247e-01,6.127358168442673808e-02,2.879168364566885852e-01,-3.776652928978229684e-01,-3.350989321521931075e-01,-3.691067798157173230e-01,-2.393209602353798537e-01,3.771752976972682081e-01,-2.388374359219954876e-02,3.835884886402855520e-01,-1.302542112458909482e-02,-1.881047224468660184e-01,-2.095114289017492304e-01,-3.335362477091340927e-01,5.334565995690432327e-01,-1.660733238042188739e-02,-8.420649532584057254e-03,2.369592511479841623e-01,2.448879649650336221e-01,-8.393540409544979208e-02,7.388367836727348370e-02,-3.545642749851870557e-01,-4.941456674748827271e-02,-6.022908040518589606e-02,6.148266695913789937e-02,-2.760520200540577118e-01,7.730234103963255776e-02,5.846360073292246329e-02,2.720652630608589861e-01,-9.290717307261764368e-02,1.635915809653457759e-02,1.417836050602337347e-02,4.883892961014416750e-02,-1.579781881006658562e-01,6.865827425678684703e-02,2.977166677234515703e-03,1.206956866609801421e-01,2.192049455908995081e-01,6.036332566081422518e-02
3.571516193336049527e-01,4.391187528875259982e-01,3.184812685003268057e-02,1.669871672390517148e-01,-1.257751052018465932e-01,3.075047280838160146e-01,4.343148844881244974e-01,4.684069533994340145e-02,-1.119258947380607078e-01,7.615941559557648510e-01,2.511592694617968968e-01,1.632654066526914305e-01,2.607806738837221139e-01,-9.898128448947424163e-02,-1.309708818545847475e-01,8.022751369008191968e-01,5.610078910871566515e-01,8.070863165011067375e-01,-6.740885926018368168e-02,-1.746073981940990671e-01,1.930912373624527889e-01,2.411877397125463396e-01,-7.671314411957079471e-02,2.051267995407417000e-01,6.923279552599539421e-01,6.746172827548854167e-01,1.252028660752587397e-01,-1.642540593292781889e-02,3.320465397745295810e-01,-1.843074806263157728e-01,-1.656555132727818569e-01,-2.656669262728038605e-01,3.113041885910008411e-01,2.018406249409480380e-01,5.042795496934820987e-01,-7.056011566537818969e-02,-3.549779483982878348e-01,-1.383522769748475323e-01,-4.271749587440764606e-01,-3.726952443809948556e-02,-4.826009223192134767e-01,1.191118212414911115e-01,1.903582919038337706e-01,3.205267006450313039e-02,-3.483287864940226020e-01,-3.023467300253914747e-01,-2.074097850324951864e-01,-6.138390011683095282e-02,3.633086888758241817e-01,-6.188145352954652068e-02,4.981729145947289550e-01,-1.310029852707382814e-01,-8.907450780053390027e-02,-7.515670278575875551e-02,5.168682265631492634e-02,-5.405325322761392881e-01,2.147381639443783352e-01,9.066220049597707720e-02,2.068599698554409172e-01,-1.134561048676746703e-01,-1.203601984897672977e-01,-3.612217378063721507e-02,-3.263584632977765687e-01,-3.671772685210594744e-01,-2.721990647624630277e-01,2.128684491957111846e-01,-1.181128780935870176e-01,6.052183816586296367e-02,8.703519827560222966e-02,-1.695464421982161296e-01,1.017197073560229259e-01,1.145943433675049583e-01,-1.378703419466131563e-01,-1.613403468246340233e-01,-2.561005068487447467e-01,7.344646910858319833e-02,3.001801790608250586e-01,-3.711378256295030237e-02,2.541227340029919013e-01,-2.258427326637506005e-01,3.504073185645578126e-01,-5.598231527311708922e-02,-2.935068131768238664e-01,-2.183382143813797915e-01
-1.725658818138807171e-01,1.292870574242653836e-01,6.238473744546341182e-01,-1.159703254646176074e-01,3.346765429352303034e-01,-9.625804644570280788e-02,4.731336031804397879e-02,4.210029232715628011e-01,2.885046327076079553e-01,2.511592694617968968e-01,7.615941559557648510e-01,4.688666340085599349e-01,-6.745814885056074239e-02,5.714214510633469635e-01,7.064283659083503419e-02,-1.451171275167064886e-02,3.068188469098629204e-02,7.071156289213946511e-02,2.309109662381144679e-01,-1.932433740691146262e-01,7.988860319057387860e-02,2.505889752226301767e-02,2.000233387687315734e-01,2.246878008785246350e-01,1.709800045696610038e-01,2.304354157783798096e-01,1.026919191316638807e-01,2.408967717385998575e-01,-2.441591720166705892e-01,3.006979616487064910e-01,1.634770070209478066e-01,2.145304167721619748e-01,1.196599884854856327e-01,-1.755686980825171828e-01,1.586351937068960771e-01,3.631630787088581669e-01,-2.414916302347454302e-01,2.579768079001066861e-01,-3.869081225629692478e-01,3.377190294280354999e-02,2.471517831152919842e-01,2.753021443638594135e-01,-7.329642280336538807e-02,7.980683379726866145e-01,1.353589105608893062e-01,-3.382026718845274060e-01,4.340560019113465784e-01,3.829787475370351885e-02,-2.148171603714873479e-01,-2.054251929782258124e-01,-1.675389073571121878e-01,1.931999764361698180e-01,7.598456082201507367e-02,-6.979626021254634050e-02,6.915879752364476052e-02,-3.630778667574720286e-02,-6.669699465713681275e-02,-2.546311438231757540e-01,-1.405477340254276397e-01,1.595254250516354652e-02,2.526632689017835678e-02,-2.460511852293508495e-01,-1.957606884575202599e-02,-1.150777647193505226e-01,-8.025463875393950078e-03,5.487956401831849259e-04,-1.965641650739589352e-01,2.002865465863865393e-02,-3.042173157121467741e-01,-2.599491677535377687e-01,-4.805132540862512916e-03,2.902978135105663826e-01,1.555531080140103439e-01,1.387286562326896511e-01,7.020588410956779546e-02,2.312208264511579625e-01,2.205448165110510117e-02,-1.214087165745722091e-01,-1.943192020609522397e-01,-3.475595187442608869e-01,-1.914885932713384243e-03,4.124079260253851048e-02,-3.135633875004350396e-02,-2.722208106056852456e-02
-3.348547799335850617e-02,8.301490984259889128e-02,3.767257968462578988e-01,-1.057844801423509784e-01,2.565841227550963999e-01,-3.594140066711352249e-02,-2.302127820079193782e-02,5.630906266467068377e-01,2.141194480062766359e-01,1.632654066526913472e-01,4.688666340085599349e-01,7.615941559557648510e-01,3.571099976549290539e-03,5.055782577984524462e-01,1.087565852179490367e-01,3.153797914143841724e-02,4.825047173932410505e-02,2.328914061697765978e-02,2.897039773860306533e-01,2.044284323494743039e-01,3.916331737116867523e-02,3.616527616221089647e-01,3.441250589747699151e-01,5.308165320680396926e-01,1.142208704669152655e-02,3.782461223637018644e-01,2.156409011109142460e-01,3.207136468513833716e-01,-1.506223940727817456e-01,6.573252160552267576e-01,1.871200414769368936e-01,2.116331966458227243e-01,-6.110042917715934746e-02,-2.054514696262352835e-01,1.085651500806315839e-01,1.852135738603452042e-01,-1.716812983615302601e-02,3.157264490754088659e-01,-1.925424549396958507e-01,-9.400568414052463528e-04,3.209130646839504775e-01,2.758582545823484722e-01,2.547110055132601955e-02,4.914590858968740372e-01,5.489720964594413388e-01,-1.820634225359836211e-01,3.953724168637809955e-01,8.414491420301214997e-02,-3.103067714127851762e-01,-2.557618670145774820e-01,-2.350060929491571970e-01,3.124960584689162046e-01,4.398960280279450297e-01,-2.016231654032382692e-01,2.264286061719505694e-01,-2.626007436228998404e-02,1.749887896354346828e-01,-3.269211607953326770e-01,-1.604637044612938768e-01,1.010999622040041485e-01,1.792879128370329644e-01,-2.500607211692643661e-01,2.802115116630446434e-01,-1.065375059026325011e-01,1.023729750940768207e-01,-4.638217838221958891e-03,-1.061902709913099957e-01,2.329761093532505267e-01,7.993296250074302667e-02,1.359927080873935823e-01,1.519019365876790872e-01,3.827237663106363708e-01,2.922081177274678254e-02,3.648608185885848787e-01,3.194125807985747079e-01,2.352140600926392600e-01,1.616437253797998463e-01,-1.867993502142688556e-01,1.228909947444315615e-01,8.423391576528453661e-02,1.502076434029545604e-01,3.005352543980321367e-01,3.920633611010254649e-02,9.964425830495132752e-02
6.958674711520462797e-01,5.929774299385039832e-02,1.569885511872769895e-02,6.578612574996253737e-02,-1.824044331105899308e-01,8.308225834725354586e-01,3.390082710866084148e-01,-3.792749472325397664e-02,-1.160120722752600447e-01,2.607806738837220029e-01,-6.745814885056071464e-02,3.571099976549304417e-03,7.615941559557648510e-01,-2.531066868500155276e-01,-1.485030649874205799e-01,4.992555985123667828e-01,7.463865018169285603e-01,4.748275927611815272e-01,-1.070981003263027781e-01,1.557086002590526118e-02,1.584091253851505898e-01,1.481296709334547490e-01,7.598739320206011894e-02,1.249274907396220463e-01,5.653557758777012499e-01,6.761687934851691173e-01,-2.490893990812260636e-02,2.624461434518328695e-01,2.332324725823257949e-01,1.336531627519978171e-01,3.841974141580818403e-01,-1.695772505080940518e-01,-1.190144576494808239e-02,1.700525006930290461e-01,-2.030139827037177186e-02,-9.943585617041378333e-02,-2.890662430022515328e-01,-2.464490418605242983e-01,-1.576173992476278540e-01,6.128155923186456855e-02,-2.587042573385643363e-01,1.262248073155041068e-02,-1.553072062181260482e-01,-6.439900659318360809e-02,-1.189545723330307364e-01,1.105019156915671152e-01,-3.660857643507229864e-01,-2.530040976151886611e-01,6.075582646129175368e-02,7.247066459438986086e-02,3.333532230799842594e-02,-1.412443313231365738e-01,2.287191727564528987e-02,-2.169033328297887975e-01,-4.368308948976005329e-02,-3.685106214438844674e-01,-4.958384255642041272e-02,-2.538365151594805871e-02,1.371378817940532846e-01,-1.958926369859655403e-01,2.159064664640182596e-02,-1.485715378559938349e-01,2.156727823318388935e-03,7.940089615170699278e-02,-1.359325712069263392e-01,-4.116030638449854305e-03,-1.578715304408574993e-01,1.490626145201319822e-02,-2.455989174175188527e-01,-1.040234235052420603e-01,5.480269709847204046e-02,2.826363488204098121e-02,1.312465803955902843e-01,-2.564187026195065555e-01,-1.383359975413971099e-01,1.458834337768248335e-01,2.893056452415393998e-01,-1.924071632529280318e-01,5.561305239111380416e-02,-1.012526930277780207e-01,-3.324694226915220902e-02,-4.058473901223270258e-02,-9.473143245134797719e-02,-2.892667271253750449e-01
-1.370020212558978046e-01,4.784058706499352137e-02,5.076221971055916438e-01,-1.547558118785496428e-01,2.258177037546088006e-01,-3.428557548907051888e-02,-4.893915136335196814e-01,5.782437955997355994e-01,3.198490695774543896e-02,-9.898128448947426938e-02,5.714214510633469635e-01,5.055782577984523352e-01,-2.531066868500154721e-01,7.615941559557648510e-01,2.324838117907324087e-01,7.981378520647643138e-02,-1.005775364443394077e-01,-3.358149918578671317e-02,2.733780533630750242e-01,3.753218410628085255e-01,-1.672130611257755320e-02,3.217225762359532948e-01,5.542665590326808500e-01,2.466213667767090667e-01,9.494490774195979421e-02,1.214844303192708502e-01,2.735950941539123157e-03,1.356603564067844214e-01,-2.883189907565141819e-01,4.205743776511384757e-01,3.206452815143204238e-02,1.779658935264718522e-01,-2.285134309271472097e-02,-1.610570162986570131e-02,1.088230993570645094e-01,3.409068322163907871e-01,-1.061683858235922401e-01,2.014554015487277916e-01,-2.121835819694301573e-01,-3.533507291927372451e-01,4.030977151840466344e-01,-7.367133415168050647e-02,-2.486428166941655193e-01,5.426425989395822214e-01,2.532705378050265632e-01,-3.982384109817420637e-01,4.839540598027634033e-01,1.661265003367116966e-01,-9.727733465727622653e-02,-3.774259966705754699e-01,-1.144566837791372305e-01,3.393455709106728002e-01,3.469216933360153576e-01,-1.720590761467893914e-01,2.260490268499839028e-01,2.244099962855838903e-01,-8.000513836018097180e-02,-2.432599616897438422e-01,-1.725372898051318882e-01,-1.393473732399332365e-01,1.103883887227293248e-01,-3.842441480494090955e-01,2.271318542235578608e-01,-1.157119401974165684e-01,1.322365802337721330e-01,-5.970324882942840139e-02,-2.058723263015618810e-01,9.123174858223512262e-02,-2.060206471537106565e-01,1.839649495446242788e-01,2.605312471753682968e-01,2.166256821747635508e-01,3.875035255582319482e-02,6.413238808001171798e-02,2.359658395743181036e-01,1.865832145877312498e-01,-6.592148687864259060e-02,-8.236485836636950678e-03,-5.529829559455032989e-02,6.590363427342960101e-02,-1.044254430130792978e-02,-1.874572271673628776e-02,1.610580074185358757e-01,1.960867019670601771e-02
-1.757935311678095469e-01,1.502648235287796785e-01,-3.632894845201387296e-04,-2.481355247553795884e-02,2.464558807532414852e-01,-1.215968552189834739e-01,5.941112761537270526e-02,-2.586341738891020578e-02,3.853888220332593595e-01,-1.309708818545847475e-01,7.064283659083503419e-02,1.087565852179490089e-01,-1.485030649874205799e-01,2.324838117907323531e-01,7.615941559557648510e-01,-2.544522500151701339e-01,-1.046471776987493996e-01,-2.326333270790175156e-01,-3.572580079770353856e-01,4.667549736830776674e-01,2.277980754820460030e-01,4.755327155569525344e-01,1.065220507745123432e-02,-8.246984886196186137e-02,-7.347558412661508997e-02,3.206142093282415839e-02,4.084833932291184744e-01,1.296106405463617328e-01,2.428888314874669552e-01,1.900648771191530695e-01,5.180665277226514931e-02,3.533062672597589438e-01,2.956835645167717463e-01,5.544292789008401640e-02,1.563046864784134460e-01,6.271732290755922812e-02,-6.327918473869141580e-02,4.608901340947149650e-01,-3.177648197593161555e-02,2.981180186057228454e-01,-1.122679740260456860e-01,2.726029709661166867e-01,-9.356236988002272770e-02,2.581038620904532177e-01,-1.307146042672595598e-01,-1.734026876224391556e-01,3.089998589588160982e-01,8.434372157844387541e-01,-1.271833234206204699e-01,-2.217363758076130453e-01,-1.095784689308806070e-01,-3.556231420107566210e-01,4.251429249309569003e-01,2.335290974055462265e-01,5.328561793322953433e-01,6.782440376768993084e-02,-2.861034481353166292e-01,-1.372328588626213208e-01,-2.050475400028676509e-01,3.561178950088931816e-01,2.130898560257336316e-01,2.250482061027559433e-01,-5.399089311151948102e-03,4.033896896025304657e-02,1.941265370243910326e-01,2.075820929214486910e-01,-6.919237315611216632e-02,1.501571351052019831e-01,-2.796600154709912023e-02,2.310189829730046052e-01,-1.961277845175278811e-01,-7.728114372553037369e-03,-1.946766482190157299e-01,1.710323521362340504e-01,1.207147474467599874e-01,-1.325781503415605911e-01,2.189702785064985002e-01,-1.210866447934256206e-02,-3.340651063743348831e-02,3.680081603304898863e-01,-6.230514565140805872e-02,-4.962356243183647930e-02,1.585217696812675492e-01,-1.032611260311078194e-01
6.562821819361625009e-01,3.388380959219352007e-01,-1.876817812917148665e-01,5.017997354084158257e-02,-1.812959762170906486e-01,6.008589300513973441e-01,3.121098434107251740e-01,4.189162139579855060e-02,-3.047252062180684784e-01,8.022751369008191968e-01,-1.451171275167056560e-02,3.153797914143838949e-02,4.992555985123667828e-01,7.981378520647643138e-02,-2.544522500151700783e-01,7.615941559557648510e-01,6.837549426040426814e-01,9.137403143021066709e-01,-3.043743876271297055e-01,-4.216321933982506431e-01,2.585215150517502503e-01,-9.917376680942585621e-03,7.322140656323819496e-02,2.291785451843548482e-01,7.515476046483757777e-01,6.625417040285506154e-01,-1.227733548831198285e-01,1.027691674768775251e-02,3.300686208995077253e-01,-1.239037199170051340e-01,-9.212215061646640210e-03,-3.992620503446565605e-01,2.168551886936392614e-01,3.086028895884670442e-01,3.112144453281019407e-01,-1.642389297073859056e-01,-3.882341379563842843e-01,-3.687201430665922874e-01,-4.108401781982480849e-01,-2.293638821738348821e-01,-4.821446788535281303e-01,-1.517891004058236903e-01,1.281211880130491421e-01,-1.284930860864811897e-01,-3.686568025203559307e-01,-2.498566526730626736e-01,-2.438863045032670096e-01,-2.200167202802205402e-01,2.610524629061765634e-01,3.082984636069414225e-02,2.788593797665564478e-01,-3.368493440641540104e-01,-4.524482401069025994e-01,-8.325009848265572943e-02,-3.435810441612335842e-01,-4.847432421750386689e-01,1.814234722129423050e-01,-1.504931836429901186e-02,5.268292372622868786e-02,-4.614500838046551312e-01,-1.910486884763153148e-01,-2.664692328331502158e-01,-3.805135911796284076e-01,-2.770430810515961406e-01,-3.419416796300221995e-01,1.452791891698863684e-02,-2.072033060300749741e-01,1.653456732220543735e-01,2.932582283515294125e-02,-1.315828939156015731e-01,1.612804832161039703e-02,2.210631294888844474e-03,-1.164525671469792689e-01,-1.382917043173390870e-01,-1.107000973106544162e-01,7.951633516630481069e-02,2.842377418736145023e-01,-4.099942714964031204e-02,1.154819831744995223e-01,-1.685288654270015174e-01,1.579629257587110147e-01,-1.780884371079638762e-01,-3.521548725809734437e-01,-1.302103403780894286e-01
5.683919913735857588e-01,-1.059652628033833505e-01,-4.839330671538836365e-02,-2.958632047323588379e-02,-1.132402137400222997e-01,6.308284484077971710e-01,3.397888844665636898e-01,-7.431175355926472603e-02,-2.253281292553886705e-01,5.610078910871566515e-01,3.068188469098631979e-02,4.825047173932409117e-02,7.463865018169286714e-01,-1.005775364443393938e-01,-1.046471776987494273e-01,6.837549426040426814e-01,7.615941559557648510e-01,7.367037497269133262e-01,9.140209499548469785e-02,-8.645987398039703398e-02,5.816891158347711928e-03,1.021461057651582433e-01,-4.866607875047386511e-02,4.867269932107352154e-04,4.710983507273066029e-01,5.711488005492665332e-01,-1.709113057185044360e-01,9.204739202431306069e-03,1.967749649929461109e-01,-5.605893590031619383e-02,1.957711521494320817e-01,-3.529765790023446370e-01,2.296393794086589932e-02,1.752608744541503949e-01,-4.410335270307048916e-02,-2.419146411673661345e-01,-3.523888038257430577e-01,-2.502530986247634703e-01,-1.472126727751995878e-01,-6.637187538862696079e-02,-3.560354027814213729e-01,-1.355633321337454955e-01,4.970715109750024896e-02,-7.497795821912879577e-02,-2.945481425312528323e-01,7.745142606259992901e-02,-2.192931440720471137e-01,-2.138158287005925418e-01,1.958517272262394471e-01,3.240572595569616854e-01,2.236743508938285607e-01,-4.863404233412078892e-02,-7.139047687736811698e-02,-2.797539434327691033e-01,-2.122265152686285683e-01,-4.794182576490323422e-01,-1.330509374555929603e-01,6.401296422717626944e-02,1.626710065947419848e-01,-3.361958365288673645e-01,-1.565293847479142797e-01,-2.116966044740297981e-01,-1.766309268995198412e-01,-9.973185721238260470e-02,-2.658026494951075680e-01,-2.425304146667660310e-02,-1.811433991800519283e-02,1.543606574437242918e-01,-4.425561641102792980e-03,-2.147971747668263320e-01,2.119212617054463954e-02,2.365846243138953198e-01,2.614105851724789487e-01,-3.269490516023256244e-01,-7.807955815486487816e-02,1.586196399313833938e-01,2.492416456653938350e-01,-1.711071863462688136e-01,1.085952099597982390e-01,-2.651151553222185764e-01,-4.186873206559610372e-02,-7.257100233721070544e-04,-1.945806454687293643e-02,-3.556226906171330304e-01
7.715279022102591311e-01,2.547431806448980929e-01,-1.223701768006434654e-01,1.025827618190457008e-01,-1.704515845844254973e-01,4.588151415913087061e-01,3.219810756523975859e-01,-5.349669146713271345e-02,-2.270042893339338508e-01,8.070863165011067375e-01,7.071156289213949286e-02,2.328914061697757651e-02,4.748275927611814162e-01,-3.358149918578674092e-02,-2.326333270790175434e-01,9.137403143021067820e-01,7.367037497269133262e-01,7.615941559557648510e-01,-1.703996737757133839e-01,-3.337028588019257946e-01,8.846615846178658427e-02,6.346987154340236192e-02,-1.196821079894738182e-01,9.449357842389514983e-02,5.943140507466261324e-01,6.244594693910408001e-01,-1.498142407236302265e-01,2.009684314253848969e-01,3.723856537162300584e-01,-1.977747443156342433e-01,1.096651467120089429e-01,-3.548208085496655229e-01,1.818017643869109246e-01,3.606715338783449964e-01,2.452606773299712273e-01,-1.817418880539619086e-01,-4.271922569807098391e-01,-3.402534210812242499e-01,-4.419819998562810048e-01,-2.267473533798248508e-01,-4.861031809496766942e-01,-7.893398862795242277e-02,2.801763832057522219e-01,-3.393824246106179332e-02,-3.545220169604427762e-01,-1.874549183306749578e-01,-1.576060725854821210e-01,-2.680603210832517291e-01,3.822501608467716583e-01,1.282583505816623781e-01,3.521758267188117575e-01,-2.497729139896132933e-01,-3.412597952856378236e-01,-2.460539618017753838e-01,-3.084963603577222102e-01,-5.508908320608004727e-01,9.188276613003490412e-02,-2.286228989257236416e-02,7.821608646704170109e-02,-3.595638262785197936e-01,-2.864868520857807854e-02,-2.135380335785400097e-01,-3.376549795219910832e-01,-2.841514249192064190e-01,-3.342340911062347542e-01,2.430326912831366759e-02,-1.442714630402775755e-01,1.195725909559782613e-01,-3.268881655321281832e-02,-1.264174510262773832e-01,5.070464780382624714e-02,6.098547879692924056e-02,7.238834447378098003e-02,-1.525379998712587670e-01,-1.307981441498055897e-01,2.007518905320476166e-01,2.345954747513673000e-01,-1.689492125881278395e-01,7.831459486794452307e-02,-2.250690195373857561e-01,6.664081624390502667e-02,-5.974555650014806013e-02,-1.837051918816590967e-01,-1.988532221932149679e-01
-2.160393250854159009e-01,-4.710085083490199165e-01,6.861419833444803995e-01,-3.362548631103198099e-02,-2.299692556747389427e-01,-2.444214067365466370e-01,-1.919941793485067383e-01,3.106076512262926359e-01,-3.042404041520050395e-01,-6.740885926018372332e-02,2.309109662381144401e-01,2.897039773860307088e-01,-1.070981003263027642e-01,2.733780533630750242e-01,-3.572580079770353301e-01,-3.043743876271297610e-01,9.140209499548472560e-02,-1.703996737757133839e-01,7.615941559557648510e-01,-1.676454051705775217e-01,-4.833508075774169410e-01,-3.518032340958965887e-01,-7.885853014898581981e-02,5.261375769766997446e-02,-3.525934362885751461e-01,-1.969927836462634640e-01,-4.361793732485705344e-01,-1.810135020942450768e-02,-6.879629360094091650e-01,1.963810958769913184e-01,1.446372034618055025e-01,1.281568298650966053e-01,-2.024370242964988187e-01,-3.772028912192932903e-01,-4.354481693646449769e-01,2.949949046624816273e-01,-1.640061848787164878e-01,-5.241941508695173724e-01,-3.352943713655365809e-01,-5.325196170423073250e-01,2.798094765631732317e-01,-2.102590700126490131e-01,-9.826657295509375056e-02,1.128316667492239439e-01,3.269929164255543363e-01,-6.639382603594162768e-02,1.430459927109561935e-01,-3.969415008802310019e-01,-4.015090603178758655e-01,8.712957429253050112e-02,-3.104475889255663423e-01,9.174301656715080355e-01,-1.058812482970244301e-01,-4.733883882524289599e-01,-3.684424428408510366e-01,-1.079511057871886393e-01,1.924813133639797190e-03,-3.756116992375894137e-01,-1.834300603032830712e-01,-4.568359534255893584e-01,-9.749222323495240761e-02,-5.812736978180590430e-01,2.120400819123624547e-01,-1.452567796801801925e-01,3.889055954616876115e-02,-2.814411180390761213e-01,-2.809089195963597116e-02,-2.389380483319207549e-01,-5.298894185478375540e-01,-4.959884499411387204e-01,-1.922765279114542480e-01,1.623608713244540647e-01,-1.362930871710733571e-01,-1.304735784508413432e-01,2.381183715916281585e-01,2.931395019158268209e-02,-1.434664873097073745e-01,-3.706652638278519207e-01,-4.517503992582373451e-01,-5.402852746307567067e-01,-1.357980523396978556e-01,2.588173285552603994e-02,-2.628968792023468892e-01,-1.169863680839072911e-01
-1.913120493759554730e-01,-2.010608154365664257e-01,3.419987432235390562e-02,7.355261646893851424e-02,7.494479874189792501e-02,-4.541623550464035652e-02,4.237363144813446891e-02,-1.324181752251021860e-01,2.676011252755864378e-01,-1.746073981940990671e-01,-1.932433740691146262e-01,2.044284323494743039e-01,1.557086002590528200e-02,3.753218410628085810e-01,4.667549736830775564e-01,-4.216321933982505876e-01,-8.645987398039707561e-02,-3.337028588019258502e-01,-1.676454051705775494e-01,7.615941559557648510e-01,-2.556747769090774725e-01,5.351251512724646275e-01,-1.308057862946810368e-01,-3.235110030816982368e-02,-2.685859789207025727e-01,-1.373306789810444239e-01,4.509450376227501500e-02,2.366157148006701738e-01,-2.875276728746152186e-02,4.384196321688212938e-01,2.423392376273105220e-01,4.651064938333298038e-01,1.951096077953127783e-01,-1.784155009082550314e-01,-1.885948838779741565e-01,1.159655483038848078e-01,8.314541151667122210e-02,2.790496767645390674e-01,-2.293608373976725387e-02,2.091409954534955706e-01,-6.701668274352511057e-02,1.427803017474300329e-01,-1.735248016660934367e-01,4.624997470804270011e-02,1.239262076345157837e-01,-3.035311780223423628e-02,2.554014694988792633e-01,3.490845587213532442e-01,-4.385251224092318600e-01,-1.280910659718614009e-01,-2.879696479821656219e-01,-6.109738572543612495e-02,7.115728958935826354e-01,-2.877840143379272742e-01,5.126350444659618644e-01,-6.123451391528508120e-02,-2.793407198516107970e-01,-2.760808784224940138e-01,-2.761580724806215192e-01,3.849823036915513141e-02,3.492119131429776147e-01,-9.044478081763281108e-02,1.693761605386430169e-01,3.412428381889197615e-01,2.440724396024166187e-01,2.530349593119301521e-01,-5.808629246282868280e-02,-9.856945260051298840e-02,-1.300883355350993809e-01,1.679006754206162078e-01,-2.179181026455891401e-01,1.569763694918974509e-02,-1.382720268450012557e-01,2.300419544190534238e-01,3.140052376110155086e-01,-1.329057474946647721e-01,2.826804602709895864e-01,-1.397850154447760340e-01,-1.274307269954991217e-01,2.436832138791829860e-01,-1.198868143809796172e-01,-5.250939330401349636e-02,1.079668912380150614e-01,-7.988977888835393712e-03
9.095344980615607811e-02,6.069282955004979829e-01,-2.138864516435026175e-01,3.221762396049222543e-01,1.724031273567142586e-01,2.395178639184801783e-01,1.714578755765419349e-01,2.889564381618531241e-01,6.103843595974342562e-02,1.930912373624527334e-01,7.988860319057385084e-02,3.916331737116864053e-02,1.584091253851505066e-01,-1.672130611257755320e-02,2.277980754820459475e-01,2.585215150517503613e-01,5.816891158347698050e-03,8.846615846178654263e-02,-4.833508075774169410e-01,-2.556747769090774725e-01,7.615941559557648510e-01,1.420949735743049502e-01,2.151368568222291888e-01,3.227562204381681510e-01,4.209956989924938386e-01,3.947974234685627248e-01,1.764319132966858661e-01,1.163132527536051009e-01,1.858023934902265639e-01,-2.445557874174345003e-01,-1.797648856955552377e-01,-2.434287125194624021e-02,3.784130750786978692e-01,7.568428287986048164e-02,5.408524941181926948e-01,-7.241588165049593628e-02,1.392837174304907000e-01,1.011824281184534324e-01,-1.895726361581751007e-01,1.080463247286932681e-02,7.290086782382520190e-03,1.352893849703207252e-01,-1.036509408174674518e-01,-1.155357675692910042e-02,-8.564647544666109669e-02,-2.841714981907347837e-01,-1.769732051269410911e-01,3.029974542421908223e-01,4.219568195697798868e-02,-2.844965749590592230e-01,-1.499082216391202718e-02,-4.742607636230919410e-01,-2.651267619491054495e-01,6.181314480040044357e-01,9.352774324911516945e-02,5.169205951814002248e-02,2.963233571355567419e-01,7.692062542020576543e-02,1.114070169552659889e-01,-1.382525389319370079e-01,-1.507384359823831788e-01,2.457794442924193454e-02,-3.701311334602167546e-01,-2.792093094129612929e-01,-4.346658808055729739e-03,1.690384499819502229e-01,-5.857311127264643730e-02,-3.828542513995882718e-02,-8.606953378379392228e-02,-1.444204385200325291e-01,4.027247581963583345e-02,7.247719710857512820e-02,-1.783227248738471493e-01,1.295509905878875767e-01,-3.224177526096804192e-01,-2.131563260297759249e-02,2.999034009596114880e-01,2.783476539801784180e-02,-4.907259571206894905e-02,-6.358087287847963287e-02,9.442043941523252382e-02,-1.504584315470333840e-02,-3.115853476181635884e-01,4.892920631133058224e-02
6.674891260435385221e-02,2.136257057716373919e-01,5.567689424805595533e-02,3.900398580125655906e-02,3.407801010399580388e-01,1.333941551458960872e-01,4.369558308481578668e-01,7.913598539778997354e-02,2.841218300089345394e-01,2.411877397125462563e-01,2.505889752226304543e-02,3.616527616221089647e-01,1.481296709334547490e-01,3.217225762359533503e-01,4.755327155569526454e-01,-9.917376680942530109e-03,1.021461057651582016e-01,6.346987154340233417e-02,-3.518032340958965332e-01,5.351251512724648496e-01,1.420949735743049502e-01,7.615941559557648510e-01,-4.444091928640333394e-02,1.313091518922173406e-01,1.575785723019703100e-01,2.805931502148419909e-01,3.227099443377072219e-01,2.630284788058659950e-01,2.674960193580627754e-01,2.900335718420619657e-01,1.106112653523602662e-01,3.131679673739504732e-01,4.006350234167112001e-01,-1.081194105019029766e-01,2.733789999991048103e-01,1.064268319155013826e-01,-1.862367400218136737e-01,1.904593656274208291e-01,-4.770251217078605999e-01,8.429797454305831828e-02,-3.347520426003072758e-01,2.434430886731621113e-01,-2.847675843491024317e-01,1.323816598406528100e-01,-2.128581020557410164e-01,-4.382176015192426610e-01,7.136648670832412833e-02,4.424662630482549264e-01,-3.846531028864163537e-01,-4.374753825915658756e-01,-3.164407158488596883e-01,-2.667376900609627066e-01,3.440857280388887607e-01,-1.264905098526191984e-01,4.354222114579282543e-01,-3.842162610157537905e-01,-2.139596769514800767e-01,-4.957679062508719148e-01,-3.580644311777985700e-01,-1.124005373725247559e-01,1.603424036091408988e-01,-1.602133092439343987e-01,-2.464503555127592060e-01,5.339287445587390796e-02,7.757126359458794973e-02,3.742439765342917002e-01,-3.511398659753852680e-01,2.616293379346485426e-01,7.086098045015355729e-02,2.450110975258815160e-01,-2.466750549305088136e-01,8.779833293313440978e-02,-1.729136471244378248e-01,2.493470612916068030e-01,2.021268635893148369e-01,4.114435930520561613e-02,5.396454574171337670e-01,-2.254043430128919723e-01,2.782752743402905002e-02,3.124679544545541088e-01,9.964107547702651113e-02,-1.353698846283650781e-01,-2.235603016131828269e-01,1.126139276040428842e-02
1.564788394764057289e-01,1.851865026282634163e-01,4.551763004403744373e-01,-3.197694434076183700e-01,-1.563780942656582684e-02,2.966270742584449227e-01,-2.571379059525010780e-01,6.768862709106827635e-01,-1.016998686900212438e-02,-7.671314411957078083e-02,2.000233387687316011e-01,3.441250589747698041e-01,7.598739320206014669e-02,5.542665590326808500e-01,1.065220507745123432e-02,7.322140656323816721e-02,-4.866607875047384429e-02,-1.196821079894738182e-01,-7.885853014898569491e-02,-1.308057862946810923e-01,2.151368568222290778e-01,-4.444091928640327843e-02,7.615941559557648510e-01,3.962605367630404052e-01,3.085312126789626075e-01,3.715924175163932697e-01,1.106595545150937943e-01,1.826672157471878333e-01,-2.556546802459059298e-01,5.203418550168404932e-01,1.704188337366429329e-01,1.240110888157542196e-01,-9.737607111585881714e-02,-9.762091160085195618e-02,-6.585900226226207473e-03,3.013120889360962340e-01,-3.264278235095565139e-01,-2.415889971426158148e-02,-3.359315125437165594e-01,-2.080939581323351384e-01,2.681034844616652091e-01,3.253103861039059047e-02,-5.077210186058638275e-01,2.362287374707137122e-01,1.465266523439850699e-01,-3.962711324449488814e-01,1.466127053905172950e-01,6.114563416021936287e-02,-4.435028540760087568e-01,-5.441418647894498140e-01,-4.831882073956115797e-01,2.706565085150825986e-02,-3.017895322827276669e-03,-9.548606286640769214e-02,-1.748021378405114623e-01,2.861843843035444257e-01,5.722048362842674721e-03,-4.124889696276533568e-01,-3.639911007103631135e-01,-2.169633788666815444e-01,-7.855274155185941465e-02,-4.162091740362828252e-01,1.957181067316843825e-01,1.323541773247398912e-01,1.292978643401774264e-01,-1.302099726379939704e-01,-1.589575902946714081e-01,2.811879653667203049e-01,-7.679931180892318743e-02,1.282078751913936776e-01,1.209447490491473293e-01,-5.450564691468039874e-02,-2.597883062509673824e-01,4.483590052448396118e-02,1.666886962108505843e-01,1.905785448982604269e-01,3.004445056364099531e-01,-5.422869121248362345e-02,1.145003503497914188e-01,2.041774865027639815e-02,5.993653614772506688e-02,-1.958254226854527769e-01,-6.296076536729189321e-02,8.185384694877263778e-02
1.125071604463868530e-01,4.830794076119184766e-01,2.133890838624117881e-01,8.154578317929778164e-02,-5.382704894269055990e-02,2.290102740292672967e-01,-1.924526692742766221e-01,4.149004084683711180e-01,6.625519715082251078e-03,2.051267995407416722e-01,2.246878008785246350e-01,5.308165320680396926e-01,1.249274907396220463e-01,2.466213667767090667e-01,-8.246984886196187525e-02,2.291785451843549037e-01,4.867269932107907266e-04,9.449357842389513595e-02,5.261375769766997446e-02,-3.235110030816983756e-02,3.227562204381680955e-01,1.313091518922174239e-01,3.962605367630403497e-01,7.615941559557648510e-01,3.292847063255025519e-01,5.900726470586826755e-01,8.405622725152080144e-02,3.113084239052874569e-01,-1.476856197141824256e-01,3.222178604642402244e-01,1.321557503089691443e-01,1.086783895282479456e-01,2.679556375553800995e-01,-7.608291708477520066e-02,4.972447019470693230e-01,2.631252748031302491e-01,-2.077882495587128897e-01,-7.478215540560722782e-03,-1.837159054666886449e-01,-6.539357080181887327e-02,2.462171433104610729e-01,2.128695960200691628e-01,-8.597753434534355366e-02,2.472684421936920118e-01,5.489557984477713148e-01,-1.510816009148394923e-01,3.100703059276942522e-02,8.479526745449156300e-02,-3.995642596038114641e-02,-3.138323412193037010e-01,-3.002476263344869625e-02,1.216513511677983356e-01,2.122399901264275524e-01,5.702519221580742287e-02,2.785797207551820587e-01,9.985312755364662840e-02,8.235165118234655246e-01,2.098141894589643924e-02,3.014420280251425832e-01,-6.142389472713311038e-02,2.458485275392814084e-01,-9.391404625660013106e-02,2.324500449156276516e-01,-1.948827216398824336e-01,2.513528593651937482e-01,3.149839282086071557e-01,4.811894132113882228e-02,1.421886617997003555e-01,-3.598162282949845386e-02,6.596052013574543738e-02,2.906734142619083472e-01,2.143159548169278339e-01,-1.377098368767273318e-01,3.088410578525262462e-01,1.370020234348621468e-01,1.116368537435305786e-01,1.613216471595466939e-01,1.541437509675021300e-01,8.316244069416163509e-02,1.237132200531243786e-01,2.095505595384944408e-01,1.197003103938184404e-01,-1.637618793492404412e-01,2.871547596779181477e-01
4.489703214718608337e-01,3.396659080810973119e-01,8.303341399501867892e-03,9.075298806756784686e-02,2.645001328675334121e-02,7.137745101844938933e-01,3.218214860186159321e-01,1.848870143080216244e-01,8.686913340172430775e-02,6.923279552599538311e-01,1.709800045696608928e-01,1.142208704669158206e-02,5.653557758777012499e-01,9.494490774195982197e-02,-7.347558412661506222e-02,7.515476046483757777e-01,4.710983507273066029e-01,5.943140507466261324e-01,-3.525934362885752571e-01,-2.685859789207025727e-01,4.209956989924938942e-01,1.575785723019703655e-01,3.085312126789627740e-01,3.292847063255026074e-01,7.615941559557648510e-01,7.084453058367194966e-01,7.671543271649056139e-02,9.847046257522346080e-02,2.228120275731274580e-01,3.383040815505733434e-02,-2.127630484883843293e-03,-2.236111039452246541e-01,2.776796910107827143e-01,1.208646396719659233e-01,3.111072623539336002e-01,4.005748711460790923e-02,-3.048798667511203875e-01,-1.405763050213381105e-01,-4.033220943777021672e-01,-1.101717672551621868e-01,-3.723550675983313130e-01,1.566366435113871469e-01,-1.034942980808267743e-01,3.361933389307039666e-02,-2.525943649122853185e-01,-3.430070564012354106e-01,-3.123824467682736472e-01,-8.223631476602147328e-02,1.848850654499765642e-02,-2.058661426463991584e-01,-3.152316933703090684e-02,-3.753469492401902974e-01,-1.841019713942231295e-01,2.667867792349794612e-02,-1.359305109820192481e-01,-3.322610046556498942e-01,1.961442543482956047e-01,-6.731910227902819510e-02,-9.429223981218277928e-02,-3.247340542484570269e-01,-2.260466535671800670e-01,-2.433900955260968890e-01,-2.610064293813330050e-01,-2.022937867581617033e-01,-1.461300053003078414e-01,9.687253665794161306e-02,-1.546518388366505958e-01,1.301857816195589879e-01,1.127480367746142159e-01,-3.518715940250358165e-02,1.412601921963256291e-01,7.771540922158522158e-02,-1.055199684434532520e-01,8.861463502280281235e-02,-1.794128382401464772e-01,1.851357997484962825e-01,5.134277267006540635e-01,-1.236748409370104843e-02,1.836210605317112332e-01,-7.135790792502233471e-02,1.821553419847868616e-01,-1.868540093590571327e-01,-3.039549613881123435e-01,-7.682571423099676666e-02
6.166426533940134735e-01,4.415369945725066136e-01,1.784067009701711670e-01,-6.741063757607523854e-02,-5.728805264123202484e-02,6.806638078220469401e-01,2.235301068549620795e-01,3.083174141065006535e-01,1.490598706508588188e-02,6.746172827548855278e-01,2.304354157783800039e-01,3.782461223637019199e-01,6.761687934851692283e-01,1.214844303192708780e-01,3.206142093282417227e-02,6.625417040285505044e-01,5.711488005492665332e-01,6.244594693910406891e-01,-1.969927836462634640e-01,-1.373306789810444239e-01,3.947974234685627248e-01,2.805931502148419909e-01,3.715924175163932697e-01,5.900726470586826755e-01,7.084453058367196077e-01,7.615941559557648510e-01,3.861912472118720491e-02,3.727130072640836289e-01,2.141619546839438615e-01,3.355697122514172959e-01,2.790924755539153646e-01,6.004883908452101487e-02,2.639259296790030795e-01,1.882098231579708569e-01,4.837947872535624527e-01,9.242486427009413696e-02,-4.989529755544134804e-01,-1.171246696336429582e-01,-5.152491327544789224e-01,-3.860197447736585935e-02,-3.256481970908858270e-01,2.483913923376969146e-01,-1.063549235125062081e-01,1.463241041483367699e-01,8.452986778012332517e-03,-2.601509697272552657e-01,-1.700333667067961130e-01,5.236171897101246642e-02,1.146564438895823421e-02,-2.463018689575640352e-01,5.569626539706921953e-02,-1.519599079925232354e-01,6.225257879604442768e-02,-1.267137638309825676e-01,3.332010748981321935e-02,-3.987470869309377997e-01,2.420659791411802764e-01,-3.140011282878935606e-01,-2.459195899633356483e-02,-2.729049589407379628e-01,6.251808909775533052e-02,-2.777509880874082238e-01,-7.822534390936435045e-02,-1.702261898108053118e-01,1.178665466456692290e-01,2.543275225066864986e-01,-2.476300843830820109e-01,3.783629205249008365e-01,5.164906835037796906e-02,5.627777893413815624e-02,9.918701616723925307e-02,6.593294321132853186e-02,-1.463022747220199538e-01,1.317799248563913950e-01,-6.085910614361975807e-02,1.484087516843617116e-01,4.002331747828203889e-01,-3.582863360180572193e-02,2.247401822159281193e-01,1.628646402215616976e-02,1.801706541819595442e-01,-1.378201820909265296e-01,-2.830484191128910809e-01,2.832094904436865263e-02
-2.974476201610127407e-02,1.415072916961825356e-01,1.534493371056603640e-02,2.679882470778451996e-04,2.508489942129984995e-01,1.868284626368695370e-02,3.279224346889142994e-01,1.271169775889924025e-01,4.510558990703483762e-01,1.252028660752587952e-01,1.026919191316639085e-01,2.156409011109143292e-01,-2.490893990812262371e-02,2.735950941539173464e-03,4.084833932291184744e-01,-1.227733548831198424e-01,-1.709113057185044637e-01,-1.498142407236302265e-01,-4.361793732485705344e-01,4.509450376227501500e-02,1.764319132966858106e-01,3.227099443377072219e-01,1.106595545150938220e-01,8.405622725152081531e-02,7.671543271649061690e-02,3.861912472118720491e-02,7.615941559557648510e-01,4.315285421057656057e-02,3.617422437162950422e-01,1.629840609803494267e-01,6.896575813906230534e-02,2.867173653421684759e-02,2.028791296344899242e-01,-1.528736288676675326e-01,1.580733580237036195e-01,1.355249408745863027e-01,-3.696536252141428142e-02,4.229464205450726433e-01,-3.287978732301226059e-01,4.269305466088069156e-01,-1.588131337195764492e-01,5.295213807479119961e-01,-3.970082476859380649e-01,2.492245313626169356e-01,-4.304876390696725508e-02,-3.148401293359019415e-01,-2.517649272476710567e-02,4.560517923885805680e-01,-3.493366504589227040e-01,-4.238477379901783304e-01,-3.785828637559330301e-01,-3.172175660966795041e-01,1.796610127177037664e-01,4.138609915257129152e-02,1.891064373078392424e-01,-7.496374027201631318e-02,-9.645602959635234119e-02,-3.758359572349397881e-01,-4.103264738218543317e-01,7.228753449826478272e-01,-2.274021691369838491e-02,2.485424887344767908e-01,-1.361493352782657817e-01,2.571749952033442477e-01,-9.011486979446906020e-02,5.301831293928552236e-02,-2.505317546838894960e-01,1.355571713462163652e-01,8.128046654727150155e-02,1.861735703989191304e-01,-3.588538935843594291e-01,-9.791888307714675249e-03,-1.169536526417863653e-01,2.567578192185017705e-01,-1.048891065435654524e-01,8.997158116607223421e-02,3.230757695029486953e-01,1.080320888863921941e-02,1.553386473873186457e-01,2.575628609856863149e-01,1.149473990876856005e-01,-7.020174622494064487e-02,-1.080262489973836115e-01,6.841971637902263814e-02
2.313265763653323259e-01,8.223034247892939408e-02,2.425814376634039260e-01,1.449169889293447366e-01,-1.046429703680297474e-01,2.264283084622616127e-01,3.552415428499216404e-02,2.299307662448756562e-01,9.945721693890800796e-02,-1.642540593292780501e-02,2.408967717385998575e-01,3.207136468513834271e-01,2.624461434518329805e-01,1.356603564067843937e-01,1.296106405463617328e-01,1.027691674768778027e-02,9.204739202431306069e-03,2.009684314253848414e-01,-1.810135020942454931e-02,2.366157148006701461e-01,1.163132527536050315e-01,2.630284788058659950e-01,1.826672157471878888e-01,3.113084239052874569e-01,9.847046257522348855e-02,3.727130072640836844e-01,4.315285421057654669e-02,7.615941559557648510e-01,5.389864954772104200e-02,2.848035847700472467e-01,3.509711214218602660e-01,4.492720440063242004e-01,1.713406280895669875e-01,-1.014692299994574831e-01,-9.214551986389480157e-03,1.733065907390629878e-01,-6.393261662261127791e-03,1.326957979342935356e-01,-3.364233334945961745e-02,8.598987257760602352e-04,2.907798924095515991e-01,1.677967279766692521e-01,6.150593640376519206e-02,3.977930049638896404e-01,1.311645934550281778e-01,3.195602768385753800e-02,2.118102986574191271e-01,2.300230573167184531e-02,-1.255710802342193122e-01,-6.539224523218467588e-02,5.520086849985154920e-02,1.717450211012080561e-03,1.749266275528136849e-01,-4.332687561215724931e-03,1.923094695680906685e-01,1.171550770213685144e-01,2.287564070493544599e-01,-8.847790632048840864e-02,1.341124164370168514e-01,9.557604957919001859e-03,7.644035876805069796e-01,-1.440854552807297184e-01,8.250653597012479190e-02,-1.577110665004549384e-01,1.650845433851014232e-01,1.022283258849002729e-01,-4.046331351642633301e-02,1.207615340253859609e-01,-9.319153949322932229e-02,4.828590291549203495e-02,-5.674167329739560756e-02,2.971747218280312297e-01,1.183761858448605236e-01,2.996908934411084413e-01,1.580775006095351265e-01,1.962558231675199105e-01,2.982647917624104417e-01,-1.279177961422018617e-01,1.033407545475854318e-02,8.360729285585559445e-03,-2.012605676562128354e-01,2.850632501524346663e-01,1.807572586199094888e-01,1.521734358760969963e-01
2.460125342447711250e-01,4.701837714300855509e-01,-4.517357595227569633e-01,3.018845554131817654e-01,-6.598810407898617059e-02,3.118704565019310149e-01,3.392021243654614882e-01,-3.936779036695860490e-01,-3.063987824752699082e-02,3.320465397745296365e-01,-2.441591720166705337e-01,-1.506223940727816901e-01,2.332324725823257672e-01,-2.883189907565141819e-01,2.428888314874669829e-01,3.300686208995078363e-01,1.967749649929461109e-01,3.723856537162300029e-01,-6.879629360094091650e-01,-2.875276728746152186e-02,1.858023934902265084e-01,2.674960193580627199e-01,-2.556546802459059853e-01,-1.476856197141824256e-01,2.228120275731275968e-01,2.141619546839438337e-01,3.617422437162949866e-01,5.389864954772098649e-02,7.615941559557648510e-01,-3.584673329903612649e-01,-1.022165394866064725e-01,-4.225511980663709116e-02,4.303002435728135455e-01,2.156327594067241615e-01,3.367245428981592292e-01,-2.456444761005277533e-01,-4.102694261883226695e-02,5.794587719040258239e-02,-1.090237147121072420e-01,2.125555621639414750e-01,-5.078815634383661015e-01,5.387264973928852611e-03,-4.437715215461817547e-02,-1.820732350378397035e-01,-4.668367366878418134e-01,-1.617728312721023465e-01,-1.077546482372554598e-01,2.715900611630620021e-01,1.110413923280404030e-01,-1.658052652276490596e-02,1.624213937225158777e-01,-6.660964914888685140e-01,-1.168616366792159939e-01,5.671457229417679186e-02,2.416926028366803425e-01,-3.197640193754727189e-01,-8.089623991293291849e-02,-7.660023394880971503e-02,-5.184415392424190222e-02,1.184048611641472515e-01,1.586923775528493452e-01,3.439774587240125303e-01,-5.131225246735758860e-01,-1.072152484727407207e-01,-6.165590524834131322e-03,2.311673101173412070e-01,-2.923625124083752969e-01,1.440331761568318658e-01,5.323209765890131451e-02,9.813189285210985324e-02,-1.915596079049737832e-01,-2.735445316885557962e-02,-1.912522457628979336e-02,-2.783191563260232343e-02,-2.844847649134351064e-01,-2.785095463334321120e-01,1.365244290811203770e-02,7.671198329777448310e-02,7.490727676044112160e-02,2.305945233558662488e-01,9.808154060943109417e-03,-1.384877663953848481e-01,-1.869636128866618285e-01,-1.783507899435931576e-01
1.234330527679073503e-02,-1.341159703670306291e-01,4.066274324447522459e-01,-2.172426604680620099e-01,2.344744777785242040e-01,1.470972951295408115e-01,-2.020629257510309085e-01,4.486786244038817317e-01,3.090263246432013444e-01,-1.843074806263157728e-01,3.006979616487064910e-01,6.573252160552267576e-01,1.336531627519977616e-01,4.205743776511384757e-01,1.900648771191530695e-01,-1.239037199170051340e-01,-5.605893590031620771e-02,-1.977747443156342710e-01,1.963810958769912907e-01,4.384196321688212938e-01,-2.445557874174345003e-01,2.900335718420620212e-01,5.203418550168404932e-01,3.222178604642401689e-01,3.383040815505728577e-02,3.355697122514172404e-01,1.629840609803494544e-01,2.848035847700472467e-01,-3.584673329903611538e-01,7.615941559557648510e-01,3.443974500125062677e-01,2.440265954228969802e-01,-1.898451515544245516e-01,-3.359213508595066955e-01,-2.055164331203631622e-01,2.229467879711038714e-01,-1.571010920915766329e-01,3.206667180117662164e-01,-4.323044823511965062e-01,-3.744591574799101957e-02,1.971288365237944540e-01,3.606805270023817900e-01,-4.252283251021575228e-01,4.485511521606987961e-01,3.397215373448002063e-01,-3.346014223661742948e-01,1.043763363978836844e-01,4.056061486954838646e-02,-6.500704412266267163e-01,-4.799720126030161405e-01,-6.600528209854915618e-01,3.363029484897145927e-01,5.446577871412686678e-01,-5.321308426844890693e-01,2.207890747224573735e-01,-6.723269285918652416e-02,-9.483880895598041649e-02,-5.806624187241692381e-01,-4.179331978534407410e-01,1.872767641108761261e-01,2.172416725284070105e-05,-4.495744649089504219e-01,5.855014224405999945e-01,2.864568989854556769e-01,1.754662947371599668e-01,-1.587722579192816785e-01,-2.464794762538325690e-01,1.353073483343266992e-01,1.007235227816126039e-01,3.255896671954224275e-01,1.435845024552969973e-01,8.251833884948991948e-02,1.155920361866239893e-01,2.123205204567798765e-01,4.310604811222096822e-01,2.127068154552342882e-01,3.029405718937828174e-01,-1.716652605506332752e-01,1.330346584223740525e-01,1.481940446376509291e-01,1.157825373329154639e-01,9.652890567494276652e-02,2.940871376101963919e-01,1.484875351519771187e-02
3.665581920917124203e-01,4.994054201343575694e-02,3.516280628568691502e-01,-2.741089483282473371e-01,3.421575269379990587e-03,1.855728988282312752e-01,-1.347938673876178939e-01,1.748193967717119046e-01,2.252388223039330228e-01,-1.656555132727818569e-01,1.634770070209478066e-01,1.871200414769368658e-01,3.841974141580818958e-01,3.206452815143198687e-02,5.180665277226510074e-02,-9.212215061646626332e-03,1.957711521494320261e-01,1.096651467120089707e-01,1.446372034618054470e-01,2.423392376273104942e-01,-1.797648856955552099e-01,1.106112653523602801e-01,1.704188337366429329e-01,1.321557503089691998e-01,-2.127630484883815537e-03,2.790924755539152535e-01,6.896575813906233310e-02,3.509711214218603215e-01,-1.022165394866065141e-01,3.443974500125063787e-01,7.615941559557648510e-01,2.949410471170120507e-02,-9.835558770750717217e-02,-4.331663056812301571e-02,-3.746248383779517133e-02,2.393392805185443895e-01,-3.012886995915697863e-01,1.822585091225099596e-01,-1.578482314419538401e-01,6.411121600769158213e-02,1.002236046546403359e-01,9.154440703869648477e-02,-2.993186337136399255e-01,2.548533308737149783e-01,7.072967779891649320e-02,-6.358484661871873465e-03,9.459167913202948252e-02,-1.227647373206059295e-01,-3.144886592975316697e-01,-2.537829736168197847e-01,-1.915675094987187854e-01,1.625682829602853874e-01,2.276822601531548473e-01,-3.573746565452211033e-01,-2.778492919341051318e-02,-1.433732419569995475e-02,1.157778257271336736e-01,-3.853156094499405326e-01,-1.848507249132681218e-01,-7.752070280854866935e-02,2.831748525111347781e-01,-3.205595407802588337e-01,1.147631683803359975e-01,-4.636533310002342867e-02,-1.077898837304661073e-01,-2.646862618942719472e-02,-5.076500953167766284e-01,2.081828940890937119e-01,-2.740599800113530798e-02,9.985539392763671807e-02,-2.406314282582500824e-02,3.610512560968369700e-01,1.617071429414244088e-01,-2.457606639296129949e-02,1.884605992498713245e-01,-3.410593193768177156e-02,-1.224227987388493977e-01,-8.806826543900157789e-02,-7.222429580695998060e-03,8.298818068342367349e-02,6.330117974770178846e-02,2.010266494927425984e-01,3.212219128297903459e-01,-2.103060948953193177e-01
-3.952132998227418370e-01,-2.229214586990987609e-02,3.059981618809286541e-01,1.987353739302775701e-01,-4.856192194643975911e-03,-5.613817424394185879e-02,-7.045190275966647930e-02,1.243139189405652600e-01,1.083382016229244432e-01,-2.656669262728038605e-01,2.145304167721619470e-01,2.116331966458227243e-01,-1.695772505080940795e-01,1.779658935264718245e-01,3.533062672597589438e-01,-3.992620503446566160e-01,-3.529765790023446925e-01,-3.548208085496655229e-01,1.281568298650966053e-01,4.651064938333299148e-01,-2.434287125194629572e-02,3.131679673739503067e-01,1.240110888157541918e-01,1.086783895282479734e-01,-2.236111039452246818e-01,6.004883908452095936e-02,2.867173653421683371e-02,4.492720440063243115e-01,-4.225511980663711892e-02,2.440265954228970358e-01,2.949410471170120854e-02,7.615941559557648510e-01,2.824533866019077188e-01,-4.481449726013660428e-01,-6.290292253477218487e-02,2.658590153389715494e-01,2.182157580141846631e-01,1.748359275601623908e-01,3.858875523349909742e-03,-3.739934093766498352e-02,2.075671281891248443e-01,1.091546460186062634e-01,-4.319853707521101316e-02,3.180007084298638875e-01,1.375098587129900685e-01,-8.195688677673558520e-02,2.293261455825490180e-01,3.760420478966524094e-01,-2.662450867485816053e-01,-6.455800894104632426e-02,-2.090938274707057620e-01,2.477716874547984116e-01,4.311012180690882434e-01,5.370177014844890184e-02,5.253172696583139345e-01,1.218835188778224221e-01,4.765993447311460407e-02,-2.722605038163533261e-02,1.547234332220066844e-01,7.712070616168577308e-02,5.735392728721817601e-01,1.333923951274187669e-01,2.073394707956083272e-01,-7.813564513052454960e-03,8.930713103149989784e-01,4.233996097689819993e-01,8.822666618051423770e-02,-5.260086710157964307e-02,-4.464426129699802792e-01,-9.770939692904245799e-02,-6.619851515380323348e-02,1.957888499612351896e-01,-1.116460773026988346e-01,3.741715590680750464e-02,3.059737920454940752e-01,-2.701878799210652438e-01,1.342513579198410627e-02,-1.301461927272642150e-01,-3.187865560023138700e-01,2.730177815671632965e-02,-5.199554240542816896e-03,9.144529425855946192e-02,7.509461362112124228e-02,3.045722477850796445e-02
-1.673625599430967822e-02,7.066247981897419983e-01,4.002151338782206080e-02,4.412088334507130449e-01,1.061055215057814943e-01,1.151207578556724120e-01,2.055636023039530136e-01,-1.415203700854328062e-01,1.059656884794902276e-01,3.113041885910006745e-01,1.196599884854855494e-01,-6.110042917715940297e-02,-1.190144576494812402e-02,-2.285134309271476261e-02,2.956835645167717463e-01,2.168551886936392892e-01,2.296393794086591320e-02,1.818017643869109246e-01,-2.024370242964988187e-01,1.951096077953128338e-01,3.784130750786979802e-01,4.006350234167112001e-01,-9.737607111585880326e-02,2.679556375553801550e-01,2.776796910107827698e-01,2.639259296790031351e-01,2.028791296344899242e-01,1.713406280895670430e-01,4.303002435728137676e-01,-1.898451515544245516e-01,-9.835558770750715829e-02,2.824533866019076633e-01,7.615941559557648510e-01,-7.859146997476898835e-03,6.069570440749899598e-01,2.470626803669111193e-01,-3.398883406002401603e-02,2.158535750191830499e-02,-2.522113951203479032e-01,-1.862682415918627266e-01,-3.128526958309332806e-01,1.256089707910260922e-01,8.132896304584014135e-02,1.176401810780547813e-01,-3.427125713081055625e-01,-3.301614454850870795e-01,1.007665924365355736e-01,3.847993870038132758e-01,6.912272065650955366e-02,-1.904086704520264184e-01,1.955946371074775147e-01,-1.761171460449350856e-01,-8.063037118683714227e-03,3.034674594942191606e-01,3.433688568373460814e-01,-1.308418727421684358e-01,3.218138060173644233e-01,1.963472697567174644e-02,7.431352656148286495e-02,-1.232064977950029505e-01,3.103077162092978680e-01,1.377870543788138891e-01,-3.141824607472381570e-01,-2.903039056657020778e-01,2.165494977124108045e-01,7.887809447738510782e-01,-2.980516365712159721e-01,7.954012834839653545e-02,-2.189402080571195008e-01,-8.984070890313708424e-02,1.110884038579428301e-01,2.843468063565804949e-01,-1.697269229707486504e-01,1.538479945213951745e-04,2.430489552841435044e-02,-2.581805232640818071e-01,4.366201963185600138e-02,1.188919296371173384e-01,-1.116402005511831774e-01,5.109394763290418112e-02,4.013317005964557871e-01,7.000569597865768934e-02,-2.778731844998744704e-01,1.061452773835746960e-01
2.492164672295701100e-01,2.209570694202404317e-01,-2.001468044250858946e-01,1.377255338199178392e-01,-3.282601371769720555e-01,4.902388313999069512e-03,1.837055974010225537e-02,-3.109707508737077353e-01,-2.564949383140973649e-01,2.018406249409479547e-01,-1.755686980825172105e-01,-2.054514696262353390e-01,1.700525006930291017e-01,-1.610570162986570825e-02,5.544292789008400252e-02,3.086028895884670442e-01,1.752608744541503394e-01,3.606715338783450520e-01,-3.772028912192932903e-01,-1.784155009082549759e-01,7.568428287986050940e-02,-1.081194105019029628e-01,-9.762091160085195618e-02,-7.608291708477520066e-02,1.208646396719658955e-01,1.882098231579708014e-01,-1.528736288676675326e-01,-1.014692299994576496e-01,2.156327594067241615e-01,-3.359213508595066955e-01,-4.331663056812305040e-02,-4.481449726013659873e-01,-7.859146997476898835e-03,7.615941559557648510e-01,2.425062827270160759e-01,-1.420961784770638781e-01,-1.377593345965305582e-01,-1.406666160522256016e-04,2.521243326338505342e-01,8.866403482008422543e-02,-1.700971261699651682e-01,-1.663300629295707822e-01,3.529613472751312875e-01,-2.062562600994799211e-01,-2.859478152851902544e-01,3.548469123714921847e-01,4.888757444200213589e-03,-8.156656169229474160e-03,6.494400449429027500e-01,1.065385961673822879e-01,7.241791835962682056e-01,-4.382090418379195329e-01,-3.634729642776114988e-01,1.421181093106969606e-01,-6.662468791905336307e-02,1.039819703183802180e-01,1.354343346799639358e-01,3.564688543201411375e-01,4.396946567088273472e-01,-1.509790674036474711e-01,-4.171199271193040681e-02,-1.981872674691320668e-02,-3.637307109268000938e-01,-3.269093988977070375e-01,-5.603930667093467433e-01,-1.862797114796741205e-01,1.666009978248784718e-01,-1.254947535428115879e-01,-1.022476535546717746e-01,-1.127280962728111346e-01,-1.894309089830711335e-01,-2.288268603292744063e-01,9.625639480749045851e-02,-1.579546353710848394e-01,-3.879573049057950529e-01,5.165672266518422928e-02,-3.259004871939353426e-02,-5.195814263487182061e-02,4.547304984263516453e-02,6.352220886474372642e-03,-1.177542146240482257e-01,-1.017383852802410671e-01,3.568988892963385201e-02,-1.473241608898229194e-01
-1.073608524167266390e-02,8.744950418326290498e-01,-8.304826399299478079e-02,3.535524911197865938e-01,1.336530489490230511e-01,-2.668956318395877825e-02,2.336098145100376500e-01,5.609358106032331405e-03,5.829376750397781068e-03,5.042795496934820987e-01,1.586351937068961881e-01,1.085651500806316255e-01,-2.030139827037179961e-02,1.088230993570645372e-01,1.563046864784134182e-01,3.112144453281020517e-01,-4.410335270307051692e-02,2.452606773299713383e-01,-4.354481693646449769e-01,-1.885948838779741010e-01,5.408524941181926948e-01,2.733789999991048103e-01,-6.585900226226172778e-03,4.972447019470692120e-01,3.111072623539338222e-01,4.837947872535624527e-01,1.580733580237035918e-01,-9.214551986389438523e-03,3.367245428981592292e-01,-2.055164331203631622e-01,-3.746248383779517133e-02,-6.290292253477225426e-02,6.069570440749899598e-01,2.425062827270160759e-01,7.615941559557648510e-01,3.507250600727136736e-02,-5.591868018809270646e-02,1.342698335722208036e-01,-4.634455354574329999e-01,7.931083609456213157e-02,-3.606956946558617094e-01,1.224617013904166635e-01,8.023065995740513712e-03,3.436744101544095958e-02,-1.934266557362055994e-01,-4.219662077185944438e-01,1.510817039450305585e-02,3.634259157001655804e-01,1.688745493370578665e-01,-4.607270304041388154e-01,1.652065478069869586e-01,-3.980442555587166975e-01,-1.515584296596936831e-01,4.229906637542722447e-01,2.884882117943786684e-01,-2.045886003712730494e-01,4.761271936173028796e-01,-1.532700581502068893e-01,2.191641610323199207e-01,-1.323989430779307364e-01,-9.243345353314225132e-03,6.930226440265702115e-02,-4.505315537063928066e-01,-2.236911307198707344e-01,9.147136265156433424e-03,4.977054210218960217e-01,-2.085662378744190248e-01,1.835290518505902913e-01,1.294004687489236083e-01,-2.988424656825523166e-03,3.134207148375510177e-01,1.682250788851734069e-01,-4.774812263762066161e-02,2.323024572357657858e-01,-1.071425087869097570e-01,-1.149316656305407885e-01,1.719286763505596394e-01,8.284730202978089764e-02,2.058928861273948141e-01,2.079360063763739663e-01,4.815921861822893280e-01,6.618839903406165126e-02,-2.505060378272261912e-01,2.825459621165115065e-01
-1.833602302549198759e-01,5.962661900840112578e-02,7.160141647617436211e-01,8.762800871508528988e-02,8.160048526600477414e-02,-5.642645957965674447e-02,-1.171609751793248749e-01,1.967104130719606048e-01,2.795514733265627716e-01,-7.056011566537817581e-02,3.631630787088581669e-01,1.852135738603452042e-01,-9.943585617041374169e-02,3.409068322163907316e-01,6.271732290755931138e-02,-1.642389297073858778e-01,-2.419146411673661068e-01,-1.817418880539619364e-01,2.949949046624817384e-01,1.159655483038848217e-01,-7.241588165049588077e-02,1.064268319155013964e-01,3.013120889360963450e-01,2.631252748031302491e-01,4.005748711460790923e-02,9.242486427009408145e-02,1.355249408745863027e-01,1.733065907390630433e-01,-2.456444761005277533e-01,2.229467879711038436e-01,2.393392805185443895e-01,2.658590153389715494e-01,2.470626803669111193e-01,-1.420961784770638503e-01,3.507250600727142287e-02,7.615941559557648510e-01,-1.355299467676372438e-01,8.929472884921482723e-02,-1.695372172808797540e-01,-2.361076765131326360e-01,2.448748020793291569e-01,2.463947447878776786e-01,-2.715896813543426380e-01,5.009807772363763512e-01,9.881453080559388091e-02,-1.923526437668843236e-01,2.207992720742737447e-01,1.484383897285280196e-01,-2.958425110854058793e-01,-3.479726639646560926e-01,-2.825509238149390145e-01,3.453449401754559722e-01,2.059420026268220516e-01,-7.910396368297704928e-02,2.021742289402579662e-01,2.939530299203602093e-01,1.827577639174051138e-01,-1.488408674326065773e-01,-5.108732854594709438e-02,3.696067335284521083e-02,6.206581139774837441e-02,-2.276904798868964741e-01,7.816904493583390345e-02,6.916316650122054932e-02,3.648107590540456552e-02,1.561990712314481611e-01,-2.030778421981695725e-01,-1.356618153313912112e-01,-3.957913179151498206e-01,-1.995377812366821990e-01,-2.282881135249119620e-01,1.010319442419583408e-01,-2.706361172716108543e-01,3.350232666898166067e-02,-1.112105799994063254e-01,9.056942191444880552e-02,-1.164666225708897440e-01,7.002549268368546409e-02,-3.037812102524696245e-01,-1.897337821759736420e-01,5.803882578100139598e-03,-6.821319881450510492e-02,-1.733131036156056459e-01,7.831232350091120453e-02
-3.824870176180319437e-01,-2.020447050537620415e-01,-2.969069349197501761e-01,5.937265155883999501e-01,4.921152451066378858e-02,-2.804594837943369945e-01,-1.221707301672941143e-02,-1.786287733325228611e-01,-1.326488180361591884e-01,-3.549779483982878348e-01,-2.414916302347454302e-01,-1.716812983615303295e-02,-2.890662430022514218e-01,-1.061683858235922401e-01,-6.327918473869142968e-02,-3.882341379563842287e-01,-3.523888038257430577e-01,-4.271922569807097281e-01,-1.640061848787164878e-01,8.314541151667127761e-02,1.392837174304906445e-01,-1.862367400218137015e-01,-3.264278235095565139e-01,-2.077882495587129175e-01,-3.048798667511203875e-01,-4.989529755544134804e-01,-3.696536252141428142e-02,-6.393261662261155547e-03,-4.102694261883223920e-02,-1.571010920915766329e-01,-3.012886995915697863e-01,2.182157580141846909e-01,-3.398883406002402990e-02,-1.377593345965305582e-01,-5.591868018809269952e-02,-1.355299467676372993e-01,7.615941559557648510e-01,1.717148532217492307e-01,3.999976674949303201e-01,6.715371125951555276e-02,2.688910252865539530e-01,-7.084663059174929611e-02,2.676872807694270495e-01,-2.198137532532665195e-01,2.349261317309521979e-01,2.173232768080118615e-01,-2.404042257167467167e-02,-5.085607007382918210e-02,1.173777316256440495e-01,1.313599046828545225e-01,9.264099791285006213e-02,-1.191843790229172445e-01,1.866667524427451791e-02,4.512302564929479565e-01,1.656960891296837060e-02,2.604251205244843548e-01,1.205737245026459459e-01,3.177123333516716497e-01,9.596913957419070385e-02,1.736109569829475674e-01,3.257653394398603297e-02,2.830550233498878021e-01,8.723275376405567605e-02,2.538857834027583721e-02,-3.338575098734165858e-02,-1.322399290575158037e-01,1.399858960473956797e-02,-4.087934287358638841e-01,-1.335084961047222074e-01,-6.538622854428853548e-02,-1.300860647303311302e-01,3.651085678065635887e-01,3.538256445970990871e-01,8.570003722832571225e-03,-9.424633965998996388e-02,1.233952577838654530e-01,-3.194926010125487270e-01,1.221102345240016734e-02,-3.334413180301707552e-02,4.203812308756087017e-03,-1.767314159331519752e-01,4.472311316176493246e-01,2.816725889233308577e-01,-3.993273991003806755e-02
-3.048340076189345327e-01,6.865489659747703310e-02,-1.598224484781406163e-02,7.064496464172928536e-02,4.585352411570623454e-01,-2.305624324124681823e-01,-3.684769530759993139e-02,-5.925165283162195373e-02,6.432236425080932740e-01,-1.383522769748475045e-01,2.579768079001067416e-01,3.157264490754088659e-01,-2.464490418605244093e-01,2.014554015487279304e-01,4.608901340947148539e-01,-3.687201430665922874e-01,-2.502530986247634703e-01,-3.402534210812242499e-01,-5.241941508695173724e-01,2.790496767645390674e-01,1.011824281184534324e-01,1.904593656274209124e-01,-2.415889971426166474e-02,-7.478215540560712374e-03,-1.405763050213380827e-01,-1.171246696336429860e-01,4.229464205450725878e-01,1.326957979342935912e-01,5.794587719040262402e-02,3.206667180117661053e-01,1.822585091225100151e-01,1.748359275601623630e-01,2.158535750191834662e-02,-1.406666160521909072e-04,1.342698335722208314e-01,8.929472884921481335e-02,1.717148532217492585e-01,7.615941559557648510e-01,-6.928634369606484662e-03,4.505891542732709532e-01,7.930623271980297151e-02,5.367480205226131673e-01,-8.663686556309686815e-02,5.175756159256847955e-01,1.517738289357953019e-01,-1.878579166073165163e-01,3.484172262255535446e-01,3.656912408953138516e-01,-1.862356782093329277e-01,-2.753527294869050901e-01,-2.193957516959844645e-01,-3.722613853406526174e-01,3.238916215698561807e-01,9.040598964597942877e-02,3.258035335783640574e-01,1.219501901095325774e-01,-2.039280915393605065e-01,-2.016825630738679209e-01,-2.740010765331380993e-01,4.700704804652424129e-01,1.012358421484995802e-01,6.123967048593336598e-02,1.645625136186214532e-01,2.755445682290713072e-01,-1.449987896933616904e-01,-5.079823743510906986e-02,-3.674806971824887691e-01,-1.392109920133917378e-01,-7.137159478397883672e-02,2.144505496033502767e-01,-2.647038826046628768e-01,1.800841279945297468e-01,3.253448731325279675e-01,3.035077547988547786e-01,-4.469647641822925566e-02,1.162183069971552546e-01,-1.702840753499375026e-01,-7.623607443828514518e-02,1.153554921402565568e-02,2.209389547066806792e-01,-6.312538859452549410e-03,2.031377613926332037e-01,3.987487356145470452e-01,1.295626898120835757e-01
-3.502668744267870560e-01,-4.027131642457681959e-01,-3.312951539863990824e-01,1.576156306127343143e-01,-3.929337904933114523e-01,-2.187098030424339257e-01,-3.181738168839479686e-01,-4.120367870187103820e-01,-1.857169022751375131e-01,-4.271749587440764606e-01,-3.869081225629691922e-01,-1.925424549396957397e-01,-1.576173992476278263e-01,-2.121835819694301573e-01,-3.177648197593153229e-02,-4.108401781982480849e-01,-1.472126727751995878e-01,-4.419819998562811159e-01,-3.352943713655365809e-01,-2.293608373976722264e-02,-1.895726361581751562e-01,-4.770251217078605999e-01,-3.359315125437164484e-01,-1.837159054666887559e-01,-4.033220943777022227e-01,-5.152491327544788113e-01,-3.287978732301226059e-01,-3.364233334945970072e-02,-1.090237147121072697e-01,-4.323044823511965062e-01,-1.578482314419538124e-01,3.858875523349909742e-03,-2.522113951203478477e-01,2.521243326338506452e-01,-4.634455354574329999e-01,-1.695372172808797540e-01,3.999976674949302646e-01,-6.928634369606540173e-03,7.615941559557648510e-01,8.712252210328477742e-02,3.763790635642019766e-01,-2.479476749998937857e-01,5.162732309902207106e-01,-3.153892084377720173e-01,3.673287868986974125e-01,7.491764758154509929e-01,1.830268140472394722e-01,-1.441003186715242579e-01,3.801680635971849131e-01,5.877607393289649984e-01,3.009980505480237545e-01,-3.677689198109094226e-01,-2.197692608720747641e-03,2.611521245558628967e-01,2.306936823149231125e-02,4.987930639980179826e-01,1.364613022102522111e-01,6.741725209260567286e-01,4.533450639623318734e-01,1.623163576495575133e-01,1.237639213730785254e-01,2.677282595976278601e-01,2.482111769357319905e-02,1.128188870456062615e-01,-4.041856574227688237e-02,-2.821839274850420631e-01,5.198083491992478988e-01,-4.362319178004385734e-01,-2.783524412430600781e-01,-2.663435927797504488e-01,-3.911236160860450672e-01,2.626227973789464765e-02,5.824292428520077072e-03,-1.054638266332795851e-02,-2.480798278494956433e-01,-4.738424104416412430e-02,-4.898045613994719272e-01,1.259163520227193356e-01,-1.654464901384014586e-01,-1.645850811859054241e-01,-4.670778606644447328e-01,2.820904783221787060e-01,3.092953524669500021e-01,-3.517631966155835427e-02
-1.860278424309562417e-01,-4.756599178160272889e-02,-2.420707647988094013e-01,-6.483104114617273261e-02,6.841570830942921011e-02,-6.633546611243379409e-02,2.942497492091116773e-01,-2.851202770349069993e-01,3.434370742199167603e-01,-3.726952443809948556e-02,3.377190294280357774e-02,-9.400568414052741083e-04,6.128155923186451304e-02,-3.533507291927372451e-01,2.981180186057228454e-01,-2.293638821738349098e-01,-6.637187538862693303e-02,-2.267473533798248786e-01,-5.325196170423072139e-01,2.091409954534955151e-01,1.080463247286932681e-02,8.429797454305830440e-02,-2.080939581323351384e-01,-6.539357080181888715e-02,-1.101717672551620897e-01,-3.860197447736585935e-02,4.269305466088068601e-01,8.598987257761157464e-04,2.125555621639415027e-01,-3.744591574799101957e-02,6.411121600769160989e-02,-3.739934093766495576e-02,-1.862682415918627266e-01,8.866403482008422543e-02,7.931083609456210382e-02,-2.361076765131326916e-01,6.715371125951560827e-02,4.505891542732710642e-01,8.712252210328474966e-02,7.615941559557648510e-01,-1.477610250813671533e-01,3.411430796135744292e-01,9.584801501454279227e-02,2.385553611094664433e-02,8.120962439069301375e-02,1.917581939389214896e-01,-2.434649834191199014e-01,1.289352072165707852e-01,1.703138012170545279e-01,1.147461550672696905e-03,6.081108659262863267e-04,-4.770884778586254038e-01,3.029718724132621221e-01,7.034809680873796434e-02,3.865659573856626285e-01,-4.567474661475640768e-02,-1.650415799560167873e-01,8.175522986318108087e-02,4.836227204057166190e-02,6.389527355834030420e-01,7.363489805162211355e-02,5.072409677972853359e-01,5.637228829805073643e-02,3.866284564832451753e-01,-1.212204630845027803e-01,-1.157651743754037205e-01,-5.887421623308531499e-02,-3.321736336636379461e-01,-1.462896620996014252e-01,-7.752646618968658809e-02,-4.712288436618948528e-02,-2.039466348009521049e-02,2.604892872736067067e-01,3.646551553407560708e-02,-1.590835743983963768e-01,-8.674058659823712103e-02,-1.953856314666677640e-01,-1.497597620280102237e-01,-6.690218901490009584e-02,3.923155012243353251e-02,-2.693273668746290136e-02,4.095511602870919449e-02,3.036417974290087640e-01,-1.710847944487561556e-01
-2.369358723649300225e-01,-2.958274111586324806e-01,3.422921120250999594e-01,-5.404924815300590074e-02,-9.064956676488354625e-02,-3.058401519474276409e-01,-5.126484406025684226e-01,4.834032333687201533e-01,-4.465724388986722082e-02,-4.826009223192134767e-01,2.471517831152920119e-01,3.209130646839503664e-01,-2.587042573385643363e-01,4.030977151840466344e-01,-1.122679740260456860e-01,-4.821446788535282413e-01,-3.560354027814214284e-01,-4.861031809496766942e-01,2.798094765631732317e-01,-6.701668274352511057e-02,7.290086782382523660e-03,-3.347520426003072758e-01,2.681034844616653756e-01,2.462171433104610729e-01,-3.723550675983313130e-01,-3.256481970908857715e-01,-1.588131337195764492e-01,2.907798924095516546e-01,-5.078815634383662125e-01,1.971288365237944817e-01,1.002236046546404052e-01,2.075671281891248721e-01,-3.128526958309333361e-01,-1.700971261699652237e-01,-3.606956946558617094e-01,2.448748020793291014e-01,2.688910252865538975e-01,7.930623271980294375e-02,3.763790635642020876e-01,-1.477610250813671533e-01,7.615941559557648510e-01,-7.521894790581791501e-02,2.574299945000665252e-02,2.742438749648707375e-01,7.004478801015172618e-01,2.791791643058018080e-01,4.609844661061058835e-01,-1.524189844795790783e-01,-2.342743061937606064e-01,8.566920662260134323e-02,-1.800549780099690300e-01,2.546419836788216262e-01,-1.678846097706903013e-03,1.864390526992658059e-01,-1.434089445550113806e-01,6.994044982948279809e-01,2.848643213788962791e-01,1.421705197776480800e-01,3.552794585841095865e-02,-3.278778997156149566e-02,2.137555581246904646e-01,-2.530122380664354131e-01,3.674943964632093052e-01,1.096239144353132883e-01,1.002207803410592457e-01,-3.587234298886868844e-01,3.000636669806265311e-01,-2.335480461170758859e-01,-2.916772972241613027e-01,-2.300647552905874527e-01,-1.250461639969225047e-01,1.812295356721206063e-01,-8.982166684484692298e-02,1.838598701993028883e-01,6.867237874119047625e-02,2.117578301301354382e-01,-2.203898508682271551e-01,-2.720925036462314844e-02,-2.513493287546413879e-01,-2.858167131984753473e-01,-3.618187166452503933e-01,2.868364540964978837e-01,9.481565973345694454e-02,1.630912143671494063e-01
-5.161762773632622842e-02,1.344350403863119603e-01,2.123467214465517561e-01,3.665116438441177321e-02,1.150836499007097530e-01,4.924693953854533679e-02,1.384889992205457776e-01,-8.437950690614452742e-02,7.622564037586428976e-01,1.191118212414911254e-01,2.753021443638594135e-01,2.758582545823485277e-01,1.262248073155029966e-02,-7.367133415168050647e-02,2.726029709661166867e-01,-1.517891004058236903e-01,-1.355633321337455510e-01,-7.893398862795246440e-02,-2.102590700126490408e-01,1.427803017474299774e-01,1.352893849703206974e-01,2.434430886731622223e-01,3.253103861039053496e-02,2.128695960200691906e-01,1.566366435113871747e-01,2.483913923376968036e-01,5.295213807479121071e-01,1.677967279766693076e-01,5.387264973928935878e-03,3.606805270023818455e-01,9.154440703869645701e-02,1.091546460186063189e-01,1.256089707910261477e-01,-1.663300629295708100e-01,1.224617013904167745e-01,2.463947447878777341e-01,-7.084663059174929611e-02,5.367480205226130563e-01,-2.479476749998937857e-01,3.411430796135744292e-01,-7.521894790581791501e-02,7.615941559557648510e-01,-2.059106848098437026e-01,4.748701651711093041e-01,6.189148068682574083e-02,-2.235172233064722791e-01,-1.039205474752290248e-01,3.081043549616220845e-01,-2.466905264315545909e-01,-3.326881266920418412e-01,-2.460623618390119227e-01,-1.397725749272901719e-01,3.272928903935941602e-01,3.641808504770948501e-02,4.003362160331778163e-01,-9.372467919401972214e-02,5.113371919915395136e-02,-1.285772843667433996e-01,-5.215677458860774190e-02,6.093886341854503064e-01,1.601711952610850725e-02,7.153552807750317155e-02,2.234416629732166870e-01,2.202457533296866832e-01,-1.079930474041421312e-01,1.172602705524377342e-01,-1.555995610305226373e-01,-4.744698782358049843e-02,-1.569876272478768209e-01,-5.541188691961715374e-02,-3.221395170597041724e-01,-1.014654592512829329e-01,-6.817200951873812753e-02,2.698637024255396422e-01,-8.787262165968363903e-02,1.370238983105900310e-01,1.778862355223203018e-01,3.128362642280922701e-02,-2.867542819321998795e-02,-1.356286637304627771e-02,2.565862160237314046e-02,-2.503088170058753378e-02,-3.625961298200780936e-03,1.092995954636241385e-01
-1.130647763421673835e-01,-1.423546981253938637e-01,-3.026298860923093970e-01,2.850501274475495950e-01,-3.464490442393932113e-01,-2.274557175701309997e-01,4.320364041554587697e-02,-3.465592115740561141e-01,-2.911958455192823481e-01,1.903582919038339649e-01,-7.329642280336536031e-02,2.547110055132601955e-02,-1.553072062181260482e-01,-2.486428166941655193e-01,-9.356236988002272770e-02,1.281211880130491143e-01,4.970715109750016569e-02,2.801763832057522219e-01,-9.826657295509375056e-02,-1.735248016660933812e-01,-1.036509408174674379e-01,-2.847675843491024872e-01,-5.077210186058636054e-01,-8.597753434534356753e-02,-1.034942980808267743e-01,-1.063549235125062081e-01,-3.970082476859380649e-01,6.150593640376521287e-02,-4.437715215461811996e-02,-4.252283251021575783e-01,-2.993186337136399255e-01,-4.319853707521105479e-02,8.132896304584011360e-02,3.529613472751312320e-01,8.023065995740499834e-03,-2.715896813543427490e-01,2.676872807694270495e-01,-8.663686556309689590e-02,5.162732309902204886e-01,9.584801501454276451e-02,2.574299945000665252e-02,-2.059106848098437026e-01,7.615941559557648510e-01,-1.310570195634264135e-01,1.399217352094913047e-01,4.577423180711607809e-01,7.747687361089075631e-02,-1.834213750593926551e-01,6.140173626499718651e-01,6.719309717799752946e-01,7.931028892887823645e-01,-1.721002215079532049e-01,-1.890428660567740060e-01,2.001180977671929151e-01,1.351531051976357679e-02,-3.868303345875408888e-02,2.444507768360818789e-01,6.544826270883167263e-01,5.010406685169510599e-01,-6.013740924803834265e-02,2.425351300149432843e-01,1.795722714691130317e-01,-1.991698091551389049e-01,-2.593172310290875471e-01,-2.013665547084992069e-01,-5.632738167518282213e-02,3.652083597646488267e-01,-3.854836586263044040e-01,-1.019079757335163011e-01,-2.793534373947835214e-01,-1.850837862108972998e-01,1.555354923466090999e-01,1.280657182462116850e-01,-7.176345267656239479e-02,-1.719259749903383483e-01,1.437912841320338961e-02,-3.097561995806638602e-01,2.559760565086587666e-03,1.474633984307054980e-02,-3.062914850755418805e-01,-1.130947306111753925e-01,3.248975782930269562e-01,1.038379999704477502e-01,9.293714160978386665e-03
-1.493430227800252585e-01,4.665783232140579412e-02,5.956457311621817796e-01,-1.727168985463897743e-01,3.176127576643718586e-01,-8.132043026334752345e-02,-7.607040283852316287e-02,3.553898019014191112e-01,4.306285630272708720e-01,3.205267006450312345e-02,7.980683379726863924e-01,4.914590858968741482e-01,-6.439900659318358034e-02,5.426425989395822214e-01,2.581038620904532177e-01,-1.284930860864811897e-01,-7.497795821912879577e-02,-3.393824246106180026e-02,1.128316667492238745e-01,4.624997470804264460e-02,-1.155357675692910042e-02,1.323816598406529210e-01,2.362287374707137955e-01,2.472684421936920118e-01,3.361933389307039666e-02,1.463241041483366867e-01,2.492245313626169356e-01,3.977930049638896404e-01,-1.820732350378397313e-01,4.485511521606987961e-01,2.548533308737149783e-01,3.180007084298638320e-01,1.176401810780548229e-01,-2.062562600994799211e-01,3.436744101544094571e-02,5.009807772363764622e-01,-2.198137532532665750e-01,5.175756159256846844e-01,-3.153892084377720173e-01,2.385553611094667209e-02,2.742438749648708485e-01,4.748701651711093041e-01,-1.310570195634264135e-01,7.615941559557648510e-01,1.470151719815348812e-01,-3.094465075149958055e-01,4.961079106638406344e-01,1.753331274701181719e-01,-3.187565652023235940e-01,-2.483562714875993949e-01,-2.527905319459257671e-01,1.850682186978928612e-01,2.501182821437615278e-01,-1.954961212784387947e-01,1.778236224988393455e-01,2.529165201499202972e-02,-4.666996090896113891e-02,-2.770089467759106472e-01,-2.458167561566905746e-01,1.646807862863673699e-01,2.482767688907497328e-01,-2.828224459971037108e-01,8.056520100863094613e-02,6.999805508465052617e-02,1.853761097929753710e-03,3.026147161668395549e-02,-4.109390890338270874e-01,4.146083240072057780e-02,-2.614845805994305827e-01,-7.749833960086917328e-02,-2.075813758587176094e-01,3.172038830943005872e-01,3.540847308637074670e-02,3.124854802353294603e-01,2.502347621032479652e-01,1.750607310844365661e-01,-1.021176532530667924e-01,-1.367086551481699053e-01,-2.147947472699185956e-01,-1.291887576209631294e-01,-7.461827520536907718e-03,4.054517850700972703e-02,3.283269917807957877e-02,9.382393583902588763e-02
-2.191863885716990590e-01,-2.078595949970442891e-01,1.989089636433026831e-01,-5.352418894833196883e-02,-1.541331937984834199e-01,-2.175066013170519341e-01,-4.172908629313623052e-01,3.886688891418769165e-01,4.839054429437252003e-02,-3.483287864940226020e-01,1.353589105608893062e-01,5.489720964594412278e-01,-1.189545723330307919e-01,2.532705378050265632e-01,-1.307146042672595598e-01,-3.686568025203560417e-01,-2.945481425312528323e-01,-3.545220169604427762e-01,3.269929164255543363e-01,1.239262076345157559e-01,-8.564647544666111056e-02,-2.128581020557410997e-01,1.465266523439850421e-01,5.489557984477713148e-01,-2.525943649122852630e-01,8.452986778012332517e-03,-4.304876390696720651e-02,1.311645934550281223e-01,-4.668367366878418134e-01,3.397215373448002063e-01,7.072967779891652096e-02,1.375098587129900685e-01,-3.427125713081056180e-01,-2.859478152851902544e-01,-1.934266557362055994e-01,9.881453080559392255e-02,2.349261317309522534e-01,1.517738289357953296e-01,3.673287868986974680e-01,8.120962439069297212e-02,7.004478801015172618e-01,6.189148068682575471e-02,1.399217352094913325e-01,1.470151719815349090e-01,7.615941559557648510e-01,3.071588731839862696e-01,3.800106483362604703e-01,-1.413228310051363457e-01,-1.818661060288148390e-01,9.298213428546164838e-02,-1.188505559309410986e-01,3.302426464623280378e-01,2.976024271156706424e-01,4.897487140587839991e-05,9.456133001693159401e-02,4.926694616074401289e-01,5.338624877653256329e-01,2.460567177775857539e-01,3.158722996396207128e-01,1.531650394795394943e-01,1.567908203497174191e-01,-1.521830828631188237e-01,5.578692842889801939e-01,1.317503821748408806e-02,1.299190116110331972e-01,-2.329977401472798360e-01,3.031507765720321546e-01,-2.895853571566597284e-01,-3.646110752665129850e-02,-4.973931590439637646e-02,2.884995360334313350e-02,3.279058635894909757e-01,-7.237153199774522955e-03,2.025602233068557745e-01,1.875069600225279243e-01,1.729995197659675854e-01,-6.613678532961658751e-02,2.126223026494730370e-02,1.970172690021261552e-02,-6.177596959747346655e-02,-1.034993744046405761e-01,5.516100020214760313e-01,1.295526579398667000e-01,1.237093403736169162e-01
-5.014237709193540213e-03,-4.138213420459592728e-01,-1.803648594487279877e-01,9.720282531938508053e-02,-5.215511680614955958e-01,-8.465017775419145241e-02,-1.563150183644455016e-01,-3.784613269476154729e-01,-3.384580785748563247e-01,-3.023467300253914747e-01,-3.382026718845274060e-01,-1.820634225359836766e-01,1.105019156915671152e-01,-3.982384109817420637e-01,-1.734026876224391001e-01,-2.498566526730626181e-01,7.745142606259992901e-02,-1.874549183306749023e-01,-6.639382603594161381e-02,-3.035311780223422240e-02,-2.841714981907347837e-01,-4.382176015192426610e-01,-3.962711324449489370e-01,-1.510816009148394923e-01,-3.430070564012354106e-01,-2.601509697272552657e-01,-3.148401293359019415e-01,3.195602768385753800e-02,-1.617728312721023187e-01,-3.346014223661743503e-01,-6.358484661871837036e-03,-8.195688677673557132e-02,-3.301614454850870795e-01,3.548469123714922402e-01,-4.219662077185942772e-01,-1.923526437668843236e-01,2.173232768080117783e-01,-1.878579166073164608e-01,7.491764758154508819e-01,1.917581939389214341e-01,2.791791643058018080e-01,-2.235172233064723069e-01,4.577423180711607809e-01,-3.094465075149956945e-01,3.071588731839862696e-01,7.615941559557648510e-01,-3.786561889027749428e-02,-3.175666298092322259e-01,4.546246783387549728e-01,7.622905780712944113e-01,4.530210974842763805e-01,-1.175988751024964613e-01,-9.383326310354352107e-02,-1.224844963359681370e-02,-5.209034931655577745e-03,2.127605124396490521e-01,1.166683471064064170e-01,5.995684461974164492e-01,5.843453811415449950e-01,7.630277836659304924e-02,2.365940014822597026e-01,1.430067648627998678e-01,1.975125402383043349e-02,9.432974311950678703e-02,-1.381022586175261468e-01,-3.402750195048314108e-01,4.507067982489123548e-01,-4.958435250105203695e-01,-4.040482911984916159e-01,-4.253544584896459813e-01,-2.113956223714424099e-01,2.403110024154249402e-02,1.733135796159215591e-01,-2.795889644466473256e-01,-2.483296355505838215e-01,-4.175622660699315064e-02,-3.812561123917214134e-01,-1.710162519005817561e-01,-2.541452163186532776e-01,-3.178315697909742665e-01,-4.042833125857318022e-01,2.150453302434124359e-01,1.755462967232675753e-01,-2.693825729482645648e-01
-2.939072123353015376e-01,-3.312144214627326267e-03,2.686394626728851875e-01,-4.501816953027552165e-02,9.474725157462188241e-02,-3.491109193689584389e-01,-5.458980471160509440e-01,1.567835480287040062e-01,6.127358168442671033e-02,-2.074097850324952419e-01,4.340560019113465784e-01,3.953724168637809955e-01,-3.660857643507230419e-01,4.839540598027634033e-01,3.089998589588159872e-01,-2.438863045032670374e-01,-2.192931440720470859e-01,-1.576060725854820654e-01,1.430459927109561380e-01,2.554014694988792633e-01,-1.769732051269410356e-01,7.136648670832418384e-02,1.466127053905172950e-01,3.100703059276936277e-02,-3.123824467682737027e-01,-1.700333667067961407e-01,-2.517649272476711955e-02,2.118102986574190993e-01,-1.077546482372554598e-01,1.043763363978837122e-01,9.459167913202941314e-02,2.293261455825489903e-01,1.007665924365355598e-01,4.888757444200223998e-03,1.510817039450306973e-02,2.207992720742737447e-01,-2.404042257167465779e-02,3.484172262255535446e-01,1.830268140472394722e-01,-2.434649834191198736e-01,4.609844661061058835e-01,-1.039205474752289277e-01,7.747687361089070079e-02,4.961079106638406344e-01,3.800106483362604703e-01,-3.786561889027749428e-02,7.615941559557648510e-01,1.877462838272728751e-01,5.093078386315609551e-02,-3.637898260015304946e-02,9.130118209851174893e-02,2.036094457309717554e-01,3.178666497588288342e-01,-5.659767324875637773e-02,2.355514581545327946e-01,4.502584585043549192e-01,-1.077939415102645813e-02,-6.518666681321766410e-02,7.505020295330393221e-02,1.550967772820402157e-01,2.748591239544548870e-01,-6.198125102377251283e-02,2.778960034941210244e-01,-8.736018121969794936e-02,7.309466987769656920e-02,2.040421186074023972e-03,-1.749902673133769959e-01,4.090762652070522101e-03,-1.533453302562530207e-01,1.602552962121168989e-01,1.923664911779474906e-01,4.529123108063421443e-01,1.945502803556680427e-01,2.297211056040657784e-01,1.579314910596707477e-01,9.124111538855857184e-02,-5.385579767072796731e-01,4.800366936748390323e-02,-1.522619940808629495e-02,3.806071788798989081e-02,-1.725230388344645982e-01,4.968188258936924173e-01,4.014449899890552564e-01,1.251068688917689187e-01
-2.284563335690241170e-01,3.384243175695184624e-01,-1.101437824056205033e-03,5.321708721443429990e-02,1.646336989687814112e-01,-2.193775665490269311e-01,-4.614905011957610992e-03,-1.903530614920364086e-02,2.879168364566886407e-01,-6.138390011683095282e-02,3.829787475370353272e-02,8.414491420301216384e-02,-2.530040976151886056e-01,1.661265003367117243e-01,8.434372157844387541e-01,-2.200167202802205679e-01,-2.138158287005925140e-01,-2.680603210832518402e-01,-3.969415008802311684e-01,3.490845587213532442e-01,3.029974542421908223e-01,4.424662630482548709e-01,6.114563416021939757e-02,8.479526745449153524e-02,-8.223631476602147328e-02,5.236171897101252193e-02,4.560517923885806235e-01,2.300230573167183837e-02,2.715900611630618910e-01,4.056061486954842810e-02,-1.227647373206059433e-01,3.760420478966523539e-01,3.847993870038132758e-01,-8.156656169229397832e-03,3.634259157001655804e-01,1.484383897285279919e-01,-5.085607007382916128e-02,3.656912408953137406e-01,-1.441003186715242579e-01,1.289352072165707852e-01,-1.524189844795790783e-01,3.081043549616220845e-01,-1.834213750593925996e-01,1.753331274701181719e-01,-1.413228310051362902e-01,-3.175666298092322259e-01,1.877462838272728751e-01,7.615941559557648510e-01,-1.100084270513921048e-01,-3.869607184062270333e-01,-1.223693441890944117e-01,-3.473170429422549055e-01,4.603584398820930734e-01,3.880370763548060542e-01,6.393230387690022054e-01,1.515404412293618885e-01,-5.849578109880438498e-02,-1.297601432679317823e-01,-8.248476408662792914e-02,4.332016606576827300e-01,1.201490103296428691e-01,3.825475334635897173e-01,-1.879897196544499938e-01,-4.170461163238869950e-02,3.085062694832069741e-01,3.606290543798210124e-01,-2.289083199535955210e-02,7.102052209790025994e-02,-1.525747427262697520e-01,1.424098282897862389e-01,-2.288406840094151240e-01,-1.210930576351214316e-01,-3.569797726415818717e-01,1.406505630277270769e-01,-7.105916531200864861e-02,-1.535841776977838746e-01,1.720893955336354197e-01,1.500337350774004833e-02,-8.791973881779988065e-02,3.528133503835472196e-01,4.739356778697461497e-02,-1.541414092708173755e-01,-1.139512276363778137e-01,3.233719258508679223e-03
1.182054064639869867e-01,9.670838461523663387e-02,-4.262550484679039631e-01,3.174763192942905987e-01,-3.345152865527079578e-01,-2.471084937896800976e-02,2.703142235195503396e-02,-4.479643925550650385e-01,-3.776652928978229684e-01,3.633086888758241817e-01,-2.148171603714872924e-01,-3.103067714127852872e-01,6.075582646129176756e-02,-9.727733465727625428e-02,-1.271833234206204699e-01,2.610524629061766189e-01,1.958517272262394748e-01,3.822501608467715473e-01,-4.015090603178758655e-01,-4.385251224092318600e-01,4.219568195697798868e-02,-3.846531028864163537e-01,-4.435028540760087568e-01,-3.995642596038122968e-02,1.848850654499768417e-02,1.146564438895823421e-02,-3.493366504589226484e-01,-1.255710802342193122e-01,1.110413923280405141e-01,-6.500704412266267163e-01,-3.144886592975316697e-01,-2.662450867485816053e-01,6.912272065650947039e-02,6.494400449429027500e-01,1.688745493370578388e-01,-2.958425110854058238e-01,1.173777316256440495e-01,-1.862356782093329277e-01,3.801680635971849131e-01,1.703138012170545279e-01,-2.342743061937605231e-01,-2.466905264315546464e-01,6.140173626499719761e-01,-3.187565652023237606e-01,-1.818661060288147557e-01,4.546246783387548618e-01,5.093078386315604000e-02,-1.100084270513920909e-01,7.615941559557648510e-01,5.171472297841079868e-01,9.171250505149417531e-01,-4.613264788892297297e-01,-4.833369499514112988e-01,2.434511133768415547e-01,-4.478462122717177807e-02,-3.350760598286232211e-02,2.431852700874490292e-01,6.460372826920285361e-01,6.115991356158696490e-01,-2.163747560689635585e-01,8.066963997435869227e-02,2.820042789970499397e-01,-4.124159448572933262e-01,-4.064446263086450850e-01,-2.185759990098746774e-01,-1.261684408800254620e-01,3.225533179211916290e-01,-3.483977224614751012e-01,-1.144819808314158083e-01,-3.181082754894694054e-01,-1.894627566537800678e-01,-8.966336174610212151e-02,7.304395034451791058e-02,-1.894678061332529806e-01,-3.476217811629119248e-01,-2.005230241742308461e-01,-2.324620138765673416e-01,1.006190345066162034e-01,-3.441976187227452355e-02,-1.141957309076719329e-01,-1.621524866495916151e-01,-1.576050741931312935e-02,-1.190513414436473738e-01,-8.536489082175163778e-02
-1.125548951055657526e-01,-5.126697109068665270e-01,-2.764162295591525154e-01,9.229846760033250108e-02,-3.989214752629908767e-01,-4.155112710855230623e-02,-9.115282138040554927e-02,-3.956972695106610871e-01,-3.350989321521931075e-01,-6.188145352954653455e-02,-2.054251929782257846e-01,-2.557618670145774264e-01,7.247066459438986086e-02,-3.774259966705754143e-01,-2.217363758076130453e-01,3.082984636069412837e-02,3.240572595569616854e-01,1.282583505816624059e-01,8.712957429253052888e-02,-1.280910659718614009e-01,-2.844965749590592230e-01,-4.374753825915658756e-01,-5.441418647894498140e-01,-3.138323412193037010e-01,-2.058661426463991029e-01,-2.463018689575640074e-01,-4.238477379901783859e-01,-6.539224523218463425e-02,-1.658052652276492678e-02,-4.799720126030161405e-01,-2.537829736168197847e-01,-6.455800894104632426e-02,-1.904086704520263906e-01,1.065385961673822879e-01,-4.607270304041388154e-01,-3.479726639646560371e-01,1.313599046828544670e-01,-2.753527294869050901e-01,5.877607393289649984e-01,1.147461550672696905e-03,8.566920662260135710e-02,-3.326881266920417857e-01,6.719309717799752946e-01,-2.483562714875993394e-01,9.298213428546150960e-02,7.622905780712944113e-01,-3.637898260015304946e-02,-3.869607184062269778e-01,5.171472297841079868e-01,7.615941559557648510e-01,6.443243562078145859e-01,-6.037684559591808414e-02,-1.855253862554522293e-01,-9.424259910875347479e-02,-1.880922031151178730e-01,-8.000688957319258832e-02,-7.390220535859902407e-02,6.660723495152014451e-01,4.986878614191087578e-01,-1.002063280572096787e-01,1.834976266463087535e-01,1.382655417518535990e-01,-4.619779338860256768e-02,-1.022735212807717869e-01,-2.321804498008576620e-02,-2.769892008417009222e-01,4.183657924303209041e-01,-3.985095065036112216e-01,-1.780631242413699966e-01,-3.529881353139119327e-01,-2.135627872610347533e-01,1.076837560328960663e-01,1.813849881642535244e-01,-3.678503979151176995e-01,-3.632514209253300680e-02,-6.988493681561680493e-02,-3.544678465210052143e-01,-8.134671229387820113e-02,-1.604820708850491218e-01,-3.350577444223846180e-01,-3.944500606240409213e-01,2.291710057378346654e-01,8.987136778675122728e-02,-3.179948692759540507e-01
1.828765379904088162e-01,1.386163989276588682e-01,-3.921302933657849210e-01,3.436616692609691381e-01,-3.885372153995791389e-01,-1.357225817757510000e-01,-2.412735606446541475e-02,-3.950641445782788752e-01,-3.691067798157173230e-01,4.981729145947290105e-01,-1.675389073571121878e-01,-2.350060929491572248e-01,3.333532230799843982e-02,-1.144566837791372860e-01,-1.095784689308806209e-01,2.788593797665564478e-01,2.236743508938285330e-01,3.521758267188117020e-01,-3.104475889255663423e-01,-2.879696479821655664e-01,-1.499082216391199943e-02,-3.164407158488597438e-01,-4.831882073956115242e-01,-3.002476263344869625e-02,-3.152316933703082358e-02,5.569626539706920565e-02,-3.785828637559330301e-01,5.520086849985150756e-02,1.624213937225158777e-01,-6.600528209854915618e-01,-1.915675094987187577e-01,-2.090938274707058175e-01,1.955946371074775147e-01,7.241791835962682056e-01,1.652065478069869586e-01,-2.825509238149390701e-01,9.264099791285006213e-02,-2.193957516959844645e-01,3.009980505480238655e-01,6.081108659262446934e-04,-1.800549780099690300e-01,-2.460623618390119227e-01,7.931028892887823645e-01,-2.527905319459258227e-01,-1.188505559309410986e-01,4.530210974842763805e-01,9.130118209851172117e-02,-1.223693441890944672e-01,9.171250505149417531e-01,6.443243562078145859e-01,7.615941559557648510e-01,-3.759137714536837094e-01,-4.135937294420508614e-01,1.308940292930077243e-01,-6.612810826375065121e-02,-9.518028473433108594e-02,3.200214373891793196e-01,5.474531118312477851e-01,5.883505496452432482e-01,-2.339461802731820916e-01,2.387083862552968616e-01,1.809852555528852769e-01,-4.336227328181260221e-01,-4.422506017965117664e-01,-1.619342659872883561e-01,-3.448314913979944746e-02,2.774807195842059482e-01,-2.832585757735910370e-01,-7.046381408944568658e-02,-2.682428214190840654e-01,-2.267895233887723683e-01,-1.996469572063955082e-03,1.348670086579904226e-01,-1.358007489629803055e-01,-3.678439165533415878e-01,-6.086614462164435801e-02,-2.402338814501964182e-01,4.191916505640445184e-02,5.491983897821098998e-02,-1.720019793254106977e-01,-1.912531682304895730e-01,1.533140720589660499e-01,-3.154490596197732054e-03,-1.352471571882208311e-02
-2.799620242893768318e-01,-4.263863877211814257e-01,6.557951937545933863e-01,-5.854417415902651162e-02,-1.881433344750659542e-01,-2.555254469469287470e-01,-2.438960719248720044e-01,3.097713474482727269e-01,-2.393209602353798260e-01,-1.310029852707383091e-01,1.931999764361697625e-01,3.124960584689161491e-01,-1.412443313231366016e-01,3.393455709106728002e-01,-3.556231420107566765e-01,-3.368493440641539549e-01,-4.863404233412071953e-02,-2.497729139896132378e-01,9.174301656715079245e-01,-6.109738572543615270e-02,-4.742607636230919410e-01,-2.667376900609627066e-01,2.706565085150834313e-02,1.216513511677982107e-01,-3.753469492401902974e-01,-1.519599079925232077e-01,-3.172175660966795041e-01,1.717450211012080561e-03,-6.660964914888685140e-01,3.363029484897147037e-01,1.625682829602854151e-01,2.477716874547985226e-01,-1.761171460449350301e-01,-4.382090418379194774e-01,-3.980442555587166975e-01,3.453449401754560277e-01,-1.191843790229172168e-01,-3.722613853406526174e-01,-3.677689198109094226e-01,-4.770884778586254038e-01,2.546419836788216262e-01,-1.397725749272901163e-01,-1.721002215079532049e-01,1.850682186978928612e-01,3.302426464623281488e-01,-1.175988751024964613e-01,2.036094457309718109e-01,-3.473170429422548500e-01,-4.613264788892297297e-01,-6.037684559591800088e-02,-3.759137714536836539e-01,7.615941559557648510e-01,2.113204582718630070e-02,-5.021837388795319379e-01,-2.497758493308842587e-01,-6.138469777548388046e-02,2.573584428369213219e-03,-4.516768424746447352e-01,-2.158162548560146055e-01,-3.617529626111807284e-01,-4.833191911116364869e-02,-5.629522539506545131e-01,2.936904296791885693e-01,-6.574090569245252813e-02,1.168553176498187962e-01,-2.712212195080735411e-01,-4.179367717467197263e-02,-1.892617849251669038e-01,-4.897877496045752177e-01,-3.406504681282682134e-01,-9.791914668946637146e-02,2.119177744754800474e-01,-1.409895984347792897e-01,-3.491475745718548157e-02,3.005253015717498366e-01,4.279849706463996484e-02,-1.178462168523086856e-01,-3.127564346789337701e-01,-3.530304744100736802e-01,-4.355402252860989254e-01,-1.489747871455805121e-03,1.236467312718622646e-01,-2.090186508599063131e-01,-2.705782011691204234e-02
-2.004160493095276940e-01,-2.211071456640297528e-01,1.529871220306592561e-01,-4.748163649154378378e-03,1.466568490846129891e-01,4.160254668183110960e-02,7.276571018082721165e-02,3.650356069384980400e-03,3.771752976972682081e-01,-8.907450780053387251e-02,7.598456082201507367e-02,4.398960280279451407e-01,2.287191727564531762e-02,3.469216933360153021e-01,4.251429249309570113e-01,-4.524482401069025994e-01,-7.139047687736811698e-02,-3.412597952856378236e-01,-1.058812482970244162e-01,7.115728958935824133e-01,-2.651267619491054495e-01,3.440857280388885941e-01,-3.017895322827304425e-03,2.122399901264275801e-01,-1.841019713942231295e-01,6.225257879604446931e-02,1.796610127177037941e-01,1.749266275528137404e-01,-1.168616366792159383e-01,5.446577871412686678e-01,2.276822601531548473e-01,4.311012180690883544e-01,-8.063037118683714227e-03,-3.634729642776114988e-01,-1.515584296596937108e-01,2.059420026268221071e-01,1.866667524427453873e-02,3.238916215698561252e-01,-2.197692608720747641e-03,3.029718724132620666e-01,-1.678846097706896074e-03,3.272928903935941602e-01,-1.890428660567740060e-01,2.501182821437615833e-01,2.976024271156706424e-01,-9.383326310354359046e-02,3.178666497588289452e-01,4.603584398820931289e-01,-4.833369499514114653e-01,-1.855253862554521183e-01,-4.135937294420508614e-01,2.113204582718625907e-02,7.615941559557648510e-01,-2.429720320683535772e-01,7.134023934387447863e-01,-4.744528281044495255e-02,-1.341847194975838153e-01,-2.101070048109624777e-01,-4.133559159309659753e-02,3.655443158515899738e-01,2.217719430264360470e-01,5.986293112190069904e-02,3.252208422744237160e-01,3.532756200430719473e-01,2.990576989773803818e-01,2.106424287084610880e-01,6.439269510718319267e-02,2.081179359324158637e-02,-1.333644055283703667e-01,8.027887593918514586e-02,-1.257256123651262214e-01,1.779115366897296713e-01,-1.699174213472286199e-01,3.192995188073216029e-01,1.505651827861264058e-01,-2.242537980730011701e-03,2.114266133105967282e-01,-9.134580769705695491e-02,-8.967107455353448553e-02,1.766200717044278945e-01,-9.790367059196579402e-02,9.512700974222310091e-02,1.504199657794327571e-01,-6.841322960178797263e-02
-2.818682067608307418e-01,3.686515373743352586e-01,-2.707240729114032129e-01,3.700992218648872512e-01,-5.651205999402428987e-02,-1.934343316715608774e-01,-2.343811789839256310e-02,-5.498844214070415168e-03,-2.388374359219957652e-02,-7.515670278575872776e-02,-6.979626021254642376e-02,-2.016231654032382692e-01,-2.169033328297888252e-01,-1.720590761467893637e-01,2.335290974055462265e-01,-8.325009848265572943e-02,-2.797539434327691033e-01,-2.460539618017753283e-01,-4.733883882524289599e-01,-2.877840143379272186e-01,6.181314480040042136e-01,-1.264905098526192539e-01,-9.548606286640770602e-02,5.702519221580739511e-02,2.667867792349797387e-02,-1.267137638309825676e-01,4.138609915257129152e-02,-4.332687561215711053e-03,5.671457229417673634e-02,-5.321308426844890693e-01,-3.573746565452211033e-01,5.370177014844899899e-02,3.034674594942192161e-01,1.421181093106969051e-01,4.229906637542722447e-01,-7.910396368297707703e-02,4.512302564929479565e-01,9.040598964597931775e-02,2.611521245558630633e-01,7.034809680873790882e-02,1.864390526992658059e-01,3.641808504770959604e-02,2.001180977671929984e-01,-1.954961212784387947e-01,4.897487140585064433e-05,-1.224844963359675819e-02,-5.659767324875640548e-02,3.880370763548060542e-01,2.434511133768415825e-01,-9.424259910875347479e-02,1.308940292930077520e-01,-5.021837388795319379e-01,-2.429720320683536050e-01,7.615941559557648510e-01,1.809036403323920073e-01,3.719405291706975869e-01,3.687697871513355152e-01,4.298397990862526385e-01,3.534442630339054703e-01,1.068992164279381624e-01,-1.065484206883000884e-01,3.853577646268595003e-01,-3.580207909799684729e-01,-2.799412352450461050e-01,1.402490844948163333e-02,8.814558097679936477e-02,2.984210628453668468e-01,-3.763483257826140127e-01,-1.506311933171733120e-01,-2.830132673365968188e-01,-1.002599603449779997e-01,5.201496056219564318e-02,-1.807665585395795693e-01,1.124318342861191644e-01,-4.541885072080123487e-01,-4.116147010336892315e-02,1.246731359724706327e-02,1.138697860060068623e-01,-1.539842276134718302e-01,-1.619197213327979445e-01,-9.188045136187071582e-02,1.733620245539286009e-01,-2.065381351331736504e-01,1.071013563277959935e-01
-3.257787675521952031e-01,1.624832569742175881e-01,1.058863951166438486e-02,1.290387034024359503e-01,7.783665771382081155e-02,-8.981540845174640353e-02,1.378841519601264887e-01,-1.918097003289299662e-01,3.835884886402855520e-01,5.168682265631500267e-02,6.915879752364481603e-02,2.264286061719505694e-01,-4.368308948976005329e-02,2.260490268499839028e-01,5.328561793322953433e-01,-3.435810441612336397e-01,-2.122265152686286238e-01,-3.084963603577222102e-01,-3.684424428408510921e-01,5.126350444659618644e-01,9.352774324911523884e-02,4.354222114579281988e-01,-1.748021378405113790e-01,2.785797207551821697e-01,-1.359305109820191926e-01,3.332010748981319159e-02,1.891064373078392424e-01,1.923094695680906685e-01,2.416926028366803147e-01,2.207890747224573180e-01,-2.778492919341052705e-02,5.253172696583139345e-01,3.433688568373460814e-01,-6.662468791905339083e-02,2.884882117943786684e-01,2.021742289402579384e-01,1.656960891296837754e-02,3.258035335783641129e-01,2.306936823149230084e-02,3.865659573856626841e-01,-1.434089445550114084e-01,4.003362160331778163e-01,1.351531051976356292e-02,1.778236224988393455e-01,9.456133001693159401e-02,-5.209034931655563867e-03,2.355514581545327668e-01,6.393230387690023164e-01,-4.478462122717168092e-02,-1.880922031151179286e-01,-6.612810826375063733e-02,-2.497758493308843142e-01,7.134023934387448973e-01,1.809036403323920073e-01,7.615941559557648510e-01,-3.729051468851746209e-02,6.002736782091950413e-02,2.868339700386757923e-02,2.397446089148592696e-01,3.758009125967082253e-01,3.624982274708926644e-01,4.412093673480120271e-01,-2.728877298810306398e-02,1.520173302077807709e-01,3.863369798053649107e-01,4.645242931827177624e-01,1.792467977954798619e-01,-2.138942891652632211e-02,-1.580411881988703915e-01,6.692910969159332479e-02,-2.144191316010747306e-01,7.157749521171812013e-02,-2.532984568416312143e-01,2.690800286104455541e-01,1.479687293748549459e-02,-1.215485816519466800e-01,1.313153362993535467e-01,1.491745165381821725e-01,-8.641689664657230263e-02,3.364896752148632264e-01,2.957094172324139375e-02,1.175761493327401319e-02,-4.052499194311200148e-02,-2.580482005028552836e-02
-2.982006897031083681e-01,-1.062440994347572942e-01,1.748592902048936581e-01,4.536807663466636831e-02,-2.148796561988833009e-01,-3.686268596779612716e-01,-5.463489954720003317e-01,1.198327099887578767e-01,-1.302542112458901155e-02,-5.405325322761392881e-01,-3.630778667574714735e-02,-2.626007436229003955e-02,-3.685106214438844674e-01,2.244099962855838348e-01,6.782440376769002799e-02,-4.847432421750386689e-01,-4.794182576490322867e-01,-5.508908320608004727e-01,-1.079511057871886254e-01,-6.123451391528510895e-02,5.169205951813999472e-02,-3.842162610157537905e-01,2.861843843035442592e-01,9.985312755364661452e-02,-3.322610046556498942e-01,-3.987470869309377997e-01,-7.496374027201628543e-02,1.171550770213685283e-01,-3.197640193754726634e-01,-6.723269285918652416e-02,-1.433732419569999639e-02,1.218835188778224637e-01,-1.308418727421684080e-01,1.039819703183802180e-01,-2.045886003712731049e-01,2.939530299203601538e-01,2.604251205244843548e-01,1.219501901095326191e-01,4.987930639980182601e-01,-4.567474661475646319e-02,6.994044982948280920e-01,-9.372467919401973602e-02,-3.868303345875410276e-02,2.529165201499194646e-02,4.926694616074401289e-01,2.127605124396491076e-01,4.502584585043549192e-01,1.515404412293618330e-01,-3.350760598286230824e-02,-8.000688957319260219e-02,-9.518028473433114145e-02,-6.138469777548393597e-02,-4.744528281044499418e-02,3.719405291706974204e-01,-3.729051468851742046e-02,7.615941559557648510e-01,2.451514967036944326e-01,2.109428029525916015e-01,6.089194202436219033e-02,8.621120244683123934e-02,1.418692836422186521e-01,-1.751970156423036246e-02,1.913078327728592598e-01,1.445890329726155499e-01,6.900596837371479608e-02,-2.102864390671184136e-01,3.035925047496566553e-01,-2.385850827209279879e-01,-2.139569245545615284e-01,-9.157171302183747530e-02,-1.202303339241112684e-01,-4.657747289201038393e-02,-2.066328374820374791e-01,1.279802359223289887e-01,-1.249006271637098098e-01,8.068317222448533055e-02,-2.325155616082564825e-01,1.849558335489454308e-01,-1.360209063242996119e-01,-8.023212410381624915e-02,-3.051216200028983305e-01,1.686078565336718016e-01,1.723241394844176044e-01,1.774625983796300766e-01
1.175482454786500736e-01,4.330725909527868844e-01,-2.620613682484325413e-02,3.766259875749793928e-01,-3.952673263590438801e-01,-2.947794001302739622e-02,-2.769908906723954067e-01,7.526223217722879943e-02,-1.881047224468660739e-01,2.147381639443783907e-01,-6.669699465713681275e-02,1.749887896354346828e-01,-4.958384255642044047e-02,-8.000513836018095792e-02,-2.861034481353166292e-01,1.814234722129423050e-01,-1.330509374555930435e-01,9.188276613003487636e-02,1.924813133639713923e-03,-2.793407198516107415e-01,2.963233571355567419e-01,-2.139596769514801045e-01,5.722048362842730232e-03,8.235165118234656356e-01,1.961442543482955492e-01,2.420659791411802486e-01,-9.645602959635232732e-02,2.287564070493543489e-01,-8.089623991293291849e-02,-9.483880895598041649e-02,1.157778257271336458e-01,4.765993447311460407e-02,3.218138060173644233e-01,1.354343346799638803e-01,4.761271936173029906e-01,1.827577639174051138e-01,1.205737245026459320e-01,-2.039280915393605065e-01,1.364613022102521556e-01,-1.650415799560167873e-01,2.848643213788962791e-01,5.113371919915389585e-02,2.444507768360819899e-01,-4.666996090896113891e-02,5.338624877653256329e-01,1.166683471064064309e-01,-1.077939415102646854e-02,-5.849578109880439886e-02,2.431852700874490014e-01,-7.390220535859901019e-02,3.200214373891793196e-01,2.573584428369185464e-03,-1.341847194975838709e-01,3.687697871513355152e-01,6.002736782091949025e-02,2.451514967036944881e-01,7.615941559557648510e-01,4.299515248826161762e-01,5.476581605324396529e-01,-1.319914411617077177e-01,2.485213138412235290e-01,6.731353750174620676e-02,1.278307258516157008e-01,-2.922526457630419960e-01,1.706860306277618033e-01,3.010447282259784973e-01,2.677361227725117421e-01,-2.007345039803047071e-01,-9.370989212498119503e-02,-1.624797437738400852e-01,1.571781913201360237e-01,1.313627996077895432e-01,-1.366279227382537209e-01,2.542734236863027908e-01,-1.327446423466957515e-01,9.564692104927795258e-02,-2.529702256119532172e-02,1.360283125770758439e-01,-1.757060622403075869e-03,-8.607386478172969480e-02,4.670741589256875020e-02,1.775970050192055283e-01,-1.502685100134098783e-01,2.432202225676640128e-01
-1.802426688102147789e-01,-1.928034706364610273e-01,-3.437724361097462267e-01,2.501934425426942110e-01,-4.744958580570434736e-01,-4.120518392257097040e-02,-2.174645911676974797e-01,-4.066399758696561673e-01,-2.095114289017492304e-01,9.066220049597704944e-02,-2.546311438231757540e-01,-3.269211607953327881e-01,-2.538365151594805871e-02,-2.432599616897438699e-01,-1.372328588626213208e-01,-1.504931836429908125e-02,6.401296422717631107e-02,-2.286228989257233640e-02,-3.756116992375894137e-01,-2.760808784224940138e-01,7.692062542020582094e-02,-4.957679062508720258e-01,-4.124889696276532458e-01,2.098141894589642537e-02,-6.731910227902834776e-02,-3.140011282878935606e-01,-3.758359572349398436e-01,-8.847790632048838089e-02,-7.660023394880971503e-02,-5.806624187241692381e-01,-3.853156094499405326e-01,-2.722605038163529098e-02,1.963472697567174644e-02,3.564688543201411930e-01,-1.532700581502068615e-01,-1.488408674326064385e-01,3.177123333516716497e-01,-2.016825630738678654e-01,6.741725209260566176e-01,8.175522986318106700e-02,1.421705197776480800e-01,-1.285772843667433996e-01,6.544826270883167263e-01,-2.770089467759105917e-01,2.460567177775857539e-01,5.995684461974164492e-01,-6.518666681321762246e-02,-1.297601432679317546e-01,6.460372826920284250e-01,6.660723495152014451e-01,5.474531118312477851e-01,-4.516768424746446797e-01,-2.101070048109624777e-01,4.298397990862526941e-01,2.868339700386755148e-02,2.109428029525916848e-01,4.299515248826161762e-01,7.615941559557648510e-01,6.750084968515455142e-01,-4.881676255889928762e-02,5.507560318819882533e-02,3.425663790105580309e-01,-2.293206082086006181e-01,-1.325606501367981860e-01,-1.934985624661648626e-02,-4.881904786681181413e-02,6.323927561463718039e-01,-5.751550438754501338e-01,-2.112143301365111414e-01,-4.478029584309928257e-01,-2.415811082331802973e-01,-4.226751297631163584e-02,-6.113866108870073812e-02,-3.361311206972322774e-02,-3.152558299200373115e-01,-8.497178771049365698e-02,-2.700698675232416912e-01,2.206953571114074197e-01,-1.989975717447206582e-01,-2.620317630907587070e-01,-2.809657112305891657e-01,9.237484515601442070e-02,-5.809073552947158214e-02,-2.767988449664353715e-02
-4.604265019793783026e-02,4.660431348254077955e-02,-1.682336256994088619e-01,2.392672647356278992e-01,-4.963734395285919754e-01,-3.207722344523012553e-02,-1.850289808968343386e-01,-3.000728502681401233e-01,-3.335362477091342592e-01,2.068599698554409450e-01,-1.405477340254275564e-01,-1.604637044612938768e-01,1.371378817940533401e-01,-1.725372898051319159e-01,-2.050475400028677064e-01,5.268292372622868786e-02,1.626710065947419293e-01,7.821608646704170109e-02,-1.834300603032830712e-01,-2.761580724806216303e-01,1.114070169552659750e-01,-3.580644311777986255e-01,-3.639911007103630580e-01,3.014420280251425832e-01,-9.429223981218277928e-02,-2.459195899633334279e-02,-4.103264738218543872e-01,1.341124164370168237e-01,-5.184415392424198549e-02,-4.179331978534407410e-01,-1.848507249132680663e-01,1.547234332220066844e-01,7.431352656148292046e-02,4.396946567088272362e-01,2.191641610323200318e-01,-5.108732854594709438e-02,9.596913957419066221e-02,-2.740010765331381548e-01,4.533450639623318179e-01,4.836227204057165496e-02,3.552794585841098640e-02,-5.215677458860775578e-02,5.010406685169510599e-01,-2.458167561566905190e-01,3.158722996396206573e-01,5.843453811415449950e-01,7.505020295330387670e-02,-8.248476408662788750e-02,6.115991356158696490e-01,4.986878614191087578e-01,5.883505496452432482e-01,-2.158162548560146332e-01,-4.133559159309660447e-02,3.534442630339054703e-01,2.397446089148592974e-01,6.089194202436205156e-02,5.476581605324396529e-01,6.750084968515455142e-01,7.615941559557648510e-01,-9.651756784137849321e-02,2.035974028867096330e-01,2.499452247225317225e-01,-1.244832077627468642e-01,-2.191879248718920647e-01,1.444883930780573589e-01,7.874746482011862891e-02,5.757465629302938037e-01,-4.087326384492224185e-01,-1.620060741684720973e-01,-3.701720219337066298e-01,-5.701872327263279167e-02,-5.218652354939141286e-02,-1.462300871970986793e-01,-4.143987648691511982e-02,-3.535812969851521714e-01,-5.894696323387770172e-03,-2.175376553824936166e-01,2.360157238286760828e-01,-6.305352246883924594e-02,-1.832310301172009048e-01,-1.505960498569148265e-01,1.441868835030734597e-01,-1.000533101868510411e-01,-2.751581476464315737e-02
-2.669185983839622578e-01,-1.697723187412075174e-01,-1.304898174620221785e-01,7.156411723571860783e-02,4.051985209175339858e-02,-2.226934955535860572e-01,1.548486399045176376e-01,-2.403515661215308574e-01,5.334565995690431217e-01,-1.134561048676746703e-01,1.595254250516354652e-02,1.010999622040041623e-01,-1.958926369859655681e-01,-1.393473732399332365e-01,3.561178950088931261e-01,-4.614500838046550757e-01,-3.361958365288673645e-01,-3.595638262785197936e-01,-4.568359534255894139e-01,3.849823036915513141e-02,-1.382525389319368969e-01,-1.124005373725245754e-01,-2.169633788666815444e-01,-6.142389472713309650e-02,-3.247340542484570269e-01,-2.729049589407379628e-01,7.228753449826477162e-01,9.557604957918932470e-03,1.184048611641473625e-01,1.872767641108761261e-01,-7.752070280854866935e-02,7.712070616168577308e-02,-1.232064977950029505e-01,-1.509790674036474711e-01,-1.323989430779307364e-01,3.696067335284514144e-02,1.736109569829475952e-01,4.700704804652424129e-01,1.623163576495575133e-01,6.389527355834031530e-01,-3.278778997156149566e-02,6.093886341854503064e-01,-6.013740924803829407e-02,1.646807862863674254e-01,1.531650394795394943e-01,7.630277836659299373e-02,1.550967772820402157e-01,4.332016606576827300e-01,-2.163747560689636695e-01,-1.002063280572097342e-01,-2.339461802731820916e-01,-3.617529626111807284e-01,3.655443158515898627e-01,1.068992164279381624e-01,3.758009125967081698e-01,8.621120244683107281e-02,-1.319914411617077177e-01,-4.881676255889928762e-02,-9.651756784137842382e-02,7.615941559557648510e-01,3.676972896908972666e-02,5.117283909395242691e-01,1.465066927561358423e-01,3.072364330005654676e-01,-8.172827115072710258e-02,-7.096946077945440190e-02,1.751137006849007305e-01,-8.659318722748500508e-02,-3.691177343320190679e-02,-6.473521121245315313e-02,-4.260566905200933174e-01,-6.514905939207395191e-02,-1.523181795008514139e-01,3.257051425826898994e-01,-9.554672832675249750e-02,2.791197911266656700e-02,7.083896975772979894e-03,1.859513179519435289e-01,-1.145617761444597121e-02,8.259111410922832797e-02,-1.698735974265730975e-01,9.164701344595828358e-02,7.050591483469409448e-02,6.015080553061611518e-02
-3.546145323070935829e-02,1.391322593089297510e-01,5.903362292455043014e-02,1.612494799832913661e-01,-1.738767025435887237e-01,-9.538847537252484465e-02,-6.926606544853008973e-02,-6.380061047853402556e-02,-1.660733238042185964e-02,-1.203601984897672700e-01,2.526632689017846781e-02,1.792879128370329922e-01,2.159064664640190923e-02,1.103883887227293109e-01,2.130898560257336594e-01,-1.910486884763153148e-01,-1.565293847479142797e-01,-2.864868520857805079e-02,-9.749222323495244924e-02,3.492119131429775591e-01,-1.507384359823831788e-01,1.603424036091408988e-01,-7.855274155185947016e-02,2.458485275392814084e-01,-2.260466535671800670e-01,6.251808909775533052e-02,-2.274021691369841613e-02,7.644035876805069796e-01,1.586923775528493452e-01,2.172416725286845663e-05,2.831748525111347781e-01,5.735392728721817601e-01,3.103077162092978680e-01,-4.171199271193062885e-02,-9.243345353314225132e-03,6.206581139774838829e-02,3.257653394398597746e-02,1.012358421484995663e-01,1.237639213730785809e-01,7.363489805162218294e-02,2.137555581246904368e-01,1.601711952610850725e-02,2.425351300149432288e-01,2.482767688907497883e-01,1.567908203497174469e-01,2.365940014822598414e-01,2.748591239544548870e-01,1.201490103296428968e-01,8.066963997435869227e-02,1.834976266463087258e-01,2.387083862552968061e-01,-4.833191911116366951e-02,2.217719430264360747e-01,-1.065484206883000606e-01,3.624982274708926089e-01,1.418692836422186521e-01,2.485213138412234180e-01,5.507560318819876982e-02,2.035974028867096330e-01,3.676972896908972666e-02,7.615941559557648510e-01,1.381603029548708061e-01,1.558317550232234117e-02,-1.562587042621184641e-01,4.249106580172954395e-01,3.150072741453738279e-01,5.512953881051046306e-02,-2.728872733957211916e-02,-2.194693188346784618e-01,1.003361177638062568e-01,-8.677796453592663550e-02,2.359215173692791045e-01,7.436383105596598708e-02,2.223336262580535017e-01,2.349970989562809587e-01,5.365479082495058782e-03,-1.757636699098707317e-02,-9.203302145146291524e-02,-1.023940023893103318e-01,1.616869948196693607e-01,-1.976733994935608307e-01,2.909326814311971043e-01,1.998398111974448166e-01,1.728387470243833435e-01
-3.038703832577909769e-01,3.927701186891247032e-02,-4.251586607276112151e-01,2.459247750500805352e-01,-1.264479721269117507e-01,-1.425596252018890009e-01,2.028699453430339861e-01,-4.954444445184366108e-01,-8.420649532584057254e-03,-3.612217378063722895e-02,-2.460511852293508495e-01,-2.500607211692643106e-01,-1.485715378559939459e-01,-3.842441480494090955e-01,2.250482061027559433e-01,-2.664692328331502713e-01,-2.116966044740298536e-01,-2.135380335785400374e-01,-5.812736978180590430e-01,-9.044478081763296373e-02,2.457794442924199005e-02,-1.602133092439343431e-01,-4.162091740362828252e-01,-9.391404625660013106e-02,-2.433900955260968335e-01,-2.777509880874082793e-01,2.485424887344767908e-01,-1.440854552807297462e-01,3.439774587240124748e-01,-4.495744649089503109e-01,-3.205595407802588337e-01,1.333923951274187392e-01,1.377870543788139446e-01,-1.981872674691327260e-02,6.930226440265707666e-02,-2.276904798868964741e-01,2.830550233498878021e-01,6.123967048593336598e-02,2.677282595976278601e-01,5.072409677972853359e-01,-2.530122380664354131e-01,7.153552807750317155e-02,1.795722714691130317e-01,-2.828224459971035998e-01,-1.521830828631187682e-01,1.430067648627999233e-01,-6.198125102377250589e-02,3.825475334635897728e-01,2.820042789970499952e-01,1.382655417518535990e-01,1.809852555528853046e-01,-5.629522539506545131e-01,5.986293112190069904e-02,3.853577646268593893e-01,4.412093673480120271e-01,-1.751970156423029307e-02,6.731353750174619288e-02,3.425663790105580309e-01,2.499452247225316670e-01,5.117283909395242691e-01,1.381603029548708061e-01,7.615941559557648510e-01,-3.272318724299999038e-01,7.851214682097526487e-02,2.189194961341284218e-01,2.301422936789533080e-01,2.352575222931240495e-01,-3.279672091676639201e-01,-2.086298540440784111e-01,-2.784729296401147192e-01,-2.134640515924991488e-01,-6.944968150775865379e-02,-1.948247727969983356e-01,-3.390584753504104903e-02,-2.367759804028855553e-01,-3.825678997935003656e-01,-1.869631993580585516e-01,7.282875069054925432e-02,-1.776640134695471607e-01,1.998950785709063122e-03,-1.374473826867792237e-01,3.718190536657390438e-02,-2.051561617687552574e-01,-9.488918839591618803e-02
-1.417845577576602456e-01,-3.986317127955649187e-01,2.456043164084683317e-01,-3.904289309140020897e-02,-1.640049319003082096e-01,2.451010313787203160e-02,-3.982513890970219017e-01,1.930853185140364581e-01,2.369592511479841623e-01,-3.263584632977766797e-01,-1.957606884575198436e-02,2.802115116630445879e-01,2.156727823318416691e-03,2.271318542235578886e-01,-5.399089311151948102e-03,-3.805135911796284631e-01,-1.766309268995198134e-01,-3.376549795219910832e-01,2.120400819123624547e-01,1.693761605386429892e-01,-3.701311334602167546e-01,-2.464503555127592060e-01,1.957181067316843270e-01,2.324500449156275961e-01,-2.610064293813330605e-01,-7.822534390936436433e-02,-1.361493352782657817e-01,8.250653597012481966e-02,-5.131225246735758860e-01,5.855014224405999945e-01,1.147631683803359975e-01,2.073394707956083272e-01,-3.141824607472382125e-01,-3.637307109268000938e-01,-4.505315537063928066e-01,7.816904493583388958e-02,8.723275376405568993e-02,1.645625136186213977e-01,2.482111769357319905e-02,5.637228829805075725e-02,3.674943964632093052e-01,2.234416629732166870e-01,-1.991698091551389327e-01,8.056520100863094613e-02,5.578692842889803050e-01,1.975125402383048900e-02,2.778960034941210244e-01,-1.879897196544500215e-01,-4.124159448572933817e-01,-4.619779338860256074e-02,-4.336227328181259666e-01,2.936904296791884583e-01,3.252208422744237160e-01,-3.580207909799683619e-01,-2.728877298810306398e-02,1.913078327728592598e-01,1.278307258516156730e-01,-2.293206082086006736e-01,-1.244832077627469474e-01,1.465066927561358423e-01,1.558317550232231341e-02,-3.272318724300000148e-01,7.615941559557648510e-01,3.659385589903666469e-01,1.483253079643541139e-01,-2.677908382838407597e-01,2.131892995970095100e-02,-1.835991925760807053e-01,-5.798744480077811479e-03,5.597979105388781879e-02,1.192826323243213749e-01,1.343031408761442558e-01,2.280168481075040693e-02,7.274709528638687375e-03,2.386110155800562627e-01,1.624118246604957239e-01,-5.984846208147508173e-03,7.011795426865509440e-02,2.191234408253510749e-02,-7.978765064197476664e-02,-9.425582272520846572e-02,2.984791773027715145e-01,1.766925547680396891e-01,-2.044338329410901739e-02
-1.262153343574104192e-01,-1.048802904462512314e-01,7.124127233771977707e-02,-4.073207916674818074e-01,1.383722978740111742e-01,1.381817641577852140e-01,1.151447063933195569e-01,-3.678302631313248861e-02,2.448879649650336776e-01,-3.671772685210594744e-01,-1.150777647193505226e-01,-1.065375059026324733e-01,7.940089615170695114e-02,-1.157119401974165684e-01,4.033896896025303269e-02,-2.770430810515961406e-01,-9.973185721238254919e-02,-2.841514249192064745e-01,-1.452567796801802480e-01,3.412428381889198170e-01,-2.792093094129613484e-01,5.339287445587390102e-02,1.323541773247398634e-01,-1.948827216398824336e-01,-2.022937867581617033e-01,-1.702261898108053118e-01,2.571749952033442477e-01,-1.577110665004549106e-01,-1.072152484727407346e-01,2.864568989854556769e-01,-4.636533310002342867e-02,-7.813564513052448021e-03,-2.903039056657020778e-01,-3.269093988977070375e-01,-2.236911307198707899e-01,6.916316650122054932e-02,2.538857834027583721e-02,2.755445682290713072e-01,1.128188870456062892e-01,3.866284564832451753e-01,1.096239144353133022e-01,2.202457533296866554e-01,-2.593172310290874361e-01,6.999805508465051229e-02,1.317503821748412969e-02,9.432974311950688417e-02,-8.736018121969797712e-02,-4.170461163238867175e-02,-4.064446263086451405e-01,-1.022735212807717869e-01,-4.422506017965117664e-01,-6.574090569245250038e-02,3.532756200430719473e-01,-2.799412352450460495e-01,1.520173302077807986e-01,1.445890329726155499e-01,-2.922526457630419960e-01,-1.325606501367981860e-01,-2.191879248718920647e-01,3.072364330005654676e-01,-1.562587042621184086e-01,7.851214682097527875e-02,3.659385589903666469e-01,7.615941559557648510e-01,-3.250456172430429835e-02,-1.063728249078907534e-01,3.438945608691474504e-02,-1.529015499098135278e-01,-1.266401450095313852e-01,-1.577410239086817281e-02,1.215722536017177155e-02,-1.689394323438365292e-02,-3.880893437624394898e-02,-2.852685358013621886e-01,2.094158200561931915e-01,2.444056975929419576e-02,1.033145848231501185e-01,-1.152511007900965806e-01,-4.134452855157227241e-02,-1.756397204595703740e-02,1.495669459611325969e-01,-1.805470190661758942e-02,1.417080073041822597e-01,-2.525198127904831891e-01
-3.671731262360844461e-01,1.500991453373758389e-01,4.580302042078950725e-02,-2.349932935430688527e-02,-2.452775583729489006e-01,1.205234935659506811e-02,-2.121234833098012973e-01,7.016433625821426323e-02,-8.393540409544993086e-02,-2.721990647624629167e-01,-8.025463875393950078e-03,1.023729750940768207e-01,-1.359325712069263392e-01,1.322365802337721608e-01,1.941265370243910326e-01,-3.419416796300221995e-01,-2.658026494951075680e-01,-3.342340911062347542e-01,3.889055954616871952e-02,2.440724396024166187e-01,-4.346658808055729739e-03,7.757126359458790810e-02,1.292978643401774264e-01,2.513528593651937482e-01,-1.461300053003078137e-01,1.178665466456692845e-01,-9.011486979446906020e-02,1.650845433851012567e-01,-6.165590524834172956e-03,1.754662947371600223e-01,-1.077898837304661767e-01,8.930713103149990895e-01,2.165494977124108322e-01,-5.603930667093467433e-01,9.147136265156447302e-03,3.648107590540462103e-02,-3.338575098734167246e-02,-1.449987896933615794e-01,-4.041856574227687543e-02,-1.212204630845027803e-01,1.002207803410592596e-01,-1.079930474041420757e-01,-2.013665547084992069e-01,1.853761097929753710e-03,1.299190116110331694e-01,-1.381022586175261468e-01,7.309466987769656920e-02,3.085062694832069186e-01,-2.185759990098747052e-01,-2.321804498008576620e-02,-1.619342659872883561e-01,1.168553176498187685e-01,2.990576989773803818e-01,1.402490844948161945e-02,3.863369798053649662e-01,6.900596837371475445e-02,1.706860306277618033e-01,-1.934985624661643075e-02,1.444883930780573589e-01,-8.172827115072710258e-02,4.249106580172954395e-01,2.189194961341284773e-01,1.483253079643540862e-01,-3.250456172430429835e-02,7.615941559557648510e-01,4.598799274602084486e-01,3.802714761781640640e-02,-6.590024405359277970e-02,-4.098367111437385413e-01,-1.266945260579858956e-01,-3.539222032003835894e-02,7.566411748071492915e-02,-2.911222379430160045e-01,-1.120704956007125136e-01,2.556679390786423811e-01,-3.078125958843900833e-01,-1.244381555473166173e-01,-1.244355866185185150e-01,-3.065735328983169583e-01,1.241114134866665303e-01,1.070529430781653191e-01,-1.161461794225054808e-04,-1.826332056290536354e-01,-1.255882834035402518e-01
-5.699651530735925370e-02,5.935115714870313752e-01,-4.827665840459716140e-02,3.381645104320889494e-01,9.762316191187622727e-02,1.110915326454831042e-01,1.045074781798878832e-01,-1.788199787449629985e-01,7.388367836727351146e-02,2.128684491957110736e-01,5.487956401832265593e-04,-4.638217838222014403e-03,-4.116030638449840427e-03,-5.970324882942842915e-02,2.075820929214487465e-01,1.452791891698866460e-02,-2.425304146667663086e-02,2.430326912831361208e-02,-2.814411180390761213e-01,2.530349593119302076e-01,1.690384499819502229e-01,3.742439765342916447e-01,-1.302099726379939704e-01,3.149839282086071002e-01,9.687253665794172408e-02,2.543275225066864986e-01,5.301831293928549460e-02,1.022283258849003423e-01,2.311673101173411515e-01,-1.587722579192816785e-01,-2.646862618942718084e-02,4.233996097689820548e-01,7.887809447738511892e-01,-1.862797114796741482e-01,4.977054210218960217e-01,1.561990712314481611e-01,-1.322399290575157482e-01,-5.079823743510911149e-02,-2.821839274850421186e-01,-1.157651743754037205e-01,-3.587234298886868844e-01,1.172602705524377065e-01,-5.632738167518289152e-02,3.026147161668395549e-02,-2.329977401472798360e-01,-3.402750195048314663e-01,2.040421186074023972e-03,3.606290543798210124e-01,-1.261684408800254620e-01,-2.769892008417009222e-01,-3.448314913979950297e-02,-2.712212195080735411e-01,2.106424287084611158e-01,8.814558097679935089e-02,4.645242931827177624e-01,-2.102864390671183858e-01,3.010447282259784973e-01,-4.881904786681180025e-02,7.874746482011858728e-02,-7.096946077945451292e-02,3.150072741453738834e-01,2.301422936789532525e-01,-2.677908382838407597e-01,-1.063728249078907950e-01,4.598799274602084486e-01,7.615941559557648510e-01,-2.327259346495961223e-01,-2.783243336614973223e-02,-2.694212176470224818e-01,-1.977626136292780501e-01,1.313793071310879190e-01,2.399845310206626114e-01,-2.152312097117365375e-01,-4.986862815550333755e-02,1.346738937753313159e-01,-2.599703549942464775e-01,8.694688458537312703e-02,1.525875004691099740e-02,-1.382995904704048817e-01,1.521928072131321051e-02,3.403441411715683595e-01,9.347906920185264368e-02,-3.020417255984016447e-01,1.429427171712361645e-02
-1.771531654630090213e-01,-2.707313645830493054e-01,-9.771204989187509682e-02,-6.673564514027911787e-02,-5.863922867317427068e-01,-1.172268518965567385e-01,-2.639373166169661777e-01,-2.110225926784852213e-01,-3.545642749851871112e-01,-1.181128780935870176e-01,-1.965641650739589075e-01,-1.061902709913098708e-01,-1.578715304408575826e-01,-2.058723263015619365e-01,-6.919237315611219408e-02,-2.072033060300749463e-01,-1.811433991800515814e-02,-1.442714630402774922e-01,-2.809089195963605443e-02,-5.808629246282869668e-02,-5.857311127264637485e-02,-3.511398659753852680e-01,-1.589575902946714636e-01,4.811894132113885003e-02,-1.546518388366505958e-01,-2.476300843830821219e-01,-2.505317546838895515e-01,-4.046331351642637464e-02,-2.923625124083752969e-01,-2.464794762538325690e-01,-5.076500953167765173e-01,8.822666618051423770e-02,-2.980516365712159721e-01,1.666009978248785273e-01,-2.085662378744190248e-01,-2.030778421981695447e-01,1.399858960473951246e-02,-3.674806971824887691e-01,5.198083491992480099e-01,-5.887421623308537050e-02,3.000636669806264201e-01,-1.555995610305226373e-01,3.652083597646488267e-01,-4.109390890338271429e-01,3.031507765720321546e-01,4.507067982489123548e-01,-1.749902673133769127e-01,-2.289083199535958679e-02,3.225533179211916290e-01,4.183657924303209041e-01,2.774807195842060037e-01,-4.179367717467197263e-02,6.439269510718319267e-02,2.984210628453667913e-01,1.792467977954798619e-01,3.035925047496566553e-01,2.677361227725117976e-01,6.323927561463718039e-01,5.757465629302938037e-01,1.751137006849006750e-01,5.512953881051046306e-02,2.352575222931240218e-01,2.131892995970088162e-02,3.438945608691482136e-02,3.802714761781640640e-02,-2.327259346495961778e-01,7.615941559557648510e-01,-4.552588757425397037e-01,-2.872591602912494824e-01,-3.320984002163498428e-01,-4.396450637019906627e-02,-2.072376137151612230e-01,-1.114348694178611821e-01,-1.443497248199114846e-01,-2.491263397705163751e-01,1.520377913027933514e-01,-8.582587541818732790e-02,-2.561250703167287576e-03,-1.045065840208599800e-01,-2.678557595869686114e-01,-1.401319324016842283e-01,2.250525384112174107e-02,6.948322603083191074e-04,-2.563730821099287696e-02
2.497034909012562642e-01,3.771022198686028726e-01,-5.859008572240229779e-02,-2.829587814486116404e-01,-3.230772253900780766e-02,1.723116035642611454e-01,-1.495460608622877219e-01,2.182916143436408607e-01,-4.941456674748824496e-02,6.052183816586293591e-02,2.002865465863862618e-02,2.329761093532505545e-01,1.490626145201328148e-02,9.123174858223516426e-02,1.501571351052020109e-01,1.653456732220542902e-01,1.543606574437243195e-01,1.195725909559782613e-01,-2.389380483319207549e-01,-9.856945260051296065e-02,-3.828542513995871616e-02,2.616293379346485981e-01,2.811879653667202494e-01,1.421886617997003555e-01,1.301857816195590156e-01,3.783629205249009475e-01,1.355571713462163097e-01,1.207615340253859054e-01,1.440331761568318658e-01,1.353073483343267269e-01,2.081828940890937119e-01,-5.260086710157964307e-02,7.954012834839650770e-02,-1.254947535428115046e-01,1.835290518505903468e-01,-1.356618153313912667e-01,-4.087934287358637730e-01,-1.392109920133916823e-01,-4.362319178004385734e-01,-3.321736336636378906e-01,-2.335480461170759137e-01,-4.744698782358044292e-02,-3.854836586263044040e-01,4.146083240072063331e-02,-2.895853571566597284e-01,-4.958435250105203695e-01,4.090762652070508223e-03,7.102052209790025994e-02,-3.483977224614751012e-01,-3.985095065036111661e-01,-2.832585757735910370e-01,-1.892617849251668483e-01,2.081179359324158637e-02,-3.763483257826140127e-01,-2.138942891652629436e-02,-2.385850827209279879e-01,-2.007345039803046793e-01,-5.751550438754500227e-01,-4.087326384492225850e-01,-8.659318722748506059e-02,-2.728872733957203589e-02,-3.279672091676639201e-01,-1.835991925760807053e-01,-1.529015499098135278e-01,-6.590024405359280746e-02,-2.783243336614978775e-02,-4.552588757425397037e-01,7.615941559557648510e-01,2.856780588233039930e-01,3.779937212404689273e-01,1.075288183223065963e-01,1.288103040121976739e-01,-2.032388254562033369e-01,3.092556079399099225e-02,1.179493248075073608e-01,1.414570694419234331e-01,8.842672299272963388e-02,1.724031654520873091e-01,3.127488568510322087e-01,2.597101757502404129e-01,3.214350569197572671e-01,-1.300723047410689004e-01,-4.881234067263050952e-02,-5.135765266745847234e-03
-6.493945562170477803e-02,5.531022364904730065e-02,-4.581272236976514645e-01,-2.258432146473322022e-01,-2.056428148425354652e-01,-1.612046208524837709e-01,-2.238695438523075065e-01,-8.843457300371747321e-02,-6.022908040518592382e-02,8.703519827560231292e-02,-3.042173157121468297e-01,7.993296250074305442e-02,-2.455989174175188527e-01,-2.060206471537107120e-01,-2.796600154709903696e-02,2.932582283515299676e-02,-4.425561641102792980e-03,-3.268881655321284607e-02,-5.298894185478375540e-01,-1.300883355350993809e-01,-8.606953378379383901e-02,7.086098045015364055e-02,-7.679931180892328457e-02,-3.598162282949841223e-02,1.127480367746141882e-01,5.164906835037787192e-02,8.128046654727150155e-02,-9.319153949322932229e-02,5.323209765890125900e-02,1.007235227816126594e-01,-2.740599800113536350e-02,-4.464426129699802792e-01,-2.189402080571194731e-01,-1.022476535546717469e-01,1.294004687489236360e-01,-3.957913179151498206e-01,-1.335084961047222074e-01,-7.137159478397886447e-02,-2.783524412430601336e-01,-1.462896620996014252e-01,-2.916772972241613027e-01,-1.569876272478767654e-01,-1.019079757335162734e-01,-2.614845805994306382e-01,-3.646110752665129157e-02,-4.040482911984916159e-01,-1.533453302562529652e-01,-1.525747427262697520e-01,-1.144819808314158360e-01,-1.780631242413699966e-01,-7.046381408944572822e-02,-4.897877496045751067e-01,-1.333644055283703667e-01,-1.506311933171732842e-01,-1.580411881988703637e-01,-2.139569245545615284e-01,-9.370989212498118115e-02,-2.112143301365111969e-01,-1.620060741684720973e-01,-3.691177343320186516e-02,-2.194693188346784618e-01,-2.086298540440784111e-01,-5.798744480077769846e-03,-1.266401450095314407e-01,-4.098367111437384303e-01,-2.694212176470224818e-01,-2.872591602912494824e-01,2.856780588233040485e-01,7.615941559557648510e-01,4.327517800924127189e-01,2.853316701317683557e-01,-1.426037462047893278e-01,1.303317642577630775e-01,6.332793740114325276e-01,2.064484377273476112e-02,2.686326847889802805e-01,1.488533517657778804e-01,6.272604876480362968e-02,6.307027162271907628e-01,2.720333276504858788e-01,4.680488337834194656e-02,-7.115417563860092220e-02,-4.192944371983469559e-02,5.503394447577801829e-01
-2.161843847773088634e-02,1.137179594949596639e-01,-3.383466662566462779e-01,-1.989687892626665899e-01,6.388330995382401900e-02,1.091217948815401302e-02,-2.154875366361288236e-01,4.378472290626876651e-02,6.148266695913789937e-02,-1.695464421982161018e-01,-2.599491677535377132e-01,1.359927080873935823e-01,-1.040234235052420186e-01,1.839649495446242788e-01,2.310189829730046052e-01,-1.315828939156016009e-01,-2.147971747668263320e-01,-1.264174510262773832e-01,-4.959884499411387204e-01,1.679006754206162078e-01,-1.444204385200325569e-01,2.450110975258815160e-01,1.282078751913937054e-01,6.596052013574539574e-02,-3.518715940250358165e-02,5.627777893413814930e-02,1.861735703989191304e-01,4.828590291549197944e-02,9.813189285210988100e-02,3.255896671954224275e-01,9.985539392763671807e-02,-9.770939692904245799e-02,-8.984070890313713975e-02,-1.127280962728111069e-01,-2.988424656825495410e-03,-1.995377812366822268e-01,-6.538622854428853548e-02,2.144505496033502212e-01,-2.663435927797504488e-01,-7.752646618968657422e-02,-2.300647552905874804e-01,-5.541188691961715374e-02,-2.793534373947835214e-01,-7.749833960086915940e-02,-4.973931590439637646e-02,-4.253544584896459257e-01,1.602552962121169267e-01,1.424098282897862666e-01,-3.181082754894692943e-01,-3.529881353139118771e-01,-2.682428214190840654e-01,-3.406504681282682134e-01,8.027887593918509035e-02,-2.830132673365968188e-01,6.692910969159338030e-02,-9.157171302183741979e-02,-1.624797437738401407e-01,-4.478029584309928257e-01,-3.701720219337065743e-01,-6.473521121245318088e-02,1.003361177638062846e-01,-2.784729296401147192e-01,5.597979105388780491e-02,-1.577410239086814506e-02,-1.266945260579858956e-01,-1.977626136292780501e-01,-3.320984002163498428e-01,3.779937212404689828e-01,4.327517800924127189e-01,7.615941559557648510e-01,1.201178256623072760e-01,1.465519578158950287e-01,-1.873319840756461699e-02,2.562792457117126776e-01,3.443401444454583515e-01,2.054921914879527522e-01,1.463475770519262475e-01,-6.129091979617863617e-02,3.794336278152639075e-01,8.313280615482078195e-01,3.074415013200816338e-01,1.763430585918752611e-02,8.674759088204027357e-02,2.945010045927136666e-01
-1.110379185428545523e-01,3.147668569392781390e-01,-8.192452513045297979e-02,3.102496120677002145e-02,1.323206007704273365e-02,4.777133558514735576e-03,-4.261512482045212019e-02,1.022466450908869340e-01,-2.760520200540577118e-01,1.017197073560229120e-01,-4.805132540862457405e-03,1.519019365876791150e-01,5.480269709847206822e-02,2.605312471753683523e-01,-1.961277845175278811e-01,1.612804832161038315e-02,2.119212617054466036e-02,5.070464780382626102e-02,-1.922765279114542480e-01,-2.179181026455891401e-01,4.027247581963582651e-02,-2.466750549305087581e-01,1.209447490491473709e-01,2.906734142619083472e-01,1.412601921963256846e-01,9.918701616723928083e-02,-3.588538935843594291e-01,-5.674167329739557286e-02,-1.915596079049737277e-01,1.435845024552969973e-01,-2.406314282582502212e-02,-6.619851515380320572e-02,1.110884038579428579e-01,-1.894309089830711612e-01,3.134207148375511287e-01,-2.282881135249119620e-01,-1.300860647303311302e-01,-2.647038826046628768e-01,-3.911236160860450672e-01,-4.712288436618947141e-02,-1.250461639969224770e-01,-3.221395170597041169e-01,-1.850837862108973553e-01,-2.075813758587176094e-01,2.884995360334314043e-02,-2.113956223714423821e-01,1.923664911779474906e-01,-2.288406840094151795e-01,-1.894627566537801233e-01,-2.135627872610347811e-01,-2.267895233887723683e-01,-9.791914668946634370e-02,-1.257256123651262214e-01,-1.002599603449779719e-01,-2.144191316010747306e-01,-1.202303339241112407e-01,1.571781913201360237e-01,-2.415811082331803528e-01,-5.701872327263277779e-02,-4.260566905200932619e-01,-8.677796453592662163e-02,-2.134640515924992044e-01,1.192826323243213749e-01,1.215722536017179584e-02,-3.539222032003836588e-02,1.313793071310878913e-01,-4.396450637019909402e-02,1.075288183223065824e-01,2.853316701317683557e-01,1.201178256623072760e-01,7.615941559557648510e-01,2.498903790946071513e-01,2.243965715734851651e-01,1.397829160728395470e-01,4.175510176421746156e-01,6.485477009758219835e-02,1.412515125192793930e-01,-7.721329787051435176e-03,2.366819022576697462e-01,-7.767838701723001060e-02,2.329025766006510567e-01,6.433259536808529078e-02,3.542168830308230210e-02,1.037502466883906821e-01
-5.708549403249976728e-02,1.454389470242055116e-01,1.844283218035552563e-01,3.290529450628797981e-01,2.799519422631970844e-01,8.646667265258287105e-02,8.550146826593486848e-02,1.338308004999319012e-01,7.730234103963253001e-02,1.145943433675049583e-01,2.902978135105663271e-01,3.827237663106362597e-01,2.826363488204098121e-02,2.166256821747634675e-01,-7.728114372553016552e-03,2.210631294888899985e-03,2.365846243138953198e-01,6.098547879692921281e-02,1.623608713244540924e-01,1.569763694918973815e-02,7.247719710857514208e-02,8.779833293313439591e-02,-5.450564691468031547e-02,2.143159548169278616e-01,7.771540922158524933e-02,6.593294321132854574e-02,-9.791888307714675249e-03,2.971747218280312297e-01,-2.735445316885557962e-02,8.251833884948983622e-02,3.610512560968370255e-01,1.957888499612352451e-01,2.843468063565804393e-01,-2.288268603292744063e-01,1.682250788851734069e-01,1.010319442419583408e-01,3.651085678065635887e-01,1.800841279945297468e-01,2.626227973789467540e-02,-2.039466348009521049e-02,1.812295356721206063e-01,-1.014654592512828218e-01,1.555354923466091277e-01,3.172038830943006427e-01,3.279058635894909202e-01,2.403110024154252872e-02,4.529123108063420888e-01,-1.210930576351214455e-01,-8.966336174610223253e-02,1.076837560328960663e-01,-1.996469572063955082e-03,2.119177744754800474e-01,1.779115366897296158e-01,5.201496056219562236e-02,7.157749521171814788e-02,-4.657747289201035618e-02,1.313627996077894877e-01,-4.226751297631163584e-02,-5.218652354939128796e-02,-6.514905939207396579e-02,2.359215173692790768e-01,-6.944968150775868154e-02,1.343031408761442558e-01,-1.689394323438369455e-02,7.566411748071490140e-02,2.399845310206625559e-01,-2.072376137151612785e-01,1.288103040121976739e-01,-1.426037462047893278e-01,1.465519578158950564e-01,2.498903790946071513e-01,7.615941559557648510e-01,3.410104141005536049e-01,4.424755974656397611e-02,2.661451843411418161e-01,2.705843248021924663e-01,-7.944695377706814665e-02,-3.608900929064132179e-02,1.798675246634316499e-03,3.609416536697368505e-02,5.804859784693902625e-02,7.810780699702998264e-01,4.100343598213530560e-01,4.326223667302142063e-03
1.968588698134432491e-02,-1.218897308843387567e-01,-1.398873068697151223e-01,1.214911570920520212e-01,1.917600692966489606e-01,-1.875999248291382662e-02,1.185540035790661889e-01,-2.720215510331112085e-01,5.846360073292243553e-02,-1.378703419466132118e-01,1.555531080140103439e-01,2.922081177274678254e-02,1.312465803955903954e-01,3.875035255582327115e-02,-1.946766482190158132e-01,-1.164525671469792689e-01,2.614105851724789487e-01,7.238834447378098003e-02,-1.362930871710733571e-01,-1.382720268450012280e-01,-1.783227248738471493e-01,-1.729136471244377971e-01,-2.597883062509673269e-01,-1.377098368767273318e-01,-1.055199684434532520e-01,-1.463022747220199260e-01,-1.169536526417863515e-01,1.183761858448605375e-01,-1.912522457628982805e-02,1.155920361866239893e-01,1.617071429414244088e-01,-1.116460773026988623e-01,-1.697269229707486782e-01,9.625639480749044463e-02,-4.774812263762068937e-02,-2.706361172716108543e-01,3.538256445970990871e-01,3.253448731325279675e-01,5.824292428520077072e-03,2.604892872736066511e-01,-8.982166684484695074e-02,-6.817200951873804426e-02,1.280657182462116850e-01,3.540847308637076057e-02,-7.237153199774522955e-03,1.733135796159215591e-01,1.945502803556680427e-01,-3.569797726415819827e-01,7.304395034451786894e-02,1.813849881642535244e-01,1.348670086579903948e-01,-1.409895984347793174e-01,-1.699174213472286477e-01,-1.807665585395795693e-01,-2.532984568416312143e-01,-2.066328374820374791e-01,-1.366279227382537209e-01,-6.113866108870073812e-02,-1.462300871970987071e-01,-1.523181795008514139e-01,7.436383105596601484e-02,-1.948247727969983356e-01,2.280168481075037917e-02,-3.880893437624399062e-02,-2.911222379430160601e-01,-2.152312097117365375e-01,-1.114348694178611821e-01,-2.032388254562033647e-01,1.303317642577631053e-01,-1.873319840756460311e-02,2.243965715734851929e-01,3.410104141005535494e-01,7.615941559557648510e-01,1.933191318457623195e-02,6.611119611981002009e-02,2.185206600948239319e-01,-6.929744444068901277e-02,-3.006758203490865755e-01,1.923326620176410429e-01,-1.160424692793243368e-01,-1.814751798764215884e-01,4.192398456632296933e-01,7.205768176075356690e-01,-1.233259101032356669e-01
-1.531082293722095811e-01,1.636235272985861466e-01,-2.178739275343196530e-02,-8.390151804779205635e-02,-1.321723657682386151e-02,-2.087552895028073618e-01,-1.596524604882295084e-01,1.165565985596598575e-01,2.720652630608589306e-01,-1.613403468246340788e-01,1.387286562326896511e-01,3.648608185885849342e-01,-2.564187026195065555e-01,6.413238808001171798e-02,1.710323521362340782e-01,-1.382917043173390870e-01,-3.269490516023256244e-01,-1.525379998712587670e-01,-1.304735784508412877e-01,2.300419544190533960e-01,1.295509905878875490e-01,2.493470612916068030e-01,4.483590052448394730e-02,3.088410578525262462e-01,8.861463502280278459e-02,1.317799248563913950e-01,2.567578192185017150e-01,2.996908934411084413e-01,-2.783191563260229567e-02,2.123205204567798210e-01,-2.457606639296135501e-02,3.741715590680746301e-02,1.538479945214090523e-04,-1.579546353710848117e-01,2.323024572357658413e-01,3.350232666898168843e-02,8.570003722832598980e-03,3.035077547988548341e-01,-1.054638266332797933e-02,3.646551553407562096e-02,1.838598701993028883e-01,2.698637024255395311e-01,-7.176345267656228377e-02,3.124854802353295158e-01,2.025602233068557745e-01,-2.795889644466472701e-01,2.297211056040658339e-01,1.406505630277270491e-01,-1.894678061332530361e-01,-3.678503979151176995e-01,-1.358007489629802500e-01,-3.491475745718543994e-02,3.192995188073216029e-01,1.124318342861191505e-01,2.690800286104455541e-01,1.279802359223289610e-01,2.542734236863027908e-01,-3.361311206972317223e-02,-4.143987648691514758e-02,3.257051425826899549e-01,2.223336262580535294e-01,-3.390584753504104210e-02,7.274709528638614517e-03,-2.852685358013621886e-01,-1.120704956007124581e-01,-4.986862815550343470e-02,-1.443497248199114846e-01,3.092556079399103389e-02,6.332793740114325276e-01,2.562792457117127332e-01,1.397829160728395470e-01,4.424755974656390672e-02,1.933191318457620420e-02,7.615941559557648510e-01,2.502289046506506187e-02,2.467037408132116139e-01,1.666467830333469569e-01,2.896701506233951076e-02,4.377541322039797400e-01,1.940486232094448260e-01,2.918849206460446058e-02,1.663970397057185913e-01,4.369969616505482018e-02,7.593134983479564726e-01
-1.534790412854405706e-01,-6.086220830843570850e-02,1.319394005058071029e-01,-3.200202710828625730e-01,1.593403064816226455e-01,-8.001742293222187385e-02,-1.455874260607350479e-01,1.578195313157973456e-01,-9.290717307261762981e-02,-2.561005068487447467e-01,7.020588410956780934e-02,3.194125807985747634e-01,-1.383359975413971099e-01,2.359658395743180481e-01,1.207147474467599596e-01,-1.107000973106544717e-01,-7.807955815486491979e-02,-1.307981441498056452e-01,2.381183715916281585e-01,3.140052376110155086e-01,-3.224177526096804747e-01,2.021268635893148369e-01,1.666886962108506398e-01,1.370020234348622024e-01,-1.794128382401464217e-01,-6.085910614361975807e-02,-1.048891065435654385e-01,1.580775006095351265e-01,-2.844847649134352174e-01,4.310604811222097377e-01,1.884605992498712690e-01,3.059737920454940752e-01,2.430489552841435044e-02,-3.879573049057951084e-01,-1.071425087869098125e-01,-1.112105799994063254e-01,-9.424633965998995000e-02,-4.469647641822926953e-02,-2.480798278494955877e-01,-1.590835743983964046e-01,6.867237874119047625e-02,-8.787262165968365291e-02,-1.719259749903383483e-01,2.502347621032479652e-01,1.875069600225279520e-01,-2.483296355505838771e-01,1.579314910596707755e-01,-7.105916531200864861e-02,-3.476217811629117027e-01,-3.632514209253300680e-02,-3.678439165533415878e-01,3.005253015717498366e-01,1.505651827861264058e-01,-4.541885072080123487e-01,1.479687293748548071e-02,-1.249006271637097543e-01,-1.327446423466956960e-01,-3.152558299200373115e-01,-3.535812969851522269e-01,-9.554672832675246974e-02,2.349970989562809587e-01,-2.367759804028856940e-01,2.386110155800562072e-01,2.094158200561933025e-01,2.556679390786423811e-01,1.346738937753313159e-01,-2.491263397705164306e-01,1.179493248075072914e-01,2.064484377273473337e-02,3.443401444454583515e-01,4.175510176421746156e-01,2.661451843411418716e-01,6.611119611980999233e-02,2.502289046506506881e-02,7.615941559557648510e-01,-1.817425791331416310e-02,8.109945525187069182e-02,-3.627623790312282104e-01,6.909970765933662329e-02,1.856952492499051866e-01,2.529585301683307530e-01,5.299081188344433035e-02,2.100953168672900218e-01,1.416555521538242768e-01
1.240696789914807613e-01,-1.487035765233068185e-01,2.245409643455933413e-01,3.163331123371164455e-02,-2.988016653648308332e-02,1.581732006619436526e-01,1.394228748026078990e-01,2.571025692511389460e-01,1.635915809653454983e-02,7.344646910858322608e-02,2.312208264511579625e-01,2.352140600926392044e-01,1.458834337768248335e-01,1.865832145877312498e-01,-1.325781503415605356e-01,7.951633516630485232e-02,1.586196399313833938e-01,2.007518905320476443e-01,2.931395019158272025e-02,-1.329057474946647721e-01,-2.131563260297760637e-02,4.114435930520556062e-02,1.905785448982604269e-01,1.116368537435305786e-01,1.851357997484962548e-01,1.484087516843616839e-01,8.997158116607220646e-02,1.962558231675199105e-01,-2.785095463334321120e-01,2.127068154552342882e-01,-3.410593193768177156e-02,-2.701878799210652438e-01,-2.581805232640818071e-01,5.165672266518420153e-02,-1.149316656305408024e-01,9.056942191444877777e-02,1.233952577838654530e-01,1.162183069971552407e-01,-4.738424104416412430e-02,-8.674058659823719042e-02,2.117578301301354660e-01,1.370238983105900310e-01,1.437912841320336185e-02,1.750607310844365383e-01,1.729995197659675854e-01,-4.175622660699317840e-02,9.124111538855857184e-02,-1.535841776977839024e-01,-2.005230241742308461e-01,-6.988493681561679105e-02,-6.086614462164439965e-02,4.279849706463999953e-02,-2.242537980730035987e-03,-4.116147010336889539e-02,-1.215485816519466800e-01,8.068317222448531667e-02,9.564692104927798033e-02,-8.497178771049360146e-02,-5.894696323387770172e-03,2.791197911266656354e-02,5.365479082495072660e-03,-3.825678997935003656e-01,1.624118246604957239e-01,2.444056975929418188e-02,-3.078125958843901389e-01,-2.599703549942464775e-01,1.520377913027933514e-01,1.414570694419233499e-01,2.686326847889803360e-01,2.054921914879527245e-01,6.485477009758219835e-02,2.705843248021924663e-01,2.185206600948239597e-01,2.467037408132115583e-01,-1.817425791331422555e-02,7.615941559557648510e-01,5.279027506047623275e-01,-3.762511835655827502e-02,4.657956185022971152e-01,6.632217212487474811e-02,7.263158807235159387e-02,3.421803124506394012e-01,1.227859789695412568e-01,2.703740874601916477e-01
3.047084256891259280e-01,1.390434016345476476e-01,1.401083876032114539e-01,-1.878173945379518206e-01,-5.365876899895050817e-02,3.296947752913498841e-01,2.395503487400242881e-01,2.405247403466888867e-01,1.417836050602337347e-02,3.001801790608251141e-01,2.205448165110504566e-02,1.616437253797998741e-01,2.893056452415393998e-01,-6.592148687864264611e-02,2.189702785064985002e-01,2.842377418736145023e-01,2.492416456653938905e-01,2.345954747513672722e-01,-1.434664873097074300e-01,2.826804602709895864e-01,2.999034009596114880e-01,5.396454574171338781e-01,3.004445056364099531e-01,1.613216471595466939e-01,5.134277267006540635e-01,4.002331747828205000e-01,3.230757695029486398e-01,2.982647917624104417e-01,1.365244290811206025e-02,3.029405718937828174e-01,-1.224227987388493977e-01,1.342513579198414096e-02,4.366201963185603607e-02,-3.259004871939353426e-02,1.719286763505596394e-01,-1.164666225708897440e-01,-3.194926010125487825e-01,-1.702840753499376136e-01,-4.898045613994720382e-01,-1.953856314666677085e-01,-2.203898508682269330e-01,1.778862355223203018e-01,-3.097561995806639157e-01,-1.021176532530668479e-01,-6.613678532961661527e-02,-3.812561123917214134e-01,-5.385579767072795621e-01,1.720893955336354197e-01,-2.324620138765673416e-01,-3.544678465210052143e-01,-2.402338814501963904e-01,-1.178462168523086995e-01,2.114266133105967838e-01,1.246731359724703204e-02,1.313153362993535744e-01,-2.325155616082564547e-01,-2.529702256119532866e-02,-2.700698675232416912e-01,-2.175376553824936166e-01,7.083896975773021527e-03,-1.757636699098710092e-02,-1.869631993580586071e-01,-5.984846208147542868e-03,1.033145848231501046e-01,-1.244381555473166728e-01,8.694688458537315479e-02,-8.582587541818757770e-02,8.842672299272955061e-02,1.488533517657778527e-01,1.463475770519262198e-01,1.412515125192793652e-01,-7.944695377706809114e-02,-6.929744444068902665e-02,1.666467830333469846e-01,8.109945525187069182e-02,5.279027506047623275e-01,7.615941559557648510e-01,-2.816540944464397955e-01,1.941363073139398265e-01,-3.910295178020206479e-03,3.081779869125995108e-01,-1.549642661966211810e-01,-1.708206829858291143e-01,1.389020415627097160e-01
-2.504473683979594467e-01,6.746118540884867010e-02,-1.637654972036851897e-01,2.331053357494436082e-02,-3.803835847223054900e-01,-5.173470871668506797e-03,-3.538226861299491599e-01,-1.796515117239398107e-01,4.883892961014416750e-02,-3.711378256295027461e-02,-1.214087165745722091e-01,-1.867993502142688000e-01,-1.924071632529279485e-01,-8.236485836636936800e-03,-1.210866447934253430e-02,-4.099942714964028428e-02,-1.711071863462688136e-01,-1.689492125881278117e-01,-3.706652638278519207e-01,-1.397850154447760340e-01,2.783476539801789731e-02,-2.254043430128920833e-01,-5.422869121248370672e-02,1.541437509675021578e-01,-1.236748409370121496e-02,-3.582863360180572193e-02,1.080320888863921941e-02,-1.279177961422018617e-01,7.671198329777459413e-02,-1.716652605506333029e-01,-8.806826543900157789e-02,-1.301461927272642427e-01,1.188919296371173939e-01,-5.195814263487179285e-02,8.284730202978095315e-02,7.002549268368546409e-02,1.221102345240016734e-02,-7.623607443828517294e-02,1.259163520227193633e-01,-1.497597620280102793e-01,-2.720925036462312069e-02,3.128362642280928252e-02,2.559760565086670932e-03,-1.367086551481699053e-01,2.126223026494731758e-02,-1.710162519005817283e-01,4.800366936748387547e-02,1.500337350774007608e-02,1.006190345066162312e-01,-8.134671229387828439e-02,4.191916505640436857e-02,-3.127564346789338257e-01,-9.134580769705695491e-02,1.138697860060066958e-01,1.491745165381820892e-01,1.849558335489453753e-01,1.360283125770758439e-01,2.206953571114073642e-01,2.360157238286761383e-01,1.859513179519435011e-01,-9.203302145146291524e-02,7.282875069054919881e-02,7.011795426865517766e-02,-1.152511007900966084e-01,-1.244355866185185983e-01,1.525875004691094189e-02,-2.561250703167259821e-03,1.724031654520873091e-01,6.272604876480361580e-02,-6.129091979617863617e-02,-7.721329787051518442e-03,-3.608900929064140506e-02,-3.006758203490865200e-01,2.896701506233953852e-02,-3.627623790312281549e-01,-3.762511835655826115e-02,-2.816540944464397955e-01,7.615941559557648510e-01,9.667914851834093215e-02,4.474004727365896855e-02,1.363084529051702132e-01,-4.650821417592176932e-02,-1.069487804245471824e-01,1.218551759277796548e-01
7.692808396166034290e-02,1.468802093558008448e-01,-3.608314401841976049e-01,-3.061847954657190285e-02,-2.485304791097332211e-01,1.731831027391376454e-01,-1.036917401742585704e-01,-2.250662527748165109e-02,-1.579781881006658562e-01,2.541227340029919013e-01,-1.943192020609522952e-01,1.228909947444315753e-01,5.561305239111380416e-02,-5.529829559455035765e-02,-3.340651063743348831e-02,1.154819831744994946e-01,1.085952099597982667e-01,7.831459486794463409e-02,-4.517503992582372896e-01,-1.274307269954990940e-01,-4.907259571206883803e-02,2.782752743402902226e-02,1.145003503497914743e-01,8.316244069416163509e-02,1.836210605317112887e-01,2.247401822159281193e-01,1.553386473873187013e-01,1.033407545475857094e-02,7.490727676044114935e-02,1.330346584223740525e-01,-7.222429580695998060e-03,-3.187865560023139255e-01,-1.116402005511832329e-01,4.547304984263516453e-02,2.058928861273948141e-01,-3.037812102524696800e-01,-3.334413180301701307e-02,1.153554921402565568e-02,-1.654464901384014308e-01,-6.690218901490009584e-02,-2.513493287546413879e-01,-2.867542819321998795e-02,1.474633984307054980e-02,-2.147947472699186511e-01,1.970172690021260511e-02,-2.541452163186532220e-01,-1.522619940808630189e-02,-8.791973881779989453e-02,-3.441976187227450967e-02,-1.604820708850491218e-01,5.491983897821102467e-02,-3.530304744100736802e-01,-8.967107455353454104e-02,-1.539842276134717469e-01,-8.641689664657239978e-02,-1.360209063242996119e-01,-1.757060622403075869e-03,-1.989975717447206582e-01,-6.305352246883919043e-02,-1.145617761444597121e-02,-1.023940023893103318e-01,-1.776640134695471052e-01,2.191234408253510749e-02,-4.134452855157229323e-02,-3.065735328983170138e-01,-1.382995904704048540e-01,-1.045065840208599939e-01,3.127488568510322087e-01,6.307027162271907628e-01,3.794336278152640740e-01,2.366819022576698295e-01,1.798675246634302621e-03,1.923326620176410706e-01,4.377541322039797400e-01,6.909970765933659553e-02,4.657956185022972817e-01,1.941363073139397433e-01,9.667914851834093215e-02,7.615941559557648510e-01,3.918506635794554160e-01,1.893561250545195140e-01,-1.429512885316186824e-02,5.116807042505462644e-02,5.181677636914679974e-01
-1.168571229608420803e-01,3.010678941099654837e-01,-4.079036058734085701e-01,-1.179053458986291901e-02,-2.741151484836286054e-02,-4.557117377629372329e-02,-1.744302281738480676e-01,-1.007032927453325732e-01,6.865827425678686091e-02,-2.258427326637506005e-01,-3.475595187442607759e-01,8.423391576528450886e-02,-1.012526930277780207e-01,6.590363427342962876e-02,3.680081603304898308e-01,-1.685288654270016284e-01,-2.651151553222186319e-01,-2.250690195373857283e-01,-5.402852746307567067e-01,2.436832138791830416e-01,-6.358087287847960511e-02,3.124679544545541088e-01,2.041774865027639815e-02,1.237132200531243509e-01,-7.135790792502234858e-02,1.628646402215615588e-02,2.575628609856862594e-01,8.360729285585559445e-03,2.305945233558662211e-01,1.481940446376509291e-01,8.298818068342367349e-02,2.730177815671631578e-02,5.109394763290418112e-02,6.352220886474400398e-03,2.079360063763739663e-01,-1.897337821759736420e-01,4.203812308756071404e-03,2.209389547066807347e-01,-1.645850811859054519e-01,3.923155012243358802e-02,-2.858167131984753473e-01,-1.356286637304627771e-02,-3.062914850755418805e-01,-1.291887576209631294e-01,-6.177596959747346655e-02,-3.178315697909743220e-01,3.806071788798988387e-02,3.528133503835472196e-01,-1.141957309076718774e-01,-3.350577444223846180e-01,-1.720019793254106977e-01,-4.355402252860990364e-01,1.766200717044278390e-01,-1.619197213327980001e-01,3.364896752148633374e-01,-8.023212410381624915e-02,-8.607386478172968092e-02,-2.620317630907586515e-01,-1.832310301172009048e-01,8.259111410922832797e-02,1.616869948196693330e-01,1.998950785709090877e-03,-7.978765064197478052e-02,-1.756397204595703740e-02,1.241114134866665303e-01,1.521928072131321051e-02,-2.678557595869686114e-01,2.597101757502404129e-01,2.720333276504859898e-01,8.313280615482077085e-01,-7.767838701722996897e-02,3.609416536697368505e-02,-1.160424692793243090e-01,1.940486232094447983e-01,1.856952492499051866e-01,6.632217212487476199e-02,-3.910295178020246377e-03,4.474004727365902406e-02,3.918506635794553605e-01,7.615941559557648510e-01,3.096117563725162003e-01,-6.917455175955257440e-02,1.804835514546436481e-02,2.468828729845247150e-01
-4.966556861003392637e-02,5.025858973931159879e-01,1.354334552257056325e-02,1.257764730238981020e-02,8.752349359864486367e-02,2.918082092631940974e-02,1.527528626925515887e-01,9.324901213013053747e-02,2.977166677234515703e-03,3.504073185645578681e-01,-1.914885932713356487e-03,1.502076434029545604e-01,-3.324694226915219514e-02,-1.044254430130796794e-02,-6.230514565140805872e-02,1.579629257587110147e-01,-4.186873206559613148e-02,6.664081624390501279e-02,-1.357980523396977723e-01,-1.198868143809795755e-01,9.442043941523256545e-02,9.964107547702648338e-02,5.993653614772510158e-02,2.095505595384944963e-01,1.821553419847868893e-01,1.801706541819595442e-01,1.149473990876856561e-01,-2.012605676562127244e-01,9.808154060943053906e-03,1.157825373329154223e-01,6.330117974770180234e-02,-5.199554240542844652e-03,4.013317005964557316e-01,-1.177542146240482396e-01,4.815921861822893835e-01,5.803882578100167354e-03,-1.767314159331519752e-01,-6.312538859452556349e-03,-4.670778606644448994e-01,-2.693273668746288055e-02,-3.618187166452504488e-01,2.565862160237314046e-02,-1.130947306111753509e-01,-7.461827520536907718e-03,-1.034993744046405761e-01,-4.042833125857318577e-01,-1.725230388344645427e-01,4.739356778697467049e-02,-1.621524866495916151e-01,-3.944500606240409213e-01,-1.912531682304896008e-01,-1.489747871455805121e-03,-9.790367059196578015e-02,-9.188045136187072970e-02,2.957094172324147702e-02,-3.051216200028984415e-01,4.670741589256872245e-02,-2.809657112305892213e-01,-1.505960498569148820e-01,-1.698735974265730975e-01,-1.976733994935608862e-01,-1.374473826867792237e-01,-9.425582272520849347e-02,1.495669459611326246e-01,1.070529430781653329e-01,3.403441411715683595e-01,-1.401319324016842283e-01,3.214350569197572671e-01,4.680488337834193963e-02,3.074415013200816338e-01,2.329025766006510290e-01,5.804859784693906788e-02,-1.814751798764216162e-01,2.918849206460444670e-02,2.529585301683307530e-01,7.263158807235162162e-02,3.081779869125995663e-01,1.363084529051702132e-01,1.893561250545194863e-01,3.096117563725162003e-01,7.615941559557648510e-01,-7.606253938198148656e-02,-2.814457669578774301e-01,4.640271132559601469e-02
-4.571496363212595310e-02,1.433514652084526622e-02,-3.739413609640678243e-03,2.680215481583794190e-01,-2.216728463753696310e-02,-1.454602920276170108e-01,-9.298161890799434837e-02,-8.378904077364375536e-02,1.206956866609801976e-01,-5.598231527311711003e-02,4.124079260253848273e-02,3.005352543980320812e-01,-4.058473901223270258e-02,-1.874572271673626001e-02,-4.962356243183650706e-02,-1.780884371079638484e-01,-7.257100233721070544e-04,-5.974555650014804625e-02,2.588173285552606770e-02,-5.250939330401345473e-02,-1.504584315470339217e-02,-1.353698846283650781e-01,-1.958254226854528046e-01,1.197003103938184265e-01,-1.868540093590571605e-01,-1.378201820909265296e-01,-7.020174622494065875e-02,2.850632501524346663e-01,-1.384877663953848759e-01,9.652890567494271101e-02,2.010266494927425429e-01,9.144529425855946192e-02,7.000569597865771709e-02,-1.017383852802410532e-01,6.618839903406163738e-02,-6.821319881450510492e-02,4.472311316176492690e-01,2.031377613926331760e-01,2.820904783221787060e-01,4.095511602870922224e-02,2.868364540964978837e-01,-2.503088170058747827e-02,3.248975782930269562e-01,4.054517850700967152e-02,5.516100020214760313e-01,2.150453302434125469e-01,4.968188258936925839e-01,-1.541414092708173478e-01,-1.576050741931304608e-02,2.291710057378346654e-01,1.533140720589660499e-01,1.236467312718622924e-01,9.512700974222305927e-02,1.733620245539286009e-01,1.175761493327401666e-02,1.686078565336719126e-01,1.775970050192055283e-01,9.237484515601436519e-02,1.441868835030735430e-01,9.164701344595831134e-02,2.909326814311971043e-01,3.718190536657386275e-02,2.984791773027715145e-01,-1.805470190661762411e-02,-1.161461794225262975e-04,9.347906920185264368e-02,2.250525384112179658e-02,-1.300723047410688726e-01,-7.115417563860092220e-02,1.763430585918752611e-02,6.433259536808526302e-02,7.810780699702998264e-01,4.192398456632296933e-01,1.663970397057185913e-01,5.299081188344442750e-02,3.421803124506394012e-01,-1.549642661966211810e-01,-4.650821417592165830e-02,-1.429512885316186824e-02,-6.917455175955257440e-02,-7.606253938198150044e-02,7.615941559557648510e-01,4.876635513332553962e-01,1.959815114216754972e-01
-6.622401653276033251e-02,-2.354286728917645566e-01,-1.400695568422206383e-01,-2.712057926981943298e-02,-2.316698071036406639e-02,-1.928798536751472753e-02,-1.840876490160248402e-01,-2.841964614515017362e-01,2.192049455908995081e-01,-2.935068131768238664e-01,-3.135633875004364274e-02,3.920633611010256037e-02,-9.473143245134808821e-02,1.610580074185358201e-01,1.585217696812674659e-01,-3.521548725809734437e-01,-1.945806454687296419e-02,-1.837051918816590967e-01,-2.628968792023468892e-01,1.079668912380150475e-01,-3.115853476181635329e-01,-2.235603016131828269e-01,-6.296076536729189321e-02,-1.637618793492404412e-01,-3.039549613881124546e-01,-2.830484191128910254e-01,-1.080262489973836115e-01,1.807572586199095166e-01,-1.869636128866618563e-01,2.940871376101963919e-01,3.212219128297903459e-01,7.509461362112127003e-02,-2.778731844998744704e-01,3.568988892963387977e-02,-2.505060378272261357e-01,-1.733131036156056459e-01,2.816725889233308577e-01,3.987487356145470452e-01,3.092953524669500021e-01,3.036417974290087640e-01,9.481565973345701392e-02,-3.625961298200753181e-03,1.038379999704477780e-01,3.283269917807955102e-02,1.295526579398667000e-01,1.755462967232676030e-01,4.014449899890552564e-01,-1.139512276363778415e-01,-1.190513414436473738e-01,8.987136778675122728e-02,-3.154490596197704298e-03,-2.090186508599063131e-01,1.504199657794327849e-01,-2.065381351331736504e-01,-4.052499194311200148e-02,1.723241394844176044e-01,-1.502685100134098783e-01,-5.809073552947155439e-02,-1.000533101868510688e-01,7.050591483469408061e-02,1.998398111974447611e-01,-2.051561617687552574e-01,1.766925547680396891e-01,1.417080073041823429e-01,-1.826332056290536077e-01,-3.020417255984016447e-01,6.948322603083607408e-04,-4.881234067263049564e-02,-4.192944371983469559e-02,8.674759088204024582e-02,3.542168830308230210e-02,4.100343598213530560e-01,7.205768176075355580e-01,4.369969616505476467e-02,2.100953168672900218e-01,1.227859789695413539e-01,-1.708206829858290587e-01,-1.069487804245471824e-01,5.116807042505459868e-02,1.804835514546438563e-02,-2.814457669578774301e-01,4.876635513332553962e-01,7.615941559557648510e-01,-1.715945357532988325e-01
-1.809092993992348075e-01,1.269615534890946584e-01,-1.994521768462801607e-03,-1.321754290858803971e-01,-1.943254175384797819e-02,-1.994586200037802848e-01,-1.953313832179043030e-01,8.701511281307142132e-02,6.036332566081422518e-02,-2.183382143813797915e-01,-2.722208106056846905e-02,9.964425830495129977e-02,-2.892667271253750449e-01,1.960867019670603853e-02,-1.032611260311078472e-01,-1.302103403780894564e-01,-3.556226906171330304e-01,-1.988532221932149679e-01,-1.169863680839073744e-01,-7.988977888835463101e-03,4.892920631133060999e-02,1.126139276040434394e-02,8.185384694877265166e-02,2.871547596779181477e-01,-7.682571423099678054e-02,2.832094904436861099e-02,6.841971637902266590e-02,1.521734358760969963e-01,-1.783507899435931576e-01,1.484875351519771187e-02,-2.103060948953192622e-01,3.045722477850796445e-02,1.061452773835746405e-01,-1.473241608898229194e-01,2.825459621165115065e-01,7.831232350091114902e-02,-3.993273991003805368e-02,1.295626898120835757e-01,-3.517631966155834733e-02,-1.710847944487561001e-01,1.630912143671493786e-01,1.092995954636240552e-01,9.293714160978442176e-03,9.382393583902588763e-02,1.237093403736169578e-01,-2.693825729482646203e-01,1.251068688917688909e-01,3.233719258508665345e-03,-8.536489082175162391e-02,-3.179948692759540507e-01,-1.352471571882205535e-02,-2.705782011691207009e-02,-6.841322960178794488e-02,1.071013563277960351e-01,-2.580482005028554224e-02,1.774625983796300210e-01,2.432202225676640406e-01,-2.767988449664356490e-02,-2.751581476464310186e-02,6.015080553061608742e-02,1.728387470243833990e-01,-9.488918839591622967e-02,-2.044338329410903821e-02,-2.525198127904831891e-01,-1.255882834035402795e-01,1.429427171712365809e-02,-2.563730821099283186e-02,-5.135765266745937439e-03,5.503394447577801829e-01,2.945010045927136111e-01,1.037502466883907376e-01,4.326223667302142063e-03,-1.233259101032356669e-01,7.593134983479564726e-01,1.416555521538242768e-01,2.703740874601916477e-01,1.389020415627096883e-01,1.218551759277796687e-01,5.181677636914679974e-01,2.468828729845247427e-01,4.640271132559602857e-02,1.959815114216755250e-01,-1.715945357532987769e-01,7.615941559557648510e-01
