7.615941559557648510e-01,4.086675709083301827e-02,1.747737841364493949e-01,-4.526725124107192078e-02,1.013104187201484402e-01,7.750424584194885724e-02,-9.065684548496333317e-02,-1.286267425875018133e-01,1.784004639266964787e-01,4.277862141137601937e-02,3.750261740814474221e-02,-9.221618512280034541e-02,5.034231613970712171e-01,-5.093292447570541004e-02,3.692634869217977650e-02,4.768376376011763673e-01,1.049948556197377869e-01,5.126396265940754704e-01,1.443276874828044454e-01,2.230461117482197830e-01,-1.503354612860713924e-01,3.095190762894936554e-01,-4.845751035420963609e-02,2.366514927913633201e-02,9.708072122953641941e-03,2.743166989795743915e-01,4.131554463173617991e-02,5.594427244431144919e-01,4.391053160883206519e-01,-8.879450641481463624e-02,1.695952075428932282e-01,-3.048629278726967470e-02,8.094852288999036805e-02,5.374505607366517612e-01,-1.546284098233673653e-02,5.351038346548624668e-04,-3.903474277087602418e-01,1.937144007444331628e-01,4.438874872408277855e-02,-7.440406744956278018e-02,-3.687324208766605271e-01,2.424439233839414121e-01,-9.692668090775802270e-02,6.242544622451165308e-03,-2.116530898714796827e-01,2.197064321009707388e-01,-7.258382566177712381e-02,5.411192785734127153e-02,3.059976276914448956e-01,-1.011746615072449257e-01,3.095373151253496546e-01,-1.837066586450624220e-02,3.359375200202985856e-01,-1.406166263633668208e-02,2.949754856251056712e-01,-1.158830060871347128e-01,7.481625525249259445e-02,-7.278397514585931843e-03,8.358760709561630087e-02,7.010303365155284849e-02,4.053471716976895234e-01,2.313272647071396848e-01,3.174870291961606056e-02,4.799004642886875449e-02,-1.934992096567162423e-01,1.269676892208361774e-01,-1.014837023290028062e-01,-5.063886003586935969e-01,-1.922350273551985123e-01,-1.115169150213526916e-01,7.361841677288426256e-02,-2.954325771181856054e-03,-1.712586316359891170e-01,-2.702841802207647803e-01,-5.114137294460133210e-02,-2.007189233941499285e-01,9.839427198290663645e-02,-5.549303128913658512e-01,-1.810204888387987598e-01,-1.360445682887300445e-01,1.852830715504124037e-01,-1.054651915279577884e-01,-1.629294127948658910e-01,-1.934529833904049534e-01
4.086675709083301827e-02,7.615941559557648510e-01,-7.232613656160341575e-02,1.384807216400706642e-01,1.446981792719463089e-01,-2.725048741296662858e-01,-1.734502493881529828e-01,-2.311247433363079196e-01,9.558901740885103124e-03,1.627306723692904800e-01,-9.068830389781816492e-02,6.856945684470454327e-02,-3.394986942868282731e-01,1.775669836408322599e-01,1.510367573961384768e-01,1.907428376676270632e-01,-3.987316916778191889e-01,-2.360818835379540070e-01,-2.747180437917938756e-01,-8.005787501173493304e-02,5.237167285870202305e-01,7.014794919885596058e-03,2.658198809465882675e-02,4.955025613162136744e-01,-1.722871556435081331e-01,9.716421936522490199e-02,-1.362726734602097700e-01,2.825588513737468666e-01,4.767123240355020108e-01,1.996339602103050226e-01,1.407618289101428555e-01,3.217950639060587759e-01,7.133391882481527890e-01,6.758387696590822946e-02,9.369864369797116233e-01,-1.819662304826547283e-01,-8.249244675254553683e-02,9.170243874597130973e-02,-8.592062719457808917e-02,-3.743303434980269073e-02,-8.399087145591363490e-02,-1.449129337057662725e-01,2.733830602284108013e-01,-2.302195581966204885e-01,-1.820392262891181445e-01,-1.095199670551590260e-01,1.261185948664617917e-01,1.356231176442489472e-01,6.056259209590203474e-01,-1.925344944660932200e-01,3.823766928546733501e-01,-3.398499495657320568e-01,6.945173097755678870e-02,6.279123260752839109e-01,9.458208399316786474e-02,1.212536419836253987e-01,5.656207649350201150e-01,2.852864942126659975e-01,5.295376232793134186e-01,7.368045173512527413e-03,3.221435577722802091e-01,6.165400589725217317e-01,9.642041595052741609e-02,-5.840462830999149785e-02,1.299956642717065569e-01,7.143569724756708705e-01,-6.745971098640161923e-02,-2.067757448569585432e-01,-1.281899083077112644e-01,-2.323926359222930338e-01,1.122797759282435082e-01,2.916358628791779206e-01,9.603992376557349275e-02,1.205667866106406305e-01,2.397971551320562389e-01,-2.185797884595829244e-01,-1.704036820718536627e-01,-3.519603787194079958e-01,-1.559019669930842567e-01,-1.474094177337492984e-01,2.833384450701698087e-01,2.059223527487634708e-01,3.285919654635405251e-02,4.982303275507160567e-02
1.747737841364494504e-01,-7.232613656160341575e-02,7.615941559557648510e-01,8.460070743377162000e-03,3.871963457646262485e-01,-5.420179442220242061e-01,-1.366918280049548018e-01,-1.169066146109051241e-01,6.735616714992466170e-01,-1.553613826950962229e-01,9.305149244797134012e-01,-2.033095836056183492e-01,-2.182552223042361350e-01,4.449413544303653517e-02,5.111014058794599579e-01,-1.881567587735986369e-01,-1.651031493535997929e-01,-1.226538757690108089e-01,7.310014607911949902e-01,2.910255751165056193e-01,-3.553705194364166209e-01,2.789347710633139910e-01,1.725160952496532490e-03,-2.159742972989550924e-01,-5.253414363661879083e-01,-1.566850334291437219e-01,-5.239241023009359038e-02,2.473151589931190664e-01,-1.038260540096409557e-01,-1.693977848705162659e-01,1.576842183369621050e-02,1.880297645784644034e-01,4.070761333971487789e-02,6.690953418320347290e-02,-7.609196508371143808e-02,9.323260168491706024e-01,-2.743320725240231406e-01,6.806571390022015944e-01,-4.112858104386524216e-01,7.384477698679732310e-05,-8.379562643229905572e-02,4.565669868250880059e-01,-2.231851347366928251e-01,8.855416324226342839e-01,-2.296374750859763170e-01,-2.387215091746483775e-01,1.907379915540629578e-01,6.371536763754224175e-01,-9.281795582382545984e-02,-3.889512293162384338e-01,-1.770679976616389706e-01,4.524242434765309295e-01,4.291525683206438013e-01,-2.102121460950776566e-01,3.386748919769471122e-01,-1.081297004542961307e-02,-1.881090664428022863e-01,-5.276308845815411708e-01,-3.658393477123791926e-01,1.775089410448889571e-01,1.981149464156850282e-01,-6.673406154710960492e-02,-2.133414863088740343e-01,2.230870478127998657e-01,-1.572593943799996397e-01,4.755670234478353436e-03,-5.260938369609233778e-01,-2.629409533128684862e-01,-3.028228746416488093e-01,-3.572087979272468017e-01,-1.828975446444568997e-01,-1.806385620027470967e-02,6.654637528896047323e-03,3.570089288881295869e-02,-3.318687972883906379e-01,-1.833744126006182640e-01,-5.287396896779922306e-01,-2.377480112236476928e-01,-2.240487096711988035e-01,-3.187630108280051222e-01,4.419680601657521857e-02,-1.053753906617923147e-01,3.958831384988065194e-02,-1.055530661295347450e-01
-4.526725124107192078e-02,1.384807216400706642e-01,8.460070743377137714e-03,7.615941559557648510e-01,2.315937951937600825e-01,2.415789630793947762e-02,2.365089121371297121e-01,9.574801457762067980e-02,9.117061231476800143e-02,3.085218788507538418e-02,5.501362846188947303e-02,1.288067726738296170e-01,3.384528165241607739e-02,2.748957939834401759e-02,2.440122567803222065e-01,-3.874843387897580153e-03,-1.316596681798864188e-01,-1.343743004086830062e-01,-7.363511684756225695e-02,2.691096883545173735e-01,2.143916173925085322e-01,2.715399650531420961e-01,2.505100840356088224e-02,7.068369640580371427e-02,-1.906145390403508610e-01,1.842988128918549851e-01,1.488304659011806808e-01,3.077721831484285242e-01,2.477041774900159143e-01,-5.060719346745268937e-02,1.212945400980030564e-01,3.842081589008821685e-01,3.892996298216029327e-01,-5.103994163573206261e-02,7.471586155825060693e-02,-3.378017148982946638e-02,4.931200641412801788e-01,2.743026970895721672e-01,-7.852357926754560680e-02,2.396120290872719161e-01,1.438494468131423787e-01,-5.366345973120220658e-02,1.486743573729976953e-01,3.153307081491291738e-03,1.760315378881577852e-01,1.123329142270916708e-01,1.847439480652720567e-01,1.798462744232159072e-01,2.461278258976482003e-01,-8.013487408763711461e-02,3.148939195728573531e-02,-2.002738634008233709e-01,1.753085979046970222e-01,2.600005396980504813e-01,2.127660652114157780e-01,7.217432546675392468e-02,2.418956304602213336e-01,-6.688683463177139132e-02,2.002369998269701024e-01,1.836981550357984216e-01,2.388841782149070392e-01,2.659346517676287602e-01,9.572468522344083908e-02,8.744423323479799670e-02,4.372950908714516582e-02,2.598805152114073147e-01,2.251097641158398069e-02,-2.809215399348831410e-02,-7.126282636723629826e-02,1.300040629589868657e-02,2.086655381146107491e-02,4.074859831040608116e-01,2.608304463637993176e-01,-3.499506315618346186e-02,5.400323723218044408e-02,-5.666106116079794308e-02,-5.911428107836895485e-02,-2.208851057181590860e-01,-5.379400863333311245e-02,-4.469716388391554301e-02,2.853519934113437628e-01,5.402995526125253800e-01,3.072939408096458935e-01,-4.752071223191595833e-02
1.013104187201484402e-01,1.446981792719463089e-01,3.871963457646261930e-01,2.315937951937600270e-01,7.615941559557648510e-01,-1.419629543129926064e-01,4.263490537428615834e-01,-2.302141328103472218e-01,6.648688175078036888e-01,1.104220455419938074e-01,3.895217026971655172e-01,-2.624559701690263314e-01,-2.418951357525388757e-01,1.966712554743566266e-01,5.500815875874229821e-01,2.131117937210672830e-01,7.903409989762967547e-02,-1.136200449136210849e-01,2.713920240413595364e-01,4.403714084099327741e-01,-1.258340967598286786e-01,5.053850312204544171e-01,2.229973969027522138e-02,-3.138717842990896845e-01,-1.118660016128981416e-01,-1.115039010914316148e-01,6.919478634942416440e-01,2.876503268901239863e-01,4.084105042236533811e-01,-6.485546564414282344e-02,7.840143431054605316e-02,2.570066391008726803e-01,2.549537301711919390e-01,1.127186868541341508e-01,2.089419597950331609e-01,2.844565593367640033e-01,-1.341295094056245141e-01,6.304763032937720224e-01,-5.560208494516297173e-02,4.992166235768001892e-01,-1.519352007040380981e-01,3.834397836750557120e-01,1.564241086832082739e-01,2.910971148838157885e-01,-2.224193470863662647e-01,-1.070196828662688393e-01,4.826688959279147317e-01,3.998271129016567338e-01,4.039603322343213732e-01,-3.245812780286154529e-03,5.912483413897188372e-02,8.167772825448894880e-02,4.304369669109868179e-01,1.027809650135072528e-01,4.783725363730744196e-01,-8.899130410245327180e-03,-2.451870667976440987e-01,1.256280769716925641e-03,5.157710816192780795e-02,6.831594922251909008e-01,1.471334615993174499e-01,3.960154789817784682e-01,-1.945796783577178057e-01,7.220774711154077583e-03,-3.044276438823282915e-01,2.693206184260936165e-01,-2.959987044972726133e-01,-3.187943315732809091e-01,-2.492083845811054743e-01,1.342469960854517086e-02,-1.789929790796653264e-01,6.202124297396127695e-02,1.598266044613955716e-01,1.095593641899764992e-01,9.621390222957845392e-03,-2.579180179958349695e-01,-3.826543994850253871e-01,-2.979057802468251248e-01,-1.948061720188671297e-01,1.068434366128285726e-02,2.030659008006709398e-01,-2.928312879329507748e-02,1.157139332306625704e-02,-6.007267305499969234e-02
7.750424584194884337e-02,-2.725048741296662858e-01,-5.420179442220242061e-01,2.415789630793944293e-02,-1.419629543129926896e-01,7.615941559557648510e-01,2.215342645496943541e-01,3.804080836077398664e-01,-4.719143681828023573e-01,1.481904320263033037e-01,-5.732697350047096796e-01,2.664275435811109261e-01,6.433461604199867123e-01,-6.101482235804487134e-03,-3.642210770531245090e-01,3.298836792532378603e-01,6.026556952177261062e-01,4.363443696657225424e-01,-4.202739590813359682e-01,-2.819835069517951931e-01,9.849253142600551680e-02,-1.454732034676786134e-01,2.174940811873228852e-01,-6.854332953649402982e-02,5.610601890779101097e-01,4.049734946088946463e-01,2.397842022708705223e-01,1.044432471008201052e-01,6.422104817432310042e-02,1.164079887707542282e-01,1.404376713847195202e-01,-1.181743143431747967e-01,-2.665152507999782872e-01,9.511323040340656509e-02,-3.693473274296594222e-01,-5.669926341519158086e-01,-1.696959164424582944e-01,-4.881895535720031098e-01,5.576306539467631440e-01,-1.235612294173790010e-01,-1.323752807006760984e-02,-4.307670861267337004e-01,-2.009524204400389980e-01,-5.260182689120221911e-01,1.495941776561359182e-01,2.409108800552780816e-01,-1.506269325275531590e-01,-4.935692973417466489e-01,-9.550286110750566548e-02,2.003041963088221800e-01,-3.832761362779657510e-02,-4.107649196628769817e-01,-2.529742247786835319e-01,-4.633512897052323443e-02,-2.263457333509914515e-01,-1.506288228620237257e-01,-6.938824850991590076e-02,1.997246915814575030e-01,-4.016742887834263975e-02,-7.065564328171776431e-02,-1.467239675567623414e-01,-1.365213232532918597e-01,4.041230294477880097e-02,-2.512313102154726252e-01,-1.601194308015167767e-02,-2.411727056624672072e-01,1.979694995585984663e-01,-1.065079879708947241e-01,-1.157409208835279146e-01,1.150977832685773639e-01,5.715884446982712891e-02,8.800514303319069420e-02,-3.093811458293034278e-01,-2.621042389009524687e-01,3.547827878677894398e-01,2.855603688874810975e-01,4.916519227046326490e-01,-2.297950788099701047e-01,-1.501351467395948235e-02,1.397830164669985054e-01,-2.073563351247156156e-02,-1.927054204364601342e-01,-2.269446176810304971e-01,-2.282715472539487422e-01
-9.065684548496330541e-02,-1.734502493881529828e-01,-1.366918280049548018e-01,2.365089121371297676e-01,4.263490537428616389e-01,2.215342645496943541e-01,7.615941559557648510e-01,-3.385431259764460910e-01,3.744273211713694538e-02,5.409213331315840811e-01,-2.196606216301740244e-01,-1.977455586585789848e-01,1.448483641917152308e-02,-1.282824009756396433e-01,9.207865838712776807e-02,3.683262130721060568e-01,4.013848427221394788e-01,-1.430138711780801208e-02,-1.634550451293562690e-01,9.827197253151161160e-02,-1.552641249344868801e-01,1.860754872312272434e-01,-1.846956258618768498e-01,-4.028248720546351302e-01,4.022846606758571086e-01,-1.120015191250066239e-01,7.308543201632184960e-01,4.902305418459332320e-02,4.557463736847447433e-01,-5.026093595120231100e-02,9.099250002563058493e-02,1.189765788986619915e-01,3.692149493655347975e-02,-1.200216134821777830e-02,-9.008605290722297709e-02,-2.494556995578587899e-01,-8.977476965755672167e-02,-2.733463651131206040e-01,-7.033698887745677697e-02,6.251256992790619194e-01,-4.228934437575908589e-01,-6.884166516612143238e-02,4.152482533604614501e-01,-3.236994101023890624e-01,-2.392095527368088836e-01,-1.130701908305022096e-01,-2.614301828064990660e-02,-9.075436872541762243e-04,2.630858276027048248e-01,7.485217127842221096e-02,6.504115241505834845e-03,-2.389163052238841012e-01,4.099702796822690676e-02,-1.357451491325309678e-01,1.253675468833123918e-01,-3.314200435478456552e-01,-3.251703449358422926e-01,2.080489735732070355e-01,-1.208195697763417287e-01,5.913370738298662221e-01,-1.509112389955529765e-01,3.581519994485424241e-01,-1.644116566099008969e-01,-2.307528827253303438e-01,-2.511476284119835145e-01,-5.550074935697497241e-03,7.980857803623567226e-02,-2.659437931571776992e-01,-1.365518442157087620e-01,1.283228657525596339e-01,-5.116444987512579895e-02,-7.397694603056843843e-02,-6.591228213295358129e-02,6.238313989837428880e-02,2.187837049396002542e-01,9.131973363478923522e-02,1.176388494673830110e-01,-3.067473348574787373e-01,-4.274705285034956226e-02,1.408293124762109993e-01,1.765321599869291158e-01,-1.286056725091705155e-01,-2.260598651386909463e-01,-1.405390329327928511e-01
-1.286267425875017578e-01,-2.311247433363079196e-01,-1.169066146109051241e-01,9.574801457762073531e-02,-2.302141328103471940e-01,3.804080836077399219e-01,-3.385431259764460354e-01,7.615941559557648510e-01,-4.072810008813437244e-01,-7.071312178458943887e-02,-7.919167492466089309e-02,5.994468518954080283e-01,1.285616846438892291e-01,2.747115216732342047e-01,-1.091693314140025350e-01,-2.229956034527882935e-01,-3.624308926557205657e-02,2.274187589038006302e-02,-7.838278085635018433e-02,-2.630908199691174842e-01,2.304891885809145224e-01,-1.645615603982005515e-01,7.007707572872853286e-01,3.259128928083127041e-01,-9.288559821559942697e-02,3.294354121066820351e-01,-1.354810495332217368e-01,1.340280966096242532e-01,-5.210203461690856575e-01,2.584623273355345363e-01,2.142849887517422197e-02,-3.508245647396350531e-02,-2.030642003941076912e-01,-6.862455023840263735e-02,-3.933064683339239087e-01,-7.985908364249556801e-02,7.341027411780201573e-02,-2.996108662612277374e-01,1.342896957879681219e-01,-4.679100472411369394e-01,7.359186903024697024e-01,-4.423367286484188310e-01,-2.723374677639330277e-01,-6.552510058663526399e-03,6.056445110540974452e-01,9.145045931687070459e-03,1.577035021838019968e-01,-2.287004138104324347e-01,-4.371373737433883466e-01,-2.735890948798639366e-01,-3.136390578542628260e-01,-1.499913331589895239e-02,-2.524680092187668312e-01,2.636600824351584618e-02,-2.622118727290573270e-01,3.756553986034976145e-01,2.774713065884026886e-01,-3.144465112140085172e-01,-1.919630830988611203e-01,-3.647352068151100690e-01,4.829144369226156391e-02,-5.758349786352370270e-01,1.317620105524859031e-01,3.316722846251433238e-02,7.268887409982081882e-02,-2.889200852656067520e-01,-2.301883310753944090e-01,7.240767174638293446e-02,-2.087356500252985914e-01,-1.580137608232761448e-01,-2.334093730605321312e-02,4.111098331498799774e-01,-1.481162091646267831e-01,-1.591538581052929710e-02,1.914181022590683567e-01,2.057913748274057542e-01,2.084240766996416083e-02,-2.670547793396127467e-01,-2.368971904723994326e-01,-1.716235114831885789e-01,-9.375878293043800327e-02,1.971029810777299163e-01,-1.240217070858355558e-01,-4.624637882450969434e-02
1.784004639266964232e-01,9.558901740884936590e-03,6.735616714992468390e-01,9.117061231476801531e-02,6.648688175078035778e-01,-4.719143681828023573e-01,3.744273211713689681e-02,-4.072810008813437244e-01,7.615941559557648510e-01,-8.122524419375566629e-02,6.951084065227733921e-01,-2.762627881843925937e-01,-3.100105515195480943e-01,-7.771356539149459897e-02,4.858590062146518340e-01,1.353697765308669448e-02,-9.322744953335249107e-02,-9.171352891589579226e-02,4.220743664867381839e-01,4.745239884386141527e-01,-3.258985581510130403e-01,4.266370858168787028e-01,-2.748808893493934202e-01,-1.881971885023114854e-01,-3.840241475196251586e-01,-2.354740439127247509e-01,2.188486714127386712e-01,1.842429615320224090e-01,9.827123306001273040e-02,-1.795791916575214808e-01,8.123250969919001974e-02,1.185062029498028940e-01,1.684530456658614173e-01,-5.799730839588159576e-02,4.579702892241865192e-02,6.302097003503280837e-01,-2.763683492085006743e-01,7.450749944671267722e-01,-3.357662123131539000e-01,2.068421020947502631e-01,-3.110133232580869489e-01,8.028918778687329505e-01,-4.212284996407316545e-02,5.769346193308360071e-01,-2.999306195510820228e-01,-2.609835997496004478e-01,5.956403124815608241e-02,5.132220568569310082e-01,1.038279965911737546e-01,-9.852918823095510592e-02,-1.568702091930714720e-02,2.195366224498043195e-01,5.215377522187850667e-01,-1.828457579517134834e-01,4.441226100513499531e-01,-2.535805991003787230e-01,-1.990472659560478530e-01,-3.323862428633231336e-01,-2.796851477150854581e-01,4.544097315926061698e-01,1.671490209492155210e-01,1.281111271033999743e-01,-1.520498166090611947e-01,1.182883242632107451e-01,-2.376368892878706340e-01,2.120189334322280794e-01,-4.951800682038936530e-01,-3.379674316680892909e-01,-3.379869057735156446e-01,-2.889707372846367917e-01,-1.555919256012689711e-01,-7.167455247938333586e-03,1.127470865913930559e-01,7.283541244217464627e-02,-2.191967910874146330e-01,-3.025546041819564547e-01,-5.129692171756773389e-01,-3.301917758553337690e-01,-3.014145879294858887e-01,-2.155574077118594667e-01,8.604022144004505601e-02,-9.082549391193320276e-02,1.039765062690402586e-01,-1.672605591814416981e-01
4.277862141137601937e-02,1.627306723692904245e-01,-1.553613826950962229e-01,3.085218788507540499e-02,1.104220455419938074e-01,1.481904320263033037e-01,5.409213331315839701e-01,-7.071312178458943887e-02,-8.122524419375568017e-02,7.615941559557648510e-01,-2.295062127521379503e-01,3.395810693483453657e-01,7.505726283161573420e-02,6.532107390151367654e-02,-7.283149323551731114e-02,6.092199084173477441e-01,4.855006530043632917e-01,5.355626999150204792e-01,-1.588110441898749337e-01,-1.305875084870406766e-01,4.217792455422361697e-02,7.526960806359400680e-02,-1.801220167831696917e-01,2.738391313282633743e-01,6.793393580428030987e-01,3.861300657379287959e-01,4.219263071243491980e-01,1.495655403443756359e-01,2.272924547338867896e-01,4.177994369012262288e-01,1.183686546534342549e-01,6.695280584869438278e-02,3.979128545642295761e-02,1.083220615674393983e-01,1.189595759540171827e-01,-3.174849887453470854e-01,-2.700789573416482181e-01,-1.729069030747800439e-01,-2.134415532569963053e-02,2.848889507720208658e-01,-2.564550025825571011e-01,-9.580105829835929010e-02,6.380096404248545294e-01,-3.019089606108351642e-01,-5.277884322782133708e-02,-6.697272581363977739e-02,5.255514408649314406e-02,-1.834053150401238619e-01,3.376087258242186362e-01,4.265143075482780710e-01,5.361895606634113909e-01,-1.854551558236612607e-01,-5.095607076482283615e-02,4.916221024528522575e-03,4.786608927645039091e-02,-3.226331190551750550e-01,2.214027525178249300e-01,5.056902995325953665e-01,1.979379636745583204e-01,1.899304257700957232e-01,-5.280608636383705284e-02,9.724344260981933330e-02,3.239543618962206217e-01,-2.752950930713636835e-01,-2.163306513161213362e-01,3.170019882245790621e-02,1.836088009857574088e-01,-2.135439037541523588e-01,5.001106242222019133e-02,8.984653005665919553e-03,3.755088785899306919e-02,2.372211216629239172e-01,-5.369406439291048161e-02,7.453423655852149665e-02,3.656018809970039141e-01,1.693615057516869304e-01,3.924229874962256170e-01,-3.584368474796875703e-01,1.768668693891139662e-02,-4.220762258217649471e-02,2.657269921578567229e-01,1.464149714950046394e-02,-2.947828789344045242e-01,-2.597526761640828741e-01
3.750261740814479772e-02,-9.068830389781816492e-02,9.305149244797134012e-01,5.501362846188942446e-02,3.895217026971654617e-01,-5.732697350047096796e-01,-2.196606216301740244e-01,-7.919167492466096248e-02,6.951084065227733921e-01,-2.295062127521379225e-01,7.615941559557648510e-01,-1.427776243581269644e-01,-3.204470014416644918e-01,1.109453254296037666e-01,4.841970137194612778e-01,-2.313200177810807723e-01,-2.779952433701226577e-01,-1.880721196610958545e-01,6.997160747034698591e-01,2.850620590983428126e-01,-3.128646858246230678e-01,2.315372125624185484e-01,-2.669112239912310724e-02,-1.431407395809045913e-01,-6.311404895398070591e-01,-2.350408678755857850e-01,-6.124760404194765778e-02,1.264623819110133052e-01,-2.015649537770384248e-01,-1.523379043811083910e-01,-3.234849063496222227e-02,1.505160693996791532e-01,5.114459661577915039e-02,-9.713653615365465399e-02,-1.151994553172851071e-01,8.658594343611938360e-01,-2.602490203840704397e-01,6.920776513129839325e-01,-4.567318069943436809e-01,-2.824114448465772295e-02,-4.553811637694640639e-03,3.702220454785665749e-01,-2.082564259453123512e-01,8.989208751377366635e-01,-1.700569258533751182e-01,-3.153387931128865396e-01,2.426073788645036478e-01,5.854257431481729723e-01,-1.610074943771472589e-01,-4.085176778230828476e-01,-1.803953487062432692e-01,5.159864882875804248e-01,4.372527450648495684e-01,-2.477055508919578097e-01,2.732999487484038537e-01,4.602045483362802829e-03,-1.815064340940652221e-01,-6.210539924240428000e-01,-3.995623826091729835e-01,1.396426517087108465e-01,1.725422680079307103e-01,-1.551493980697642161e-01,-1.834088306487015874e-01,2.751644775428245815e-01,-1.918567293856459077e-01,1.486332950056476650e-02,-6.490116434421026037e-01,-2.238913869892282804e-01,-2.992166672854221776e-01,-3.392419039169849437e-01,-1.770049968639752502e-01,1.458430675752755423e-01,8.091182113471755144e-02,1.075980033915694689e-01,-3.304870487356735276e-01,-2.632001539659538092e-01,-6.623617570358483198e-01,-3.015338965191610709e-01,-2.666749198766139028e-01,-3.122533637948041729e-01,7.810185708805036930e-02,-4.570016220476154356e-03,8.029438623994594737e-02,-1.175472053041453774e-01
-9.221618512280034541e-02,6.856945684470455715e-02,-2.033095836056183492e-01,1.288067726738296725e-01,-2.624559701690263314e-01,2.664275435811109816e-01,-1.977455586585789848e-01,5.994468518954080283e-01,-2.762627881843925937e-01,3.395810693483453102e-01,-1.427776243581269644e-01,7.615941559557648510e-01,1.946431348834789243e-01,2.138670575944310870e-01,-7.354200883287834167e-02,-1.981555711118438909e-02,-1.425603711990717365e-03,2.072957827566158096e-01,-1.556731011233163375e-01,-9.988971598171027255e-02,3.859334385278166968e-01,-3.992279789537479112e-02,2.994878186149874666e-01,7.314462896871523068e-01,8.867582865167428219e-02,4.474467433094551638e-01,-8.947449026631180968e-02,2.419452318454727024e-01,-1.217569073054236423e-01,5.898261672912734621e-01,3.904190492484927583e-02,4.064452471477554563e-02,9.603275722141289827e-02,6.959570871657125291e-02,-1.476752080467543249e-01,-2.469592282565348240e-01,1.366456131890156356e-01,-2.129708047663615711e-01,2.024309486583143469e-01,-3.324376291473964962e-01,4.484537454390370437e-01,-2.674104470726307858e-01,2.352242604016880623e-01,-1.557620544588841915e-01,6.753082796595176740e-01,2.333859715975692972e-01,5.543964577174652353e-02,-2.184863024780609730e-01,-4.552323018375090125e-02,9.626586951440031792e-02,1.821974268793316865e-01,-1.158024468145192609e-01,-6.738276733906423122e-02,1.852718214499037563e-01,-8.829758001395572597e-02,1.918038635123220925e-01,6.073525731886919576e-01,4.692191952533098648e-02,1.144296830672162230e-01,-2.580401468001421450e-01,2.337108723423573231e-01,-1.533258600436688546e-01,5.254252745442424821e-01,1.149507674931995738e-01,-1.110028361550647637e-02,5.609447093306972609e-02,-9.624097206872452015e-02,-1.426757258905625991e-01,-1.434556532853832611e-01,-1.518519230652868590e-01,1.286802008446144840e-01,5.580877932017223042e-01,-1.043401714509623740e-01,1.494980726920704939e-01,3.461297911215296952e-01,1.592529422779736803e-01,9.592115796279639117e-02,-4.113833585938326820e-01,-2.609317035548550656e-01,-1.678252953175853046e-01,1.042914028825793066e-01,3.837344549641913960e-01,-1.939537752247982028e-01,-1.389003918101141266e-01
5.034231613970713282e-01,-3.394986942868282731e-01,-2.182552223042360795e-01,3.384528165241604269e-02,-2.418951357525389589e-01,6.433461604199867123e-01,1.448483641917154389e-02,1.285616846438892291e-01,-3.100105515195480943e-01,7.505726283161567869e-02,-3.204470014416644363e-01,1.946431348834789798e-01,7.615941559557648510e-01,-3.693830923186364190e-01,-2.131112153616001315e-01,3.488449193199604781e-01,5.471028244644875471e-01,7.337048772238710104e-01,-1.951968412041604206e-01,8.367832715548846612e-02,-6.995930731085037158e-02,8.863488581213849193e-02,-1.362296832012020176e-01,-3.806944983399943722e-02,4.056247599813834204e-01,5.352855093410754383e-01,6.146765126379077904e-02,2.127829954798234890e-01,2.173342300796169968e-01,1.934778697379961054e-01,2.172736990607826990e-01,-2.221148012988679588e-01,-3.114925852764822700e-01,2.941776102272118387e-01,-4.132592792109276436e-01,-3.859801044068559284e-01,-1.917872969806345695e-01,-3.322384747026336793e-01,2.396025718288355144e-01,-2.019476137335290689e-01,-3.408799163883862171e-01,-2.875245378815612374e-01,-2.444230113505071744e-01,-2.864623138403384894e-01,-1.087524420620973875e-01,3.846641994664630748e-01,-3.089173194202039507e-01,-3.242642082473645715e-01,-2.358633168987469067e-02,2.083779822430518458e-01,1.875561619133540858e-01,-2.253515167773881833e-01,1.959529110744968189e-02,-1.318789527283498464e-01,4.008455390855591993e-02,-2.915127584435194263e-01,-1.216682471254288272e-01,1.653744039413013456e-01,1.279238366402186966e-01,-8.255469885499297500e-02,2.578351532669014793e-03,1.294125487157514638e-02,2.447117763352779363e-01,-5.949396429228531735e-02,-1.994351964027372970e-01,-2.967366150118675439e-01,4.412193930902598427e-02,-2.530127107477628812e-01,-2.177145140403880241e-01,-9.736924145336368908e-02,1.303490789438539188e-01,-8.585393229818226446e-02,-3.078133452927822589e-01,-3.892591530597547256e-01,2.446286681245996020e-01,2.100508903551894790e-01,3.706301831208203001e-01,-4.183348024088847095e-01,-1.242720998332977195e-01,-4.194447915169158964e-02,4.555381500170355841e-02,-3.060166102701547541e-01,-3.391467299760814735e-01,-3.554127356560300433e-01
-5.093292447570549331e-02,1.775669836408322877e-01,4.449413544303653517e-02,2.748957939834397596e-02,1.966712554743565711e-01,-6.101482235804431623e-03,-1.282824009756397543e-01,2.747115216732342047e-01,-7.771356539149459897e-02,6.532107390151364879e-02,1.109453254296037666e-01,2.138670575944310592e-01,-3.693830923186364190e-01,7.615941559557648510e-01,1.263223484735529201e-01,7.605238042352649441e-02,-3.449423322511218498e-02,-1.270022613608985662e-01,2.980368517714877541e-01,8.948188872400954230e-02,1.424491986139395927e-01,1.546878700069801993e-01,3.533509707487830775e-01,2.172798226890008122e-01,-4.505340214459481463e-02,-2.503339163577398413e-02,3.696216659461113441e-01,1.163143856703013068e-01,1.408328794055272726e-01,-7.517894991826845619e-02,-3.535238489984339760e-01,2.046693642646980615e-01,2.660362017363963050e-01,9.457017487525624932e-02,1.726972876372700749e-01,-5.300397645600628260e-02,7.200192183721530748e-02,-1.026665368174982801e-01,1.669204999332658812e-01,-2.809971478000440337e-01,3.876666352297861717e-01,-2.559998469553823597e-01,8.932037932224343169e-02,-6.195599319393311349e-02,3.573816324337608097e-01,-1.364942636085215988e-01,3.936840368644372590e-01,-2.632956510524758417e-02,3.146467932786637944e-01,-4.884611906663231806e-02,2.124793421062070586e-01,1.992222334967156117e-01,8.238908027444748206e-02,1.728318940504188495e-01,2.289693876085048263e-01,3.136220847798505407e-01,2.709156057929822392e-01,1.175121254494817247e-01,1.438395710212584111e-01,1.950239279630043010e-01,2.591808731580716452e-01,1.334697732311322382e-01,7.299575781785734574e-02,-7.535145448165553317e-02,1.620977673258906099e-02,3.543594887480566169e-01,-9.362098115681513621e-02,-1.373097836912997582e-01,-4.917576947684797889e-02,1.967936557496663685e-01,-2.783287605975607974e-03,2.378455120035132264e-01,6.196396859228212733e-02,3.874674187536233938e-02,-6.989043076600745530e-02,-2.372674473441916711e-03,-2.376426187187050676e-01,-9.240171536691001164e-02,1.932944234627644378e-02,2.348127933315870552e-01,1.195930826131146596e-01,1.519456368046114836e-01,-3.898666952037524729e-04,1.693941169135380898e-01
3.692634869217977650e-02,1.510367573961385601e-01,5.111014058794599579e-01,2.440122567803222065e-01,5.500815875874229821e-01,-3.642210770531245090e-01,9.207865838712780970e-02,-1.091693314140025628e-01,4.858590062146518340e-01,-7.283149323551728338e-02,4.841970137194612778e-01,-7.354200883287839718e-02,-2.131112153616001315e-01,1.263223484735528923e-01,7.615941559557648510e-01,-6.648391384268964588e-02,-7.382315225268250292e-02,-2.434989818436852915e-01,2.115040565281820495e-01,5.689739736960937044e-01,-1.390545050174798840e-02,5.723945155258575168e-01,-4.576455720252551457e-02,-1.609844023971669369e-01,-3.410991796213910798e-01,1.211094824243457990e-01,1.087083304290440422e-01,2.807178978773805511e-01,2.575098636199510960e-01,-1.987192155369018609e-01,1.101834628074609412e-01,4.623548814105264415e-01,3.098715868352154290e-01,-7.699395053433198688e-02,2.606495221790406380e-01,5.000816048912279932e-01,3.055578250857457837e-02,5.746148283109890897e-01,-4.251424299916246596e-01,3.147726638204372263e-01,-1.244820461611799572e-01,2.797776779286748061e-01,1.132587890639085715e-01,4.802332221424505665e-01,-1.617712785889672752e-02,-9.360588549378022483e-02,3.861061022973751866e-01,8.956117843974275017e-01,9.999192376020374362e-02,-1.573684811885876778e-01,-1.502745892537088179e-01,1.931864212440131678e-01,5.073754067828648573e-01,1.089964497939231863e-01,4.990589730657800649e-01,-1.758467757922896613e-01,-1.456436241078274685e-01,-2.955919579950495035e-01,2.980577247527425172e-02,9.901105903969327493e-02,3.900604891901788829e-01,2.235198074191072359e-01,-1.949493667281089193e-01,2.519850741875890310e-01,8.280061173879872671e-02,2.849361779367876046e-01,-2.828322868403498891e-01,-9.653207184195482238e-02,-1.142102737513879251e-01,-1.336024756642039124e-01,-4.176998519438989699e-01,2.119424524936367737e-01,1.291461310956916464e-01,1.448517746967542263e-01,-3.325678567005269093e-02,-3.796591816705986444e-01,-2.071132114568542959e-01,-1.344598721001547259e-01,-1.167936448180033199e-01,-9.381362842916983469e-02,9.776970824143979555e-02,3.673364729634064352e-01,2.526315676358972806e-01,-5.413828703267420384e-02
4.768376376011763673e-01,1.907428376676270632e-01,-1.881567587735986646e-01,-3.874843387897614847e-03,2.131117937210672553e-01,3.298836792532378603e-01,3.683262130721060013e-01,-2.229956034527882935e-01,1.353697765308669448e-02,6.092199084173477441e-01,-2.313200177810807445e-01,-1.981555711118442378e-02,3.488449193199604781e-01,7.605238042352652217e-02,-6.648391384268959037e-02,7.615941559557648510e-01,4.797035679334961666e-01,7.000162565011730509e-01,-8.300079565685179739e-02,-1.178993147093484184e-01,-4.255738503457067584e-02,2.648421141282353286e-01,-1.900681073303757684e-01,-5.829495181051109337e-02,5.177484940774367272e-01,4.869626601044518832e-01,2.548638103520215470e-01,3.360919287964952429e-01,3.998895174871702207e-01,9.015311089366849495e-02,2.695010366591729656e-01,9.908174048829780645e-02,1.285795443584640541e-02,2.948805309359896487e-01,1.508167295766746907e-01,-3.131629049581393653e-01,-3.330097581160729181e-01,-9.760456273103289282e-02,1.166064475441212639e-01,2.045590768843418839e-01,-4.503633845642778244e-01,-5.645121741993570919e-02,3.194912073982700829e-01,-2.721827280097982582e-01,-1.689154803181876219e-01,-6.518687857936891761e-02,-3.612647279186007726e-02,-1.242316722663842771e-01,5.061423642930730216e-01,3.423078819819482810e-01,4.389449468812090527e-01,-1.549025981070185631e-01,-6.421091848060739293e-02,2.150135828523964121e-01,2.085815381260785195e-01,-3.202298667165120460e-01,1.695196994683879216e-02,5.361219953652089920e-01,3.520877193974458197e-01,1.580919331555922513e-01,-5.335642380571573723e-02,1.821028747367759160e-01,-4.508801235430046767e-02,-2.036594596307237937e-01,-1.416090994727712271e-01,-2.346608304683657845e-02,3.921750951742307700e-01,-1.482095477080797030e-01,2.286189238442483951e-01,2.110519575311544938e-01,2.256768896191593265e-01,7.900049454894664258e-02,-3.437406314116099593e-02,-5.958822547676402570e-02,3.993396280904717432e-01,7.693080554749937017e-02,5.035679978663643031e-01,-2.491437555509390112e-01,2.332386231476675231e-01,2.080930851039131946e-01,2.212881750348014709e-01,-1.515027555240718304e-01,-1.591965490790162585e-01,1.351809917715137387e-02
1.049948556197377869e-01,-3.987316916778190778e-01,-1.651031493535998207e-01,-1.316596681798864188e-01,7.903409989762973098e-02,6.026556952177261062e-01,4.013848427221394788e-01,-3.624308926557205657e-02,-9.322744953335247720e-02,4.855006530043632917e-01,-2.779952433701226022e-01,-1.425603711990717365e-03,5.471028244644876581e-01,-3.449423322511221274e-02,-7.382315225268248904e-02,4.797035679334961111e-01,7.615941559557648510e-01,6.470133695107839200e-01,9.395139932797019755e-02,4.524464223342681418e-02,-1.976207037077559459e-01,1.624421471091323232e-01,-2.620109407818081437e-01,-2.848111222807356291e-01,6.201038054234707664e-01,3.829669480233862111e-01,3.043772077913072804e-01,-1.849612968023919002e-01,-5.528305040453537940e-03,2.175402383734746370e-01,9.781961033913141867e-02,-2.763815692959281090e-01,-3.960583573171325700e-01,-1.437090918478752810e-01,-3.933557587730625027e-01,-3.372540647079594334e-01,-3.421223347280713534e-01,-2.666374712159085836e-01,1.203998730492679137e-01,1.729525915040825146e-01,-4.210967297626746486e-01,-1.178527110120429350e-01,2.435709096429888171e-02,-3.772945285544781480e-01,-1.755358500338290995e-01,-7.322752844095455071e-02,-8.865853332761390593e-02,-1.852351325828131834e-01,-5.176361047882853395e-02,5.732287497069681326e-01,7.683532438300257061e-02,-4.985158755129560915e-02,3.736250722920814778e-03,-2.457979696465691921e-01,5.385069450697594490e-02,-5.070739549519689415e-01,-2.977789466498195758e-01,3.862329614226872043e-01,2.880771446562152213e-02,7.471297094654087700e-02,-3.921634301892353291e-01,-1.543233489324796481e-01,9.114988824205094708e-02,-2.329175244568350289e-01,-2.921199044994031158e-01,-3.261881044252163964e-01,2.547611090864281835e-01,-1.373688626448035799e-01,-5.140242833327647587e-02,5.905769157418306464e-02,8.434379073698564100e-02,1.533777790370920158e-02,-2.496132676140865037e-01,-2.283316653690336817e-01,1.639135431269136411e-01,2.452582010200404228e-01,5.035867821388934074e-01,-2.606672914525256513e-01,9.942154046530651823e-02,9.568822874323076877e-02,2.312844758699797790e-02,-2.523197547784175598e-01,-3.526813809937823230e-01,-3.796853259403836223e-01
5.126396265940755814e-01,-2.360818835379540070e-01,-1.226538757690108644e-01,-1.343743004086830339e-01,-1.136200449136210294e-01,4.363443696657225979e-01,-1.430138711780802596e-02,2.274187589038003526e-02,-9.171352891589576450e-02,5.355626999150204792e-01,-1.880721196610957713e-01,2.072957827566157818e-01,7.337048772238708993e-01,-1.270022613608985662e-01,-2.434989818436852915e-01,7.000162565011730509e-01,6.470133695107839200e-01,7.615941559557648510e-01,-1.589640649632172512e-02,-1.375938775100354616e-01,-1.537310654540992583e-01,1.017021350508719307e-01,-2.199628500031876599e-01,1.327970057301157934e-02,5.234353163485663263e-01,5.724501719328607408e-01,-1.262767647249472304e-02,1.707599709386449782e-01,3.960922881555706959e-02,2.760334398856295057e-01,2.593788554354787834e-01,-2.347506794552192411e-01,-3.745936031150627898e-01,2.561965735137184952e-01,-2.850309417213313656e-01,-2.405247068197639837e-01,-4.437281265111093775e-01,-2.639732600542648577e-01,7.304129736847626841e-02,-2.133257542989182576e-01,-4.082251278380493176e-01,-1.088807015662290045e-01,4.798857945706471589e-02,-1.952626334702519673e-01,-8.618297870348928802e-02,6.809317126611521241e-03,-1.351750796129418952e-01,-3.271499513255684555e-01,-3.165216241135342806e-02,3.960781679921395182e-01,2.012617463606767854e-01,-8.350114310280774832e-02,-1.547566335466371013e-01,-1.502740285905282691e-01,-2.450591989899108050e-02,-3.743886185294768021e-01,-1.950534764134796012e-02,3.031791247491196217e-01,1.090598359506503856e-01,-1.714256732993067189e-01,-1.697753472215552117e-01,-2.284434428710407639e-01,1.717100416608800806e-01,-2.010877665678753035e-01,-2.736475660585538927e-01,-4.022636312034885697e-01,2.156606059474835413e-01,-2.514352595412716607e-01,6.536028521753974030e-02,1.961989704684621860e-02,2.617351502406161101e-01,2.336716862833583888e-02,-2.881357875489545251e-01,-2.695468988978547142e-01,3.707755822890537734e-01,2.803140634372382478e-01,5.094863165698536589e-01,-4.072205828658210791e-01,8.994816854504222858e-02,3.813960954826848583e-03,5.204239425130079838e-02,-2.479334822590353871e-01,-3.772184254358668110e-01,-2.525234585854085334e-01
1.443276874828044454e-01,-2.747180437917939311e-01,7.310014607911951012e-01,-7.363511684756225695e-02,2.713920240413596474e-01,-4.202739590813358572e-01,-1.634550451293562690e-01,-7.838278085635021208e-02,4.220743664867380174e-01,-1.588110441898749614e-01,6.997160747034698591e-01,-1.556731011233162543e-01,-1.951968412041604206e-01,2.980368517714876986e-01,2.115040565281820495e-01,-8.300079565685190841e-02,9.395139932797018367e-02,-1.589640649632169736e-02,7.615941559557648510e-01,1.012339930703627655e-01,-4.902194418680727028e-01,7.572494382842442917e-02,-1.585581051753348347e-01,-2.641367416099423271e-01,-4.824486794093037489e-01,-2.582370417957854380e-01,-1.971527455549992591e-01,1.743550697326874954e-01,-2.996824074408269700e-01,-1.156360526758689472e-02,-3.732409669078987774e-02,9.121739004258996864e-02,-1.565328194916267568e-01,4.847780477718447584e-03,-2.733966721927980625e-01,5.837296146075278136e-01,-4.792096225622075045e-01,2.611942275087156262e-01,-4.008339646689754732e-01,-9.269638667237940777e-02,-2.191265896499249854e-01,2.312868998772886486e-01,-1.905868610171943256e-01,4.962250192770047419e-01,-2.073464804008821050e-01,-3.457477186641279010e-01,2.835543376490812784e-01,2.395056132755136735e-01,-1.407766808375743861e-01,-2.134366127542280667e-01,-1.571709931939396510e-01,8.218702721173182235e-01,2.787467156370744270e-01,-4.358451720883305125e-01,2.209206695331174808e-01,-2.626580604320463697e-01,-2.555696136674824315e-01,-5.709090942840668870e-01,-4.528812751236964140e-01,-2.229943337023202257e-02,6.476680974869479523e-02,-3.291604429630511919e-01,-1.886940045287007761e-01,-8.746071741440025749e-02,-6.836670526384350244e-02,-1.963084039344869247e-01,-3.883715285137385731e-01,-3.430969451958263972e-01,-2.149268407305383322e-01,-3.077404817636849033e-01,-1.379974535972795791e-01,-5.769959037142966679e-02,-1.154912309400887710e-01,5.143778564048181318e-02,-2.024340827990320502e-01,-7.600008102008778965e-02,-3.256000979243347526e-01,-2.620682850563789135e-01,-1.342839220096834485e-01,-3.164715844589718885e-01,-1.497376212625282088e-01,-2.194972804396449761e-01,-2.474172995016283017e-01,-1.103292864683141222e-01
2.230461117482197830e-01,-8.005787501173493304e-02,2.910255751165056193e-01,2.691096883545173735e-01,4.403714084099327741e-01,-2.819835069517951931e-01,9.827197253151150058e-02,-2.630908199691174287e-01,4.745239884386140972e-01,-1.305875084870407044e-01,2.850620590983428126e-01,-9.988971598171025867e-02,8.367832715548846612e-02,8.948188872400957006e-02,5.689739736960937044e-01,-1.178993147093484184e-01,4.524464223342670316e-02,-1.375938775100354894e-01,1.012339930703627655e-01,7.615941559557648510e-01,-3.943601282588916623e-01,7.977572132785711867e-01,-3.348799857438523597e-01,-2.654316348561917560e-01,-5.698502530846258907e-01,-7.644710541504064205e-02,-1.293245596665976993e-01,4.871758944014608073e-01,3.007306142893160228e-01,-1.493736673028762951e-01,1.499180611553293518e-01,5.391095670145362728e-01,3.647701650236820914e-01,3.690055980146529635e-02,-4.073046262526684030e-02,2.993217982634204799e-01,-9.150449973428623207e-02,5.700879395029979646e-01,-2.957559343600515978e-01,3.841081077699496915e-01,-2.966804908685357622e-01,3.706845581563590897e-01,-1.164271448565121388e-02,3.122106249469036587e-01,-1.509336921152979460e-01,8.624491521480624756e-02,3.333631393871996362e-01,6.074325113494386530e-01,-8.682182133079680009e-02,-3.874123781995208321e-02,-9.502198928686643453e-02,1.319701925846588075e-01,8.346606313100486396e-01,-2.497323577139242690e-01,6.642881596042697900e-01,-3.356189653214791679e-01,-2.717343470429696151e-01,-4.864221981570594489e-01,-1.815427465517183425e-01,4.445156695003996822e-02,5.314299772137134337e-01,1.830560362872072633e-01,-1.619987625644440654e-01,3.246364478739548476e-01,9.080439326848148418e-02,2.955934998530274638e-01,-2.701104650049473976e-01,-2.681580766873578048e-01,-3.723433824263509551e-01,-3.343525228049474274e-01,-3.680309013348464497e-01,1.925822349527969990e-01,3.261979178781687638e-02,-5.098014462848633743e-02,-1.393121760048834090e-01,-2.730784251764003523e-01,-1.336034684115323945e-01,-3.324200991259282367e-01,-2.981922188016443154e-01,-2.913037633743850163e-01,-1.040578607641676895e-01,1.707675364259121364e-01,9.070172739132588424e-02,-2.348292556967961076e-01
-1.503354612860714201e-01,5.237167285870204525e-01,-3.553705194364166209e-01,2.143916173925085045e-01,-1.258340967598286231e-01,9.849253142600551680e-02,-1.552641249344869356e-01,2.304891885809145502e-01,-3.258985581510130403e-01,4.217792455422356146e-02,-3.128646858246230678e-01,3.859334385278166968e-01,-6.995930731085037158e-02,1.424491986139396205e-01,-1.390545050174802656e-02,-4.255738503457064809e-02,-1.976207037077559181e-01,-1.537310654540993138e-01,-4.902194418680727028e-01,-3.943601282588916623e-01,7.615941559557648510e-01,-2.433674317820619104e-01,2.065239139781008537e-01,5.647373496051997233e-01,5.134709251115935659e-03,2.024198493710336610e-01,-1.370280647236120919e-01,1.330496483086173187e-01,9.722269926579232835e-02,2.537052884430685551e-01,8.253524044377481828e-02,2.150796041580445850e-01,2.613521645624735101e-01,-1.743120853893286026e-01,4.046806982756793181e-01,-4.564293433392972998e-01,1.053762064786589736e-01,-2.353600886339257681e-01,1.108220312793357643e-01,-1.537795971437323772e-01,3.221796424483235888e-01,-4.763204490768460642e-01,1.704233840062979559e-03,-4.306053791249566665e-01,2.724415434973221362e-01,9.366114968290477349e-02,4.013979642734143843e-02,-1.181727921387440566e-01,2.215813316796424667e-02,-8.317573803216536665e-02,-6.626515187203092794e-02,-5.452016253678190205e-01,-3.493453959711684820e-01,7.018147980312298140e-01,-2.201674583169984378e-01,2.683550200287685983e-01,5.426280748851155522e-01,2.290273137503019973e-01,2.901710444838359604e-01,-2.741689792471210252e-01,1.271669077433674466e-01,8.836345080009090636e-02,1.996608782257360826e-01,-2.828442783816865688e-02,2.263889598081732513e-01,2.360345676352418043e-01,5.294027893246585487e-02,-2.622860861122321419e-01,-1.816806423717248486e-01,-9.224849680511905403e-02,4.161830419466925474e-02,3.714256576488501604e-01,-2.791313759709073208e-02,3.641530448274833687e-02,3.716463861436143934e-01,6.715441385208874292e-02,1.426148743177765854e-01,-3.797795821548934359e-01,-2.555897755963000284e-01,-8.455222191541450494e-02,-1.634886123906167249e-02,2.842484494910578197e-01,1.143156429021733624e-02,1.093290322742131865e-02
3.095190762894936554e-01,7.014794919885707081e-03,2.789347710633138799e-01,2.715399650531420961e-01,5.053850312204544171e-01,-1.454732034676786134e-01,1.860754872312272434e-01,-1.645615603982006070e-01,4.266370858168784808e-01,7.526960806359396516e-02,2.315372125624187150e-01,-3.992279789537477724e-02,8.863488581213853357e-02,1.546878700069801993e-01,5.723945155258575168e-01,2.648421141282353841e-01,1.624421471091322955e-01,1.017021350508719030e-01,7.572494382842448468e-02,7.977572132785711867e-01,-2.433674317820619382e-01,7.615941559557648510e-01,-2.403187674485306735e-01,-2.188015888761675742e-01,-3.494445661551115467e-01,2.427241006213833319e-01,2.494576105231496518e-02,5.134140840320607913e-01,3.653786768290430143e-01,-2.201484824315413646e-01,1.021816195761763857e-01,5.455640048399754694e-01,2.933128133160575746e-01,1.001882431089571590e-01,6.404227314623477108e-02,2.023304781104078576e-01,-1.588917056036951991e-01,4.381317867695025403e-01,-2.835015751354987290e-01,3.547382710616829304e-01,-3.054358320221613465e-01,2.331728782466860883e-01,6.949719199836298933e-02,1.627510725994009422e-01,-1.260945331338234054e-01,-9.792829612987566379e-02,3.428114897591584831e-01,5.943536497944110764e-01,1.541650177158776225e-01,-5.823980320072199429e-02,-4.342787668265752385e-04,5.944120894859535736e-02,6.133669560813876931e-01,-2.608461424860221076e-02,7.560011547142311272e-01,-3.417232962434579302e-01,-2.133602466829833955e-01,-2.869017268200750315e-01,1.717998076939293225e-02,5.493725950490759707e-02,4.044497810579684161e-01,1.537634819383590368e-01,-2.228488458675415840e-01,1.624238866006673943e-01,6.883203773089587030e-02,1.992819345496502081e-01,-1.797117855805549780e-01,-2.648506740475196075e-01,-1.479398894782445739e-01,-1.102571219328123131e-01,-2.832014194338697832e-01,3.141630795944619359e-01,-1.145900728067427050e-02,-3.455865813340962527e-03,1.002567372545987850e-01,-2.640898690957110273e-01,4.670417359589798534e-02,-3.914788159817206292e-01,-1.488625651588746657e-01,-5.482016888713133612e-02,-4.184941970801660943e-02,1.594722972521622484e-01,-9.027076854464823746e-03,-1.280005668183058221e-01
-4.845751035420960834e-02,2.658198809465882675e-02,1.725160952496560245e-03,2.505100840356074693e-02,2.229973969027522138e-02,2.174940811873228852e-01,-1.846956258618768498e-01,7.007707572872854396e-01,-2.748808893493934202e-01,-1.801220167831696917e-01,-2.669112239912310724e-02,2.994878186149874111e-01,-1.362296832012019898e-01,3.533509707487830775e-01,-4.576455720252552845e-02,-1.900681073303757684e-01,-2.620109407818080882e-01,-2.199628500031876599e-01,-1.585581051753347237e-01,-3.348799857438524152e-01,2.065239139781007982e-01,-2.403187674485306735e-01,7.615941559557648510e-01,2.615233330791272293e-01,-1.375978390419533015e-01,1.229647359268629253e-01,1.422069224179580704e-01,2.547067646646495320e-01,-2.505117736688377006e-01,2.419808313685567133e-02,2.645551644784766704e-02,1.576106993021980651e-01,1.952539028250380431e-03,9.085215413364483572e-02,-3.618491792130949097e-02,1.460586026468289715e-02,-5.420248920525005953e-02,-1.473129505191981270e-01,2.005033577976684245e-01,-3.545904631954751030e-01,6.845231705899509356e-01,-3.431672764486016214e-01,-2.611924364784030672e-01,2.499441067640568656e-02,3.718281945791213072e-01,-5.921875346448408906e-02,4.009150192172896143e-01,-6.577314601647628323e-02,-2.289657634953033427e-01,-4.431447223329474938e-01,-2.831339252829265241e-01,-1.223830202960440733e-01,-1.662074853989007339e-01,1.341327169799488572e-01,-1.901095051114105594e-01,7.287381015035929721e-01,3.073771524511155762e-01,-2.577715192213560491e-01,-1.449914421666870512e-01,-9.203503810328343693e-02,1.680647819716619418e-01,-2.830172670549960801e-01,-5.267534665084160073e-02,-1.311102944927665381e-01,1.718776493462831068e-01,-8.077917544025216279e-02,-2.045261630008690379e-01,-7.930572904631016939e-02,-6.029983771352713517e-02,3.373882081005688191e-03,-1.161458012798434053e-01,2.271451410838780660e-01,-8.450927836594405995e-02,1.344898998473945950e-01,1.430420339641431671e-01,4.502200939833074511e-02,-5.278041685334118605e-02,-2.028026836586970805e-01,-9.722843512392811971e-02,3.428954967198954984e-02,-1.336443376789447045e-02,1.443814469686405533e-01,4.558161950809232893e-02,1.789232364089833049e-01
2.366514927913635977e-02,4.955025613162135079e-01,-2.159742972989551202e-01,7.068369640580372815e-02,-3.138717842990897400e-01,-6.854332953649402982e-02,-4.028248720546351302e-01,3.259128928083127041e-01,-1.881971885023114854e-01,2.738391313282633743e-01,-1.431407395809046190e-01,7.314462896871524178e-01,-3.806944983399943722e-02,2.172798226890008122e-01,-1.609844023971669646e-01,-5.829495181051108643e-02,-2.848111222807355736e-01,1.327970057301155159e-02,-2.641367416099423271e-01,-2.654316348561917560e-01,5.647373496051997233e-01,-2.188015888761675187e-01,2.615233330791273403e-01,7.615941559557648510e-01,3.609189610789156205e-02,3.929454613818909592e-01,-2.541634598858848459e-01,3.455748720281769382e-01,-2.507324297507542571e-02,4.600107527701269849e-01,-2.838811861436025402e-02,2.026520981279035516e-01,3.038302617241823156e-01,2.127651276033947492e-01,3.342561795550674231e-01,-2.761044073891815165e-01,-1.571115624809098438e-03,-1.622717714756267415e-01,1.610354180663942647e-01,-3.588314576856435623e-01,3.305672282748158275e-01,-1.961468307038987391e-01,2.887082384342474772e-01,-1.659718382486808641e-01,6.527466197805866788e-01,2.564978417250942666e-01,-1.292609858054944161e-01,-1.779402759459213224e-01,1.442221312630646568e-01,-4.292736667123017019e-02,3.619296206771956959e-01,-2.089675772737338011e-01,-1.066243374164956154e-01,4.560071255408190138e-01,-3.426384177145865018e-02,2.549221818907397852e-01,9.149026360365286603e-01,2.173354325099777495e-01,3.642898487354165327e-01,-2.307004018026654890e-01,4.196772313181679759e-01,5.247467396043325322e-02,5.799353061932174258e-01,-7.505065395056828570e-02,2.452369512319376166e-01,3.205765223158428268e-01,6.482722743166450911e-03,-1.933964000089538893e-01,-9.706783361493322160e-02,-1.467900650578945754e-01,1.316969540649931825e-01,3.655936805811765278e-01,-7.741577197052272596e-02,2.374706401045044712e-01,3.742342468540676426e-01,8.577397434381303643e-02,7.672175391523275434e-02,-2.788653484957672735e-01,-2.316529312628160253e-01,-1.814547529578627583e-01,7.969088626476182602e-02,1.969073105729947926e-01,-1.040411952920886618e-01,1.226151720204799039e-01
9.708072122953621125e-03,-1.722871556435080775e-01,-5.253414363661879083e-01,-1.906145390403508610e-01,-1.118660016128981138e-01,5.610601890779099987e-01,4.022846606758571086e-01,-9.288559821559931595e-02,-3.840241475196251586e-01,6.793393580428030987e-01,-6.311404895398071702e-01,8.867582865167428219e-02,4.056247599813834759e-01,-4.505340214459481463e-02,-3.410991796213910798e-01,5.177484940774367272e-01,6.201038054234707664e-01,5.234353163485663263e-01,-4.824486794093039155e-01,-5.698502530846258907e-01,5.134709251115991170e-03,-3.494445661551115467e-01,-1.375978390419532460e-01,3.609189610789163144e-02,7.615941559557648510e-01,3.146175941688447719e-01,2.561205399208930644e-01,-9.221925267022591799e-02,2.893449340019468505e-02,2.252327323226593070e-01,-2.074931374444852900e-02,-1.654052810607341550e-01,-2.856970966119791733e-01,1.036720656418042008e-01,-1.670890284784847246e-01,-5.824836300979122639e-01,-1.803972418568573211e-01,-5.379429899324696951e-01,2.209793820776289885e-01,1.353924481995069130e-02,-3.752956486656655044e-01,-4.154954169590252544e-01,2.470405869390532583e-01,-5.939348977335024982e-01,-7.000287743655999630e-03,3.868595918275228446e-02,-2.548790776922054135e-01,-4.726137419438101173e-01,8.047851667558725275e-02,4.401515338297865565e-01,2.179802412214263130e-01,-4.932260642378256121e-01,-5.055755416528243673e-01,-8.763265259579118560e-02,-3.781358408177121211e-01,-3.592109631468353714e-01,-2.498832557269388931e-03,6.034399137919126410e-01,7.999188789714485603e-03,-1.578369654886981888e-01,-3.118072668181803286e-01,-1.754286861643717665e-01,1.425262487805222800e-01,-3.616170884208558256e-01,-1.592950239802050361e-01,-2.522084841327926208e-01,3.640348661722100365e-01,-1.303138231121021007e-01,9.933111207100753237e-02,2.235272800122441450e-01,1.560995490151361187e-01,-2.239726049608603553e-02,-2.275211265100681168e-01,-1.211203560587559153e-01,4.452436396092567805e-01,2.776924802723631514e-01,5.936378604470911036e-01,-2.964357662973481911e-01,1.046178515556284994e-01,2.694252950055032736e-01,-1.848509411144782632e-03,-3.475497155489895573e-01,-3.212691182754380814e-01,-1.225895153025477330e-01
2.743166989795743915e-01,9.716421936522491587e-02,-1.566850334291438052e-01,1.842988128918549573e-01,-1.115039010914316148e-01,4.049734946088947019e-01,-1.120015191250066239e-01,3.294354121066820351e-01,-2.354740439127247509e-01,3.861300657379287404e-01,-2.350408678755857572e-01,4.474467433094552193e-01,5.352855093410754383e-01,-2.503339163577398413e-02,1.211094824243459100e-01,4.869626601044517722e-01,3.829669480233861556e-01,5.724501719328608518e-01,-2.582370417957854380e-01,-7.644710541504064205e-02,2.024198493710336888e-01,2.427241006213832486e-01,1.229647359268629253e-01,3.929454613818909037e-01,3.146175941688449940e-01,7.615941559557648510e-01,-9.079089324598126065e-02,4.226703202202430898e-01,6.391534037804733059e-02,1.607239509266859545e-01,2.114693324742388247e-01,2.041585352122350927e-01,-3.204418099562132000e-02,2.225880168883084542e-01,1.879690025027126732e-02,-2.232433009211756414e-01,-1.297372553227117420e-01,-2.365622316581101336e-01,9.401057304759192698e-03,-2.890029383370916194e-01,-5.900814313028877878e-02,-3.698881155308587076e-01,3.037074650337287518e-02,-2.078820307119907396e-01,4.013533681460440539e-01,1.255286298056531025e-01,-5.778814840030489786e-02,-2.270430470341535181e-02,1.153781670600631942e-01,1.276206542855088666e-01,1.916699246207579088e-01,-2.367997107412563862e-01,-8.302895688241289374e-02,2.040510392764575132e-01,1.660264308126151445e-01,-1.823261257677881442e-01,3.199330030013083914e-01,1.351108151044331240e-01,2.840208517517330833e-01,-2.949766428269389174e-01,2.323247811973013222e-01,-1.423363440001765012e-01,5.809892158674877238e-02,2.491422787793976662e-02,8.827600376742945898e-02,-6.014994414551683849e-02,-4.073911778436959535e-02,-7.820711778802438841e-02,6.710786028641922696e-02,1.039991388056781263e-01,-3.459136812838332041e-03,3.150257247069407351e-01,-1.785319417959140287e-01,-3.551039815544215078e-02,4.152575891217829551e-01,5.877466806885218997e-02,2.375681473915912667e-01,-3.554477424268503993e-01,7.911052702030416106e-02,1.511295547116119631e-01,4.290688623700034815e-02,3.427088404063057675e-02,-1.687708763537471013e-01,3.767896184814964466e-02
4.131554463173617991e-02,-1.362726734602097700e-01,-5.239241023009353487e-02,1.488304659011806808e-01,6.919478634942416440e-01,2.397842022708704390e-01,7.308543201632186070e-01,-1.354810495332217923e-01,2.188486714127386989e-01,4.219263071243491980e-01,-6.124760404194760227e-02,-8.947449026631175417e-02,6.146765126379076516e-02,3.696216659461113441e-01,1.087083304290439867e-01,2.548638103520216025e-01,3.043772077913072804e-01,-1.262767647249469528e-02,-1.971527455549991481e-01,-1.293245596665976993e-01,-1.370280647236121196e-01,2.494576105231490967e-02,1.422069224179579594e-01,-2.541634598858848459e-01,2.561205399208930644e-01,-9.079089324598126065e-02,7.615941559557648510e-01,1.039166511531272458e-01,2.540293856986448051e-01,-3.840175724456289241e-02,2.556214795300486009e-01,1.563796715542835891e-01,4.372341417270271362e-03,9.390768786671767343e-02,1.992725771233886875e-02,-1.011680515299825944e-01,-7.655185320712083741e-02,1.803929583069361908e-01,1.093382714146164808e-01,6.160562653669381383e-01,-1.299006455130775894e-01,-2.377026739695712806e-02,1.185052897117235271e-01,-1.049218799243697153e-01,-1.303853706215988006e-01,-9.871018200638077833e-02,3.895767831314372320e-01,5.069643551400190157e-02,5.190668496563809881e-02,2.249743979185004142e-02,-4.562736727524134561e-02,-2.511118700324928565e-01,-8.375471884293587965e-02,-7.329578763165553457e-02,-4.172281734135294129e-03,-6.713456023754506286e-02,-2.397709844970024595e-01,1.091584256051946339e-01,-1.909072320493452879e-01,7.125867870911309909e-01,-1.137078648174689732e-01,3.665835478507611933e-02,-1.544490149350712382e-01,-1.181485339624836414e-02,-2.707618729829757154e-01,-1.241447779608841895e-01,9.720045646533274908e-02,-2.117583496345262772e-01,4.841567440106420844e-02,1.997620845190733185e-01,-2.062971885876530853e-01,1.538872907070352458e-01,9.936200966942347612e-02,1.416625626105165181e-01,2.574050317505504615e-01,5.675545713421459651e-03,2.293847829896278334e-01,-1.948798598963089601e-01,6.949907314208227105e-02,2.372690676538376509e-01,-9.547927334841809985e-03,-6.667058735552272575e-02,-2.842903833981392028e-02,1.630956694804308951e-02
5.594427244431142698e-01,2.825588513737469221e-01,2.473151589931191774e-01,3.077721831484285242e-01,2.876503268901240973e-01,1.044432471008200775e-01,4.902305418459336483e-02,1.340280966096242532e-01,1.842429615320224923e-01,1.495655403443756637e-01,1.264623819110132219e-01,2.419452318454727857e-01,2.127829954798235723e-01,1.163143856703012929e-01,2.807178978773806066e-01,3.360919287964952429e-01,-1.849612968023919002e-01,1.707599709386449782e-01,1.743550697326874954e-01,4.871758944014608073e-01,1.330496483086172077e-01,5.134140840320607913e-01,2.547067646646495320e-01,3.455748720281769382e-01,-9.221925267022595962e-02,4.226703202202431453e-01,1.039166511531272458e-01,7.615941559557648510e-01,5.835669161006278305e-01,2.315917672451455744e-01,2.447003852468451479e-01,6.583377196606715609e-01,5.043868288426935909e-01,2.387729296196658968e-01,2.002967184419601754e-01,6.524414854334731340e-02,-1.138909046889587107e-01,2.245740719443438393e-01,1.593305998553733727e-01,1.656166027991216594e-01,1.413825970481489940e-02,1.859841292753705300e-01,2.315992991673724022e-01,8.258958238983467315e-02,4.643593740114274060e-02,2.724851575416341598e-01,3.102929380748988830e-01,2.625956219672190839e-01,3.868960044988126179e-01,-1.007527332063631875e-02,2.470620340497225453e-01,8.839773332366578085e-02,5.299926542596525847e-01,3.815642226442883533e-01,5.499632387067870942e-01,2.340554923700116363e-01,4.352091986110411814e-01,8.330307216666772707e-02,4.634104694428727300e-01,2.390232012050220456e-01,7.561905901328481727e-01,4.617590425657454034e-01,2.963841692075283030e-01,-3.455923556010241648e-02,3.362105093099205244e-01,3.915152810458156218e-01,8.365046483302505942e-02,-4.051623562228431896e-01,-2.562747787743712147e-01,-2.308867535869204013e-01,1.994023807677659278e-03,3.803528044267226460e-01,1.383885027057682182e-01,-2.613959166897497285e-02,2.803521027935468313e-01,-1.461266345886407247e-01,1.936676473646553043e-01,-4.013512648864465682e-01,-2.999915976232021553e-01,-2.086569080969356005e-01,1.231963224261094225e-01,2.390730429766618204e-01,-1.346311210614732114e-02,-1.542740697626132917e-01
4.391053160883206519e-01,4.767123240355018998e-01,-1.038260540096409001e-01,2.477041774900159699e-01,4.084105042236533811e-01,6.422104817432316981e-02,4.557463736847446323e-01,-5.210203461690855464e-01,9.827123306001264713e-02,2.272924547338868451e-01,-2.015649537770383692e-01,-1.217569073054235590e-01,2.173342300796169690e-01,1.408328794055273003e-01,2.575098636199510960e-01,3.998895174871702762e-01,-5.528305040453537940e-03,3.960922881555709735e-02,-2.996824074408269700e-01,3.007306142893161338e-01,9.722269926579216182e-02,3.653786768290430143e-01,-2.505117736688376451e-01,-2.507324297507539795e-02,2.893449340019482383e-02,6.391534037804724733e-02,2.540293856986446386e-01,5.835669161006278305e-01,7.615941559557648510e-01,-4.228453990106358085e-02,1.905580883742065412e-01,5.434371332354781536e-01,5.164858160788801111e-01,2.689890602681674903e-01,4.931898535770919967e-01,-2.812541226038885456e-01,-6.215338170398324036e-02,1.391835875342677664e-01,5.348088819934045807e-02,4.159995687941208109e-01,-5.096257039378853104e-01,-3.384908135951809113e-03,2.753460828505746583e-01,-2.602909506938437256e-01,-3.388358692761407331e-01,1.968470772138046221e-01,1.185748932112398596e-01,1.790846857945762038e-01,4.897564314361483317e-01,8.206194213187324726e-02,2.166458666646083886e-01,-3.455688481065949946e-01,3.217970001060357910e-01,1.875879141852173637e-01,3.726622099564412816e-01,-2.180270760004013320e-01,1.059244150732328443e-01,2.454267847699490857e-01,3.811821396669839435e-01,2.689725834767902057e-01,4.800421336398315031e-01,7.535407221858960725e-01,1.020792228991456926e-02,-5.056205122208916325e-02,1.406041776205001759e-01,4.866983790341004035e-01,1.708789110092994445e-01,-4.106566822085330748e-01,-1.775553666818204812e-01,-1.064570270616653630e-01,-1.202997029122412909e-01,8.542243831767067086e-02,1.028035969491480212e-01,2.336611585372451796e-02,2.050745883523300006e-01,-2.441608904347737641e-01,2.157210139506999524e-01,-3.925570284680114930e-01,-1.286250103349402540e-01,-8.906924830341299282e-02,8.054007930463742693e-02,-3.801413751580573486e-02,-7.383863443778196367e-02,-9.116453465495975850e-02
-8.879450641481465012e-02,1.996339602103050226e-01,-1.693977848705162659e-01,-5.060719346745268937e-02,-6.485546564414282344e-02,1.164079887707542560e-01,-5.026093595120229018e-02,2.584623273355345363e-01,-1.795791916575214808e-01,4.177994369012262843e-01,-1.523379043811083910e-01,5.898261672912734621e-01,1.934778697379960499e-01,-7.517894991826845619e-02,-1.987192155369018609e-01,9.015311089366849495e-02,2.175402383734746925e-01,2.760334398856295057e-01,-1.156360526758691901e-02,-1.493736673028762674e-01,2.537052884430685551e-01,-2.201484824315413646e-01,2.419808313685564358e-02,4.600107527701269849e-01,2.252327323226593070e-01,1.607239509266859268e-01,-3.840175724456286466e-02,2.315917672451455744e-01,-4.228453990106358085e-02,7.615941559557648510e-01,1.436000421490702395e-01,7.101156493620225385e-02,1.205485471074963788e-01,-5.109327986257064524e-02,2.287048902084707833e-02,-2.710189352821587017e-01,-1.385256983338750691e-01,-1.716378827111107452e-01,-3.486271745769167762e-02,-8.677864605333641956e-02,6.355016981892087913e-02,-3.805853544699478591e-02,2.563664458977222282e-01,-2.011502184541889005e-01,8.419729829394359544e-02,2.172238585560884172e-01,1.016884574090358290e-01,-2.126482140349484073e-01,-4.733255813682010066e-02,2.438946893701839369e-01,2.370793395951315691e-02,-2.346455993491255738e-03,-1.355130464540948154e-01,4.635180987042239464e-02,-2.367052221186450867e-01,-7.440069934910452376e-02,3.100014805613127700e-01,-5.737753850112455208e-03,-8.576007797447958436e-02,7.672660317244739403e-02,5.514035857774999931e-03,-4.643822809953814662e-02,6.062586870160031616e-01,-2.619037617912151616e-01,1.966163462140699814e-01,3.803687823577954485e-02,9.404921545470847077e-02,-4.742376816374288540e-02,-7.415063208911942816e-02,-3.096060816523866360e-02,3.269089769057687000e-02,-5.764783194940355932e-02,-2.046536223618484196e-01,1.490168747984844388e-01,2.867056796656538564e-01,2.805849036606521407e-01,2.829359961868706530e-01,-2.011169090923002889e-01,-9.232503674797823412e-02,-8.828803860925818481e-02,1.107795564170013514e-01,-5.945327710579878522e-02,-2.533226746841479859e-01,-1.338679529283070269e-01
1.695952075428932559e-01,1.407618289101428555e-01,1.576842183369621050e-02,1.212945400980028482e-01,7.840143431054605316e-02,1.404376713847194924e-01,9.099250002563061268e-02,2.142849887517424279e-02,8.123250969919003361e-02,1.183686546534343659e-01,-3.234849063496229860e-02,3.904190492484922032e-02,2.172736990607826990e-01,-3.535238489984340315e-01,1.101834628074609274e-01,2.695010366591730211e-01,9.781961033913136316e-02,2.593788554354788389e-01,-3.732409669078993325e-02,1.499180611553293241e-01,8.253524044377480440e-02,1.021816195761763996e-01,2.645551644784766704e-02,-2.838811861436021239e-02,-2.074931374444850124e-02,2.114693324742387692e-01,2.556214795300486009e-01,2.447003852468451757e-01,1.905580883742065412e-01,1.436000421490702950e-01,7.615941559557648510e-01,9.068877456794743885e-02,7.727500941627331310e-02,1.042771524854139015e-01,9.410481602292303238e-02,-1.058976853522544948e-01,-8.509549381594919137e-02,1.267263371151770568e-01,3.537862243235188192e-02,1.367271657002530061e-01,-4.060627248996355465e-02,8.770420494538924694e-02,1.524432692247575105e-01,-1.228016687389119066e-01,-1.415011729189686596e-01,2.754067007593841709e-01,-4.829564233543752472e-02,2.916210626282062651e-02,3.011810859731369194e-01,1.527720344034249056e-01,2.626384836918473353e-01,-6.613834311370733743e-02,1.335697185649320773e-01,1.421102921876531699e-01,4.130510100394915035e-02,-3.499441995366946861e-02,2.040486493283788227e-01,-4.362514355145702405e-03,2.126193696744175521e-01,1.998455327963705730e-01,1.232380677447469514e-01,1.864725674559571389e-01,3.338752754917359566e-02,-2.639708444083919692e-01,-3.357235403237822380e-02,3.892706254607364389e-03,6.022789290064944900e-02,-1.101008774723833822e-01,-2.145390566695091483e-01,-1.965908132477492132e-01,-2.812438885784923626e-01,-1.076485594302109827e-01,1.666447475039932180e-01,-1.018391938558487614e-01,9.107441165001063654e-02,2.449545502151214693e-01,1.040429052483771710e-01,-1.682996902924136784e-01,-2.116215212818877145e-01,-2.744410315722344285e-01,1.825979692446077773e-01,1.070130629515302217e-01,9.523269300786847691e-02,-3.193478587820394177e-01
-3.048629278726973021e-02,3.217950639060587203e-01,1.880297645784645144e-01,3.842081589008821685e-01,2.570066391008726803e-01,-1.181743143431748383e-01,1.189765788986620332e-01,-3.508245647396350531e-02,1.185062029498028663e-01,6.695280584869438278e-02,1.505160693996791810e-01,4.064452471477553869e-02,-2.221148012988679588e-01,2.046693642646980615e-01,4.623548814105264415e-01,9.908174048829777869e-02,-2.763815692959281645e-01,-2.347506794552192411e-01,9.121739004258987149e-02,5.391095670145362728e-01,2.150796041580445017e-01,5.455640048399754694e-01,1.576106993021980374e-01,2.026520981279036071e-01,-1.654052810607342106e-01,2.041585352122350649e-01,1.563796715542835336e-01,6.583377196606716719e-01,5.434371332354781536e-01,7.101156493620228161e-02,9.068877456794745273e-02,7.615941559557648510e-01,6.204105836068910529e-01,-1.235331908191859146e-01,2.935830668224606033e-01,7.847762531540274089e-02,1.265678749112390290e-02,1.356241292155445644e-01,-9.526241041185178060e-02,1.658016840192668706e-01,2.650081237782581089e-02,-7.331057711255424981e-04,2.642729599149277186e-01,1.054321759611391157e-01,2.417885584360930998e-02,1.475017368802943171e-03,3.358014661473870399e-01,5.284513442834323227e-01,2.485158063702775089e-01,-9.646886335744098151e-02,1.732803268936651195e-02,6.571759187749817710e-02,5.551477369114797833e-01,3.542663354340438442e-01,5.658573965843168851e-01,1.280741747432433131e-01,3.264780903486462771e-01,-1.099962400924253333e-03,3.574633248168738731e-01,2.009599743861928967e-01,6.301850321011699396e-01,4.693362571264746985e-01,2.246464459170061656e-01,-7.567747411065324503e-02,7.980269592175696092e-01,5.929760598676278027e-01,6.809777797324584325e-03,-1.524504183185586559e-01,-2.417434930236893043e-01,-1.990781478942762195e-01,-6.825526214636587485e-02,3.918741651215242316e-01,1.682217075971706444e-01,1.256397555043759773e-01,2.274917203520299414e-01,-2.354100913344876200e-01,2.461114148584224101e-02,-1.612351636813318667e-01,-2.737238216476252095e-01,-1.705769354664301019e-01,4.717790445758719003e-02,3.081767211781686888e-01,6.383039605084162016e-02,1.877575896765373842e-02
8.094852288999042356e-02,7.133391882481529001e-01,4.070761333971486401e-02,3.892996298216028772e-01,2.549537301711919390e-01,-2.665152507999782316e-01,3.692149493655346587e-02,-2.030642003941077744e-01,1.684530456658613895e-01,3.979128545642295761e-02,5.114459661577908101e-02,9.603275722141282889e-02,-3.114925852764823255e-01,2.660362017363963050e-01,3.098715868352155955e-01,1.285795443584639153e-02,-3.960583573171325700e-01,-3.745936031150627898e-01,-1.565328194916267568e-01,3.647701650236820359e-01,2.613521645624735656e-01,2.933128133160575746e-01,1.952539028250397778e-03,3.038302617241823711e-01,-2.856970966119791178e-01,-3.204418099562132000e-02,4.372341417270285240e-03,5.043868288426935909e-01,5.164858160788801111e-01,1.205485471074963788e-01,7.727500941627336861e-02,6.204105836068909419e-01,7.615941559557648510e-01,-2.123123004981184933e-02,6.862025495914912954e-01,-3.657058415664843354e-02,7.384860874570527145e-02,3.188167438662840580e-01,-9.489791964198991681e-02,2.666890831070097279e-01,-9.473003664440921012e-02,1.345081271118226673e-01,3.382786998307898974e-01,-3.793453351789591310e-02,-1.078459186852140095e-01,2.833224803451128357e-02,3.726051202806470730e-01,3.404227323503903890e-01,4.027072370826075831e-01,-9.803815769811156933e-02,1.625736486225117239e-01,-1.212083878776916562e-01,4.611897043931925122e-01,4.007677242943918916e-01,3.514471017087498761e-01,1.024351263245948940e-01,4.265414456798793386e-01,1.264042302097817365e-02,3.093361028166261573e-01,1.143246162372857366e-01,5.350920977536932632e-01,6.210606342338129693e-01,9.688029395507143093e-02,-7.695710115611327506e-02,3.714465151907002660e-01,8.084226088649967279e-01,-1.170117170297055864e-01,-3.662351079361194639e-01,-3.553097435144150773e-01,-3.778701816307692418e-01,-5.945206868935803274e-02,3.629449500722248256e-01,1.766535935749417863e-01,1.553099473970518708e-02,1.909342650852571821e-01,-3.029156438729044276e-01,-1.079330428433894762e-01,-3.437105030439759901e-01,-3.881238122624339759e-01,-3.648681615867453432e-01,2.729217079682184632e-01,3.628875722420821237e-01,8.376651805500713588e-02,-7.444141430275037774e-02
5.374505607366517612e-01,6.758387696590820171e-02,6.690953418320344515e-02,-5.103994163573205567e-02,1.127186868541341369e-01,9.511323040340662061e-02,-1.200216134821777136e-02,-6.862455023840263735e-02,-5.799730839588159576e-02,1.083220615674394260e-01,-9.713653615365465399e-02,6.959570871657119739e-02,2.941776102272118387e-01,9.457017487525622157e-02,-7.699395053433202851e-02,2.948805309359895932e-01,-1.437090918478752810e-01,2.561965735137186617e-01,4.847780477718447584e-03,3.690055980146533798e-02,-1.743120853893286026e-01,1.001882431089571313e-01,9.085215413364480797e-02,2.127651276033947492e-01,1.036720656418041453e-01,2.225880168883083987e-01,9.390768786671763180e-02,2.387729296196658413e-01,2.689890602681674903e-01,-5.109327986257061749e-02,1.042771524854139015e-01,-1.235331908191858591e-01,-2.123123004981187709e-02,7.615941559557648510e-01,1.026191188310662666e-01,-7.429208589911139027e-02,-2.857182462094738917e-01,1.262263931460942123e-01,3.138368162602267475e-01,3.130615633034445483e-02,-2.541444381005034114e-01,4.279066030017494165e-02,7.538377370216478579e-02,-1.031543626231559152e-01,-1.710539181073228443e-01,3.761035529535695088e-01,-4.628868102946632340e-02,-1.004338355115740322e-01,4.845055385627197175e-01,1.639744285014593100e-02,6.519224569357937593e-01,1.320027504405991894e-03,1.030403559921661688e-01,8.762245346626745812e-02,2.478789983334084568e-01,8.606937837844998163e-02,2.868695276838354458e-01,2.904032616871139449e-01,4.391718980733348432e-01,2.749891366114977365e-02,1.851583446123940824e-01,1.927771028779105555e-01,8.106328754951176718e-02,-1.126682110003974641e-01,-1.756277782347328009e-01,-1.756732599167236224e-03,1.550568893787191982e-01,-6.025556369259117417e-01,-1.809792505639399585e-01,-1.765541758590848664e-01,1.176788836373724445e-01,3.281341534552469769e-02,-2.975354732354404397e-02,-2.374590308597037125e-01,7.464012656939598978e-02,-3.585562293295129627e-02,1.491094950960119014e-01,-4.897388385174253345e-01,-2.183053017599877188e-01,-8.809035618573941850e-02,1.320019685117548303e-01,-9.459339222247034606e-02,-1.802911417980728181e-01,-2.017539744556094417e-01
-1.546284098233684755e-02,9.369864369797116233e-01,-7.609196508371141032e-02,7.471586155825062081e-02,2.089419597950330498e-01,-3.693473274296594222e-01,-9.008605290722297709e-02,-3.933064683339239087e-01,4.579702892241859641e-02,1.189595759540172382e-01,-1.151994553172849961e-01,-1.476752080467542971e-01,-4.132592792109276436e-01,1.726972876372700749e-01,2.606495221790405825e-01,1.508167295766748295e-01,-3.933557587730625027e-01,-2.850309417213313656e-01,-2.733966721927981181e-01,-4.073046262526678479e-02,4.046806982756793736e-01,6.404227314623477108e-02,-3.618491792130946322e-02,3.342561795550674786e-01,-1.670890284784846413e-01,1.879690025027126732e-02,1.992725771233881324e-02,2.002967184419601754e-01,4.931898535770921077e-01,2.287048902084707833e-02,9.410481602292303238e-02,2.935830668224604922e-01,6.862025495914912954e-01,1.026191188310662389e-01,7.615941559557648510e-01,-1.591139780920634572e-01,-1.090963428632834714e-01,1.352025672604220130e-01,-1.261738715616946560e-01,1.007949805744934590e-01,-1.859399965282621248e-01,-5.412881388031997448e-02,3.051383440547660308e-01,-2.224964728419483173e-01,-2.941969776315720431e-01,-1.392034180052979797e-01,1.106268836389674715e-01,2.387825663396404841e-01,7.197032239317046054e-01,-1.519499188852868610e-01,3.905205541238263578e-01,-3.455276988436775665e-01,2.197420841120600044e-01,5.921775898198072818e-01,2.654296402074607375e-01,1.037812376434425199e-01,4.741707850119029621e-01,3.441218824330564141e-01,5.869011014151030992e-01,1.763124676386050582e-01,2.170957109545624542e-01,7.470608526764060953e-01,-5.963661136018737208e-02,-1.414305543567808410e-01,1.151430044786253826e-01,7.363749157998141781e-01,7.475874098314125304e-02,-2.409528559759966937e-01,-6.803684571848429841e-02,-2.203590772659494157e-01,1.121676573642689662e-01,1.662233543938108349e-01,2.237249742956133880e-01,4.107632434665994120e-02,1.671800512647142467e-01,-2.545704278884091676e-01,-1.251517983186183069e-01,-2.139068103591658387e-01,-1.443960698733030568e-01,-1.260844563119893347e-01,3.138710935442534655e-01,1.302114431246419457e-01,1.172228410192117931e-01,8.701103776911410514e-02
5.351038346548347112e-04,-1.819662304826547561e-01,9.323260168491706024e-01,-3.378017148982943169e-02,2.844565593367640033e-01,-5.669926341519158086e-01,-2.494556995578588454e-01,-7.985908364249549862e-02,6.302097003503281947e-01,-3.174849887453470298e-01,8.658594343611937250e-01,-2.469592282565347685e-01,-3.859801044068559284e-01,-5.300397645600635199e-02,5.000816048912281042e-01,-3.131629049581393098e-01,-3.372540647079594334e-01,-2.405247068197639559e-01,5.837296146075278136e-01,2.993217982634203689e-01,-4.564293433392972443e-01,2.023304781104078021e-01,1.460586026468300817e-02,-2.761044073891816275e-01,-5.824836300979122639e-01,-2.232433009211756414e-01,-1.011680515299826083e-01,6.524414854334734115e-02,-2.812541226038885456e-01,-2.710189352821587017e-01,-1.058976853522544948e-01,7.847762531540275477e-02,-3.657058415664842660e-02,-7.429208589911139027e-02,-1.591139780920634295e-01,7.615941559557648510e-01,-2.758759929236052066e-01,6.061628197912208860e-01,-4.819344946206837732e-01,-1.027271763391696402e-01,-2.401632912218025495e-02,5.419449127228641583e-01,-3.766205266722363332e-01,9.370326004453151114e-01,-2.348388603981469702e-01,-4.064239517725503070e-01,9.197769801356621422e-02,6.410170237254437797e-01,-2.629126269539084904e-01,-5.364538817092890932e-01,-3.197641816672085469e-01,5.307596850645631692e-01,4.282179641452605323e-01,-3.632954059277855308e-01,2.968171967171711612e-01,-1.753297325542256188e-02,-2.404557262075136259e-01,-6.343084319493732526e-01,-4.866190377613857643e-01,1.460771404568816656e-01,6.105988943847146661e-02,-2.078782864047610812e-01,-3.468933359377016079e-01,1.342144693773123232e-01,-2.066006206422047187e-01,-7.603595679297305010e-02,-5.899051216993212998e-01,-1.656157403062280542e-01,-2.969558734762241525e-01,-3.803443392640002974e-01,-1.318129725950524800e-01,-8.155558605867690991e-02,-1.096226617876245590e-01,5.466301945843828058e-02,-3.818804083727216359e-01,-1.994584969217172710e-01,-5.437519871688638595e-01,-1.531827845646678843e-01,-2.688205072724011435e-01,-3.343943575185593375e-01,-1.409162153077047610e-03,-1.758310496135895018e-01,-1.133611418401365804e-02,-1.492613283621313791e-01
-3.903474277087601307e-01,-8.249244675254553683e-02,-2.743320725240231406e-01,4.931200641412802343e-01,-1.341295094056244863e-01,-1.696959164424582667e-01,-8.977476965755669391e-02,7.341027411780205736e-02,-2.763683492085006743e-01,-2.700789573416482181e-01,-2.602490203840704397e-01,1.366456131890156356e-01,-1.917872969806345695e-01,7.200192183721533523e-02,3.055578250857457837e-02,-3.330097581160729181e-01,-3.421223347280713534e-01,-4.437281265111093775e-01,-4.792096225622075045e-01,-9.150449973428616268e-02,1.053762064786589736e-01,-1.588917056036952269e-01,-5.420248920525005953e-02,-1.571115624809181705e-03,-1.803972418568573211e-01,-1.297372553227117420e-01,-7.655185320712083741e-02,-1.138909046889587384e-01,-6.215338170398321954e-02,-1.385256983338750691e-01,-8.509549381594919137e-02,1.265678749112391331e-02,7.384860874570529921e-02,-2.857182462094738917e-01,-1.090963428632834714e-01,-2.758759929236052622e-01,7.615941559557648510e-01,-1.370830650973838341e-02,-1.085654303948382499e-01,1.645727071399775629e-02,1.305678353968603433e-01,-2.876286243678100041e-01,-6.630116099885989545e-02,-1.809770901148254063e-01,2.458668669699679843e-01,7.353296419144762786e-02,-2.813915197531742518e-02,-1.205194614300757611e-01,-9.263943375395568280e-02,-1.066969850059806407e-01,-1.939586918275058580e-01,-3.412612639438077355e-01,-1.450197347104626167e-01,2.982552491257782143e-02,-1.160193747368396394e-01,8.978821328827073234e-02,3.856849995852340562e-02,-5.034611787169532976e-02,2.783597906201444594e-02,-5.442204281855381187e-02,-3.302409006042007766e-02,6.782347728229490280e-02,8.607898842573272202e-02,3.828658425504381513e-01,-7.553462967439564246e-02,-6.701570963281365534e-02,-1.065858781006406159e-01,3.899066148584417525e-04,-6.213137551497286554e-02,7.185474035365344014e-02,-2.259606084134148721e-02,3.573952933576323709e-01,3.275967734171260082e-01,1.370610622026094579e-02,2.617929139165196470e-02,-3.522076772561461705e-02,-2.056060454741371613e-01,-1.286467287173564955e-01,-8.025517638996361447e-02,3.976501035215770918e-02,-3.960593790580719392e-02,3.599175054112196404e-01,2.472907936754354108e-01,-1.974792748556341432e-02
1.937144007444331073e-01,9.170243874597142075e-02,6.806571390022015944e-01,2.743026970895722227e-01,6.304763032937720224e-01,-4.881895535720031098e-01,-2.733463651131204930e-01,-2.996108662612276818e-01,7.450749944671267722e-01,-1.729069030747800439e-01,6.920776513129839325e-01,-2.129708047663615711e-01,-3.322384747026337348e-01,-1.026665368174982107e-01,5.746148283109890897e-01,-9.760456273103290670e-02,-2.666374712159085836e-01,-2.639732600542649132e-01,2.611942275087156817e-01,5.700879395029978536e-01,-2.353600886339257681e-01,4.381317867695024293e-01,-1.473129505191982103e-01,-1.622717714756267415e-01,-5.379429899324696951e-01,-2.365622316581101336e-01,1.803929583069361908e-01,2.245740719443438393e-01,1.391835875342678219e-01,-1.716378827111107730e-01,1.267263371151770568e-01,1.356241292155445366e-01,3.188167438662841136e-01,1.262263931460942956e-01,1.352025672604219575e-01,6.061628197912207749e-01,-1.370830650973834178e-02,7.615941559557648510e-01,-2.552783979219488963e-01,2.383663401071375032e-01,-1.460933393174057848e-01,7.141699447851700411e-01,-3.962722626617681126e-02,6.730904351566894261e-01,-2.223312984181201046e-01,-7.018702175446192570e-02,1.227372202448402116e-01,5.319471363086980542e-01,2.037096463885003372e-01,-2.229611393236479999e-01,-2.641699385995185598e-02,1.820124200413125726e-01,6.402448497131781879e-01,-3.213133574757898875e-02,5.300201648853273273e-01,3.218648660212126457e-03,-1.319873553466839877e-01,-3.377975602913103059e-01,-1.405000438781053296e-01,4.599349060412998291e-01,3.194574041241601825e-01,2.895893279441879020e-01,-7.290242123084009207e-02,3.858104810002666585e-01,-2.686935312642428353e-01,3.791847299549628292e-01,-5.043417867652632003e-01,-4.467003031948362790e-01,-4.280266062244510450e-01,-2.820947351958736915e-01,-7.650043552978405548e-02,6.863053824025631966e-02,2.781065168296821821e-01,-3.516658076089636958e-02,-2.827734501144652524e-01,-3.413661100099605883e-01,-6.214218589533335724e-01,-3.637516458273695741e-01,-3.920764663109198023e-01,-2.604126028844149232e-01,2.550709565072222240e-01,9.934427054658047374e-02,2.276374378316145253e-01,-1.744107284210417441e-01
4.438874872408266753e-02,-8.592062719457813080e-02,-4.112858104386524216e-01,-7.852357926754560680e-02,-5.560208494516302724e-02,5.576306539467631440e-01,-7.033698887745686024e-02,1.342896957879681497e-01,-3.357662123131539000e-01,-2.134415532569963053e-02,-4.567318069943436809e-01,2.024309486583144302e-01,2.396025718288355699e-01,1.669204999332658534e-01,-4.251424299916247151e-01,1.166064475441212639e-01,1.203998730492679137e-01,7.304129736847610188e-02,-4.008339646689755842e-01,-2.957559343600515422e-01,1.108220312793356532e-01,-2.835015751354987290e-01,2.005033577976685910e-01,1.610354180663941814e-01,2.209793820776290441e-01,9.401057304759220454e-03,1.093382714146164253e-01,1.593305998553732894e-01,5.348088819934037480e-02,-3.486271745769162211e-02,3.537862243235191662e-02,-9.526241041185178060e-02,-9.489791964198987517e-02,3.138368162602269695e-01,-1.261738715616946560e-01,-4.819344946206837732e-01,-1.085654303948382776e-01,-2.552783979219489519e-01,7.615941559557648510e-01,-1.487832278484714499e-02,1.317205128002047199e-01,-2.681187608248216669e-01,1.123137998373538587e-01,-4.907623648459601973e-01,2.205147173689839257e-01,5.211501206917058537e-01,1.818506268682918703e-01,-5.164641083698451318e-01,1.838927149297179264e-01,2.574171617385200284e-01,3.349039855800248766e-01,-4.239877026037366381e-01,-2.345110688572671909e-01,2.648534704849901389e-01,-1.289412360440770067e-01,3.667857848091179984e-01,2.673018523604571706e-01,5.318434869279221600e-01,3.758625069079720715e-01,2.127879349674421661e-01,2.713276494631710473e-02,1.350266445256976811e-01,1.621728595841144538e-01,-8.909511031424464933e-02,-4.467486257347292461e-02,-3.680818716627754644e-02,4.594197441561946316e-01,-4.064763324662138966e-01,-5.952707844167016982e-02,-2.904514100409915853e-02,1.542756814674065557e-01,4.523824732108847058e-02,-1.704179724723964839e-01,-1.879111158412320737e-01,2.386742127818093084e-01,1.373042074742140684e-01,2.341062655131802839e-01,-1.820135028956917367e-01,-2.361674685083242631e-02,7.921113334768818681e-02,-1.402594036556867874e-01,-7.978232107419393204e-02,-9.843493685648727065e-02,-1.387835015603899047e-01
-7.440406744956278018e-02,-3.743303434980252420e-02,7.384477698679732310e-05,2.396120290872718606e-01,4.992166235768000782e-01,-1.235612294173790010e-01,6.251256992790621414e-01,-4.679100472411369394e-01,2.068421020947503186e-01,2.848889507720209213e-01,-2.824114448465768132e-02,-3.324376291473964962e-01,-2.019476137335291521e-01,-2.809971478000440337e-01,3.147726638204371707e-01,2.045590768843418839e-01,1.729525915040825146e-01,-2.133257542989182853e-01,-9.269638667237921348e-02,3.841081077699496360e-01,-1.537795971437323772e-01,3.547382710616829304e-01,-3.545904631954751030e-01,-3.588314576856436178e-01,1.353924481995074681e-02,-2.890029383370916749e-01,6.160562653669381383e-01,1.656166027991216594e-01,4.159995687941208109e-01,-8.677864605333641956e-02,1.367271657002530616e-01,1.658016840192669261e-01,2.666890831070097279e-01,3.130615633034445483e-02,1.007949805744934035e-01,-1.027271763391696402e-01,1.645727071399779792e-02,2.383663401071375310e-01,-1.487832278484717274e-02,7.615941559557648510e-01,-4.060488414539865087e-01,1.962439939819007328e-01,3.868068691127941050e-01,-1.346063093837480129e-01,-3.501181431954959455e-01,4.958682103779030181e-02,4.830120657309235066e-02,2.278288122824378703e-01,4.584774733534268676e-01,1.721997973113748304e-01,7.827012521930631905e-02,-1.602567988365165563e-01,3.838292632717736352e-01,-2.678334090564846171e-02,4.376255348832700509e-01,-2.769412524515292295e-01,-3.294860228996461804e-01,2.366517713016216273e-01,2.951314403762001284e-02,7.935749927548492177e-01,3.394133565972327210e-02,5.944205356514898897e-01,-1.305995563399246218e-01,-1.555587028757739014e-02,-2.001410316240243292e-01,3.050311894046880412e-01,5.112852781609782127e-02,-3.984174161575058104e-01,-1.712990933391856652e-01,1.048472907382823338e-01,-8.705410229909640862e-02,-7.151269070036723845e-03,1.249893432080758371e-01,7.129574303017856274e-02,-2.175286580931948266e-02,-9.563517324143601395e-02,-2.073284113601518985e-01,-1.978130218491785386e-01,-1.120506698436623816e-01,6.566641368011133517e-02,1.181984213580369314e-01,6.556153666679140346e-02,1.673328960355547831e-02,-1.641166043983552925e-01
-3.687324208766605271e-01,-8.399087145591370429e-02,-8.379562643229902796e-02,1.438494468131423232e-01,-1.519352007040380981e-01,-1.323752807006760984e-02,-4.228934437575908589e-01,7.359186903024697024e-01,-3.110133232580870044e-01,-2.564550025825571566e-01,-4.553811637694612884e-03,4.484537454390369327e-01,-3.408799163883862171e-01,3.876666352297861717e-01,-1.244820461611799572e-01,-4.503633845642779354e-01,-4.210967297626746486e-01,-4.082251278380493731e-01,-2.191265896499249577e-01,-2.966804908685357622e-01,3.221796424483235888e-01,-3.054358320221614020e-01,6.845231705899509356e-01,3.305672282748159385e-01,-3.752956486656655044e-01,-5.900814313028866775e-02,-1.299006455130775894e-01,1.413825970481494103e-02,-5.096257039378854214e-01,6.355016981892085137e-02,-4.060627248996348526e-02,2.650081237782580396e-02,-9.473003664440926563e-02,-2.541444381005034669e-01,-1.859399965282621525e-01,-2.401632912218031046e-02,1.305678353968602878e-01,-1.460933393174057571e-01,1.317205128002047199e-01,-4.060488414539865087e-01,7.615941559557648510e-01,-3.900221834931341114e-01,-2.301225276437030565e-01,3.120912329022995299e-02,6.200248734489549607e-01,-1.056115756865280697e-01,3.513884001601824125e-01,-1.927050261925811470e-01,-3.939637548032847159e-01,-4.315004849963804401e-01,-3.683999310732515298e-01,-1.893335676303318504e-01,-2.709378227343902656e-01,1.715534575549831353e-01,-3.246604280171314083e-01,6.549733430232539400e-01,3.770975895189120908e-01,-3.172796427522673879e-01,-1.864519012417486798e-01,-1.854375727776142180e-01,4.165158563770102185e-02,-4.379627918015025489e-01,3.169347113756767337e-02,1.455653529111084199e-01,1.146600788645342761e-01,-1.542390169428854985e-01,-2.529006985174340749e-01,-5.696361497383272549e-02,-2.095940830966080692e-01,-2.077831529275541711e-01,-5.076906673372325041e-02,4.330524079505189139e-01,2.677629624290065943e-02,1.398065140647973825e-01,5.863040139375779586e-02,3.755854493732624366e-02,-2.511962970004174012e-01,-2.237497271842507351e-01,-2.658937035145277905e-01,-1.742977602094999967e-01,-1.491955702015134444e-01,3.844975681560433567e-01,1.638762272493688998e-01,9.458721352436451346e-02
2.424439233839414121e-01,-1.449129337057661615e-01,4.565669868250878394e-01,-5.366345973120221352e-02,3.834397836750556565e-01,-4.307670861267337004e-01,-6.884166516612143238e-02,-4.423367286484188310e-01,8.028918778687329505e-01,-9.580105829835926234e-02,3.702220454785666859e-01,-2.674104470726307858e-01,-2.875245378815613484e-01,-2.559998469553823597e-01,2.797776779286748061e-01,-5.645121741993570919e-02,-1.178527110120430321e-01,-1.088807015662290184e-01,2.312868998772886486e-01,3.706845581563592562e-01,-4.763204490768460642e-01,2.331728782466860883e-01,-3.431672764486016769e-01,-1.961468307038987391e-01,-4.154954169590253099e-01,-3.698881155308587632e-01,-2.377026739695710031e-02,1.859841292753706410e-01,-3.384908135951809113e-03,-3.805853544699479979e-02,8.770420494538924694e-02,-7.331057711254869869e-04,1.345081271118226951e-01,4.279066030017491390e-02,-5.412881388032002999e-02,5.419449127228640473e-01,-2.876286243678099486e-01,7.141699447851700411e-01,-2.681187608248216114e-01,1.962439939819007051e-01,-3.900221834931340559e-01,7.615941559557648510e-01,-3.519119901364448078e-02,4.569659048023022030e-01,-2.853534329091718114e-01,-1.895684315292513467e-01,-4.506172933273281528e-02,3.521520094068164575e-01,9.449251092602004021e-02,-1.020022266253265419e-01,-1.959064541839648180e-03,2.640289778560044875e-01,4.767979781027871233e-01,-3.263393838934795510e-01,3.217579998250565954e-01,-3.048786016051711067e-01,-2.103640386268592344e-01,-3.663500084464799689e-01,-3.461145567113622090e-01,3.056760257016885585e-01,1.522620743878044802e-01,8.743851736808785913e-02,-7.175561258715293378e-02,1.074351563118396413e-01,-2.599427950903491213e-01,1.832707631512014712e-01,-4.496211727665904712e-01,-4.672745773286799409e-01,-5.217451899033201945e-01,-4.651147485801081505e-01,-5.602065995685616417e-02,-9.989228758591223167e-02,1.032862114906635265e-01,-7.316668301841527944e-02,-1.346144597537107523e-01,-3.314343066510488933e-01,-4.573195274003274968e-01,-4.419174940325797940e-01,-4.982723074858401158e-01,-4.025893596406047714e-01,1.169464797344520191e-02,-1.834400367430524537e-01,-6.669681433662058741e-03,-3.488725172379228967e-01
-9.692668090775802270e-02,2.733830602284106903e-01,-2.231851347366929084e-01,1.486743573729976953e-01,1.564241086832082739e-01,-2.009524204400389980e-01,4.152482533604613391e-01,-2.723374677639330277e-01,-4.212284996407327647e-02,6.380096404248546405e-01,-2.082564259453123234e-01,2.352242604016881178e-01,-2.444230113505071744e-01,8.932037932224343169e-02,1.132587890639085715e-01,3.194912073982700829e-01,2.435709096429882620e-02,4.798857945706477141e-02,-1.905868610171943256e-01,-1.164271448565120694e-02,1.704233840062979559e-03,6.949719199836297545e-02,-2.611924364784029562e-01,2.887082384342474772e-01,2.470405869390532583e-01,3.037074650337289600e-02,1.185052897117236104e-01,2.315992991673724022e-01,2.753460828505747693e-01,2.563664458977222282e-01,1.524432692247574272e-01,2.642729599149276631e-01,3.382786998307898974e-01,7.538377370216478579e-02,3.051383440547660308e-01,-3.766205266722363887e-01,-6.630116099885986769e-02,-3.962722626617681126e-02,1.123137998373538449e-01,3.868068691127939940e-01,-2.301225276437030565e-01,-3.519119901364442526e-02,7.615941559557648510e-01,-3.003984506637829011e-01,3.969835103729601328e-02,9.599039870931508345e-02,1.721584197623566570e-01,3.083484425384931671e-02,4.520380301164900749e-01,5.080390630031385024e-01,5.901509478349589166e-01,-2.128717797551067104e-01,5.340645930165788952e-02,2.105479317299361330e-01,1.534147052768139730e-01,-1.895055992398906874e-01,3.078247379542501383e-01,5.439989688941918589e-01,4.173157487687819134e-01,1.482524272280474897e-01,1.575123532823261563e-01,3.883415879797718628e-01,3.794342714000460415e-01,-9.282993380921104876e-02,1.123911908203354109e-03,3.505607058934091524e-01,2.986105651225948732e-01,-3.253391282225650549e-01,-4.263556488764550650e-02,-2.466648477296350811e-02,-7.093976330544153608e-02,2.486887613846572864e-01,1.275760043233157837e-01,1.483317878179735427e-01,3.291413437762900074e-01,-1.524226484370040484e-02,8.131318387069953746e-02,-2.870162068305541769e-01,-4.924514980486231069e-02,-1.120041399452882391e-01,1.467569825809559303e-01,1.877203730917951507e-01,-1.376448223331583343e-01,-1.749721060533851180e-01
6.242544622451109797e-03,-2.302195581966204607e-01,8.855416324226343949e-01,3.153307081491347249e-03,2.910971148838157885e-01,-5.260182689120220800e-01,-3.236994101023890069e-01,-6.552510058663470888e-03,5.769346193308358961e-01,-3.019089606108351642e-01,8.989208751377366635e-01,-1.557620544588841360e-01,-2.864623138403384894e-01,-6.195599319393308574e-02,4.802332221424507330e-01,-2.721827280097982582e-01,-3.772945285544781480e-01,-1.952626334702520228e-01,4.962250192770045754e-01,3.122106249469036032e-01,-4.306053791249566665e-01,1.627510725994011642e-01,2.499441067640579758e-02,-1.659718382486808919e-01,-5.939348977335024982e-01,-2.078820307119908228e-01,-1.049218799243697153e-01,8.258958238983465927e-02,-2.602909506938437811e-01,-2.011502184541889282e-01,-1.228016687389119066e-01,1.054321759611391296e-01,-3.793453351789587147e-02,-1.031543626231559430e-01,-2.224964728419483451e-01,9.370326004453151114e-01,-1.809770901148254341e-01,6.730904351566894261e-01,-4.907623648459600307e-01,-1.346063093837480129e-01,3.120912329023009177e-02,4.569659048023020920e-01,-3.003984506637829011e-01,7.615941559557648510e-01,-1.234684875269853876e-01,-3.493208248566529450e-01,1.111845696098172076e-01,5.877276363370543821e-01,-2.425715293636883929e-01,-5.181502804660355066e-01,-2.503807962072145399e-01,5.396274149978766976e-01,4.306297813540433950e-01,-3.784615926630104377e-01,2.204867796280337300e-01,1.968537697677023510e-02,-1.855145704203588208e-01,-6.443156179039326581e-01,-4.517135818393530622e-01,1.027377427567305185e-01,1.145630934967400982e-01,-2.540930873151753255e-01,-1.872282304850048373e-01,2.123508163063145271e-01,-2.289426269402758674e-01,-4.287498666362932892e-02,-6.497596110479404441e-01,-1.796014846302881329e-01,-3.210487470413803668e-01,-4.218709494872210919e-01,-1.383415016355167837e-01,4.138013606539219652e-02,2.975954280854666012e-02,9.309506891775401471e-02,-2.807739079827215045e-01,-2.855476932034550219e-01,-6.510030179758952151e-01,-2.586611962934450282e-01,-3.319631419552599993e-01,-3.537942656452787715e-01,1.089486242646496295e-01,-1.148413030350876191e-01,3.828901963056470514e-02,-1.489373253439018885e-01
-2.116530898714797104e-01,-1.820392262891182278e-01,-2.296374750859763170e-01,1.760315378881577297e-01,-2.224193470863662647e-01,1.495941776561358072e-01,-2.392095527368087726e-01,6.056445110540974452e-01,-2.999306195510821338e-01,-5.277884322782133708e-02,-1.700569258533751460e-01,6.753082796595176740e-01,-1.087524420620974291e-01,3.573816324337607542e-01,-1.617712785889671712e-02,-1.689154803181877329e-01,-1.755358500338290995e-01,-8.618297870348931577e-02,-2.073464804008821327e-01,-1.509336921152979738e-01,2.724415434973220806e-01,-1.260945331338234332e-01,3.718281945791213072e-01,6.527466197805866788e-01,-7.000287743655944118e-03,4.013533681460440539e-01,-1.303853706215987729e-01,4.643593740114269897e-02,-3.388358692761407331e-01,8.419729829394360932e-02,-1.415011729189686596e-01,2.417885584360930998e-02,-1.078459186852140789e-01,-1.710539181073228443e-01,-2.941969776315719876e-01,-2.348388603981469702e-01,2.458668669699679288e-01,-2.223312984181200491e-01,2.205147173689839535e-01,-3.501181431954958900e-01,6.200248734489551827e-01,-2.853534329091718114e-01,3.969835103729604103e-02,-1.234684875269853460e-01,7.615941559557648510e-01,7.328537246922578463e-02,1.467378418526707473e-01,-1.741267870415560415e-01,-2.455918214541982225e-01,-6.393080288041197434e-02,-9.977615561498372199e-02,-1.364867010588823037e-01,-1.550197535871547239e-01,1.327577595242337427e-01,-8.540630386437840504e-02,3.712442164717327797e-01,5.681129265630738834e-01,6.312301597113240126e-02,1.432885707003870579e-01,-2.354779151958184269e-01,1.542668644452645788e-01,-3.621454791685880803e-01,3.109518815011956261e-01,9.155172003811264114e-02,2.227663915617537210e-02,-7.527018781128679004e-02,-8.135634380274009425e-02,-1.559618822951523986e-01,5.699891105274878383e-02,9.896098994916646685e-02,-9.851801325329599679e-02,5.549246212113073673e-01,2.666904686492929319e-02,1.529944175770112380e-01,3.157266464233621783e-01,1.070738418831807121e-01,1.544868916989898880e-02,-2.691000617576316256e-01,-3.463749427539621062e-02,6.593176080799252603e-02,-1.690236508384017691e-02,4.725986102987098647e-01,7.905890563554368589e-02,1.240163339980593499e-01
2.197064321009706556e-01,-1.095199670551590260e-01,-2.387215091746483775e-01,1.123329142270916986e-01,-1.070196828662689226e-01,2.409108800552780538e-01,-1.130701908305020709e-01,9.145045931687125970e-03,-2.609835997496005588e-01,-6.697272581363977739e-02,-3.153387931128865951e-01,2.333859715975692972e-01,3.846641994664630748e-01,-1.364942636085215155e-01,-9.360588549378011380e-02,-6.518687857936891761e-02,-7.322752844095457847e-02,6.809317126611632263e-03,-3.457477186641279010e-01,8.624491521480624756e-02,9.366114968290482901e-02,-9.792829612987566379e-02,-5.921875346448420008e-02,2.564978417250942666e-01,3.868595918275231221e-02,1.255286298056530470e-01,-9.871018200638072282e-02,2.724851575416341598e-01,1.968470772138046221e-01,2.172238585560885005e-01,2.754067007593841709e-01,1.475017368802970926e-03,2.833224803451128357e-02,3.761035529535694533e-01,-1.392034180052978687e-01,-4.064239517725503070e-01,7.353296419144755847e-02,-7.018702175446198122e-02,5.211501206917058537e-01,4.958682103779021855e-02,-1.056115756865280975e-01,-1.895684315292514022e-01,9.599039870931500018e-02,-3.493208248566528895e-01,7.328537246922572912e-02,7.615941559557648510e-01,7.388021077366936900e-04,-2.513647232487163929e-01,1.166743042026061744e-01,3.497514104119227585e-01,3.470253779850763221e-01,-3.651067344699532313e-01,3.278082459618472666e-02,1.852459794069001853e-01,4.229474404884232125e-02,1.126262916495902461e-01,2.124579189107915766e-01,3.425781254319770208e-01,5.189724092746970108e-01,3.588856847944466716e-02,3.679381370858265110e-01,2.085362050374324205e-01,4.167214133337099891e-01,4.786658445763403158e-02,-1.051544828902469322e-02,8.213831422454108411e-02,2.984035734974684884e-01,-4.439291741881031261e-01,-3.722410057546087780e-01,-3.093605690668379538e-01,1.957094843146640201e-02,7.932502603360717941e-02,-2.681905008636472493e-02,-2.728675523360037380e-01,1.468969552525723754e-01,1.026636016434448601e-01,1.511368332351571142e-01,-3.577121791222829805e-01,-3.345944980003076608e-01,-2.947742066137781780e-01,-5.104633090733622786e-02,3.836421043658873320e-02,-4.024651668695600898e-02,-2.883979723607443257e-01
-7.258382566177715156e-02,1.261185948664618472e-01,1.907379915540629578e-01,1.847439480652719457e-01,4.826688959279147872e-01,-1.506269325275531590e-01,-2.614301828064990660e-02,1.577035021838019968e-01,5.956403124815605465e-02,5.255514408649307467e-02,2.426073788645037033e-01,5.543964577174652353e-02,-3.089173194202040063e-01,3.936840368644372035e-01,3.861061022973751311e-01,-3.612647279186013277e-02,-8.865853332761393368e-02,-1.351750796129418120e-01,2.835543376490812228e-01,3.333631393871996917e-01,4.013979642734142456e-02,3.428114897591585386e-01,4.009150192172896143e-01,-1.292609858054944438e-01,-2.548790776922054135e-01,-5.778814840030488398e-02,3.895767831314372875e-01,3.102929380748988830e-01,1.185748932112398873e-01,1.016884574090358706e-01,-4.829564233543758023e-02,3.358014661473869844e-01,3.726051202806470175e-01,-4.628868102946630952e-02,1.106268836389674992e-01,9.197769801356624197e-02,-2.813915197531748069e-02,1.227372202448401561e-01,1.818506268682918425e-01,4.830120657309240617e-02,3.513884001601824125e-01,-4.506172933273264875e-02,1.721584197623566570e-01,1.111845696098172076e-01,1.467378418526707473e-01,7.388021077367075678e-04,7.615941559557648510e-01,2.699937732846970362e-01,1.799443034638407435e-01,8.609751046609515415e-03,-3.709960216136951212e-03,1.639185976046981519e-01,2.727892781873660910e-01,2.148410012516454304e-01,3.033802190503128160e-01,4.400196466889173541e-01,3.744532477296622086e-02,-3.262557789020632121e-02,1.624361962184456276e-01,4.389274099293368758e-01,2.371908519568461382e-01,2.332794632226262710e-01,1.935841054527710769e-01,-8.993707138002304813e-02,1.161522229092770281e-01,2.494946783618108843e-01,-5.687792221000177034e-02,-1.974016477565943561e-01,-4.755151682693798537e-02,1.297262741792576113e-01,-1.000807036782409148e-01,3.911366699242027067e-01,2.589533853893239979e-01,8.384416670849496878e-02,1.846168296382769136e-01,-1.932031601981371305e-01,-3.126205244767419344e-01,-3.140798989083978116e-02,7.839157643111868690e-03,4.178942088731634613e-02,2.131890360520719355e-02,4.562543163794015588e-01,2.423856857876010296e-01,2.937168917168751434e-02
5.411192785734132704e-02,1.356231176442489750e-01,6.371536763754224175e-01,1.798462744232159072e-01,3.998271129016567893e-01,-4.935692973417466489e-01,-9.075436872541935715e-04,-2.287004138104324347e-01,5.132220568569311192e-01,-1.834053150401238619e-01,5.854257431481729723e-01,-2.184863024780609453e-01,-3.242642082473645715e-01,-2.632956510524754254e-02,8.956117843974275017e-01,-1.242316722663843326e-01,-1.852351325828131556e-01,-3.271499513255685665e-01,2.395056132755136458e-01,6.074325113494386530e-01,-1.181727921387440566e-01,5.943536497944109653e-01,-6.577314601647626935e-02,-1.779402759459213224e-01,-4.726137419438102283e-01,-2.270430470341535181e-02,5.069643551400192932e-02,2.625956219672190839e-01,1.790846857945761483e-01,-2.126482140349483518e-01,2.916210626282064039e-02,5.284513442834323227e-01,3.404227323503903890e-01,-1.004338355115739906e-01,2.387825663396404285e-01,6.410170237254437797e-01,-1.205194614300757333e-01,5.319471363086980542e-01,-5.164641083698451318e-01,2.278288122824379258e-01,-1.927050261925811192e-01,3.521520094068165685e-01,3.083484425384936528e-02,5.877276363370546042e-01,-1.741267870415560415e-01,-2.513647232487164485e-01,2.699937732846970362e-01,7.615941559557648510e-01,4.652846891947450339e-03,-3.126548750146174727e-01,-2.194834838973277746e-01,2.029341220462498596e-01,6.475388437327459501e-01,7.654303345108773304e-02,6.135549083718705443e-01,-1.350186138506481448e-01,-1.209624806269925662e-01,-4.237715558316023090e-01,-9.630442270104046243e-02,1.542371247111987698e-01,3.859124084958480139e-01,2.036704856360946059e-01,-3.279403234163986158e-01,1.875322482692012294e-01,1.862237796283218172e-01,3.015190348667023956e-01,-4.819793340002143656e-01,-1.438362078056495130e-01,-1.840167885274102688e-01,-2.262516348868812421e-01,-4.254367387773396181e-01,1.035989561427744926e-01,9.735967973524850896e-03,1.599604335180185022e-01,-2.199148394974314302e-01,-4.780789952109491536e-01,-4.095342574041783701e-01,-1.151004483336468542e-01,-1.744520811001705474e-01,-1.659354800499295568e-01,4.196901818672785917e-02,3.094288026998970875e-01,1.770535615398337592e-01,6.398108567354687977e-03
3.059976276914448956e-01,6.056259209590203474e-01,-9.281795582382545984e-02,2.461278258976482558e-01,4.039603322343213732e-01,-9.550286110750565161e-02,2.630858276027048248e-01,-4.371373737433883466e-01,1.038279965911737268e-01,3.376087258242186362e-01,-1.610074943771471756e-01,-4.552323018375099145e-02,-2.358633168987466291e-02,3.146467932786638499e-01,9.999192376020374362e-02,5.061423642930732436e-01,-5.176361047882850619e-02,-3.165216241135345582e-02,-1.407766808375743861e-01,-8.682182133079677233e-02,2.215813316796424667e-02,1.541650177158776225e-01,-2.289657634953033150e-01,1.442221312630646013e-01,8.047851667558725275e-02,1.153781670600631942e-01,5.190668496563804329e-02,3.868960044988126179e-01,4.897564314361485538e-01,-4.733255813682007290e-02,3.011810859731368639e-01,2.485158063702775089e-01,4.027072370826075276e-01,4.845055385627196620e-01,7.197032239317048274e-01,-2.629126269539084348e-01,-9.263943375395569668e-02,2.037096463885003095e-01,1.838927149297178987e-01,4.584774733534268676e-01,-3.939637548032847159e-01,9.449251092601998470e-02,4.520380301164900749e-01,-2.425715293636885039e-01,-2.455918214541981948e-01,1.166743042026062022e-01,1.799443034638406880e-01,4.652846891947457278e-03,7.615941559557648510e-01,1.881706106184882488e-01,6.759601167021997981e-01,-1.944965206660549673e-01,1.166748651773348161e-01,3.954768294454452104e-01,4.027773881358678865e-01,-1.359907765124544199e-01,2.707764937183100851e-01,5.779171105621166982e-01,6.856155030750881174e-01,2.388700934067837234e-01,2.035586237962720146e-01,6.968656219217402858e-01,-1.218629510560117861e-02,-1.803437209607462455e-01,6.513506172711673592e-02,4.529402552015835970e-01,4.436084977430665433e-01,-4.104999481328659994e-01,2.607624356569311977e-02,-3.005487733269009143e-02,1.549456644372204650e-01,2.451198830534342954e-01,3.631640752415404294e-01,-1.706084403068721181e-02,2.879338913101712749e-01,-7.887981632893061035e-02,2.098665350754069236e-01,-1.790604114288792403e-01,5.493933392302466356e-02,4.670770402467107341e-02,2.389354906194837980e-01,9.415329820750632794e-02,1.094723025140994510e-01,2.614243625985876451e-02
-1.011746615072449257e-01,-1.925344944660932756e-01,-3.889512293162383227e-01,-8.013487408763712849e-02,-3.245812780286099018e-03,2.003041963088222355e-01,7.485217127842232199e-02,-2.735890948798639366e-01,-9.852918823095507816e-02,4.265143075482780155e-01,-4.085176778230828476e-01,9.626586951440034567e-02,2.083779822430517625e-01,-4.884611906663229725e-02,-1.573684811885876778e-01,3.423078819819482255e-01,5.732287497069681326e-01,3.960781679921395737e-01,-2.134366127542280389e-01,-3.874123781995210403e-02,-8.317573803216533890e-02,-5.823980320072198735e-02,-4.431447223329476048e-01,-4.292736667123017019e-02,4.401515338297867230e-01,1.276206542855087833e-01,2.249743979184998591e-02,-1.007527332063631875e-02,8.206194213187321951e-02,2.438946893701838814e-01,1.527720344034249056e-01,-9.646886335744103702e-02,-9.803815769811156933e-02,1.639744285014593100e-02,-1.519499188852869165e-01,-5.364538817092890932e-01,-1.066969850059806962e-01,-2.229611393236480277e-01,2.574171617385199728e-01,1.721997973113748304e-01,-4.315004849963804956e-01,-1.020022266253265419e-01,5.080390630031385024e-01,-5.181502804660355066e-01,-6.393080288041216863e-02,3.497514104119227585e-01,8.609751046609515415e-03,-3.126548750146175282e-01,1.881706106184882488e-01,7.615941559557648510e-01,5.445977043952298091e-01,-2.895081970899924806e-01,-8.980272061460845001e-02,3.685016037487225810e-02,-6.504947593885737622e-02,-4.073338113726956977e-01,3.997204743867671748e-04,6.092468809697346721e-01,4.001633466730320499e-01,2.916119816465085647e-03,-4.675606053578478666e-02,1.008509267988255964e-01,3.832584677645569093e-01,-1.699206844397328775e-01,-2.825561428933120317e-02,1.105388642872454953e-02,4.083682613669759043e-01,-3.720696139637362787e-01,-1.370174706271116705e-01,-8.613872347407015850e-02,9.762872867727709694e-03,1.531051748356728193e-01,3.980800921575024937e-02,-2.097597882978617378e-01,2.888832269348827753e-01,1.890393467064168387e-01,3.161441454770453907e-01,-3.003497340126359827e-01,-4.828898211880477964e-02,-1.198578671519022892e-01,-9.487637291058732825e-02,-3.054787791769758565e-02,-6.792958926919043239e-02,-4.193284250692981274e-01
3.095373151253498212e-01,3.823766928546733501e-01,-1.770679976616389983e-01,3.148939195728570756e-02,5.912483413897191148e-02,-3.832761362779654735e-02,6.504115241505820967e-03,-3.136390578542628815e-01,-1.568702091930713333e-02,5.361895606634113909e-01,-1.803953487062432970e-01,1.821974268793316865e-01,1.875561619133540581e-01,2.124793421062070309e-01,-1.502745892537087902e-01,4.389449468812091637e-01,7.683532438300254286e-02,2.012617463606763413e-01,-1.571709931939396510e-01,-9.502198928686636514e-02,-6.626515187203090018e-02,-4.342787668266307496e-04,-2.831339252829264130e-01,3.619296206771956959e-01,2.179802412214263130e-01,1.916699246207579088e-01,-4.562736727524131786e-02,2.470620340497225453e-01,2.166458666646086106e-01,2.370793395951315691e-02,2.626384836918472798e-01,1.732803268936648419e-02,1.625736486225117516e-01,6.519224569357937593e-01,3.905205541238264133e-01,-3.197641816672085469e-01,-1.939586918275058580e-01,-2.641699385995180047e-02,3.349039855800248766e-01,7.827012521930631905e-02,-3.683999310732515298e-01,-1.959064541839620425e-03,5.901509478349589166e-01,-2.503807962072145399e-01,-9.977615561498373586e-02,3.470253779850762110e-01,-3.709960216136951212e-03,-2.194834838973278579e-01,6.759601167021997981e-01,5.445977043952296981e-01,7.615941559557648510e-01,-2.104129442853217014e-01,-1.858574047142646721e-02,2.461786444100829419e-01,1.589997469984392175e-01,-1.284672759397328390e-01,4.732523070408594101e-01,5.916233896861418096e-01,6.522683122353687413e-01,9.066907010954429122e-04,1.431489342566758804e-01,2.829798410919472373e-01,2.726196136499993150e-01,-1.658847530912913315e-01,2.906700030791365200e-02,1.988046590233145394e-01,4.582544149384872312e-01,-4.359371051660658192e-01,-3.101268965879981285e-02,-1.447074984703016487e-01,2.300922179921071065e-01,1.020870344199825003e-01,1.533894569854692969e-01,-2.233688012465671890e-01,2.083086483002255795e-01,8.060415417374122704e-02,3.162420784150686837e-01,-3.473780204561256468e-01,2.694558530651240333e-02,-1.095256920222494462e-01,1.012735878827681485e-01,-3.604346561075893237e-03,-5.387637420261768423e-02,-1.974750771183055587e-01
-1.837066586450624220e-02,-3.398499495657321123e-01,4.524242434765310406e-01,-2.002738634008233432e-01,8.167772825448894880e-02,-4.107649196628770927e-01,-2.389163052238841567e-01,-1.499913331589895239e-02,2.195366224498044583e-01,-1.854551558236612607e-01,5.159864882875804248e-01,-1.158024468145192609e-01,-2.253515167773881556e-01,1.992222334967155561e-01,1.931864212440131401e-01,-1.549025981070185076e-01,-4.985158755129552588e-02,-8.350114310280762342e-02,8.218702721173182235e-01,1.319701925846587520e-01,-5.452016253678190205e-01,5.944120894859535736e-02,-1.223830202960440178e-01,-2.089675772737339676e-01,-4.932260642378256121e-01,-2.367997107412563307e-01,-2.511118700324928565e-01,8.839773332366575309e-02,-3.455688481065949946e-01,-2.346455993491227982e-03,-6.613834311370732355e-02,6.571759187749823261e-02,-1.212083878776915452e-01,1.320027504406019649e-03,-3.455276988436776775e-01,5.307596850645632802e-01,-3.412612639438076800e-01,1.820124200413125726e-01,-4.239877026037366381e-01,-1.602567988365165286e-01,-1.893335676303318504e-01,2.640289778560045431e-01,-2.128717797551067104e-01,5.396274149978768087e-01,-1.364867010588822205e-01,-3.651067344699532313e-01,1.639185976046981796e-01,2.029341220462499429e-01,-1.944965206660549673e-01,-2.895081970899924251e-01,-2.104129442853216458e-01,7.615941559557648510e-01,3.050022278566845713e-01,-5.508955050964240430e-01,2.116894369457908154e-01,-2.103264997390575375e-01,-2.454917703397153372e-01,-6.276037914103623772e-01,-4.728899498076620800e-01,-7.528791372323929976e-02,1.682313362955973474e-02,-3.597051402316024937e-01,-1.591190911824630072e-01,-1.282370112940046658e-01,-4.270416957367571126e-02,-2.298332008054249365e-01,-3.394273857991034760e-01,-3.189420184296063998e-01,-3.281937612272384786e-01,-4.124689811434963937e-01,-1.052138926168204730e-01,-1.353081516670183171e-01,-1.098488445312846562e-01,8.546189283304438111e-02,-1.437183870021929433e-01,-3.983847357815792356e-02,-2.601804780492384395e-01,-3.193562333449402324e-01,-2.537950051230184467e-01,-3.674040011115800031e-01,-1.928188118542374374e-01,-3.244758904761821383e-01,-3.385968259651485623e-01,-1.389551642628840122e-01
3.359375200202986411e-01,6.945173097755673319e-02,4.291525683206438013e-01,1.753085979046969667e-01,4.304369669109869290e-01,-2.529742247786835874e-01,4.099702796822690676e-02,-2.524680092187668312e-01,5.215377522187850667e-01,-5.095607076482278758e-02,4.372527450648494574e-01,-6.738276733906421734e-02,1.959529110744970964e-02,8.238908027444750981e-02,5.073754067828650793e-01,-6.421091848060739293e-02,3.736250722920814778e-03,-1.547566335466371290e-01,2.787467156370744270e-01,8.346606313100486396e-01,-3.493453959711684820e-01,6.133669560813879151e-01,-1.662074853989007894e-01,-1.066243374164955876e-01,-5.055755416528244783e-01,-8.302895688241289374e-02,-8.375471884293582414e-02,5.299926542596525847e-01,3.217970001060357910e-01,-1.355130464540948709e-01,1.335697185649321050e-01,5.551477369114798943e-01,4.611897043931925122e-01,1.030403559921661549e-01,2.197420841120600044e-01,4.282179641452606433e-01,-1.450197347104625611e-01,6.402448497131781879e-01,-2.345110688572671909e-01,3.838292632717735797e-01,-2.709378227343902656e-01,4.767979781027871233e-01,5.340645930165788952e-02,4.306297813540432839e-01,-1.550197535871547516e-01,3.278082459618467115e-02,2.727892781873661465e-01,6.475388437327459501e-01,1.166748651773347606e-01,-8.980272061460840838e-02,-1.858574047142645333e-02,3.050022278566846268e-01,7.615941559557648510e-01,-1.842215325466229903e-01,8.165243081575651596e-01,-1.883390515831798173e-01,-1.314276749576658854e-01,-3.987213977821600919e-01,-3.331093214072957526e-02,2.416589387098850294e-01,5.851932167566860077e-01,3.667146265183520715e-01,-7.986751361535429639e-02,3.108946709675352027e-01,1.981791080444955666e-01,4.661800708425757889e-01,-3.225460016969693977e-01,-3.467915487901963023e-01,-2.932188248498955319e-01,-2.999446037917399832e-01,-3.562361152271782960e-01,1.606313256382779775e-01,3.418803869633874060e-02,2.628516552110186227e-02,-2.481230118405803597e-01,-3.266529752282035792e-01,-3.105688255576122270e-01,-2.935614583675965061e-01,-2.464319693998321403e-01,-2.123867234688662786e-01,-6.068946096218039848e-02,2.414397958568161029e-01,1.605681911785929172e-01,-1.708319763512881340e-01
-1.406166263633668208e-02,6.279123260752839109e-01,-2.102121460950776288e-01,2.600005396980504258e-01,1.027809650135073360e-01,-4.633512897052323443e-02,-1.357451491325310788e-01,2.636600824351587394e-02,-1.828457579517135390e-01,4.916221024528522575e-03,-2.477055508919579485e-01,1.852718214499037563e-01,-1.318789527283498464e-01,1.728318940504189050e-01,1.089964497939231725e-01,2.150135828523964121e-01,-2.457979696465691366e-01,-1.502740285905282136e-01,-4.358451720883305125e-01,-2.497323577139242690e-01,7.018147980312297030e-01,-2.608461424860215525e-02,1.341327169799488295e-01,4.560071255408190138e-01,-8.763265259579113009e-02,2.040510392764575132e-01,-7.329578763165553457e-02,3.815642226442883533e-01,1.875879141852173637e-01,4.635180987042239464e-02,1.421102921876531977e-01,3.542663354340439552e-01,4.007677242943918916e-01,8.762245346626734710e-02,5.921775898198072818e-01,-3.632954059277855308e-01,2.982552491257769653e-02,-3.213133574757898875e-02,2.648534704849902499e-01,-2.678334090564846171e-02,1.715534575549832186e-01,-3.263393838934793290e-01,2.105479317299362163e-01,-3.784615926630104377e-01,1.327577595242337427e-01,1.852459794069002408e-01,2.148410012516454026e-01,7.654303345108771917e-02,3.954768294454452660e-01,3.685016037487225810e-02,2.461786444100828308e-01,-5.508955050964240430e-01,-1.842215325466231290e-01,7.615941559557648510e-01,6.553987382120241012e-02,3.083400828535112770e-01,5.807493661185268996e-01,4.212463151923347970e-01,5.945588721107586405e-01,2.391452508462504553e-02,2.771739944452539239e-01,3.385626027678154126e-01,1.333524152938773966e-01,-5.814909191342557127e-02,2.756962303736243958e-01,3.234688084357569826e-01,2.393023559360012709e-01,-3.423165457141751356e-01,-3.723330956360666050e-02,-7.320960791236252874e-02,8.057419449324029759e-02,3.344871750708556801e-01,1.480116005910146748e-01,9.474271661403613209e-02,2.954240828500799276e-01,-1.060584355902604164e-01,1.157900950927170242e-01,-2.905519050360979016e-01,-1.198898334408608907e-01,-3.292305629646420650e-02,-5.491770755480557958e-02,2.836160604207294544e-01,5.980674252433242077e-02,1.311650919887014377e-01
2.949754856251057822e-01,9.458208399316797577e-02,3.386748919769470012e-01,2.127660652114157780e-01,4.783725363730744196e-01,-2.263457333509913960e-01,1.253675468833123918e-01,-2.622118727290573270e-01,4.441226100513501196e-01,4.786608927645045336e-02,2.732999487484038537e-01,-8.829758001395571210e-02,4.008455390855591993e-02,2.289693876085048263e-01,4.990589730657800094e-01,2.085815381260785750e-01,5.385069450697595878e-02,-2.450591989899103193e-02,2.209206695331175918e-01,6.642881596042697900e-01,-2.201674583169983823e-01,7.560011547142310162e-01,-1.901095051114105317e-01,-3.426384177145861548e-02,-3.781358408177121211e-01,1.660264308126151445e-01,-4.172281734135294129e-03,5.499632387067870942e-01,3.726622099564412260e-01,-2.367052221186451422e-01,4.130510100394915729e-02,5.658573965843168851e-01,3.514471017087498761e-01,2.478789983334084568e-01,2.654296402074607375e-01,2.968171967171711612e-01,-1.160193747368396117e-01,5.300201648853273273e-01,-1.289412360440769789e-01,4.376255348832700509e-01,-3.246604280171314083e-01,3.217579998250565954e-01,1.534147052768139452e-01,2.204867796280336745e-01,-8.540630386437840504e-02,4.229474404884234900e-02,3.033802190503128160e-01,6.135549083718705443e-01,4.027773881358678865e-01,-6.504947593885740398e-02,1.589997469984392731e-01,2.116894369457907599e-01,8.165243081575651596e-01,6.553987382120241012e-02,7.615941559557648510e-01,-2.153200811473670595e-01,-3.900599256862832820e-02,-1.228948335151298643e-01,2.990446110434774041e-01,2.689274719865952790e-01,5.454371533701444230e-01,4.180368044061049115e-01,-1.784423370400603504e-01,1.429222833903202594e-01,1.417946613304220671e-01,4.031374725479155985e-01,-2.370724970266678555e-02,-3.043918143944998600e-01,1.440732015292719818e-02,-3.433264536195835409e-02,-2.489722616053290649e-01,2.411501612961125252e-01,3.881220940542608189e-02,9.690699746076958387e-02,-1.305461281809253485e-02,-2.730477863860115151e-01,-7.683717092945449578e-02,-2.040119282166114045e-01,1.965790490240106048e-02,1.285984606521283491e-01,3.372353235808691480e-02,1.945789579658537272e-01,9.109360089559316587e-02,4.746465302557335147e-02
-1.158830060871347684e-01,1.212536419836254264e-01,-1.081297004542965470e-02,7.217432546675393856e-02,-8.899130410245299425e-03,-1.506288228620236147e-01,-3.314200435478456552e-01,3.756553986034975035e-01,-2.535805991003785564e-01,-3.226331190551749994e-01,4.602045483362886096e-03,1.918038635123220370e-01,-2.915127584435194263e-01,3.136220847798504852e-01,-1.758467757922895780e-01,-3.202298667165120460e-01,-5.070739549519689415e-01,-3.743886185294767466e-01,-2.626580604320463697e-01,-3.356189653214791124e-01,2.683550200287685983e-01,-3.417232962434579302e-01,7.287381015035927501e-01,2.549221818907397297e-01,-3.592109631468352604e-01,-1.823261257677881442e-01,-6.713456023754497959e-02,2.340554923700116363e-01,-2.180270760004013320e-01,-7.440069934910452376e-02,-3.499441995366951025e-02,1.280741747432433408e-01,1.024351263245949079e-01,8.606937837844999550e-02,1.037812376434424644e-01,-1.753297325542256188e-02,8.978821328827070458e-02,3.218648660212154212e-03,3.667857848091181650e-01,-2.769412524515292851e-01,6.549733430232537179e-01,-3.048786016051711067e-01,-1.895055992398906874e-01,1.968537697677017959e-02,3.712442164717328352e-01,1.126262916495901906e-01,4.400196466889173541e-01,-1.350186138506481170e-01,-1.359907765124544199e-01,-4.073338113726956977e-01,-1.284672759397328667e-01,-2.103264997390575375e-01,-1.883390515831799561e-01,3.083400828535111660e-01,-2.153200811473670040e-01,7.615941559557648510e-01,3.592538058106434229e-01,-1.490657314374286280e-01,1.350424020759878781e-02,-1.664800593992575919e-02,2.425764763279966707e-01,-1.278248124024230215e-01,4.306669106904968680e-02,1.579546239605979230e-02,1.684481115318491595e-01,4.594759924737281537e-02,-3.583709307288373419e-02,-2.729486114735437674e-01,-4.195577662074617686e-02,-7.424896576256477532e-02,-6.824187012624077786e-02,1.284341025574300688e-01,1.777374074800783244e-02,1.235030789844440008e-01,2.967915907490411773e-02,-3.896645401660232128e-02,-1.777441027904870241e-01,-1.848222756909261300e-01,-1.150297482177264768e-01,-2.607334147436884964e-02,-1.082859341734155184e-01,1.600246365426682971e-01,1.885942304304258077e-01,1.792746668994479042e-01
7.481625525249259445e-02,5.656207649350201150e-01,-1.881090664428022863e-01,2.418956304602212781e-01,-2.451870667976440987e-01,-6.938824850991601179e-02,-3.251703449358423481e-01,2.774713065884026886e-01,-1.990472659560479640e-01,2.214027525178249023e-01,-1.815064340940652221e-01,6.073525731886919576e-01,-1.216682471254287995e-01,2.709156057929824057e-01,-1.456436241078274685e-01,1.695196994683879216e-02,-2.977789466498197424e-01,-1.950534764134801563e-02,-2.555696136674825425e-01,-2.717343470429695040e-01,5.426280748851155522e-01,-2.133602466829833955e-01,3.073771524511156317e-01,9.149026360365286603e-01,-2.498832557269375053e-03,3.199330030013083359e-01,-2.397709844970024595e-01,4.352091986110413480e-01,1.059244150732328443e-01,3.100014805613127700e-01,2.040486493283787672e-01,3.264780903486463881e-01,4.265414456798793386e-01,2.868695276838354458e-01,4.741707850119028511e-01,-2.404557262075136259e-01,3.856849995852337093e-02,-1.319873553466840155e-01,2.673018523604570595e-01,-3.294860228996461804e-01,3.770975895189120353e-01,-2.103640386268592344e-01,3.078247379542502493e-01,-1.855145704203588208e-01,5.681129265630738834e-01,2.124579189107914934e-01,3.744532477296622086e-02,-1.209624806269925801e-01,2.707764937183100296e-01,3.997204743868226860e-04,4.732523070408594101e-01,-2.454917703397153372e-01,-1.314276749576658854e-01,5.807493661185268996e-01,-3.900599256862835595e-02,3.592538058106434229e-01,7.615941559557648510e-01,3.282021609475844759e-01,5.059510066810447571e-01,-2.124305692277709545e-01,4.183656298114012406e-01,1.761479970218764457e-01,5.146244411212843595e-01,-5.961205473782177355e-02,3.184719470788962004e-01,3.653100260757417006e-01,1.047070967748673087e-01,-2.775205592271689503e-01,-6.327806283372280904e-02,-2.101911117179077748e-01,1.648875899816840129e-01,3.788647085539499915e-01,-4.462303099019532954e-02,2.045882068644727381e-01,4.498633602086495320e-01,1.285362165600196505e-01,1.243907789222551408e-01,-3.313574773666347340e-01,-1.793166763971812128e-01,-2.224386160898168818e-01,1.678074037047673772e-01,2.258461888486761049e-01,-4.850748424398717423e-02,9.483548868168206747e-02
-7.278397514585876332e-03,2.852864942126659420e-01,-5.276308845815411708e-01,-6.688683463177137745e-02,1.256280769716981152e-03,1.997246915814575030e-01,2.080489735732071466e-01,-3.144465112140084617e-01,-3.323862428633231336e-01,5.056902995325954775e-01,-6.210539924240428000e-01,4.692191952533091709e-02,1.653744039413013456e-01,1.175121254494816969e-01,-2.955919579950495035e-01,5.361219953652091030e-01,3.862329614226873153e-01,3.031791247491197328e-01,-5.709090942840668870e-01,-4.864221981570594489e-01,2.290273137503019418e-01,-2.869017268200750315e-01,-2.577715192213559936e-01,2.173354325099776940e-01,6.034399137919126410e-01,1.351108151044331518e-01,1.091584256051946339e-01,8.330307216666775483e-02,2.454267847699490857e-01,-5.737753850112510719e-03,-4.362514355145716283e-03,-1.099962400924183945e-03,1.264042302097817365e-02,2.904032616871140005e-01,3.441218824330564141e-01,-6.343084319493731416e-01,-5.034611787169528813e-02,-3.377975602913102504e-01,5.318434869279222710e-01,2.366517713016216273e-01,-3.172796427522673879e-01,-3.663500084464799134e-01,5.439989688941918589e-01,-6.443156179039325471e-01,6.312301597113241514e-02,3.425781254319771318e-01,-3.262557789020627957e-02,-4.237715558316023090e-01,5.779171105621166982e-01,6.092468809697347831e-01,5.916233896861416985e-01,-6.276037914103623772e-01,-3.987213977821600919e-01,4.212463151923347970e-01,-1.228948335151299198e-01,-1.490657314374286002e-01,3.282021609475844759e-01,7.615941559557648510e-01,6.748458147776541516e-01,8.599432087189844143e-02,-7.848041266909591696e-02,3.344446001522581313e-01,1.648977572921017376e-01,-1.733781937475091239e-01,-9.290253724410250935e-02,1.500871109693958649e-01,6.591912469634700900e-01,-3.480883532485068987e-01,2.286317795363904670e-01,2.188403780017163236e-01,1.730571640496985086e-01,3.726495398247640402e-03,8.222046501168474297e-02,-7.769998115349069367e-02,3.729039348525743924e-01,1.642102730712087788e-01,3.974822419580784638e-01,-1.497544795218854752e-01,2.406478453884653423e-01,3.443692560695748583e-01,-3.209453488985311576e-02,-2.216689292858962934e-01,-1.086411074545456518e-01,7.714150606519068476e-02
8.358760709561624536e-02,5.295376232793134186e-01,-3.658393477123791926e-01,2.002369998269701024e-01,5.157710816192775244e-02,-4.016742887834283404e-02,-1.208195697763417009e-01,-1.919630830988610648e-01,-2.796851477150855692e-01,1.979379636745583204e-01,-3.995623826091729835e-01,1.144296830672162091e-01,1.279238366402186966e-01,1.438395710212584389e-01,2.980577247527416845e-02,3.520877193974458197e-01,2.880771446562149438e-02,1.090598359506503301e-01,-4.528812751236964695e-01,-1.815427465517184258e-01,2.901710444838360714e-01,1.717998076939287674e-02,-1.449914421666869957e-01,3.642898487354165882e-01,7.999188789714652137e-03,2.840208517517329723e-01,-1.909072320493453156e-01,4.634104694428726745e-01,3.811821396669839435e-01,-8.576007797447958436e-02,2.126193696744175798e-01,3.574633248168738731e-01,3.093361028166261018e-01,4.391718980733348432e-01,5.869011014151032102e-01,-4.866190377613857643e-01,2.783597906201443206e-02,-1.405000438781054128e-01,3.758625069079720715e-01,2.951314403762001284e-02,-1.864519012417486798e-01,-3.461145567113622090e-01,4.173157487687819134e-01,-4.517135818393529512e-01,1.432885707003870301e-01,5.189724092746970108e-01,1.624361962184456276e-01,-9.630442270104040692e-02,6.856155030750881174e-01,4.001633466730321054e-01,6.522683122353686302e-01,-4.728899498076620800e-01,-3.331093214072957526e-02,5.945588721107586405e-01,2.990446110434774041e-01,1.350424020759867678e-02,5.059510066810446460e-01,6.748458147776542626e-01,7.615941559557648510e-01,-2.520178347014408876e-02,3.907979799065905979e-01,5.194804057651900564e-01,2.012820919004353337e-01,-5.396055202401446593e-02,1.909291327684236872e-01,3.854979083968170794e-01,4.407420958725014604e-01,-3.935798334722046543e-01,1.834632740490837674e-02,-7.921657566501240366e-02,1.154207881873376036e-02,9.834337607928850256e-02,1.248085813135937777e-01,-1.594885381928358992e-01,3.820450562815956297e-01,-6.686273470963081944e-02,9.062434614776228303e-02,-2.099561969664218153e-01,2.484931229324620003e-02,7.474527914164884324e-02,8.353838839634183944e-03,3.652470824844301911e-02,7.094619615108828381e-02,-3.194031605310748007e-02
7.010303365155287625e-02,7.368045173512638435e-03,1.775089410448888461e-01,1.836981550357984216e-01,6.831594922251909008e-01,-7.065564328171773656e-02,5.913370738298662221e-01,-3.647352068151100690e-01,4.544097315926061698e-01,1.899304257700957232e-01,1.396426517087107910e-01,-2.580401468001421450e-01,-8.255469885499307214e-02,1.950239279630042732e-01,9.901105903969319166e-02,1.580919331555922513e-01,7.471297094654089088e-02,-1.714256732993066634e-01,-2.229943337023202257e-02,4.445156695003996822e-02,-2.741689792471208587e-01,5.493725950490770810e-02,-9.203503810328343693e-02,-2.307004018026654335e-01,-1.578369654886981610e-01,-2.949766428269389174e-01,7.125867870911311019e-01,2.390232012050219901e-01,2.689725834767901502e-01,7.672660317244739403e-02,1.998455327963705452e-01,2.009599743861929244e-01,1.143246162372857366e-01,2.749891366114974589e-02,1.763124676386050582e-01,1.460771404568815268e-01,-5.442204281855379799e-02,4.599349060412997736e-01,2.127879349674421383e-01,7.935749927548492177e-01,-1.854375727776142180e-01,3.056760257016885585e-01,1.482524272280475175e-01,1.027377427567305462e-01,-2.354779151958184547e-01,3.588856847944461859e-02,4.389274099293368758e-01,1.542371247111987698e-01,2.388700934067836124e-01,2.916119816465037075e-03,9.066907010954429122e-04,-7.528791372323935527e-02,2.416589387098850294e-01,2.391452508462504553e-02,2.689274719865952790e-01,-1.664800593992603675e-02,-2.124305692277709823e-01,8.599432087189838592e-02,-2.520178347014408876e-02,7.615941559557648510e-01,-3.020076322714692132e-02,3.417657136685074981e-01,-8.094615422695310147e-02,2.708755322546642363e-02,-2.929596427797038216e-01,3.740119822176615066e-02,1.728547025031200446e-01,-3.056275550719587675e-01,1.070245726309001499e-01,2.506622440317793007e-02,-1.818143428562664088e-01,6.617189389691789658e-02,1.073265101008495370e-01,2.229018362736819581e-01,7.984513649998453699e-02,-8.688460624079739902e-02,-2.638215311241300792e-02,-3.715154999721481666e-02,9.150195996855892133e-02,1.357824265042887057e-01,-3.216941564300742490e-02,2.291594009883221941e-03,3.810531335851610052e-02,5.567183212769891143e-02
4.053471716976895234e-01,3.221435577722802091e-01,1.981149464156849727e-01,2.388841782149070114e-01,1.471334615993174222e-01,-1.467239675567623691e-01,-1.509112389955529487e-01,4.829144369226156391e-02,1.671490209492156320e-01,-5.280608636383701815e-02,1.725422680079307658e-01,2.337108723423572954e-01,2.578351532669098060e-03,2.591808731580715897e-01,3.900604891901789384e-01,-5.335642380571573723e-02,-3.921634301892353291e-01,-1.697753472215551840e-01,6.476680974869482299e-02,5.314299772137133226e-01,1.271669077433674744e-01,4.044497810579685826e-01,1.680647819716619140e-01,4.196772313181679759e-01,-3.118072668181803286e-01,2.323247811973013222e-01,-1.137078648174690010e-01,7.561905901328481727e-01,4.800421336398313921e-01,5.514035857775017278e-03,1.232380677447469514e-01,6.301850321011699396e-01,5.350920977536932632e-01,1.851583446123939158e-01,2.170957109545624542e-01,6.105988943847143885e-02,-3.302409006042009154e-02,3.194574041241601825e-01,2.713276494631710473e-02,3.394133565972334149e-02,4.165158563770104960e-02,1.522620743878045357e-01,1.575123532823260730e-01,1.145630934967401260e-01,1.542668644452646065e-01,3.679381370858265665e-01,2.371908519568461660e-01,3.859124084958480694e-01,2.035586237962720701e-01,-4.675606053578478666e-02,1.431489342566758804e-01,1.682313362955973474e-02,5.851932167566860077e-01,2.771739944452539239e-01,5.454371533701443120e-01,2.425764763279967262e-01,4.183656298114010741e-01,-7.848041266909591696e-02,3.907979799065905979e-01,-3.020076322714694908e-02,7.615941559557648510e-01,4.243667358829192326e-01,2.506866286543262823e-01,1.284775195853851970e-01,4.167829294281732433e-01,5.768160774469105467e-01,-9.205847197079589095e-02,-5.119357456383827332e-01,-3.331177666355171207e-01,-2.786815617306507842e-01,-7.256945260344936643e-02,4.161254588747066996e-01,1.677744376161537099e-01,2.770066870195143569e-02,1.741709772565587164e-02,-2.452924349260214576e-01,-1.039169686576639773e-01,-4.683424712111488031e-01,-3.344949807367337824e-01,-2.870716090196198667e-01,6.250005086674148558e-02,3.635370850012939470e-01,1.394187922226460541e-01,-7.044043977875774631e-02
2.313272647071396848e-01,6.165400589725217317e-01,-6.673406154710957716e-02,2.659346517676287602e-01,3.960154789817784127e-01,-1.365213232532918319e-01,3.581519994485424241e-01,-5.758349786352370270e-01,1.281111271033999743e-01,9.724344260981933330e-02,-1.551493980697641883e-01,-1.533258600436687991e-01,1.294125487157507699e-02,1.334697732311322660e-01,2.235198074191072359e-01,1.821028747367758327e-01,-1.543233489324796759e-01,-2.284434428710407639e-01,-3.291604429630511919e-01,1.830560362872071523e-01,8.836345080009101738e-02,1.537634819383590368e-01,-2.830172670549959690e-01,5.247467396043323934e-02,-1.754286861643717388e-01,-1.423363440001765567e-01,3.665835478507617484e-02,4.617590425657454589e-01,7.535407221858959614e-01,-4.643822809953814662e-02,1.864725674559571666e-01,4.693362571264746985e-01,6.210606342338130803e-01,1.927771028779104723e-01,7.470608526764063173e-01,-2.078782864047610812e-01,6.782347728229488892e-02,2.895893279441879020e-01,1.350266445256977088e-01,5.944205356514898897e-01,-4.379627918015026045e-01,8.743851736808774811e-02,3.883415879797719739e-01,-2.540930873151752700e-01,-3.621454791685880248e-01,2.085362050374325038e-01,2.332794632226262987e-01,2.036704856360946059e-01,6.968656219217402858e-01,1.008509267988255964e-01,2.829798410919472373e-01,-3.597051402316024937e-01,3.667146265183521825e-01,3.385626027678154681e-01,4.180368044061050781e-01,-1.278248124024230215e-01,1.761479970218765290e-01,3.344446001522581313e-01,5.194804057651901674e-01,3.417657136685073316e-01,4.243667358829192326e-01,7.615941559557648510e-01,-6.277373270663189064e-02,8.671962625890372589e-02,1.547884277218621596e-01,6.561534469230549949e-01,2.273787306373349637e-01,-4.322198686043476901e-01,-1.386310358005994059e-01,-2.464207953137269036e-01,-1.033225611272328148e-01,1.347640485683576084e-01,2.364853719717212033e-01,4.369411265404537364e-02,1.086379003941007476e-01,-3.217480845892569108e-01,-1.546413341468904322e-02,-2.711292839298690138e-01,-1.236224174931906533e-01,-1.053131837483107652e-01,4.871598915006541269e-02,1.641403180542240769e-01,9.200296787029846324e-02,-4.772519076207268340e-02
3.174870291961603280e-02,9.642041595052741609e-02,-2.133414863088739788e-01,9.572468522344083908e-02,-1.945796783577178612e-01,4.041230294477878709e-02,-1.644116566099009247e-01,1.317620105524858753e-01,-1.520498166090612224e-01,3.239543618962205107e-01,-1.834088306487015874e-01,5.254252745442424821e-01,2.447117763352780473e-01,7.299575781785737350e-02,-1.949493667281089471e-01,-4.508801235430052318e-02,9.114988824205094708e-02,1.717100416608800806e-01,-1.886940045287008039e-01,-1.619987625644440654e-01,1.996608782257360826e-01,-2.228488458675415840e-01,-5.267534665084162848e-02,5.799353061932173148e-01,1.425262487805222245e-01,5.809892158674877238e-02,-1.544490149350712382e-01,2.963841692075283030e-01,1.020792228991456926e-02,6.062586870160031616e-01,3.338752754917362342e-02,2.246464459170061934e-01,9.688029395507134767e-02,8.106328754951176718e-02,-5.963661136018729575e-02,-3.468933359377016079e-01,8.607898842573277753e-02,-7.290242123084020309e-02,1.621728595841143428e-01,-1.305995563399246495e-01,3.169347113756768725e-02,-7.175561258715296153e-02,3.794342714000460415e-01,-1.872282304850048373e-01,3.109518815011957926e-01,4.167214133337099891e-01,1.935841054527710769e-01,-3.279403234163986713e-01,-1.218629510560115085e-02,3.832584677645569093e-01,2.726196136499993705e-01,-1.591190911824630627e-01,-7.986751361535431026e-02,1.333524152938774521e-01,-1.784423370400603504e-01,4.306669106904963129e-02,5.146244411212843595e-01,1.648977572921016821e-01,2.012820919004353060e-01,-8.094615422695307372e-02,2.506866286543262823e-01,-6.277373270663194615e-02,7.615941559557648510e-01,-1.149998202268174008e-01,1.878133447292489877e-01,3.152796055305261483e-03,6.294742069230688242e-02,-2.922736465324425881e-01,1.065405034671975670e-01,-7.427103853419095292e-02,-5.668410097358800998e-02,8.412688433615811423e-02,-9.098361306266403159e-02,5.824866728481687544e-02,2.640597515045480792e-01,1.870342246492071037e-01,1.128246523743895169e-01,-3.370768116027418881e-01,1.065450148163971100e-02,-8.924194528579122709e-02,-6.341723641663939148e-02,7.835796404534127457e-03,-2.793064219488352040e-01,-4.108443757942165098e-02
4.799004642886875449e-02,-5.840462830999149785e-02,2.230870478127997825e-01,8.744423323479799670e-02,7.220774711154074113e-03,-2.512313102154726252e-01,-2.307528827253303716e-01,3.316722846251436013e-02,1.182883242632107451e-01,-2.752950930713638500e-01,2.751644775428245815e-01,1.149507674931996015e-01,-5.949396429228531735e-02,-7.535145448165550541e-02,2.519850741875890310e-01,-2.036594596307237937e-01,-2.329175244568350289e-01,-2.010877665678753312e-01,-8.746071741440025749e-02,3.246364478739549031e-01,-2.828442783816868464e-02,1.624238866006674498e-01,-1.311102944927665659e-01,-7.505065395056828570e-02,-3.616170884208558256e-01,2.491422787793976662e-02,-1.181485339624836414e-02,-3.455923556010238873e-02,-5.056205122208919100e-02,-2.619037617912151616e-01,-2.639708444083919137e-01,-7.567747411065324503e-02,-7.695710115611321955e-02,-1.126682110003975057e-01,-1.414305543567808965e-01,1.342144693773122954e-01,3.828658425504381513e-01,3.858104810002667140e-01,-8.909511031424464933e-02,-1.555587028757735718e-02,1.455653529111084199e-01,1.074351563118396136e-01,-9.282993380921097937e-02,2.123508163063144993e-01,9.155172003811272441e-02,4.786658445763414260e-02,-8.993707138002307588e-02,1.875322482692012016e-01,-1.803437209607462732e-01,-1.699206844397328775e-01,-1.658847530912913315e-01,-1.282370112940046658e-01,3.108946709675352027e-01,-5.814909191342554351e-02,1.429222833903202317e-01,1.579546239605977842e-02,-5.961205473782177355e-02,-1.733781937475091239e-01,-5.396055202401447981e-02,2.708755322546642363e-02,1.284775195853852248e-01,8.671962625890372589e-02,-1.149998202268173730e-01,7.615941559557648510e-01,-3.161103453767295512e-01,-8.536447779526399118e-03,-3.791327359274840325e-01,-1.851087499119411506e-01,-1.511624783665259097e-01,-2.251242321674313263e-01,5.240266809619559957e-02,3.457708942649014849e-01,1.294206772395133653e-01,-2.066009674470170310e-01,-2.774740612927537597e-01,-2.410755738158530115e-01,-4.135589543257115475e-01,-2.908116278390207587e-01,-2.584030248506655192e-01,-2.273020497134987106e-01,1.264718149811031034e-01,3.553014514542866542e-01,-2.607548192038879747e-02,-1.721679047481664560e-01
-1.934992096567162145e-01,1.299956642717065569e-01,-1.572593943799996397e-01,4.372950908714515195e-02,-3.044276438823282915e-01,-1.601194308015169154e-02,-2.511476284119834590e-01,7.268887409982081882e-02,-2.376368892878707173e-01,-2.163306513161211975e-01,-1.918567293856459910e-01,-1.110028361550650065e-02,-1.994351964027372692e-01,1.620977673258908874e-02,8.280061173879874059e-02,-1.416090994727712549e-01,-2.921199044994031158e-01,-2.736475660585538927e-01,-6.836670526384353019e-02,9.080439326848145642e-02,2.263889598081732513e-01,6.883203773089577315e-02,1.718776493462831345e-01,2.452369512319376721e-01,-1.592950239802049806e-01,8.827600376742952837e-02,-2.707618729829757154e-01,3.362105093099204689e-01,1.406041776205001204e-01,1.966163462140700091e-01,-3.357235403237833482e-02,7.980269592175696092e-01,3.714465151907003215e-01,-1.756277782347328009e-01,1.151430044786254936e-01,-2.066006206422046632e-01,-7.553462967439564246e-02,-2.686935312642427798e-01,-4.467486257347291767e-02,-2.001410316240243292e-01,1.146600788645342900e-01,-2.599427950903491213e-01,1.123911908203326353e-03,-2.289426269402758118e-01,2.227663915617535823e-02,-1.051544828902469322e-02,1.161522229092770836e-01,1.862237796283217894e-01,6.513506172711676367e-02,-2.825561428933120317e-02,2.906700030791365200e-02,-4.270416957367571126e-02,1.981791080444956221e-01,2.756962303736243403e-01,1.417946613304220949e-01,1.684481115318491318e-01,3.184719470788964224e-01,-9.290253724410246772e-02,1.909291327684237149e-01,-2.929596427797038771e-01,4.167829294281732988e-01,1.547884277218621596e-01,1.878133447292489877e-01,-3.161103453767295512e-01,7.615941559557648510e-01,3.881174100100830415e-01,-6.216558364313350127e-02,-1.947449297321518502e-01,-3.100630629283586681e-01,-2.939655759128372292e-01,-1.211722297210102162e-02,1.839348561810691673e-01,-2.378667855662860639e-02,-4.285296314571332421e-02,1.936557252947178898e-01,-2.262997084683694357e-02,2.007484432272622216e-02,-1.790467673181161679e-01,-3.768576945810557244e-01,-2.334233374877459355e-01,-1.233593382113728348e-01,1.538880022513021417e-01,-4.170123262208755982e-02,-1.270290237280812806e-01
1.269676892208362884e-01,7.143569724756710926e-01,4.755670234478353436e-03,2.598805152114073147e-01,2.693206184260937275e-01,-2.411727056624672627e-01,-5.550074935697518058e-03,-2.889200852656068630e-01,2.120189334322281072e-01,3.170019882245785070e-02,1.486332950056473874e-02,5.609447093306966364e-02,-2.967366150118675994e-01,3.543594887480566169e-01,2.849361779367876601e-01,-2.346608304683655069e-02,-3.261881044252164519e-01,-4.022636312034886807e-01,-1.963084039344869247e-01,2.955934998530274638e-01,2.360345676352418043e-01,1.992819345496502359e-01,-8.077917544025214891e-02,3.205765223158427712e-01,-2.522084841327925653e-01,-6.014994414551684543e-02,-1.241447779608841895e-01,3.915152810458157884e-01,4.866983790341004035e-01,3.803687823577952404e-02,3.892706254607364389e-03,5.929760598676276917e-01,8.084226088649965059e-01,-1.756732599167291735e-03,7.363749157998141781e-01,-7.603595679297305010e-02,-6.701570963281362758e-02,3.791847299549629402e-01,-3.680818716627756032e-02,3.050311894046880412e-01,-1.542390169428854707e-01,1.832707631512014712e-01,3.505607058934090969e-01,-4.287498666362935668e-02,-7.527018781128680391e-02,8.213831422454102860e-02,2.494946783618108843e-01,3.015190348667023956e-01,4.529402552015835970e-01,1.105388642872453565e-02,1.988046590233144562e-01,-2.298332008054249365e-01,4.661800708425757889e-01,3.234688084357569271e-01,4.031374725479157095e-01,4.594759924737280843e-02,3.653100260757418116e-01,1.500871109693958927e-01,3.854979083968171349e-01,3.740119822176603964e-02,5.768160774469106578e-01,6.561534469230549949e-01,3.152796055305261483e-03,-8.536447779526426874e-03,3.881174100100831525e-01,7.615941559557648510e-01,-4.065342085666009270e-02,-3.886727285276227462e-01,-3.243169854062827318e-01,-3.941038438270434985e-01,-4.309154772848258763e-02,2.950057098190845273e-01,1.908896399468636151e-01,-5.644999414282539374e-02,5.572129021871612825e-02,-1.964860263974367582e-01,-9.382439923678280447e-02,-2.750142438639779363e-01,-3.280256488419384664e-01,-3.437431571871609748e-01,1.727683567563381428e-01,3.161315957276406019e-01,1.225910887148506795e-01,-1.451154288012747040e-01
-1.014837023290028617e-01,-6.745971098640161923e-02,-5.260938369609234888e-01,2.251097641158392518e-02,-2.959987044972726133e-01,1.979694995585984940e-01,7.980857803623578328e-02,-2.301883310753944922e-01,-4.951800682038937640e-01,1.836088009857574088e-01,-6.490116434421026037e-01,-9.624097206872438137e-02,4.412193930902592875e-02,-9.362098115681519173e-02,-2.828322868403498891e-01,3.921750951742307700e-01,2.547611090864282390e-01,2.156606059474835413e-01,-3.883715285137386841e-01,-2.701104650049474531e-01,5.294027893246591038e-02,-1.797117855805550335e-01,-2.045261630008691489e-01,6.482722743166485606e-03,3.640348661722100920e-01,-4.073911778436970638e-02,9.720045646533265193e-02,8.365046483302503166e-02,1.708789110092994445e-01,9.404921545470844302e-02,6.022789290064950452e-02,6.809777797324570447e-03,-1.170117170297056142e-01,1.550568893787192537e-01,7.475874098314125304e-02,-5.899051216993212998e-01,-1.065858781006406436e-01,-5.043417867652632003e-01,4.594197441561945761e-01,5.112852781609765473e-02,-2.529006985174340749e-01,-4.496211727665904712e-01,2.986105651225948732e-01,-6.497596110479404441e-01,-8.135634380274010813e-02,2.984035734974685994e-01,-5.687792221000167320e-02,-4.819793340002143656e-01,4.436084977430665988e-01,4.083682613669759043e-01,4.582544149384872312e-01,-3.394273857991034760e-01,-3.225460016969693422e-01,2.393023559360011598e-01,-2.370724970266678208e-02,-3.583709307288376195e-02,1.047070967748673365e-01,6.591912469634702010e-01,4.407420958725014049e-01,1.728547025031199891e-01,-9.205847197079589095e-02,2.273787306373349082e-01,6.294742069230679915e-02,-3.791327359274840325e-01,-6.216558364313349433e-02,-4.065342085666014127e-02,7.615941559557648510e-01,-1.390484712117881494e-01,1.802792370254610033e-01,2.402186515673949974e-01,1.830490915009092556e-01,-2.998526514401588794e-01,-3.227912051697174461e-02,1.214572475692358468e-02,4.555411391892189021e-01,3.833069183697350168e-01,6.788347981882111304e-01,-3.358331525033874526e-02,2.074857192148960583e-01,3.174187004380368271e-01,-4.412130764287414825e-03,-3.611672073365078117e-01,-9.209900373722797184e-02,7.713829704895000527e-02
-5.063886003586935969e-01,-2.067757448569585987e-01,-2.629409533128684862e-01,-2.809215399348831410e-02,-3.187943315732809646e-01,-1.065079879708947519e-01,-2.659437931571776992e-01,7.240767174638294834e-02,-3.379674316680892909e-01,-2.135439037541523588e-01,-2.238913869892282804e-01,-1.426757258905625714e-01,-2.530127107477628812e-01,-1.373097836912997027e-01,-9.653207184195476687e-02,-1.482095477080797030e-01,-1.373688626448035799e-01,-2.514352595412716607e-01,-3.430969451958263972e-01,-2.681580766873578048e-01,-2.622860861122320308e-01,-2.648506740475196075e-01,-7.930572904631019715e-02,-1.933964000089538615e-01,-1.303138231121020729e-01,-7.820711778802438841e-02,-2.117583496345263327e-01,-4.051623562228432451e-01,-4.106566822085330748e-01,-4.742376816374288540e-02,-1.101008774723833683e-01,-1.524504183185586836e-01,-3.662351079361194639e-01,-6.025556369259117417e-01,-2.409528559759966937e-01,-1.656157403062281375e-01,3.899066148584695080e-04,-4.467003031948362790e-01,-4.064763324662138966e-01,-3.984174161575058104e-01,-5.696361497383275324e-02,-4.672745773286798854e-01,-3.253391282225649994e-01,-1.796014846302881329e-01,-1.559618822951524542e-01,-4.439291741881031261e-01,-1.974016477565943561e-01,-1.438362078056494853e-01,-4.104999481328659994e-01,-3.720696139637362787e-01,-4.359371051660658747e-01,-3.189420184296063443e-01,-3.467915487901962468e-01,-3.423165457141751356e-01,-3.043918143944998045e-01,-2.729486114735437119e-01,-2.775205592271689503e-01,-3.480883532485068987e-01,-3.935798334722049319e-01,-3.056275550719587675e-01,-5.119357456383827332e-01,-4.322198686043476346e-01,-2.922736465324426436e-01,-1.851087499119411506e-01,-1.947449297321518780e-01,-3.886727285276227462e-01,-1.390484712117881494e-01,7.615941559557648510e-01,1.941130259308265771e-01,-6.731052251699329303e-02,8.076793559425188708e-05,-2.267172204496239185e-01,-2.000516233415774170e-01,-5.003151734638718734e-02,5.721226211094231767e-02,1.361730742819721729e-01,4.966148284177510606e-03,4.701432089034743855e-01,1.506369625761955489e-01,-7.547991432215050978e-02,-1.954551965533003477e-01,-2.256183502562734700e-01,-6.711862088764011629e-03,4.070055027438927719e-02
-1.922350273551985123e-01,-1.281899083077112644e-01,-3.028228746416487538e-01,-7.126282636723629826e-02,-2.492083845811054743e-01,-1.157409208835279146e-01,-1.365518442157087342e-01,-2.087356500252985636e-01,-3.379869057735156446e-01,5.001106242222031623e-02,-2.992166672854222331e-01,-1.434556532853832056e-01,-2.177145140403880241e-01,-4.917576947684803440e-02,-1.142102737513878558e-01,2.286189238442484228e-01,-5.140242833327647587e-02,6.536028521753974030e-02,-2.149268407305383877e-01,-3.723433824263509551e-01,-1.816806423717247931e-01,-1.479398894782445184e-01,-6.029983771352730171e-02,-9.706783361493317996e-02,9.933111207100753237e-02,6.710786028641917145e-02,4.841567440106426395e-02,-2.562747787743712147e-01,-1.775553666818204812e-01,-7.415063208911937265e-02,-2.145390566695091206e-01,-2.417434930236893043e-01,-3.553097435144150773e-01,-1.809792505639399307e-01,-6.803684571848428453e-02,-2.969558734762241525e-01,-6.213137551497286554e-02,-4.280266062244510450e-01,-5.952707844167022533e-02,-1.712990933391856374e-01,-2.095940830966080692e-01,-5.217451899033201945e-01,-4.263556488764548569e-02,-3.210487470413804778e-01,5.699891105274882547e-02,-3.722410057546087780e-01,-4.755151682693792986e-02,-1.840167885274102688e-01,2.607624356569307467e-02,-1.370174706271116705e-01,-3.101268965879981979e-02,-3.281937612272383675e-01,-2.932188248498955319e-01,-3.723330956360660499e-02,1.440732015292726757e-02,-4.195577662074620462e-02,-6.327806283372282292e-02,2.286317795363904670e-01,1.834632740490841837e-02,1.070245726309001499e-01,-3.331177666355171207e-01,-1.386310358005994059e-01,1.065405034671976225e-01,-1.511624783665259375e-01,-3.100630629283586681e-01,-3.243169854062826762e-01,1.802792370254609755e-01,1.941130259308266326e-01,7.615941559557648510e-01,7.502079858713950333e-01,2.814480679123154694e-01,-2.363499970728023813e-01,-2.493698660803739808e-01,5.482489719196497191e-01,2.548803069262927656e-01,9.206999286015696369e-04,6.646865690309620989e-02,3.418401451523856438e-01,8.642179761192332332e-01,6.810069401543918932e-01,-2.863983217142087798e-02,-2.787109982233806349e-01,-2.144662733284609379e-01,7.207136595455486683e-01
-1.115169150213526639e-01,-2.323926359222931448e-01,-3.572087979272467462e-01,1.300040629589868657e-02,1.342469960854514310e-02,1.150977832685773639e-01,1.283228657525597172e-01,-1.580137608232760893e-01,-2.889707372846367917e-01,8.984653005665961187e-03,-3.392419039169849437e-01,-1.518519230652868590e-01,-9.736924145336367520e-02,1.967936557496663685e-01,-1.336024756642039124e-01,2.110519575311544382e-01,5.905769157418306464e-02,1.961989704684620472e-02,-3.077404817636849033e-01,-3.343525228049474274e-01,-9.224849680511905403e-02,-1.102571219328122853e-01,3.373882081005729824e-03,-1.467900650578946031e-01,2.235272800122441172e-01,1.039991388056781263e-01,1.997620845190732630e-01,-2.308867535869204568e-01,-1.064570270616653214e-01,-3.096060816523866360e-02,-1.965908132477492409e-01,-1.990781478942762195e-01,-3.778701816307692418e-01,-1.765541758590848387e-01,-2.203590772659494157e-01,-3.803443392640002974e-01,7.185474035365341239e-02,-2.820947351958737470e-01,-2.904514100409913077e-02,1.048472907382823893e-01,-2.077831529275541989e-01,-4.651147485801081505e-01,-2.466648477296354280e-02,-4.218709494872211474e-01,9.896098994916645297e-02,-3.093605690668379538e-01,1.297262741792576390e-01,-2.262516348868813254e-01,-3.005487733269003592e-02,-8.613872347407017238e-02,-1.447074984703015932e-01,-4.124689811434963937e-01,-2.999446037917399832e-01,-7.320960791236250098e-02,-3.433264536195832634e-02,-7.424896576256474756e-02,-2.101911117179078026e-01,2.188403780017162958e-01,-7.921657566501237591e-02,2.506622440317793007e-02,-2.786815617306507842e-01,-2.464207953137269036e-01,-7.427103853419098067e-02,-2.251242321674312707e-01,-2.939655759128372292e-01,-3.941038438270434985e-01,2.402186515673949974e-01,-6.731052251699323752e-02,7.502079858713952554e-01,7.615941559557648510e-01,1.177104909092747537e-01,-1.149583021646916614e-01,-1.187495740820765228e-01,2.997294361698948917e-01,3.861322514259580840e-01,5.500906745954995541e-02,2.681906186646754175e-01,-2.750092484221297248e-02,6.288175229779424669e-01,9.054623073157129776e-01,2.538464489448912301e-02,-1.813348060219623914e-01,-4.454277162209379498e-02,5.922036159296835134e-01
7.361841677288427643e-02,1.122797759282434804e-01,-1.828975446444569553e-01,2.086655381146107491e-02,-1.789929790796652709e-01,5.715884446982715666e-02,-5.116444987512578507e-02,-2.334093730605324088e-02,-1.555919256012689711e-01,3.755088785899306225e-02,-1.770049968639751947e-01,1.286802008446144840e-01,1.303490789438539466e-01,-2.783287605975582821e-03,-4.176998519438989699e-01,2.256768896191592433e-01,8.434379073698568263e-02,2.617351502406161101e-01,-1.379974535972795513e-01,-3.680309013348465053e-01,4.161830419466923392e-02,-2.832014194338697832e-01,-1.161458012798433775e-01,1.316969540649931547e-01,1.560995490151361464e-01,-3.459136812838332041e-03,-2.062971885876531131e-01,1.994023807677683564e-03,-1.202997029122412354e-01,3.269089769057689082e-02,-2.812438885784923626e-01,-6.825526214636586098e-02,-5.945206868935798417e-02,1.176788836373724167e-01,1.121676573642690078e-01,-1.318129725950524800e-01,-2.259606084134148721e-02,-7.650043552978404160e-02,1.542756814674065835e-01,-8.705410229909642250e-02,-5.076906673372322959e-02,-5.602065995685613642e-02,-7.093976330544153608e-02,-1.383415016355168115e-01,-9.851801325329598291e-02,1.957094843146640548e-02,-1.000807036782409287e-01,-4.254367387773396736e-01,1.549456644372204095e-01,9.762872867727687143e-03,2.300922179921071342e-01,-1.052138926168204869e-01,-3.562361152271782960e-01,8.057419449324033922e-02,-2.489722616053290649e-01,-6.824187012624076398e-02,1.648875899816840129e-01,1.730571640496985086e-01,1.154207881873376210e-02,-1.818143428562663255e-01,-7.256945260344936643e-02,-1.033225611272328703e-01,-5.668410097358800998e-02,5.240266809619562038e-02,-1.211722297210103549e-02,-4.309154772848260151e-02,1.830490915009092001e-01,8.076793559427270376e-05,2.814480679123154694e-01,1.177104909092747537e-01,7.615941559557648510e-01,1.240778174489921976e-01,-4.517282859737977059e-03,-5.500838940951336895e-03,2.593525252406757575e-01,4.168598279746309893e-02,2.553450661908669983e-01,-1.321932956005015258e-01,1.743320035505977472e-01,1.824354324528480176e-01,2.784012633436139805e-01,-1.451254578015097330e-01,5.250456939514099725e-02,7.978139009697818307e-02
-2.954325771181911565e-03,2.916358628791779206e-01,-1.806385620027465416e-02,4.074859831040608116e-01,6.202124297396126307e-02,8.800514303319068032e-02,-7.397694603056843843e-02,4.111098331498799774e-01,-7.167455247938375219e-03,2.372211216629239450e-01,1.458430675752754591e-01,5.580877932017223042e-01,-8.585393229818226446e-02,2.378455120035131987e-01,2.119424524936368015e-01,7.900049454894664258e-02,1.533777790370920158e-02,2.336716862833580419e-02,-5.769959037142961822e-02,1.925822349527970268e-01,3.714256576488501604e-01,3.141630795944619914e-01,2.271451410838780938e-01,3.655936805811765278e-01,-2.239726049608600777e-02,3.150257247069406796e-01,1.538872907070352736e-01,3.803528044267226460e-01,8.542243831767067086e-02,-5.764783194940368422e-02,-1.076485594302109827e-01,3.918741651215242872e-01,3.629449500722248256e-01,3.281341534552469075e-02,1.662233543938108904e-01,-8.155558605867696542e-02,3.573952933576323709e-01,6.863053824025629190e-02,4.523824732108847751e-02,-7.151269070036723845e-03,4.330524079505189694e-01,-9.989228758591212065e-02,2.486887613846573419e-01,4.138013606539226591e-02,5.549246212113073673e-01,7.932502603360719329e-02,3.911366699242025957e-01,1.035989561427744926e-01,2.451198830534342399e-01,1.531051748356727915e-01,1.020870344199825003e-01,-1.353081516670183171e-01,1.606313256382778942e-01,3.344871750708556801e-01,2.411501612961125807e-01,1.284341025574301243e-01,3.788647085539498804e-01,3.726495398247668157e-03,9.834337607928861358e-02,6.617189389691788270e-02,4.161254588747066996e-01,1.347640485683576084e-01,8.412688433615811423e-02,3.457708942649013739e-01,1.839348561810691118e-01,2.950057098190845273e-01,-2.998526514401588794e-01,-2.267172204496239185e-01,-2.363499970728023813e-01,-1.149583021646916614e-01,1.240778174489921976e-01,7.615941559557648510e-01,2.776670248204055613e-01,-1.014912897713369025e-02,1.678778551941464969e-01,-1.699442632646552265e-01,-2.226866425920663861e-01,-4.433044355207060305e-01,-2.747860358024853400e-01,-1.027093049302211375e-01,1.021153679429638722e-01,8.105399047105714683e-01,3.261963906892036413e-01,-2.296538268876425343e-02
-1.712586316359890615e-01,9.603992376557354826e-02,6.654637528896047323e-03,2.608304463637992621e-01,1.598266044613955994e-01,-3.093811458293034278e-01,-6.591228213295358129e-02,-1.481162091646268109e-01,1.127470865913930420e-01,-5.369406439291050936e-02,8.091182113471753756e-02,-1.043401714509623462e-01,-3.078133452927822034e-01,6.196396859228217591e-02,1.291461310956915631e-01,-3.437406314116102368e-02,-2.496132676140865314e-01,-2.881357875489544695e-01,-1.154912309400887988e-01,3.261979178781689026e-02,-2.791313759709078759e-02,-1.145900728067421499e-02,-8.450927836594407383e-02,-7.741577197052272596e-02,-2.275211265100681168e-01,-1.785319417959140287e-01,9.936200966942347612e-02,1.383885027057682460e-01,1.028035969491479934e-01,-2.046536223618484196e-01,1.666447475039932180e-01,1.682217075971706444e-01,1.766535935749417863e-01,-2.975354732354405091e-02,2.237249742956133325e-01,-1.096226617876245590e-01,3.275967734171260082e-01,2.781065168296821266e-01,-1.704179724723964839e-01,1.249893432080758093e-01,2.677629624290065943e-02,1.032862114906635681e-01,1.275760043233157559e-01,2.975954280854667053e-02,2.666904686492929319e-02,-2.681905008636471452e-02,2.589533853893239979e-01,9.735967973524850896e-03,3.631640752415404294e-01,3.980800921575024937e-02,1.533894569854692691e-01,-1.098488445312846840e-01,3.418803869633871284e-02,1.480116005910147303e-01,3.881220940542608189e-02,1.777374074800783244e-02,-4.462303099019532954e-02,8.222046501168474297e-02,1.248085813135937222e-01,1.073265101008495370e-01,1.677744376161537099e-01,2.364853719717212310e-01,-9.098361306266405935e-02,1.294206772395133376e-01,-2.378667855662860639e-02,1.908896399468636151e-01,-3.227912051697174461e-02,-2.000516233415774170e-01,-2.493698660803739531e-01,-1.187495740820765228e-01,-4.517282859737921548e-03,2.776670248204055613e-01,7.615941559557648510e-01,-1.849924947436490386e-01,3.756175008827727924e-02,-7.825466479777593021e-02,-2.592024129976181479e-01,-1.627877788549847993e-01,-2.762560826560623295e-01,-1.501152907160033523e-01,1.375578813840397374e-01,3.775641139315253358e-01,6.496938139953973845e-01,-2.241790569237770148e-01
-2.702841802207647803e-01,1.205667866106406999e-01,3.570089288881295869e-02,-3.499506315618343411e-02,1.095593641899765269e-01,-2.621042389009524132e-01,6.238313989837434431e-02,-1.591538581052929710e-02,7.283541244217464627e-02,7.453423655852139951e-02,1.075980033915694412e-01,1.494980726920705771e-01,-3.892591530597546701e-01,3.874674187536232550e-02,1.448517746967542541e-01,-5.958822547676403264e-02,-2.283316653690336817e-01,-2.695468988978547142e-01,5.143778564048184093e-02,-5.098014462848637907e-02,3.641530448274833687e-02,-3.455865813340962527e-03,1.344898998473944840e-01,2.374706401045044990e-01,-1.211203560587559430e-01,-3.551039815544212996e-02,1.416625626105164903e-01,-2.613959166897497285e-02,2.336611585372457348e-02,1.490168747984843556e-01,-1.018391938558488169e-01,1.256397555043759773e-01,1.553099473970520096e-02,-2.374590308597036570e-01,4.107632434665996896e-02,5.466301945843828058e-02,1.370610622026097354e-02,-3.516658076089634183e-02,-1.879111158412321014e-01,7.129574303017856274e-02,1.398065140647973825e-01,-7.316668301841536270e-02,1.483317878179736815e-01,9.309506891775407023e-02,1.529944175770112380e-01,-2.728675523360036825e-01,8.384416670849501041e-02,1.599604335180185022e-01,-1.706084403068721875e-02,-2.097597882978617378e-01,-2.233688012465671335e-01,8.546189283304443662e-02,2.628516552110186227e-02,9.474271661403609046e-02,9.690699746076959775e-02,1.235030789844439730e-01,2.045882068644727381e-01,-7.769998115349061041e-02,-1.594885381928359269e-01,2.229018362736820136e-01,2.770066870195149814e-02,4.369411265404534589e-02,5.824866728481690320e-02,-2.066009674470170865e-01,-4.285296314571326870e-02,-5.644999414282542149e-02,1.214572475692357600e-02,-5.003151734638718734e-02,5.482489719196498301e-01,2.997294361698948362e-01,-5.500838940951336895e-03,-1.014912897713377352e-02,-1.849924947436490386e-01,7.615941559557648510e-01,1.216636059788655105e-01,-1.202756354663181704e-01,5.670741205352536340e-02,-3.179714072293927940e-03,4.241262314177577375e-01,2.131373210056754508e-01,1.221225650992401220e-02,6.172288934089468701e-03,-2.251791634795333175e-01,7.651433204144162392e-01
-5.114137294460133210e-02,2.397971551320562389e-01,-3.318687972883906379e-01,5.400323723218045796e-02,9.621390222957776003e-03,3.547827878677894953e-01,2.187837049396002265e-01,1.914181022590683567e-01,-2.191967910874146053e-01,3.656018809970039141e-01,-3.304870487356735276e-01,3.461297911215296952e-01,2.446286681245995465e-01,-6.989043076600749693e-02,-3.325678567005269093e-02,3.993396280904717432e-01,1.639135431269135856e-01,3.707755822890538289e-01,-2.024340827990321057e-01,-1.393121760048834090e-01,3.716463861436143379e-01,1.002567372545987989e-01,1.430420339641431948e-01,3.742342468540676981e-01,4.452436396092567805e-01,4.152575891217829551e-01,2.574050317505505170e-01,2.803521027935468313e-01,2.050745883523299729e-01,2.867056796656538564e-01,9.107441165001055328e-02,2.274917203520299691e-01,1.909342650852571821e-01,7.464012656939596202e-02,1.671800512647142190e-01,-3.818804083727216914e-01,2.617929139165200633e-02,-2.827734501144652524e-01,2.386742127818093362e-01,-2.175286580931956593e-02,5.863040139375780974e-02,-1.346144597537107523e-01,3.291413437762900074e-01,-2.807739079827215045e-01,3.157266464233622338e-01,1.468969552525723199e-01,1.846168296382769414e-01,-2.199148394974315135e-01,2.879338913101712749e-01,2.888832269348827753e-01,2.083086483002256351e-01,-1.437183870021929710e-01,-2.481230118405804153e-01,2.954240828500798721e-01,-1.305461281809253485e-02,2.967915907490417324e-02,4.498633602086496430e-01,3.729039348525744479e-01,3.820450562815956852e-01,7.984513649998456475e-02,1.741709772565586470e-02,1.086379003941007615e-01,2.640597515045480792e-01,-2.774740612927537042e-01,1.936557252947178898e-01,5.572129021871612825e-02,4.555411391892187911e-01,5.721226211094227604e-02,2.548803069262927656e-01,3.861322514259580840e-01,2.593525252406757575e-01,1.678778551941464692e-01,3.756175008827723760e-02,1.216636059788655105e-01,7.615941559557648510e-01,3.897250566810328554e-01,5.421071391705519771e-01,-2.385288067525119515e-01,2.124301077523619297e-01,3.378170150188066212e-01,2.076459218439001275e-01,-3.637118592606470441e-02,4.563938669850733237e-02,1.059558913475493469e-01
-2.007189233941499285e-01,-2.185797884595828966e-01,-1.833744126006183472e-01,-5.666106116079794308e-02,-2.579180179958349695e-01,2.855603688874810975e-01,9.131973363478923522e-02,2.057913748274057542e-01,-3.025546041819565102e-01,1.693615057516870415e-01,-2.632001539659539757e-01,1.592529422779736248e-01,2.100508903551895068e-01,-2.372674473441911507e-03,-3.796591816705985889e-01,7.693080554749939792e-02,2.452582010200404228e-01,2.803140634372383033e-01,-7.600008102008774802e-02,-2.730784251764002968e-01,6.715441385208871516e-02,-2.640898690957110273e-01,4.502200939833074511e-02,8.577397434381309194e-02,2.776924802723631514e-01,5.877466806885218997e-02,5.675545713421431895e-03,-1.461266345886407247e-01,-2.441608904347737363e-01,2.805849036606521962e-01,2.449545502151214693e-01,-2.354100913344876200e-01,-3.029156438729044276e-01,-3.585562293295132402e-02,-2.545704278884092231e-01,-1.994584969217173265e-01,-3.522076772561461705e-02,-3.413661100099605883e-01,1.373042074742140684e-01,-9.563517324143606946e-02,3.755854493732624366e-02,-3.314343066510488933e-01,-1.524226484370043259e-02,-2.855476932034550774e-01,1.070738418831806565e-01,1.026636016434446935e-01,-1.932031601981371027e-01,-4.780789952109491536e-01,-7.887981632893061035e-02,1.890393467064168664e-01,8.060415417374121316e-02,-3.983847357815790274e-02,-3.266529752282035792e-01,-1.060584355902604164e-01,-2.730477863860115151e-01,-3.896645401660232821e-02,1.285362165600196782e-01,1.642102730712087788e-01,-6.686273470963081944e-02,-8.688460624079742678e-02,-2.452924349260214576e-01,-3.217480845892569108e-01,1.870342246492071037e-01,-2.410755738158530392e-01,-2.262997084683698173e-02,-1.964860263974367860e-01,3.833069183697350168e-01,1.361730742819720896e-01,9.206999286016529036e-04,5.500906745954996929e-02,4.168598279746305729e-02,-1.699442632646552542e-01,-7.825466479777587470e-02,-1.202756354663181426e-01,3.897250566810327443e-01,7.615941559557648510e-01,5.244367238834303224e-01,-5.281473605570567026e-02,1.024954467867825736e-01,1.461086079110212044e-01,1.409306484476176291e-01,-2.177510602220680824e-01,-1.592642590804120295e-01,-1.117024730062921301e-01
9.839427198290663645e-02,-1.704036820718536627e-01,-5.287396896779921196e-01,-5.911428107836901036e-02,-3.826543994850253871e-01,4.916519227046323715e-01,1.176388494673829554e-01,2.084240766996441063e-02,-5.129692171756774499e-01,3.924229874962256170e-01,-6.623617570358483198e-01,9.592115796279637729e-02,3.706301831208203557e-01,-2.376426187187050953e-01,-2.071132114568542959e-01,5.035679978663641920e-01,5.035867821388934074e-01,5.094863165698536589e-01,-3.256000979243348081e-01,-1.336034684115323945e-01,1.426148743177766132e-01,4.670417359589794370e-02,-5.278041685334118605e-02,7.672175391523274046e-02,5.936378604470909925e-01,2.375681473915913500e-01,2.293847829896277779e-01,1.936676473646552765e-01,2.157210139506999802e-01,2.829359961868705975e-01,1.040429052483772265e-01,2.461114148584226183e-02,-1.079330428433894068e-01,1.491094950960118459e-01,-1.251517983186182792e-01,-5.437519871688638595e-01,-2.056060454741371890e-01,-6.214218589533335724e-01,2.341062655131802839e-01,-2.073284113601518985e-01,-2.511962970004172346e-01,-4.573195274003275523e-01,8.131318387069946807e-02,-6.510030179758952151e-01,1.544868916989893329e-02,1.511368332351569477e-01,-3.126205244767419344e-01,-4.095342574041783701e-01,2.098665350754070069e-01,3.161441454770453907e-01,3.162420784150687392e-01,-2.601804780492384395e-01,-3.105688255576121715e-01,1.157900950927170242e-01,-7.683717092945452354e-02,-1.777441027904870241e-01,1.243907789222550853e-01,3.974822419580784083e-01,9.062434614776228303e-02,-2.638215311241296629e-02,-1.039169686576640050e-01,-1.546413341468905710e-02,1.128246523743895169e-01,-4.135589543257116030e-01,2.007484432272622216e-02,-9.382439923678276283e-02,6.788347981882110194e-01,4.966148284177482851e-03,6.646865690309618213e-02,2.681906186646754175e-01,2.553450661908669428e-01,-2.226866425920663306e-01,-2.592024129976182034e-01,5.670741205352536340e-02,5.421071391705520881e-01,5.244367238834303224e-01,7.615941559557648510e-01,-2.377611653293443539e-01,6.341695525355436902e-02,2.657171002452569653e-01,5.395627419107728445e-02,-4.474380148357077203e-01,-3.611653416885635681e-01,3.946013012863040098e-02
-5.549303128913658512e-01,-3.519603787194080513e-01,-2.377480112236477205e-01,-2.208851057181589195e-01,-2.979057802468251248e-01,-2.297950788099701047e-01,-3.067473348574787373e-01,-2.670547793396127467e-01,-3.301917758553337690e-01,-3.584368474796874593e-01,-3.015338965191610709e-01,-4.113833585938326265e-01,-4.183348024088846540e-01,-9.240171536690999776e-02,-1.344598721001546981e-01,-2.491437555509390112e-01,-2.606672914525256513e-01,-4.072205828658210791e-01,-2.620682850563790245e-01,-3.324200991259282367e-01,-3.797795821548934359e-01,-3.914788159817206847e-01,-2.028026836586971637e-01,-2.788653484957671624e-01,-2.964357662973483576e-01,-3.554477424268503993e-01,-1.948798598963089601e-01,-4.013512648864465682e-01,-3.925570284680113819e-01,-2.011169090923003167e-01,-1.682996902924136784e-01,-1.612351636813319222e-01,-3.437105030439759901e-01,-4.897388385174253345e-01,-2.139068103591658110e-01,-1.531827845646678843e-01,-1.286467287173564955e-01,-3.637516458273695741e-01,-1.820135028956917367e-01,-1.978130218491785663e-01,-2.237497271842507074e-01,-4.419174940325797940e-01,-2.870162068305540659e-01,-2.586611962934450282e-01,-2.691000617576316256e-01,-3.577121791222829805e-01,-3.140798989083979503e-02,-1.151004483336468265e-01,-1.790604114288792403e-01,-3.003497340126360937e-01,-3.473780204561256468e-01,-3.193562333449402879e-01,-2.935614583675965061e-01,-2.905519050360980127e-01,-2.040119282166114045e-01,-1.848222756909261855e-01,-3.313574773666347340e-01,-1.497544795218854752e-01,-2.099561969664217875e-01,-3.715154999721481666e-02,-4.683424712111488031e-01,-2.711292839298690138e-01,-3.370768116027419437e-01,-2.908116278390207587e-01,-1.790467673181162789e-01,-2.750142438639779918e-01,-3.358331525033868975e-02,4.701432089034744966e-01,3.418401451523856993e-01,-2.750092484221297248e-02,-1.321932956005015258e-01,-4.433044355207061415e-01,-1.627877788549848548e-01,-3.179714072293927940e-03,-2.385288067525119515e-01,-5.281473605570564250e-02,-2.377611653293443816e-01,7.615941559557648510e-01,4.024795836973628638e-01,-1.029790420726760497e-04,-3.293495689381222280e-01,-2.926784417912670633e-01,6.207697233930692393e-02,1.880749698699631933e-01
-1.810204888387987598e-01,-1.559019669930842567e-01,-2.240487096711988313e-01,-5.379400863333313326e-02,-1.948061720188668522e-01,-1.501351467395957949e-02,-4.274705285034956226e-02,-2.368971904723994604e-01,-3.014145879294858887e-01,1.768668693891142438e-02,-2.666749198766139584e-01,-2.609317035548550101e-01,-1.242720998332977056e-01,1.932944234627641603e-02,-1.167936448180033199e-01,2.332386231476674676e-01,9.942154046530657374e-02,8.994816854504233961e-02,-1.342839220096833930e-01,-2.981922188016443154e-01,-2.555897755962999174e-01,-1.488625651588747212e-01,-9.722843512392809195e-02,-2.316529312628160253e-01,1.046178515556284438e-01,7.911052702030413331e-02,6.949907314208232656e-02,-2.999915976232021553e-01,-1.286250103349403096e-01,-9.232503674797822024e-02,-2.116215212818877145e-01,-2.737238216476252095e-01,-3.881238122624340314e-01,-2.183053017599877188e-01,-1.443960698733030290e-01,-2.688205072724011435e-01,-8.025517638996357284e-02,-3.920764663109198023e-01,-2.361674685083242631e-02,-1.120506698436624371e-01,-2.658937035145277350e-01,-4.982723074858401158e-01,-4.924514980486230376e-02,-3.319631419552600549e-01,-3.463749427539624531e-02,-3.345944980003076052e-01,7.839157643111813178e-03,-1.744520811001705474e-01,5.493933392302469826e-02,-4.828898211880477964e-02,2.694558530651244149e-02,-2.537950051230185577e-01,-2.464319693998321958e-01,-1.198898334408608352e-01,1.965790490240099109e-02,-1.150297482177264907e-01,-1.793166763971812683e-01,2.406478453884653423e-01,2.484931229324624166e-02,9.150195996855892133e-02,-3.344949807367337824e-01,-1.236224174931905700e-01,1.065450148163971100e-02,-2.584030248506655192e-01,-3.768576945810557244e-01,-3.280256488419384664e-01,2.074857192148960583e-01,1.506369625761955766e-01,8.642179761192333443e-01,6.288175229779423558e-01,1.743320035505978860e-01,-2.747860358024853955e-01,-2.762560826560623295e-01,4.241262314177577930e-01,2.124301077523619297e-01,1.024954467867826013e-01,6.341695525355431351e-02,4.024795836973628638e-01,7.615941559557648510e-01,6.992704656506071315e-01,3.615782895215131909e-02,-3.266773835001687831e-01,-9.067074098942469462e-02,6.790633131876191442e-01
-1.360445682887300445e-01,-1.474094177337492706e-01,-3.187630108280050667e-01,-4.469716388391557077e-02,1.068434366128282950e-02,1.397830164669984498e-01,1.408293124762110271e-01,-1.716235114831884956e-01,-2.155574077118594112e-01,-4.220762258217652246e-02,-3.122533637948041174e-01,-1.678252953175853046e-01,-4.194447915169161739e-02,2.348127933315871108e-01,-9.381362842916984857e-02,2.080930851039131391e-01,9.568822874323065775e-02,3.813960954826876339e-03,-3.164715844589719440e-01,-2.913037633743849053e-01,-8.455222191541449106e-02,-5.482016888713132224e-02,3.428954967198952208e-02,-1.814547529578627583e-01,2.694252950055032736e-01,1.511295547116119076e-01,2.372690676538375953e-01,-2.086569080969356005e-01,-8.906924830341300670e-02,-8.828803860925821256e-02,-2.744410315722344285e-01,-1.705769354664301019e-01,-3.648681615867453432e-01,-8.809035618573943238e-02,-1.260844563119893347e-01,-3.343943575185593375e-01,3.976501035215771612e-02,-2.604126028844148677e-01,7.921113334768818681e-02,6.566641368011130742e-02,-1.742977602095000522e-01,-4.025893596406047714e-01,-1.120041399452881836e-01,-3.537942656452787715e-01,6.593176080799252603e-02,-2.947742066137782335e-01,4.178942088731631838e-02,-1.659354800499296401e-01,4.670770402467112892e-02,-1.198578671519022892e-01,-1.095256920222494879e-01,-3.674040011115802251e-01,-2.123867234688662509e-01,-3.292305629646423426e-02,1.285984606521283491e-01,-2.607334147436884964e-02,-2.224386160898168818e-01,3.443692560695749139e-01,7.474527914164881548e-02,1.357824265042887057e-01,-2.870716090196199222e-01,-1.053131837483107236e-01,-8.924194528579119934e-02,-2.273020497134987106e-01,-2.334233374877459355e-01,-3.437431571871610303e-01,3.174187004380368271e-01,-7.547991432215050978e-02,6.810069401543920042e-01,9.054623073157129776e-01,1.824354324528480731e-01,-1.027093049302211375e-01,-1.501152907160032968e-01,2.131373210056753675e-01,3.378170150188066212e-01,1.461086079110212044e-01,2.657171002452569653e-01,-1.029790420726482941e-04,6.992704656506071315e-01,7.615941559557648510e-01,3.348793358773143741e-02,-2.319819660797588778e-01,-3.675773682198558295e-02,5.675193565890975789e-01
1.852830715504123760e-01,2.833384450701698087e-01,4.419680601657527408e-02,2.853519934113437073e-01,2.030659008006709676e-01,-2.073563351247154768e-02,1.765321599869291158e-01,-9.375878293043803102e-02,8.604022144004504213e-02,2.657269921578567784e-01,7.810185708805041094e-02,1.042914028825793066e-01,4.555381500170355841e-02,1.195930826131146318e-01,9.776970824143979555e-02,2.212881750348014709e-01,2.312844758699797790e-02,5.204239425130079838e-02,-1.497376212625282088e-01,-1.040578607641676340e-01,-1.634886123906164473e-02,-4.184941970801665800e-02,-1.336443376789445657e-02,7.969088626476183990e-02,-1.848509411144796510e-03,4.290688623700034815e-02,-9.547927334841782229e-03,1.231963224261095335e-01,8.054007930463734366e-02,1.107795564170013236e-01,1.825979692446077773e-01,4.717790445758717616e-02,2.729217079682184632e-01,1.320019685117548025e-01,3.138710935442535210e-01,-1.409162153077047610e-03,-3.960593790580720780e-02,2.550709565072222240e-01,-1.402594036556868429e-01,1.181984213580369314e-01,-1.491955702015134444e-01,1.169464797344522966e-02,1.467569825809559858e-01,1.089486242646496295e-01,-1.690236508384021855e-02,-5.104633090733620704e-02,2.131890360520717967e-02,4.196901818672791468e-02,2.389354906194838535e-01,-9.487637291058731437e-02,1.012735878827681485e-01,-1.928188118542374374e-01,-6.068946096218034297e-02,-5.491770755480560734e-02,3.372353235808697031e-02,-1.082859341734155462e-01,1.678074037047673495e-01,-3.209453488985311576e-02,8.353838839634128433e-03,-3.216941564300742490e-02,6.250005086674145782e-02,4.871598915006546821e-02,-6.341723641663941924e-02,1.264718149811031311e-01,-1.233593382113729181e-01,1.727683567563381151e-01,-4.412130764287414825e-03,-1.954551965533003755e-01,-2.863983217142089185e-02,2.538464489448910913e-02,2.784012633436139805e-01,1.021153679429638861e-01,1.375578813840396819e-01,1.221225650992401220e-02,2.076459218439001553e-01,1.409306484476176291e-01,5.395627419107727751e-02,-3.293495689381222835e-01,3.615782895215134685e-02,3.348793358773148598e-02,7.615941559557648510e-01,-1.170319694051120407e-01,1.005418677842512681e-01,-4.858798314418587977e-02
-1.054651915279578162e-01,2.059223527487635264e-01,-1.053753906617924258e-01,5.402995526125254910e-01,-2.928312879329507748e-02,-1.927054204364601619e-01,-1.286056725091705155e-01,1.971029810777299718e-01,-9.082549391193320276e-02,1.464149714950043271e-02,-4.570016220476126600e-03,3.837344549641913960e-01,-3.060166102701546986e-01,1.519456368046115391e-01,3.673364729634063242e-01,-1.515027555240718582e-01,-2.523197547784175598e-01,-2.479334822590353316e-01,-2.194972804396449484e-01,1.707675364259121642e-01,2.842484494910577641e-01,1.594722972521622484e-01,1.443814469686404978e-01,1.969073105729946815e-01,-3.475497155489895573e-01,3.427088404063066002e-02,-6.667058735552272575e-02,2.390730429766617926e-01,-3.801413751580577649e-02,-5.945327710579882685e-02,1.070130629515302217e-01,3.081767211781687443e-01,3.628875722420821237e-01,-9.459339222247035994e-02,1.302114431246419457e-01,-1.758310496135894463e-01,3.599175054112197514e-01,9.934427054658041822e-02,-7.978232107419393204e-02,6.556153666679143122e-02,3.844975681560433567e-01,-1.834400367430523981e-01,1.877203730917950952e-01,-1.148413030350876191e-01,4.725986102987098647e-01,3.836421043658869157e-02,4.562543163794016143e-01,3.094288026998971430e-01,9.415329820750635570e-02,-3.054787791769757871e-02,-3.604346561075920993e-03,-3.244758904761820273e-01,2.414397958568161029e-01,2.836160604207295099e-01,1.945789579658537272e-01,1.600246365426683248e-01,2.258461888486761049e-01,-2.216689292858963212e-01,3.652470824844303299e-02,2.291594009883253166e-03,3.635370850012940025e-01,1.641403180542240769e-01,7.835796404534111845e-03,3.553014514542866542e-01,1.538880022513021140e-01,3.161315957276406019e-01,-3.611672073365077007e-01,-2.256183502562734422e-01,-2.787109982233806349e-01,-1.813348060219623914e-01,-1.451254578015097885e-01,8.105399047105714683e-01,3.775641139315253914e-01,6.172288934089468701e-03,-3.637118592606464890e-02,-2.177510602220681102e-01,-4.474380148357077203e-01,-2.926784417912670078e-01,-3.266773835001687831e-01,-2.319819660797588778e-01,-1.170319694051120407e-01,7.615941559557648510e-01,5.260856695768529878e-01,-3.756422294738623324e-02
-1.629294127948658910e-01,3.285919654635401088e-02,3.958831384988061725e-02,3.072939408096457825e-01,1.157139332306624316e-02,-2.269446176810304971e-01,-2.260598651386909463e-01,-1.240217070858355558e-01,1.039765062690402447e-01,-2.947828789344045242e-01,8.029438623994579471e-02,-1.939537752247981472e-01,-3.391467299760814735e-01,-3.898666952037715548e-04,2.526315676358971696e-01,-1.591965490790162863e-01,-3.526813809937823230e-01,-3.772184254358668110e-01,-2.474172995016283017e-01,9.070172739132588424e-02,1.143156429021733624e-02,-9.027076854464782113e-03,4.558161950809232893e-02,-1.040411952920886896e-01,-3.212691182754381924e-01,-1.687708763537470735e-01,-2.842903833981392028e-02,-1.346311210614725175e-02,-7.383863443778199143e-02,-2.533226746841479304e-01,9.523269300786853242e-02,6.383039605084163404e-02,8.376651805500713588e-02,-1.802911417980728181e-01,1.172228410192117931e-01,-1.133611418401365804e-02,2.472907936754354108e-01,2.276374378316145253e-01,-9.843493685648729841e-02,1.673328960355549913e-02,1.638762272493688998e-01,-6.669681433662086496e-03,-1.376448223331583065e-01,3.828901963056467739e-02,7.905890563554364425e-02,-4.024651668695598122e-02,2.423856857876010851e-01,1.770535615398337315e-01,1.094723025140994510e-01,-6.792958926919046014e-02,-5.387637420261767729e-02,-3.385968259651485623e-01,1.605681911785930005e-01,5.980674252433247629e-02,9.109360089559316587e-02,1.885942304304257799e-01,-4.850748424398718117e-02,-1.086411074545456518e-01,7.094619615108825605e-02,3.810531335851608664e-02,1.394187922226460818e-01,9.200296787029842160e-02,-2.793064219488352595e-01,-2.607548192038868645e-02,-4.170123262208750431e-02,1.225910887148506517e-01,-9.209900373722793021e-02,-6.711862088764011629e-03,-2.144662733284609935e-01,-4.454277162209379498e-02,5.250456939514096949e-02,3.261963906892036968e-01,6.496938139953972735e-01,-2.251791634795333730e-01,4.563938669850729074e-02,-1.592642590804119740e-01,-3.611653416885634571e-01,6.207697233930692393e-02,-9.067074098942468074e-02,-3.675773682198557601e-02,1.005418677842512820e-01,5.260856695768529878e-01,7.615941559557648510e-01,-7.312089076020165945e-02
-1.934529833904049256e-01,4.982303275507154322e-02,-1.055530661295347172e-01,-4.752071223191604160e-02,-6.007267305499969234e-02,-2.282715472539487145e-01,-1.405390329327928511e-01,-4.624637882450969434e-02,-1.672605591814416981e-01,-2.597526761640828741e-01,-1.175472053041452664e-01,-1.389003918101141544e-01,-3.554127356560300433e-01,1.693941169135380898e-01,-5.413828703267424547e-02,1.351809917715137387e-02,-3.796853259403836223e-01,-2.525234585854085334e-01,-1.103292864683142332e-01,-2.348292556967961353e-01,1.093290322742134640e-02,-1.280005668183057665e-01,1.789232364089833049e-01,1.226151720204799178e-01,-1.225895153025477607e-01,3.767896184814961691e-02,1.630956694804308951e-02,-1.542740697626132917e-01,-9.116453465495975850e-02,-1.338679529283070269e-01,-3.193478587820394177e-01,1.877575896765371066e-02,-7.444141430275041937e-02,-2.017539744556094417e-01,8.701103776911416066e-02,-1.492613283621314624e-01,-1.974792748556341432e-02,-1.744107284210417441e-01,-1.387835015603899047e-01,-1.641166043983552647e-01,9.458721352436454122e-02,-3.488725172379228412e-01,-1.749721060533850903e-01,-1.489373253439018607e-01,1.240163339980593638e-01,-2.883979723607443812e-01,2.937168917168751434e-02,6.398108567354715732e-03,2.614243625985874023e-02,-4.193284250692981829e-01,-1.974750771183055309e-01,-1.389551642628839845e-01,-1.708319763512881340e-01,1.311650919887014377e-01,4.746465302557335147e-02,1.792746668994478487e-01,9.483548868168209522e-02,7.714150606519064313e-02,-3.194031605310738292e-02,5.567183212769885592e-02,-7.044043977875773244e-02,-4.772519076207270422e-02,-4.108443757942169261e-02,-1.721679047481665115e-01,-1.270290237280813361e-01,-1.451154288012747040e-01,7.713829704895004691e-02,4.070055027438918005e-02,7.207136595455487793e-01,5.922036159296835134e-01,7.978139009697819695e-02,-2.296538268876425343e-02,-2.241790569237770148e-01,7.651433204144162392e-01,1.059558913475493191e-01,-1.117024730062921162e-01,3.946013012863037323e-02,1.880749698699632488e-01,6.790633131876190332e-01,5.675193565890974678e-01,-4.858798314418585895e-02,-3.756422294738621936e-02,-7.312089076020160394e-02,7.615941559557648510e-01
