7.615941559557648510e-01,-2.276689171966376213e-01,4.283329483860310871e-01,2.671402687829447231e-01,2.083847010565846869e-01,2.516190207275494917e-01,2.510162774645318673e-01,2.971687656523983034e-01,-1.771649842970720277e-03,-1.023217686691475642e-01,4.120345516762726201e-01,-5.330721360270686271e-02,4.084510543256394954e-01,1.980178100586757750e-01,4.002674847544991921e-01,1.178022193687422101e-02,-3.965405394066402744e-02,2.329412568429200525e-01,2.613852626259099976e-01,3.175523143533660608e-01,-2.456331117824961108e-01,2.671161963046420618e-01,1.916609292429601319e-01,-1.463083674682252033e-01,-3.677661632993267649e-01,3.903702686189701454e-02,4.314497368710522654e-03,4.746733363049384646e-01,2.267159345441575324e-01,-1.991718279149732596e-01,3.587439428784118256e-01,2.975239177818781444e-01,3.891016284305346407e-01,4.046059816357089334e-01,-1.946707936652421200e-01,3.960731587922590724e-01,1.519344833861586974e-01,2.772954692063345217e-01,-1.451055997720669677e-01,1.695916272991617457e-01,1.390932394087184554e-01,1.026746280247272346e-02,-7.152158588000925854e-02,4.278730777363309312e-01,-4.677830760958958528e-02,3.643470737313476149e-01,-9.071082128185765231e-03,3.702897744735008656e-01,-1.114720756007555325e-01,-1.472521090114280451e-01,-2.760541961476315267e-02,3.368068049486408477e-01,3.964938246954187728e-01,-3.741772473337103277e-01,3.116039913826893493e-01,2.014349449808281178e-01,-2.302471696591749106e-01,-4.045376209596716066e-01,-5.503545269395439254e-02,-5.623449801508307450e-02,4.774690127783632332e-01,1.244555319853872938e-01,-2.703955496957284321e-01,3.068409454299208527e-01,1.492083524020262342e-01,4.055128020910703235e-01,-2.802551855627491428e-01,-1.608471250993553647e-01,-5.480485808360957556e-01,-1.867993692839207132e-01,-2.541478837629659870e-01,2.348167489974534172e-01,1.468268126982968935e-01,-3.332511017877067272e-01,5.339157373332893003e-02,-1.949168326852538657e-01,-2.841651212217469191e-01,-2.692001495236297504e-01,-5.326971284651792482e-01,-2.700320178893723111e-01,-1.520364217245079030e-01,2.150313372730306427e-01,2.155153772822356595e-01,-4.564199527625170116e-01
-2.276689171966376213e-01,7.615941559557648510e-01,-6.020157879712027121e-02,1.295746614274185249e-01,-1.401024473787673141e-01,-1.106378293175934585e-01,-2.504085483274874901e-01,1.002346548346851884e-01,-1.966433130776615024e-01,3.682401574523996857e-01,2.985494057605508900e-02,9.124778684844640775e-02,-2.964315924162205795e-01,1.441099660860006015e-01,-3.299183736437792391e-01,1.731276505694508694e-01,-1.481932343826736220e-01,2.316308873022812354e-01,-1.275875877483004239e-01,-4.712905292034200166e-01,6.658754798030709354e-01,-2.927517621363606160e-01,2.931155632377360210e-01,4.833107501382893911e-01,2.797961677588602925e-01,3.589351576082755457e-01,-1.291011455520676976e-01,-2.765911980938937087e-01,-1.654825598754670890e-01,1.502842608570928440e-01,-2.601619696164380810e-02,-2.285010406288252027e-01,9.304996851211647102e-02,-2.951771179420319968e-01,9.236209103289511058e-01,-1.216449158530426289e-01,6.840366828578420266e-02,-1.830634930971961893e-01,5.778479664284496761e-03,-2.273540263428459884e-01,1.780584027179752393e-01,-2.303742511538698634e-01,3.233353275535514326e-01,-1.478529426233389232e-01,6.199376369413187038e-02,-2.729611964789802614e-01,-1.256595733901864562e-02,-1.526529667674561275e-01,2.461049500714488913e-01,-2.209123923490296237e-01,3.291325169901965220e-01,-3.008258199902876795e-01,-5.663375390998626191e-01,4.984656928522156472e-01,-4.310501702384517131e-01,1.692797330239767806e-01,5.837538659554906140e-01,1.957393840962246001e-01,2.978082533971018186e-01,-2.126667206546162259e-01,-1.445719589084046020e-01,-1.558422577035956623e-02,5.268673848700226869e-02,1.080281575587440784e-01,-1.121543502691710742e-01,6.643444254385258430e-02,3.268636561913216276e-01,-2.560699583512488497e-01,2.237067395477709275e-01,5.569022467624417522e-02,2.979732758156108385e-01,3.659653191477506978e-02,-1.629928316568578228e-01,3.474345835897082457e-01,1.860329980453220566e-01,2.362037555790702237e-01,3.511654519140312014e-01,-3.469378627952155458e-01,1.987629263653577505e-01,1.601551240057523251e-01,4.004305469341610246e-01,-1.156081279908016540e-01,-1.788921171750858241e-01,2.826554231945852536e-01
4.283329483860310871e-01,-6.020157879712029897e-02,7.615941559557648510e-01,4.433058898498989930e-01,5.624312686657616522e-01,5.561274333703065953e-02,2.820132028081642206e-01,4.803453971107972675e-01,2.003062849149954139e-01,-5.065241956459153733e-02,8.647789376490943036e-01,4.335385601254290039e-02,2.500475403726162837e-01,3.322983672787869214e-01,5.725719435448676231e-01,-2.490163666801021580e-01,-1.015688624746776125e-01,-4.620896308237645855e-02,6.225697543457600069e-01,2.289760738509907245e-01,-3.639078847350538104e-02,2.688423631114668644e-01,3.467368423518856213e-01,-7.540578488303208149e-02,-2.879521657213156560e-01,-5.392032121586518706e-02,3.446474588756640589e-01,5.541580527396973155e-01,-6.383252091288225960e-02,-2.624097789382947021e-01,4.545840857821083492e-01,3.501197398372026814e-01,2.961387612120325308e-01,4.243479477646925901e-01,-3.514803637422814556e-03,9.408919738459395887e-01,2.681648677661940261e-01,7.009805757721343511e-01,-8.620096326744453030e-02,3.992990728060701877e-01,4.059081659465825220e-01,2.344278288856080084e-01,-1.154827535103772757e-01,8.600184136574869909e-01,3.047807340157618339e-02,4.243343965240883864e-01,-3.723696857469352417e-02,5.785857554838991224e-01,-2.126496770181414697e-01,-1.579728081039614984e-01,-1.185490107549085487e-01,5.278146807756922687e-01,4.034980231741827073e-01,-2.605500597500138779e-02,3.393205407907570748e-01,4.616700362861150264e-01,-1.868486873682108085e-01,-2.351853273334143235e-01,-2.203774166630057679e-02,3.427801188370410701e-01,5.343390802041767529e-01,-2.582574237187687267e-03,3.100291983352501234e-03,4.778315308029817965e-01,-8.340749783991272676e-03,2.196555292536187531e-01,-2.130492188536556863e-01,-3.036390836932135739e-01,-4.880127547912321284e-01,-2.881457258958189938e-01,-2.442934317011142831e-01,1.573074063305988091e-01,7.067159612420947923e-02,-3.260232267418254337e-01,-1.430301789539529800e-01,6.268287393213869962e-02,-2.735381161373462988e-01,-3.918226668601894613e-01,-4.855790352818189493e-01,-3.911122526714265191e-01,-3.161329519785221476e-01,2.072407814782401339e-02,1.218063255154625130e-01,-3.766295433646444923e-01
2.671402687829447786e-01,1.295746614274185526e-01,4.433058898498989375e-01,7.615941559557648510e-01,3.289392256309732754e-01,3.630127777873146666e-01,4.842169606405588578e-01,3.533804338039103210e-01,2.694110181526239156e-01,1.265805440852289798e-01,3.774631313054350179e-01,2.286528195822490894e-01,5.212326153678639162e-01,9.535452631920264543e-02,3.430161381010985999e-01,8.375144090074777836e-02,1.960533298205646979e-01,1.259774113245709648e-01,2.951568157183653840e-01,2.672390401399213355e-01,2.847343426572944702e-01,2.106736958000523796e-01,3.112559338224850647e-01,1.881273021775456689e-01,-9.894363423185439932e-02,2.574811907599180438e-01,2.896283176990095964e-01,4.262802600235955919e-01,1.412492070798998522e-01,-1.798528281380902538e-01,7.596874376524953565e-01,3.613409923682532332e-01,3.582057595791546811e-01,1.388003532546553120e-01,1.357486520066470137e-01,4.272516416080345270e-01,8.248520854429357563e-01,3.528329762762337229e-01,2.039298748387184945e-01,4.466224754840944500e-01,3.742243353056963762e-01,3.247050247259762878e-01,2.606637276064794895e-01,3.647258806976849121e-01,2.429169509184821718e-01,4.461053554012590072e-01,-1.657000399325431472e-01,3.545422221139404861e-01,8.283329716016845506e-03,9.415157887467279219e-02,1.996337833725780331e-01,2.686307425502738599e-01,1.996719188249703736e-01,1.551804294633536419e-01,1.725774269583983112e-01,2.499638938636478958e-01,1.446300919641247684e-01,-7.874890315031742027e-02,2.556741286984032802e-01,3.402174382527169416e-01,4.089178852747552551e-01,1.360335162291643751e-01,2.135270068692799172e-01,6.060233281473732525e-01,1.626459132198607160e-01,3.287710342326787272e-01,-1.731341800627343164e-01,-2.115978561437498462e-01,-2.910245232883103550e-01,-4.019763976708265463e-02,3.466894358823465611e-02,6.643977926931107225e-01,2.382536358710807267e-01,-1.109125331964622430e-01,1.587622325402287815e-01,1.325160254494129886e-01,-2.343171981979766394e-01,-2.507163633655432045e-01,-2.949680500466532185e-01,-1.218925095813786774e-01,-5.176255917044147482e-03,6.405920609818448463e-01,2.652003985344797976e-01,-2.435017879470415536e-01
2.083847010565846314e-01,-1.401024473787673141e-01,5.624312686657615412e-01,3.289392256309731644e-01,7.615941559557648510e-01,3.319577483932183437e-01,4.494408019745271821e-01,2.452338994870628119e-01,6.901463024768891286e-01,-1.855407355228206601e-01,6.161358503872087500e-01,9.940567560646486334e-02,2.695401090525435528e-01,3.986202358294986814e-01,5.066650868606926705e-01,-3.221871636301584241e-01,-1.572424527861576993e-01,-2.472614197045408801e-01,3.611779431040219590e-01,4.608403625361346956e-01,-9.969706958747007186e-02,4.943429314048932155e-01,8.132502867639178346e-02,-4.193680419696484141e-03,-4.141178014639323446e-01,-1.249515669583132170e-02,5.162352644948715596e-01,2.952071248487953548e-01,-1.444966592140507766e-01,-1.534606617174706644e-01,2.105953915802539766e-01,1.613548034531092357e-01,7.885245123494596942e-02,4.013102262709421497e-01,-1.103159187564522747e-01,6.385900202702355921e-01,2.076049505036452192e-01,9.230047788394669661e-01,1.215845683161430602e-01,5.893172202056938813e-01,2.031978161328998334e-01,6.590053041246767274e-01,-1.833828506366752265e-01,7.108154273526272604e-01,6.106811494354109221e-02,3.461639526860846305e-01,2.127716030747116849e-01,3.918633100269595104e-01,-2.273101718948573879e-01,-7.479623502998015983e-02,-2.781773674141647668e-01,4.606001464373397081e-01,5.172761223887805127e-01,-1.412144294937457134e-01,5.093249541937495684e-01,1.904766823325358682e-01,-6.706084431939338120e-02,-2.146771035527886839e-01,-1.347193522727255927e-02,5.589218805072727614e-01,3.390606951249030554e-01,-1.305301858742373942e-02,2.365483468553904525e-02,2.840327874799567498e-01,-2.659509005994745712e-01,1.386701127699200287e-01,-1.875367494011094538e-01,-3.500465233029405043e-01,-4.922897462752383602e-01,-2.166403687302550785e-01,-8.850993279348572107e-02,2.592454351653334377e-01,7.011306507215593620e-02,-3.003720013380509757e-01,-2.372388632547699772e-01,-2.001897612771994794e-01,-3.579164828866295278e-01,-3.334680728847940756e-01,-4.790796058950121949e-01,-2.072268921560488919e-01,-2.850422679520985825e-01,2.054190317248467679e-01,1.850579989554681781e-01,-4.703781491793093128e-01
2.516190207275494362e-01,-1.106378293175934724e-01,5.561274333703060402e-02,3.630127777873146666e-01,3.319577483932182882e-01,7.615941559557648510e-01,3.886142260123389147e-01,3.034122541526492189e-01,2.395096737283103627e-01,2.381226269442164312e-01,7.457467548509537358e-02,5.387634810015435871e-01,7.361198697916290223e-01,2.314364801689839379e-01,3.237087543938746981e-01,2.302347060008681431e-02,2.829441448937640158e-01,-2.946004745871985131e-01,5.973577483874771554e-02,2.789370782050967779e-01,1.053558883063982488e-01,2.957294872795640517e-01,3.285549642555978256e-01,4.395461327234490567e-01,1.550142994408247599e-01,5.599237705839976709e-01,3.359425422460035060e-01,2.628912129296430145e-01,9.995271022418746043e-02,1.113505085607053163e-01,3.759318425145512510e-01,1.387143030280633127e-01,-1.230438178318177256e-01,-2.120180300984279495e-02,-1.436604498333405033e-01,5.446759103563679483e-02,2.577125686356732115e-01,2.987201457663409276e-01,4.812083595314431972e-01,3.370282222660490046e-01,3.132003178010188682e-01,2.456443969292642082e-01,1.064793163555632499e-01,1.582022342416603000e-01,5.565475247594441344e-01,4.790421791597802570e-01,1.990183625599272477e-01,2.580934966091260052e-01,-4.415898192863455529e-01,1.917998792173126188e-01,-3.426730686372547741e-01,2.056020211159009792e-01,2.966647782770640007e-01,-1.889348407510421657e-01,2.344118432322484513e-01,1.617615622121745811e-01,1.932019780071533854e-01,-2.652444819253444927e-02,4.357407098838771420e-01,2.341044507500935346e-01,9.196416210436397787e-02,-5.284617608344481521e-02,3.200401869064418148e-01,2.229799167239238100e-01,1.708448749894461161e-01,-5.638613647469311457e-02,7.824845044535667232e-03,-2.569803627493979503e-01,-2.147167199352321698e-01,-4.339394491306858975e-02,-9.385709432002714570e-02,2.710509590263761592e-01,-4.015108022490168627e-02,-1.139007646789797767e-01,-1.047449662506256263e-01,-6.864295711853431181e-02,8.902330742901851113e-03,-3.512673963718777048e-01,-2.360032440875255988e-01,-1.276924789857388776e-01,-9.477492188758955549e-02,4.684287090527784747e-02,1.130726203203728658e-01,-3.920329240450258768e-01
2.510162774645318673e-01,-2.504085483274874346e-01,2.820132028081643316e-01,4.842169606405588578e-01,4.494408019745272376e-01,3.886142260123390257e-01,7.615941559557648510e-01,-6.987888303053572947e-02,4.020082127625316248e-01,2.710146833353205831e-01,1.454914375483756794e-01,1.913527714270479019e-01,6.375878900542576444e-01,-2.748198761114941657e-01,5.719120716615161415e-01,-2.325193211657084619e-02,1.402505883496383832e-01,-1.908515910698424869e-02,-1.991763789585220337e-02,5.150725167280125749e-01,-3.212804302572749154e-02,4.693571875919322900e-01,6.484741237048752271e-02,-9.948984323802037566e-02,-1.263766803202168720e-01,1.691873942612414083e-01,6.366766568420269001e-01,3.634714847175052332e-01,3.772799116751222037e-01,-1.038556405600355032e-01,3.941143719568087622e-01,2.505023062413857526e-01,1.208849105622354925e-01,4.377205286515065130e-01,-1.452622767944602711e-01,3.098356722982491540e-01,4.816100677101293193e-01,4.401776108839139390e-01,3.649735495154840526e-01,8.661829804735395877e-01,3.258619535455601485e-02,4.006090782939761286e-01,3.271472529858788225e-01,1.692153878896013319e-01,2.655721256417969967e-01,6.555541791333782120e-01,-2.568967698919845666e-01,4.601303399059184507e-01,9.218522921887820076e-02,2.183355124323290708e-01,1.303201772781190960e-02,5.308472114929128904e-02,3.596989200670374642e-01,2.808754581792385907e-02,3.660080512334600855e-01,1.948892387944417548e-01,-1.001292580128268217e-01,-7.999500516267291084e-02,3.282380798799171551e-01,5.462648996540807600e-01,4.577015689407903931e-01,4.098159662606997711e-01,1.151995016808436412e-01,4.557867258750179507e-01,5.403625100150711950e-03,7.764589451362265138e-02,1.084763180285891054e-01,-4.115839348526005304e-01,-2.727864579292757496e-01,7.460098561131199568e-02,-8.966747734259795932e-02,4.204308021874709200e-01,2.622477526241124846e-01,7.478940402479361538e-02,-2.178009142526517172e-01,4.956991505936732267e-02,4.272458772096581620e-02,-3.349188186462031536e-01,-2.995559338477228883e-01,5.362459669698312059e-02,-1.212932410914239617e-01,3.336636656899354403e-01,3.519198232769306101e-01,-1.206056043473357070e-01
2.971687656523983034e-01,1.002346548346851607e-01,4.803453971107973786e-01,3.533804338039103765e-01,2.452338994870628119e-01,3.034122541526491634e-01,-6.987888303053571559e-02,7.615941559557648510e-01,4.810294636556089638e-03,2.406735598641361051e-01,5.421078554608246280e-01,5.533895978035902052e-01,1.780570122118912690e-01,5.450137207865823896e-01,3.130974208609690335e-01,-1.539490942342676416e-01,-9.083088809664106866e-02,-1.214165008626114373e-01,3.740650958478081711e-01,6.988081444612936899e-02,3.218388861420808378e-01,1.893479541037494385e-01,7.652887469619775729e-01,3.313491542152596225e-01,-2.528065655744949139e-02,3.610490591465555510e-01,1.830978807725666402e-01,4.030576861141146328e-01,-2.586444193319231699e-01,1.043732173062373314e-01,3.607036552715776612e-01,3.158156048240047808e-01,2.077147595347746400e-01,7.951911839845890451e-02,-3.286766414426003924e-02,3.885983450450296028e-01,2.879766397260787869e-01,2.652970523476624320e-01,1.621735470533272258e-02,-2.573841510906814400e-02,7.863779721252881494e-01,-8.719008918271863159e-04,1.251276867738136955e-01,5.116852226587380592e-01,4.073552101051053365e-01,1.798293806331809908e-01,3.119157883288801725e-01,2.625301772365537523e-01,-3.990099055318777621e-01,-1.368007468108015379e-01,-1.511061523534202033e-01,3.765110424730206962e-01,1.674456724337017033e-01,5.685719681256951735e-02,1.031389443934646738e-01,5.201820936778763782e-01,1.199411204880086457e-01,-9.441211276384166295e-02,1.263222278053198755e-01,9.267322307826721117e-02,2.952800306369447458e-01,-2.430975761509253374e-01,4.140890336927171012e-01,2.681165412240120172e-01,1.401816284543978830e-01,9.527111454660042167e-02,-7.109661845059635221e-02,-6.249780065183879046e-02,-2.199832397715710819e-01,-6.403599304543880488e-02,3.640269326501320568e-02,2.916101077011140630e-01,-1.851659372765563638e-01,-9.453685698743864718e-02,9.369386362782680666e-02,1.425725035911612308e-02,-7.635701624373587848e-02,-1.512598647675574837e-01,-2.254535703541039049e-01,-1.441541290770408656e-01,-1.179363075821043133e-01,8.053002833292524643e-02,-8.789198449701246529e-02,-1.964476050955818454e-01
-1.771649842970637011e-03,-1.966433130776615301e-01,2.003062849149953861e-01,2.694110181526239711e-01,6.901463024768890175e-01,2.395096737283104182e-01,4.020082127625316804e-01,4.810294636556089638e-03,7.615941559557648510e-01,-1.932343704341629720e-01,2.005115349782148615e-01,8.674434524835565596e-02,1.209580516035568543e-01,8.979771685419772609e-02,4.071503533379316475e-01,-3.529592961846427235e-01,-1.012918776156486039e-01,-3.554489642576348363e-01,2.929737785820180074e-01,3.810509774066596633e-01,-1.457929305970025458e-01,3.435955263986044117e-01,-7.452671328503823744e-02,1.384098714986414236e-01,-3.453660569078044196e-01,-1.856097891512136638e-02,3.235641318639925212e-01,-4.784809361868004596e-02,-3.039246292978464714e-01,-7.147364214046079967e-02,1.229184211492293510e-01,-1.946161451195596026e-01,-1.755690486516904014e-01,1.313889662979320916e-01,-1.718859604008136643e-01,3.394598849476017088e-01,7.477395407391217164e-02,5.281133770617514323e-01,2.005149690155945685e-01,4.879010660282000478e-01,3.071105889582930945e-02,9.443788928035714569e-01,-2.323102565601632974e-01,4.142920762255460354e-01,4.858935966468695689e-02,2.156827030194957417e-01,-7.209399064683374991e-02,3.460792615816494222e-01,-3.452694623964702725e-01,2.966723834813076409e-03,-4.190669619700288506e-01,4.317896045013520090e-01,4.427380344597161566e-01,-1.653492507222250052e-01,4.967865645546262754e-01,3.582672908756966146e-02,1.538793503081159753e-01,-1.850432764579156841e-01,-1.054819102261938223e-02,5.355147511817139883e-01,-5.706493073059426546e-02,-2.002793107798812589e-01,1.695503436019931420e-01,1.953952530530670556e-02,-3.533044347913567584e-01,3.629281956767592410e-02,-1.483066040996875723e-01,-2.545470617604065899e-01,-5.578342019767253968e-01,-2.410381695111359635e-01,-6.742314113079729554e-02,9.856380724152428649e-03,-1.668868926568326527e-01,-2.815185853308728725e-01,-2.579889743242541056e-01,-1.524379966689573540e-01,-2.495913683474925981e-01,-1.953867005148367808e-01,-5.522993274758198901e-01,-2.524623145191568496e-01,-2.374866957368335640e-01,-7.238162853969908050e-02,-1.658858659977444638e-01,-3.392634499163816875e-01
-1.023217686691475642e-01,3.682401574523996857e-01,-5.065241956459154427e-02,1.265805440852289798e-01,-1.855407355228206601e-01,2.381226269442164312e-01,2.710146833353206386e-01,2.406735598641361051e-01,-1.932343704341629997e-01,7.615941559557648510e-01,-7.107870458079958154e-02,3.915583984465096368e-01,1.593027403209001658e-01,-9.174287640067460559e-02,5.325188779409248743e-03,4.589599571436462355e-01,3.672125618478483400e-01,4.855677143491944903e-01,-2.740556878076709779e-01,-1.267895785459919322e-01,4.813111906867826306e-01,-1.071334086687245335e-01,2.664126221328860233e-01,4.863524464817523540e-01,5.608866808992577502e-01,5.077730474728986421e-01,2.057189242531455020e-01,-6.864786057607008551e-02,3.186441190631593701e-01,2.163208341920900835e-01,3.722438403991056716e-02,-2.042354260285420692e-02,1.165989431656190289e-01,-3.194390792660505296e-01,3.659779517292862661e-01,-1.172222463384182956e-01,1.066379547285141102e-02,-1.238441721073558072e-01,2.418215947660256604e-01,1.226256240075757203e-01,2.728229065837168288e-01,-1.821749521882103928e-01,7.988030021080355647e-01,-1.272248793654047749e-01,2.690107305371848279e-01,-1.846899142597070720e-02,-2.887685777950671495e-02,1.594587410027973468e-02,2.250868611591636814e-01,2.187881009036761470e-01,4.920490962525507217e-01,-1.755157099496914008e-01,-1.822347598787769918e-01,4.242855751727751534e-01,-2.026590773383108168e-01,2.121972091600657917e-01,4.431351833211686908e-01,2.824484665012161333e-01,4.064383950752185615e-01,7.082920017838773008e-02,2.200504960669737511e-02,2.890948445398823230e-01,3.521188185172540730e-01,1.603094752202669504e-01,-5.900784589029111488e-02,-4.489995757420064265e-02,2.718282888116417828e-01,-2.624016925085390084e-01,3.306488228065164181e-01,3.226638868289893325e-01,1.010147491658450886e-02,3.715188880843917074e-01,-1.917405162969035848e-01,3.680215915895062029e-01,-1.941349323933562188e-01,2.444563643731245961e-01,3.985359642319186158e-01,-4.056125936795875186e-01,2.060434881257880435e-01,2.885777286926428098e-01,1.447744171163221072e-01,7.301594030603540675e-02,-1.468168847080802975e-01,1.113588607275884795e-01
4.120345516762726201e-01,2.985494057605508900e-02,8.647789376490943036e-01,3.774631313054349624e-01,6.161358503872087500e-01,7.457467548509537358e-02,1.454914375483756517e-01,5.421078554608245170e-01,2.005115349782149170e-01,-7.107870458079956766e-02,7.615941559557648510e-01,9.406532782915587310e-02,1.609524825389686276e-01,5.872879707095592927e-01,4.360089097718162776e-01,-1.879504114720967067e-01,-1.791953098022426305e-01,2.308631785141100276e-02,6.768919869055467498e-01,1.455522620192244709e-01,-1.084204226053951392e-01,2.358314384627964722e-01,2.760508145564163907e-01,8.323492618582830835e-03,-3.423270556305998413e-01,6.689374369870275394e-02,2.308802885068908517e-01,4.894705633564392921e-01,-1.859924417837802157e-01,-1.455241019357186305e-01,3.182976510945705328e-01,2.685197406755157057e-01,2.531148047248324429e-01,3.287349805659820490e-01,3.302224154608596890e-02,7.829542585045181635e-01,1.747612979551806112e-01,6.733685985791457718e-01,-1.267961338269888716e-01,2.617060108852669598e-01,3.633428911132742800e-01,1.783184422243766221e-01,-1.547736966324573804e-01,8.895387899001593324e-01,-3.282653648543229497e-02,2.204784944234375321e-01,2.263214435826474968e-01,4.388183946805996882e-01,-2.338507897259874679e-01,-1.997436939989046256e-01,-1.235243849765637059e-01,6.083491434187404678e-01,3.079959445273565688e-01,-2.014206139298365672e-01,2.401683320514063635e-01,3.817433353057019807e-01,-1.328715400818202830e-01,-3.048184661106002058e-01,-2.557396203017324498e-04,2.525684393690534879e-01,4.346909161737034788e-01,-7.492474798301848593e-02,1.860863724756610729e-02,3.479095379180938696e-01,-1.674166607202808368e-02,2.167237600354674221e-01,-1.780092595072484130e-01,-3.681704163621203341e-01,-4.400016582289102973e-01,-2.121251070285094797e-01,-1.480918542570730245e-01,2.566994369966424383e-01,9.223807912712199408e-02,-4.072627239433243562e-01,-8.229038855808161468e-02,-3.641687788708718870e-02,-2.939123864789698892e-01,-4.273343496197240521e-01,-4.014961368773211081e-01,-2.847855698376954847e-01,-2.694494981324012106e-01,2.787654208330040290e-05,1.171943515695470228e-01,-4.938444814552973572e-01
-5.330721360270686271e-02,9.124778684844637999e-02,4.335385601254291427e-02,2.286528195822491172e-01,9.940567560646484946e-02,5.387634810015435871e-01,1.913527714270479019e-01,5.533895978035903163e-01,8.674434524835565596e-02,3.915583984465095257e-01,9.406532782915587310e-02,7.615941559557648510e-01,3.622439589789273051e-01,2.191247928600838779e-01,1.989127828604991821e-01,-9.482268222506150257e-02,2.283529353066436340e-01,-2.167613250928674129e-01,1.755750112049977996e-01,7.767206040217938812e-02,2.918275186315842928e-01,1.055606558118768190e-01,5.022515302226934208e-01,7.106839347711929600e-01,1.449470072149250111e-01,6.522779994276652893e-01,1.475493145794166128e-01,3.045429782298759713e-01,-2.094519707342860082e-01,3.575199875314550857e-01,3.059040899832693450e-01,1.878817727929053549e-01,-6.508428206475481981e-02,-1.229453240783187629e-01,-1.023773349138510924e-01,-3.352503545539667340e-02,2.759784001740007708e-01,1.018575844071677311e-01,2.113448962003460219e-01,5.456992885105672181e-02,5.443340245943820710e-01,1.366333534259934479e-01,3.097794352723134970e-01,8.875805746427581355e-02,7.290856435483518139e-01,2.071166312009371513e-01,4.062201095388893735e-01,1.121443958654567835e-01,-4.741156062243656599e-01,1.788827667393707577e-01,-1.580426473000176024e-01,1.302124382533992319e-01,8.320927394579157033e-02,-3.528453401711983961e-02,2.143154058462280395e-02,2.068455772839296325e-01,3.661461219374459453e-01,7.391939103906178254e-02,3.842158421265068902e-01,7.512669216039789821e-02,1.654907489697092782e-01,-2.832738111335188491e-01,6.506937204441097800e-01,1.671527656194656819e-01,2.365444633644096795e-01,-1.852635395124745121e-01,1.677560268363487983e-01,-1.601641373575899419e-01,7.457821960560499785e-02,2.299062972101877655e-01,2.053825900757880185e-01,3.615128161109112392e-01,-1.077645058944937256e-01,1.581350523845391209e-01,2.515967320679028951e-01,2.086315354844050021e-02,1.881697323921040776e-01,-2.565764519134074995e-01,3.052960770444095376e-02,9.072859595356898288e-02,-4.778638580165651961e-02,2.024829245769406705e-01,3.592712416062171510e-02,-5.179051030162850483e-02
4.084510543256394954e-01,-2.964315924162205795e-01,2.500475403726162837e-01,5.212326153678639162e-01,2.695401090525434973e-01,7.361198697916290223e-01,6.375878900542576444e-01,1.780570122118912413e-01,1.209580516035568265e-01,1.593027403209000825e-01,1.609524825389686553e-01,3.622439589789273606e-01,7.615941559557648510e-01,-6.237778170837140340e-02,3.633100418523401154e-01,2.564679038337781547e-01,5.498892248318916209e-01,2.941452481409082692e-02,1.218455898809810839e-01,3.757285870441278153e-01,-1.651283092887134707e-01,3.291259474656598183e-01,7.743569429836634488e-02,1.266607993236117669e-01,-3.361166255935810893e-02,4.520175412731063380e-01,2.663996772614827813e-01,4.781887953900047505e-01,2.470587505945738560e-01,1.902793612465384851e-02,6.398928249799169521e-01,2.933816095124668344e-01,1.599771567264385297e-02,2.044754075421592876e-01,-2.863526906777562053e-01,2.081742799968724633e-01,3.900939608378053425e-01,3.068314786682490580e-01,3.095966889464856209e-01,5.689553160130063070e-01,1.454127553200301459e-01,1.893331374242542553e-01,1.991045309993287604e-01,2.333921316445133065e-01,4.879175139210147893e-01,7.013192331496360676e-01,-4.951135124268735144e-02,3.173418532158108207e-01,-2.996908873152136499e-01,3.755873161026561657e-01,-1.009666832224716260e-01,2.759736544763713995e-01,3.345970329366531604e-01,-3.795400159606435175e-01,2.765522144585917386e-01,-3.801532864284649926e-02,-6.361600861960270414e-02,-8.068252227313832403e-02,3.622067856454924684e-01,2.238321537696718322e-01,3.856299014895735455e-01,6.759077285730885620e-02,1.571779428382618915e-01,4.682772470225811112e-01,3.047015590285833131e-01,6.678563134154628933e-02,-1.570516890762339302e-01,-3.900416601224520607e-01,-4.230890161819576556e-01,-4.367320559759741566e-02,-1.038289910767322827e-01,3.638191722744304468e-01,2.139935539515758767e-01,-2.944131313553791096e-01,-6.082573347194972224e-02,-1.947093065859277494e-01,-9.816044329143541747e-02,-4.717721814873288566e-01,-3.743150474041507247e-01,-1.448411923605698592e-01,-9.060739781344924471e-02,2.577840301211992147e-01,3.225453687596248620e-01,-4.937075906128703395e-01
1.980178100586757473e-01,1.441099660860006015e-01,3.322983672787869214e-01,9.535452631920263156e-02,3.986202358294986259e-01,2.314364801689839657e-01,-2.748198761114941657e-01,5.450137207865822786e-01,8.979771685419772609e-02,-9.174287640067467497e-02,5.872879707095591817e-01,2.191247928600839057e-01,-6.237778170837137565e-02,7.615941559557648510e-01,2.767263496236100351e-01,-7.253910709388770861e-02,-1.803828515889739359e-01,-7.768655749178723924e-02,4.954978184261726315e-01,1.990259730530831439e-01,-9.308911648325224331e-02,3.910848661573539942e-01,2.987356337830737729e-01,1.159755572848575056e-01,-2.852406427693607305e-01,2.638509608698875186e-01,8.562764154994181864e-02,2.536078829978780647e-01,-2.812019142972874142e-01,-1.761762731704497320e-01,-1.892296857865402582e-02,1.305105318962101746e-01,1.403259608527373803e-01,2.445400611524253809e-01,8.078443300767101931e-02,3.417249596234852582e-01,1.265871562096477776e-01,4.060597018301537187e-01,-9.678653533530418018e-02,-2.380607455569774267e-01,4.583788211421546133e-01,4.010201357714386627e-02,-1.548640711079787013e-01,5.483261825547850465e-01,1.968880782940858054e-01,-1.380286649945439981e-01,7.909532589534155056e-01,2.089110185496871885e-01,-9.077348837099361023e-02,-1.765802009290532715e-01,-8.341541911885497207e-02,4.637039118592841680e-01,2.113341166075819733e-01,-2.778074461889745161e-01,2.258734375175130982e-01,2.992627276906306699e-01,5.626805672187142060e-02,-2.156423963736357197e-01,1.073294315222179662e-01,-4.026762397452145897e-02,2.224810270606138729e-01,-1.420910415440593266e-01,2.890660338352599862e-02,-1.775488881419188814e-01,3.269446003717079580e-02,1.572467356434137931e-01,1.858495281654028511e-02,-2.202352645370570516e-01,-2.142402189666543222e-01,-5.152150184049161807e-02,6.995918204082367253e-02,3.045467467685019081e-01,-1.494411183175044927e-02,-3.361590448486422855e-01,2.530906770538680073e-01,-5.890612410846444297e-02,-1.144349143907126276e-01,-5.102093846712980885e-02,-1.623012504704961778e-01,-5.233808632463273630e-02,-3.309280080222994080e-02,2.257668294472890413e-01,-3.408549917365617105e-02,-4.065909034334613259e-01
4.002674847544991921e-01,-3.299183736437791281e-01,5.725719435448677341e-01,3.430161381010984889e-01,5.066650868606926705e-01,3.237087543938746981e-01,5.719120716615162525e-01,3.130974208609690890e-01,4.071503533379316475e-01,5.325188779409276499e-03,4.360089097718162776e-01,1.989127828604991266e-01,3.633100418523401154e-01,2.767263496236099796e-01,7.615941559557648510e-01,-3.737622194610044635e-01,-1.532886297645272289e-02,-2.885141878675279159e-01,2.130824544052103420e-01,6.474078434466390419e-01,-2.544083354702730837e-02,6.479663505502574194e-01,2.331443746861924515e-01,-4.575786132124364664e-02,-3.388822692877913600e-01,3.827548701743936632e-02,3.988703921193118562e-01,5.082627600013240876e-01,2.130814739175316830e-01,-1.144257861397175724e-01,2.427370696205060074e-01,5.248067615070337588e-01,2.543522548186387122e-01,4.266594360790478269e-01,-1.856229681730298398e-01,5.866468821815622459e-01,4.101130984342210017e-01,5.885251202728478681e-01,3.159729537880098249e-01,6.750143181491792266e-01,3.023293517771857286e-01,4.078847811774040100e-01,1.374185921826979184e-01,5.769506806379888220e-01,2.297014517119327082e-01,5.948093492089241430e-01,1.470573231954425686e-01,9.216498708673859230e-01,-2.097488461217935085e-01,5.849391061604327507e-02,-1.430561727200282685e-01,3.699911801286095980e-01,5.543789395217294524e-01,6.372787748498975890e-02,6.349227306802877058e-01,4.282538680543103160e-01,-1.038535924724003912e-01,-1.138599547247501342e-01,2.700260210083194057e-01,3.279200561892951504e-01,5.541531093136796704e-01,1.968956187522003520e-01,7.342728956103417026e-02,2.750315500029140714e-01,3.001561449824400873e-01,2.819976399634701592e-01,1.238927793229123858e-01,-6.649459119571175802e-02,-4.512345669329891895e-01,-1.953341994054075825e-01,-3.870199102362893440e-01,3.290033293321420471e-01,6.486215370545630890e-04,-1.266162621020741341e-01,-2.682728736287442461e-01,-1.538814884222764190e-01,4.392006527796517290e-02,-3.213937365830932952e-02,-4.867781130224977382e-01,-2.283475309613791360e-01,-3.895244917125642581e-01,1.486394260803124978e-01,2.377047073678655031e-01,-2.238331427533245821e-01
1.178022193687420713e-02,1.731276505694509249e-01,-2.490163666801022135e-01,8.375144090074777836e-02,-3.221871636301583131e-01,2.302347060008679350e-02,-2.325193211657084619e-02,-1.539490942342676971e-01,-3.529592961846427235e-01,4.589599571436462910e-01,-1.879504114720966512e-01,-9.482268222506155808e-02,2.564679038337780992e-01,-7.253910709388770861e-02,-3.737622194610044635e-01,7.615941559557648510e-01,5.632490741727219641e-01,8.202716924683508548e-01,-1.999340773567527263e-01,-3.865001973875665797e-01,4.979304482065152054e-03,-2.899502319253161042e-01,-1.638238566293803156e-01,8.062757177521476248e-02,2.065594426856645627e-01,3.288552256260898754e-01,-3.228090615580591627e-01,-1.022170260208283138e-01,2.110385505193624334e-01,1.951065137984901443e-01,1.622039012702843619e-01,-4.960535886707598957e-02,2.490452430991183311e-02,-2.636136894431930222e-01,2.713762394548095425e-01,-3.177378621056653474e-01,-4.522239212553713639e-02,-3.547216500684194918e-01,-1.043827327257418336e-01,-1.491284382030697575e-01,-3.362073857299748281e-01,-3.415403877703740987e-01,4.072336115848216309e-01,-3.159137593017294909e-01,-2.184863786226404550e-02,-1.095542781745258570e-01,-1.557421057560156585e-01,-2.939595088702525727e-01,1.995899782477633944e-01,4.732190820715086454e-01,3.606559458332672663e-01,-2.482806691966096824e-01,-4.083669762497781353e-01,-3.521779654472912552e-02,-3.545984642139088372e-01,-3.265920640832712385e-01,1.773124703243378619e-01,8.179587043915544087e-02,1.257001039273753229e-01,-3.745303737558690615e-01,-1.013632257593215236e-01,6.052643941239740227e-02,-1.237026548397472947e-01,4.933465923204256171e-02,9.656288170706972540e-02,-2.490044439098154996e-02,-1.320516788312231238e-01,-3.777841973669412434e-01,8.025830315943853488e-02,2.554681972345623428e-02,-9.279326913502322638e-02,1.388315572068410664e-01,1.363408800247117858e-01,8.531689726586300093e-03,1.982844460073554249e-01,6.517795812975045629e-03,9.095199669973050294e-02,-4.081159050011571865e-01,5.378851363994274076e-02,6.049629381586977411e-02,2.451640084806494535e-01,2.226343739225820906e-01,1.954199669640850276e-02,3.921037401787861448e-02
-3.965405394066407602e-02,-1.481932343826735943e-01,-1.015688624746775987e-01,1.960533298205647257e-01,-1.572424527861576993e-01,2.829441448937639603e-01,1.402505883496384109e-01,-9.083088809664104091e-02,-1.012918776156485762e-01,3.672125618478483400e-01,-1.791953098022426027e-01,2.283529353066436340e-01,5.498892248318916209e-01,-1.803828515889739359e-01,-1.532886297645269513e-02,5.632490741727219641e-01,7.615941559557648510e-01,4.481937885644955988e-01,-9.380202232829505660e-02,-1.198775898004332124e-01,-1.131822124642736446e-02,-1.930008756062516484e-01,-1.327055532903240187e-01,1.588615057424953847e-01,2.749237322450689969e-01,3.991168906540483730e-01,-1.323319163856327141e-01,-4.086540536614398367e-02,1.757957802534327596e-01,1.055578292739232510e-01,3.530964055612529351e-01,-2.500494714739723290e-02,-3.629957495630093539e-02,-2.602614949830507340e-01,-1.083978409594787279e-01,-1.354936128662570238e-01,-6.832043703087938014e-02,-1.601142688204740816e-01,4.272484224916381357e-02,5.684482203224359986e-02,-1.749374791275361551e-01,-7.373053843861478163e-02,3.279448106972727150e-01,-2.206056056606073290e-01,3.024966636163308742e-01,5.434491744336348434e-02,-3.635911354616568059e-02,-3.390748591803589840e-02,-6.290354449257998248e-02,5.592058330055417192e-01,1.768413275407610952e-01,-5.803136900924830976e-02,-1.253854521073013983e-01,-1.552157636517381145e-01,-2.365520643795453459e-01,-2.768562985570483526e-01,8.108541451102585507e-02,1.951719093873472699e-01,1.065834358471941801e-01,-1.252278087920603300e-01,-3.982710621362001852e-02,-6.047936142138426313e-02,1.013783747680906538e-01,1.034179009325037618e-01,1.085925058297656509e-01,-8.951027888663015686e-02,-7.028197474866242078e-02,-2.078528577829714119e-01,-6.986756151914959301e-02,1.837831000968283626e-02,1.754108912869040832e-02,3.655835164235468615e-01,2.992980933700877810e-01,-8.081237766619604745e-02,1.375176959537270371e-01,-2.505895841449516936e-01,1.128102447339259101e-01,-3.843192310435536441e-01,-2.896950308285486941e-02,-6.913424069080899292e-02,4.558062194219111157e-02,2.524792773385151623e-01,2.297038107030097420e-01,-2.170184613662106965e-01
2.329412568429200525e-01,2.316308873022812076e-01,-4.620896308237650019e-02,1.259774113245709648e-01,-2.472614197045408801e-01,-2.946004745871985131e-01,-1.908515910698423482e-02,-1.214165008626113956e-01,-3.554489642576348363e-01,4.855677143491946013e-01,2.308631785141102705e-02,-2.167613250928674407e-01,2.941452481409072978e-02,-7.768655749178725312e-02,-2.885141878675278049e-01,8.202716924683509658e-01,4.481937885644955988e-01,7.615941559557648510e-01,-8.067828770614872413e-02,-2.421022859776483793e-01,-3.842784771275829792e-02,-1.996409285561537295e-01,-2.590203912010086706e-01,-1.393813216324988613e-01,1.423469426154260753e-01,1.295891857021868043e-01,-2.836578735190589673e-01,8.759895578029755492e-02,4.096075039601864698e-01,-2.050101852177094869e-02,2.408737547340618068e-01,8.792510150110240119e-02,3.665834828349205377e-01,-1.348218942304511558e-01,3.203576270278769567e-01,-1.297997445887369983e-01,-1.702513908404742204e-01,-2.902065615510163177e-01,-3.295161892811262483e-01,-1.617090447716564849e-01,-3.439561783958621222e-01,-3.640857490817833719e-01,4.274502504309502515e-01,-1.364186086712415036e-01,-1.535370313376816787e-01,-2.260953463462931634e-01,-2.016649643746296627e-01,-2.628460811920649287e-01,5.010239285147910504e-01,2.886601363224911010e-01,6.173901027963767385e-01,-2.133673655502038857e-01,-2.361613636181032205e-01,-3.840589002899150173e-02,-2.704181511869924170e-01,-3.001848911324467850e-01,-6.516406730013461768e-02,1.899435874253699265e-03,-3.882475503218536100e-02,-3.217289728292444528e-01,1.198500353311058031e-01,2.715016444296482478e-01,-3.347087947696407717e-01,1.816904127955714654e-01,1.180584073621161745e-01,2.657756667058959743e-01,-7.648232987420604256e-02,-3.054145520941572989e-01,4.192926890827469028e-02,1.539082110748212218e-01,9.587838433920310710e-04,2.101668317208815751e-01,2.152454072914903871e-01,1.218504224563199401e-01,2.280507518290973146e-01,8.882287535091251685e-02,4.022146158081016387e-02,-3.238349357851498245e-01,1.550925792449846415e-02,1.466227293575095014e-01,1.895562088618376329e-01,2.523132294941244913e-01,1.096964288761631684e-01,4.141031604820370748e-02
2.613852626259099421e-01,-1.275875877483004794e-01,6.225697543457600069e-01,2.951568157183653285e-01,3.611779431040219590e-01,5.973577483874777105e-02,-1.991763789585219643e-02,3.740650958478081711e-01,2.929737785820180074e-01,-2.740556878076710334e-01,6.768919869055467498e-01,1.755750112049978828e-01,1.218455898809810978e-01,4.954978184261725205e-01,2.130824544052103697e-01,-1.999340773567527818e-01,-9.380202232829501496e-02,-8.067828770614869638e-02,7.615941559557648510e-01,-8.487983765323715846e-02,-1.736094112587888982e-01,-5.851650785477876399e-02,1.008714006943354502e-01,3.067843102167405831e-04,-3.391604535298304302e-01,6.132866593481332146e-02,-1.207308617853677796e-01,3.347467543874754203e-01,-3.752439856186653433e-01,1.685358250745522812e-01,3.119179060368308387e-01,7.781903639142245810e-02,-4.895391173724120831e-03,1.195662137121285828e-01,-8.015441557798672068e-02,4.854331123894486399e-01,5.789365689565704326e-02,3.717292387445497726e-01,-2.814012657503748294e-01,-9.710516085983479651e-02,1.270962190902253375e-01,2.631037392600119595e-01,-3.030679013254723442e-01,6.285848049145468242e-01,1.278176493403473390e-01,-8.671964325544578162e-03,2.240958312611754100e-01,1.587828466902868052e-01,-3.763768406143592204e-01,-7.811933691253919454e-02,-2.478722592676027014e-01,8.083893579315298838e-01,6.090938750449348404e-02,-3.252563679317377332e-01,-2.383792414591423894e-02,-5.906717861443823957e-03,-1.340751097625439148e-01,-4.225455246615364979e-01,-1.406659652507312175e-01,-1.355935785795170379e-01,2.669978317817269797e-01,-4.086567716190279143e-01,1.635710611239921397e-01,5.185724965843156731e-02,9.410309025701808772e-02,-1.432280341019883524e-02,-2.378036837266714609e-01,-2.726722406594298542e-01,-4.155197690644936714e-01,-2.511847372734747896e-01,-3.810227052840704093e-02,5.548371557694275341e-02,3.126048486871033788e-02,-3.375521597259509843e-01,1.392488602237991202e-01,-7.170851628669863698e-02,-2.174681819748650047e-01,-2.843358951125465328e-01,-3.011469367775929107e-01,-3.001878738969412930e-01,-3.001447224792203605e-01,4.848296542404385845e-02,-8.609569867319959158e-02,-3.713310292432716042e-01
3.175523143533660608e-01,-4.712905292034200166e-01,2.289760738509907245e-01,2.672390401399213355e-01,4.608403625361346956e-01,2.789370782050967223e-01,5.150725167280124639e-01,6.988081444612935511e-02,3.810509774066597743e-01,-1.267895785459919600e-01,1.455522620192244709e-01,7.767206040217938812e-02,3.757285870441277598e-01,1.990259730530831717e-01,6.474078434466389309e-01,-3.865001973875665797e-01,-1.198775898004332402e-01,-2.421022859776483793e-01,-8.487983765323718621e-02,7.615941559557648510e-01,-3.848627995736406682e-01,8.547011834260317409e-01,-9.673556377882361335e-02,-8.606157589324718582e-02,-5.460636973786784365e-01,-1.246581954539064535e-01,2.864857303821035650e-01,5.190777605091702052e-01,2.157777912638785545e-01,-1.117612038824996185e-01,2.570095867897058683e-01,5.846366544181672564e-01,3.698499386570839875e-01,3.702605171139868867e-01,-3.607831170705638191e-01,2.970873370960571691e-01,3.556700154355372789e-01,4.802894526694789779e-01,3.330814020120551056e-01,6.150106116911224774e-01,8.313000947237766947e-02,4.019695410337974506e-01,2.542690459636019404e-02,3.404155661429125734e-01,1.499449000382753472e-01,5.740489471451909465e-01,4.191321155609758348e-02,5.955673993085911500e-01,-3.038006515737390334e-01,-3.167379657442788692e-03,-1.886697431664212943e-01,1.600093684714423703e-01,8.991054108583067528e-01,-2.852762298020652953e-01,8.279292946388910890e-01,1.629689974150305976e-01,-6.326907371964295146e-02,-2.815323163428674613e-01,1.300360159708419117e-01,3.663273727292196691e-01,5.808438734598341258e-01,2.234252904152947139e-01,4.729752400453739875e-02,3.522981400456176582e-01,2.617020198723803426e-01,4.956124193869642647e-01,-1.288767546397659274e-02,-2.258381373032428974e-01,-5.782205090061341979e-01,-3.603448461535885827e-01,-4.757509754815810732e-01,1.762509707414703364e-01,-6.496464830763505616e-02,-1.842824924709540735e-01,-2.951605252964363824e-01,-1.489466172915660525e-01,-1.375602499046821026e-01,-1.685925759433802573e-01,-6.314014616846981287e-01,-3.962932276915485663e-01,-5.135357210804507577e-01,4.052267916282437793e-02,1.608666947238231171e-01,-2.983476500849807089e-01
-2.456331117824961108e-01,6.658754798030711575e-01,-3.639078847350538104e-02,2.847343426572944702e-01,-9.969706958747003023e-02,1.053558883063982626e-01,-3.212804302572751236e-02,3.218388861420808378e-01,-1.457929305970025458e-01,4.813111906867824641e-01,-1.084204226053951531e-01,2.918275186315842928e-01,-1.651283092887134707e-01,-9.308911648325224331e-02,-2.544083354702735694e-02,4.979304482065193688e-03,-1.131822124642739222e-02,-3.842784771275833955e-02,-1.736094112587888982e-01,-3.848627995736406682e-01,7.615941559557648510e-01,-3.005798576629217789e-01,5.557020070362405084e-01,4.753244795508310139e-01,5.472710181233446658e-01,3.754467971186761233e-01,1.124605232996811338e-01,-2.622841363042390239e-01,-7.736704013363483561e-03,1.606340922290156181e-01,1.610000079953576302e-01,-3.738972601832476345e-02,1.641659871492548439e-02,-4.821128090995394078e-01,5.859565250759514177e-01,-9.870824557235581553e-02,2.682211709854101511e-01,-1.725941443860105895e-01,1.216080855887943929e-01,-6.390034005155657837e-02,3.711459285143621778e-01,-1.592157750886985801e-01,3.351912595006162898e-01,-1.826808307233197537e-01,2.149205667709312706e-01,-1.549558715498751404e-01,-1.309271162134736100e-01,5.295267776398432380e-02,4.888549310730930936e-02,3.695379632628057603e-02,1.397916417610749473e-01,-2.803785354898269411e-01,-4.597775805699562124e-01,7.757304274620163698e-01,-3.163124282106157814e-01,2.889664957459668337e-01,3.491886976699082878e-01,3.591155293331692033e-01,3.077041142978264587e-01,-2.908409281213178432e-02,-1.915632914468996528e-01,-8.319606208325235758e-03,3.383509585817509602e-01,2.591668526818163842e-01,5.573536062679549513e-02,-1.307569699906729888e-01,2.894580756085911588e-01,-6.660764354880081839e-02,2.374124137499832310e-01,2.378478220567361856e-01,2.785073649974425525e-01,1.019847459775084092e-01,-2.872108492935068202e-01,5.114397376863932809e-01,5.306025226525627053e-02,3.275353329359291799e-01,3.635229780189783710e-01,-2.025755997757418547e-01,2.134466153131555910e-01,2.211572413144145266e-01,1.054038886873661512e-01,-6.380050480629120835e-02,-2.453147885018115426e-01,4.027087465577988690e-01
2.671161963046421173e-01,-2.927517621363605604e-01,2.688423631114667534e-01,2.106736958000523519e-01,4.943429314048932155e-01,2.957294872795639962e-01,4.693571875919322900e-01,1.893479541037493552e-01,3.435955263986043007e-01,-1.071334086687245751e-01,2.358314384627964722e-01,1.055606558118767913e-01,3.291259474656597628e-01,3.910848661573539942e-01,6.479663505502576415e-01,-2.899502319253159932e-01,-1.930008756062516484e-01,-1.996409285561536739e-01,-5.851650785477876399e-02,8.547011834260318519e-01,-3.005798576629217234e-01,7.615941559557648510e-01,3.269211206831457855e-02,-7.639776938630753189e-02,-5.240315149606697975e-01,4.139353365860443806e-02,3.500948666229592443e-01,4.369171129696022282e-01,1.602406132927612636e-01,-1.630403442730341546e-01,1.640008935513661559e-01,5.191746140649955432e-01,2.801903076846206098e-01,3.445185011991271917e-01,-1.545205581168650477e-01,2.810951114857900279e-01,3.000613880600812577e-01,5.071971387268892073e-01,2.716561398756909274e-01,5.623527769522910225e-01,1.199174973850077458e-01,3.555860115516439879e-01,-3.846128974024406576e-03,3.502638520027656632e-01,1.127896955104684129e-01,4.375440960034725491e-01,1.749881909770483746e-01,6.002312764257783373e-01,-2.070270457358649174e-01,-7.180062367752124142e-02,-2.382404768744642298e-01,1.335790720458035485e-01,7.116723437065275437e-01,-2.194460806236914752e-01,8.410422172668001739e-01,2.295529424325750967e-01,7.642922312051698627e-03,-2.838119627716068072e-01,2.699794548706759834e-01,3.355750081404329510e-01,4.530599692870713735e-01,2.332084044202356043e-01,-3.196043285508956555e-02,1.563054093362213903e-01,1.455527145740807826e-01,4.215602621284785800e-01,6.497282108732073402e-02,-3.658840183065626417e-01,-5.029908573089378887e-01,-3.349917239648825262e-01,-4.737968979057988195e-01,3.167526649732259614e-01,-7.731275968535278320e-02,-2.130614552596721001e-01,-2.063513421576513573e-01,-1.575515263011546263e-01,1.956624895484979434e-02,-2.272234098029911331e-01,-5.684029892782900273e-01,-2.699931557245158209e-01,-3.950315930434283307e-01,1.706286568424501826e-01,1.004156686748982480e-01,-3.552156205815412693e-01
1.916609292429601319e-01,2.931155632377360210e-01,3.467368423518856768e-01,3.112559338224850092e-01,8.132502867639178346e-02,3.285549642555977701e-01,6.484741237048752271e-02,7.652887469619775729e-01,-7.452671328503825132e-02,2.664126221328859678e-01,2.760508145564163907e-01,5.022515302226934208e-01,7.743569429836640039e-02,2.987356337830737729e-01,2.331443746861924238e-01,-1.638238566293803711e-01,-1.327055532903239909e-01,-2.590203912010086706e-01,1.008714006943355335e-01,-9.673556377882364110e-02,5.557020070362403974e-01,3.269211206831466182e-02,7.615941559557648510e-01,3.808165566149338543e-01,2.819147517252975077e-01,4.315703681588027307e-01,2.931879087521809812e-01,2.303273440168806530e-01,-1.239030900950338770e-01,9.733663460142233381e-02,2.500215239219495955e-01,1.724120081652386616e-01,9.534192967290094911e-02,1.330526193102595650e-02,1.494346210834902877e-01,2.444603202618158555e-01,3.195843688686302309e-01,1.341917980953701850e-01,1.714170464187333154e-01,2.965156174954492602e-02,8.109021392210800094e-01,-5.115965757100065375e-02,1.236371381723020690e-01,2.646072022387147560e-01,3.773407748261331518e-01,1.427847573788823821e-01,1.583765777558684418e-01,2.584099150782244725e-01,-2.760689734705553677e-01,-1.733131046847777856e-01,-1.795010232260461636e-01,1.019940757107422880e-01,-4.929809729583654876e-02,3.384341483951676666e-01,-6.316915561942704205e-02,7.466129333520359346e-01,1.596687593213290957e-01,8.905049630126112004e-02,2.930468545724039808e-01,8.954662165692772735e-02,1.135074226664105346e-01,-1.032615632040570081e-01,3.968386678604161610e-01,2.627361699799281580e-01,5.750184327889389796e-02,-9.505265015221781022e-02,7.003477884254361019e-02,-1.582943008385283290e-01,-1.100533995538483245e-01,4.301696353959203606e-02,3.394501222964792231e-02,6.168242698418178321e-02,-2.431697636828360209e-01,9.476587702994805629e-02,8.505715006522773791e-02,1.377298552580742685e-01,1.018626959017743389e-01,-2.075310374512426004e-01,-1.225728457055961784e-01,-2.593146384522344861e-02,-4.668413402373399607e-02,-1.580341005773430729e-01,-9.254888680805403722e-02,1.911086584981506672e-02
-1.463083674682252033e-01,4.833107501382892801e-01,-7.540578488303209537e-02,1.881273021775456689e-01,-4.193680419696470263e-03,4.395461327234490567e-01,-9.948984323802034790e-02,3.313491542152595670e-01,1.384098714986414236e-01,4.863524464817522430e-01,8.323492618582803079e-03,7.106839347711929600e-01,1.266607993236117669e-01,1.159755572848574640e-01,-4.575786132124365357e-02,8.062757177521481800e-02,1.588615057424954402e-01,-1.393813216324988058e-01,3.067843102167405831e-04,-8.606157589324719970e-02,4.753244795508311249e-01,-7.639776938630746250e-02,3.808165566149338543e-01,7.615941559557648510e-01,3.246693480946973298e-01,6.624096616898281775e-01,6.773898047421265944e-02,1.048792656633091985e-01,-2.522132611800202984e-01,3.610449020136270448e-01,1.666183415081144426e-01,-3.768843987951345231e-02,-3.626870502402198410e-02,-2.818025176838062640e-01,3.805974209064202918e-01,-9.111051148222840124e-02,7.198034705087437424e-02,1.061684862093643239e-02,2.095389794832317187e-01,-1.039089777041967005e-01,3.974717888956083578e-01,1.935688502136286016e-01,3.345015440796051398e-01,3.983378450837795487e-02,6.895283412238758514e-01,-2.885632613730799642e-02,2.065465491840067502e-01,5.451647662903059272e-02,-3.256825680084361463e-01,1.684892110207520874e-02,7.226752307637310940e-03,3.334950258598677608e-02,-5.796947713835126637e-02,1.493868538611757002e-01,-5.324037775809228185e-02,1.118812448048758790e-01,7.840381190541708678e-01,1.700272271299966831e-01,4.142886623754166719e-01,5.163677220151879216e-02,-1.833465176398319310e-02,-2.440952785079500975e-01,5.423980148907131538e-01,2.483367155707996514e-04,2.120605251223234566e-01,-6.338423945994016429e-02,1.254337875732598195e-01,-9.117629160033063895e-02,8.133120009688200869e-02,1.271642497896245394e-01,1.954172325983963288e-01,6.228407063371543123e-02,-2.664701783436904670e-01,1.368080603294596076e-01,1.337488122816485325e-01,1.206498769177198442e-02,1.617681483802959064e-01,-2.795510803491365048e-01,-2.781422687956070644e-02,-1.579557323362320784e-02,-1.164752967652114433e-04,-1.069346082511277302e-01,-1.235500347937341509e-01,-1.139614215664979009e-02
-3.677661632993267649e-01,2.797961677588603480e-01,-2.879521657213157115e-01,-9.894363423185439932e-02,-4.141178014639323446e-01,1.550142994408247599e-01,-1.263766803202168720e-01,-2.528065655744944976e-02,-3.453660569078044751e-01,5.608866808992577502e-01,-3.423270556305998968e-01,1.449470072149250666e-01,-3.361166255935810199e-02,-2.852406427693606750e-01,-3.388822692877913600e-01,2.065594426856645627e-01,2.749237322450689969e-01,1.423469426154261031e-01,-3.391604535298304857e-01,-5.460636973786784365e-01,5.472710181233446658e-01,-5.240315149606697975e-01,2.819147517252976742e-01,3.246693480946973853e-01,7.615941559557648510e-01,2.430202869699682189e-01,-1.095256475831548615e-01,-4.728430048687861098e-01,5.937446509441509507e-02,3.415628717188620711e-01,-5.250297454469480402e-02,-3.945444710566146651e-01,-2.968345218838950306e-01,-5.744201528624157671e-01,2.430604820449253078e-01,-3.350099654915413838e-01,-1.257489259081960575e-01,-4.028696771339440041e-01,2.825499879426991989e-01,-1.425890385136185379e-01,5.076486654396436538e-02,-3.740316055655015792e-01,3.435915286838295279e-01,-4.320679180915391049e-01,2.140829856847523416e-01,-1.313743324136977253e-01,-1.894238189043408738e-01,-3.375969028222348123e-01,1.437540792749484320e-01,3.475381532709145294e-01,2.174235327439782428e-01,-4.060942661080901295e-01,-5.530130352944332417e-01,4.449907694782423428e-01,-5.464541167754664031e-01,1.329221360148575559e-01,2.031595008298887062e-01,6.828772327062129222e-01,1.496510649459075193e-01,-1.925811688104290542e-01,-4.064176452641802273e-01,4.435567416017911074e-02,3.408835574404170954e-01,1.149819308551270659e-02,-1.812218497913265780e-01,-3.760645600779244924e-01,4.208025486740090693e-01,-2.385078556143404582e-01,4.201920428619055348e-01,1.729586755245590690e-01,1.952361838355863577e-01,-3.326625695653847442e-02,-1.596743827568661567e-01,4.366016627106478754e-01,1.087444324044259114e-01,3.294830049357626023e-01,4.858376650247535067e-01,-3.208065831633761800e-01,3.996671689471174016e-01,2.219069221169335249e-01,2.254668164721644885e-01,-1.599542444145591880e-01,-1.586469931480356810e-01,3.165356823840501099e-01
3.903702686189697985e-02,3.589351576082754902e-01,-5.392032121586524257e-02,2.574811907599179328e-01,-1.249515669583132170e-02,5.599237705839976709e-01,1.691873942612414361e-01,3.610490591465556065e-01,-1.856097891512138026e-02,5.077730474728985310e-01,6.689374369870279557e-02,6.522779994276654003e-01,4.520175412731063380e-01,2.638509608698875186e-01,3.827548701743939408e-02,3.288552256260898754e-01,3.991168906540483730e-01,1.295891857021867766e-01,6.132866593481333534e-02,-1.246581954539064535e-01,3.754467971186762898e-01,4.139353365860438255e-02,4.315703681588027307e-01,6.624096616898280665e-01,2.430202869699682189e-01,7.615941559557648510e-01,2.919300936986575501e-02,2.151670145019247415e-01,-7.355133675982378216e-02,4.748029152388785201e-01,3.308277308531818450e-01,6.322429958214328960e-02,-1.310667922637218374e-01,-1.541447045012098727e-01,3.195953293127467010e-01,-1.327674901960313181e-01,1.441586721547003236e-01,-5.507468910321220053e-03,1.775481744195463174e-01,1.002266564300319934e-01,2.452995165147441314e-01,2.263121556554417713e-02,3.162206629300737259e-01,-3.641037441797764784e-02,5.589071545554605835e-01,1.109296629962236019e-01,2.766393838711908582e-01,6.459323007759727731e-02,-1.489595324685251132e-01,2.689325951873028364e-01,7.587724777607271487e-02,-1.187067776656428215e-02,-1.846855794684791330e-01,6.927931763301617245e-03,-1.209279212793078206e-01,1.205034062606154532e-01,4.427005136806559382e-01,8.939065402169496521e-02,5.599567024423139916e-01,-8.611465892343861395e-02,8.199687875819844374e-02,-1.387976384728907275e-01,3.623710353241743065e-01,1.350284468414884864e-01,3.046272707196467922e-01,-1.082022068504004120e-01,2.227216422805869678e-01,-3.917320129670480156e-01,3.786476924982357800e-02,1.601723204837110226e-01,2.077570903418832493e-01,2.575788301916075440e-01,-1.163134009169336236e-01,6.007446586775357089e-02,9.609184137553522520e-02,-5.360545205117606821e-02,2.820827950264636064e-01,-4.118403849340993572e-01,1.134875000916123200e-01,1.462927100073079523e-01,1.063215094496844787e-01,3.453935646499928236e-02,2.989747549266913787e-02,-2.214836242562946353e-02
4.314497368710522654e-03,-1.291011455520676976e-01,3.446474588756640589e-01,2.896283176990095409e-01,5.162352644948715596e-01,3.359425422460034505e-01,6.366766568420269001e-01,1.830978807725665569e-01,3.235641318639925768e-01,2.057189242531455020e-01,2.308802885068909072e-01,1.475493145794166683e-01,2.663996772614827258e-01,8.562764154994186028e-02,3.988703921193118562e-01,-3.228090615580591627e-01,-1.323319163856327141e-01,-2.836578735190589673e-01,-1.207308617853676963e-01,2.864857303821036760e-01,1.124605232996810783e-01,3.500948666229591888e-01,2.931879087521809812e-01,6.773898047421267332e-02,-1.095256475831548476e-01,2.919300936986578276e-02,7.615941559557648510e-01,1.016654942527310257e-01,1.431075353004849227e-01,9.181247788408741090e-03,2.710590451958542202e-01,9.306414358384383634e-02,1.206033706979378790e-02,1.281466199870981149e-01,1.243326880405001313e-02,3.552932393924533305e-01,2.928818004073728276e-01,5.205648176272188454e-01,3.987806186265162589e-01,7.252303669667737873e-01,2.657485746807242699e-01,3.741946511276407206e-01,1.378275328041579650e-01,2.631312888567625685e-01,1.506634840467521719e-01,5.039979132398885175e-01,-4.431647286755197035e-02,3.506506402226193253e-01,-1.290390016641072557e-01,-3.050593846072658169e-02,-1.235405285515773777e-01,2.268494018986605756e-02,1.603404036292583046e-01,1.523180836269441840e-01,2.127835532105724625e-01,4.899405991336057142e-01,6.044749186528034640e-02,3.360618929960914464e-02,2.473152441682206770e-01,8.910854146817662746e-01,1.844206524534350855e-01,3.115441048455592221e-01,2.279690995872822867e-01,3.657904434795986037e-01,-3.892349486264893854e-01,-1.007094081282642328e-01,2.174626398323499243e-01,-4.558154945244480838e-01,-2.063066700978617440e-01,-2.098675542022480356e-01,-2.410730002051876542e-01,1.700551885552337161e-01,-9.764137198995492817e-02,9.544596916724612523e-02,-3.292527575131047324e-01,6.870177923966289124e-02,1.265703831706033733e-01,-3.345219260575131304e-01,-2.682044138928035837e-01,-1.991229677981099788e-01,-2.096511695329203451e-01,-9.643705584307733086e-03,1.665756824173595108e-01,-1.468014130139444207e-01
4.746733363049384646e-01,-2.765911980938937642e-01,5.541580527396970934e-01,4.262802600235955919e-01,2.952071248487954658e-01,2.628912129296430145e-01,3.634714847175052332e-01,4.030576861141146883e-01,-4.784809361867996269e-02,-6.864786057607007164e-02,4.894705633564391256e-01,3.045429782298760268e-01,4.781887953900047505e-01,2.536078829978780647e-01,5.082627600013240876e-01,-1.022170260208283138e-01,-4.086540536614398367e-02,8.759895578029749941e-02,3.347467543874753648e-01,5.190777605091703162e-01,-2.622841363042390239e-01,4.369171129696022837e-01,2.303273440168806807e-01,1.048792656633091985e-01,-4.728430048687862208e-01,2.151670145019247415e-01,1.016654942527310118e-01,7.615941559557648510e-01,2.565483669965016311e-01,-1.226942034982393542e-01,4.631964188885475675e-01,8.352952098725339170e-01,4.779450560710327145e-01,4.443130790557681120e-01,-2.747679808930175716e-01,4.885236390580678933e-01,4.047229481884312974e-01,3.958631858323190533e-01,-1.680005418948840867e-01,2.600349599924917099e-01,2.842341562838517910e-01,-1.477496778923143364e-02,4.104123723031773141e-02,5.163023302916414092e-01,1.595595188422442301e-01,4.376934123534885202e-01,9.920591412567517087e-02,5.320385964535072620e-01,-3.512685521545727552e-01,-2.151511622581893657e-01,-1.389533162486939200e-01,3.750367237912034524e-01,5.058242395542907888e-01,-2.918859299781185745e-01,4.579656779938666711e-01,2.485924497625023599e-01,-1.748742627905641445e-01,-4.715449390310374467e-01,1.772419106059609228e-01,8.471896854792269893e-02,8.822347732463720060e-01,1.118378660645057004e-01,1.495588907327436573e-02,4.732072377075731695e-01,5.129889920571926165e-01,3.949553983618796504e-01,-3.240791796174464223e-01,-3.475392457004283231e-01,-4.623956194817940846e-01,-1.169543616520013901e-01,-3.857542293694097291e-01,4.528658373514791169e-01,3.601389132337219912e-01,-2.116218226146066306e-01,5.966251829623851061e-02,-3.243753720068831559e-01,-3.134103964793057973e-01,-4.340392995041019164e-01,-4.850823784838011465e-01,-1.817242169768748250e-01,-3.204610771187222928e-01,3.508957525146613743e-01,4.791045471279871126e-01,-3.627130523222815150e-01
2.267159345441575047e-01,-1.654825598754671168e-01,-6.383252091288223184e-02,1.412492070798999078e-01,-1.444966592140507766e-01,9.995271022418748819e-02,3.772799116751221482e-01,-2.586444193319231144e-01,-3.039246292978464714e-01,3.186441190631594256e-01,-1.859924417837801602e-01,-2.094519707342859527e-01,2.470587505945738560e-01,-2.812019142972874142e-01,2.130814739175316552e-01,2.110385505193624889e-01,1.757957802534327874e-01,4.096075039601864143e-01,-3.752439856186653433e-01,2.157777912638785545e-01,-7.736704013363539072e-03,1.602406132927612636e-01,-1.239030900950339326e-01,-2.522132611800202429e-01,5.937446509441520609e-02,-7.355133675982386543e-02,1.431075353004848394e-01,2.565483669965015756e-01,7.615941559557648510e-01,-5.368276501535872158e-02,2.729399127864074251e-02,4.066633159714572732e-01,3.863505462992631312e-01,1.223959538090179655e-01,-6.257223786238898244e-02,-9.179709812001896063e-02,1.755393473451318798e-01,-3.876105218116862594e-02,1.421737043723010907e-01,2.515558538844351877e-01,-2.610487624399844830e-01,-2.932891206790209648e-01,3.099245890570585527e-01,-1.002733221635494359e-01,-2.106137580706149148e-01,2.566512559799240534e-01,-3.614813439892503588e-01,2.463869807104323850e-01,2.118237097455970552e-01,1.658346353521169408e-02,3.162530593799512957e-01,-2.105521681435814363e-01,4.222001089066292068e-02,5.664320274870730115e-02,5.502047836078820253e-02,4.993399527554578943e-02,-2.256423165367311690e-01,-1.116633790752606242e-01,1.286903139886753922e-01,-4.606696729439010290e-02,4.057365974734999381e-01,7.522915678434874964e-01,-2.264721870320823560e-01,2.798948354238923186e-01,1.718362714739753716e-01,2.383968183712517619e-01,-1.087483933159482941e-01,-3.324750378897580738e-01,-1.084726509638796604e-01,4.760986282885240617e-02,-4.875349557883561502e-01,2.893501705583377270e-01,3.038098710771975353e-01,2.020520482494030101e-01,-2.271345760053373186e-01,-3.880151250984188033e-02,2.536404484812928434e-02,-4.387938677667015952e-01,-2.049233100172074828e-01,3.257302087966065796e-02,-2.274905648761327837e-01,9.380375610101536477e-02,2.113310501549856557e-01,8.570840883394582888e-02
-1.991718279149732596e-01,1.502842608570928162e-01,-2.624097789382946466e-01,-1.798528281380902816e-01,-1.534606617174706644e-01,1.113505085607053580e-01,-1.038556405600355032e-01,1.043732173062373314e-01,-7.147364214046081354e-02,2.163208341920901112e-01,-1.455241019357186305e-01,3.575199875314550302e-01,1.902793612465380688e-02,-1.761762731704497598e-01,-1.144257861397175724e-01,1.951065137984901721e-01,1.055578292739232510e-01,-2.050101852177097644e-02,1.685358250745522257e-01,-1.117612038824996185e-01,1.606340922290155904e-01,-1.630403442730341546e-01,9.733663460142234769e-02,3.610449020136270448e-01,3.415628717188620156e-01,4.748029152388784091e-01,9.181247788408746294e-03,-1.226942034982393820e-01,-5.368276501535866607e-02,7.615941559557648510e-01,-2.802672983600528259e-02,-1.233341198080566414e-01,-1.699829175081981059e-01,-4.784882701618791145e-01,1.422147939143829920e-01,-2.974322856527252257e-01,-1.920144900675243571e-01,-2.219568081272351445e-01,-1.020218252695332117e-01,-2.681667651743507297e-01,8.961431387504058960e-03,-7.637810880634768101e-04,1.344366632725630950e-01,-1.705361638040701899e-01,2.132070384567125720e-01,-2.031622299881026550e-01,5.750454300320761991e-02,-1.785096771854678410e-01,-4.968578572426011336e-02,1.554407767478769020e-01,5.704057960191240284e-02,7.088954384974088807e-02,-1.386702515692193050e-01,-3.225037456482475473e-02,-1.622193847822571700e-01,-1.719193869827869148e-01,3.672283399158494110e-01,9.247234722939938478e-02,2.343953281444657588e-01,5.714308853241131803e-03,-2.344829698719779476e-01,-1.417769189181614098e-01,5.730304460198117900e-01,-1.909107211623939926e-01,7.692178177446949705e-02,-3.071550211493643268e-01,8.228076011664021278e-03,1.136292064371651617e-02,2.242035415127035802e-01,2.647977248836428932e-01,2.531981127723024194e-01,-3.858084765644261283e-01,-7.957546115636149331e-02,1.387347101004544336e-01,1.091961841721028059e-01,4.553328819406353423e-02,1.009857080615272767e-01,-1.298187797350916772e-01,2.197195772365701516e-01,2.186441746292289157e-01,2.429361834227408978e-01,-3.207440158295905563e-01,-1.931294959260730637e-01,1.351932699702095286e-01
3.587439428784118811e-01,-2.601619696164378728e-02,4.545840857821083492e-01,7.596874376524952455e-01,2.105953915802539211e-01,3.759318425145511955e-01,3.941143719568087622e-01,3.607036552715777167e-01,1.229184211492293510e-01,3.722438403991056716e-02,3.182976510945704773e-01,3.059040899832693450e-01,6.398928249799169521e-01,-1.892296857865405357e-02,2.427370696205059797e-01,1.622039012702843896e-01,3.530964055612528796e-01,2.408737547340618346e-01,3.119179060368308387e-01,2.570095867897058128e-01,1.610000079953576302e-01,1.640008935513661281e-01,2.500215239219495955e-01,1.666183415081144703e-01,-5.250297454469479014e-02,3.308277308531817895e-01,2.710590451958542202e-01,4.631964188885476785e-01,2.729399127864070435e-02,-2.802672983600526871e-02,7.615941559557648510e-01,3.578577451318994962e-01,1.574350330337584702e-01,-8.546010029012481371e-03,-8.176602920308821687e-02,3.650806244114204180e-01,6.504524946919976180e-01,2.898207277909019552e-01,2.201077680760554767e-01,3.784486407824516063e-01,3.382052004027539804e-01,2.396249866173708887e-01,1.605621660729797673e-01,2.385162906837653141e-01,3.662450246201745530e-01,4.976563683278076300e-01,-9.886713988585627000e-02,2.516601498864535214e-01,-1.726092761477747151e-01,2.768309651656914450e-01,1.362050834173260394e-01,2.336215772636450472e-01,2.239096495470207226e-01,3.314614880795298257e-02,1.282491421677239285e-01,1.061670699479544955e-01,1.149760471887958657e-01,-1.894161453123089853e-02,2.925568717948329178e-01,2.679708748688425235e-01,3.793165231392590653e-01,-1.095083385651292041e-01,2.279421370210718556e-01,5.598653053002692337e-01,1.448391181207054623e-01,5.767518719737162181e-02,-2.144648781640772217e-01,-2.302125535813513701e-01,-2.451665162898279682e-01,-1.663202513558825367e-03,-2.990784486683603985e-02,4.176020031138547028e-01,1.212596216203672417e-01,-6.767144043754644289e-02,6.168217475482405676e-02,6.563755292092735005e-02,-2.604032043862409274e-01,-2.464914211600135463e-01,-2.345827063382609767e-01,-1.108087100256019419e-01,-9.711551885663815414e-03,4.702454569542388052e-01,2.032492937279048173e-01,-3.193428064330464666e-01
2.975239177818780889e-01,-2.285010406288252305e-01,3.501197398372026814e-01,3.613409923682532332e-01,1.613548034531092357e-01,1.387143030280632849e-01,2.505023062413857526e-01,3.158156048240047808e-01,-1.946161451195596581e-01,-2.042354260285422080e-02,2.685197406755157057e-01,1.878817727929053549e-01,2.933816095124667234e-01,1.305105318962101468e-01,5.248067615070337588e-01,-4.960535886707600345e-02,-2.500494714739724678e-02,8.792510150110240119e-02,7.781903639142245810e-02,5.846366544181672564e-01,-3.738972601832480508e-02,5.191746140649954322e-01,1.724120081652386616e-01,-3.768843987951343844e-02,-3.945444710566146651e-01,6.322429958214320633e-02,9.306414358384380858e-02,8.352952098725340280e-01,4.066633159714572177e-01,-1.233341198080566414e-01,3.578577451318994962e-01,7.615941559557648510e-01,6.801140330315103011e-01,2.755688767315197518e-01,-1.726049328344933798e-01,2.666497957922386863e-01,4.299827588775766429e-01,2.079226345572151580e-01,-1.153156194342348367e-01,1.411404295668411135e-01,2.136735122562594680e-01,-1.756498609736206473e-01,1.032775337927285125e-01,2.807365350429620876e-01,1.077099475511447552e-01,3.567828558310994214e-01,-7.510365240504252547e-03,5.131196375466889892e-01,-1.710638707009898007e-01,-1.072231149363966074e-01,1.012357631166495991e-02,1.070348970522171095e-01,5.341251757306263448e-01,6.293210288688193266e-02,4.973189657498879868e-01,1.885357715750677621e-01,-1.439828052702322447e-01,-3.583472652722011764e-01,2.036719843638982452e-01,1.695305696181955563e-02,8.231895816425017776e-01,2.632786548309464236e-01,1.172377890047039545e-01,4.232583190646543314e-01,7.088731604129769881e-01,5.004795401283712586e-01,-2.756209634078362614e-01,-1.852627315136921582e-01,-3.372854561866656109e-01,-5.595038844775459402e-02,-2.946708889992679103e-01,3.159350659705411624e-01,2.303551297400906195e-01,-7.904876082790597558e-02,2.466901224624862277e-02,-2.711397508655494781e-01,-3.204541756363023519e-01,-2.848405982983521212e-01,-4.194041893159428103e-01,-5.540264197263788243e-02,-3.190078894775837948e-01,2.493294558938372596e-01,3.503822589799509557e-01,-1.949733103015068858e-01
3.891016284305345296e-01,9.304996851211644326e-02,2.961387612120325308e-01,3.582057595791545701e-01,7.885245123494594166e-02,-1.230438178318176978e-01,1.208849105622355063e-01,2.077147595347746678e-01,-1.755690486516904292e-01,1.165989431656189734e-01,2.531148047248324429e-01,-6.508428206475484756e-02,1.599771567264379746e-02,1.403259608527373248e-01,2.543522548186386567e-01,2.490452430991181923e-02,-3.629957495630090764e-02,3.665834828349205377e-01,-4.895391173724127770e-03,3.698499386570839875e-01,1.641659871492546358e-02,2.801903076846206098e-01,9.534192967290096299e-02,-3.626870502402198410e-02,-2.968345218838949751e-01,-1.310667922637218097e-01,1.206033706979380178e-02,4.779450560710328255e-01,3.863505462992631312e-01,-1.699829175081981614e-01,1.574350330337585258e-01,6.801140330315103011e-01,7.615941559557648510e-01,2.066810212233426702e-01,1.766538445105673705e-01,2.403812475874271826e-01,3.097299342052791116e-01,1.049132375444530030e-01,-2.831356713633260691e-01,-1.069610301203530178e-02,7.456334049496206318e-02,-2.080993791004692173e-01,2.442548590164526634e-01,2.392659696517223100e-01,-1.081960662619416980e-01,7.006385026037896535e-02,-1.294149177584290877e-01,2.862312995052136433e-01,4.532281213155376492e-02,-2.697263732692236071e-01,3.232942998769606224e-01,1.717545370410538536e-02,2.991889482084208463e-01,1.201432339690571421e-01,2.040847952584113334e-01,1.246612550511340400e-01,3.061001144679146788e-02,-3.721644146936374242e-01,-8.839317501062082805e-02,-1.418763626284448576e-01,6.485645268470627833e-01,3.601605231497854720e-01,-1.823114718396567080e-01,2.523501124550840968e-01,2.851371117772795727e-01,6.688473327915414046e-01,-4.000043833296966223e-01,-2.041205490976617520e-01,-3.015302675662741017e-01,-4.549896874211743075e-02,-3.469959918189225445e-01,3.538899499233111867e-01,1.558387614328779203e-01,-9.678547668001712123e-03,1.347365419038924761e-01,-1.797502150218090733e-01,-3.323771699973468441e-01,-3.428758393272970939e-01,-4.468463379314938089e-01,-8.380591205613643901e-02,-1.344049846939326109e-01,2.838717201327785045e-01,1.150547671424692608e-01,-7.538378497115891252e-02
4.046059816357089334e-01,-2.951771179420319968e-01,4.243479477646925901e-01,1.388003532546553120e-01,4.013102262709421497e-01,-2.120180300984276719e-02,4.377205286515065130e-01,7.951911839845889063e-02,1.313889662979320916e-01,-3.194390792660504741e-01,3.287349805659820490e-01,-1.229453240783187906e-01,2.044754075421592598e-01,2.445400611524253809e-01,4.266594360790478824e-01,-2.636136894431929667e-01,-2.602614949830508451e-01,-1.348218942304510726e-01,1.195662137121285828e-01,3.702605171139869422e-01,-4.821128090995394078e-01,3.445185011991271917e-01,1.330526193102595650e-02,-2.818025176838062640e-01,-5.744201528624157671e-01,-1.541447045012099004e-01,1.281466199870980593e-01,4.443130790557678345e-01,1.223959538090179516e-01,-4.784882701618790035e-01,-8.546010029012516065e-03,2.755688767315197518e-01,2.066810212233426980e-01,7.615941559557648510e-01,-2.807021346471608170e-01,4.665939638086120667e-01,9.668813138378133665e-02,5.150672503784132772e-01,-1.631290924988985369e-01,4.475764291310024845e-01,2.317081160805452289e-02,7.201108519360861770e-02,-1.897675134796113494e-01,4.184309704931578056e-01,-1.720206546277871784e-01,4.405672040056700656e-01,6.111710485398624826e-02,4.232568016126782018e-01,-5.389906908220395282e-02,-3.216668907051842830e-01,-9.036440342611365417e-02,2.288767038977118362e-01,3.632550254340647378e-01,-3.957891354919671478e-01,4.011935450480222376e-01,1.885989855497987311e-01,-4.209284122817139040e-01,-4.219549390050116311e-01,-5.374624073096613552e-02,3.059059170874766503e-02,5.483198709053357378e-01,1.632648291425163045e-01,-4.195616256926382182e-01,2.104224052528184397e-01,1.924101796928788521e-02,2.700196301480717320e-01,-1.874152588125029828e-01,-1.746272416874704581e-01,-4.915252959316258607e-01,-1.426918280066738764e-01,-3.505355565412824337e-01,1.800193550288536337e-01,2.217934262578601656e-01,-4.167477226585122874e-01,-1.267680521414052408e-01,-3.153664710526777326e-01,-1.866235519553580413e-01,-1.944905969800308498e-01,-4.417252803468266209e-01,-1.674119701420293538e-01,-1.452777985224965318e-01,1.862999068227614852e-01,2.518843360406701759e-01,-3.564832417003298559e-01
-1.946707936652422033e-01,9.236209103289509947e-01,-3.514803637422793739e-03,1.357486520066469859e-01,-1.103159187564523025e-01,-1.436604498333405033e-01,-1.452622767944602433e-01,-3.286766414426006699e-02,-1.718859604008136643e-01,3.659779517292863216e-01,3.302224154608602441e-02,-1.023773349138510924e-01,-2.863526906777562608e-01,8.078443300767103319e-02,-1.856229681730298675e-01,2.713762394548095980e-01,-1.083978409594787418e-01,3.203576270278769567e-01,-8.015441557798674843e-02,-3.607831170705637636e-01,5.859565250759514177e-01,-1.545205581168650477e-01,1.494346210834902877e-01,3.805974209064203473e-01,2.430604820449253911e-01,3.195953293127467010e-01,1.243326880404999925e-02,-2.747679808930175160e-01,-6.257223786238895469e-02,1.422147939143829920e-01,-8.176602920308821687e-02,-1.726049328344934630e-01,1.766538445105673150e-01,-2.807021346471608725e-01,7.615941559557648510e-01,-4.208197328250247449e-02,8.270004922593335306e-02,-1.345477925692592225e-01,-6.438902283469381815e-02,-1.367040939331041483e-01,5.832534112640627710e-02,-1.940021852543681868e-01,4.032012719047882721e-01,-1.321601433278029591e-01,-3.509515223504747206e-02,-2.321486496661172294e-01,-7.752559486097866659e-02,-2.655073284940494618e-02,3.885353634703063164e-01,-1.279797011469235302e-01,4.227426683862779422e-01,-2.654710859484065155e-01,-4.296288431119208995e-01,5.295288073295372211e-01,-2.487944258722208923e-01,8.155860571445709695e-02,5.783519316585842285e-01,1.669390091518073438e-01,3.169679256643277987e-01,-1.162849166804529044e-01,-1.267849616214590247e-01,1.027437464803395151e-01,-1.861492636893079949e-02,1.239067221496168436e-01,-9.146122752456341265e-02,1.608263193508912836e-01,2.454718085667587368e-01,-1.399571814464854458e-01,3.016003295190486377e-01,8.161210630740747818e-02,2.541931862203088421e-01,-6.876224735960876668e-03,-1.361364520555023161e-01,3.728201261216751439e-01,1.754656385844829136e-01,1.981723362690834267e-01,2.965540070304830134e-01,-2.636020158746565367e-01,2.365332284749913361e-01,2.032759785019330467e-01,3.942650351460065816e-01,-5.657756858486659435e-02,-1.537293000935099907e-01,3.322232417256500980e-01
3.960731587922590724e-01,-1.216449158530426844e-01,9.408919738459396997e-01,4.272516416080345270e-01,6.385900202702354811e-01,5.446759103563676707e-02,3.098356722982491540e-01,3.885983450450296584e-01,3.394598849476017643e-01,-1.172222463384182956e-01,7.829542585045180525e-01,-3.352503545539668034e-02,2.081742799968724633e-01,3.417249596234852582e-01,5.866468821815622459e-01,-3.177378621056652364e-01,-1.354936128662569683e-01,-1.297997445887369705e-01,4.854331123894486399e-01,2.970873370960571691e-01,-9.870824557235578778e-02,2.810951114857900279e-01,2.444603202618159110e-01,-9.111051148222841511e-02,-3.350099654915413838e-01,-1.327674901960313458e-01,3.552932393924533305e-01,4.885236390580678933e-01,-9.179709812001897451e-02,-2.974322856527252812e-01,3.650806244114204180e-01,2.666497957922386863e-01,2.403812475874272103e-01,4.665939638086120111e-01,-4.208197328250242591e-02,7.615941559557648510e-01,2.532702960460120334e-01,7.634174739985007951e-01,-1.220335023479311547e-02,4.616514292402471575e-01,4.154160788427230244e-01,3.524450868381990842e-01,-1.037235263449441391e-01,8.812272503977029992e-01,1.879858483581339085e-02,4.487618658371407832e-01,1.654287170240582860e-02,5.954986366819681187e-01,-2.366860430594059650e-01,-1.769714905317949505e-01,-1.597433255825770060e-01,5.480635383601603072e-01,4.448837643724841140e-01,-7.407139897230118064e-02,3.763090036132391014e-01,4.722107058340391794e-01,-1.480955713164101295e-01,-2.169449153048347567e-01,-5.665571473857305279e-02,3.862434510816814548e-01,4.783763285173632807e-01,-3.508165489819106697e-02,5.658163840312795817e-03,4.173720270882901318e-01,-1.238935808005426631e-01,2.514776401613476597e-01,-2.215640105735703080e-01,-2.191533419349064316e-01,-5.487995982288894625e-01,-3.692753954048362264e-01,-2.747035421709507208e-01,1.305419269211723077e-01,7.400925787548107149e-02,-3.767332075916428602e-01,-1.304221908065964497e-01,-2.446496983524807170e-02,-3.137502402354603870e-01,-2.947809714026983774e-01,-5.550334931374586445e-01,-4.576456358172960592e-01,-2.999830480200262328e-01,-1.291627838314253311e-02,7.512656813074343465e-02,-4.714117515897155997e-01
1.519344833861587529e-01,6.840366828578420266e-02,2.681648677661940261e-01,8.248520854429357563e-01,2.076049505036451914e-01,2.577125686356732670e-01,4.816100677101293193e-01,2.879766397260787314e-01,7.477395407391219939e-02,1.066379547285141102e-02,1.747612979551806112e-01,2.759784001740007153e-01,3.900939608378053425e-01,1.265871562096477776e-01,4.101130984342210017e-01,-4.522239212553712251e-02,-6.832043703087940789e-02,-1.702513908404741649e-01,5.789365689565709877e-02,3.556700154355372789e-01,2.682211709854100401e-01,3.000613880600812577e-01,3.195843688686302864e-01,7.198034705087433260e-02,-1.257489259081960575e-01,1.441586721547003236e-01,2.928818004073727721e-01,4.047229481884312419e-01,1.755393473451319075e-01,-1.920144900675243571e-01,6.504524946919976180e-01,4.299827588775765874e-01,3.097299342052791116e-01,9.668813138378133665e-02,8.270004922593335306e-02,2.532702960460119224e-01,7.615941559557648510e-01,2.391388863284167332e-01,2.934540046951562564e-01,4.658991159502941515e-01,4.291011576271641093e-01,1.481196114796634600e-01,2.713677454588424576e-01,2.369348232981483005e-01,2.529652422481287743e-01,4.773946742855412761e-01,-9.935936848172371993e-02,4.244309527529090964e-01,6.473849720522006912e-02,2.682307934005373137e-02,6.565197807134094676e-02,1.005558260423585482e-01,2.335318011306375674e-01,2.512410718623544481e-01,2.377764785764923117e-01,3.330394257629111787e-01,8.144284371523732857e-02,4.420116182445144037e-02,3.495334988051553293e-01,3.116899613601527563e-01,4.102385665883020449e-01,2.553319686258083143e-01,2.473640803326387638e-01,6.756269058368585823e-01,2.116406916937885740e-01,2.471812805132059254e-01,-1.025319625996178041e-01,-2.060864430987321139e-01,-2.077567363201689166e-01,5.748060293965435996e-02,-8.924975944100507763e-02,6.258428945398912813e-01,2.337642146969782508e-01,1.285702403565406049e-01,1.213986011894720440e-01,2.075059829740468487e-01,-2.116541761961105717e-01,-1.417403366745410287e-01,-2.546094448999416393e-01,-1.825684265412700485e-02,-7.177161593178892074e-02,5.659634164147846480e-01,2.561568764657200514e-01,-6.106421817738356267e-02
2.772954692063345217e-01,-1.830634930971961893e-01,7.009805757721343511e-01,3.528329762762337229e-01,9.230047788394669661e-01,2.987201457663408166e-01,4.401776108839138835e-01,2.652970523476624876e-01,5.281133770617512102e-01,-1.238441721073558072e-01,6.733685985791458828e-01,1.018575844071677589e-01,3.068314786682490025e-01,4.060597018301537187e-01,5.885251202728476461e-01,-3.547216500684196028e-01,-1.601142688204741094e-01,-2.902065615510163177e-01,3.717292387445499391e-01,4.802894526694788668e-01,-1.725941443860105895e-01,5.071971387268892073e-01,1.341917980953701295e-01,1.061684862093644627e-02,-4.028696771339439486e-01,-5.507468910321240869e-03,5.205648176272186234e-01,3.958631858323190533e-01,-3.876105218116858431e-02,-2.219568081272352000e-01,2.898207277909019552e-01,2.079226345572151580e-01,1.049132375444530030e-01,5.150672503784132772e-01,-1.345477925692591670e-01,7.634174739985007951e-01,2.391388863284167610e-01,7.615941559557648510e-01,1.179673950941458049e-01,6.124923915358714277e-01,2.865828300852130139e-01,6.091666132249379251e-01,-1.250303460503124631e-01,8.238874668047213579e-01,9.988195704359116578e-02,4.547036455267401966e-01,1.785123266532340214e-01,4.973896471142048026e-01,-2.237837551114565948e-01,-1.146743033565522096e-01,-2.653835366545896357e-01,5.438317534840200196e-01,5.321736002408061772e-01,-2.034575004264794484e-01,5.236322993058998287e-01,3.255113443623867675e-01,-1.015674342054513346e-01,-1.705927136695370994e-01,4.277836737747184315e-02,5.420658958474711131e-01,4.269125570323445418e-01,4.147735454655806370e-02,1.326491207845409692e-01,3.950004498451308854e-01,-2.512538940117446939e-01,1.406973627880906408e-01,-1.575941867062689294e-01,-3.972063098158131189e-01,-5.100143936379281095e-01,-2.276201642681836002e-01,-1.392654862952773520e-01,2.525808575412551438e-01,1.422351033391143493e-01,-3.235168507660564630e-01,-2.119085965694982310e-01,-1.563733919854050913e-01,-3.477650705689222521e-01,-3.478328984766835830e-01,-4.834649621818702947e-01,-2.278069035482341020e-01,-3.007495274141886998e-01,1.434688605613359813e-01,2.010373109210774334e-01,-4.365050523989870146e-01
-1.451055997720669677e-01,5.778479664284469006e-03,-8.620096326744453030e-02,2.039298748387184945e-01,1.215845683161429908e-01,4.812083595314433082e-01,3.649735495154841081e-01,1.621735470533277809e-02,2.005149690155946518e-01,2.418215947660256882e-01,-1.267961338269888438e-01,2.113448962003461051e-01,3.095966889464856764e-01,-9.678653533530418018e-02,3.159729537880098804e-01,-1.043827327257418336e-01,4.272484224916382051e-02,-3.295161892811263593e-01,-2.814012657503748294e-01,3.330814020120549945e-01,1.216080855887943651e-01,2.716561398756909274e-01,1.714170464187333709e-01,2.095389794832316077e-01,2.825499879426990879e-01,1.775481744195463174e-01,3.987806186265162589e-01,-1.680005418948841700e-01,1.421737043723010907e-01,-1.020218252695332117e-01,2.201077680760555044e-01,-1.153156194342348367e-01,-2.831356713633260691e-01,-1.631290924988984814e-01,-6.438902283469381815e-02,-1.220335023479308771e-02,2.934540046951560899e-01,1.179673950941457217e-01,7.615941559557648510e-01,4.909543050461779301e-01,3.737370928356423816e-01,2.552464399366949910e-01,4.937823054356961783e-01,-4.055998130289932557e-02,5.325252851575097424e-01,5.277100425500323988e-01,3.433482589929932188e-02,2.078982411652355311e-01,9.953985250410366317e-03,5.200734956202550663e-01,-5.568556371629339308e-02,-8.367888836871681391e-02,2.698653642581062551e-01,1.700841239064894428e-01,2.737792907877735771e-01,4.073226529755132885e-01,2.796872668129979922e-01,5.071385608652213550e-01,7.109399672486989008e-01,3.929901832292140296e-01,-2.071901207156203739e-01,1.753683934167377667e-01,3.778155060074433469e-01,2.656075241151364397e-01,-8.287014612284687720e-02,-1.256724939056527712e-01,3.994416398434567639e-01,-2.822965856476293833e-01,-1.461430279455683545e-01,-2.095733329663176658e-01,-1.428215797027394540e-01,7.139037383243809765e-02,-1.150180203625409125e-01,2.024107993614257250e-01,-2.329668737811844970e-01,1.504479817721619261e-01,1.142830530308787534e-01,-8.932625789604145550e-02,-2.322669622094778175e-01,-1.986420572523230066e-01,-1.203240436339186176e-01,-9.199622170499480167e-02,-8.074407664000608775e-02,-1.327795323604582245e-01
1.695916272991617457e-01,-2.273540263428459329e-01,3.992990728060701877e-01,4.466224754840943945e-01,5.893172202056937703e-01,3.370282222660490601e-01,8.661829804735395877e-01,-2.573841510906811625e-02,4.879010660281999368e-01,1.226256240075757203e-01,2.617060108852669598e-01,5.456992885105670099e-02,5.689553160130063070e-01,-2.380607455569774267e-01,6.750143181491793376e-01,-1.491284382030697575e-01,5.684482203224361374e-02,-1.617090447716564849e-01,-9.710516085983474099e-02,6.150106116911224774e-01,-6.390034005155657837e-02,5.623527769522910225e-01,2.965156174954492602e-02,-1.039089777041967144e-01,-1.425890385136184546e-01,1.002266564300319934e-01,7.252303669667737873e-01,2.600349599924917654e-01,2.515558538844351877e-01,-2.681667651743507297e-01,3.784486407824516063e-01,1.411404295668411413e-01,-1.069610301203531566e-02,4.475764291310024845e-01,-1.367040939331041483e-01,4.616514292402470465e-01,4.658991159502943180e-01,6.124923915358714277e-01,4.909543050461778746e-01,7.615941559557648510e-01,1.491329160773553486e-01,5.085775061804927999e-01,2.689378969522928653e-01,3.292642954892683327e-01,1.998104903397742438e-01,7.963683649607153914e-01,-2.973755643888832956e-01,5.689305451701131000e-01,1.259453445439847608e-01,2.200723637256937759e-01,-1.072862300228630966e-02,7.444885090619328405e-02,5.151845706035506067e-01,2.536897871302038268e-02,5.341362096415648297e-01,2.848176356406189602e-01,-9.491754474695117405e-02,1.583490831722463021e-01,4.007517185206017074e-01,7.335698607786913517e-01,3.957546754524931543e-01,3.999943946294361452e-01,1.893747652312561258e-01,5.324479864520221817e-01,-1.334660653689365983e-01,1.070748252684172175e-01,5.228033805272742224e-02,-4.676876163602567416e-01,-4.092581996891165863e-01,-1.287596366685319627e-01,-7.144813938215087423e-02,2.984596604501222883e-01,1.663593869554832461e-01,-3.961705763188155295e-03,-4.481078372275174027e-01,-2.337938784145271107e-02,-1.440543900883840822e-01,-3.898350194287514281e-01,-4.449603901523155325e-01,-1.565485309719392149e-01,-1.369042836381352546e-01,1.450137225247002393e-01,2.628428370239327405e-01,-2.317128201304416713e-01
1.390932394087184554e-01,1.780584027179752116e-01,4.059081659465825775e-01,3.742243353056963762e-01,2.031978161328998611e-01,3.132003178010188682e-01,3.258619535455597321e-02,7.863779721252881494e-01,3.071105889582928170e-02,2.728229065837168288e-01,3.633428911132743355e-01,5.443340245943818489e-01,1.454127553200301182e-01,4.583788211421545578e-01,3.023293517771856731e-01,-3.362073857299749391e-01,-1.749374791275362107e-01,-3.439561783958620667e-01,1.270962190902253097e-01,8.313000947237766947e-02,3.711459285143621778e-01,1.199174973850077180e-01,8.109021392210802315e-01,3.974717888956083578e-01,5.076486654396435150e-02,2.452995165147441869e-01,2.657485746807241589e-01,2.842341562838517910e-01,-2.610487624399845386e-01,8.961431387504079776e-03,3.382052004027540915e-01,2.136735122562594957e-01,7.456334049496199379e-02,2.317081160805448820e-02,5.832534112640626323e-02,4.154160788427230244e-01,4.291011576271641648e-01,2.865828300852130139e-01,3.737370928356423816e-01,1.491329160773553486e-01,7.615941559557648510e-01,5.188547566365320218e-02,2.994684200239179916e-01,4.276991244914741808e-01,5.757700858968702873e-01,3.644372144401276103e-01,3.653139991760078753e-01,2.425262914036191986e-01,-2.993319878870003281e-01,3.232865098044743896e-02,-1.235519123149561443e-01,2.377204059298622663e-01,1.265677202180846284e-01,1.868985729790607064e-01,4.714972966537238352e-02,7.644156309964018625e-01,2.471608144754864345e-01,1.454939726395979294e-01,3.501812068229311903e-01,1.617529199403102136e-01,1.976897236944032965e-01,-1.926284678813397211e-01,5.162879916708205119e-01,3.888313728409528158e-01,7.876126559241310165e-02,-1.699296407008459020e-02,1.313446604714963717e-01,-1.308275552229428706e-01,-2.039807049394207206e-01,-1.729280992867557043e-01,-1.120455594090553758e-01,2.440921480136179211e-01,-1.259031231863858569e-01,1.583916392579430288e-01,1.519857918889960802e-01,1.210875470513651520e-01,-3.437378671294530341e-02,-7.368081303134660365e-02,-2.239794795174499531e-01,-2.317075692343717741e-01,-1.681785001205129138e-01,7.888304469204283909e-02,-3.489075352131428692e-02,-5.933395756448549274e-02
1.026746280247269570e-02,-2.303742511538698357e-01,2.344278288856080361e-01,3.247050247259762878e-01,6.590053041246767274e-01,2.456443969292642915e-01,4.006090782939761286e-01,-8.719008918271863159e-04,9.443788928035715680e-01,-1.821749521882103928e-01,1.783184422243767331e-01,1.366333534259935034e-01,1.893331374242541720e-01,4.010201357714386627e-02,4.078847811774040655e-01,-3.415403877703740987e-01,-7.373053843861483714e-02,-3.640857490817833719e-01,2.631037392600119595e-01,4.019695410337974506e-01,-1.592157750886986078e-01,3.555860115516439879e-01,-5.115965757100073702e-02,1.935688502136286016e-01,-3.740316055655015792e-01,2.263121556554416325e-02,3.741946511276407206e-01,-1.477496778923140588e-02,-2.932891206790209648e-01,-7.637810880634629323e-04,2.396249866173708609e-01,-1.756498609736206196e-01,-2.080993791004691895e-01,7.201108519360858995e-02,-1.940021852543681868e-01,3.524450868381989732e-01,1.481196114796634600e-01,6.091666132249377030e-01,2.552464399366949910e-01,5.085775061804927999e-01,5.188547566365320218e-02,7.615941559557648510e-01,-1.924233754287996145e-01,4.322793571301163373e-01,1.107322230780159317e-01,2.665968277949626319e-01,-9.737793416334433738e-02,3.794264181624879551e-01,-3.949439469984839524e-01,2.385220561957833094e-03,-4.134725381274318434e-01,4.210419180310562282e-01,4.686778212197819649e-01,-1.847688118752202624e-01,5.056918184836211028e-01,6.259374981643138491e-02,2.107325037448404825e-01,-1.627213207589266186e-01,8.068461765008719255e-02,6.045293799662886380e-01,-6.856725083939388399e-02,-2.313363855640219735e-01,2.672492277391315674e-01,1.501390304577165102e-01,-4.109114246516898383e-01,1.391204660028435257e-02,-1.369622964211058558e-01,-3.225690812339599978e-01,-5.989281669425906562e-01,-2.927086452691166074e-01,-4.139977226092846768e-02,7.765122294767634950e-03,-1.779905880756864067e-01,-3.022895070792425698e-01,-1.947785710883599697e-01,-1.741000967919892617e-01,-2.603146285833188300e-01,-2.670163863775380508e-01,-5.887037577624244511e-01,-3.165213467899559152e-01,-3.067937780777198475e-01,-1.020140212584457057e-01,-1.728649822416217230e-01,-4.080546591216642205e-01
-7.152158588000923078e-02,3.233353275535513771e-01,-1.154827535103773312e-01,2.606637276064795450e-01,-1.833828506366752265e-01,1.064793163555632360e-01,3.271472529858788225e-01,1.251276867738136955e-01,-2.323102565601633529e-01,7.988030021080356757e-01,-1.547736966324573527e-01,3.097794352723134970e-01,1.991045309993287604e-01,-1.548640711079787013e-01,1.374185921826979462e-01,4.072336115848216309e-01,3.279448106972725485e-01,4.274502504309502515e-01,-3.030679013254723442e-01,2.542690459636020792e-02,3.351912595006164564e-01,-3.846128974024434332e-03,1.236371381723021246e-01,3.345015440796050843e-01,3.435915286838295279e-01,3.162206629300737815e-01,1.378275328041579928e-01,4.104123723031774529e-02,3.099245890570586637e-01,1.344366632725630950e-01,1.605621660729797118e-01,1.032775337927285125e-01,2.442548590164526356e-01,-1.897675134796113494e-01,4.032012719047881610e-01,-1.037235263449442224e-01,2.713677454588424576e-01,-1.250303460503124631e-01,4.937823054356961783e-01,2.689378969522928653e-01,2.994684200239179916e-01,-1.924233754287995590e-01,7.615941559557648510e-01,-1.598649038022166291e-01,4.209766520774855803e-01,2.259382789865681529e-01,-7.433429642515193558e-02,9.901235635014751790e-02,3.641627246737899060e-01,4.984813294651029847e-01,6.360440322594368423e-01,-1.928056012679035813e-01,-4.252161685043709394e-02,3.989140418582178826e-01,-4.843789505893905667e-02,2.450536027351982726e-01,4.650763886856570939e-01,4.173944690310414374e-01,5.857797241206486039e-01,8.747407952275586263e-02,1.579744774469123703e-01,3.888205437367923678e-01,4.101847081999812628e-01,3.444679151114471427e-01,6.320199432569909015e-02,1.459555354412459816e-01,3.323119056630098322e-01,-3.119924069735002803e-01,1.761049670885803109e-01,2.066724347207963275e-01,-1.257130152719546090e-01,3.735035961571774865e-01,-2.300352448390845586e-02,3.577150538781896372e-01,-9.535327680559817221e-02,2.333631483821383690e-01,2.512595405806042903e-01,-3.422988582906453803e-01,5.754384345388861149e-02,1.758893948349629643e-01,5.381325141469893436e-02,1.895958665998266901e-01,-1.913847092549012668e-02,8.278179106899140327e-02
4.278730777363308757e-01,-1.478529426233388955e-01,8.600184136574869909e-01,3.647258806976849121e-01,7.108154273526272604e-01,1.582022342416603278e-01,1.692153878896013597e-01,5.116852226587380592e-01,4.142920762255460354e-01,-1.272248793654047749e-01,8.895387899001592213e-01,8.875805746427585519e-02,2.333921316445133065e-01,5.483261825547850465e-01,5.769506806379888220e-01,-3.159137593017294909e-01,-2.206056056606073845e-01,-1.364186086712415036e-01,6.285848049145467131e-01,3.404155661429124624e-01,-1.826808307233197537e-01,3.502638520027657187e-01,2.646072022387147560e-01,3.983378450837792711e-02,-4.320679180915391049e-01,-3.641037441797768254e-02,2.631312888567626795e-01,5.163023302916412982e-01,-1.002733221635494915e-01,-1.705361638040702177e-01,2.385162906837653141e-01,2.807365350429620876e-01,2.392659696517223378e-01,4.184309704931578056e-01,-1.321601433278029591e-01,8.812272503977032212e-01,2.369348232981483005e-01,8.238874668047213579e-01,-4.055998130289927006e-02,3.292642954892683327e-01,4.276991244914742363e-01,4.322793571301163373e-01,-1.598649038022166291e-01,7.615941559557648510e-01,2.427655006102649379e-02,3.305109049601484550e-01,1.898915083216603794e-01,5.350997140820302755e-01,-3.209319302222420345e-01,-2.335399971493117011e-01,-2.041541332834494182e-01,7.616058674019366981e-01,4.939479052418779270e-01,-2.490520723458795604e-01,3.908337705268011275e-01,4.362062868314802722e-01,-5.699650158241269249e-02,-3.184703368645422916e-01,-4.386015913190672438e-02,3.074799852754152019e-01,4.544067175403817549e-01,-7.183501838957984109e-02,7.861439698549214927e-02,2.866723641036256764e-01,-9.716441914295556592e-02,2.856445715082689962e-01,-3.066816597900737795e-01,-2.731753750978961337e-01,-6.099500561418108591e-01,-3.194140186993894570e-01,-2.794719356734567950e-01,3.005111147309358355e-01,3.104208262649045189e-02,-4.724332992565040690e-01,-9.014306714382198937e-02,-1.827630089410899328e-01,-4.352217533024601015e-01,-3.328682072589080887e-01,-6.130291411679973379e-01,-3.955032710322030631e-01,-3.440987245846368059e-01,2.294324775158177940e-02,7.471613775059035394e-03,-5.515584711276716456e-01
-4.677830760958958528e-02,6.199376369413183568e-02,3.047807340157620420e-02,2.429169509184821718e-01,6.106811494354109915e-02,5.565475247594441344e-01,2.655721256417969967e-01,4.073552101051052809e-01,4.858935966468697076e-02,2.690107305371848279e-01,-3.282653648543229497e-02,7.290856435483518139e-01,4.879175139210146228e-01,1.968880782940858054e-01,2.297014517119327082e-01,-2.184863786226415652e-02,3.024966636163309852e-01,-1.535370313376817619e-01,1.278176493403473668e-01,1.499449000382753472e-01,2.149205667709312706e-01,1.127896955104683990e-01,3.773407748261330963e-01,6.895283412238758514e-01,2.140829856847523971e-01,5.589071545554604725e-01,1.506634840467522274e-01,1.595595188422441746e-01,-2.106137580706148871e-01,2.132070384567125720e-01,3.662450246201745530e-01,1.077099475511447413e-01,-1.081960662619417257e-01,-1.720206546277871784e-01,-3.509515223504747899e-02,1.879858483581340473e-02,2.529652422481288299e-01,9.988195704359117966e-02,5.325252851575097424e-01,1.998104903397741883e-01,5.757700858968702873e-01,1.107322230780159455e-01,4.209766520774855803e-01,2.427655006102650767e-02,7.615941559557648510e-01,3.785810630193867099e-01,3.952650449819443135e-01,1.283558333610932412e-01,-3.625852337974319051e-01,4.034452542328907931e-01,-9.287788916380051649e-03,1.494608408977543823e-01,7.132446807066730732e-02,-5.700896068207976508e-02,6.955123913896112120e-03,2.626259080113669264e-01,5.310774810877202379e-01,2.655696424562410951e-01,5.721785076466672226e-01,6.380688200617108674e-02,6.598651275135961058e-02,-3.099443552095896282e-01,6.371151302394887361e-01,1.248048288467100142e-01,1.588536927563888590e-01,-1.266289235516016298e-01,1.574552666132573719e-01,-2.866987265228205239e-01,-1.572738182554138039e-02,-4.494095078876645527e-02,-2.831395062828083453e-02,2.480177776327936456e-01,-6.931605288761101547e-02,2.504382444868616733e-02,2.502182505529614298e-01,-1.406626868266022679e-02,1.563871389296971059e-01,-2.324991911683816082e-01,-8.687989250744401759e-02,-1.681743190642575325e-01,-1.197574233463276211e-01,2.086769731773618908e-01,5.739103060856037830e-02,-1.616602533433461608e-01
3.643470737313476149e-01,-2.729611964789802614e-01,4.243343965240883864e-01,4.461053554012590072e-01,3.461639526860846305e-01,4.790421791597801460e-01,6.555541791333781010e-01,1.798293806331809908e-01,2.156827030194957140e-01,-1.846899142597070720e-02,2.204784944234375044e-01,2.071166312009371235e-01,7.013192331496360676e-01,-1.380286649945439426e-01,5.948093492089241430e-01,-1.095542781745258015e-01,5.434491744336342883e-02,-2.260953463462931634e-01,-8.671964325544564284e-03,5.740489471451908354e-01,-1.549558715498751404e-01,4.375440960034726046e-01,1.427847573788822988e-01,-2.885632613730799642e-02,-1.313743324136977253e-01,1.109296629962235742e-01,5.039979132398884065e-01,4.376934123534885202e-01,2.566512559799241644e-01,-2.031622299881027105e-01,4.976563683278076300e-01,3.567828558310994214e-01,7.006385026037902086e-02,4.405672040056700656e-01,-2.321486496661172017e-01,4.487618658371408942e-01,4.773946742855412761e-01,4.547036455267403077e-01,5.277100425500323988e-01,7.963683649607151693e-01,3.644372144401276659e-01,2.665968277949625764e-01,2.259382789865681529e-01,3.305109049601485105e-01,3.785810630193865989e-01,7.615941559557648510e-01,-1.570284365240663671e-01,5.318615803999080516e-01,-6.615700904958496387e-02,1.913753079493023257e-01,-9.227590115177260188e-02,2.181792878371982825e-01,4.957765220264645500e-01,-1.138652295576437490e-01,4.823644842144062528e-01,3.036516684625187312e-01,-8.445399335114427142e-02,1.066458390385798261e-01,4.950970574903844623e-01,5.208635788138450406e-01,5.343362420440805893e-01,2.825818276712959709e-01,1.454926344696574336e-01,6.008336116564814144e-01,1.085637766435294388e-01,1.694626080390671807e-01,-5.061540722588023233e-02,-3.713015613599400244e-01,-4.349848293104190411e-01,-2.000386329074085034e-01,-2.228109906439240118e-01,2.750717100261835246e-01,1.568065312241376241e-01,-9.469062552961232671e-02,-2.946020314901705572e-01,-9.685182616793495958e-02,-2.042189934665313844e-01,-3.678145698326237834e-01,-5.122453342730696191e-01,-2.547026552987795567e-01,-1.006618535430418987e-01,1.879886719870391132e-01,2.408638852055264568e-01,-3.542390913042925971e-01
-9.071082128185765231e-03,-1.256595733901859704e-02,-3.723696857469355193e-02,-1.657000399325431472e-01,2.127716030747117126e-01,1.990183625599273032e-01,-2.568967698919845666e-01,3.119157883288801170e-01,-7.209399064683374991e-02,-2.887685777950674965e-02,2.263214435826475246e-01,4.062201095388893735e-01,-4.951135124268737919e-02,7.909532589534155056e-01,1.470573231954425131e-01,-1.557421057560157140e-01,-3.635911354616569446e-02,-2.016649643746297182e-01,2.240958312611753267e-01,4.191321155609758348e-02,-1.309271162134736655e-01,1.749881909770484301e-01,1.583765777558684695e-01,2.065465491840066947e-01,-1.894238189043408738e-01,2.766393838711908582e-01,-4.431647286755198423e-02,9.920591412567517087e-02,-3.614813439892503588e-01,5.750454300320764073e-02,-9.886713988585629775e-02,-7.510365240504266425e-03,-1.294149177584291155e-01,6.111710485398624826e-02,-7.752559486097866659e-02,1.654287170240584942e-02,-9.935936848172370606e-02,1.785123266532339936e-01,3.433482589929935658e-02,-2.973755643888832956e-01,3.653139991760078198e-01,-9.737793416334426799e-02,-7.433429642515199109e-02,1.898915083216603794e-01,3.952650449819443135e-01,-1.570284365240663671e-01,7.615941559557648510e-01,-2.861325239594119784e-03,-2.030452747520398449e-01,-4.196008804406575060e-02,-2.022755000115391277e-01,2.578322634178745743e-01,5.388080506645469281e-02,-2.979495417975648874e-01,3.074915044388749560e-02,2.142526722877086676e-01,1.079806014748975057e-01,-4.288642753566627996e-02,1.514895073324666608e-01,-8.471542302826189086e-02,1.364280914713684317e-02,-2.492621608646710119e-01,2.489927593615309243e-01,-3.181317846008031025e-01,-3.977992174623142668e-02,-1.225824037643208075e-01,1.169926813886182360e-01,-2.360463926659301381e-01,-9.503904980332240904e-02,-7.874944799616849511e-02,3.588108651217299799e-02,2.721484732864881684e-01,3.619089039046591294e-02,-1.994739568476203984e-01,3.185624994664286169e-01,-1.726974078456713912e-01,-8.134390553953588232e-02,2.371653965673305164e-02,-1.209508691015242533e-02,-4.423304535352058642e-02,-2.682032776647762587e-02,2.076266739094518310e-01,-4.051726476977632330e-02,-2.695415239658812134e-01
3.702897744735008656e-01,-1.526529667674561275e-01,5.785857554838990113e-01,3.545422221139404861e-01,3.918633100269595104e-01,2.580934966091260607e-01,4.601303399059184507e-01,2.625301772365537523e-01,3.460792615816494777e-01,1.594587410027973121e-02,4.388183946805996882e-01,1.121443958654567974e-01,3.173418532158108762e-01,2.089110185496872163e-01,9.216498708673858120e-01,-2.939595088702525727e-01,-3.390748591803589146e-02,-2.628460811920649842e-01,1.587828466902868052e-01,5.955673993085910389e-01,5.295267776398430992e-02,6.002312764257782263e-01,2.584099150782244725e-01,5.451647662903055108e-02,-3.375969028222348678e-01,6.459323007759729118e-02,3.506506402226193253e-01,5.320385964535072620e-01,2.463869807104323573e-01,-1.785096771854678410e-01,2.516601498864535769e-01,5.131196375466889892e-01,2.862312995052136988e-01,4.232568016126782018e-01,-2.655073284940498782e-02,5.954986366819682297e-01,4.244309527529090964e-01,4.973896471142046360e-01,2.078982411652355033e-01,5.689305451701132110e-01,2.425262914036192263e-01,3.794264181624880106e-01,9.901235635014754566e-02,5.350997140820302755e-01,1.283558333610932689e-01,5.318615803999080516e-01,-2.861325239594119784e-03,7.615941559557648510e-01,-2.207139754182130265e-01,-9.772969174523685187e-02,-1.745695183995411570e-01,3.247480633163585817e-01,5.097071230494417682e-01,1.325773347413956860e-01,6.211700436768999856e-01,4.438017873770486732e-01,-2.022495643734399662e-02,-1.901210665940875344e-01,2.548841279963749429e-01,3.229164742484547101e-01,5.705970556617214751e-01,2.271582046912473118e-01,-6.066652008642664518e-02,3.141613387096733878e-01,2.961829271497247729e-01,3.692765104177438973e-01,-1.418434060651837213e-02,-1.841898192386745570e-01,-4.819621721452874152e-01,-3.008053987462668277e-01,-4.116941011356581304e-01,2.352146533001067685e-01,-1.574672949052989893e-02,-1.474775366635368568e-01,-3.042085600892281416e-01,-2.004646195591206492e-01,-4.482374892456618409e-02,-1.855306413142266686e-01,-5.082683179448613808e-01,-3.212075551446499366e-01,-3.629240054197014897e-01,-1.345199818832743628e-03,1.738204123579982496e-01,-1.930079978287592424e-01
-1.114720756007555325e-01,2.461049500714488358e-01,-2.126496770181414975e-01,8.283329716016869793e-03,-2.273101718948573879e-01,-4.415898192863455529e-01,9.218522921887824240e-02,-3.990099055318777621e-01,-3.452694623964702725e-01,2.250868611591637092e-01,-2.338507897259874402e-01,-4.741156062243657709e-01,-2.996908873152136499e-01,-9.077348837099358247e-02,-2.097488461217935085e-01,1.995899782477634499e-01,-6.290354449257998248e-02,5.010239285147908284e-01,-3.763768406143592204e-01,-3.038006515737390889e-01,4.888549310730930936e-02,-2.070270457358648897e-01,-2.760689734705553677e-01,-3.256825680084362018e-01,1.437540792749484597e-01,-1.489595324685251132e-01,-1.290390016641072279e-01,-3.512685521545727552e-01,2.118237097455971107e-01,-4.968578572426014806e-02,-1.726092761477747151e-01,-1.710638707009897730e-01,4.532281213155376492e-02,-5.389906908220393894e-02,3.885353634703063164e-01,-2.366860430594059095e-01,6.473849720522006912e-02,-2.237837551114565948e-01,9.953985250410352439e-03,1.259453445439848163e-01,-2.993319878870003281e-01,-3.949439469984839524e-01,3.641627246737899060e-01,-3.209319302222420900e-01,-3.625852337974317385e-01,-6.615700904958493611e-02,-2.030452747520398171e-01,-2.207139754182130265e-01,7.615941559557648510e-01,1.520364349925630576e-01,7.493630774425905638e-01,-4.634770185314057711e-01,-3.552570106910992731e-01,3.259590715814844053e-01,-1.813543558327028460e-01,-8.476583692625480615e-02,-2.616549696135297282e-02,3.370337028433275095e-01,1.785861355388382310e-01,-2.082642815729165431e-01,-1.315737017599739322e-01,5.978573182714712608e-01,-3.156851052156566806e-01,-5.898336687310944820e-03,-1.550744599863115858e-01,3.205678155640222932e-02,3.196362626425484077e-01,-9.903049395295043800e-02,2.367642965005792577e-01,8.437023359474150885e-02,-6.977454080210618304e-02,7.190875114976180704e-02,8.465070504627859871e-02,3.607729861985723985e-01,9.232497122143124013e-02,2.919356736220376503e-01,2.910143518638860227e-01,6.235932503908676178e-02,2.225432306437139240e-01,2.219167471162616645e-01,2.774984305268560214e-01,1.357518811109525714e-01,-1.484197271347142688e-01,4.088160030370102671e-01
-1.472521090114280728e-01,-2.209123923490296237e-01,-1.579728081039614984e-01,9.415157887467279219e-02,-7.479623502998010431e-02,1.917998792173126743e-01,2.183355124323291263e-01,-1.368007468108015101e-01,2.966723834813118042e-03,2.187881009036761470e-01,-1.997436939989046256e-01,1.788827667393708132e-01,3.755873161026561102e-01,-1.765802009290532715e-01,5.849391061604328201e-02,4.732190820715086454e-01,5.592058330055417192e-01,2.886601363224911010e-01,-7.811933691253919454e-02,-3.167379657442788692e-03,3.695379632628060379e-02,-7.180062367752124142e-02,-1.733131046847778411e-01,1.684892110207522262e-02,3.475381532709145294e-01,2.689325951873027809e-01,-3.050593846072660945e-02,-2.151511622581893657e-01,1.658346353521168715e-02,1.554407767478768743e-01,2.768309651656914450e-01,-1.072231149363965796e-01,-2.697263732692236071e-01,-3.216668907051842830e-01,-1.279797011469235024e-01,-1.769714905317949505e-01,2.682307934005368974e-02,-1.146743033565522096e-01,5.200734956202550663e-01,2.200723637256937759e-01,3.232865098044741120e-02,2.385220561957860849e-03,4.984813294651029847e-01,-2.335399971493116456e-01,4.034452542328907376e-01,1.913753079493022424e-01,-4.196008804406575060e-02,-9.772969174523685187e-02,1.520364349925630576e-01,7.615941559557648510e-01,3.609553656623042395e-01,-1.481385287928685124e-01,3.035240879500102334e-03,7.424811452419112501e-02,-5.380601290292979372e-02,-1.401359804047187518e-01,5.074794597628117659e-02,5.782130005926789940e-01,4.598629317435162234e-01,-1.663625313413705925e-02,-1.502361897687034265e-01,-6.681517645746100353e-02,3.157594135027392279e-01,1.456375642727584518e-01,1.393671403188112834e-01,-2.213212879954020718e-01,2.698768493028343984e-01,-2.159831047738418885e-01,6.956996049082921074e-02,1.023253534293839667e-01,1.561568981081507268e-01,1.570188363126194531e-01,8.239950399275593196e-02,8.270730023135565434e-02,1.982380766055007459e-01,6.539567617905348018e-02,1.487485028536798259e-01,-1.009665156041813228e-01,7.070635965022804836e-02,7.020727182459413074e-02,5.572549918889465811e-03,2.074453214812270740e-01,3.459849581726420764e-02,-1.538330199792710684e-01
-2.760541961476313186e-02,3.291325169901964665e-01,-1.185490107549085487e-01,1.996337833725780608e-01,-2.781773674141647668e-01,-3.426730686372547741e-01,1.303201772781189573e-02,-1.511061523534202311e-01,-4.190669619700288506e-01,4.920490962525508327e-01,-1.235243849765637475e-01,-1.580426473000176024e-01,-1.009666832224716121e-01,-8.341541911885502758e-02,-1.430561727200282407e-01,3.606559458332672108e-01,1.768413275407610674e-01,6.173901027963768495e-01,-2.478722592676027570e-01,-1.886697431664212943e-01,1.397916417610750028e-01,-2.382404768744642298e-01,-1.795010232260461081e-01,7.226752307637310940e-03,2.174235327439782983e-01,7.587724777607270099e-02,-1.235405285515773638e-01,-1.389533162486939477e-01,3.162530593799512957e-01,5.704057960191238896e-02,1.362050834173260394e-01,1.012357631166493563e-02,3.232942998769606224e-01,-9.036440342611366805e-02,4.227426683862779422e-01,-1.597433255825770337e-01,6.565197807134094676e-02,-2.653835366545896912e-01,-5.568556371629342083e-02,-1.072862300228633742e-02,-1.235519123149561443e-01,-4.134725381274317879e-01,6.360440322594368423e-01,-2.041541332834494460e-01,-9.287788916380079404e-03,-9.227590115177258800e-02,-2.022755000115391555e-01,-1.745695183995411848e-01,7.493630774425904528e-01,3.609553656623041840e-01,7.615941559557648510e-01,-3.306447642525929265e-01,-2.407578586760680539e-01,2.626604088376099377e-01,-2.300108127994695273e-01,-1.102283213376435145e-01,1.630053600477961440e-01,2.534484093282283745e-01,2.624795402859368409e-01,-2.435715978821116900e-01,8.219876920822256905e-02,4.242878120084123128e-01,-1.614713024352199822e-01,2.372102921195729519e-01,1.683355854898511417e-01,1.791965510256865457e-01,1.626519987031265491e-01,1.591729776106691127e-02,1.681613446358959096e-01,1.959160454672837781e-01,-1.484518836277731388e-02,1.567928278618572202e-01,1.760052105277468137e-01,3.262389325071058388e-01,2.019595231541801428e-01,2.059762445251236418e-01,1.888960627930065805e-01,-9.894889954707204727e-02,1.682584616729368154e-01,1.887777841618295260e-01,2.105765650206284367e-01,2.048998425464526041e-01,-2.750396064315569974e-02,2.063882986323311852e-01
3.368068049486408477e-01,-3.008258199902877350e-01,5.278146807756922687e-01,2.686307425502738044e-01,4.606001464373397081e-01,2.056020211159009237e-01,5.308472114929124741e-02,3.765110424730206407e-01,4.317896045013521200e-01,-1.755157099496914008e-01,6.083491434187403568e-01,1.302124382533992042e-01,2.759736544763713995e-01,4.637039118592841680e-01,3.699911801286095425e-01,-2.482806691966096824e-01,-5.803136900924830283e-02,-2.133673655502038580e-01,8.083893579315299949e-01,1.600093684714423425e-01,-2.803785354898269966e-01,1.335790720458035763e-01,1.019940757107423435e-01,3.334950258598667894e-02,-4.060942661080901295e-01,-1.187067776656422664e-02,2.268494018986602981e-02,3.750367237912033413e-01,-2.105521681435814085e-01,7.088954384974098522e-02,2.336215772636450472e-01,1.070348970522172483e-01,1.717545370410542699e-02,2.288767038977118362e-01,-2.654710859484065155e-01,5.480635383601604183e-01,1.005558260423585482e-01,5.438317534840200196e-01,-8.367888836871681391e-02,7.444885090619328405e-02,2.377204059298622385e-01,4.210419180310562837e-01,-1.928056012679035536e-01,7.616058674019365871e-01,1.494608408977543823e-01,2.181792878371981714e-01,2.578322634178745187e-01,3.247480633163585817e-01,-4.634770185314057711e-01,-1.481385287928684291e-01,-3.306447642525929265e-01,7.615941559557648510e-01,3.151733472251376789e-01,-4.490265732161374257e-01,1.786310022808059728e-01,1.533822791935439689e-01,-6.929910465890461169e-02,-4.429685617812810228e-01,-1.428514388240417210e-01,7.474458036065100008e-02,3.167972762968017109e-01,-2.839148433850048336e-01,2.066222645537707236e-01,3.829548724341413218e-02,-3.093309850857174290e-02,7.476692716564926899e-02,-2.771219311686641817e-01,-2.610647570743198087e-01,-6.428164748780433868e-01,-4.860412770369526569e-01,-2.338795846370053111e-01,1.747418860214612346e-01,8.686883345589793692e-02,-4.755778983021136663e-01,-2.954525251222435162e-03,-2.119978891247456809e-01,-3.001410173061334619e-01,-2.828820610270090796e-01,-5.520496859787169530e-01,-5.199902293066930303e-01,-3.888653622811039101e-01,4.933716316807477964e-02,-1.101228390851169414e-01,-5.636925604636819909e-01
3.964938246954187728e-01,-5.663375390998626191e-01,4.034980231741827628e-01,1.996719188249703458e-01,5.172761223887805127e-01,2.966647782770640007e-01,3.596989200670374642e-01,1.674456724337017033e-01,4.427380344597161566e-01,-1.822347598787769363e-01,3.079959445273565688e-01,8.320927394579159808e-02,3.345970329366531604e-01,2.113341166075819733e-01,5.543789395217294524e-01,-4.083669762497780242e-01,-1.253854521073013428e-01,-2.361613636181032205e-01,6.090938750449348404e-02,8.991054108583065307e-01,-4.597775805699562124e-01,7.116723437065274327e-01,-4.929809729583656264e-02,-5.796947713835123861e-02,-5.530130352944332417e-01,-1.846855794684790220e-01,1.603404036292584434e-01,5.058242395542907888e-01,4.222001089066297619e-02,-1.386702515692193050e-01,2.239096495470207226e-01,5.341251757306263448e-01,2.991889482084208463e-01,3.632550254340648488e-01,-4.296288431119210660e-01,4.448837643724842250e-01,2.335318011306375119e-01,5.321736002408061772e-01,2.698653642581062551e-01,5.151845706035504957e-01,1.265677202180846561e-01,4.686778212197819649e-01,-4.252161685043710782e-02,4.939479052418779270e-01,7.132446807066730732e-02,4.957765220264645500e-01,5.388080506645469281e-02,5.097071230494417682e-01,-3.552570106910992731e-01,3.035240879500130089e-03,-2.407578586760680539e-01,3.151733472251376234e-01,7.615941559557648510e-01,-3.598597446657562093e-01,9.033347149217091365e-01,1.597853692040883400e-01,-1.114885535919687976e-01,-2.545313544263199668e-01,6.281559104634851232e-02,3.514972232393238638e-01,5.446276269883738586e-01,8.709105034323476324e-02,9.897269683324462497e-02,3.372752302692603732e-01,2.230051702150795678e-01,4.642923644005684802e-01,-1.061352932541475141e-01,-1.795560392087712787e-01,-6.510430453790094774e-01,-4.218801472422897825e-01,-4.397401355494049424e-01,1.502573561054997564e-01,-1.362464423898264165e-01,-2.249305191728824815e-01,-3.177190001281028353e-01,-1.980900133944072383e-01,-3.144116618898038507e-01,-1.502682542001254895e-01,-6.995649263357011094e-01,-4.186880228319095343e-01,-5.652984978871957722e-01,1.029660401140256448e-01,1.199476696984211471e-01,-4.157342598794170896e-01
-3.741772473337103277e-01,4.984656928522156472e-01,-2.605500597500137391e-02,1.551804294633536141e-01,-1.412144294937456579e-01,-1.889348407510421934e-01,2.808754581792377580e-02,5.685719681256951735e-02,-1.653492507222250607e-01,4.242855751727752089e-01,-2.014206139298366227e-01,-3.528453401711986043e-02,-3.795400159606435175e-01,-2.778074461889745161e-01,6.372787748498971727e-02,-3.521779654472912552e-02,-1.552157636517381145e-01,-3.840589002899148785e-02,-3.252563679317377332e-01,-2.852762298020652398e-01,7.757304274620162587e-01,-2.194460806236915584e-01,3.384341483951676111e-01,1.493868538611756724e-01,4.449907694782423428e-01,6.927931763301617245e-03,1.523180836269441563e-01,-2.918859299781185190e-01,5.664320274870724564e-02,-3.225037456482476861e-02,3.314614880795302421e-02,6.293210288688200205e-02,1.201432339690571838e-01,-3.957891354919672033e-01,5.295288073295373321e-01,-7.407139897230120840e-02,2.512410718623543926e-01,-2.034575004264795040e-01,1.700841239064896648e-01,2.536897871302035493e-02,1.868985729790607064e-01,-1.847688118752202346e-01,3.989140418582179382e-01,-2.490520723458795604e-01,-5.700896068207975120e-02,-1.138652295576436935e-01,-2.979495417975648874e-01,1.325773347413957137e-01,3.259590715814842943e-01,7.424811452419120827e-02,2.626604088376099377e-01,-4.490265732161374257e-01,-3.598597446657562093e-01,7.615941559557648510e-01,-1.795023034692091179e-01,2.623630363636018092e-01,1.933375410216543744e-01,4.793339018002488183e-01,2.658864636365156908e-01,8.487917694759901377e-02,-1.616814429372028239e-01,2.167063088899029988e-01,2.045336288337751551e-01,2.438014025193177003e-01,-2.488383912246604560e-02,-1.200390282204248649e-01,2.806967478181113806e-01,-9.634675159771745323e-02,3.342686721191270860e-01,2.436687139961087600e-01,1.613508164388077759e-01,1.654808546054695184e-02,-2.802624179955844341e-01,6.162266032021839202e-01,-1.361918197559819910e-01,2.899550144653154637e-01,2.411390302426852650e-01,-8.644964127433922563e-02,2.278955912057941402e-01,3.112970809600495992e-01,1.497296447817940968e-01,-6.221320704768319720e-02,-3.151550512694020201e-01,5.530857525445626033e-01
3.116039913826894048e-01,-4.310501702384516576e-01,3.393205407907570748e-01,1.725774269583983389e-01,5.093249541937493463e-01,2.344118432322484236e-01,3.660080512334600855e-01,1.031389443934646738e-01,4.967865645546262754e-01,-2.026590773383107891e-01,2.401683320514063635e-01,2.143154058462280395e-02,2.765522144585916275e-01,2.258734375175130982e-01,6.349227306802877058e-01,-3.545984642139088372e-01,-2.365520643795454014e-01,-2.704181511869923615e-01,-2.383792414591426670e-02,8.279292946388912000e-01,-3.163124282106157814e-01,8.410422172668001739e-01,-6.316915561942698654e-02,-5.324037775809221246e-02,-5.464541167754664031e-01,-1.209279212793078206e-01,2.127835532105724625e-01,4.579656779938665601e-01,5.502047836078817478e-02,-1.622193847822572532e-01,1.282491421677239285e-01,4.973189657498879868e-01,2.040847952584113056e-01,4.011935450480222376e-01,-2.487944258722208923e-01,3.763090036132391569e-01,2.377764785764923672e-01,5.236322993058998287e-01,2.737792907877736326e-01,5.341362096415649408e-01,4.714972966537239740e-02,5.056918184836212138e-01,-4.843789505893909830e-02,3.908337705268010720e-01,6.955123913896119059e-03,4.823644842144063083e-01,3.074915044388749560e-02,6.211700436769000966e-01,-1.813543558327027627e-01,-5.380601290292980066e-02,-2.300108127994694995e-01,1.786310022808059172e-01,9.033347149217091365e-01,-1.795023034692091179e-01,7.615941559557648510e-01,1.485031913155271110e-01,4.005548028205878873e-03,-1.923269791783781824e-01,2.316015399850735457e-01,4.034191314455976007e-01,4.883590667639685634e-01,1.908675923892484971e-01,1.983456247028321517e-02,2.183977254931713796e-01,1.325064932786383098e-01,4.294281990078495093e-01,2.216603229216601231e-02,-2.319681760713897256e-01,-5.579712143704445015e-01,-3.738045348821883440e-01,-4.383128052091929128e-01,2.066174621803647526e-01,-1.483444285698581333e-01,-1.358563867358881516e-01,-3.204737882487088685e-01,-1.784223321098363235e-01,-1.721367995897784275e-01,-1.179024092852359873e-01,-6.261243467238705174e-01,-2.891416053275102094e-01,-4.338345735193278041e-01,1.466264487543550155e-01,5.349731480639060427e-02,-3.389411118904043230e-01
2.014349449808281178e-01,1.692797330239767806e-01,4.616700362861150264e-01,2.499638938636478958e-01,1.904766823325358682e-01,1.617615622121746921e-01,1.948892387944418103e-01,5.201820936778764892e-01,3.582672908756973085e-02,2.121972091600658750e-01,3.817433353057019807e-01,2.068455772839295770e-01,-3.801532864284652702e-02,2.992627276906306144e-01,4.282538680543103715e-01,-3.265920640832712385e-01,-2.768562985570483526e-01,-3.001848911324467850e-01,-5.906717861443823957e-03,1.629689974150305976e-01,2.889664957459668337e-01,2.295529424325750967e-01,7.466129333520360456e-01,1.118812448048758651e-01,1.329221360148575559e-01,1.205034062606154532e-01,4.899405991336057142e-01,2.485924497625023599e-01,4.993399527554584494e-02,-1.719193869827869148e-01,1.061670699479544677e-01,1.885357715750677898e-01,1.246612550511340678e-01,1.885989855497987311e-01,8.155860571445706919e-02,4.722107058340392904e-01,3.330394257629111232e-01,3.255113443623867675e-01,4.073226529755135661e-01,2.848176356406189602e-01,7.644156309964017515e-01,6.259374981643135716e-02,2.450536027351983281e-01,4.362062868314802166e-01,2.626259080113669264e-01,3.036516684625187312e-01,2.142526722877086398e-01,4.438017873770486732e-01,-8.476583692625479227e-02,-1.401359804047187796e-01,-1.102283213376435422e-01,1.533822791935439689e-01,1.597853692040883122e-01,2.623630363636016982e-01,1.485031913155271110e-01,7.615941559557648510e-01,5.245724760446605905e-02,1.237152253772500488e-01,3.689934200053443525e-01,2.905411456814231963e-01,1.680761327284378270e-01,1.253763115161570518e-01,1.792450967072568013e-01,3.300694470224497801e-01,-5.381415079210680186e-03,3.458413064921739277e-02,2.168289956342216718e-01,-2.504222185021710567e-01,-1.980262665817851542e-01,-1.176698046358759381e-01,-2.325975890304076144e-01,5.254623960028045881e-02,-1.422061440340308680e-01,9.843944509246277397e-02,-1.138343217630389120e-01,1.398004667092568598e-01,9.411676948070434034e-02,-1.484441448048824663e-01,-2.636693702931706129e-01,-1.721218907734258508e-01,-1.951759002941805266e-01,-2.157655882586968221e-01,-8.881519941842032362e-03,-2.451268577197446979e-02
-2.302471696591749106e-01,5.837538659554907250e-01,-1.868486873682107807e-01,1.446300919641247129e-01,-6.706084431939338120e-02,1.932019780071533299e-01,-1.001292580128267939e-01,1.199411204880086318e-01,1.538793503081158642e-01,4.431351833211687463e-01,-1.328715400818202830e-01,3.661461219374459453e-01,-6.361600861960270414e-02,5.626805672187142754e-02,-1.038535924724003773e-01,1.773124703243378619e-01,8.108541451102579956e-02,-6.516406730013464543e-02,-1.340751097625439703e-01,-6.326907371964286819e-02,3.491886976699082878e-01,7.642922312051695158e-03,1.596687593213291512e-01,7.840381190541708678e-01,2.031595008298886507e-01,4.427005136806559382e-01,6.044749186528034640e-02,-1.748742627905642555e-01,-2.256423165367312245e-01,3.672283399158494110e-01,1.149760471887958657e-01,-1.439828052702321892e-01,3.061001144679146788e-02,-4.209284122817139040e-01,5.783519316585842285e-01,-1.480955713164101295e-01,8.144284371523731469e-02,-1.015674342054513346e-01,2.796872668129980477e-01,-9.491754474695117405e-02,2.471608144754864345e-01,2.107325037448404270e-01,4.650763886856572049e-01,-5.699650158241269249e-02,5.310774810877201269e-01,-8.445399335114425754e-02,1.079806014748975057e-01,-2.022495643734400356e-02,-2.616549696135300057e-02,5.074794597628119741e-02,1.630053600477961717e-01,-6.929910465890461169e-02,-1.114885535919688253e-01,1.933375410216543466e-01,4.005548028205864995e-03,5.245724760446612844e-02,7.615941559557648510e-01,1.959624620206435741e-01,4.294193355200905393e-01,5.820959517614189560e-02,-2.021460563979222969e-01,-9.857121614593471193e-02,3.816798106923525169e-01,-1.647713334644975436e-01,-1.047631913422778505e-01,8.923695748251316007e-02,2.046667352736527834e-01,-1.187253460447118270e-01,-1.837949711448727194e-02,-1.459675702846955359e-01,1.119328162879921068e-01,-7.216208721766281808e-02,-3.414886487988860742e-01,1.297811822117319602e-01,8.233039749801282503e-02,8.300297718471026653e-02,2.395283047369878571e-01,-2.733570333978232458e-01,-1.673601173917287355e-01,-1.756740080451301700e-01,1.641364787936456793e-01,-1.546226225773409124e-01,-3.724102784067808702e-01,-2.904555213771800593e-02
-4.045376209596716066e-01,1.957393840962246279e-01,-2.351853273334142680e-01,-7.874890315031743415e-02,-2.146771035527886839e-01,-2.652444819253446315e-02,-7.999500516267286920e-02,-9.441211276384166295e-02,-1.850432764579157396e-01,2.824484665012160778e-01,-3.048184661106001503e-01,7.391939103906178254e-02,-8.068252227313832403e-02,-2.156423963736357197e-01,-1.138599547247501342e-01,8.179587043915539923e-02,1.951719093873472977e-01,1.899435874253740898e-03,-4.225455246615364979e-01,-2.815323163428674613e-01,3.591155293331692033e-01,-2.838119627716068072e-01,8.905049630126114779e-02,1.700272271299966831e-01,6.828772327062128111e-01,8.939065402169500685e-02,3.360618929960908913e-02,-4.715449390310374467e-01,-1.116633790752606242e-01,9.247234722939937090e-02,-1.894161453123087077e-02,-3.583472652722011764e-01,-3.721644146936374242e-01,-4.219549390050115201e-01,1.669390091518073438e-01,-2.169449153048346179e-01,4.420116182445146119e-02,-1.705927136695370716e-01,5.071385608652213550e-01,1.583490831722462744e-01,1.454939726395979294e-01,-1.627213207589265909e-01,4.173944690310414929e-01,-3.184703368645422916e-01,2.655696424562410396e-01,1.066458390385798816e-01,-4.288642753566624527e-02,-1.901210665940875066e-01,3.370337028433275095e-01,5.782130005926789940e-01,2.534484093282284300e-01,-4.429685617812810228e-01,-2.545313544263199668e-01,4.793339018002488183e-01,-1.923269791783782101e-01,1.237152253772500488e-01,1.959624620206435741e-01,7.615941559557648510e-01,3.556457094736203972e-01,7.796784474360546335e-02,-3.471492953255430058e-01,9.508868372286750914e-02,3.190044903087509987e-01,1.211665215717929317e-01,-1.570989576962752432e-01,-3.205681411513486845e-01,5.600973438605950649e-01,-1.815780544635284544e-01,2.955360720924582463e-01,-2.811819471514872409e-02,2.196934206883724705e-01,-5.269696903548420214e-02,-1.187116020970311048e-01,4.162145376762648175e-01,4.367087908566198717e-02,1.640235467454805307e-01,3.687034001651544601e-01,2.157539122798317333e-02,3.237079824370096559e-01,1.349927712874081087e-01,2.117744447898745053e-01,-1.018735449152470690e-01,-1.658672444042239014e-01,2.951388546287940229e-01
-5.503545269395442030e-02,2.978082533971018186e-01,-2.203774166630054904e-02,2.556741286984032802e-01,-1.347193522727258702e-02,4.357407098838770865e-01,3.282380798799171551e-01,1.263222278053198755e-01,-1.054819102261946549e-02,4.064383950752186170e-01,-2.557396203017046942e-04,3.842158421265068347e-01,3.622067856454925239e-01,1.073294315222179662e-01,2.700260210083192391e-01,1.257001039273753784e-01,1.065834358471941523e-01,-3.882475503218536100e-02,-1.406659652507311620e-01,1.300360159708418561e-01,3.077041142978264032e-01,2.699794548706759834e-01,2.930468545724040363e-01,4.142886623754166719e-01,1.496510649459075748e-01,5.599567024423142136e-01,2.473152441682206215e-01,1.772419106059608951e-01,1.286903139886753644e-01,2.343953281444657588e-01,2.925568717948329733e-01,2.036719843638982452e-01,-8.839317501062080029e-02,-5.374624073096613552e-02,3.169679256643278542e-01,-5.665571473857305279e-02,3.495334988051552183e-01,4.277836737747178764e-02,7.109399672486989008e-01,4.007517185206017074e-01,3.501812068229311903e-01,8.068461765008719255e-02,5.857797241206486039e-01,-4.386015913190669663e-02,5.721785076466671116e-01,4.950970574903844623e-01,1.514895073324666053e-01,2.548841279963750539e-01,1.785861355388382032e-01,4.598629317435162234e-01,2.624795402859368409e-01,-1.428514388240417210e-01,6.281559104634849844e-02,2.658864636365156908e-01,2.316015399850735734e-01,3.689934200053441860e-01,4.294193355200904838e-01,3.556457094736205082e-01,7.615941559557648510e-01,1.856973358619533609e-01,1.345938917860928508e-01,2.192201413903050733e-01,4.021536209924342908e-01,2.943030344514112606e-01,2.576617950073351593e-01,-2.357846750453870734e-03,4.807413759851115742e-01,-4.203399611176101835e-01,5.722430979217513897e-02,-9.166057245243119239e-03,-9.667601490220922855e-02,1.193482184630252907e-01,-1.164312555344333561e-01,2.240212631823217948e-01,-1.890370334906429917e-01,1.089715916221400127e-01,2.503331119564466412e-01,-2.710143617583539166e-01,-6.435832073668713849e-02,9.876510696146550972e-02,-1.544873295113077458e-02,-1.465666443977664199e-02,-3.812702942080180984e-02,-4.429999311263400213e-02
-5.623449801508306062e-02,-2.126667206546161704e-01,3.427801188370411256e-01,3.402174382527168861e-01,5.589218805072727614e-01,2.341044507500935068e-01,5.462648996540807600e-01,9.267322307826728056e-02,5.355147511817139883e-01,7.082920017838777171e-02,2.525684393690534879e-01,7.512669216039789821e-02,2.238321537696717767e-01,-4.026762397452146591e-02,3.279200561892952059e-01,-3.745303737558691171e-01,-1.252278087920603578e-01,-3.217289728292444528e-01,-1.355935785795170379e-01,3.663273727292197246e-01,-2.908409281213170106e-02,3.355750081404330620e-01,8.954662165692772735e-02,5.163677220151878522e-02,-1.925811688104289987e-01,-8.611465892343864170e-02,8.910854146817662746e-01,8.471896854792265730e-02,-4.606696729439004739e-02,5.714308853241117925e-03,2.679708748688425235e-01,1.695305696181958338e-02,-1.418763626284448576e-01,3.059059170874766503e-02,-1.162849166804529044e-01,3.862434510816813438e-01,3.116899613601527563e-01,5.420658958474711131e-01,3.929901832292139741e-01,7.335698607786913517e-01,1.617529199403101858e-01,6.045293799662886380e-01,8.747407952275590426e-02,3.074799852754151464e-01,6.380688200617108674e-02,5.208635788138450406e-01,-8.471542302826189086e-02,3.229164742484547101e-01,-2.082642815729166264e-01,-1.663625313413709048e-02,-2.435715978821117733e-01,7.474458036065101396e-02,3.514972232393239193e-01,8.487917694759898601e-02,4.034191314455976562e-01,2.905411456814230853e-01,5.820959517614188172e-02,7.796784474360551886e-02,1.856973358619534442e-01,7.615941559557648510e-01,1.150605822636352610e-01,1.775802602211389025e-01,2.946686875864844568e-01,4.075355916982289495e-01,-4.532659517379782343e-01,-9.500414481881117035e-02,1.837059174770410419e-01,-4.074766519720696145e-01,-2.914985636632026478e-01,-3.645840556150366507e-01,-2.426138788994360584e-01,1.563192521406735758e-01,-1.658573322502659431e-01,1.397250767486386824e-01,-3.940152489612229747e-01,1.133286755378659985e-02,-2.250687082362031258e-02,-2.687676067156967719e-01,-3.909987638351630213e-01,-3.297956592848297341e-01,-2.806839744049050567e-01,3.913045507883098489e-02,1.044955221882593738e-01,-1.785276207889815447e-01
4.774690127783633442e-01,-1.445719589084046020e-01,5.343390802041766419e-01,4.089178852747552551e-01,3.390606951249028889e-01,9.196416210436396399e-02,4.577015689407903931e-01,2.952800306369447458e-01,-5.706493073059427934e-02,2.200504960669738899e-02,4.346909161737034788e-01,1.654907489697093059e-01,3.856299014895736565e-01,2.224810270606138729e-01,5.541531093136797814e-01,-1.013632257593215236e-01,-3.982710621362001158e-02,1.198500353311058170e-01,2.669978317817269797e-01,5.808438734598341258e-01,-1.915632914468996528e-01,4.530599692870713735e-01,1.135074226664105068e-01,-1.833465176398319310e-02,-4.064176452641801718e-01,8.199687875819844374e-02,1.844206524534350577e-01,8.822347732463720060e-01,4.057365974734999381e-01,-2.344829698719779199e-01,3.793165231392590098e-01,8.231895816425016665e-01,6.485645268470627833e-01,5.483198709053357378e-01,-1.267849616214590247e-01,4.783763285173632807e-01,4.102385665883019894e-01,4.269125570323445418e-01,-2.071901207156204294e-01,3.957546754524932098e-01,1.976897236944032965e-01,-6.856725083939388399e-02,1.579744774469122592e-01,4.544067175403817549e-01,6.598651275135961058e-02,5.343362420440805893e-01,1.364280914713689868e-02,5.705970556617214751e-01,-1.315737017599739322e-01,-1.502361897687034542e-01,8.219876920822254129e-02,3.167972762968017109e-01,5.446276269883739696e-01,-1.616814429372028239e-01,4.883590667639685634e-01,1.680761327284378270e-01,-2.021460563979224079e-01,-3.471492953255430614e-01,1.345938917860928508e-01,1.150605822636352332e-01,7.615941559557648510e-01,3.136269367490688853e-01,-3.824392578870285109e-02,4.655574096762205571e-01,4.832640111479357681e-01,5.975301654288451836e-01,-2.288038322886534748e-01,-2.916397845241809894e-01,-4.043453390547940840e-01,-7.331296959754392273e-02,-3.685428245586587770e-01,3.281831647406754371e-01,2.910186336526157658e-01,-1.026290108150417768e-01,-8.219390822283546838e-03,-2.731716813256454546e-01,-2.487144020925006194e-01,-4.001156145839606104e-01,-4.153967071953302836e-01,-9.946015051404061280e-02,-1.898257863074087892e-01,3.124121391619674726e-01,4.658478628185964698e-01,-2.607142109300328303e-01
1.244555319853873215e-01,-1.558422577035953847e-02,-2.582574237187701145e-03,1.360335162291644029e-01,-1.305301858742381402e-02,-5.284617608344475970e-02,4.098159662606998821e-01,-2.430975761509253097e-01,-2.002793107798812589e-01,2.890948445398823230e-01,-7.492474798301848593e-02,-2.832738111335187936e-01,6.759077285730881457e-02,-1.420910415440593266e-01,1.968956187522003520e-01,6.052643941239738840e-02,-6.047936142138425619e-02,2.715016444296482478e-01,-4.086567716190279143e-01,2.234252904152946029e-01,-8.319606208325235758e-03,2.332084044202356321e-01,-1.032615632040569525e-01,-2.440952785079501253e-01,4.435567416017916625e-02,-1.387976384728907553e-01,3.115441048455591666e-01,1.118378660645056727e-01,7.522915678434873854e-01,-1.417769189181614098e-01,-1.095083385651291902e-01,2.632786548309464236e-01,3.601605231497854720e-01,1.632648291425162490e-01,1.027437464803395706e-01,-3.508165489819106697e-02,2.553319686258083143e-01,4.147735454655806370e-02,1.753683934167377667e-01,3.999943946294361452e-01,-1.926284678813397211e-01,-2.313363855640219735e-01,3.888205437367924788e-01,-7.183501838957975782e-02,-3.099443552095896282e-01,2.825818276712960819e-01,-2.492621608646710674e-01,2.271582046912473396e-01,5.978573182714712608e-01,-6.681517645746097578e-02,4.242878120084123128e-01,-2.839148433850047781e-01,8.709105034323477712e-02,2.167063088899030265e-01,1.908675923892485249e-01,1.253763115161570518e-01,-9.857121614593471193e-02,9.508868372286756465e-02,2.192201413903050455e-01,1.775802602211388748e-01,3.136269367490689408e-01,7.615941559557648510e-01,-2.359236492848378886e-01,2.353291176834254594e-01,1.443456780853522199e-02,2.764212210877552423e-01,1.701398860932484269e-01,-3.454522012066789105e-01,-6.383934605721089395e-02,-1.302409227060970787e-01,-4.168436288378378207e-01,1.927715411474466844e-01,7.238535274416947607e-02,2.976163230599565002e-01,-2.944115270293178321e-01,4.319228584191318887e-02,1.454283635485716375e-01,-3.136643379074638971e-01,-1.587565010799283916e-01,6.076510245797562236e-03,-1.371781009572428378e-01,6.098197061765320282e-02,4.032512832931048341e-02,2.265054956658054397e-01
-2.703955496957284321e-01,5.268673848700226175e-02,3.100291983352515112e-03,2.135270068692799172e-01,2.365483468553900362e-02,3.200401869064418148e-01,1.151995016808435857e-01,4.140890336927169901e-01,1.695503436019931420e-01,3.521188185172539620e-01,1.860863724756616280e-02,6.506937204441097800e-01,1.571779428382619193e-01,2.890660338352604025e-02,7.342728956103417026e-02,-1.237026548397473086e-01,1.013783747680906816e-01,-3.347087947696407717e-01,1.635710611239921397e-01,4.729752400453738487e-02,3.383509585817509602e-01,-3.196043285508956555e-02,3.968386678604163276e-01,5.423980148907132648e-01,3.408835574404170954e-01,3.623710353241741955e-01,2.279690995872822867e-01,1.495588907327439349e-02,-2.264721870320823560e-01,5.730304460198117900e-01,2.279421370210718834e-01,1.172377890047039545e-01,-1.823114718396567635e-01,-4.195616256926382182e-01,-1.861492636893075786e-02,5.658163840312794082e-03,2.473640803326387638e-01,1.326491207845409415e-01,3.778155060074433469e-01,1.893747652312561536e-01,5.162879916708205119e-01,2.672492277391315674e-01,4.101847081999813183e-01,7.861439698549214927e-02,6.371151302394888472e-01,1.454926344696574891e-01,2.489927593615309243e-01,-6.066652008642665211e-02,-3.156851052156566806e-01,3.157594135027392834e-01,-1.614713024352199544e-01,2.066222645537706959e-01,9.897269683324462497e-02,2.045336288337751829e-01,1.983456247028321864e-02,1.792450967072568568e-01,3.816798106923525724e-01,3.190044903087509431e-01,4.021536209924342353e-01,2.946686875864844568e-01,-3.824392578870287884e-02,-2.359236492848379441e-01,7.615941559557648510e-01,2.179787902698286095e-01,8.322481529028485925e-02,-3.374504883212785522e-01,1.741449774277793183e-01,-2.389713009914692377e-01,1.095843023409367178e-01,7.644212543939032933e-02,1.720005553822263888e-01,-4.083635650219440832e-02,-2.490777042337116443e-01,2.312598094588204090e-01,-1.157802286012502187e-02,9.328646429044308575e-02,1.514369140766234079e-01,-1.707626934895965232e-01,1.061327429264761341e-01,6.306987708261314884e-02,-6.724805092810938467e-02,-1.192442652411349058e-01,-2.850180947330708814e-01,9.266927232523010372e-02
3.068409454299208527e-01,1.080281575587440923e-01,4.778315308029819075e-01,6.060233281473732525e-01,2.840327874799567498e-01,2.229799167239238100e-01,4.557867258750179507e-01,2.681165412240120727e-01,1.953952530530671250e-02,1.603094752202668394e-01,3.479095379180937586e-01,1.671527656194656819e-01,4.682772470225810002e-01,-1.775488881419188814e-01,2.750315500029141269e-01,4.933465923204256171e-02,1.034179009325037896e-01,1.816904127955714654e-01,5.185724965843151874e-02,3.522981400456176582e-01,2.591668526818164398e-01,1.563054093362213903e-01,2.627361699799281025e-01,2.483367155707718959e-04,1.149819308551270659e-02,1.350284468414885142e-01,3.657904434795986037e-01,4.732072377075732250e-01,2.798948354238922631e-01,-1.909107211623940759e-01,5.598653053002692337e-01,4.232583190646543314e-01,2.523501124550840968e-01,2.104224052528184397e-01,1.239067221496167881e-01,4.173720270882901318e-01,6.756269058368585823e-01,3.950004498451309964e-01,2.656075241151364952e-01,5.324479864520221817e-01,3.888313728409528158e-01,1.501390304577164547e-01,3.444679151114471427e-01,2.866723641036256764e-01,1.248048288467100142e-01,6.008336116564815255e-01,-3.181317846008031025e-01,3.141613387096734433e-01,-5.898336687310948290e-03,1.456375642727584241e-01,2.372102921195729242e-01,3.829548724341413218e-02,3.372752302692603177e-01,2.438014025193177003e-01,2.183977254931714074e-01,3.300694470224498356e-01,-1.647713334644975436e-01,1.211665215717929178e-01,2.943030344514112606e-01,4.075355916982289495e-01,4.655574096762206682e-01,2.353291176834254872e-01,2.179787902698286095e-01,7.615941559557648510e-01,1.918341276343766555e-01,1.888743871189146328e-01,-2.463117704853165155e-02,-3.037803938332432341e-01,-1.730951756868425451e-01,-2.847241282718184982e-02,1.685584975342328470e-02,3.187504028410385049e-01,2.302917803992952928e-01,9.586013221401719353e-02,-9.862341009097472244e-02,1.254534836326444691e-01,-2.161949831544743017e-01,-3.151049542324105279e-01,-1.986176859121431826e-01,-9.697844667267298269e-02,1.330591670027575328e-02,2.587427334135517509e-01,3.152305759415069963e-01,-1.537124871313582664e-01
1.492083524020262064e-01,-1.121543502691710881e-01,-8.340749783991244920e-03,1.626459132198607160e-01,-2.659509005994745157e-01,1.708448749894461161e-01,5.403625100150711950e-03,1.401816284543978830e-01,-3.533044347913568139e-01,-5.900784589029104549e-02,-1.674166607202810450e-02,2.365444633644096795e-01,3.047015590285832576e-01,3.269446003717081661e-02,3.001561449824400873e-01,9.656288170706973928e-02,1.085925058297656509e-01,1.180584073621161467e-01,9.410309025701807384e-02,2.617020198723803426e-01,5.573536062679548819e-02,1.455527145740807549e-01,5.750184327889387714e-02,2.120605251223234844e-01,-1.812218497913265780e-01,3.046272707196468477e-01,-3.892349486264893854e-01,5.129889920571925055e-01,1.718362714739753438e-01,7.692178177446951093e-02,1.448391181207054346e-01,7.088731604129769881e-01,2.851371117772796282e-01,1.924101796928788521e-02,-9.146122752456341265e-02,-1.238935808005426076e-01,2.116406916937885740e-01,-2.512538940117446384e-01,-8.287014612284684945e-02,-1.334660653689365983e-01,7.876126559241310165e-02,-4.109114246516898383e-01,6.320199432569907627e-02,-9.716441914295553817e-02,1.588536927563888590e-01,1.085637766435294527e-01,-3.977992174623144056e-02,2.961829271497247174e-01,-1.550744599863116135e-01,1.393671403188112834e-01,1.683355854898511417e-01,-3.093309850857173596e-02,2.230051702150795401e-01,-2.488383912246605947e-02,1.325064932786383376e-01,-5.381415079210707941e-03,-1.047631913422778505e-01,-1.570989576962751877e-01,2.576617950073352148e-01,-4.532659517379782343e-01,4.832640111479357126e-01,1.443456780853519424e-02,8.322481529028483149e-02,1.918341276343766555e-01,7.615941559557648510e-01,3.170611836864777322e-01,-1.843275797744785005e-01,-1.096840204724226255e-02,-1.719951358320440937e-01,8.045612506328846114e-02,-7.924652196500137080e-02,1.311416611474334470e-01,1.186365097908747938e-02,-1.415306472146778127e-01,1.215170237830666133e-01,-1.247007282243944026e-01,-1.424043467757835912e-01,-1.279194080137848188e-01,-1.294293517467980104e-01,8.240982989780144818e-02,-1.824397930212949825e-01,-3.122585290696421566e-03,1.782661273602063889e-01,-3.362675364589100963e-02
4.055128020910704345e-01,6.643444254385262593e-02,2.196555292536187531e-01,3.287710342326787272e-01,1.386701127699200287e-01,-5.638613647469312845e-02,7.764589451362263750e-02,9.527111454660035228e-02,3.629281956767593798e-02,-4.489995757420067735e-02,2.167237600354674776e-01,-1.852635395124745676e-01,6.678563134154628933e-02,1.572467356434137653e-01,2.819976399634701592e-01,-2.490044439098150833e-02,-8.951027888663018461e-02,2.657756667058960298e-01,-1.432280341019883524e-02,4.956124193869643202e-01,-1.307569699906730165e-01,4.215602621284785245e-01,-9.505265015221781022e-02,-6.338423945994016429e-02,-3.760645600779244369e-01,-1.082022068504003565e-01,-1.007094081282642328e-01,3.949553983618797059e-01,2.383968183712517896e-01,-3.071550211493643268e-01,5.767518719737169119e-02,5.004795401283712586e-01,6.688473327915416267e-01,2.700196301480717875e-01,1.608263193508912281e-01,2.514776401613476597e-01,2.471812805132058144e-01,1.406973627880906130e-01,-1.256724939056527712e-01,1.070748252684171897e-01,-1.699296407008452081e-02,1.391204660028433869e-02,1.459555354412459260e-01,2.856445715082689962e-01,-1.266289235516016298e-01,1.694626080390671252e-01,-1.225824037643208353e-01,3.692765104177438973e-01,3.205678155640222932e-02,-2.213212879954020718e-01,1.791965510256864902e-01,7.476692716564926899e-02,4.642923644005684802e-01,-1.200390282204248926e-01,4.294281990078493982e-01,3.458413064921742747e-02,8.923695748251317394e-02,-3.205681411513486845e-01,-2.357846750453901959e-03,-9.500414481881129525e-02,5.975301654288451836e-01,2.764212210877551867e-01,-3.374504883212785522e-01,1.888743871189146328e-01,3.170611836864777322e-01,7.615941559557648510e-01,-2.384448980804682039e-01,-2.056000778954398811e-01,-4.836267345829018405e-01,-3.605965184335350737e-01,-3.484502896474310774e-01,2.413557840571406987e-01,3.844187777757537144e-02,-1.350755311563206496e-01,9.692576407192381172e-02,-1.067839222936315252e-01,-1.948450230974072828e-01,-2.231628198890769355e-01,-5.201472373268857252e-01,-2.956165243199127546e-01,-1.144219929481316012e-01,2.491773356787795601e-01,8.980161426270796832e-02,-1.802562130195840828e-01
-2.802551855627491983e-01,3.268636561913215721e-01,-2.130492188536556863e-01,-1.731341800627343719e-01,-1.875367494011094538e-01,7.824845044535694988e-03,1.084763180285891887e-01,-7.109661845059637997e-02,-1.483066040996876278e-01,2.718282888116417273e-01,-1.780092595072483852e-01,1.677560268363488816e-01,-1.570516890762339579e-01,1.858495281654024348e-02,1.238927793229123858e-01,-1.320516788312230960e-01,-7.028197474866239303e-02,-7.648232987420600093e-02,-2.378036837266715442e-01,-1.288767546397659274e-02,2.894580756085911033e-01,6.497282108732070627e-02,7.003477884254358243e-02,1.254337875732598750e-01,4.208025486740089582e-01,2.227216422805869123e-01,2.174626398323498688e-01,-3.240791796174464223e-01,-1.087483933159482941e-01,8.228076011664007400e-03,-2.144648781640771940e-01,-2.756209634078362614e-01,-4.000043833296966778e-01,-1.874152588125029550e-01,2.454718085667586813e-01,-2.215640105735703080e-01,-1.025319625996178596e-01,-1.575941867062689572e-01,3.994416398434567639e-01,5.228033805272731122e-02,1.313446604714963439e-01,-1.369622964211058003e-01,3.323119056630097767e-01,-3.066816597900737795e-01,1.574552666132573719e-01,-5.061540722588016988e-02,1.169926813886182915e-01,-1.418434060651839988e-02,3.196362626425483522e-01,2.698768493028343984e-01,1.626519987031265213e-01,-2.771219311686641817e-01,-1.061352932541474586e-01,2.806967478181114362e-01,2.216603229216600884e-02,2.168289956342216718e-01,2.046667352736528112e-01,5.600973438605952870e-01,4.807413759851116852e-01,1.837059174770410419e-01,-2.288038322886535025e-01,1.701398860932484269e-01,1.741449774277792351e-01,-2.463117704853159257e-02,-1.843275797744784728e-01,-2.384448980804682039e-01,7.615941559557648510e-01,-2.661614242115063478e-01,3.252075850241949451e-01,1.501171393157483547e-01,1.751425643632026907e-01,5.018934739068551393e-02,-2.826293945859548740e-01,3.839531166834977971e-01,-1.145594960353251285e-01,4.260123963032107497e-01,8.040145864904193473e-01,-9.091508070958473353e-02,4.016130819867376744e-01,3.341617777655031540e-01,1.384769896799909750e-01,-1.368373478673080845e-01,-1.729743608698377233e-01,2.055532163326783401e-01
-1.608471250993552815e-01,-2.560699583512489053e-01,-3.036390836932135739e-01,-2.115978561437498739e-01,-3.500465233029404488e-01,-2.569803627493979503e-01,-4.115839348526005304e-01,-6.249780065183879046e-02,-2.545470617604065899e-01,-2.624016925085390084e-01,-3.681704163621203341e-01,-1.601641373575898863e-01,-3.900416601224521718e-01,-2.202352645370569961e-01,-6.649459119571173027e-02,-3.777841973669412434e-01,-2.078528577829713564e-01,-3.054145520941572989e-01,-2.726722406594298542e-01,-2.258381373032428974e-01,-6.660764354880073512e-02,-3.658840183065626417e-01,-1.582943008385283845e-01,-9.117629160033063895e-02,-2.385078556143404582e-01,-3.917320129670480156e-01,-4.558154945244480838e-01,-3.475392457004283786e-01,-3.324750378897580738e-01,1.136292064371654392e-02,-2.302125535813513979e-01,-1.852627315136921859e-01,-2.041205490976617798e-01,-1.746272416874704581e-01,-1.399571814464853903e-01,-2.191533419349064871e-01,-2.060864430987320861e-01,-3.972063098158131189e-01,-2.822965856476293833e-01,-4.676876163602567416e-01,-1.308275552229428984e-01,-3.225690812339599978e-01,-3.119924069735002803e-01,-2.731753750978961337e-01,-2.866987265228205239e-01,-3.713015613599400244e-01,-2.360463926659301104e-01,-1.841898192386745292e-01,-9.903049395295046575e-02,-2.159831047738419163e-01,1.591729776106688352e-02,-2.610647570743197532e-01,-1.795560392087712509e-01,-9.634675159771745323e-02,-2.319681760713897256e-01,-2.504222185021710567e-01,-1.187253460447117992e-01,-1.815780544635284544e-01,-4.203399611176102946e-01,-4.074766519720696145e-01,-2.916397845241809894e-01,-3.454522012066789105e-01,-2.389713009914692377e-01,-3.037803938332432341e-01,-1.096840204724230418e-02,-2.056000778954399366e-01,-2.661614242115063478e-01,7.615941559557648510e-01,5.389939273732191616e-02,6.974314892197705507e-02,2.195703619591978240e-01,-9.803499135066420789e-02,-2.480051032420308166e-01,-2.893087642315211871e-02,3.900929623845665606e-02,2.012031686932071878e-02,-2.027988199294710192e-01,6.515827414171619925e-01,-1.867055954295259237e-02,-1.755870769339295742e-02,1.258762543865110939e-01,-1.446649923758865086e-01,-3.723490600622761382e-01,1.105510132365872811e-01
-5.480485808360958666e-01,2.237067395477709275e-01,-4.880127547912321284e-01,-2.910245232883103550e-01,-4.922897462752383602e-01,-2.147167199352321698e-01,-2.727864579292757496e-01,-2.199832397715710819e-01,-5.578342019767253968e-01,3.306488228065165291e-01,-4.400016582289103528e-01,7.457821960560502561e-02,-4.230890161819577111e-01,-2.142402189666542944e-01,-4.512345669329891895e-01,8.025830315943857651e-02,-6.986756151914959301e-02,4.192926890827466252e-02,-4.155197690644936159e-01,-5.782205090061341979e-01,2.374124137499833420e-01,-5.029908573089377777e-01,-1.100533995538483800e-01,8.133120009688206420e-02,4.201920428619055348e-01,3.786476924982349473e-02,-2.063066700978617440e-01,-4.623956194817941956e-01,-1.084726509638796882e-01,2.242035415127035802e-01,-2.451665162898280237e-01,-3.372854561866656109e-01,-3.015302675662741017e-01,-4.915252959316258607e-01,3.016003295190486377e-01,-5.487995982288894625e-01,-2.077567363201689166e-01,-5.100143936379281095e-01,-1.461430279455684100e-01,-4.092581996891165863e-01,-2.039807049394207483e-01,-5.989281669425905452e-01,1.761049670885803387e-01,-6.099500561418108591e-01,-1.572738182554139427e-02,-4.349848293104190411e-01,-9.503904980332238128e-02,-4.819621721452874152e-01,2.367642965005791744e-01,6.956996049082921074e-02,1.681613446358958541e-01,-6.428164748780432758e-01,-6.510430453790094774e-01,3.342686721191270860e-01,-5.579712143704445015e-01,-1.980262665817851264e-01,-1.837949711448726500e-02,2.955360720924582463e-01,5.722430979217515978e-02,-2.914985636632026478e-01,-4.043453390547940840e-01,-6.383934605721088007e-02,1.095843023409367456e-01,-1.730951756868425728e-01,-1.719951358320440660e-01,-4.836267345829018405e-01,3.252075850241948896e-01,5.389939273732195779e-02,7.615941559557648510e-01,6.611459458407064060e-01,3.783852885254826992e-01,-1.211073647643358120e-01,-2.836055603503143119e-01,6.610108566109281769e-01,1.038445691576643931e-01,4.256468347604476787e-01,3.502941124869061729e-01,-2.795551443366993058e-02,8.690986421486444069e-01,6.638003860788634913e-01,2.862813438871412153e-01,-8.546162678024163406e-02,-1.875111702765259736e-01,6.893671881860804485e-01
-1.867993692839207132e-01,5.569022467624409195e-02,-2.881457258958189382e-01,-4.019763976708265463e-02,-2.166403687302550785e-01,-4.339394491306858975e-02,7.460098561131202344e-02,-6.403599304543874937e-02,-2.410381695111359635e-01,3.226638868289893325e-01,-2.121251070285094242e-01,2.299062972101877655e-01,-4.367320559759738097e-02,-5.152150184049161807e-02,-1.953341994054075825e-01,2.554681972345620652e-02,1.837831000968283626e-02,1.539082110748211663e-01,-2.511847372734747896e-01,-3.603448461535885827e-01,2.378478220567361578e-01,-3.349917239648825262e-01,4.301696353959206381e-02,1.271642497896244839e-01,1.729586755245590690e-01,1.601723204837109948e-01,-2.098675542022480356e-01,-1.169543616520014456e-01,4.760986282885243392e-02,2.647977248836428932e-01,-1.663202513558818428e-03,-5.595038844775458015e-02,-4.549896874211748626e-02,-1.426918280066738487e-01,8.161210630740745042e-02,-3.692753954048362819e-01,5.748060293965437384e-02,-2.276201642681836002e-01,-2.095733329663176381e-01,-1.287596366685319071e-01,-1.729280992867557321e-01,-2.927086452691166629e-01,2.066724347207962720e-01,-3.194140186993894570e-01,-4.494095078876645527e-02,-2.000386329074084757e-01,-7.874944799616842572e-02,-3.008053987462668832e-01,8.437023359474156436e-02,1.023253534293839806e-01,1.959160454672838614e-01,-4.860412770369526569e-01,-4.218801472422898380e-01,2.436687139961087323e-01,-3.738045348821883440e-01,-1.176698046358758964e-01,-1.459675702846955359e-01,-2.811819471514872756e-02,-9.166057245243091484e-03,-3.645840556150366507e-01,-7.331296959754389497e-02,-1.302409227060970787e-01,7.644212543939031546e-02,-2.847241282718179431e-02,8.045612506328844726e-02,-3.605965184335350737e-01,1.501171393157483269e-01,6.974314892197711058e-02,6.611459458407064060e-01,7.615941559557648510e-01,3.280744757485274943e-01,1.699213356267402775e-01,-1.055968330453958270e-01,4.263029180337908897e-01,2.404626721465183414e-01,2.555425225726343785e-01,2.417245685345625061e-01,-1.490040965581822807e-01,5.951029191888786984e-01,8.761425154942008575e-01,1.603163375875208685e-01,5.155474919055616501e-02,-6.839065383289935629e-02,5.403734066820089499e-01
-2.541478837629659870e-01,2.979732758156108385e-01,-2.442934317011143386e-01,3.466894358823465611e-02,-8.850993279348563780e-02,-9.385709432002714570e-02,-8.966747734259793157e-02,3.640269326501318486e-02,-6.742314113079730942e-02,1.010147491658448110e-02,-1.480918542570729968e-01,2.053825900757879908e-01,-1.038289910767322549e-01,6.995918204082367253e-02,-3.870199102362893440e-01,-9.279326913502325413e-02,1.754108912869042219e-02,9.587838433920413709e-04,-3.810227052840701317e-02,-4.757509754815810177e-01,2.785073649974425525e-01,-4.737968979057988195e-01,3.394501222964797782e-02,1.954172325983963288e-01,1.952361838355863577e-01,2.077570903418832771e-01,-2.410730002051876542e-01,-3.857542293694096180e-01,-4.875349557883561502e-01,2.531981127723024194e-01,-2.990784486683605373e-02,-2.946708889992677993e-01,-3.469959918189223780e-01,-3.505355565412824337e-01,2.541931862203088421e-01,-2.747035421709507208e-01,-8.924975944100513314e-02,-1.392654862952773520e-01,-1.428215797027394540e-01,-7.144813938215084648e-02,-1.120455594090553619e-01,-4.139977226092846768e-02,-1.257130152719546090e-01,-2.794719356734567950e-01,-2.831395062828082412e-02,-2.228109906439239840e-01,3.588108651217299105e-02,-4.116941011356581304e-01,-6.977454080210622467e-02,1.561568981081506990e-01,-1.484518836277730694e-02,-2.338795846370052833e-01,-4.397401355494049424e-01,1.613508164388077482e-01,-4.383128052091929128e-01,-2.325975890304075866e-01,1.119328162879921068e-01,2.196934206883724428e-01,-9.667601490220920080e-02,-2.426138788994360029e-01,-3.685428245586587215e-01,-4.168436288378379317e-01,1.720005553822263611e-01,1.685584975342330552e-02,-7.924652196500137080e-02,-3.484502896474310774e-01,1.751425643632026907e-01,2.195703619591977684e-01,3.783852885254827547e-01,3.280744757485274943e-01,7.615941559557648510e-01,-1.252017523768772789e-01,-1.425331013121458046e-01,2.071013105757407435e-01,3.468949268919503948e-01,6.717904229919570425e-02,2.031607454693896142e-01,1.698340867645487806e-01,4.902734305721017649e-01,2.825414270798473626e-01,3.804195407886967195e-01,-2.466578160029550826e-01,-2.437438848736509511e-01,3.066129252227331459e-01
2.348167489974533340e-01,3.659653191477502815e-02,1.573074063305988646e-01,6.643977926931108335e-01,2.592454351653334377e-01,2.710509590263761592e-01,4.204308021874709200e-01,2.916101077011140075e-01,9.856380724152414771e-03,3.715188880843918184e-01,2.566994369966424383e-01,3.615128161109111837e-01,3.638191722744304468e-01,3.045467467685019081e-01,3.290033293321420471e-01,1.388315572068410941e-01,3.655835164235468615e-01,2.101668317208815751e-01,5.548371557694277423e-02,1.762509707414703086e-01,1.019847459775084231e-01,3.167526649732259614e-01,6.168242698418172770e-02,6.228407063371543123e-02,-3.326625695653841891e-02,2.575788301916075440e-01,1.700551885552337161e-01,4.528658373514790614e-01,2.893501705583377270e-01,-3.858084765644261838e-01,4.176020031138547584e-01,3.159350659705411624e-01,3.538899499233111867e-01,1.800193550288536337e-01,-6.876224735960862790e-03,1.305419269211723077e-01,6.258428945398912813e-01,2.525808575412551438e-01,7.139037383243809765e-02,2.984596604501222883e-01,2.440921480136179766e-01,7.765122294767745972e-03,3.735035961571775420e-01,3.005111147309358355e-01,2.480177776327936456e-01,2.750717100261835246e-01,2.721484732864881684e-01,2.352146533001067685e-01,7.190875114976169602e-02,1.570188363126194531e-01,1.567928278618572202e-01,1.747418860214612346e-01,1.502573561054997009e-01,1.654808546054693102e-02,2.066174621803647526e-01,5.254623960028045881e-02,-7.216208721766284584e-02,-5.269696903548414663e-02,1.193482184630253740e-01,1.563192521406735758e-01,3.281831647406754371e-01,1.927715411474467400e-01,-4.083635650219438057e-02,3.187504028410384493e-01,1.311416611474334193e-01,2.413557840571406710e-01,5.018934739068548617e-02,-9.803499135066420789e-02,-1.211073647643358120e-01,1.699213356267403330e-01,-1.252017523768773344e-01,7.615941559557648510e-01,4.581324344511353841e-01,-5.833646731209711500e-02,3.762732287449822854e-02,6.827465233668129907e-02,3.901818120624184899e-02,-1.335726760302766158e-01,-1.206002925435881862e-01,8.788897967533777777e-02,-1.652864826676855303e-01,7.820066196494607214e-01,4.133725640806963919e-01,-1.712409659428286990e-01
1.468268126982970601e-01,-1.629928316568577673e-01,7.067159612420947923e-02,2.382536358710807545e-01,7.011306507215599171e-02,-4.015108022490167239e-02,2.622477526241124846e-01,-1.851659372765563638e-01,-1.668868926568326527e-01,-1.917405162969036125e-01,9.223807912712196633e-02,-1.077645058944937256e-01,2.139935539515759599e-01,-1.494411183175039549e-02,6.486215370544798223e-04,1.363408800247117858e-01,2.992980933700877255e-01,2.152454072914903593e-01,3.126048486871033094e-02,-6.496464830763504228e-02,-2.872108492935068202e-01,-7.731275968535276932e-02,-2.431697636828359932e-01,-2.664701783436904670e-01,-1.596743827568661567e-01,-1.163134009169336097e-01,-9.764137198995491429e-02,3.601389132337219912e-01,3.038098710771974797e-01,-7.957546115636147943e-02,1.212596216203672694e-01,2.303551297400906195e-01,1.558387614328779203e-01,2.217934262578601656e-01,-1.361364520555023161e-01,7.400925787548107149e-02,2.337642146969782508e-01,1.422351033391143771e-01,-1.150180203625409264e-01,1.663593869554832183e-01,-1.259031231863858569e-01,-1.779905880756863512e-01,-2.300352448390845586e-02,3.104208262649046576e-02,-6.931605288761101547e-02,1.568065312241375686e-01,3.619089039046589212e-02,-1.574672949052989893e-02,8.465070504627857095e-02,8.239950399275593196e-02,1.760052105277468137e-01,8.686883345589792305e-02,-1.362464423898264165e-01,-2.802624179955844341e-01,-1.483444285698581333e-01,-1.422061440340308680e-01,-3.414886487988860186e-01,-1.187116020970311048e-01,-1.164312555344333561e-01,-1.658573322502659431e-01,2.910186336526157658e-01,7.238535274416948995e-02,-2.490777042337116998e-01,2.302917803992952372e-01,1.186365097908748632e-02,3.844187777757536451e-02,-2.826293945859548740e-01,-2.480051032420308166e-01,-2.836055603503143119e-01,-1.055968330453958270e-01,-1.425331013121458046e-01,4.581324344511353841e-01,7.615941559557648510e-01,-2.296572731243875787e-01,1.003840050724014998e-01,-8.738313387672938526e-02,-2.720691794569867206e-01,-2.406892397341719170e-01,-2.435321206639622094e-01,-1.122683796420468755e-01,2.651578915882984305e-02,4.014299257097027618e-01,7.103781455427152780e-01,-3.020221910083438766e-01
-3.332511017877067272e-01,3.474345835897083012e-01,-3.260232267418253782e-01,-1.109125331964622985e-01,-3.003720013380509757e-01,-1.139007646789797629e-01,7.478940402479362926e-02,-9.453685698743861943e-02,-2.815185853308728725e-01,3.680215915895061474e-01,-4.072627239433244672e-01,1.581350523845391487e-01,-2.944131313553790541e-01,-3.361590448486421745e-01,-1.266162621020740786e-01,8.531689726586289685e-03,-8.081237766619606133e-02,1.218504224563199539e-01,-3.375521597259509843e-01,-1.842824924709541012e-01,5.114397376863932809e-01,-2.130614552596721278e-01,9.476587702994805629e-02,1.368080603294596354e-01,4.366016627106479864e-01,6.007446586775357783e-02,9.544596916724609748e-02,-2.116218226146066306e-01,2.020520482494030656e-01,1.387347101004544059e-01,-6.767144043754649840e-02,-7.904876082790597558e-02,-9.678547668001698245e-03,-4.167477226585122319e-01,3.728201261216751994e-01,-3.767332075916428602e-01,1.285702403565406327e-01,-3.235168507660563519e-01,2.024107993614256973e-01,-3.961705763188141417e-03,1.583916392579430288e-01,-3.022895070792426253e-01,3.577150538781897482e-01,-4.724332992565040690e-01,2.504382444868614305e-02,-9.469062552961228507e-02,-1.994739568476204261e-01,-1.474775366635368845e-01,3.607729861985724540e-01,8.270730023135570985e-02,3.262389325071058943e-01,-4.755778983021134443e-01,-2.249305191728824815e-01,6.162266032021839202e-01,-1.358563867358880961e-01,9.843944509246274621e-02,1.297811822117319880e-01,4.162145376762648175e-01,2.240212631823217670e-01,1.397250767486386824e-01,-1.026290108150417629e-01,2.976163230599565002e-01,2.312598094588203534e-01,9.586013221401716577e-02,-1.415306472146777850e-01,-1.350755311563207606e-01,3.839531166834979081e-01,-2.893087642315207708e-02,6.610108566109281769e-01,4.263029180337910007e-01,2.071013105757407435e-01,-5.833646731209717051e-02,-2.296572731243875787e-01,7.615941559557648510e-01,-8.929989928440981370e-03,3.929888345087554913e-01,2.575378282233085625e-01,-2.728830449976842737e-02,4.691175114807928925e-01,4.284260991107435301e-01,1.238037897043954838e-01,-6.304155275607104501e-03,-7.332842847425170840e-02,7.393472676336778626e-01
5.339157373332890227e-02,1.860329980453220566e-01,-1.430301789539529800e-01,1.587622325402288370e-01,-2.372388632547700049e-01,-1.047449662506256263e-01,-2.178009142526517172e-01,9.369386362782679278e-02,-2.579889743242541056e-01,-1.941349323933562188e-01,-8.229038855808161468e-02,2.515967320679029506e-01,-6.082573347194973612e-02,2.530906770538678963e-01,-2.682728736287442461e-01,1.982844460073553694e-01,1.375176959537270649e-01,2.280507518290972591e-01,1.392488602237990925e-01,-2.951605252964363824e-01,5.306025226525624278e-02,-2.063513421576514684e-01,8.505715006522780730e-02,1.337488122816485603e-01,1.087444324044259392e-01,9.609184137553522520e-02,-3.292527575131047324e-01,5.966251829623852448e-02,-2.271345760053374019e-01,1.091961841721027920e-01,6.168217475482402901e-02,2.466901224624862277e-02,1.347365419038924761e-01,-1.267680521414052408e-01,1.754656385844828581e-01,-1.304221908065964775e-01,1.213986011894720440e-01,-2.119085965694982310e-01,-2.329668737811844970e-01,-4.481078372275174027e-01,1.519857918889961357e-01,-1.947785710883599697e-01,-9.535327680559819996e-02,-9.014306714382197550e-02,2.502182505529614298e-01,-2.946020314901705572e-01,3.185624994664286169e-01,-3.042085600892280306e-01,9.232497122143126789e-02,1.982380766055007459e-01,2.019595231541801428e-01,-2.954525251222453377e-03,-3.177190001281028353e-01,-1.361918197559819632e-01,-3.204737882487088685e-01,-1.138343217630388704e-01,8.233039749801286666e-02,4.367087908566200799e-02,-1.890370334906429639e-01,-3.940152489612229747e-01,-8.219390822283546838e-03,-2.944115270293178876e-01,-1.157802286012502187e-02,-9.862341009097469469e-02,1.215170237830666133e-01,9.692576407192381172e-02,-1.145594960353251562e-01,3.900929623845660055e-02,1.038445691576643654e-01,2.404626721465183969e-01,3.468949268919503948e-01,3.762732287449824936e-02,1.003840050724014860e-01,-8.929989928440981370e-03,7.615941559557648510e-01,3.590487723678436466e-02,1.363698149926443476e-02,-1.155077493119993463e-02,2.017922307017381844e-01,8.558001869313923426e-02,2.841746396937868679e-01,1.918411310370449485e-01,1.452244844218725239e-02,-2.393318686319935787e-02
-1.949168326852538657e-01,2.362037555790702237e-01,6.268287393213868575e-02,1.325160254494129886e-01,-2.001897612771994239e-01,-6.864295711853432569e-02,4.956991505936732267e-02,1.425725035911613002e-02,-1.524379966689573540e-01,2.444563643731246794e-01,-3.641687788708719564e-02,2.086315354844047940e-02,-1.947093065859277494e-01,-5.890612410846443603e-02,-1.538814884222763635e-01,6.517795812975080323e-03,-2.505895841449516936e-01,8.882287535091254460e-02,-7.170851628669860922e-02,-1.489466172915660525e-01,3.275353329359292354e-01,-1.575515263011546541e-01,1.377298552580742685e-01,1.206498769177199136e-02,3.294830049357625468e-01,-5.360545205117608902e-02,6.870177923966287736e-02,-3.243753720068831559e-01,-3.880151250984188033e-02,4.553328819406354117e-02,6.563755292092733618e-02,-2.711397508655494781e-01,-1.797502150218091010e-01,-3.153664710526777326e-01,1.981723362690833989e-01,-2.446496983524809599e-02,2.075059829740468487e-01,-1.563733919854050913e-01,1.504479817721619261e-01,-2.337938784145276658e-02,1.210875470513651242e-01,-1.741000967919892617e-01,2.333631483821383412e-01,-1.827630089410899328e-01,-1.406626868266023372e-02,-9.685182616793495958e-02,-1.726974078456713635e-01,-2.004646195591206492e-01,2.919356736220375947e-01,6.539567617905348018e-02,2.059762445251235863e-01,-2.119978891247456254e-01,-1.980900133944072661e-01,2.899550144653154637e-01,-1.784223321098363513e-01,1.398004667092568598e-01,8.300297718471029429e-02,1.640235467454805307e-01,1.089715916221399850e-01,1.133286755378659985e-02,-2.731716813256453436e-01,4.319228584191321663e-02,9.328646429044309962e-02,1.254534836326444414e-01,-1.247007282243944304e-01,-1.067839222936315113e-01,4.260123963032106942e-01,2.012031686932065980e-02,4.256468347604477342e-01,2.555425225726343785e-01,6.717904229919570425e-02,6.827465233668129907e-02,-8.738313387672937138e-02,3.929888345087554913e-01,3.590487723678431609e-02,7.615941559557648510e-01,4.396532028655910640e-01,-2.353922716321266151e-02,3.766536206722451707e-01,2.700046426802992228e-01,2.670826936550063091e-01,1.242360714903219948e-01,-1.386611175950569763e-01,2.353556998118210009e-01
-2.841651212217469746e-01,3.511654519140311459e-01,-2.735381161373462433e-01,-2.343171981979766394e-01,-3.579164828866295278e-01,8.902330742901795602e-03,4.272458772096581620e-02,-7.635701624373582297e-02,-2.495913683474925981e-01,3.985359642319186158e-01,-2.939123864789699447e-01,1.881697323921040776e-01,-9.816044329143538971e-02,-1.144349143907125999e-01,4.392006527796517290e-02,9.095199669973050294e-02,1.128102447339259656e-01,4.022146158081014305e-02,-2.174681819748650602e-01,-1.375602499046821026e-01,3.635229780189783155e-01,1.956624895484975965e-02,1.018626959017743527e-01,1.617681483802958509e-01,4.858376650247536732e-01,2.820827950264636064e-01,1.265703831706033455e-01,-3.134103964793058528e-01,2.536404484812929822e-02,1.009857080615272490e-01,-2.604032043862409274e-01,-3.204541756363022409e-01,-3.323771699973468441e-01,-1.866235519553580413e-01,2.965540070304830134e-01,-3.137502402354603870e-01,-2.116541761961105717e-01,-3.477650705689223631e-01,1.142830530308787396e-01,-1.440543900883840267e-01,-3.437378671294517157e-02,-2.603146285833188300e-01,2.512595405806042348e-01,-4.352217533024600460e-01,1.563871389296971059e-01,-2.042189934665314399e-01,-8.134390553953582681e-02,-4.482374892456618409e-02,2.910143518638860782e-01,1.487485028536797982e-01,1.888960627930066083e-01,-3.001410173061334619e-01,-3.144116618898036841e-01,2.411390302426852372e-01,-1.721367995897783998e-01,9.411676948070434034e-02,2.395283047369878571e-01,3.687034001651544046e-01,2.503331119564465856e-01,-2.250687082362027788e-02,-2.487144020925006194e-01,1.454283635485716653e-01,1.514369140766233801e-01,-2.161949831544743295e-01,-1.424043467757835912e-01,-1.948450230974072828e-01,8.040145864904193473e-01,-2.027988199294710192e-01,3.502941124869061174e-01,2.417245685345625061e-01,2.031607454693895587e-01,3.901818120624187675e-02,-2.720691794569867206e-01,2.575378282233085625e-01,1.363698149926443476e-02,4.396532028655910640e-01,7.615941559557648510e-01,-1.963184762414460494e-01,4.797068592149427158e-01,3.411154844781401074e-01,2.266310834508584171e-01,-1.780975896403183822e-01,-2.318313702059458525e-01,2.305378986567811206e-01
-2.692001495236296948e-01,-3.469378627952155458e-01,-3.918226668601894613e-01,-2.507163633655431489e-01,-3.334680728847941311e-01,-3.512673963718777048e-01,-3.349188186462031536e-01,-1.512598647675574837e-01,-1.953867005148367808e-01,-4.056125936795875186e-01,-4.273343496197239966e-01,-2.565764519134074995e-01,-4.717721814873287456e-01,-5.102093846712980885e-02,-3.213937365830928788e-02,-4.081159050011571310e-01,-3.843192310435537551e-01,-3.238349357851497690e-01,-2.843358951125465328e-01,-1.685925759433802573e-01,-2.025755997757418270e-01,-2.272234098029911886e-01,-2.075310374512426559e-01,-2.795510803491364493e-01,-3.208065831633761800e-01,-4.118403849340993572e-01,-3.345219260575131304e-01,-4.340392995041019719e-01,-4.387938677667015397e-01,-1.298187797350917050e-01,-2.464914211600134908e-01,-2.848405982983521767e-01,-3.428758393272970384e-01,-1.944905969800308221e-01,-2.636020158746564812e-01,-2.947809714026983219e-01,-1.417403366745410287e-01,-3.478328984766835830e-01,-8.932625789604141386e-02,-3.898350194287514281e-01,-7.368081303134658977e-02,-2.670163863775380508e-01,-3.422988582906452693e-01,-3.328682072589080887e-01,-2.324991911683816082e-01,-3.678145698326237834e-01,2.371653965673303083e-02,-1.855306413142266131e-01,6.235932503908678953e-02,-1.009665156041813922e-01,-9.894889954707210278e-02,-2.828820610270091351e-01,-1.502682542001254895e-01,-8.644964127433941992e-02,-1.179024092852359595e-01,-1.484441448048824663e-01,-2.733570333978232458e-01,2.157539122798314557e-02,-2.710143617583538056e-01,-2.687676067156967719e-01,-4.001156145839605549e-01,-3.136643379074638416e-01,-1.707626934895965232e-01,-3.151049542324104169e-01,-1.279194080137848744e-01,-2.231628198890769910e-01,-9.091508070958467802e-02,6.515827414171617704e-01,-2.795551443366993752e-02,-1.490040965581822530e-01,1.698340867645486141e-01,-1.335726760302766714e-01,-2.406892397341719170e-01,-2.728830449976842737e-02,-1.155077493119989300e-02,-2.353922716321265110e-02,-1.963184762414460771e-01,7.615941559557648510e-01,-1.926422615366927063e-02,-4.737594782744720956e-02,1.804617173105397265e-01,-7.985586207012690396e-02,-4.019411582083142753e-01,1.116050618828718782e-01
-5.326971284651791372e-01,1.987629263653578060e-01,-4.855790352818190603e-01,-2.949680500466532185e-01,-4.790796058950121394e-01,-2.360032440875255988e-01,-2.995559338477228328e-01,-2.254535703541039049e-01,-5.522993274758198901e-01,2.060434881257879880e-01,-4.014961368773211636e-01,3.052960770444096764e-02,-3.743150474041507247e-01,-1.623012504704962056e-01,-4.867781130224977382e-01,5.378851363994274076e-02,-2.896950308285484166e-02,1.550925792449854741e-02,-3.011469367775927997e-01,-6.314014616846981287e-01,2.134466153131557020e-01,-5.684029892782900273e-01,-1.225728457055961645e-01,-2.781422687956070644e-02,3.996671689471174571e-01,1.134875000916123200e-01,-2.682044138928035837e-01,-4.850823784838011465e-01,-2.049233100172075106e-01,2.197195772365701794e-01,-2.345827063382609490e-01,-4.194041893159428103e-01,-4.468463379314938644e-01,-4.417252803468266209e-01,2.365332284749912806e-01,-5.550334931374586445e-01,-2.546094448999415838e-01,-4.834649621818702947e-01,-2.322669622094778175e-01,-4.449603901523155325e-01,-2.239794795174499253e-01,-5.887037577624244511e-01,5.754384345388861149e-02,-6.130291411679974489e-01,-8.687989250744401759e-02,-5.122453342730697301e-01,-1.209508691015242533e-02,-5.082683179448611588e-01,2.225432306437139796e-01,7.070635965022804836e-02,1.682584616729368154e-01,-5.520496859787169530e-01,-6.995649263357011094e-01,2.278955912057941957e-01,-6.261243467238705174e-01,-2.636693702931706129e-01,-1.673601173917287355e-01,3.237079824370097114e-01,-6.435832073668709685e-02,-3.909987638351630213e-01,-4.153967071953302836e-01,-1.587565010799283638e-01,1.061327429264761341e-01,-1.986176859121432381e-01,-1.294293517467980104e-01,-5.201472373268857252e-01,4.016130819867376744e-01,-1.867055954295257850e-02,8.690986421486442959e-01,5.951029191888786984e-01,4.902734305721018759e-01,-1.206002925435882278e-01,-2.435321206639622094e-01,4.691175114807928925e-01,2.017922307017381567e-01,3.766536206722452818e-01,4.797068592149427158e-01,-1.926422615366926369e-02,7.615941559557648510e-01,6.863522997103084222e-01,3.973900419934261463e-01,-1.642411884830189406e-01,-1.348724653992010858e-01,6.451876536718849087e-01
-2.700320178893723111e-01,1.601551240057523529e-01,-3.911122526714265191e-01,-1.218925095813786913e-01,-2.072268921560489197e-01,-1.276924789857388776e-01,5.362459669698314835e-02,-1.441541290770408379e-01,-2.524623145191569051e-01,2.885777286926427543e-01,-2.847855698376954847e-01,9.072859595356898288e-02,-1.448411923605698592e-01,-5.233808632463271548e-02,-2.283475309613791637e-01,6.049629381586974636e-02,-6.913424069080904844e-02,1.466227293575095014e-01,-3.001878738969412375e-01,-3.962932276915485108e-01,2.211572413144144711e-01,-2.699931557245157654e-01,-2.593146384522344861e-02,-1.579557323362322172e-02,2.219069221169334971e-01,1.462927100073078968e-01,-1.991229677981100066e-01,-1.817242169768748250e-01,3.257302087966067183e-02,2.186441746292288879e-01,-1.108087100256019419e-01,-5.540264197263788243e-02,-8.380591205613643901e-02,-1.674119701420293260e-01,2.032759785019329635e-01,-4.576456358172960592e-01,-1.825684265412702567e-02,-2.278069035482340465e-01,-1.986420572523230066e-01,-1.565485309719391871e-01,-2.317075692343718019e-01,-3.165213467899559707e-01,1.758893948349629643e-01,-3.955032710322030631e-01,-1.681743190642575048e-01,-2.547026552987795567e-01,-4.423304535352059336e-02,-3.212075551446499366e-01,2.219167471162617200e-01,7.020727182459415849e-02,1.887777841618295815e-01,-5.199902293066932524e-01,-4.186880228319095343e-01,3.112970809600495992e-01,-2.891416053275101539e-01,-1.721218907734258508e-01,-1.756740080451301700e-01,1.349927712874081642e-01,9.876510696146549584e-02,-3.297956592848297341e-01,-9.946015051404064056e-02,6.076510245797589992e-03,6.306987708261313497e-02,-9.697844667267298269e-02,8.240982989780147594e-02,-2.956165243199127546e-01,3.341617777655031540e-01,-1.755870769339292967e-02,6.638003860788636024e-01,8.761425154942007465e-01,2.825414270798473626e-01,8.788897967533777777e-02,-1.122683796420468477e-01,4.284260991107435301e-01,8.558001869313920651e-02,2.700046426802992783e-01,3.411154844781401074e-01,-4.737594782744720956e-02,6.863522997103083112e-01,7.615941559557648510e-01,2.490238067434625280e-01,6.479297553843843538e-02,-2.742011196220117686e-02,5.791532687662223067e-01
-1.520364217245079030e-01,4.004305469341610801e-01,-3.161329519785220921e-01,-5.176255917044151819e-03,-2.850422679520985825e-01,-9.477492188758954161e-02,-1.212932410914239617e-01,-1.179363075821043133e-01,-2.374866957368335640e-01,1.447744171163221349e-01,-2.694494981324011551e-01,-4.778638580165651961e-02,-9.060739781344923083e-02,-3.309280080222998244e-02,-3.895244917125642581e-01,2.451640084806494535e-01,4.558062194219106994e-02,1.895562088618376051e-01,-3.001447224792203605e-01,-5.135357210804507577e-01,1.054038886873661651e-01,-3.950315930434282197e-01,-4.668413402373398219e-02,-1.164752967651698100e-04,2.254668164721644330e-01,1.063215094496844648e-01,-2.096511695329202896e-01,-3.204610771187222928e-01,-2.274905648761327837e-01,2.429361834227408978e-01,-9.711551885663801537e-03,-3.190078894775837393e-01,-1.344049846939326665e-01,-1.452777985224965318e-01,3.942650351460066926e-01,-2.999830480200261218e-01,-7.177161593178894849e-02,-3.007495274141886998e-01,-1.203240436339186453e-01,-1.369042836381352268e-01,-1.681785001205128860e-01,-3.067937780777198475e-01,5.381325141469896212e-02,-3.440987245846368059e-01,-1.197574233463275933e-01,-1.006618535430418848e-01,-2.682032776647765362e-02,-3.629240054197013787e-01,2.774984305268560214e-01,5.572549918889465811e-03,2.105765650206284090e-01,-3.888653622811039101e-01,-5.652984978871957722e-01,1.497296447817940968e-01,-4.338345735193278596e-01,-1.951759002941805543e-01,1.641364787936456515e-01,2.117744447898745053e-01,-1.544873295113080060e-02,-2.806839744049050567e-01,-1.898257863074088447e-01,-1.371781009572428378e-01,-6.724805092810942631e-02,1.330591670027576022e-02,-1.824397930212949825e-01,-1.144219929481315873e-01,1.384769896799909750e-01,1.258762543865110939e-01,2.862813438871412153e-01,1.603163375875208962e-01,3.804195407886966640e-01,-1.652864826676855303e-01,2.651578915882978060e-02,1.238037897043954561e-01,2.841746396937868679e-01,2.670826936550063646e-01,2.266310834508584171e-01,1.804617173105397543e-01,3.973900419934260353e-01,2.490238067434625835e-01,7.615941559557648510e-01,-7.095748378383134533e-03,-1.750509993611412962e-01,2.277856505346061156e-01
2.150313372730305872e-01,-1.156081279908016263e-01,2.072407814782398564e-02,6.405920609818447353e-01,2.054190317248467679e-01,4.684287090527781972e-02,3.336636656899354958e-01,8.053002833292526030e-02,-7.238162853969903887e-02,7.301594030603537899e-02,2.787654208330040290e-05,2.024829245769406427e-01,2.577840301211992147e-01,2.257668294472890691e-01,1.486394260803124701e-01,2.226343739225820906e-01,2.524792773385151623e-01,2.523132294941244913e-01,4.848296542404387233e-02,4.052267916282441956e-02,-6.380050480629126386e-02,1.706286568424501826e-01,-1.580341005773430729e-01,-1.069346082511277440e-01,-1.599542444145592157e-01,3.453935646499930318e-02,-9.643705584307746964e-03,3.508957525146613188e-01,9.380375610101533701e-02,-3.207440158295906674e-01,4.702454569542388052e-01,2.493294558938372596e-01,2.838717201327785600e-01,1.862999068227614297e-01,-5.657756858486659435e-02,-1.291627838314253311e-02,5.659634164147846480e-01,1.434688605613359536e-01,-9.199622170499482943e-02,1.450137225247002670e-01,7.888304469204282521e-02,-1.020140212584456779e-01,1.895958665998266901e-01,2.294324775158175164e-02,2.086769731773618353e-01,1.879886719870391409e-01,2.076266739094519143e-01,-1.345199818832708933e-03,1.357518811109526824e-01,2.074453214812271018e-01,2.048998425464526041e-01,4.933716316807480740e-02,1.029660401140256171e-01,-6.221320704768323884e-02,1.466264487543550155e-01,-2.157655882586967944e-01,-1.546226225773409402e-01,-1.018735449152471245e-01,-1.465666443977659689e-02,3.913045507883101265e-02,3.124121391619674726e-01,6.098197061765317506e-02,-1.192442652411349197e-01,2.587427334135517509e-01,-3.122585290696438913e-03,2.491773356787795601e-01,-1.368373478673080845e-01,-1.446649923758864809e-01,-8.546162678024163406e-02,5.155474919055616501e-02,-2.466578160029550826e-01,7.820066196494607214e-01,4.014299257097028173e-01,-6.304155275607104501e-03,1.918411310370450040e-01,1.242360714903220087e-01,-1.780975896403184100e-01,-7.985586207012687621e-02,-1.642411884830189406e-01,6.479297553843843538e-02,-7.095748378383155350e-03,7.615941559557648510e-01,3.975468945046390368e-01,-1.501659831603627260e-01
2.155153772822355485e-01,-1.788921171750858241e-01,1.218063255154624297e-01,2.652003985344797976e-01,1.850579989554681504e-01,1.130726203203728519e-01,3.519198232769306101e-01,-8.789198449701246529e-02,-1.658858659977444638e-01,-1.468168847080802697e-01,1.171943515695469396e-01,3.592712416062172898e-02,3.225453687596247510e-01,-3.408549917365620574e-02,2.377047073678654754e-01,1.954199669640848888e-02,2.297038107030097143e-01,1.096964288761631406e-01,-8.609569867319960546e-02,1.608666947238230893e-01,-2.453147885018115426e-01,1.004156686748982619e-01,-9.254888680805403722e-02,-1.235500347937341648e-01,-1.586469931480357642e-01,2.989747549266916563e-02,1.665756824173595108e-01,4.791045471279872237e-01,2.113310501549856280e-01,-1.931294959260730082e-01,2.032492937279048728e-01,3.503822589799509557e-01,1.150547671424692331e-01,2.518843360406701759e-01,-1.537293000935099629e-01,7.512656813074343465e-02,2.561568764657201069e-01,2.010373109210774334e-01,-8.074407664000610163e-02,2.628428370239327960e-01,-3.489075352131430080e-02,-1.728649822416217785e-01,-1.913847092549012668e-02,7.471613775058993760e-03,5.739103060856035748e-02,2.408638852055265123e-01,-4.051726476977631636e-02,1.738204123579981664e-01,-1.484197271347142688e-01,3.459849581726420764e-02,-2.750396064315568587e-02,-1.101228390851169553e-01,1.199476696984211749e-01,-3.151550512694020201e-01,5.349731480639060427e-02,-8.881519941842004606e-03,-3.724102784067808702e-01,-1.658672444042238736e-01,-3.812702942080183760e-02,1.044955221882593877e-01,4.658478628185963588e-01,4.032512832931045565e-02,-2.850180947330708814e-01,3.152305759415071074e-01,1.782661273602064167e-01,8.980161426270795444e-02,-1.729743608698377233e-01,-3.723490600622761382e-01,-1.875111702765259736e-01,-6.839065383289935629e-02,-2.437438848736509511e-01,4.133725640806963919e-01,7.103781455427151670e-01,-7.332842847425173616e-02,1.452244844218725933e-02,-1.386611175950569763e-01,-2.318313702059458248e-01,-4.019411582083141643e-01,-1.348724653992010858e-01,-2.742011196220114216e-02,-1.750509993611413240e-01,3.975468945046390368e-01,7.615941559557648510e-01,-1.883278179405311337e-01
-4.564199527625170116e-01,2.826554231945851980e-01,-3.766295433646444368e-01,-2.435017879470416091e-01,-4.703781491793093128e-01,-3.920329240450258768e-01,-1.206056043473357070e-01,-1.964476050955817898e-01,-3.392634499163816875e-01,1.113588607275884795e-01,-4.938444814552972462e-01,-5.179051030162851177e-02,-4.937075906128703395e-01,-4.065909034334613814e-01,-2.238331427533246099e-01,3.921037401787857285e-02,-2.170184613662106965e-01,4.141031604820372830e-02,-3.713310292432716597e-01,-2.983476500849807644e-01,4.027087465577988135e-01,-3.552156205815412138e-01,1.911086584981507019e-02,-1.139614215664981091e-02,3.165356823840501099e-01,-2.214836242562949128e-02,-1.468014130139443929e-01,-3.627130523222815150e-01,8.570840883394581500e-02,1.351932699702095009e-01,-3.193428064330464111e-01,-1.949733103015068580e-01,-7.538378497115894028e-02,-3.564832417003298559e-01,3.322232417256501535e-01,-4.714117515897155997e-01,-6.106421817738352797e-02,-4.365050523989870146e-01,-1.327795323604582245e-01,-2.317128201304416157e-01,-5.933395756448549274e-02,-4.080546591216642205e-01,8.278179106899143103e-02,-5.515584711276716456e-01,-1.616602533433461053e-01,-3.542390913042927081e-01,-2.695415239658812134e-01,-1.930079978287592701e-01,4.088160030370103226e-01,-1.538330199792711517e-01,2.063882986323312130e-01,-5.636925604636821019e-01,-4.157342598794170341e-01,5.530857525445624923e-01,-3.389411118904043785e-01,-2.451268577197449755e-02,-2.904555213771797123e-02,2.951388546287940229e-01,-4.429999311263396744e-02,-1.785276207889815725e-01,-2.607142109300328303e-01,2.265054956658054119e-01,9.266927232523010372e-02,-1.537124871313582941e-01,-3.362675364589103044e-02,-1.802562130195840828e-01,2.055532163326783679e-01,1.105510132365872256e-01,6.893671881860804485e-01,5.403734066820089499e-01,3.066129252227331459e-01,-1.712409659428286990e-01,-3.020221910083438766e-01,7.393472676336778626e-01,-2.393318686319935787e-02,2.353556998118210009e-01,2.305378986567810928e-01,1.116050618828719060e-01,6.451876536718849087e-01,5.791532687662223067e-01,2.277856505346061156e-01,-1.501659831603626982e-01,-1.883278179405311059e-01,7.615941559557648510e-01
