7.615941559557648510e-01,-3.115840564819774561e-01,-1.687030952523449201e-01,-2.674439550888607631e-01,-1.573118335335920437e-01,3.271777551384394411e-01,3.607004363928521806e-02,1.389364379788287363e-01,-2.159061506256506890e-01,-7.075113702353955092e-02,-3.031880285429317534e-01,8.580519019931259761e-02,4.689804654312262344e-01,-1.594979881424051227e-01,-8.840000783620399760e-02,1.614364470723553269e-01,7.898010450759773704e-02,3.319643678582484547e-01,-3.246738526049929296e-01,-1.003390989386778592e-02,-3.206440677876688794e-02,-7.811739489601107755e-02,-2.881637914741109075e-03,-6.952087448498280031e-02,-2.840499690911087449e-01,2.171340101431372682e-01,-4.121663459484581349e-01,4.795009150366953410e-01,-2.031032909961631369e-02,1.887423576306337392e-01,2.809811807181218368e-01,-2.949665818123339139e-02,-2.160995382770397877e-01,3.514388384657285425e-01,-3.041640523638565741e-01,-2.080027094412317812e-01,-2.109616150592012740e-01,-4.433512978402621291e-02,-1.352907635725761892e-01,-2.884294426106075518e-02,-1.450645450510166801e-01,-1.280134534423614523e-01,-2.445584067627013247e-01,-2.758330294004558980e-01,3.564136409471072714e-02,2.057685008093449730e-01,-2.643755550971034207e-01,-1.305823660223758287e-01,-1.344028588272112579e-01,-2.853536658855710950e-01,-2.594453467880960748e-02,-3.106565681194213835e-01,6.318487122803850831e-02,-3.991125401084438806e-01,-1.058501711395065659e-01,-1.920606418290326800e-01,-2.477081429174064417e-02,-4.321373990803445420e-01,-2.344616807292354832e-01,-4.174501664400374068e-01,3.685220643406524332e-01,-1.929106771383348740e-01,-2.780907594444106609e-02,2.991960830678045205e-02,6.414761966304036167e-02,-1.991989747214088224e-01,-2.547504420426148219e-01,-2.358273895733727643e-01,-4.317401321069604947e-01,-1.247457938989843529e-01,3.121797375871308150e-02,7.043562742093768814e-02,1.561178806465541025e-01,-3.162327367896599073e-01,1.011551120952803584e-01,-2.285655563904605836e-01,6.724548940770953831e-02,-4.652934105138288312e-01,-2.807252846284299941e-01,-5.997903570914371596e-02,-1.971049392936201350e-01,-1.295694489243199299e-01,-3.453578987829754310e-02,-2.814098877420101452e-01
-3.115840564819774561e-01,7.615941559557648510e-01,-1.244267588476884595e-01,3.857630286685341525e-02,-2.993096378696455950e-01,-4.874523254202783873e-01,-4.419248865472086840e-01,6.638496395954039675e-02,-3.517815862598671073e-01,7.545529199915015917e-02,-2.546306822182439755e-01,-1.588320027252209388e-01,-6.134193285138161977e-01,-3.806396069360316881e-02,1.697823479726054963e-01,2.874969897412772424e-01,-3.881866686550052847e-01,3.493003851475082189e-02,-4.295894788575001511e-01,-2.679150520570122151e-01,5.604494197920230070e-01,-8.481887440709896808e-02,1.526604129096590934e-01,4.794183043778595388e-01,1.310584503089216313e-01,2.440551899103312883e-01,-1.093710005099012561e-01,-2.389591143582591448e-01,-1.925622787548344761e-01,-1.864067247648394932e-01,-1.091152102574610983e-01,-6.108015866304421226e-02,5.152432124877093234e-01,-1.764881208096025778e-01,8.200088492796833162e-01,-1.354954796021422270e-01,-2.254205396592857957e-01,-3.028214514978544991e-01,-5.659272947905806816e-01,-4.059926757415758258e-01,-1.256703857989570870e-02,-3.520923824615029840e-01,-1.794840050723862102e-01,-2.168526837262576001e-01,-1.107010842510262189e-01,-6.293595450896578569e-01,-8.688211997296099720e-02,1.385227035724811984e-01,-2.255384469930087413e-02,-4.847010568383043894e-01,-9.534013619424765162e-02,-4.142130356591173790e-01,-2.839262003716154226e-01,4.065138843569503502e-01,-1.946899125404636666e-01,-5.951151046059231092e-02,6.057611095885764296e-01,-1.703201511310477034e-01,5.794043039671571693e-02,-2.187428244116635667e-01,-1.654775738243446370e-01,-1.812491306958099735e-01,-5.789511825186012262e-01,-2.072305913887259321e-01,8.871324243068827442e-02,3.312273380747361440e-01,-4.015124125303726754e-01,-7.438986257123013368e-02,3.233920528064042621e-01,1.936773750911210401e-01,2.736355367501095981e-01,-6.720357154036539493e-02,-2.071652224838269052e-01,2.293579612959838476e-01,2.122433736697533491e-01,-4.811891157428469651e-02,2.887405348514818920e-02,-3.691775664244522082e-01,2.986387961703255711e-01,1.454845770484185508e-01,1.953683094748112081e-01,-1.014770366031605281e-01,-2.994607597616023020e-01,3.151174645468637903e-01
-1.687030952523449756e-01,-1.244267588476884873e-01,7.615941559557648510e-01,-3.940411409788738828e-01,1.636984864354660563e-01,-3.837503123787613935e-01,-3.657417952873500133e-01,6.801415382208030047e-02,4.236946007436347972e-01,-2.879156884438363040e-01,8.742867491703398830e-01,-1.425648010429483303e-01,-3.306513736604421161e-01,2.771823571868659020e-01,3.819318494472828673e-01,-3.178585438458451096e-01,-3.846410274507329752e-01,-2.232328748653947814e-01,9.023041134144672570e-01,2.107876094374430409e-01,-3.962190664052322453e-01,-1.838676054092799189e-02,1.288970954614265980e-02,-2.573396674954839813e-01,-3.376055116930259392e-01,-2.502370081256490297e-01,1.227308141841937025e-02,2.185845615211274295e-01,-3.927920854135047990e-01,6.647074152723385365e-02,-1.423145466738749143e-01,3.752598803605142752e-01,-3.388882667468199814e-03,-1.343675987550819462e-01,-1.076287510306393053e-01,9.326776794728960374e-01,-2.502180201609040533e-01,3.431420464785973068e-01,-4.170271843775852916e-01,6.802890652544178220e-03,-9.559950161539158831e-02,4.105407159697531672e-01,-5.002925786094178928e-01,8.578152110705908884e-01,-3.714614069420286713e-01,-3.849906823610695916e-01,3.965807891954088449e-01,2.174837603788530860e-01,-3.114753390230259322e-01,-4.749281002221052428e-01,-3.133607034187450013e-01,8.634508793827020412e-01,2.814160501291652072e-01,-4.355477679502660071e-01,3.947934383786001755e-02,-5.223385465207984468e-02,-2.078402472787432842e-01,-5.254874317683873031e-01,-4.161840493940052732e-01,9.866732240905128071e-02,-2.294043501085215458e-02,-3.483836061519955951e-01,-2.274130730486596530e-01,-8.302922814875869639e-02,9.102821760502020909e-02,-2.310634679825735727e-01,-3.460783691311341559e-01,-4.879521301025780411e-01,-5.801539140008361572e-01,-5.436727812188285602e-01,-2.549017638102092920e-01,-3.300653419578850056e-02,-2.080068477592963705e-01,-3.706126550717552259e-01,-2.749009231853380975e-01,3.566578474292787099e-02,-2.565484805734380980e-01,-5.365759979828705895e-01,-6.025001425162441748e-01,-6.259681921567255003e-01,-2.892531602797103196e-01,-1.491692511671699750e-01,-1.262638259856892486e-01,-4.067198554150756595e-01
-2.674439550888607631e-01,3.857630286685340831e-02,-3.940411409788738273e-01,7.615941559557648510e-01,9.972803834269369783e-02,5.087677062599534061e-02,3.435228797943141732e-01,-3.047811205741033161e-02,-2.029540598789187356e-01,2.038026590829872253e-01,-2.958509458924049595e-01,1.434797023945261485e-01,-1.100884603939615569e-01,1.789333625351229862e-01,1.613446620513715735e-01,-2.768876839811006824e-02,2.540264030093788428e-01,-5.524721259401635387e-02,-2.991360210538417941e-01,2.844787545574361046e-02,7.474896302611366838e-02,1.502772162975549164e-01,-6.206730652610599822e-04,1.496918236661081911e-02,5.028082250861380664e-02,-1.721061812237883668e-02,2.676212898767243997e-01,-3.576274633042756529e-02,2.691959658468174310e-01,-9.346964032007798462e-02,6.742646059170880057e-02,2.375969455900892868e-01,3.737139328833603003e-01,-1.176040261100051998e-01,-5.295860795708405740e-03,-2.848977682448044502e-01,3.978895931322740664e-01,-1.631596154804723087e-01,6.647995654735604568e-03,3.094300059287236754e-02,5.944827538941211548e-02,-1.803244008655202069e-01,2.244062729422760805e-01,-2.597283553124496991e-01,1.129936917056060253e-01,6.435011725712532632e-03,1.222103195573707307e-01,2.072710888290760500e-01,2.255057492975734157e-01,1.439768652183094355e-01,9.239694995225601615e-02,-2.499314928853998141e-01,-7.197947198810987317e-03,1.128401686229639628e-01,1.979992884544334586e-01,6.553534124994339627e-02,5.814366187140532216e-02,6.039564974503847800e-02,8.413104711360142041e-02,2.664452309594547708e-01,1.250577540254920461e-01,3.063141134844822311e-01,3.518182169287684125e-01,3.295499737813735452e-02,-6.513408744216946100e-02,4.242511552070205583e-01,-1.739555383426846791e-01,-9.734455311526092613e-02,-1.827823289793868433e-01,-1.434908388572672146e-02,1.251955857020539131e-01,2.715391017533205775e-01,1.940314023069624749e-01,4.998178626450040796e-02,9.231038061421928398e-02,-7.502046694863863385e-02,-2.324678786115131068e-01,3.891644283021480216e-02,3.371949778906609824e-02,9.692605867949151410e-02,7.443306284993324307e-02,2.789447570316720415e-01,3.233803238157231252e-01,1.162030863237751011e-01
-1.573118335335920437e-01,-2.993096378696455950e-01,1.636984864354660008e-01,9.972803834269357293e-02,7.615941559557648510e-01,-1.429500445148926269e-01,9.451337521225632032e-02,-2.808918221332006374e-02,5.181307906192009760e-01,-2.297763434459960119e-01,2.857343896818136386e-01,7.051550163750167077e-02,-1.682782673834490872e-01,4.754155013910131844e-01,3.891557812698303587e-01,-3.149999626607142278e-01,-2.020843017932290875e-01,-3.377763725850169152e-01,-4.331112727026113079e-02,3.297694478621703285e-01,-2.518035915433363692e-01,1.055894149118236092e-01,-8.825767691062227915e-02,-1.387286346028585304e-01,-3.239869142445408468e-01,-3.139771918673948670e-01,3.281892747070377925e-01,1.499582947945921896e-01,-1.875286997310727788e-01,-7.293139609199340845e-02,-9.901019623068714470e-02,1.804259206068691834e-01,1.163454968813797535e-01,-8.684454914148152793e-02,-2.000053525344996641e-01,2.322804910230260866e-01,1.341606004741074665e-01,6.997217629675043238e-01,-2.386201697777046438e-01,2.845074853487615796e-01,-1.388654668555738547e-01,4.448883828623612091e-01,-1.864018104259583530e-01,3.608716373401794075e-01,7.943502870107355118e-02,-8.459838168828953675e-02,4.124713758930811380e-01,1.390957703654617517e-01,-2.393085584601576110e-01,-2.006950190422741864e-01,-3.443976772059194613e-01,6.249121036682915228e-03,2.328074092314116883e-01,-3.127767330148080172e-01,3.701397076960813437e-02,-1.510971603828304144e-01,-1.909931174585041969e-01,-4.154276913315792519e-01,-3.879669166025284111e-01,2.649853917787837743e-01,1.748961558292441154e-01,-1.083041650271915207e-01,-1.056703082482050859e-01,1.686961744584540013e-01,-6.360600082713085968e-02,1.436620201621378358e-02,-3.943525575378121761e-01,-3.463177291322567242e-01,-3.336644637895178067e-01,-1.143605933255352897e-01,-1.417812237309200585e-01,3.000082948554534945e-01,3.270952371359756583e-01,8.449877089172245712e-03,-1.598599509110892325e-01,-2.593397589359507927e-01,-3.592075010800560020e-01,-2.640770635321466053e-01,-3.915437071675356151e-01,-1.032064528994131175e-01,-9.121291406092019161e-02,3.091811581132768438e-01,2.290776371575892201e-01,-1.130572748459920673e-01
3.271777551384394411e-01,-4.874523254202783873e-01,-3.837503123787615045e-01,5.087677062599527122e-02,-1.429500445148926824e-01,7.615941559557648510e-01,2.496295927663454983e-01,2.459496901756644538e-01,-4.166541775715193463e-01,-2.725319811127074887e-01,-4.193745512855346358e-01,4.527619906420778384e-01,7.384275089075307275e-01,2.012841008771411588e-01,-2.884640205069795016e-01,-1.309572561958763093e-01,2.253919807541277520e-01,-1.320451222778362688e-01,-3.806786152862067785e-01,-2.504300511920208305e-01,5.001873112626328138e-02,-3.519383244488954454e-01,1.943192776771424379e-01,-8.481540414652824489e-02,-5.666592935952893123e-03,2.009327191387830502e-01,-2.979179328224090817e-01,1.389908386770154734e-02,-6.925922095574001125e-02,3.545527633883491792e-01,1.710108620989357064e-01,-1.246344113879817722e-01,-5.837913473655070851e-01,-1.741390529528074604e-01,-4.990957358082522832e-01,-3.916885699023791578e-01,-1.788369048379372661e-01,-2.381298459711556625e-01,4.422624735042872124e-01,-1.146467646808021629e-01,7.817129516943167877e-02,-4.602991292967233417e-01,-3.752582559926267991e-01,-3.753064077674169718e-01,2.586120053492764748e-01,2.317328690457123308e-01,-1.396219250051921046e-01,-2.939944149622988334e-01,-3.485343350827329045e-01,-2.744917551254876797e-01,-2.520641651806395656e-01,-3.685355233403881936e-01,-1.343152407241497148e-01,-3.003672603080259629e-01,-3.155159141535658351e-01,-8.287326308171498110e-03,-3.394572188885086050e-01,-2.650821833233023006e-01,-3.051780308922413254e-01,-3.514272352890359663e-01,-1.241433383928683271e-01,-2.426142522969865489e-01,3.119180260169487351e-01,-4.476649719200017502e-02,-1.175420942272690228e-01,-3.825154347817595890e-01,-2.118740986185581321e-01,3.642050694408554504e-03,-3.973642801854658235e-01,-1.312022767740354534e-01,-1.858172447667529870e-01,3.086024506686915192e-01,-1.473261823672797344e-02,-4.028759208004248360e-01,3.354228686406161564e-01,-1.741813812248753646e-01,-5.720758141698951450e-03,-9.736258729759828326e-03,-3.327434620145495181e-01,-1.993919514557338513e-01,-1.696949985421690177e-01,2.091858582811293235e-02,-1.953630172557850597e-01,-4.652493591919896199e-01
3.607004363928523194e-02,-4.419248865472085730e-01,-3.657417952873500133e-01,3.435228797943141177e-01,9.451337521225643135e-02,2.496295927663455538e-01,7.615941559557648510e-01,-3.561990638393898734e-01,-2.160558377347555348e-01,3.122802489278586613e-01,-4.313510871170941896e-01,1.704185500518939911e-01,5.342967254481485462e-01,-3.096954178015045578e-01,6.825008880602327632e-03,1.812385982025074005e-01,3.436238416395429041e-01,3.128675421270056267e-01,-4.627836413906538660e-01,-8.461400362878571113e-02,-1.930523444033337976e-01,-8.429524210725644270e-03,-3.037577466078530963e-01,-3.105609723309682990e-01,2.106960040685855462e-02,1.094423034502701730e-01,5.095330983861963148e-01,-7.844288621737731393e-02,5.497420309383082015e-01,-8.896857253906424734e-02,-3.042668150575377276e-02,-1.981304078106449762e-01,-1.213977395552088695e-01,-4.547023755171156895e-02,-4.459601337619041872e-01,-4.126480843098634388e-01,2.155242321287989815e-01,-1.051591040867688870e-01,-1.761191083649857325e-01,4.835626278041745829e-01,-4.577889778061836057e-01,-1.760031571027931563e-01,1.706655908876742178e-01,-4.613725848966228615e-01,1.579302765155279550e-02,4.222271617992983672e-01,-3.118922224463646642e-01,-1.233707068845295574e-01,-1.038585712341034001e-01,7.602699860749995153e-02,4.313645710732300076e-02,-4.326577585645807189e-01,-1.569330889541302454e-01,-2.565385084642188840e-01,-1.920257800490488831e-01,-4.023245025547241283e-01,-5.448787920171633825e-01,-2.788156101494480010e-01,-4.057154747613392343e-01,1.510660847378715865e-01,4.328573094560194540e-02,3.047052964230974603e-01,-2.856760787700193469e-02,1.038727818472221344e-03,-2.916124346900955122e-01,-2.173798559596389346e-01,-2.065733624515350697e-01,-7.909145349281583581e-02,-2.501803080737970419e-01,-1.585523973818973031e-01,-1.363509962423805066e-01,-7.059374897791431680e-02,3.311729000398465073e-01,-1.033413480812347823e-01,2.161189320452936574e-02,-5.998629600778149565e-03,2.751720406014026010e-01,-8.728770577461529567e-02,-2.194450274409527057e-01,-6.379612630629703796e-02,-2.090788706136207376e-01,5.721899775267659874e-03,5.706245647929172188e-02,-2.040893709022849889e-01
1.389364379788287918e-01,6.638496395954041063e-02,6.801415382208032823e-02,-3.047811205741027263e-02,-2.808918221332002210e-02,2.459496901756644538e-01,-3.561990638393897624e-01,7.615941559557648510e-01,-3.788815845799525794e-01,-3.218451544377396445e-01,8.003531157955130759e-02,6.749757782148017027e-01,-2.474086222263982213e-02,6.645325329201052789e-01,-6.054067317332788994e-02,-5.118408459230197050e-01,-4.552599264054933426e-01,-5.207763785577480542e-01,4.624656367183868633e-02,-1.352332011231248132e-01,3.435427722935525119e-01,-3.180638631707066177e-01,8.889176821595089484e-01,4.531310168705714458e-01,-2.313921973304176594e-01,-3.443695364829393868e-02,-3.419964588541644090e-01,2.451382433439075470e-01,-6.595879117207757991e-01,2.992880496598403495e-01,5.254050701674892881e-02,1.327171524261197555e-01,-2.071161642681755566e-01,-1.828018981536305709e-01,7.033489603935381973e-02,8.896384054763400995e-02,-2.593047956674620624e-01,-9.263625071232692298e-02,1.690205755417387157e-01,-3.435764417733763731e-01,7.543892057922543248e-01,-4.206716927529360328e-01,-3.380610060551312857e-01,7.016422155972056041e-02,6.623763600519356753e-01,-1.358495212385750772e-01,3.144665964404693148e-01,-2.680734051712507912e-04,-4.481053865955731408e-01,-6.051440115176478507e-01,-4.263281418881236795e-01,1.804562597501842627e-02,-7.636541356294004879e-02,1.492911648831115878e-01,-2.259114106091555940e-01,7.179585718690404406e-01,4.163130355598617105e-01,-3.075212353735170545e-01,-1.813122260630273264e-01,-2.719682692491639520e-01,1.484558479902936268e-01,-5.499290014362137047e-01,3.753089827641761245e-01,8.489257593542406249e-03,7.333862983574217231e-02,-1.386454404034822563e-01,-2.667739363050657397e-01,-8.104870566653574193e-02,-3.994172680969351741e-01,-2.053385445156616362e-01,-7.605751268907420815e-02,4.357580163985863564e-01,-1.954088943532032718e-01,-2.097657244902288998e-01,3.547994138510000006e-01,1.458312422652413218e-02,-2.725640626484641671e-01,6.161939856975062919e-03,-4.528250622375349921e-01,-3.768829162518553266e-01,-1.869863301366785358e-01,2.360028979123158510e-01,-3.096902041500103064e-01,-2.645020150189525410e-01
-2.159061506256506058e-01,-3.517815862598672183e-01,4.236946007436349637e-01,-2.029540598789187078e-01,5.181307906192010870e-01,-4.166541775715193463e-01,-2.160558377347555903e-01,-3.788815845799525794e-01,7.615941559557648510e-01,-1.985541764166756928e-01,5.516631582759731200e-01,-3.473391770263966061e-01,-3.742119428395914715e-01,-4.045570430558742547e-02,1.811295767027700787e-01,-9.159281739966722291e-02,-1.435352532520345059e-01,3.605455435795448804e-03,4.079419901887956779e-01,3.045365967365996074e-01,-5.708223436245233318e-01,1.053892508494776864e-02,-5.402809782033523023e-01,-3.349135600224594778e-01,-2.928958717373033593e-01,-3.727393060821174720e-01,1.414167278822590912e-02,2.535864735348922899e-02,-3.341764539269986845e-01,-3.074356400560460112e-02,-1.546887910162914881e-01,5.472747435365879487e-02,7.925834488482133566e-02,-1.694604250639319687e-01,-2.944129951967834335e-01,5.526650108583314180e-01,-1.648135158128520850e-01,4.389350375543848992e-01,-4.704195744874440366e-01,1.323454585891411794e-01,-4.493863967443460505e-01,9.071067264820465992e-01,-3.560590869064661490e-01,5.606567461008665765e-01,-4.805729387222225091e-01,-3.859293794558155688e-01,6.544772633331101541e-02,-5.866183476123016521e-02,-2.367346268174535528e-01,-1.182425546950916367e-01,-1.305033692203670381e-01,4.493855224931058712e-01,3.083209756122943790e-01,-6.389560773874197741e-01,7.380854320579242900e-02,-5.418628775149343380e-01,-3.059112986474403773e-01,-4.590384933534533696e-01,-4.824997851337852750e-01,2.087391375756270651e-01,-9.376290916758583949e-02,-2.586743362335343632e-01,-2.104699928468853065e-01,-1.386699265777372458e-01,-8.927467857860724165e-02,-7.224890919680694579e-02,-3.353675780260135797e-01,-4.201273440092456735e-01,-3.823127264741165154e-01,-3.590257187272692385e-01,-2.224176975935544254e-01,-5.213575985976251492e-02,-8.609091902237368810e-02,-1.513009838540121110e-01,-2.698459302864992804e-01,-1.661584813949943118e-01,-3.143463856752674035e-01,-4.999187314549731753e-01,-4.443124988978377488e-01,-2.648162666898913886e-01,-2.803604956522430247e-01,-6.744365962363337019e-02,-2.618534998014020870e-02,-2.400691690997150129e-01
-7.075113702353955092e-02,7.545529199915013141e-02,-2.879156884438363595e-01,2.038026590829872531e-01,-2.297763434459960397e-01,-2.725319811127074887e-01,3.122802489278586613e-01,-3.218451544377396445e-01,-1.985541764166757206e-01,7.615941559557648510e-01,-2.983659099190498210e-01,1.162860038636557986e-01,-8.394458891774558840e-02,-2.391442582854328980e-01,2.244951596792789106e-01,5.816268141420001259e-01,6.450599897124945636e-01,6.495431843331618271e-01,-3.089750272918394547e-01,4.914129878303077903e-02,-6.362506615079537020e-02,1.350897772365422245e-01,-4.392364442592666673e-01,3.322013350786469088e-01,4.573557194703063988e-01,4.070314470302310861e-01,1.187213213081958485e-01,8.136652548210140945e-02,3.633684519051542661e-01,-1.142286797214348004e-01,-4.517540223296408891e-02,-3.031098537807971546e-02,3.160350133283675866e-01,-5.225705325138259305e-02,-6.277788981290059744e-02,-3.330877679740160691e-01,-4.130553215514062154e-02,-2.361643568946203697e-01,-4.967664866844984095e-01,-7.090433778136988330e-02,-4.807020249996037942e-01,-1.834085770898720991e-01,6.545076002100691515e-01,-2.885433700213995145e-01,-2.128658293248607558e-01,-2.381576160288378652e-01,-1.985336324030394228e-01,-2.752199639810799445e-02,1.358492955792817147e-01,4.225575392555906418e-01,4.453818904761437936e-01,-3.148340556040533644e-01,7.939423021437071182e-02,-2.142212293969426584e-01,7.554248280754978506e-02,-5.712342704555392059e-01,5.488138757117004551e-02,1.433167693666778375e-01,-1.069178144840393224e-01,-1.160473282498844932e-01,1.207637445251712183e-01,5.135174379588733351e-02,-1.188115597400506568e-01,-2.972093480672541865e-01,-6.438973450593915571e-02,2.526568218197953741e-01,-2.953967066415296161e-01,-2.341801486009650324e-01,1.894854418458812029e-01,1.088669757068532612e-01,-1.767433875386556774e-01,-1.577205664760976678e-01,-1.235427847116370714e-01,3.561998594129002216e-01,-2.279157353564258692e-01,-5.051543794403669241e-02,1.437166192515988705e-01,-3.540351330397680241e-01,3.529775950717934929e-01,1.822291951203100502e-01,2.627900666510277553e-02,-1.519996727089779065e-01,-8.805897910116111671e-02,3.786435483553861059e-01
-3.031880285429316979e-01,-2.546306822182440310e-01,8.742867491703397720e-01,-2.958509458924050151e-01,2.857343896818135831e-01,-4.193745512855346358e-01,-4.313510871170943006e-01,8.003531157955121045e-02,5.516631582759732311e-01,-2.983659099190497099e-01,7.615941559557648510e-01,-1.111804724435329073e-01,-4.206861094132258727e-01,4.419226528401311027e-01,2.922275486684340895e-01,-2.810043978872952541e-01,-3.264011225811201400e-01,-1.884415284923088574e-01,7.834387565595590797e-01,1.329424542354511463e-01,-4.426724525127591625e-01,-1.032494629037297440e-01,-1.176407938282833660e-01,-2.408802655738946918e-01,-4.289218551681056035e-01,-3.781778390984906202e-01,-5.277331510935376335e-02,2.000542215259398515e-01,-4.908171347669716411e-01,1.337490828513394903e-01,-1.990415654681783886e-01,3.481722126800043671e-01,2.058219264563793463e-02,-1.722312913320770966e-01,-2.161427942297000915e-01,8.388664991430430096e-01,-2.282642808793522438e-01,3.472363732072746845e-01,-4.173976632149892230e-01,-5.370181308115870578e-02,-9.305463441177112827e-02,4.208324574778350979e-01,-4.319932247053904772e-01,9.322030506286561602e-01,-2.704342437631692686e-01,-4.220517159153205355e-01,5.552574125000580008e-01,1.025101122172892565e-01,-3.344466687986757947e-01,-3.100127951001392379e-01,-2.385994116742002069e-01,7.800937229907265458e-01,2.210195190791344466e-01,-5.382725967104520226e-01,-4.359151647319371020e-02,-1.469072267428109257e-01,-2.006444626263698128e-01,-5.791458615766378326e-01,-4.289160955103632489e-01,4.342814255373170229e-02,2.149825767846206756e-02,-4.256679368154852039e-01,-1.176765341986525798e-01,-1.285632344248666958e-01,9.280727148013329098e-02,-2.054544710031488142e-01,-4.347908005403537945e-01,-4.468531049469669503e-01,-5.581001390314030974e-01,-4.314747601806124822e-01,-2.101227260696204024e-01,1.189550834852584060e-01,-1.200914983069390901e-01,-2.809314214747845595e-01,-1.784985251458612032e-01,-1.569873076043445947e-01,-4.313050935776160388e-01,-5.321421593129371796e-01,-5.698621550104944200e-01,-5.048405365775306963e-01,-2.557110904536331053e-01,-6.487819249742249328e-02,-1.054781676891014541e-01,-3.465873989356214047e-01
8.580519019931256985e-02,-1.588320027252209388e-01,-1.425648010429482748e-01,1.434797023945262318e-01,7.051550163750165690e-02,4.527619906420778384e-01,1.704185500518939633e-01,6.749757782148017027e-01,-3.473391770263966061e-01,1.162860038636557153e-01,-1.111804724435329211e-01,7.615941559557648510e-01,3.344061362195628884e-01,5.188752104878209259e-01,4.204745852401259310e-02,-3.883174862457566823e-01,1.979924939807546982e-02,-1.767770433984502676e-01,-2.845688881932979808e-02,7.048261378551530509e-02,1.234299125453556800e-01,-1.003449152341991252e-01,5.153825600384689398e-01,5.779665666715401162e-01,-3.300078862579114425e-01,1.845891048923101740e-01,-2.291454756833131989e-01,3.478987807260517928e-01,-3.314952030550978312e-01,2.459554396503280393e-01,3.455136057872867372e-01,9.759689960266156039e-02,-5.214799793859925536e-02,-1.099988813137164206e-01,-1.852434545804451937e-01,-1.103783231737756332e-01,9.140706680110806392e-02,-6.928597489579710854e-03,2.450713070820448314e-01,-1.737374526196489855e-01,5.455245250219892261e-01,-3.167307166537676189e-01,2.610145975863533696e-01,-6.008391978638605996e-02,7.777636990831537922e-01,2.073687699631973913e-01,3.442054244046591771e-01,-2.079423878407310466e-02,-3.248536281033702067e-01,-8.399347512288414530e-02,-1.130124071483894488e-01,-6.530968706603731966e-02,6.759664428916886680e-02,-5.143875106263692820e-02,-4.017118802977187597e-02,4.191962901374332029e-01,3.005535919672004952e-01,-1.776524904705250874e-01,-7.742535856456904397e-02,-2.892537670132406813e-01,3.368004425589267714e-01,-3.347876180019317416e-01,5.653646194235053546e-01,3.663607666823769787e-02,1.946904676114797478e-02,4.796062303915708119e-02,-1.501265962038438873e-01,2.200037757847173037e-02,-1.592201754422870597e-01,1.272931160663607342e-01,5.886449778167866798e-02,4.873712230908077148e-01,-6.428398383409672512e-02,1.570761822377470529e-01,5.065671430267101316e-01,-1.813902864408052076e-04,-1.041321575182854453e-01,1.483497309829684974e-01,-2.201992329236295010e-01,1.388428845775962761e-01,-7.485989051445905706e-02,4.747655145054321402e-01,-6.113190683292910044e-02,2.837362318435881006e-02
4.689804654312262344e-01,-6.134193285138161977e-01,-3.306513736604420606e-01,-1.100884603939615708e-01,-1.682782673834491705e-01,7.384275089075308385e-01,5.342967254481485462e-01,-2.474086222263982213e-02,-3.742119428395915270e-01,-8.394458891774564391e-02,-4.206861094132257617e-01,3.344061362195628329e-01,7.615941559557648510e-01,-2.007233554402999554e-01,-2.936133949353412209e-01,7.400509263081458955e-02,4.574696806504714441e-01,1.603151865066432535e-01,-3.033821688331131416e-01,-2.245522126503456672e-01,-1.221013106638114132e-01,-3.330802205232692437e-01,-1.992033514908563285e-01,-2.027116463770066435e-01,-4.781350919455472359e-02,3.396333770451100964e-01,-2.293949609972850412e-01,-5.581696232015907061e-02,1.654961295232769136e-01,3.427122466822250524e-01,2.801624991700711331e-01,-3.860569318838707464e-01,-6.126893084484609231e-01,-1.042112315529011846e-01,-6.382660152666330688e-01,-4.461457436896012485e-01,-1.016686151932895757e-02,-1.760043261212855259e-01,8.742178009741162492e-02,2.200865967344817486e-01,-2.576809830090306952e-01,-3.702536936474550289e-01,-2.179086417496283734e-01,-4.189254103850798550e-01,5.279098965748232203e-02,4.626176878519542846e-01,-2.734915901280161044e-01,-3.708699033631383535e-01,-2.957628717479672820e-01,-4.745155016128493192e-02,1.707070881909336451e-04,-3.178877042017844157e-01,-1.718295869919291563e-01,-4.798350132930910283e-01,-3.222620738603172996e-01,-3.591628384418484310e-01,-5.136513198839046668e-01,-2.879713313467655578e-01,-3.177108552977303546e-01,-4.035699995089033765e-01,-9.157629833524071061e-02,-9.826565369725190346e-02,1.404502187547702341e-01,-1.195029360023354276e-01,-2.263682750135592447e-01,-4.943975399363048084e-01,-1.695008723058132327e-01,6.774715306077594423e-02,-3.767312920801965115e-01,-5.337693190577330604e-02,-9.307751397273819616e-02,-1.992623868966305126e-02,1.533066586513098517e-01,-3.744699195547614434e-01,1.545579553467496259e-01,-1.076020155609272722e-01,2.281111848503817874e-01,-1.814278101559139988e-01,-3.015187263077920843e-01,-2.560677609076481009e-02,-1.949596176445659856e-01,-9.138465275644179486e-02,-1.493199911885762787e-01,-4.769900682197363850e-01
-1.594979881424052337e-01,-3.806396069360321044e-02,2.771823571868659020e-01,1.789333625351229862e-01,4.754155013910130734e-01,2.012841008771411588e-01,-3.096954178015046688e-01,6.645325329201052789e-01,-4.045570430558741160e-02,-2.391442582854329812e-01,4.419226528401311027e-01,5.188752104878209259e-01,-2.007233554402998443e-01,7.615941559557648510e-01,3.356503533236049885e-01,-3.438125245390016849e-01,-3.300391378187332303e-01,-3.797874022963095286e-01,3.155148686269945157e-01,3.348217657587769791e-01,-2.139177381332636393e-02,1.528466025590295430e-01,6.362050095296460928e-01,1.529083840618577217e-01,-1.408948639625718369e-01,-9.274505010119692139e-02,1.305194376173376969e-01,1.128745210098216767e-01,-3.474100837463786617e-01,-3.626133839632787736e-02,-2.578364604048992703e-01,2.412020832750118304e-01,7.481375333505536906e-02,-1.929736397794831193e-01,3.868797503376378288e-02,2.795462461324305647e-01,1.051315304720740196e-01,3.543047426518335929e-01,7.517319673736071184e-02,-1.987424044160497894e-01,5.333897170805810273e-01,-1.102062103981284319e-01,-1.707029321124786392e-01,3.951501004554654473e-01,5.133261025266282473e-01,-1.161717570313297865e-01,8.158275102145521318e-01,2.743709951379275092e-01,-3.199276044497712523e-01,-3.984716041982256374e-01,-2.358861189878256603e-01,2.800539344875915271e-01,2.064571410177710176e-01,-6.475902578579344204e-02,1.013778186964642419e-01,4.968356742460041109e-01,1.103353574974241386e-01,-2.474523748964183312e-01,-1.579174570905229336e-01,6.938578434483984314e-03,1.914098632507633124e-01,-3.220501028642628327e-01,2.529326599841981160e-01,-2.797567080500603862e-02,6.299095497562773316e-02,-1.733738569795265083e-02,-2.345725989604206807e-01,-8.160336849711377627e-02,-2.360463588433926174e-01,-1.408119664893211220e-01,-9.310626276315284167e-02,5.218739051012099006e-01,1.779182517980253397e-01,-1.833946883778588277e-01,1.635549252457979552e-01,-1.175970362123393564e-02,-1.987039451484325925e-01,2.479221368740877340e-01,-3.262647415276507812e-01,-2.067969573812678818e-01,-7.512399395257625401e-02,5.536980652630854038e-01,1.263896889347548569e-01,-2.278690484113649606e-01
-8.840000783620399760e-02,1.697823479726055795e-01,3.819318494472829228e-01,1.613446620513715457e-01,3.891557812698303032e-01,-2.884640205069795016e-01,6.825008880602383143e-03,-6.054067317332785525e-02,1.811295767027700510e-01,2.244951596792789661e-01,2.922275486684339785e-01,4.204745852401257922e-02,-2.936133949353412209e-01,3.356503533236049330e-01,7.615941559557648510e-01,-1.405665594799331486e-03,1.069500666479909212e-01,-1.004946652868331514e-01,1.827558012277127053e-01,6.045245601826224613e-01,2.616521205854556165e-01,6.603532181439016879e-01,-3.861696726975331895e-02,1.255874546552806226e-01,-1.828183948969608896e-01,1.005851042829803976e-01,3.675954649416934283e-01,4.397047603159720541e-01,2.675075948145068105e-01,-1.684774441143881488e-02,2.649888932242207007e-01,7.614683525344557724e-01,5.938932745006835212e-01,-3.600192397760804824e-02,1.721500957398818810e-01,3.837939631942919316e-01,-1.526877848954112382e-01,1.233088504510031908e-01,-2.599200353310902600e-01,1.141546473016148699e-01,-9.274545989997472206e-02,1.335010109762973796e-01,1.914969300055743839e-01,3.711265919664338275e-01,8.647470631575297773e-02,-1.873233612249683988e-01,3.985829135933189327e-01,8.040813938847659603e-01,5.673914600842626388e-02,8.286016902759010122e-03,-9.248872104398475624e-02,2.118435134739959369e-01,5.109992548148809544e-01,2.491542750140320062e-01,5.313670544390727279e-01,-7.586041996187384284e-02,6.937246921999133675e-02,-2.951643980424546454e-01,5.458310021369189302e-02,4.060293419065270082e-01,3.979354789942632364e-01,2.703312052381087738e-01,1.128023499452588015e-02,2.295689988241259305e-01,4.871731742278387900e-01,5.061056144800343271e-01,-1.892579561668893129e-01,-3.220566346785691536e-01,-2.211083036200734708e-01,5.750535947904428929e-02,-3.923460459263819824e-03,1.008421799505999361e-01,4.941212741902456518e-02,1.009258938214893479e-02,1.524395701661235628e-02,-3.036209761760804149e-01,7.177285973787192463e-02,-3.212994002926536363e-01,-1.768873213705205449e-01,-2.061268350746175634e-02,1.138812556767178179e-02,1.310574716775399495e-01,3.866790817510990519e-01,-3.821488997336321136e-02
1.614364470723553269e-01,2.874969897412772979e-01,-3.178585438458451096e-01,-2.768876839811009252e-02,-3.149999626607142278e-01,-1.309572561958763093e-01,1.812385982025074282e-01,-5.118408459230198160e-01,-9.159281739966720903e-02,5.816268141420002369e-01,-2.810043978872951986e-01,-3.883174862457566268e-01,7.400509263081458955e-02,-3.438125245390016849e-01,-1.405665594799275974e-03,7.615941559557648510e-01,4.511076437821063267e-01,8.778121927924017465e-01,-3.543293657588411083e-01,-3.019532673031047887e-01,1.129987916633598682e-01,-3.704954556980665642e-02,-5.102847243866770466e-01,-1.264784491462774274e-01,4.939017730337171841e-01,5.516857924091392862e-01,-7.558951996356423619e-02,-1.726950580579299233e-01,5.590578134451545944e-01,1.848793883636071222e-01,-9.732250527743753488e-02,-1.431095139877344435e-01,1.238171527020876517e-01,-9.717260463145929728e-02,-5.327610844175653844e-03,-3.628101285821812572e-01,-2.096350097143076241e-01,-1.530259806054867777e-01,-5.649796160060026606e-01,1.676489941036475029e-01,-7.346722537122868379e-01,-8.784452887059748805e-02,7.366827696948112514e-02,-3.075832993504265533e-01,-5.096161242644376976e-01,-2.034997409468255192e-01,-3.018073871567779620e-01,-8.442506855090428641e-02,1.118173764027226569e-01,1.681196921295614877e-01,3.079512254900041435e-01,-3.319257049940364523e-01,-1.845749734746044424e-01,-2.735794237124327122e-01,-1.745081720615671850e-01,-7.330297981405450303e-01,-2.559629457052051693e-01,-2.354307849222972426e-01,-2.098324636504173557e-01,-3.317466903816045365e-01,-1.624242954849379472e-01,2.352791571346524446e-01,-4.662431022912251755e-01,-2.530754264626517425e-01,-2.392650058329533203e-02,-7.368741102864873570e-03,-2.320091860179860077e-01,-1.631964882976372211e-01,1.003484496791173797e-01,-5.294941361543017283e-02,-9.613406729918806681e-02,-3.457910964394217967e-01,6.188606682154437766e-02,-2.166707138241045494e-01,6.599371612520825436e-02,-1.309592170977702530e-01,4.369015387627164237e-01,-5.826232972651982367e-01,2.267506712831441062e-01,-1.696035519029470418e-01,-1.024392626235669755e-02,-3.581690610203545067e-01,-2.006397314062108306e-01,-8.764168972991882856e-02
7.898010450759765377e-02,-3.881866686550052292e-01,-3.846410274507330307e-01,2.540264030093788428e-01,-2.020843017932290875e-01,2.253919807541276965e-01,3.436238416395430151e-01,-4.552599264054933981e-01,-1.435352532520345059e-01,6.450599897124945636e-01,-3.264011225811200845e-01,1.979924939807545595e-02,4.574696806504713886e-01,-3.300391378187332303e-01,1.069500666479909767e-01,4.511076437821063267e-01,7.615941559557648510e-01,5.838047466448195166e-01,-2.980256569971019287e-01,8.651961025639316738e-02,-9.038037097720609536e-02,1.187450148536191435e-01,-5.256194005730115970e-01,-1.227233992532707069e-01,1.860322098356404219e-01,2.636211661976883835e-01,-4.612150844387432475e-02,-2.112114537749862006e-02,4.785050838302524756e-01,-1.194620948188536251e-02,4.171157942566520727e-01,-1.392760020570620594e-01,8.858782798828769567e-02,-1.368184255909607183e-01,-4.846440408741257144e-01,-4.604279389224428809e-01,5.789579901599974099e-02,-2.809399889974759645e-01,-2.084886166271048558e-01,-1.573755804297611027e-01,-5.308345384518859955e-01,-1.726818683950882005e-01,3.127260464950732954e-01,-3.161228913973391785e-01,-1.819982667042991664e-01,3.331150015785454971e-02,-3.378755395759642788e-01,-1.776349613748409717e-02,1.889854900347889555e-01,7.547843682089109274e-01,2.925532184190822726e-01,-2.962603120462283801e-01,1.493688885202580641e-01,-2.429900252092646873e-01,9.120868663674763788e-02,-5.830104970513215745e-01,-4.105498450061145777e-01,1.725924191505856520e-01,-7.742075485466239082e-02,-1.466573311449853034e-01,1.097089491030327213e-02,2.610149092650711489e-01,1.402018880330189732e-01,5.970399885476636304e-02,1.149386831035866113e-01,2.125714799263051513e-01,-7.506097669597637523e-02,-8.424543065969782030e-02,-2.142867837584007673e-01,6.505365309436612897e-02,1.285115146520951768e-01,-1.363698704814912677e-01,1.250803033686166410e-01,2.271671094610290265e-01,-1.488407782481105668e-01,-1.204041858270209209e-01,9.966775716218295722e-02,-2.872110681371372043e-01,6.022755067177840149e-02,1.604988847719196199e-01,-4.880760172847715961e-02,-2.610807457426116973e-01,4.598139795413198200e-02,1.563318705195421709e-01
3.319643678582484547e-01,3.493003851475082189e-02,-2.232328748653948924e-01,-5.524721259401635387e-02,-3.377763725850169152e-01,-1.320451222778362410e-01,3.128675421270057377e-01,-5.207763785577480542e-01,3.605455435795469621e-03,6.495431843331618271e-01,-1.884415284923088019e-01,-1.767770433984503509e-01,1.603151865066430315e-01,-3.797874022963095286e-01,-1.004946652868331514e-01,8.778121927924018575e-01,5.838047466448192946e-01,7.615941559557648510e-01,-2.520158606005804547e-01,-3.035709021252940842e-01,-5.500531831142149025e-02,-7.046647656394312842e-02,-6.138935804935674589e-01,-1.792786333399521981e-01,3.590694077403386308e-01,4.921208081872848750e-01,-1.117130559669301110e-01,-6.265140550821081400e-02,5.960239344316247134e-01,1.928794445954350734e-01,1.440353210942624598e-02,-2.748663777327295943e-01,-7.779544838450595801e-02,-8.814693447992345832e-02,-1.727681374210643106e-01,-2.806734949460989448e-01,-2.219815284065420891e-01,-1.735556187702060049e-01,-5.646185439731687961e-01,1.360057082842280607e-01,-7.135575584384301617e-01,-4.357724700862868755e-02,2.240533570606527969e-01,-2.470210108009232020e-01,-4.399796942356946072e-01,-1.037404342283527320e-01,-2.684649236178955345e-01,-2.547625445828270441e-01,1.055959525436149515e-01,2.448419210878712282e-01,4.007592572113197749e-01,-2.669159703276657858e-01,-1.942915146922706282e-01,-4.765588556783421637e-01,-2.466061818599163125e-01,-7.414701209825409478e-01,-4.363509883874767681e-01,-1.696714600251445770e-01,-2.899778161595379933e-01,-3.495539222153519754e-01,-1.070497235420986015e-01,1.189650982818115793e-01,-3.452293538823775210e-01,-3.020795267322067268e-01,-7.362353986467190525e-02,-1.446692050541689423e-01,-3.772341360398207694e-02,-4.932609826063352743e-02,-5.062293652442660663e-02,-8.668854674564707707e-02,-6.785945530679665660e-02,-3.440124085530600340e-01,3.060164379493614945e-02,-1.875990405691031759e-01,-1.187543299589660650e-02,5.124203622039085956e-03,4.700541700225856490e-01,-4.863922737425124820e-01,1.072970149146669910e-01,-1.454604960422812565e-01,-1.685373569447840558e-01,-3.283891941781644785e-01,-1.514713409064200600e-01,-1.588573082458671626e-01
-3.246738526049929296e-01,-4.295894788575001511e-01,9.023041134144671460e-01,-2.991360210538417386e-01,-4.331112727026110304e-02,-3.806786152862067230e-01,-4.627836413906538104e-01,4.624656367183868633e-02,4.079419901887956779e-01,-3.089750272918395102e-01,7.834387565595589686e-01,-2.845688881932971481e-02,-3.033821688331131416e-01,3.155148686269945157e-01,1.827558012277127608e-01,-3.543293657588411638e-01,-2.980256569971019287e-01,-2.520158606005803437e-01,7.615941559557648510e-01,-4.031372747351539415e-02,-6.271653371655240283e-01,-3.552343318956593943e-01,-2.210608991349357622e-01,-3.571879459436372861e-01,-4.841280151037284929e-01,-4.059665540744497592e-01,-3.118973222273195844e-01,3.563591975128559131e-02,-6.308936809282872371e-01,1.814086681622616437e-01,-2.863343994927948222e-01,1.894124693320232422e-01,-2.382926050649237237e-01,-3.402080879093397070e-01,-4.696014984505874068e-01,7.679996884941997504e-01,-2.713104359688154887e-01,8.417239956165410708e-02,-5.601979849818082835e-01,-1.455134007877726676e-01,-1.739994033319526845e-01,2.811545493175706678e-01,-4.629583603535753489e-01,6.998124737098579962e-01,-2.803529373913031253e-01,-4.818173663889852576e-01,4.675259244122332847e-01,-5.134834110250818123e-02,-5.610988976752349089e-01,-4.347624786548954789e-01,-4.265880832843191306e-01,9.395307697057682095e-01,1.024859204666803275e-01,-7.061658660248258945e-01,-2.338789052309988847e-01,-3.231889731805122068e-01,-3.569757139928217970e-01,-7.481809570434141410e-01,-6.519859685122680881e-01,-2.868743538223708645e-01,-1.865497692382708517e-01,-6.518585470711469876e-01,-1.893556356433217513e-01,-3.350068304191519686e-01,5.228865557778017426e-02,-4.563489596646692070e-01,-3.570381262746504247e-01,-4.545762538155335153e-01,-5.007321677064485721e-01,-6.407851336477150550e-01,-3.380274469573226193e-01,2.286546776665296030e-02,-1.644474429403973981e-01,-2.917695587684446812e-01,-1.426824203364548960e-01,7.656754391479067556e-02,-2.532806021657297846e-01,-5.981417544232546790e-01,-5.736017488916099749e-01,-6.646324492373083537e-01,-4.625577833007681883e-01,-3.002479961386280566e-02,-1.411430077893041646e-01,-5.142699130438306288e-01
-1.003390989386781368e-02,-2.679150520570121596e-01,2.107876094374430131e-01,2.844787545574361046e-02,3.297694478621703285e-01,-2.504300511920208305e-01,-8.461400362878596093e-02,-1.352332011231247855e-01,3.045365967365995519e-01,4.914129878303075127e-02,1.329424542354510352e-01,7.048261378551530509e-02,-2.245522126503456672e-01,3.348217657587769791e-01,6.045245601826223503e-01,-3.019532673031047887e-01,8.651961025639305636e-02,-3.035709021252940842e-01,-4.031372747351544966e-02,7.615941559557648510e-01,-4.010579665720039322e-01,7.156688414978410462e-01,-2.786288778096073226e-01,-5.425617175601227249e-02,-4.548647479810082883e-01,-1.303855531758069952e-01,2.727764042532580813e-02,5.609674479233009992e-01,-1.010000109198411350e-01,2.491212483111647502e-03,3.217344728602056225e-01,7.946195313428748852e-01,5.088945402202667001e-01,-6.280144416997987533e-02,-2.059517985448652555e-01,3.681716092355922787e-01,-1.215081277505227486e-01,1.683042364703858929e-01,-2.599522225231727379e-01,1.502987250607373260e-01,-1.698083919022925770e-01,3.356859973475464498e-01,3.255710609756493762e-02,2.402006560907606059e-01,7.633551272731227411e-02,-2.362679061504530942e-01,3.312409105088796601e-01,5.268309187007432781e-01,-3.248051142585703377e-01,-1.664199200912227714e-02,-2.923000849343277419e-01,1.100002891989169673e-01,9.230857631890068138e-01,-3.858346695361685175e-01,6.558629286942607717e-01,-2.618780049697108092e-01,7.768374306028698242e-04,-4.607028853579981376e-01,-1.592261541849912809e-01,2.037693155574694659e-01,5.356636455794715479e-01,-5.611324789130793696e-03,-5.119197311175360809e-02,4.832827180908597642e-01,4.639141930713701067e-01,4.255998427247484339e-01,-2.001492841875403550e-01,-6.180500293516428822e-01,-4.427725687258624587e-01,-3.167636911104942943e-02,-1.009374753599529134e-01,1.578803896068338430e-01,5.622331684969777282e-02,2.151196502622440554e-02,-1.272651256005613019e-01,-3.406014608104508956e-01,-4.635715767669474491e-02,-4.818771807088021997e-01,-2.930006029495890729e-01,-9.834621048096338358e-02,-1.112081632477216891e-01,-1.452003317306768335e-02,2.789147401396585013e-01,-5.804646646238373342e-02
-3.206440677876691570e-02,5.604494197920232290e-01,-3.962190664052321898e-01,7.474896302611369614e-02,-2.518035915433362582e-01,5.001873112626328138e-02,-1.930523444033338532e-01,3.435427722935525119e-01,-5.708223436245233318e-01,-6.362506615079534245e-02,-4.426724525127592180e-01,1.234299125453556245e-01,-1.221013106638114132e-01,-2.139177381332636046e-02,2.616521205854555610e-01,1.129987916633599376e-01,-9.038037097720613700e-02,-5.500531831142157352e-02,-6.271653371655241394e-01,-4.010579665720039877e-01,7.615941559557648510e-01,-1.687279357873652519e-01,3.882562070897117579e-01,4.255340914244111761e-01,1.924537641499358617e-02,2.045672036528596027e-01,-1.198716090745811091e-01,-1.494046122009932420e-01,-1.008757851892253116e-01,-6.769380169471148068e-02,9.372480143239009243e-02,-1.049844233515793458e-02,1.150889775511211577e-01,-1.449084493501600901e-01,4.479491062690988401e-01,-3.812793787803586687e-01,-2.147762501747614017e-01,-3.867920535356970668e-01,-1.005528449626417742e-01,-4.242902706884215114e-01,2.850281890685626984e-01,-5.648332024981583821e-01,-2.739709141114789470e-01,-3.230105817225468745e-01,2.444085254875394408e-01,-3.520762896539384457e-01,-1.962909486155356709e-01,3.258179490249782928e-01,1.404987244960635359e-02,-3.466669528725021543e-01,-1.891477777715256381e-01,-5.700104364612428309e-01,-3.562124187957700916e-01,6.160904131622654267e-01,-1.776014746961420976e-01,2.656013614471976481e-01,3.768434777632296839e-01,-1.162085788006270576e-01,1.705940280096252537e-01,-2.088282148035543739e-01,-1.658448374875940157e-01,-6.571337245979808062e-02,-1.146060547683222519e-01,-1.872529792847405505e-01,1.255535520627961144e-01,1.201445116048542872e-01,-3.422720833172704924e-01,-8.036077402599063613e-02,-2.218904270263217238e-01,4.780049634056272867e-02,7.421609402503165365e-02,1.965632891781180988e-02,-1.711910001780382051e-01,-7.197021364572547819e-02,3.311808208617065263e-01,-1.168913868470830980e-01,-3.508734487174802741e-02,-3.680003841862132252e-01,-1.759662581001919246e-01,-1.165772407834467644e-01,-1.427007639187955479e-01,-2.403088583003653855e-01,-4.539248869675467368e-01,6.620891366755478347e-02
-7.811739489601104980e-02,-8.481887440709885706e-02,-1.838676054092796414e-02,1.502772162975549441e-01,1.055894149118235953e-01,-3.519383244488954454e-01,-8.429524210725588759e-03,-3.180638631707066177e-01,1.053892508494762986e-02,1.350897772365421690e-01,-1.032494629037297718e-01,-1.003449152341991807e-01,-3.330802205232691882e-01,1.528466025590295985e-01,6.603532181439017990e-01,-3.704954556980654540e-02,1.187450148536190603e-01,-7.046647656394315618e-02,-3.552343318956593388e-01,7.156688414978411572e-01,-1.687279357873652796e-01,7.615941559557648510e-01,-3.775102109967043429e-01,-1.508452856302150702e-01,-3.264593096850523235e-01,5.692706714817218766e-02,4.071039681600198412e-02,3.696493965548714455e-01,1.925762527275984293e-01,-1.467236763810828848e-01,3.034876936364021560e-01,6.965839887903197969e-01,5.705308332149743311e-01,-1.556133920989773711e-01,-5.961524213581768233e-02,2.285651977832648188e-02,-1.405739007823022246e-01,-9.147469525919885158e-02,-4.512825154166481556e-01,4.235668004493033795e-02,-3.405133617718133499e-01,-9.137333900435628056e-03,-4.652472859452385506e-02,-6.821771569988878403e-02,-1.158317655182300315e-01,-4.094270743174007188e-01,1.265010928426513193e-01,6.773023537775658687e-01,-1.070966221495401466e-03,-6.657307766997316856e-02,-1.972202377908707505e-01,-2.316803628964866357e-01,7.529033661765333063e-01,-1.896615145128045798e-01,8.445437040947404439e-01,-3.895853155986707672e-01,-1.848847275063929541e-01,-4.452234880264230310e-01,-4.801539377476770482e-02,1.104938436496238491e-01,3.539526970223227931e-01,3.020519301491383923e-01,-2.162564954842420006e-01,4.165734667633033128e-01,4.374036975656092618e-01,5.141845567928644556e-01,-2.960283298881375424e-01,-5.739655829169726386e-01,-3.641657407203385266e-01,1.781610098068583392e-01,6.243491989113486573e-02,7.154666093645985214e-02,1.273096648695405120e-01,-7.895588775827547257e-02,3.335024440988185179e-02,-3.844949171961936085e-01,-1.261606472448353194e-02,-5.879144501229545128e-01,-1.653666028597880200e-01,9.497713508480813693e-02,1.307229863793524065e-02,-1.178924096439138841e-01,2.084748620501374605e-01,-7.454020506937630852e-02
-2.881637914741053564e-03,1.526604129096591211e-01,1.288970954614271532e-02,-6.206730652612056989e-04,-8.825767691062227915e-02,1.943192776771423269e-01,-3.037577466078530963e-01,8.889176821595089484e-01,-5.402809782033523023e-01,-4.392364442592666673e-01,-1.176407938282833382e-01,5.153825600384688288e-01,-1.992033514908562730e-01,6.362050095296462038e-01,-3.861696726975330507e-02,-5.102847243866770466e-01,-5.256194005730115970e-01,-6.138935804935674589e-01,-2.210608991349355956e-01,-2.786288778096073782e-01,3.882562070897116469e-01,-3.775102109967042874e-01,7.615941559557648510e-01,3.601390739670704000e-01,-1.521273122307273962e-01,-6.203056175499431502e-02,-3.086318136627608233e-01,8.079171589004316423e-02,-5.917671824284606030e-01,1.031894138419152396e-01,-3.182153951104118444e-02,1.306710541830679584e-01,-2.328805297621775738e-01,-1.956081476592018142e-01,1.537464028156946272e-01,4.525653557061894844e-02,-3.084278029732636095e-01,-2.050041906770969091e-01,3.874464696358167343e-02,-4.042534894829806769e-01,7.109626492673758458e-01,-5.529767063453571163e-01,-5.431485858047188087e-01,-6.402949939240858146e-02,4.579148142115409548e-01,-3.465244263208653863e-01,3.629491240969750510e-01,7.596610120322812298e-02,-4.705938304662475313e-01,-7.706749315318135451e-01,-5.965736543344209997e-01,-2.004687097932966178e-01,-2.169062312157691574e-01,1.927767814026919158e-01,-3.333849922286431511e-01,7.754143161925902694e-01,3.275004496144400257e-01,-4.154414129269846101e-01,-2.667491923104233775e-01,-3.287908634267335262e-01,-7.654266820165236962e-02,-4.947059229846143547e-01,1.283712042150509172e-02,-6.123595159614703132e-02,-8.511386026826363088e-04,-1.950203083828827011e-01,-3.723433048065956652e-01,-5.971374937583773940e-02,-3.113077612098831826e-01,-1.227173123883486955e-01,-1.137642987057104482e-01,2.742751669319918872e-01,-2.382393701886946213e-01,-2.412620746931661286e-01,3.347225664936356315e-01,-9.398214761447863316e-03,-2.011128512649838773e-01,-1.861676428448980492e-04,-4.034815952860069665e-01,-3.092423245871498416e-01,-1.294298811333635113e-01,4.125777949913506104e-02,-2.929401745522910439e-01,-2.382256257859443616e-01
-6.952087448498277256e-02,4.794183043778593722e-01,-2.573396674954840369e-01,1.496918236661083298e-02,-1.387286346028585304e-01,-8.481540414652824489e-02,-3.105609723309682435e-01,4.531310168705713903e-01,-3.349135600224594222e-01,3.322013350786468533e-01,-2.408802655738947474e-01,5.779665666715402272e-01,-2.027116463770066435e-01,1.529083840618577217e-01,1.255874546552806226e-01,-1.264784491462773164e-01,-1.227233992532706097e-01,-1.792786333399522813e-01,-3.571879459436372861e-01,-5.425617175601227943e-02,4.255340914244111761e-01,-1.508452856302149592e-01,3.601390739670704000e-01,7.615941559557648510e-01,7.337446635287500629e-02,3.665149895616502951e-01,-2.647150605999192274e-01,1.852914588696861764e-01,-3.600500147546936702e-01,-4.357417698501352826e-02,2.184394738386238044e-01,7.770875788867115733e-03,1.976582135636593129e-01,3.594298458471854169e-02,5.121059044682803041e-01,-1.676793993697736629e-01,-1.623080004015093336e-01,-2.261820906730376002e-01,-8.415899137716148504e-02,-4.144148224236339773e-01,4.009294746149724697e-01,-2.461701920537778809e-01,4.169880912496382597e-01,-1.020708441603723898e-01,7.140273940078882831e-01,-1.926782075454133991e-01,8.033110081656158821e-03,9.907299670561259264e-02,-1.095190486703521010e-01,-2.152521111805234255e-01,8.625273758616599368e-03,-3.382434032400343238e-01,2.544049852327000608e-02,2.835885886509050824e-01,5.002163840573456421e-02,2.561516341348691328e-01,8.757865672320583883e-01,9.412317996391171560e-02,2.926005322699155586e-01,-2.513201142037612135e-01,1.678526909933789890e-01,-2.521530420249619708e-01,1.088515994120304170e-01,-1.880834003948287092e-01,8.213329136912445039e-02,2.393182329800062902e-01,-2.935778918535006943e-01,-6.024873682409379039e-02,7.814008207423957242e-02,2.131235049350482524e-01,1.448341684803131635e-01,2.149013610490076165e-01,-4.610530486095485575e-02,3.705862012629467794e-01,3.408520297069180804e-01,3.151803491845815708e-02,-3.540117340675494328e-02,-9.958675769743961792e-02,-3.921363843010343408e-02,1.250637515978758885e-01,1.404450204817723757e-01,2.009649560574882365e-01,-1.691436692008813636e-01,3.815366400863900442e-01
-2.840499690911087449e-01,1.310584503089216868e-01,-3.376055116930259947e-01,5.028082250861380664e-02,-3.239869142445408468e-01,-5.666592935952934756e-03,2.106960040685856850e-02,-2.313921973304175483e-01,-2.928958717373033593e-01,4.573557194703063433e-01,-4.289218551681056590e-01,-3.300078862579114425e-01,-4.781350919455470971e-02,-1.408948639625717814e-01,-1.828183948969608896e-01,4.939017730337171841e-01,1.860322098356403664e-01,3.590694077403386308e-01,-4.841280151037286594e-01,-4.548647479810082883e-01,1.924537641499364168e-02,-3.264593096850523235e-01,-1.521273122307272296e-01,7.337446635287508956e-02,7.615941559557648510e-01,2.802065580895601316e-01,-1.418015537806756841e-02,-4.145817712490106888e-01,2.324068140041261193e-02,2.431117751647528802e-01,-3.719207168705903621e-01,-2.342690460259129193e-01,-9.561859177754621075e-02,-3.759950962845364786e-01,6.972566037262240002e-02,-3.940265343284174993e-01,-1.600461405208059018e-01,-2.479707175548578335e-01,-3.615462728657726221e-01,-3.644580103438194857e-02,-4.687468710988766940e-01,-2.943495805759646089e-01,-9.343689001207184167e-03,-4.158072450122159980e-01,-2.546121947693083531e-01,-3.022159702078920374e-01,-1.095733334893426031e-01,-2.290988548147231685e-01,8.365631250921512843e-03,-3.559585537960111706e-02,3.555613056533384747e-02,-4.659340227065983941e-01,-2.820471438524036478e-01,-1.766514836403959843e-01,-3.754319370272799494e-01,-3.789306218903251144e-01,-6.483500307277770269e-02,7.964908399906603376e-02,-2.700888207104618632e-01,-2.273958579275230096e-01,-4.122006997782404758e-01,-1.284286790998516170e-01,-3.381481409997605381e-01,-3.931932051584356991e-01,-2.113089288531908583e-01,-2.471852589678312784e-01,-7.131916034827578965e-02,-2.120958309333709768e-01,1.183213899493169574e-01,-3.074936055108608290e-02,-1.492074571293357799e-01,-1.202236981300392055e-01,-1.541099965955473328e-01,-1.450412566126138003e-01,-2.383137881997873450e-02,-3.700053551893361936e-02,4.641897418406847331e-01,-4.219145421140601537e-01,1.510241876463393473e-01,-2.409896675010463341e-01,-6.163973164878379374e-02,-2.190410677148917629e-01,-4.494904425061014286e-01,-1.701625749937037135e-01
2.171340101431372127e-01,2.440551899103312883e-01,-2.502370081256491963e-01,-1.721061812237885055e-02,-3.139771918673948670e-01,2.009327191387831058e-01,1.094423034502701869e-01,-3.443695364829391092e-02,-3.727393060821174720e-01,4.070314470302310306e-01,-3.781778390984906202e-01,1.845891048923102573e-01,3.396333770451100964e-01,-9.274505010119692139e-02,1.005851042829804809e-01,5.516857924091392862e-01,2.636211661976883280e-01,4.921208081872847639e-01,-4.059665540744497592e-01,-1.303855531758069675e-01,2.045672036528596582e-01,5.692706714817208358e-02,-6.203056175499434277e-02,3.665149895616502396e-01,2.802065580895601316e-01,7.615941559557648510e-01,-3.122215403386452981e-01,2.104567682080573654e-01,2.135808343042130686e-01,3.633309351476715632e-01,2.151215505352211954e-01,1.215564981145175610e-01,5.157632968407033225e-02,-1.446065647326128800e-01,1.139093529090311058e-01,-3.075517314630123455e-01,-3.950976778603081940e-01,-2.974039426554547783e-01,-4.167266293607150285e-01,3.632144377212155606e-02,-2.750517388521249718e-01,-3.313237303231182929e-01,-2.552534988053545284e-02,-3.994064369501956202e-01,1.332646180309839945e-01,-9.262199968523751603e-02,-8.868861974526438818e-02,1.804658423874592674e-02,-1.020189716375170530e-01,-1.961293446208209890e-01,1.433377845924606042e-01,-3.779734511032531441e-01,6.363945225049448540e-02,-3.232337691464222673e-01,2.205948966927012700e-02,-3.389079889167651571e-01,1.236945905263881103e-02,-4.398551393622069927e-01,-1.477859643977536275e-01,-4.017145771536552723e-01,6.524831715697300416e-02,-6.391012985875961549e-04,-2.786379536944902369e-01,-8.349559885077237342e-02,1.798242386155961270e-01,1.705083326271755392e-02,-3.068621943704250565e-01,2.689623998540193600e-02,2.346927223162736942e-02,2.623749661683429379e-01,-2.978178659917572052e-02,1.488921997502717920e-02,8.738351555091834755e-02,-2.350758559499424027e-01,2.393247171691828823e-01,-1.680338104442146985e-01,3.606210915827273156e-01,-3.990189855742438119e-01,9.617108824153253188e-02,-3.633496303755572726e-03,-6.460506249349758263e-03,-9.978572281030417823e-02,-1.607758813793326025e-01,-2.488668683198380360e-01
-4.121663459484581349e-01,-1.093710005099012561e-01,1.227308141841945352e-02,2.676212898767243997e-01,3.281892747070377925e-01,-2.979179328224090817e-01,5.095330983861963148e-01,-3.419964588541644090e-01,1.414167278822602014e-02,1.187213213081958624e-01,-5.277331510935370784e-02,-2.291454756833130879e-01,-2.293949609972850689e-01,1.305194376173377524e-01,3.675954649416933728e-01,-7.558951996356423619e-02,-4.612150844387431781e-02,-1.117130559669300832e-01,-3.118973222273194179e-01,2.727764042532575262e-02,-1.198716090745812202e-01,4.071039681600181759e-02,-3.086318136627608788e-01,-2.647150605999191719e-01,-1.418015537806762393e-02,-3.122215403386452981e-01,7.615941559557648510e-01,-1.100009205574869059e-01,4.547211427234430503e-01,-1.699070568909721024e-01,-4.952466826237292979e-02,3.134452933439869637e-01,3.479156786415570357e-01,-4.034050761433548016e-01,-9.204799705210110761e-02,3.957723674105639161e-02,5.366062844101583684e-02,1.547974457448887675e-01,-3.956004737543653560e-01,5.456656218413387105e-01,-3.784904014687918705e-01,-1.313311984157550065e-02,-2.061210463760752842e-01,3.602945577454157167e-02,-2.162603994650225125e-01,-1.188452430068556026e-01,2.386182317342410153e-01,3.025259150136905828e-01,-1.561523173517621599e-01,-1.560776092814906701e-01,-2.904949269591282635e-01,-1.627075778250989535e-01,3.192711013051521655e-03,-1.485033596066161476e-01,-1.711289962949548715e-01,-3.332120145327291394e-01,-3.926399614316895548e-01,-3.691833359041315488e-01,-4.968646599882488579e-01,7.427012666547091468e-01,-8.834739195668903089e-02,3.439904362791570414e-01,-3.445804402753613882e-01,1.269044185829908966e-01,-9.772734915695925617e-02,3.344298627004598651e-02,-2.015555219396814035e-01,-4.271570793755786188e-01,-1.755499904941084655e-01,-1.963674404214866276e-01,-3.774914904430552998e-01,-9.766576340584562366e-02,6.943324887958307601e-02,-5.815354739466390560e-02,-2.115326490630455858e-01,-9.393768075532903106e-02,2.091467096951247773e-01,-2.762818855028460474e-01,-6.515733466937076446e-02,-3.739603045079150645e-01,-2.937781813361879379e-01,-1.392182621522232433e-01,2.457227059856415680e-02,-9.457047794643080874e-02
4.795009150366954520e-01,-2.389591143582590893e-01,2.185845615211274295e-01,-3.576274633042764856e-02,1.499582947945922451e-01,1.389908386770151959e-02,-7.844288621737728617e-02,2.451382433439076580e-01,2.535864735348945104e-02,8.136652548210143721e-02,2.000542215259397405e-01,3.478987807260517928e-01,-5.581696232015901510e-02,1.128745210098216628e-01,4.397047603159720541e-01,-1.726950580579298955e-01,-2.112114537749862006e-02,-6.265140550821086951e-02,3.563591975128554967e-02,5.609674479233009992e-01,-1.494046122009933530e-01,3.696493965548714455e-01,8.079171589004324749e-02,1.852914588696861764e-01,-4.145817712490106888e-01,2.104567682080573932e-01,-1.100009205574869336e-01,7.615941559557648510e-01,-1.468757068328082893e-01,5.793343465238542933e-02,3.804183552655542866e-01,7.330722524497077508e-01,2.007526628450796158e-01,1.725642623871554426e-01,-2.976660817549892646e-01,2.188363069225661151e-01,-4.159655169110017953e-02,1.336708750089606879e-01,-1.968937782650679591e-01,-6.645390989806505833e-02,2.253111424494372295e-02,1.297804736002339254e-01,1.464019371158489513e-01,2.473462200780920106e-01,2.105485055771900982e-01,-1.284074766861232897e-01,9.102571902762778000e-02,3.428979182792802893e-01,-2.409422924213639738e-01,-9.732594983618418627e-02,-1.524121026777826293e-01,5.848294614507244804e-02,5.424989382515120750e-01,-2.991255315341888599e-01,4.711923664916046195e-01,-2.829072042393578762e-02,1.933232601909935511e-01,-3.622179415564138472e-01,5.116894246307034100e-02,-2.896875482996719153e-02,8.787749749472204552e-01,-1.181263569321216733e-01,1.521553297324972354e-01,1.185333014990625211e-01,5.752102056223807880e-01,1.344881718457365538e-01,-2.721022930547163377e-01,-5.088548180086058803e-01,-5.261383705821010004e-01,-1.850308971592203033e-01,1.487999871866829693e-01,2.383468417055974731e-01,2.571330291387438072e-01,3.220677085940773510e-02,-3.978451721182019174e-02,-4.032821704440395227e-01,-5.976391479294490550e-02,-5.045843716474822660e-01,-3.788931171225675132e-01,5.112459896533110004e-02,-1.138116954353716043e-01,7.008648758562625869e-02,2.490086114078788604e-01,-1.795685296897365840e-03
-2.031032909961631716e-02,-1.925622787548345871e-01,-3.927920854135047990e-01,2.691959658468174865e-01,-1.875286997310727788e-01,-6.925922095573990023e-02,5.497420309383080905e-01,-6.595879117207755771e-01,-3.341764539269988510e-01,3.633684519051543216e-01,-4.908171347669715856e-01,-3.314952030550977202e-01,1.654961295232768859e-01,-3.474100837463786617e-01,2.675075948145067550e-01,5.590578134451547054e-01,4.785050838302524756e-01,5.960239344316246024e-01,-6.308936809282872371e-01,-1.010000109198411627e-01,-1.008757851892254781e-01,1.925762527275983460e-01,-5.917671824284606030e-01,-3.600500147546936702e-01,2.324068140041277847e-02,2.135808343042130408e-01,4.547211427234429393e-01,-1.468757068328083448e-01,7.615941559557648510e-01,-2.185530831928956252e-01,4.567320584067044442e-02,5.475721655046269370e-02,2.029353019308692552e-01,-1.009314994279009586e-01,-3.873821263313988461e-01,-4.684503210218994851e-01,4.197482171792291106e-02,-2.412356197565573013e-01,-4.459997682130516505e-01,2.843311254791328069e-01,-7.143928141292045231e-01,-3.328240559998740244e-01,9.354549032543839349e-03,-4.393727992287253525e-01,-4.834787171693091801e-01,-3.995751101734119209e-02,-2.841568513654898487e-01,2.292036190242741078e-01,-1.124906254255052807e-01,2.410369584112190544e-01,1.519492054940239749e-02,-5.853611426866814904e-01,-1.103045292461045657e-01,-3.510681345733318581e-01,-3.079843350531689603e-02,-7.202802632258157312e-01,-4.963770343383365757e-01,-3.594447151064315005e-01,-3.074253477631054277e-01,-7.280723035530525800e-02,2.803773060061638678e-02,5.011463174005102994e-01,-4.721373339898281563e-01,-5.102065271895592918e-02,5.867763423516479671e-02,6.937164676872088764e-02,-3.155607616888985723e-01,-2.344158361497660492e-01,-1.490680590058610644e-01,-6.077848570396439561e-03,-2.714650047999950799e-01,-4.461443607260686672e-01,2.121026810080603731e-01,-3.340882388841313888e-02,-1.494090452307685335e-01,-3.187601031071067847e-01,3.381425754286198626e-01,-5.198393633730927776e-01,4.584268584679399711e-02,-3.299718562339953865e-02,-2.068366880988675993e-01,-4.057863664777752177e-01,4.167417828485209252e-02,-1.813727513481749182e-02
1.887423576306337114e-01,-1.864067247648395209e-01,6.647074152723388141e-02,-9.346964032007799850e-02,-7.293139609199340845e-02,3.545527633883492347e-01,-8.896857253906421958e-02,2.992880496598404050e-01,-3.074356400560460806e-02,-1.142286797214347310e-01,1.337490828513394625e-01,2.459554396503279838e-01,3.427122466822249969e-01,-3.626133839632787736e-02,-1.684774441143884263e-02,1.848793883636071222e-01,-1.194620948188536251e-02,1.928794445954350456e-01,1.814086681622616160e-01,2.491212483111619747e-03,-6.769380169471150843e-02,-1.467236763810828848e-01,1.031894138419152673e-01,-4.357417698501352826e-02,2.431117751647527969e-01,3.633309351476715077e-01,-1.699070568909720746e-01,5.793343465238542933e-02,-2.185530831928955697e-01,7.615941559557648510e-01,-8.028090124690799578e-02,-1.237142033822440368e-01,-2.969207995891451901e-01,8.672225578817889524e-02,-1.340787133355948457e-01,7.083069966706574683e-02,-3.314074436862569639e-01,1.374611437214209586e-01,1.930007783575152583e-02,-1.141205026164013314e-01,1.128022112789468512e-01,2.037191757395357197e-02,-2.501743453253935656e-01,1.042546080257145957e-01,-2.465930145108543789e-02,7.040970181873003331e-02,8.110065835807563420e-03,-1.106477597135412279e-02,-8.818199536189338245e-03,-4.116655602090224519e-01,1.510966732714948413e-01,1.446408590056166288e-01,1.629528139131307674e-01,-4.408445721181222798e-01,-3.059410677480755084e-02,-2.798440903020422976e-02,-1.501263818242284942e-01,-2.037288105442389696e-01,-8.130139545751019492e-02,-1.835063076863960134e-03,-2.605339386513282757e-02,-2.403525947935614415e-01,4.754535451312481009e-01,-2.825052490153821538e-01,-2.910427034008726890e-02,-3.502627339506511062e-01,6.092925314713895646e-02,-1.636658529673688245e-01,-3.038924512512622411e-01,-7.603199412982042382e-03,-2.362754704350003565e-01,6.033960179146239527e-02,1.240041001815566160e-02,-5.014676970977247628e-01,1.961629669869583703e-01,-1.807975186902934517e-01,6.588701194658416749e-02,-2.297487148589185957e-01,-1.688371438548082193e-01,-1.525820879210448011e-01,-6.891146981471221733e-02,4.269983149224960278e-03,-9.339997076953601707e-02,-3.739623163011667195e-01
2.809811807181219478e-01,-1.091152102574610705e-01,-1.423145466738748588e-01,6.742646059170846751e-02,-9.901019623068720021e-02,1.710108620989356787e-01,-3.042668150575375888e-02,5.254050701674896351e-02,-1.546887910162914326e-01,-4.517540223296411667e-02,-1.990415654681784996e-01,3.455136057872866817e-01,2.801624991700711886e-01,-2.578364604048993813e-01,2.649888932242207007e-01,-9.732250527743753488e-02,4.171157942566519616e-01,1.440353210942630149e-02,-2.863343994927948777e-01,3.217344728602056780e-01,9.372480143239010630e-02,3.034876936364021560e-01,-3.182153951104118444e-02,2.184394738386238877e-01,-3.719207168705903621e-01,2.151215505352211121e-01,-4.952466826237287428e-02,3.804183552655543421e-01,4.567320584067040279e-02,-8.028090124690799578e-02,7.615941559557648510e-01,1.757803510200940666e-01,2.245977726588219495e-02,3.523160749617133131e-02,-2.051151164276085181e-01,-1.470114860252913214e-01,-1.024514451193491854e-01,-3.309884201283396776e-01,3.472019922631466166e-02,-4.813100921470386262e-01,1.463158332905555303e-01,-1.647000308668576107e-01,-8.609010929886633245e-03,-1.761493016738855943e-01,2.913529826651712340e-01,3.264749646266944250e-02,-2.980717781318250048e-01,2.238606064437021759e-01,-3.307917962311024418e-02,1.873350038309765375e-01,-2.947629707239763155e-02,-2.883217540584179228e-01,2.563760952493701062e-01,3.888847127518988561e-02,2.930788125057854909e-01,-5.383627161263939039e-03,2.244815149592979120e-01,-2.454843516521175995e-01,1.717164677343642198e-01,-4.689693297476981576e-02,3.263672331264326210e-01,2.848798099832357267e-02,2.782037533938803708e-01,4.170226556765816994e-01,-3.740039798369576562e-02,1.416435989947226748e-01,-5.657568334081616301e-01,-4.537553964964827213e-02,-4.566086342657806330e-01,1.550351173350784650e-01,3.057967858759637059e-01,7.591283628718117904e-02,1.241612013960259261e-02,1.730105905826803681e-02,-8.635579748143241974e-02,-3.495154303040146626e-01,-4.971929473698986635e-01,-1.415363528694683626e-01,-2.775847454736523057e-01,2.818340766645556217e-01,3.183203568723795285e-01,5.214267816690858898e-02,2.766824095592086419e-01,2.083053748048427078e-01
-2.949665818123341915e-02,-6.108015866304426777e-02,3.752598803605143307e-01,2.375969455900892313e-01,1.804259206068692944e-01,-1.246344113879817445e-01,-1.981304078106449207e-01,1.327171524261197832e-01,5.472747435365874630e-02,-3.031098537807973281e-02,3.481722126800044781e-01,9.759689960266156039e-02,-3.860569318838708019e-01,2.412020832750118304e-01,7.614683525344557724e-01,-1.431095139877344991e-01,-1.392760020570620871e-01,-2.748663777327295388e-01,1.894124693320232145e-01,7.946195313428748852e-01,-1.049844233515803867e-02,6.965839887903196859e-01,1.306710541830679029e-01,7.770875788867157366e-03,-2.342690460259129748e-01,1.215564981145174639e-01,3.134452933439870193e-01,7.330722524497078618e-01,5.475721655046269370e-02,-1.237142033822440090e-01,1.757803510200940666e-01,7.615941559557648510e-01,5.328141181027133966e-01,-1.149458168845070710e-01,-1.176748050349642333e-01,3.869875224958090887e-01,7.989626278228360856e-02,1.767529060731881929e-01,-1.595402889819122760e-01,-9.483149476682081747e-02,3.993855453680824480e-02,1.491481949123964479e-01,7.884491494708122106e-02,4.353550101869591571e-01,1.108670898725586940e-01,-3.143526977803854372e-01,2.933933606622043389e-01,7.333451827683959978e-01,-1.112744444954423956e-01,-1.313950803965858727e-01,-2.143565130526944307e-01,3.078577700257339456e-01,7.591352291927502272e-01,1.670279921297519732e-02,7.530715051864000920e-01,8.835846945071984537e-02,1.374775585267014044e-01,-1.415141734727745626e-01,2.185572634941091441e-01,4.235800260978530574e-01,7.390096835984516499e-01,1.263075760056388275e-01,1.281105305965646868e-01,1.999049807284664360e-01,8.727469143435162557e-01,5.117186511244259384e-01,-1.785744538529419334e-01,-4.643855173230945765e-01,-5.605844234119145009e-01,-2.427691038835918802e-01,1.848686928366156113e-01,2.066775209571719563e-01,1.717775427999826410e-01,-8.521633635421750619e-02,-8.009821133500420742e-02,-3.653505210664973468e-01,-1.717976093662665904e-01,-3.983158756963585123e-01,-4.318697555525850551e-01,-1.141832392972002563e-01,8.006666586092522561e-03,5.854351812994437049e-02,3.402357736627835139e-01,-8.468856024533709392e-02
-2.160995382770397322e-01,5.152432124877092123e-01,-3.388882667468210222e-03,3.737139328833602447e-01,1.163454968813797258e-01,-5.837913473655070851e-01,-1.213977395552088695e-01,-2.071161642681755011e-01,7.925834488482130791e-02,3.160350133283674756e-01,2.058219264563785136e-02,-5.214799793859931087e-02,-6.126893084484609231e-01,7.481375333505534131e-02,5.938932745006835212e-01,1.238171527020876239e-01,8.858782798828772342e-02,-7.779544838450590249e-02,-2.382926050649237237e-01,5.088945402202667001e-01,1.150889775511211854e-01,5.705308332149743311e-01,-2.328805297621775461e-01,1.976582135636593129e-01,-9.561859177754615524e-02,5.157632968407037388e-02,3.479156786415572022e-01,2.007526628450796158e-01,2.029353019308693662e-01,-2.969207995891451346e-01,2.245977726588222270e-02,5.328141181027133966e-01,7.615941559557648510e-01,-1.515716359743184416e-01,3.367423186152638803e-01,3.798448664224515769e-02,-1.276119786272462454e-02,-4.838825026704614285e-02,-5.974217326089831248e-01,-1.456051995585941339e-01,-3.168991678293324732e-01,1.093887678890862053e-01,2.842963456208946749e-01,6.164565164475728498e-02,-1.122693923312250985e-01,-5.357123138332765544e-01,6.423154572608753832e-02,5.511584751620822731e-01,-7.888572841761528481e-03,4.176465933157214733e-02,-1.338716307883676404e-01,-1.433914362538509790e-01,4.293145147444258902e-01,1.961800115297031299e-01,4.913132776565390381e-01,-3.804396987363241056e-01,3.593830228257905435e-01,-1.583102256947815922e-01,-1.876806384043565659e-02,1.661220730933801459e-01,3.106180282803107651e-01,2.884147213405781618e-01,-2.527410602403405981e-01,-8.894533726713120536e-02,4.778908211247717142e-01,8.207283168210107727e-01,-3.818586733953474588e-01,-4.578533333665828486e-01,-1.846470287014637945e-01,-3.603244001130701674e-02,1.147483048843844500e-01,-6.578951923374333488e-02,1.904702296781539536e-03,3.571014803815916183e-01,-1.009024769079784889e-01,-2.780030095925844491e-01,-1.001536152630052995e-01,-4.370379707053397289e-01,-5.696745675576810226e-03,8.882695937795440089e-02,2.750442135224888673e-01,-1.314896294216815198e-01,1.066438176247679753e-01,4.653199652824064891e-01
3.514388384657286535e-01,-1.764881208096025778e-01,-1.343675987550819739e-01,-1.176040261100051998e-01,-8.684454914148145854e-02,-1.741390529528074049e-01,-4.547023755171156201e-02,-1.828018981536305709e-01,-1.694604250639319687e-01,-5.225705325138262081e-02,-1.722312913320771244e-01,-1.099988813137164761e-01,-1.042112315529011846e-01,-1.929736397794831193e-01,-3.600192397760809682e-02,-9.717260463145929728e-02,-1.368184255909607738e-01,-8.814693447992334729e-02,-3.402080879093397070e-01,-6.280144416997979206e-02,-1.449084493501600901e-01,-1.556133920989773711e-01,-1.956081476592017865e-01,3.594298458471854169e-02,-3.759950962845364786e-01,-1.446065647326129633e-01,-4.034050761433548571e-01,1.725642623871553316e-01,-1.009314994279009586e-01,8.672225578817892300e-02,3.523160749617128967e-02,-1.149458168845070710e-01,-1.515716359743184416e-01,7.615941559557648510e-01,-3.080313407761467101e-02,-8.741503368937308949e-02,8.574215602952685658e-03,1.753462723837405923e-01,8.564931143781019662e-02,1.729852446377468933e-01,-2.626768104902180712e-01,-8.956969473980980201e-02,1.014238364591900921e-01,-2.245766092586549967e-01,-6.328029646821314858e-02,3.516355655319589046e-01,-1.696333627528435473e-01,-2.808469568406422173e-02,3.365452809106738163e-01,-3.691666308087325488e-02,4.641744047864602707e-01,-3.404746451925962369e-01,-2.381128900700886855e-03,-2.000669375049187182e-01,3.544591192520872569e-02,-1.080530369199296931e-01,1.429340981188713944e-01,1.416148982319507046e-02,2.734026687605566330e-01,-3.799014547756429661e-01,4.319221740143784349e-01,3.333060706754438496e-02,5.396934302342849821e-02,1.266812278048781541e-02,-9.102525450723505940e-02,-1.239502538141860899e-01,-6.558675476995294573e-02,-5.049003571195095352e-01,-4.675416331450665264e-01,-3.468907134357059885e-01,-1.736206207437452631e-01,-4.897238734382210190e-02,3.058106431495395960e-01,-1.275864678645291239e-01,-1.657756560986735073e-01,-3.310183470578795806e-01,-2.998768918292939456e-01,-4.322951148290199996e-01,-2.285986488999298405e-01,3.274479710064547716e-02,-9.395516172872928062e-02,-1.941163858217049842e-01,3.908509639337767044e-02,-1.529895645364675039e-01
-3.041640523638567961e-01,8.200088492796833162e-01,-1.076287510306392498e-01,-5.295860795708402270e-03,-2.000053525344997474e-01,-4.990957358082522832e-01,-4.459601337619042427e-01,7.033489603935377810e-02,-2.944129951967834335e-01,-6.277788981290052805e-02,-2.161427942297000082e-01,-1.852434545804451382e-01,-6.382660152666330688e-01,3.868797503376381064e-02,1.721500957398817977e-01,-5.327610844175487310e-03,-4.846440408741257144e-01,-1.727681374210643384e-01,-4.696014984505875733e-01,-2.059517985448652000e-01,4.479491062690988956e-01,-5.961524213581769621e-02,1.537464028156946549e-01,5.121059044682804151e-01,6.972566037262256655e-02,1.139093529090311058e-01,-9.204799705210116312e-02,-2.976660817549892646e-01,-3.873821263313987351e-01,-1.340787133355948457e-01,-2.051151164276085181e-01,-1.176748050349643859e-01,3.367423186152637138e-01,-3.080313407761469877e-02,7.615941559557648510e-01,-5.074990454826063674e-02,-9.769197899521918360e-02,-1.138554493160634784e-01,-4.079102663090005132e-01,-3.161252829458789382e-01,4.617286633292359832e-02,-2.601797502948328122e-01,-5.869601109080400947e-02,-1.759401109164655808e-01,2.310529775982251427e-02,-5.333354728151782354e-01,-2.151319459535719000e-02,1.487439340979543612e-01,7.561571426689649156e-02,-4.074016683368267833e-01,-9.160190027977148375e-02,-4.241303840524247026e-01,-2.299881856904705812e-01,5.302376059067984704e-01,-9.943769594220050467e-02,1.011453573993668087e-01,7.245900857561159425e-01,7.903370130739179045e-02,3.560923004791379243e-01,-1.932093125618296325e-01,-1.874887285808767290e-01,-2.396594609220992766e-01,-3.964697904912144466e-01,-1.543289076390534365e-01,1.639545284238248454e-02,1.716263143289865345e-01,-2.130553334048622127e-01,-1.624549395262038509e-01,1.687400924503096866e-01,-1.884485772252757207e-02,2.586527517923644659e-01,1.314152627618828395e-01,-2.244168964406182132e-01,2.125541173412500429e-01,2.008832899958965523e-01,-1.191364829129491626e-01,-5.174031628260555155e-02,-1.886395502679276692e-01,9.871219354550998804e-02,-4.653485727922060042e-03,2.181417820425344545e-01,1.277210079980042046e-01,-2.543007789967315357e-01,3.400364729574364975e-01
-2.080027094412317534e-01,-1.354954796021422270e-01,9.326776794728961484e-01,-2.848977682448043947e-01,2.322804910230259756e-01,-3.916885699023791578e-01,-4.126480843098634388e-01,8.896384054763403770e-02,5.526650108583313070e-01,-3.330877679740160691e-01,8.388664991430430096e-01,-1.103783231737756471e-01,-4.461457436896011930e-01,2.795462461324304537e-01,3.837939631942920427e-01,-3.628101285821811461e-01,-4.604279389224428809e-01,-2.806734949460988893e-01,7.679996884941998614e-01,3.681716092355922232e-01,-3.812793787803586132e-01,2.285651977832642637e-02,4.525653557061911497e-02,-1.676793993697736906e-01,-3.940265343284174993e-01,-3.075517314630124566e-01,3.957723674105639161e-02,2.188363069225662261e-01,-4.684503210218995961e-01,7.083069966706571907e-02,-1.470114860252913214e-01,3.869875224958090332e-01,3.798448664224519933e-02,-8.741503368937307561e-02,-5.074990454826055347e-02,7.615941559557648510e-01,-2.637695809247436740e-01,3.310088225221025082e-01,-3.383755038107991719e-01,-8.631320022059150998e-02,2.206467766736876571e-02,5.497053060698178228e-01,-4.387228142960467592e-01,8.826622854017788233e-01,-2.936971060991481752e-01,-3.827136265560941442e-01,3.774481792672717551e-01,2.625327254089088735e-01,-3.224721275369859530e-01,-4.601427528839453496e-01,-2.525781980938562876e-01,8.331634126687144093e-01,3.826081795072957537e-01,-3.915190685173498553e-01,1.244754375679259922e-01,4.464036699960879234e-02,-6.778275446222435663e-02,-4.810528561166825812e-01,-3.403541266374532359e-01,1.663859785231526778e-01,1.056041179531974281e-02,-3.686562378661042971e-01,-9.768338761805871184e-02,-1.297007719538996184e-01,2.592006668045555157e-02,-1.495345496784043771e-01,-3.789203203950953225e-01,-5.006526856614321730e-01,-6.046956285715895385e-01,-5.839499986048812818e-01,-2.165990326568933977e-01,1.322823426897594239e-02,-3.248582559197729092e-01,-3.497715396830565759e-01,-2.048747192446912224e-01,-7.438766353202298787e-02,-3.610875281814063253e-01,-4.438449894670848384e-01,-6.239505646366765301e-01,-6.232322017645010037e-01,-3.348106659236349536e-01,-1.343077470691654840e-01,-2.235650476058781422e-01,-4.039645168621193716e-01
-2.109616150592011630e-01,-2.254205396592857402e-01,-2.502180201609040533e-01,3.978895931322741220e-01,1.341606004741074665e-01,-1.788369048379372384e-01,2.155242321287990648e-01,-2.593047956674621179e-01,-1.648135158128521127e-01,-4.130553215514067705e-02,-2.282642808793522438e-01,9.140706680110806392e-02,-1.016686151932890206e-02,1.051315304720740335e-01,-1.526877848954112660e-01,-2.096350097143075963e-01,5.789579901599971323e-02,-2.219815284065420891e-01,-2.713104359688154887e-01,-1.215081277505226515e-01,-2.147762501747614294e-01,-1.405739007823023079e-01,-3.084278029732636095e-01,-1.623080004015093891e-01,-1.600461405208059018e-01,-3.950976778603081940e-01,5.366062844101582296e-02,-4.159655169110022116e-02,4.197482171792293881e-02,-3.314074436862569639e-01,-1.024514451193491854e-01,7.989626278228363632e-02,-1.276119786272461067e-02,8.574215602952685658e-03,-9.769197899521916972e-02,-2.637695809247437850e-01,7.615941559557648510e-01,1.115909730314922910e-01,3.465084858362092041e-02,2.394044504100492632e-01,-2.657063141701806464e-01,-9.109408190917112069e-02,2.969435865917514628e-01,-1.263396956560056406e-01,-3.232984360059390494e-02,1.733997599146930302e-01,1.511278255190064701e-01,-1.784542682498228838e-01,3.975905600642264115e-02,2.447859854494219278e-01,9.676704722785989254e-02,-1.967318862839364524e-01,-2.449592471189799836e-01,-1.177373440158181878e-01,-1.675045079583563079e-01,-1.915729746806607847e-01,-1.086877364541451452e-01,1.162776383258396495e-01,-1.658277000868247086e-01,-9.829697029680800613e-02,8.798191635185602377e-02,9.578051661204340815e-04,1.150695869344878774e-01,4.112452645894597303e-02,-1.032686599234360070e-01,-8.329243422043479395e-02,-1.086330019593879787e-01,-2.266323561525206420e-01,-2.189995369061607799e-01,-1.589939432205704217e-01,-1.260165287285747171e-01,2.733737410203914697e-01,1.652838716380617134e-01,2.013857668625595454e-01,9.466817294634598257e-02,9.200072414805236798e-02,-1.924412264442676435e-01,6.696194909676980722e-02,-1.444830155587645271e-01,-6.943125315818184096e-02,-1.480409544227267726e-01,3.029750639695915626e-01,3.244058936786127223e-01,3.326824400207090138e-02
-4.433512978402626842e-02,-3.028214514978543881e-01,3.431420464785972513e-01,-1.631596154804723087e-01,6.997217629675041017e-01,-2.381298459711555515e-01,-1.051591040867688592e-01,-9.263625071232689523e-02,4.389350375543848992e-01,-2.361643568946203697e-01,3.472363732072746845e-01,-6.928597489579690037e-03,-1.760043261212856924e-01,3.543047426518335929e-01,1.233088504510031769e-01,-1.530259806054868332e-01,-2.809399889974759645e-01,-1.735556187702060327e-01,8.417239956165427361e-02,1.683042364703860871e-01,-3.867920535356970668e-01,-9.147469525919890709e-02,-2.050041906770969924e-01,-2.261820906730376002e-01,-2.479707175548578335e-01,-2.974039426554547783e-01,1.547974457448887120e-01,1.336708750089606323e-01,-2.412356197565572180e-01,1.374611437214209031e-01,-3.309884201283396776e-01,1.767529060731881652e-01,-4.838825026704608734e-02,1.753462723837405923e-01,-1.138554493160634506e-01,3.310088225221026192e-01,1.115909730314923742e-01,7.615941559557648510e-01,-2.505938794757123778e-01,5.147897958690941245e-01,-2.833837785306951851e-01,6.315300004354774677e-01,-2.454972328809557069e-01,3.977672094243396295e-01,-7.217074104668609602e-02,3.182815013658901043e-02,5.221655106708188443e-01,-1.207187405914891543e-01,-1.960728036214611225e-01,-2.858504010644437043e-01,-1.720420449130882767e-01,1.760535627588524221e-01,4.131819104053088831e-02,-5.061404550954513581e-01,-1.712513152221341040e-01,-2.746521836716865894e-01,-1.828703909569119046e-01,-3.820792122400877844e-01,-4.245718147998751024e-01,7.908748677305318941e-02,2.438624720200032459e-01,-2.884173699883505471e-01,8.333669696132335603e-02,-9.031931924089942054e-02,-9.262729746312174661e-02,-2.057796950812450509e-01,-1.994673752418514856e-01,-5.102102348062076409e-01,-4.056647330996646650e-01,-3.523743882925791104e-01,-2.642367336589027116e-01,1.114095052679602987e-01,2.901529834690225740e-01,-2.080814710523075095e-01,-1.837794026517758916e-01,-2.091095425271486674e-01,-1.657515538559700685e-01,-3.092871802787807156e-01,-3.977581641319248296e-01,-2.845602874546369065e-01,-3.103844125409386256e-01,1.157575812895230705e-01,9.534553722567834511e-02,-2.393813995144825901e-01
-1.352907635725763003e-01,-5.659272947905807927e-01,-4.170271843775852916e-01,6.647995654735604568e-03,-2.386201697777047548e-01,4.422624735042875455e-01,-1.761191083649858435e-01,1.690205755417386879e-01,-4.704195744874440366e-01,-4.967664866844984095e-01,-4.173976632149891675e-01,2.450713070820449979e-01,8.742178009741179145e-02,7.517319673736069796e-02,-2.599200353310902045e-01,-5.649796160060026606e-01,-2.084886166271048558e-01,-5.646185439731689071e-01,-5.601979849818083945e-01,-2.599522225231726824e-01,-1.005528449626418852e-01,-4.512825154166481556e-01,3.874464696358178445e-02,-8.415899137716169320e-02,-3.615462728657726776e-01,-4.167266293607150285e-01,-3.956004737543654115e-01,-1.968937782650681256e-01,-4.459997682130517060e-01,1.930007783575163685e-02,3.472019922631470329e-02,-1.595402889819122760e-01,-5.974217326089831248e-01,8.564931143781025213e-02,-4.079102663090005132e-01,-3.383755038107991719e-01,3.465084858362085102e-02,-2.505938794757123778e-01,7.615941559557648510e-01,-2.693362230264065293e-01,4.383112135000673537e-01,-5.008027399970135241e-01,-9.236992446337498330e-02,-3.553795522921368022e-01,5.217711314045418991e-01,4.085317316298476831e-01,-4.689934095804540459e-02,-1.542326742358837710e-01,8.298902488789586251e-02,-8.219321209863359031e-04,3.420360993724994719e-02,-5.081161678027769080e-01,-1.907740295466373026e-01,6.723269159178903165e-02,-2.624937624573780992e-01,4.034680122631169041e-01,1.142194769852369028e-02,3.437141218611513560e-01,3.341751259842765109e-01,-1.528313799314221511e-01,-9.419076648949993580e-02,-1.893739548996750954e-01,4.276965407500008531e-01,2.194058598922123404e-01,-1.654544920892140614e-01,-3.873539255217737787e-01,1.380577521475316871e-01,-2.931822639778240980e-01,-4.590846767004859164e-01,-4.728731656416420015e-01,-1.820043448974183464e-01,3.023844426570855282e-01,-1.048766586736290252e-01,-2.302352339364659439e-01,1.353162959790963626e-01,-3.506377183912919859e-01,-4.805540289109917484e-01,5.877299738466271184e-02,-4.753111827886911112e-01,-4.020947229721945071e-01,-2.993650404042760838e-01,1.550955692305968914e-01,-2.125061451006003410e-01,-3.445386120536557684e-01
-2.884294426106078293e-02,-4.059926757415757703e-01,6.802890652544178220e-03,3.094300059287232937e-02,2.845074853487616906e-01,-1.146467646808021768e-01,4.835626278041747494e-01,-3.435764417733763731e-01,1.323454585891412627e-01,-7.090433778136988330e-02,-5.370181308115862251e-02,-1.737374526196490410e-01,2.200865967344816931e-01,-1.987424044160497894e-01,1.141546473016149255e-01,1.676489941036475029e-01,-1.573755804297610472e-01,1.360057082842281162e-01,-1.455134007877723901e-01,1.502987250607373260e-01,-4.242902706884215669e-01,4.235668004493028937e-02,-4.042534894829806769e-01,-4.144148224236339773e-01,-3.644580103438186530e-02,3.632144377212152830e-02,5.456656218413385995e-01,-6.645390989806500281e-02,2.843311254791328624e-01,-1.141205026164013314e-01,-4.813100921470386262e-01,-9.483149476682076195e-02,-1.456051995585941339e-01,1.729852446377468655e-01,-3.161252829458789937e-01,-8.631320022059150998e-02,2.394044504100493187e-01,5.147897958690941245e-01,-2.693362230264065849e-01,7.615941559557648510e-01,-5.020012755261148429e-01,2.372935683037856736e-01,-1.803272817920757998e-01,-1.585565816937866412e-01,-2.973597836176196108e-01,3.533384693775769025e-01,-1.391661010028211361e-02,-1.135324706158349489e-01,3.555203075916064243e-02,-1.609279480969741938e-01,3.035716692829288146e-02,-1.213105922326543490e-01,3.859030148820793288e-02,-4.860565824767762999e-01,-8.291478312308529774e-02,-4.828869150458459103e-01,-4.571680759120667625e-01,-2.779331703271486487e-01,-3.498476487203971974e-01,3.772251439786425964e-01,7.993968040412070819e-02,2.497312084798712917e-01,-1.782289269804746001e-01,-2.644649243108625480e-01,-2.297919203501682939e-01,-2.414707500422849373e-01,-5.710639758493209900e-02,-3.299974996506314651e-01,-2.028347598520785500e-01,-3.111435402322893506e-01,-2.406587605105390548e-01,-7.922769746299665461e-02,2.478306427294702519e-01,-2.839661888678374213e-01,-3.177876575389041447e-01,-1.070556321139271155e-01,2.902915324382905338e-01,-2.223491150833200314e-01,-2.824414197752634914e-01,-2.394122992791301863e-01,-3.874956639993726859e-01,3.256336344702755181e-02,1.779582378230641360e-01,-3.803731822325704948e-01
-1.450645450510166801e-01,-1.256703857989579197e-02,-9.559950161539158831e-02,5.944827538941210160e-02,-1.388654668555738547e-01,7.817129516943167877e-02,-4.577889778061836057e-01,7.543892057922545469e-01,-4.493863967443461060e-01,-4.807020249996037942e-01,-9.305463441177100337e-02,5.455245250219892261e-01,-2.576809830090306952e-01,5.333897170805810273e-01,-9.274545989997470818e-02,-7.346722537122869490e-01,-5.308345384518861065e-01,-7.135575584384302728e-01,-1.739994033319526845e-01,-1.698083919022925770e-01,2.850281890685626984e-01,-3.405133617718133499e-01,7.109626492673758458e-01,4.009294746149725253e-01,-4.687468710988766940e-01,-2.750517388521248607e-01,-3.784904014687918705e-01,2.253111424494379234e-02,-7.143928141292045231e-01,1.128022112789468512e-01,1.463158332905556414e-01,3.993855453680828643e-02,-3.168991678293324732e-01,-2.626768104902181267e-01,4.617286633292357056e-02,2.206467766736872407e-02,-2.657063141701807574e-01,-2.833837785306951296e-01,4.383112135000675758e-01,-5.020012755261148429e-01,7.615941559557648510e-01,-4.923292645737148421e-01,-3.427533735554092464e-01,1.291349828825467429e-02,7.241106393486090864e-01,-9.987494543309288764e-02,1.934848249795352026e-01,3.671730526667436878e-02,-3.738349063210918977e-01,-5.001224442275994386e-01,-4.309397919268758703e-01,-1.727891054414130989e-01,-1.523071141712422916e-01,3.151976771070491568e-01,-2.375588666183754971e-01,8.894161089225788297e-01,4.842726051915722252e-01,-1.389203205450688650e-01,1.170568609682088451e-01,-1.319989499884498818e-01,-4.922066743716477927e-02,-4.812737256155812382e-01,4.366820338014064107e-01,2.550174825623564012e-01,-8.445845373261832989e-02,-1.586212289807098219e-01,-2.232682583426485456e-01,-1.934567287810344260e-01,-4.447893488845341969e-01,-3.188453380844041285e-01,5.938184617483467133e-03,4.239393305073443363e-01,-2.728640980546750416e-01,-1.141265243551432412e-01,3.910324294567667502e-01,-4.520272027163501488e-02,-5.293694292564495862e-01,2.337996294866952901e-02,-5.308650561235139786e-01,-4.076787452071528595e-01,-1.672792474220867742e-01,2.428605717360397265e-01,-2.949402201334064832e-01,-1.592424585720211838e-01
-1.280134534423615078e-01,-3.520923824615027065e-01,4.105407159697531672e-01,-1.803244008655202069e-01,4.448883828623612091e-01,-4.602991292967232861e-01,-1.760031571027931563e-01,-4.206716927529359773e-01,9.071067264820467102e-01,-1.834085770898720991e-01,4.208324574778352645e-01,-3.167307166537675078e-01,-3.702536936474551399e-01,-1.102062103981284458e-01,1.335010109762974073e-01,-8.784452887059748805e-02,-1.726818683950882838e-01,-4.357724700862873612e-02,2.811545493175706678e-01,3.356859973475463388e-01,-5.648332024981583821e-01,-9.137333900435572545e-03,-5.529767063453573384e-01,-2.461701920537778254e-01,-2.943495805759646089e-01,-3.313237303231184039e-01,-1.313311984157544514e-02,1.297804736002340364e-01,-3.328240559998739134e-01,2.037191757395357544e-02,-1.647000308668576662e-01,1.491481949123965034e-01,1.093887678890862886e-01,-8.956969473980985752e-02,-2.601797502948327567e-01,5.497053060698178228e-01,-9.109408190917109294e-02,6.315300004354773566e-01,-5.008027399970135241e-01,2.372935683037857013e-01,-4.923292645737148421e-01,7.615941559557648510e-01,-3.324930651666549997e-01,5.363199383790409058e-01,-4.224489041865400751e-01,-3.334535579229035984e-01,4.929621280088239410e-02,-2.228019045522218120e-02,-2.369649706438547998e-01,-1.943656679655832165e-01,-1.729472904027864466e-01,3.707955367221721366e-01,3.209399047796041016e-01,-6.277599321494287121e-01,4.649572365128322449e-02,-5.772272019484768757e-01,-1.807841802417640420e-01,-4.351471134042369515e-01,-4.133604217035198314e-01,1.858361347961052235e-01,9.418504040133486447e-04,-2.534627049152350931e-01,-2.039325798124706213e-01,-6.055231781703994398e-02,-9.242963865135840618e-02,-2.443604002944713138e-02,-3.898128166523511795e-01,-5.496393390558590442e-01,-4.425279827633882834e-01,-3.973402061904117710e-01,-2.589882478639145003e-01,-1.287627658243723772e-01,-7.359209403597716248e-02,-1.396661686253389267e-01,-3.110767744359081433e-01,-2.211162576579094596e-01,-3.123457106456469790e-01,-5.567789668445340956e-01,-4.323556559608191519e-01,-2.894105339877388605e-01,-3.126874749291199684e-01,-1.820604586882587084e-01,-8.901066348163416686e-02,-2.021698639812528620e-01
-2.445584067627013247e-01,-1.794840050723863767e-01,-5.002925786094178928e-01,2.244062729422761082e-01,-1.864018104259583530e-01,-3.752582559926267991e-01,1.706655908876741901e-01,-3.380610060551312857e-01,-3.560590869064662600e-01,6.545076002100693735e-01,-4.319932247053904217e-01,2.610145975863534251e-01,-2.179086417496283734e-01,-1.707029321124786392e-01,1.914969300055743839e-01,7.366827696948113902e-02,3.127260464950731844e-01,2.240533570606528246e-01,-4.629583603535754044e-01,3.255710609756496537e-02,-2.739709141114789470e-01,-4.652472859452391057e-02,-5.431485858047185866e-01,4.169880912496382597e-01,-9.343689001207198044e-03,-2.552534988053543896e-02,-2.061210463760751732e-01,1.464019371158489513e-01,9.354549032543950371e-03,-2.501743453253935656e-01,-8.609010929886716512e-03,7.884491494708117942e-02,2.842963456208946749e-01,1.014238364591900227e-01,-5.869601109080400947e-02,-4.387228142960469812e-01,2.969435865917513517e-01,-2.454972328809557069e-01,-9.236992446337502494e-02,-1.803272817920757998e-01,-3.427533735554092464e-01,-3.324930651666549442e-01,7.615941559557648510e-01,-3.430147018297641237e-01,1.674212757353304437e-01,4.646405866248504851e-02,-1.003538206326539256e-01,-4.982237602114784197e-02,1.949923856897365637e-01,6.267411128520362640e-01,5.687580887653348460e-01,-4.036937750571150674e-01,8.169889582836129677e-03,-1.255659228068553290e-01,7.610609166452209605e-03,-4.472203654954141627e-01,2.190826274589132427e-01,4.506656089581055347e-01,2.694654069632452797e-01,-2.767837060985954278e-01,2.703549628913839431e-01,-2.991315967630758452e-02,6.375363165083254569e-02,-3.924747048107524172e-03,9.566206633217355648e-02,2.595453049436690085e-01,-3.978078020228537071e-02,-3.679478517154031736e-01,-3.299934625029889157e-02,1.273987078685831498e-02,-1.809319525319228184e-01,7.927499068035868957e-02,7.044575832752929950e-03,4.327298313312764599e-01,-2.383445088680513635e-01,-1.933263913536563405e-01,-1.826269451154653445e-01,-1.988673726636028816e-01,1.862604219953208073e-01,1.418296271711259326e-01,-9.817961196484505104e-02,1.813958796688461828e-01,8.553088993026874975e-02,4.839599012741026551e-01
-2.758330294004558980e-01,-2.168526837262575446e-01,8.578152110705908884e-01,-2.597283553124496436e-01,3.608716373401794075e-01,-3.753064077674168608e-01,-4.613725848966228615e-01,7.016422155972060204e-02,5.606567461008665765e-01,-2.885433700213995145e-01,9.322030506286559381e-01,-6.008391978638598363e-02,-4.189254103850798550e-01,3.951501004554654473e-01,3.711265919664338275e-01,-3.075832993504265533e-01,-3.161228913973391785e-01,-2.470210108009232020e-01,6.998124737098579962e-01,2.402006560907607169e-01,-3.230105817225468745e-01,-6.821771569988861750e-02,-6.402949939240844268e-02,-1.020708441603724176e-01,-4.158072450122159980e-01,-3.994064369501956202e-01,3.602945577454157167e-02,2.473462200780918996e-01,-4.393727992287254636e-01,1.042546080257146235e-01,-1.761493016738855943e-01,4.353550101869591571e-01,6.164565164475732661e-02,-2.245766092586550244e-01,-1.759401109164656363e-01,8.826622854017789344e-01,-1.263396956560056961e-01,3.977672094243395740e-01,-3.553795522921366912e-01,-1.585565816937866135e-01,1.291349828825482694e-02,5.363199383790406838e-01,-3.430147018297641237e-01,7.615941559557648510e-01,-1.631384017580576606e-01,-4.217885100568362633e-01,5.025229368441357369e-01,2.259741260242180139e-01,-2.917396254528624722e-01,-2.920202878782376943e-01,-2.224327903740014878e-01,7.878478295956431454e-01,2.823094844616406696e-01,-4.054822763590174017e-01,-3.524086650058740403e-03,-6.348337970162994115e-02,-3.524853190218805998e-02,-4.671408442480659562e-01,-3.665381224595309906e-01,1.596170167059896838e-01,7.260455814200873770e-02,-3.969356456378069220e-01,-4.085054363833556801e-02,-6.034781580244837074e-02,5.441198031389651857e-02,-5.383199564813551802e-02,-5.573459283191696256e-01,-5.664077698698588570e-01,-5.842864392168064525e-01,-4.724086248318583037e-01,-1.989194164678137478e-01,1.413387546062752353e-01,-2.751248975721620749e-01,-2.116435275299333729e-01,-1.100598508919829327e-01,-2.289860465758701558e-01,-5.560644780211332350e-01,-5.668946562319284732e-01,-6.108110476761444696e-01,-5.242631604084271313e-01,-1.988043436948094267e-01,-7.736897345894858113e-02,-1.941924303629314064e-01,-2.790244019350542337e-01
3.564136409471069938e-02,-1.107010842510262882e-01,-3.714614069420286713e-01,1.129936917056060808e-01,7.943502870107353730e-02,2.586120053492763082e-01,1.579302765155292040e-02,6.623763600519355643e-01,-4.805729387222225646e-01,-2.128658293248607558e-01,-2.704342437631693241e-01,7.777636990831537922e-01,5.279098965748234978e-02,5.133261025266282473e-01,8.647470631575300548e-02,-5.096161242644378087e-01,-1.819982667042991664e-01,-4.399796942356946072e-01,-2.803529373913031253e-01,7.633551272731224635e-02,2.444085254875394408e-01,-1.158317655182300870e-01,4.579148142115410103e-01,7.140273940078882831e-01,-2.546121947693082976e-01,1.332646180309839667e-01,-2.162603994650224848e-01,2.105485055771900149e-01,-4.834787171693091801e-01,-2.465930145108544483e-02,2.913529826651712340e-01,1.108670898725586662e-01,-1.122693923312251818e-01,-6.328029646821317633e-02,2.310529775982252121e-02,-2.936971060991481752e-01,-3.232984360059384943e-02,-7.217074104668604051e-02,5.217711314045418991e-01,-2.973597836176197218e-01,7.241106393486090864e-01,-4.224489041865400196e-01,1.674212757353304715e-01,-1.631384017580576606e-01,7.615941559557648510e-01,2.647153228662025293e-01,3.368244993625945094e-01,1.027556091621945056e-01,-9.917161548578964925e-02,-1.005448751569447546e-01,-3.528201967018618906e-02,-2.723585271929637730e-01,7.762446304176981449e-02,2.537447829651641173e-01,2.038833629392445418e-02,6.465160679713343184e-01,5.946786344351708831e-01,2.512888954975067146e-01,4.574506348684230228e-01,-1.083012391608209890e-01,2.908257528151120264e-01,-3.209306601344257825e-01,6.150853283066241017e-01,7.558005348382801358e-02,-2.232914569888325151e-02,5.717364305317048506e-02,-2.916685985438105186e-02,-1.613692328466836134e-01,-2.195470416354484977e-01,6.522307906046391490e-02,1.067669279392215453e-01,5.909551810478413936e-01,-3.260454255401337709e-02,4.705142106268204311e-02,3.530775674237882078e-01,-1.483019888604616143e-01,-1.991393098469285972e-01,2.298600896196347776e-01,-2.311405851161937863e-01,3.091973494914347989e-02,2.733838197067696082e-02,5.580610978183964122e-01,-1.333801625882555936e-02,3.540615496177872829e-02
2.057685008093447510e-01,-6.293595450896578569e-01,-3.849906823610695916e-01,6.435011725712615899e-03,-8.459838168828962002e-02,2.317328690457120532e-01,4.222271617992984227e-01,-1.358495212385750495e-01,-3.859293794558156798e-01,-2.381576160288378929e-01,-4.220517159153205355e-01,2.073687699631973635e-01,4.626176878519542846e-01,-1.161717570313296616e-01,-1.873233612249683711e-01,-2.034997409468254081e-01,3.331150015785449420e-02,-1.037404342283526210e-01,-4.818173663889853131e-01,-2.362679061504531774e-01,-3.520762896539385012e-01,-4.094270743174007188e-01,-3.465244263208654973e-01,-1.926782075454133991e-01,-3.022159702078920374e-01,-9.262199968523750215e-02,-1.188452430068555749e-01,-1.284074766861232897e-01,-3.995751101734116434e-02,7.040970181873000555e-02,3.264749646266949107e-02,-3.143526977803853817e-01,-5.357123138332764434e-01,3.516355655319588491e-01,-5.333354728151782354e-01,-3.827136265560941442e-01,1.733997599146929469e-01,3.182815013658898268e-02,4.085317316298475721e-01,3.533384693775768470e-01,-9.987494543309294315e-02,-3.334535579229035984e-01,4.646405866248499300e-02,-4.217885100568362078e-01,2.647153228662024738e-01,7.615941559557648510e-01,-5.372489234972654265e-02,-2.350879262771256861e-01,7.721008225603498420e-02,1.348487873749614208e-01,3.125442802429316824e-01,-4.436710059425141850e-01,-2.543118595307406471e-01,-3.656406320738958549e-01,-3.107095359796048784e-01,-2.084580006896342708e-01,-3.163962840730738524e-01,1.377439886756703369e-01,1.758974771232722500e-01,-2.180341567560909743e-01,1.294075514592132325e-01,-4.463908854913886670e-02,1.909195761034789551e-01,3.404764444883807539e-03,-2.815351611733323267e-01,-3.955619647031689556e-01,2.034382547956437859e-01,-2.416235236243927109e-01,-4.906270960266937431e-01,-4.566760812634372280e-01,-2.988589051453430234e-01,5.576693117295998536e-02,2.593123487455994969e-01,-2.586017801273099437e-01,-1.153903226622444433e-01,-3.873390880725046115e-01,-4.282152994961575115e-02,-4.491862216139266145e-02,-4.573441397900270267e-01,-2.866971122399455951e-01,-2.941464085540607676e-01,2.189211653669703023e-02,1.594823062439947731e-02,-3.576320111604424645e-01
-2.643755550971034207e-01,-8.688211997296092781e-02,3.965807891954089004e-01,1.222103195573707168e-01,4.124713758930811380e-01,-1.396219250051920491e-01,-3.118922224463646642e-01,3.144665964404693148e-01,6.544772633331095990e-02,-1.985336324030395061e-01,5.552574125000580008e-01,3.442054244046591771e-01,-2.734915901280161599e-01,8.158275102145521318e-01,3.985829135933188216e-01,-3.018073871567780730e-01,-3.378755395759642788e-01,-2.684649236178954790e-01,4.675259244122332292e-01,3.312409105088796046e-01,-1.962909486155356709e-01,1.265010928426514025e-01,3.629491240969751065e-01,8.033110081656082493e-03,-1.095733334893426031e-01,-8.868861974526440206e-02,2.386182317342410153e-01,9.102571902762773837e-02,-2.841568513654898487e-01,8.110065835807625870e-03,-2.980717781318250603e-01,2.933933606622043389e-01,6.423154572608749668e-02,-1.696333627528435195e-01,-2.151319459535716225e-02,3.774481792672717551e-01,1.511278255190064701e-01,5.221655106708187333e-01,-4.689934095804539071e-02,-1.391661010028205810e-02,1.934848249795352026e-01,4.929621280088253288e-02,-1.003538206326540089e-01,5.025229368441356259e-01,3.368244993625945094e-01,-5.372489234972652877e-02,7.615941559557648510e-01,2.086325782579192545e-01,-2.936167826642224199e-01,-3.773240149889080519e-01,-1.766860715016743966e-01,4.429500449536140083e-01,2.432049223435710783e-01,-3.114757007378082254e-01,1.077120352804835229e-01,2.856865233895630185e-01,8.478898870150752831e-02,-2.548780645953144242e-01,-1.483211022215904784e-01,1.975808381852816875e-01,1.967152331768171614e-01,-3.138202780571584527e-01,3.286223210950450224e-01,-1.737986059415146389e-01,-3.271344393712238147e-02,-6.892553401598809637e-02,-1.382279539005553948e-01,-3.131857410636452732e-01,-2.015248523516328938e-01,-2.194833728763826430e-01,-2.434674615084586879e-01,4.286275196592839731e-01,8.924882912464832119e-02,-6.766135888026393597e-02,1.266952941293028601e-01,-3.875121184249877282e-02,-1.817878925046307603e-01,1.400235401457858297e-01,-2.466847613596732380e-01,-3.091123416006987257e-01,-1.239547312714793098e-01,5.442237615408208606e-01,2.168846151572815240e-01,-1.383259326169504200e-01
-1.305823660223757454e-01,1.385227035724811984e-01,2.174837603788531137e-01,2.072710888290760500e-01,1.390957703654617794e-01,-2.939944149622987779e-01,-1.233707068845295712e-01,-2.680734051712646690e-04,-5.866183476123006807e-02,-2.752199639810798751e-02,1.025101122172892842e-01,-2.079423878407309773e-02,-3.708699033631383535e-01,2.743709951379275647e-01,8.040813938847660713e-01,-8.442506855090434192e-02,-1.776349613748405554e-02,-2.547625445828271551e-01,-5.134834110250823674e-02,5.268309187007432781e-01,3.258179490249783483e-01,6.773023537775658687e-01,7.596610120322820625e-02,9.907299670561253713e-02,-2.290988548147231130e-01,1.804658423874595449e-02,3.025259150136905273e-01,3.428979182792802893e-01,2.292036190242739968e-01,-1.106477597135405340e-02,2.238606064437021759e-01,7.333451827683959978e-01,5.511584751620823841e-01,-2.808469568406411418e-02,1.487439340979543057e-01,2.625327254089088735e-01,-1.784542682498228838e-01,-1.207187405914892514e-01,-1.542326742358837988e-01,-1.135324706158348795e-01,3.671730526667441041e-02,-2.228019045522216732e-02,-4.982237602114782810e-02,2.259741260242179584e-01,1.027556091621945333e-01,-2.350879262771257416e-01,2.086325782579192267e-01,7.615941559557648510e-01,1.750385542221969959e-01,-1.134346428690790193e-01,-1.092609303342147176e-01,2.372435419535732712e-02,5.528156670571605646e-01,4.760248870766474738e-01,7.001410229849078792e-01,1.519228414586826781e-01,1.001514667457429758e-01,-1.658199917621774877e-01,2.411245052766583519e-01,4.708598241273947993e-01,3.739050830308157658e-01,4.253711200085597555e-01,-6.696160491821878669e-02,3.226997314674995843e-01,5.036971974695173548e-01,5.201294747189543211e-01,-1.842223182770518219e-01,-2.493983712760310112e-01,-4.186335214841255259e-01,-4.609731356633066379e-02,1.180011499344592145e-02,-4.387206619305861893e-02,-1.791870738733480559e-02,-8.201150778151325427e-02,-5.957634943846593610e-03,-4.353014806610789322e-01,-1.090244702077360073e-01,-2.955660656235456485e-01,-3.619884390414065956e-01,-4.417261088040281419e-02,2.422655531340114216e-02,-1.302273253636239414e-01,2.019818286931689688e-01,-4.870481378543221884e-02
-1.344028588272112579e-01,-2.255384469930104066e-02,-3.114753390230259322e-01,2.255057492975734712e-01,-2.393085584601575833e-01,-3.485343350827328490e-01,-1.038585712341033029e-01,-4.481053865955731408e-01,-2.367346268174534973e-01,1.358492955792817147e-01,-3.344466687986756837e-01,-3.248536281033702622e-01,-2.957628717479672265e-01,-3.199276044497713078e-01,5.673914600842626388e-02,1.118173764027228789e-01,1.889854900347889832e-01,1.055959525436149238e-01,-5.610988976752349089e-01,-3.248051142585703377e-01,1.404987244960635359e-02,-1.070966221495401466e-03,-4.705938304662476424e-01,-1.095190486703521981e-01,8.365631250921679377e-03,-1.020189716375170669e-01,-1.561523173517620766e-01,-2.409422924213640294e-01,-1.124906254255051696e-01,-8.818199536189348653e-03,-3.307917962311026500e-02,-1.112744444954423678e-01,-7.888572841761639504e-03,3.365452809106738719e-01,7.561571426689657482e-02,-3.224721275369858420e-01,3.975905600642262727e-02,-1.960728036214610670e-01,8.298902488789583476e-02,3.555203075916067712e-02,-3.738349063210918977e-01,-2.369649706438548553e-01,1.949923856897365637e-01,-2.917396254528625277e-01,-9.917161548578960761e-02,7.721008225603497033e-02,-2.936167826642225309e-01,1.750385542221969959e-01,7.615941559557648510e-01,3.871588495379162942e-01,6.151358665366324363e-01,-4.880983167661774869e-01,-1.737029316987984962e-01,2.261260833280231142e-01,1.098705100632015735e-01,-3.157489729430432157e-01,5.409221529183746817e-03,5.277153180309036573e-01,5.550702501311237658e-01,-7.559063586760456088e-02,3.180723836952736860e-02,3.909782714061229014e-01,-8.173265526447477669e-02,-3.525048026331277506e-02,5.605761130979410034e-02,2.612561850036715025e-02,1.133525366144557678e-01,-4.937244466937792398e-01,-9.000238831051829425e-02,-1.250684870953744643e-01,-5.604033122293436420e-02,-3.032210197657951925e-02,2.088703992196179748e-01,1.051458712177036695e-02,-1.668177347961998236e-01,-3.726389455470147660e-01,-2.082320374882568603e-01,-3.807876652516506977e-01,1.856631363084470521e-01,-3.435226425334601125e-02,-2.239391490266634185e-02,-1.129461725691239260e-01,-1.074485744857058833e-01,2.141376757929877306e-01
-2.853536658855710950e-01,-4.847010568383043894e-01,-4.749281002221052428e-01,1.439768652183093800e-01,-2.006950190422741032e-01,-2.744917551254876242e-01,7.602699860750009031e-02,-6.051440115176478507e-01,-1.182425546950915674e-01,4.225575392555906418e-01,-3.100127951001391824e-01,-8.399347512288407591e-02,-4.745155016128501518e-02,-3.984716041982255819e-01,8.286016902759024000e-03,1.681196921295614322e-01,7.547843682089109274e-01,2.448419210878713115e-01,-4.347624786548954789e-01,-1.664199200912227714e-02,-3.466669528725020433e-01,-6.657307766997315468e-02,-7.706749315318136562e-01,-2.152521111805234255e-01,-3.559585537960104767e-02,-1.961293446208210445e-01,-1.560776092814907534e-01,-9.732594983618414464e-02,2.410369584112189434e-01,-4.116655602090224519e-01,1.873350038309765375e-01,-1.313950803965858449e-01,4.176465933157217508e-02,-3.691666308087325488e-02,-4.074016683368267833e-01,-4.601427528839453496e-01,2.447859854494218168e-01,-2.858504010644437598e-01,-8.219321209863914143e-04,-1.609279480969741938e-01,-5.001224442275994386e-01,-1.943656679655831609e-01,6.267411128520362640e-01,-2.920202878782375833e-01,-1.005448751569449489e-01,1.348487873749611987e-01,-3.773240149889081074e-01,-1.134346428690790470e-01,3.871588495379162942e-01,7.615941559557648510e-01,5.716918522027751859e-01,-3.809251401132331960e-01,4.038711976895899974e-02,-1.592133448668868190e-01,-9.673729808519259191e-03,-6.108373316363608918e-01,-3.327198054692716012e-01,5.559656878514890321e-01,2.268857083835657262e-01,-8.089811984017841739e-02,7.725019990577609852e-02,2.628255998876858901e-01,5.162735107519972333e-02,1.853316653160060890e-01,1.028397256943469895e-01,2.020555614043608728e-01,1.303570177976905997e-01,-3.442377211274728621e-01,-1.290634159682950421e-01,-6.472002864057493920e-02,8.251587555595206458e-02,-1.157118226634609448e-01,2.305382610848009939e-02,2.591484646745487730e-01,-1.838241257158734210e-01,-2.375936769508205926e-01,-2.011704663635471013e-01,-1.794804203891427752e-01,6.855342557219121224e-02,4.699294356766337694e-02,-1.454841864904063697e-01,-7.776696985737381607e-02,7.586450817859381746e-02,1.866468756151856145e-01
-2.594453467880952421e-02,-9.534013619424765162e-02,-3.133607034187449458e-01,9.239694995225598839e-02,-3.443976772059194613e-01,-2.520641651806395656e-01,4.313645710732297300e-02,-4.263281418881236795e-01,-1.305033692203670104e-01,4.453818904761437936e-01,-2.385994116742002347e-01,-1.130124071483893378e-01,1.707070881909614007e-04,-2.358861189878257159e-01,-9.248872104398475624e-02,3.079512254900042545e-01,2.925532184190822726e-01,4.007592572113193863e-01,-4.265880832843191306e-01,-2.923000849343276863e-01,-1.891477777715255271e-01,-1.972202377908708060e-01,-5.965736543344208886e-01,8.625273758616599368e-03,3.555613056533390298e-02,1.433377845924606042e-01,-2.904949269591282635e-01,-1.524121026777826848e-01,1.519492054940239749e-02,1.510966732714948413e-01,-2.947629707239764543e-02,-2.143565130526944584e-01,-1.338716307883676127e-01,4.641744047864602707e-01,-9.160190027977146987e-02,-2.525781980938563431e-01,9.676704722785987867e-02,-1.720420449130882212e-01,3.420360993724991944e-02,3.035716692829285371e-02,-4.309397919268758703e-01,-1.729472904027864466e-01,5.687580887653348460e-01,-2.224327903740014878e-01,-3.528201967018616131e-02,3.125442802429315714e-01,-1.766860715016744243e-01,-1.092609303342148147e-01,6.151358665366324363e-01,5.716918522027751859e-01,7.615941559557648510e-01,-3.451052161700852716e-01,-2.104161707297715622e-01,-2.763363378568336470e-01,-1.492402265156042573e-01,-4.682833903895448069e-01,-6.700680684752218993e-03,3.576787419152512304e-01,4.200124961451551231e-01,-4.009154443312249461e-01,9.901931239323699674e-02,1.763325468086055989e-02,-4.030088769781651342e-02,-2.109729780773116348e-01,8.704279761671430971e-02,-1.496493490834978068e-01,2.065236093309562593e-01,-3.192811388666127459e-01,-1.334079406846797877e-01,-3.362787668166925537e-01,-2.683053632866794769e-01,-5.672935269605639680e-02,1.862011418684254571e-01,-1.135240013591129193e-01,-1.338542515012400569e-01,-2.799979299513100650e-01,5.178282217958352085e-02,-3.531322408246020950e-01,1.637174972841945464e-01,-2.609253531972630658e-01,-1.864756339216221137e-01,-1.907214970050001221e-02,-1.195709086793777243e-01,1.623063999693559120e-02
-3.106565681194213835e-01,-4.142130356591174345e-01,8.634508793827019302e-01,-2.499314928853998141e-01,6.249121036682942984e-03,-3.685355233403882491e-01,-4.326577585645807744e-01,1.804562597501841240e-02,4.493855224931059822e-01,-3.148340556040533644e-01,7.800937229907265458e-01,-6.530968706603736129e-02,-3.178877042017844157e-01,2.800539344875914716e-01,2.118435134739958536e-01,-3.319257049940363968e-01,-2.962603120462283246e-01,-2.669159703276656748e-01,9.395307697057682095e-01,1.100002891989168563e-01,-5.700104364612428309e-01,-2.316803628964866357e-01,-2.004687097932965067e-01,-3.382434032400344903e-01,-4.659340227065983941e-01,-3.779734511032530886e-01,-1.627075778250989813e-01,5.848294614507244804e-02,-5.853611426866813794e-01,1.446408590056167953e-01,-2.883217540584178118e-01,3.078577700257340566e-01,-1.433914362538508958e-01,-3.404746451925962369e-01,-4.241303840524247581e-01,8.331634126687145203e-01,-1.967318862839363969e-01,1.760535627588524221e-01,-5.081161678027769080e-01,-1.213105922326543490e-01,-1.727891054414130712e-01,3.707955367221722476e-01,-4.036937750571150674e-01,7.878478295956431454e-01,-2.723585271929636620e-01,-4.436710059425141850e-01,4.429500449536140638e-01,2.372435419535739651e-02,-4.880983167661774869e-01,-3.809251401132330295e-01,-3.451052161700852161e-01,7.615941559557648510e-01,1.978563495395803118e-01,-6.691957525177081312e-01,-1.452660591607895513e-01,-2.834218160039717049e-01,-3.143543814120908220e-01,-6.885305322466090949e-01,-5.880614508461724510e-01,-1.288128074406329204e-01,-1.316476184096077862e-01,-5.967057750525937010e-01,-1.695034771465613321e-01,-3.217494200285376804e-01,9.498617440714386684e-02,-3.954601912278351006e-01,-3.260275835165210578e-01,-4.889627651418188004e-01,-5.578386504511455568e-01,-6.588118047003342914e-01,-2.844282043032472784e-01,5.498272940533197040e-02,-2.606419266217914199e-01,-2.839710808505677697e-01,-1.641942407080240474e-01,1.845745229520013783e-02,-2.997151324664679151e-01,-5.064435172782798533e-01,-5.575949297822422324e-01,-6.972798376031791312e-01,-4.581681313999682592e-01,-3.259006762898706416e-02,-1.822455502351045253e-01,-4.764293470350357551e-01
6.318487122803853606e-02,-2.839262003716155336e-01,2.814160501291652072e-01,-7.197947198811022011e-03,2.328074092314117438e-01,-1.343152407241497148e-01,-1.569330889541301621e-01,-7.636541356294004879e-02,3.083209756122943790e-01,7.939423021437080896e-02,2.210195190791344744e-01,6.759664428916895007e-02,-1.718295869919291285e-01,2.064571410177710731e-01,5.109992548148810654e-01,-1.845749734746043869e-01,1.493688885202580641e-01,-1.942915146922706837e-01,1.024859204666803830e-01,9.230857631890068138e-01,-3.562124187957701471e-01,7.529033661765334173e-01,-2.169062312157692685e-01,2.544049852327004771e-02,-2.820471438524037033e-01,6.363945225049454091e-02,3.192711013051466144e-03,5.424989382515120750e-01,-1.103045292461044685e-01,1.629528139131307118e-01,2.563760952493700507e-01,7.591352291927502272e-01,4.293145147444258902e-01,-2.381128900700900733e-03,-2.299881856904705535e-01,3.826081795072958092e-01,-2.449592471189799281e-01,4.131819104053086056e-02,-1.907740295466373026e-01,3.859030148820782186e-02,-1.523071141712422638e-01,3.209399047796041016e-01,8.169889582836129677e-03,2.823094844616407806e-01,7.762446304176978673e-02,-2.543118595307406471e-01,2.432049223435710783e-01,5.528156670571606757e-01,-1.737029316987984962e-01,4.038711976895902750e-02,-2.104161707297715345e-01,1.978563495395802563e-01,7.615941559557648510e-01,-3.615848230199367186e-01,8.486001057591909813e-01,-2.376616131346672711e-01,3.574362825541758937e-02,-3.432159725332649680e-01,6.423415450873182220e-02,2.722871354826354451e-01,5.201142195222911990e-01,1.005352100073614169e-01,8.141996157664337097e-02,4.603470971105450005e-01,4.967153935088934880e-01,4.547657042618128420e-01,-1.962016299900216088e-01,-5.801817025556408325e-01,-3.825084769635240245e-01,-5.152329689482672108e-03,-6.661662015275111523e-03,1.563775698934788960e-01,7.455862527632058090e-02,-2.137946164284185158e-03,-1.990028911762996011e-01,-3.556391255996353418e-01,-1.273372115863504184e-01,-5.294950795058255277e-01,-2.268816451486423136e-01,-9.034174603017443989e-03,-9.857457647128461953e-02,3.028769729425568116e-02,2.739061835482911045e-01,-1.096336287555558092e-01
-3.991125401084438806e-01,4.065138843569504612e-01,-4.355477679502659516e-01,1.128401686229639489e-01,-3.127767330148080172e-01,-3.003672603080259629e-01,-2.565385084642189395e-01,1.492911648831115878e-01,-6.389560773874198851e-01,-2.142212293969426584e-01,-5.382725967104520226e-01,-5.143875106263695596e-02,-4.798350132930910839e-01,-6.475902578579337265e-02,2.491542750140319507e-01,-2.735794237124327122e-01,-2.429900252092646040e-01,-4.765588556783421637e-01,-7.061658660248258945e-01,-3.858346695361685175e-01,6.160904131622653157e-01,-1.896615145128046354e-01,1.927767814026918602e-01,2.835885886509050269e-01,-1.766514836403959288e-01,-3.232337691464222673e-01,-1.485033596066161476e-01,-2.991255315341888599e-01,-3.510681345733319136e-01,-4.408445721181223909e-01,3.888847127518994112e-02,1.670279921297533610e-02,1.961800115297031577e-01,-2.000669375049188292e-01,5.302376059067985814e-01,-3.915190685173498553e-01,-1.177373440158183127e-01,-5.061404550954514692e-01,6.723269159178917043e-02,-4.860565824767762999e-01,3.151976771070492123e-01,-6.277599321494286011e-01,-1.255659228068551903e-01,-4.054822763590174017e-01,2.537447829651641173e-01,-3.656406320738957993e-01,-3.114757007378082809e-01,4.760248870766474183e-01,2.261260833280232807e-01,-1.592133448668868190e-01,-2.763363378568336470e-01,-6.691957525177081312e-01,-3.615848230199368296e-01,7.615941559557648510e-01,-1.094500754605546300e-01,3.513398865538480131e-01,4.553987357268716174e-01,2.469877026083112936e-01,3.398495566754790032e-01,5.163519267270883471e-03,-2.205474379232935378e-01,4.939193426207374310e-02,-1.916251301088532366e-01,1.131196779806336802e-02,9.470749081518312074e-02,2.273414382452827176e-01,-2.084535668432764555e-01,-3.056215038326047240e-01,-2.804206138250300295e-01,-1.230852408852828733e-01,8.300781297934604896e-02,-1.278619053054845002e-02,-2.615982627468493860e-01,1.695754354946601428e-01,1.705801885126814743e-01,-1.988201039129051384e-01,-3.679325302912729856e-01,-2.780164220320966439e-01,-3.294209403677218484e-01,-1.557245122254966585e-01,-4.968157905602443858e-02,-1.290476966911453804e-01,-3.770591358637028767e-01,2.304263251148817582e-01
-1.058501711395065104e-01,-1.946899125404635000e-01,3.947934383785996204e-02,1.979992884544334031e-01,3.701397076960812049e-02,-3.155159141535658351e-01,-1.920257800490488553e-01,-2.259114106091555940e-01,7.380854320579237349e-02,7.554248280754989608e-02,-4.359151647319376571e-02,-4.017118802977193148e-02,-3.222620738603172996e-01,1.013778186964642419e-01,5.313670544390727279e-01,-1.745081720615671295e-01,9.120868663674761012e-02,-2.466061818599162569e-01,-2.338789052309990513e-01,6.558629286942609937e-01,-1.776014746961420698e-01,8.445437040947403329e-01,-3.333849922286430956e-01,5.002163840573461973e-02,-3.754319370272799494e-01,2.205948966927012700e-02,-1.711289962949548715e-01,4.711923664916046195e-01,-3.079843350531692378e-02,-3.059410677480766186e-02,2.930788125057854909e-01,7.530715051864000920e-01,4.913132776565389270e-01,3.544591192520871181e-02,-9.943769594220050467e-02,1.244754375679258951e-01,-1.675045079583562802e-01,-1.712513152221339652e-01,-2.624937624573780992e-01,-8.291478312308529774e-02,-2.375588666183755526e-01,4.649572365128330775e-02,7.610609166452195727e-03,-3.524086650058795914e-03,2.038833629392446806e-02,-3.107095359796048228e-01,1.077120352804835229e-01,7.001410229849077682e-01,1.098705100632017123e-01,-9.673729808519276538e-03,-1.492402265156042296e-01,-1.452660591607896068e-01,8.486001057591909813e-01,-1.094500754605546300e-01,7.615941559557648510e-01,-2.802682914296716898e-01,8.270298849127681595e-02,-3.016296962050206698e-01,2.262516309759718125e-01,1.302833757067835829e-01,4.864754249455233714e-01,3.129045236594771850e-01,-2.952506699808421162e-02,5.051088006753517989e-01,4.762749706316118381e-01,5.675668608261443815e-01,-2.274168285702247438e-01,-5.791987318375996230e-01,-2.993009548768931216e-01,1.412860502141758678e-01,1.063256992891942754e-01,1.732609652429714375e-01,1.228329446260831015e-01,6.381088466183795771e-02,-1.681913707466978908e-02,-3.567213685051471295e-01,-2.281785787725593984e-01,-5.454038459119432414e-01,-1.385972977887866553e-01,2.017600661246262972e-01,8.787935822346149006e-02,-2.360282167610337073e-02,2.829255739750747844e-01,-1.657255100810068812e-02
-1.920606418290327355e-01,-5.951151046059228317e-02,-5.223385465207987244e-02,6.553534124994342402e-02,-1.510971603828303589e-01,-8.287326308171387088e-03,-4.023245025547240727e-01,7.179585718690403295e-01,-5.418628775149341159e-01,-5.712342704555392059e-01,-1.469072267428108147e-01,4.191962901374330919e-01,-3.591628384418484310e-01,4.968356742460039999e-01,-7.586041996187374570e-02,-7.330297981405451413e-01,-5.830104970513216855e-01,-7.414701209825408368e-01,-3.231889731805122068e-01,-2.618780049697108092e-01,2.656013614471975370e-01,-3.895853155986708227e-01,7.754143161925899363e-01,2.561516341348691883e-01,-3.789306218903250589e-01,-3.389079889167651571e-01,-3.332120145327290284e-01,-2.829072042393577374e-02,-7.202802632258157312e-01,-2.798440903020417425e-02,-5.383627161264008427e-03,8.835846945071987313e-02,-3.804396987363240501e-01,-1.080530369199296653e-01,1.011453573993667393e-01,4.464036699960875071e-02,-1.915729746806608125e-01,-2.746521836716865894e-01,4.034680122631168486e-01,-4.828869150458460213e-01,8.894161089225788297e-01,-5.772272019484768757e-01,-4.472203654954141627e-01,-6.348337970163005217e-02,6.465160679713343184e-01,-2.084580006896342985e-01,2.856865233895630185e-01,1.519228414586826503e-01,-3.157489729430431602e-01,-6.108373316363608918e-01,-4.682833903895448069e-01,-2.834218160039716494e-01,-2.376616131346673544e-01,3.513398865538479021e-01,-2.802682914296715788e-01,7.615941559557648510e-01,4.069644546777969052e-01,-1.204182265995800832e-01,8.145034711015124163e-02,-1.996715658612179811e-01,-9.957939917748891145e-02,-5.061595996653855956e-01,1.684908640747124764e-01,2.018015383513612482e-01,-7.843751409594552915e-02,-2.628325582364842705e-01,-1.723493885486485355e-01,-2.185165895049201723e-01,-3.665104784779316671e-01,-2.707818880598069078e-01,-9.976889982429817949e-02,2.999432703921425802e-01,-2.574754417464574230e-01,-1.663499351906959078e-01,2.645084409480720766e-01,-1.308085912321701738e-01,-4.096503499699720718e-01,7.075343764070222974e-02,-4.955623520875368504e-01,-3.856239967717364769e-01,-1.698677195357430891e-01,7.676965191819504208e-02,-2.681750295381561955e-01,-2.177789866909145555e-01
-2.477081429174064417e-02,6.057611095885764296e-01,-2.078402472787432842e-01,5.814366187140528053e-02,-1.909931174585041969e-01,-3.394572188885087161e-01,-5.448787920171633825e-01,4.163130355598617105e-01,-3.059112986474404883e-01,5.488138757117004551e-02,-2.006444626263698128e-01,3.005535919672006062e-01,-5.136513198839047778e-01,1.103353574974241941e-01,6.937246921999135063e-02,-2.559629457052051693e-01,-4.105498450061147442e-01,-4.363509883874768236e-01,-3.569757139928219081e-01,7.768374306029808465e-04,3.768434777632297394e-01,-1.848847275063929541e-01,3.275004496144401367e-01,8.757865672320583883e-01,-6.483500307277774433e-02,1.236945905263879715e-02,-3.926399614316895548e-01,1.933232601909934123e-01,-4.963770343383365757e-01,-1.501263818242284942e-01,2.244815149592979120e-01,1.374775585267014044e-01,3.593830228257905435e-01,1.429340981188713666e-01,7.245900857561161645e-01,-6.778275446222435663e-02,-1.086877364541451729e-01,-1.828703909569119046e-01,1.142194769852360008e-02,-4.571680759120667625e-01,4.842726051915721142e-01,-1.807841802417640420e-01,2.190826274589134093e-01,-3.524853190218805998e-02,5.946786344351708831e-01,-3.163962840730738524e-01,8.478898870150752831e-02,1.001514667457429481e-01,5.409221529183663550e-03,-3.327198054692714901e-01,-6.700680684752218993e-03,-3.143543814120908220e-01,3.574362825541758937e-02,4.553987357268715619e-01,8.270298849127680207e-02,4.069644546777969052e-01,7.615941559557648510e-01,2.307584713409751853e-01,4.480574157314255457e-01,-2.321675882777756716e-01,1.922614340841896641e-01,-2.106778351867351906e-01,4.308999700520369652e-02,-7.533503616365021249e-02,1.438247822941222387e-01,3.472295549530037828e-01,-1.622332634256357098e-01,-3.178532523126763043e-01,-2.700906172223883905e-02,1.916057268895251034e-02,2.379939068619373044e-01,3.250369345349033434e-01,-1.670384953024713071e-01,3.073168106691483437e-01,2.558044521910111113e-01,-3.107830762454992860e-02,-2.298434323635903387e-01,-1.349731854153754518e-01,-1.010738828037728715e-01,-9.513360926002215057e-02,1.642160043620005672e-01,1.515053353883550891e-01,-1.390455009097115446e-01,2.973061703374919040e-01
-4.321373990803444864e-01,-1.703201511310477312e-01,-5.254874317683873031e-01,6.039564974503849881e-02,-4.154276913315792519e-01,-2.650821833233023006e-01,-2.788156101494479455e-01,-3.075212353735170545e-01,-4.590384933534533696e-01,1.433167693666778097e-01,-5.791458615766378326e-01,-1.776524904705251706e-01,-2.879713313467655023e-01,-2.474523748964183867e-01,-2.951643980424546454e-01,-2.354307849222973814e-01,1.725924191505857075e-01,-1.696714600251445215e-01,-7.481809570434141410e-01,-4.607028853579981376e-01,-1.162085788006270298e-01,-4.452234880264230865e-01,-4.154414129269845546e-01,9.412317996391163233e-02,7.964908399906586722e-02,-4.398551393622069927e-01,-3.691833359041315488e-01,-3.622179415564138472e-01,-3.594447151064315005e-01,-2.037288105442389696e-01,-2.454843516521175717e-01,-1.415141734727744793e-01,-1.583102256947815922e-01,1.416148982319515373e-02,7.903370130739179045e-02,-4.810528561166824146e-01,1.162776383258396773e-01,-3.820792122400877844e-01,3.437141218611513005e-01,-2.779331703271486487e-01,-1.389203205450688650e-01,-4.351471134042368960e-01,4.506656089581055902e-01,-4.671408442480657897e-01,2.512888954975067146e-01,1.377439886756704202e-01,-2.548780645953144242e-01,-1.658199917621774599e-01,5.277153180309035463e-01,5.559656878514890321e-01,3.576787419152512304e-01,-6.885305322466090949e-01,-3.432159725332649680e-01,2.469877026083113492e-01,-3.016296962050207253e-01,-1.204182265995800832e-01,2.307584713409751853e-01,7.615941559557648510e-01,5.379621244736552121e-01,-1.927104029922227235e-01,-1.885577378590816977e-01,-2.958605537815352585e-03,-9.229747943857478931e-02,-6.383838519624466037e-03,-4.865145595864360517e-02,-5.757379022758238318e-02,4.014260838630964168e-01,-4.185528768990955384e-01,-2.742902544757221117e-02,-2.119685131414323076e-01,-1.704522138859403402e-01,-4.324923102120392659e-02,-8.075662498586334836e-02,1.941900331633121535e-01,-2.318223613316190423e-01,-2.493161572242164337e-01,-2.151410650512712297e-01,-6.701470425515305973e-02,-1.123276509073813101e-02,-1.701187482535935214e-01,-3.390152160057953445e-02,-5.543985133212749050e-02,-3.783363470177258936e-01,1.867674966794032609e-01
-2.344616807292355387e-01,5.794043039671577244e-02,-4.161840493940052732e-01,8.413104711360139265e-02,-3.879669166025285221e-01,-3.051780308922414919e-01,-4.057154747613392343e-01,-1.813122260630272709e-01,-4.824997851337853860e-01,-1.069178144840392947e-01,-4.289160955103632489e-01,-7.742535856456907173e-02,-3.177108552977302991e-01,-1.579174570905228780e-01,5.458310021369172649e-02,-2.098324636504173557e-01,-7.742075485466244633e-02,-2.899778161595379933e-01,-6.519859685122680881e-01,-1.592261541849914475e-01,1.705940280096252260e-01,-4.801539377476776033e-02,-2.667491923104233220e-01,2.926005322699155586e-01,-2.700888207104617522e-01,-1.477859643977532944e-01,-4.968646599882488579e-01,5.116894246307028549e-02,-3.074253477631054277e-01,-8.130139545751019492e-02,1.717164677343642754e-01,2.185572634941091719e-01,-1.876806384043560108e-02,2.734026687605565775e-01,3.560923004791380908e-01,-3.403541266374532359e-01,-1.658277000868247086e-01,-4.245718147998752134e-01,3.341751259842764554e-01,-3.498476487203971419e-01,1.170568609682088868e-01,-4.133604217035198869e-01,2.694654069632452797e-01,-3.665381224595309351e-01,4.574506348684230228e-01,1.758974771232723056e-01,-1.483211022215905339e-01,2.411245052766584074e-01,5.550702501311237658e-01,2.268857083835656707e-01,4.200124961451551231e-01,-5.880614508461724510e-01,6.423415450873187771e-02,3.398495566754790032e-01,2.262516309759718403e-01,8.145034711015107509e-02,4.480574157314255457e-01,5.379621244736552121e-01,7.615941559557648510e-01,-1.157800381671837131e-01,2.013497970885652910e-01,1.776447196385291527e-01,-5.710245964457936335e-02,1.813581359921097591e-01,2.432041424909619776e-01,1.787477589871153960e-01,1.511302916412569364e-01,-4.436427635013959758e-01,-2.525215764134096097e-01,-6.909042973496029583e-02,9.042143807080255113e-02,1.885877555474117784e-02,-3.653851005865101087e-02,-8.266252183276918963e-02,-1.172653297375035458e-01,-4.021372443237556382e-01,-3.931660452119018490e-01,-1.662330305007780340e-01,-1.566381560809058382e-01,-1.020090997389502124e-01,1.440466105373078565e-01,-1.300557037832344824e-03,-1.958582666121359006e-01,-9.959696692402057738e-02
-4.174501664400373513e-01,-2.187428244116634835e-01,9.866732240905128071e-02,2.664452309594547708e-01,2.649853917787838298e-01,-3.514272352890359663e-01,1.510660847378715865e-01,-2.719682692491638965e-01,2.087391375756270651e-01,-1.160473282498844932e-01,4.342814255373170229e-02,-2.892537670132406813e-01,-4.035699995089033765e-01,6.938578434483968702e-03,4.060293419065270082e-01,-3.317466903816045920e-01,-1.466573311449853312e-01,-3.495539222153519754e-01,-2.868743538223708645e-01,2.037693155574695214e-01,-2.088282148035542352e-01,1.104938436496241821e-01,-3.287908634267335262e-01,-2.513201142037612135e-01,-2.273958579275229541e-01,-4.017145771536552723e-01,7.427012666547089248e-01,-2.896875482996733031e-02,-7.280723035530514697e-02,-1.835063076863960134e-03,-4.689693297476982270e-02,4.235800260978530574e-01,1.661220730933801459e-01,-3.799014547756429661e-01,-1.932093125618296325e-01,1.663859785231525390e-01,-9.829697029680796450e-02,7.908748677305318941e-02,-1.528313799314221788e-01,3.772251439786427629e-01,-1.319989499884498818e-01,1.858361347961052512e-01,-2.767837060985953168e-01,1.596170167059897116e-01,-1.083012391608209612e-01,-2.180341567560910576e-01,1.975808381852816875e-01,4.708598241273946328e-01,-7.559063586760467190e-02,-8.089811984017847291e-02,-4.009154443312249461e-01,-1.288128074406329482e-01,2.722871354826356671e-01,5.163519267270827960e-03,1.302833757067838605e-01,-1.996715658612182587e-01,-2.321675882777756716e-01,-1.927104029922227235e-01,-1.157800381671836021e-01,7.615941559557648510e-01,-1.291997333018224392e-01,2.699820439992089427e-01,-1.577162701651831922e-01,3.402583892594944204e-01,-1.618329715397238272e-02,7.036349312474507456e-02,-6.745943003265607307e-02,-4.874805629945293539e-01,-2.129780951602847083e-01,-2.077836573613420779e-01,-1.254799103199953081e-01,5.646821821215538412e-02,-4.779529789752580415e-02,2.983073831303106795e-03,-1.977779496966338979e-01,-1.550852470756080015e-01,-1.525250425748408967e-01,-3.434709433529231637e-01,-2.390148370420896451e-01,-3.374191288616569251e-01,-2.397146339632728329e-01,-1.034648848551871503e-01,-8.938923723510783237e-02,-8.985448421489979076e-02
3.685220643406524332e-01,-1.654775738243445815e-01,-2.294043501085224479e-02,1.250577540254920184e-01,1.748961558292440321e-01,-1.241433383928683271e-01,4.328573094560195234e-02,1.484558479902936268e-01,-9.376290916758583949e-02,1.207637445251712599e-01,2.149825767846217858e-02,3.368004425589267714e-01,-9.157629833524059959e-02,1.914098632507632847e-01,3.979354789942632920e-01,-1.624242954849379472e-01,1.097089491030324437e-02,-1.070497235420985738e-01,-1.865497692382709349e-01,5.356636455794714369e-01,-1.658448374875940157e-01,3.539526970223228486e-01,-7.654266820165242513e-02,1.678526909933790168e-01,-4.122006997782405313e-01,6.524831715697300416e-02,-8.834739195668905865e-02,8.787749749472204552e-01,2.803773060061635902e-02,-2.605339386513278593e-02,3.263672331264326210e-01,7.390096835984516499e-01,3.106180282803107096e-01,4.319221740143782129e-01,-1.874887285808767290e-01,1.056041179531979832e-02,8.798191635185596826e-02,2.438624720200031903e-01,-9.419076648949999131e-02,7.993968040412083309e-02,-4.922066743716477927e-02,9.418504040132931335e-04,2.703549628913837766e-01,7.260455814200870994e-02,2.908257528151120819e-01,1.294075514592132881e-01,1.967152331768172724e-01,3.739050830308157658e-01,3.180723836952736860e-02,7.725019990577609852e-02,9.901931239323698286e-02,-1.316476184096078139e-01,5.201142195222911990e-01,-2.205474379232934823e-01,4.864754249455233714e-01,-9.957939917748893921e-02,1.922614340841894975e-01,-1.885577378590816977e-01,2.013497970885653188e-01,-1.291997333018224392e-01,7.615941559557648510e-01,5.463562625339687950e-02,2.686163669060913084e-01,1.604204433818827435e-01,6.251703517674377375e-01,2.583713117142221738e-01,-5.995263366795851312e-02,-5.685904109102255521e-01,-5.775700115991245776e-01,-2.199797660589069837e-01,6.018491536223549015e-02,2.534737541905106029e-01,3.753480772656415665e-01,5.517924612935822676e-02,-8.635766666328667518e-02,-4.499570462087238987e-01,-1.260219082254172285e-01,-4.622499946088703959e-01,-3.645300750368958287e-01,1.534918025476684697e-02,-1.259459838660530739e-01,7.569422687645917247e-02,3.660260207039933711e-01,-1.581749622935671798e-02
-1.929106771383348462e-01,-1.812491306958099735e-01,-3.483836061519955396e-01,3.063141134844822311e-01,-1.083041650271916040e-01,-2.426142522969864657e-01,3.047052964230974603e-01,-5.499290014362135937e-01,-2.586743362335343632e-01,5.135174379588733351e-02,-4.256679368154851484e-01,-3.347876180019317416e-01,-9.826565369725200061e-02,-3.220501028642629437e-01,2.703312052381087738e-01,2.352791571346522781e-01,2.610149092650711489e-01,1.189650982818115516e-01,-6.518585470711469876e-01,-5.611324789130904718e-03,-6.571337245979808062e-02,3.020519301491383923e-01,-4.947059229846142436e-01,-2.521530420249619708e-01,-1.284286790998515337e-01,-6.391012985876794216e-04,3.439904362791569303e-01,-1.181263569321217705e-01,5.011463174005101884e-01,-2.403525947935614415e-01,2.848798099832361430e-02,1.263075760056387997e-01,2.884147213405779953e-01,3.333060706754431557e-02,-2.396594609220992489e-01,-3.686562378661042971e-01,9.578051661204063259e-04,-2.884173699883504915e-01,-1.893739548996750399e-01,2.497312084798712917e-01,-4.812737256155812382e-01,-2.534627049152351486e-01,-2.991315967630752901e-02,-3.969356456378068110e-01,-3.209306601344257270e-01,-4.463908854913874180e-02,-3.138202780571584527e-01,4.253711200085597555e-01,3.909782714061229569e-01,2.628255998876858901e-01,1.763325468086055989e-02,-5.967057750525937010e-01,1.005352100073614724e-01,4.939193426207379861e-02,3.129045236594771850e-01,-5.061595996653855956e-01,-2.106778351867352184e-01,-2.958605537815297074e-03,1.776447196385290417e-01,2.699820439992088872e-01,5.463562625339689338e-02,7.615941559557648510e-01,-3.669326939469509385e-01,2.292291934203431192e-01,1.534565628657884595e-01,3.444842295166276047e-01,-6.943885723917726793e-02,-3.472708576031994232e-01,-1.575976637598628938e-01,-3.286588993055631486e-02,-8.327332518097313452e-02,-2.312516520660873320e-01,1.334831540278018924e-01,1.859952624991960402e-02,-2.008845702024260327e-01,-4.849195783746328980e-01,-8.629990962110454383e-03,-4.128202730029058576e-01,-2.043697456517654804e-02,7.741237184218423273e-02,-1.140389876580273631e-01,-2.950241855725826423e-01,6.115952039542848183e-03,1.413029608093321898e-01
-2.780907594444109385e-02,-5.789511825186012262e-01,-2.274130730486596530e-01,3.518182169287684125e-01,-1.056703082482051831e-01,3.119180260169487906e-01,-2.856760787700199020e-02,3.753089827641761245e-01,-2.104699928468853343e-01,-1.188115597400508511e-01,-1.176765341986525243e-01,5.653646194235053546e-01,1.404502187547702063e-01,2.529326599841981715e-01,1.128023499452588015e-02,-4.662431022912252865e-01,1.402018880330190009e-01,-3.452293538823775210e-01,-1.893556356433217513e-01,-5.119197311175362197e-02,-1.146060547683222519e-01,-2.162564954842420006e-01,1.283712042150503621e-02,1.088515994120303337e-01,-3.381481409997605936e-01,-2.786379536944902369e-01,-3.445804402753613327e-01,1.521553297324972354e-01,-4.721373339898281563e-01,4.754535451312481564e-01,2.782037533938803708e-01,1.281105305965646868e-01,-2.527410602403405981e-01,5.396934302342838718e-02,-3.964697904912144466e-01,-9.768338761805871184e-02,1.150695869344878913e-01,8.333669696132323113e-02,4.276965407500009086e-01,-1.782289269804746001e-01,4.366820338014064107e-01,-2.039325798124706490e-01,6.375363165083246242e-02,-4.085054363833555413e-02,6.150853283066239907e-01,1.909195761034790106e-01,3.286223210950450224e-01,-6.696160491821882832e-02,-8.173265526447477669e-02,5.162735107519973721e-02,-4.030088769781645791e-02,-1.695034771465613876e-01,8.141996157664334322e-02,-1.916251301088531811e-01,-2.952506699808421162e-02,1.684908640747124764e-01,4.308999700520366877e-02,-9.229747943857484482e-02,-5.710245964457952988e-02,-1.577162701651831922e-01,2.686163669060913084e-01,-3.669326939469509941e-01,7.615941559557648510e-01,2.264493172920063746e-01,-2.222660873578907043e-02,-1.801248926528631056e-01,-5.053507889931907471e-02,-3.994925072210674388e-01,-3.665481271903278104e-01,-8.092795902601185309e-02,-6.536831033486449616e-02,3.672625334575906342e-01,8.474632318086053329e-02,-7.445280255225385224e-02,1.462551486058248085e-01,-1.855958964134680755e-01,-3.912340977847939549e-01,-1.394786381581539052e-02,-1.639272137119702766e-01,3.693697645712090000e-02,-9.971784119409041192e-02,3.636563167474768932e-01,6.528236939675609307e-02,2.950770610552790399e-02
2.991960830678045205e-02,-2.072305913887259043e-01,-8.302922814875876578e-02,3.295499737813735452e-02,1.686961744584540013e-01,-4.476649719200018196e-02,1.038727818472221344e-03,8.489257593542413188e-03,-1.386699265777372458e-01,-2.972093480672544086e-01,-1.285632344248666958e-01,3.663607666823772563e-02,-1.195029360023354553e-01,-2.797567080500601086e-02,2.295689988241259027e-01,-2.530754264626517425e-01,5.970399885476644630e-02,-3.020795267322067268e-01,-3.350068304191520241e-01,4.832827180908598197e-01,-1.872529792847406338e-01,4.165734667633033128e-01,-6.123595159614705907e-02,-1.880834003948287370e-01,-3.931932051584356991e-01,-8.349559885077237342e-02,1.269044185829909521e-01,1.185333014990624934e-01,-5.102065271895595694e-02,-2.825052490153821538e-01,4.170226556765817549e-01,1.999049807284664360e-01,-8.894533726713117761e-02,1.266812278048775990e-02,-1.543289076390535197e-01,-1.297007719538996184e-01,4.112452645894598691e-02,-9.031931924089942054e-02,2.194058598922123959e-01,-2.644649243108624925e-01,2.550174825623564567e-01,-6.055231781703999255e-02,-3.924747048107440905e-03,-6.034781580244839849e-02,7.558005348382805522e-02,3.404764444883890805e-03,-1.737986059415146944e-01,3.226997314674996398e-01,-3.525048026331280282e-02,1.853316653160060890e-01,-2.109729780773116348e-01,-3.217494200285376804e-01,4.603470971105450560e-01,1.131196779806342353e-02,5.051088006753517989e-01,2.018015383513612482e-01,-7.533503616365021249e-02,-6.383838519624483385e-03,1.813581359921097591e-01,3.402583892594944204e-01,1.604204433818827991e-01,2.292291934203431469e-01,2.264493172920064024e-01,7.615941559557648510e-01,1.405249883831422714e-02,1.310042847089667173e-01,-1.587767327492008440e-01,-2.805092249508798763e-01,-3.974676396645012155e-01,-4.389851385772146342e-02,4.717218971766374835e-01,5.788142070172806047e-02,-2.674871192500863706e-02,-4.883159467356003314e-02,-6.083856525235412788e-03,-2.656332218239933485e-01,-4.619117321778560270e-01,-1.812015381216589283e-01,-3.203213159869895410e-01,5.239362595565047465e-02,3.607056025074681371e-01,6.060559415013788698e-02,2.299488854752443634e-01,5.664086006808000118e-02
6.414761966304038943e-02,8.871324243068826054e-02,9.102821760502015358e-02,-6.513408744216946100e-02,-6.360600082713080416e-02,-1.175420942272690367e-01,-2.916124346900955122e-01,7.333862983574213068e-02,-8.927467857860735267e-02,-6.438973450593894754e-02,9.280727148013320771e-02,1.946904676114797478e-02,-2.263682750135592170e-01,6.299095497562776091e-02,4.871731742278387900e-01,-2.392650058329533203e-02,1.149386831035866113e-01,-7.362353986467193301e-02,5.228865557778014650e-02,4.639141930713701067e-01,1.255535520627961144e-01,4.374036975656092063e-01,-8.511386026826501866e-04,8.213329136912449202e-02,-2.113089288531908028e-01,1.798242386155962103e-01,-9.772734915695925617e-02,5.752102056223805659e-01,5.867763423516474119e-02,-2.910427034008721339e-02,-3.740039798369591828e-02,8.727469143435162557e-01,4.778908211247716031e-01,-9.102525450723500389e-02,1.639545284238248454e-02,2.592006668045571810e-02,-1.032686599234360347e-01,-9.262729746312169110e-02,-1.654544920892140336e-01,-2.297919203501682939e-01,-8.445845373261830213e-02,-9.242963865135823964e-02,9.566206633217347322e-02,5.441198031389657408e-02,-2.232914569888326539e-02,-2.815351611733323267e-01,-3.271344393712238841e-02,5.036971974695172438e-01,5.605761130979407258e-02,1.028397256943469895e-01,8.704279761671430971e-02,9.498617440714392235e-02,4.967153935088933769e-01,9.470749081518312074e-02,4.762749706316119491e-01,-7.843751409594555690e-02,1.438247822941222664e-01,-4.865145595864352884e-02,2.432041424909619776e-01,-1.618329715397249374e-02,6.251703517674377375e-01,1.534565628657884595e-01,-2.222660873578908430e-02,1.405249883831417163e-02,7.615941559557648510e-01,5.479123683391502464e-01,-9.387973978485583681e-02,-3.043966456631505002e-01,-4.125534341755925927e-01,-1.021647862020288872e-01,2.090041336060728117e-01,3.225790125819952281e-02,-4.751260832788056776e-02,-1.635413961554455994e-02,-9.345480543623022052e-02,-2.043586031710142303e-01,-1.731453414108634903e-01,-3.686926928356789035e-01,-2.277862977304454806e-01,6.883513111180894484e-02,1.928879990894548091e-01,-1.014511292584790308e-01,1.256923997352666356e-01,7.109620770800124771e-03
-1.991989747214087669e-01,3.312273380747361440e-01,-2.310634679825736282e-01,4.242511552070205583e-01,1.436620201621378358e-02,-3.825154347817596445e-01,-2.173798559596389346e-01,-1.386454404034822285e-01,-7.224890919680691803e-02,2.526568218197952631e-01,-2.054544710031487309e-01,4.796062303915699793e-02,-4.943975399363048084e-01,-1.733738569795270634e-02,5.061056144800344381e-01,-7.368741102864790303e-03,2.125714799263050958e-01,-1.446692050541689978e-01,-4.563489596646692070e-01,4.255998427247483784e-01,1.201445116048542872e-01,5.141845567928644556e-01,-1.950203083828827288e-01,2.393182329800062624e-01,-2.471852589678312229e-01,1.705083326271760943e-02,3.344298627004598651e-02,1.344881718457366926e-01,6.937164676872083213e-02,-3.502627339506511062e-01,1.416435989947226748e-01,5.117186511244259384e-01,8.207283168210104396e-01,-1.239502538141861454e-01,1.716263143289863957e-01,-1.495345496784043771e-01,-8.329243422043476619e-02,-2.057796950812451342e-01,-3.873539255217737787e-01,-2.414707500422849928e-01,-1.586212289807097109e-01,-2.443604002944724241e-02,2.595453049436689530e-01,-5.383199564813551802e-02,5.717364305317050588e-02,-3.955619647031690667e-01,-6.892553401598812413e-02,5.201294747189543211e-01,2.612561850036715025e-02,2.020555614043608728e-01,-1.496493490834978624e-01,-3.954601912278351561e-01,4.547657042618129530e-01,2.273414382452825788e-01,5.675668608261443815e-01,-2.628325582364842150e-01,3.472295549530037828e-01,-5.757379022758235543e-02,1.787477589871153127e-01,7.036349312474485251e-02,2.583713117142222293e-01,3.444842295166274937e-01,-1.801248926528631056e-01,1.310042847089666895e-01,5.479123683391502464e-01,7.615941559557648510e-01,-2.633779718589701058e-01,-4.525980817641498399e-01,-1.670413173450306377e-01,1.870462441418784330e-02,2.030776167862690940e-01,-3.926503541431917294e-02,3.686978172471325893e-03,3.663885296722154683e-01,-2.680489800072596591e-03,-1.956366914617205244e-01,-1.425052764400490668e-01,-3.786042755758817213e-01,7.513209422398148003e-04,2.013892604893083582e-01,2.271031489321348185e-01,-9.709732554799406501e-02,1.508994025705904241e-01,4.224311526352587109e-01
-2.547504420426149330e-01,-4.015124125303726754e-01,-3.460783691311342114e-01,-1.739555383426847346e-01,-3.943525575378121761e-01,-2.118740986185580766e-01,-2.065733624515349309e-01,-2.667739363050658508e-01,-3.353675780260136907e-01,-2.953967066415296161e-01,-4.347908005403537945e-01,-1.501265962038436930e-01,-1.695008723058132882e-01,-2.345725989604207362e-01,-1.892579561668893129e-01,-2.320091860179860077e-01,-7.506097669597631972e-02,-3.772341360398199367e-02,-3.570381262746505358e-01,-2.001492841875403828e-01,-3.422720833172703814e-01,-2.960283298881375424e-01,-3.723433048065957762e-01,-2.935778918535006388e-01,-7.131916034827576190e-02,-3.068621943704251676e-01,-2.015555219396814868e-01,-2.721022930547162821e-01,-3.155607616888985723e-01,6.092925314713897034e-02,-5.657568334081614081e-01,-1.785744538529419334e-01,-3.818586733953475143e-01,-6.558675476995289022e-02,-2.130553334048622127e-01,-3.789203203950953225e-01,-1.086330019593879787e-01,-1.994673752418514856e-01,1.380577521475317704e-01,-5.710639758493221002e-02,-2.232682583426485734e-01,-3.898128166523511240e-01,-3.978078020228539846e-02,-5.573459283191696256e-01,-2.916685985438107268e-02,2.034382547956438969e-01,-1.382279539005552838e-01,-1.842223182770518775e-01,1.133525366144558233e-01,1.303570177976906830e-01,2.065236093309563148e-01,-3.260275835165210578e-01,-1.962016299900216088e-01,-2.084535668432765665e-01,-2.274168285702247716e-01,-1.723493885486485355e-01,-1.622332634256356265e-01,4.014260838630964723e-01,1.511302916412569641e-01,-6.745943003265610083e-02,-5.995263366795851312e-02,-6.943885723917732344e-02,-5.053507889931921349e-02,-1.587767327492007330e-01,-9.387973978485583681e-02,-2.633779718589701613e-01,7.615941559557648510e-01,-1.830831255797188972e-01,2.667300069272387705e-02,-6.700107054390012917e-02,-2.398668778664811985e-01,-1.103658236612644200e-01,-7.280804870415023833e-02,-5.350596616527989596e-02,-2.891288367257176528e-01,-8.500299181469636589e-02,3.430905945240083493e-02,7.944902990020101530e-02,-1.323233248142235141e-01,4.654806162300129113e-02,-1.519565339684497973e-01,-6.892641075539170971e-03,-1.961530986718686420e-01,-1.663151817255831555e-01
-2.358273895733726810e-01,-7.438986257123025858e-02,-4.879521301025780966e-01,-9.734455311526098165e-02,-3.463177291322567797e-01,3.642050694408554504e-03,-7.909145349281578030e-02,-8.104870566653574193e-02,-4.201273440092456735e-01,-2.341801486009650324e-01,-4.468531049469670613e-01,2.200037757847178588e-02,6.774715306077599974e-02,-8.160336849711367913e-02,-3.220566346785691536e-01,-1.631964882976372766e-01,-8.424543065969779254e-02,-4.932609826063352743e-02,-4.545762538155335153e-01,-6.180500293516427712e-01,-8.036077402599046959e-02,-5.739655829169726386e-01,-5.971374937583776715e-02,-6.024873682409377651e-02,-2.120958309333709491e-01,2.689623998540193600e-02,-4.271570793755787299e-01,-5.088548180086058803e-01,-2.344158361497660492e-01,-1.636658529673687967e-01,-4.537553964964827213e-02,-4.643855173230945765e-01,-4.578533333665828486e-01,-5.049003571195095352e-01,-1.624549395262037677e-01,-5.006526856614322840e-01,-2.266323561525206143e-01,-5.102102348062076409e-01,-2.931822639778240980e-01,-3.299974996506314651e-01,-1.934567287810344816e-01,-5.496393390558590442e-01,-3.679478517154031181e-01,-5.664077698698589680e-01,-1.613692328466836690e-01,-2.416235236243927664e-01,-3.131857410636452732e-01,-2.493983712760310112e-01,-4.937244466937792398e-01,-3.442377211274728621e-01,-3.192811388666128014e-01,-4.889627651418186893e-01,-5.801817025556408325e-01,-3.056215038326047240e-01,-5.791987318375996230e-01,-2.185165895049201168e-01,-3.178532523126762488e-01,-4.185528768990955384e-01,-4.436427635013961979e-01,-4.874805629945294094e-01,-5.685904109102255521e-01,-3.472708576031994232e-01,-3.994925072210674943e-01,-2.805092249508799318e-01,-3.043966456631506112e-01,-4.525980817641498399e-01,-1.830831255797188972e-01,7.615941559557648510e-01,1.883881142329070849e-02,-1.758116755770315620e-01,-3.989905441065447894e-02,-2.630965413547149967e-01,-3.184733427010052464e-01,-2.882398622882311745e-01,1.733801420559597239e-01,2.449442262751738708e-01,9.358235318809041137e-02,1.574586677272225566e-01,-2.254059704191623825e-01,-1.853639287860693596e-01,-3.851551581327057605e-02,-3.218483496498098506e-01,-2.001706072034338257e-01,-2.510199080627107393e-01
-4.317401321069604947e-01,3.233920528064042066e-01,-5.801539140008361572e-01,-1.827823289793868433e-01,-3.336644637895178622e-01,-3.973642801854657680e-01,-2.501803080737970419e-01,-3.994172680969351741e-01,-3.823127264741165154e-01,1.894854418458812584e-01,-5.581001390314030974e-01,-1.592201754422869764e-01,-3.767312920801965670e-01,-2.360463588433927284e-01,-2.211083036200733876e-01,1.003484496791174352e-01,-2.142867837584007673e-01,-5.062293652442668990e-02,-5.007321677064485721e-01,-4.427725687258624587e-01,-2.218904270263216405e-01,-3.641657407203383601e-01,-3.113077612098834046e-01,7.814008207423960017e-02,1.183213899493167909e-01,2.346927223162723064e-02,-1.755499904941084099e-01,-5.261383705821010004e-01,-1.490680590058610644e-01,-3.038924512512621856e-01,-4.566086342657805774e-01,-5.605844234119145009e-01,-1.846470287014637945e-01,-4.675416331450665264e-01,1.687400924503096589e-01,-6.046956285715895385e-01,-2.189995369061607799e-01,-4.056647330996646650e-01,-4.590846767004859164e-01,-2.028347598520785500e-01,-4.447893488845343080e-01,-4.425279827633882279e-01,-3.299934625029884300e-02,-5.842864392168065635e-01,-2.195470416354484700e-01,-4.906270960266937431e-01,-2.015248523516328938e-01,-4.186335214841255259e-01,-9.000238831051833588e-02,-1.290634159682950421e-01,-1.334079406846798432e-01,-5.578386504511454458e-01,-3.825084769635240245e-01,-2.804206138250299740e-01,-2.993009548768930661e-01,-3.665104784779316671e-01,-2.700906172223883558e-02,-2.742902544757223199e-02,-2.525215764134096652e-01,-2.129780951602846806e-01,-5.775700115991245776e-01,-1.575976637598628660e-01,-3.665481271903277549e-01,-3.974676396645012710e-01,-4.125534341755925372e-01,-1.670413173450306099e-01,2.667300069272384930e-02,1.883881142329077787e-02,7.615941559557648510e-01,3.656439576132807234e-01,3.369375170031102540e-01,-3.894092589164623863e-01,-1.730147011353115605e-01,4.446908389367177361e-01,1.695880333657767414e-01,2.753389302687283546e-01,2.369684314755660659e-01,-1.104697757606387387e-01,5.755088128466027131e-01,2.630561543864842755e-01,1.220204471767273452e-01,-2.270554088000523163e-01,-3.814227121366861040e-01,1.435005587674732241e-01
-1.247457938989843251e-01,1.936773750911209013e-01,-5.436727812188284492e-01,-1.434908388572672146e-02,-1.143605933255353174e-01,-1.312022767740354534e-01,-1.585523973818971921e-01,-2.053385445156615252e-01,-3.590257187272692385e-01,1.088669757068533167e-01,-4.314747601806124266e-01,1.272931160663607619e-01,-5.337693190577327829e-02,-1.408119664893211220e-01,5.750535947904428929e-02,-5.294941361543022834e-02,6.505365309436615673e-02,-8.668854674564710483e-02,-6.407851336477150550e-01,-3.167636911104940167e-02,4.780049634056270091e-02,1.781610098068583392e-01,-1.227173123883486400e-01,2.131235049350481692e-01,-3.074936055108606903e-02,2.623749661683429379e-01,-1.963674404214866276e-01,-1.850308971592203588e-01,-6.077848570396439561e-03,-7.603199412981986871e-03,1.550351173350784650e-01,-2.427691038835918524e-01,-3.603244001130701674e-02,-3.468907134357058775e-01,-1.884485772252759983e-02,-5.839499986048813929e-01,-1.589939432205704217e-01,-3.523743882925791659e-01,-4.728731656416420015e-01,-3.111435402322894062e-01,-3.188453380844041840e-01,-3.973402061904117710e-01,1.273987078685827508e-02,-4.724086248318583037e-01,6.522307906046390102e-02,-4.566760812634372280e-01,-2.194833728763826153e-01,-4.609731356633071930e-02,-1.250684870953744088e-01,-6.472002864057493920e-02,-3.362787668166924426e-01,-6.588118047003342914e-01,-5.152329689482727619e-03,-1.230852408852828733e-01,1.412860502141759234e-01,-2.707818880598069078e-01,1.916057268895249646e-02,-2.119685131414323076e-01,-6.909042973496026807e-02,-2.077836573613420779e-01,-2.199797660589069559e-01,-3.286588993055642588e-02,-8.092795902601188085e-02,-4.389851385772140790e-02,-1.021647862020289149e-01,1.870462441418784330e-02,-6.700107054390018468e-02,-1.758116755770315065e-01,3.656439576132807234e-01,7.615941559557648510e-01,5.557803880188602053e-01,-1.126915018905958049e-01,1.756744148946863060e-03,3.651201897518297490e-01,3.941303565826372868e-01,1.817097383289623669e-01,1.457931532162839994e-01,-4.076714012205959747e-01,3.777255004853308784e-01,7.425364566825021218e-01,4.336119564690312234e-01,-2.428158103567382431e-01,-1.573304591621637050e-01,2.944879962524193373e-01
3.121797375871309538e-02,2.736355367501095981e-01,-2.549017638102092920e-01,1.251955857020539131e-01,-1.417812237309199475e-01,-1.858172447667529870e-01,-1.363509962423804511e-01,-7.605751268907424978e-02,-2.224176975935544254e-01,-1.767433875386557052e-01,-2.101227260696202914e-01,5.886449778167869573e-02,-9.307751397273816840e-02,-9.310626276315281391e-02,-3.923460459263792069e-03,-9.613406729918809457e-02,1.285115146520952045e-01,-6.785945530679662885e-02,-3.380274469573225637e-01,-1.009374753599529134e-01,7.421609402503163977e-02,6.243491989113486573e-02,-1.137642987057103927e-01,1.448341684803131912e-01,-1.492074571293357521e-01,-2.978178659917572052e-02,-3.774914904430553553e-01,1.487999871866829971e-01,-2.714650047999950799e-01,-2.362754704350003288e-01,3.057967858759637059e-01,1.848686928366156390e-01,1.147483048843844916e-01,-1.736206207437452909e-01,2.586527517923645214e-01,-2.165990326568933977e-01,-1.260165287285747171e-01,-2.642367336589026561e-01,-1.820043448974183464e-01,-2.406587605105390271e-01,5.938184617483578155e-03,-2.589882478639144447e-01,-1.809319525319227906e-01,-1.989194164678138033e-01,1.067669279392216009e-01,-2.988589051453430234e-01,-2.434674615084586879e-01,1.180011499344586594e-02,-5.604033122293441971e-02,8.251587555595205070e-02,-2.683053632866794214e-01,-2.844282043032472784e-01,-6.661662015275222545e-03,8.300781297934611835e-02,1.063256992891942754e-01,-9.976889982429817949e-02,2.379939068619373044e-01,-1.704522138859403679e-01,9.042143807080253726e-02,-1.254799103199951693e-01,6.018491536223550403e-02,-8.327332518097321779e-02,-6.536831033486449616e-02,4.717218971766374835e-01,2.090041336060728117e-01,2.030776167862690662e-01,-2.398668778664812262e-01,-3.989905441065448588e-02,3.369375170031103095e-01,5.557803880188602053e-01,7.615941559557648510e-01,2.200117326660599171e-01,1.201517203665432437e-01,2.306739858705007806e-01,4.074035366085767551e-01,7.094305397042184602e-02,-2.388781046232292815e-01,-1.698885360950599110e-01,4.334851511384850142e-01,4.266411877942625774e-01,3.818679976155838207e-01,8.623751169990366561e-02,9.391800679992959311e-02,4.063591894003683036e-01
7.043562742093752160e-02,-6.720357154036547820e-02,-3.300653419578847281e-02,2.715391017533205775e-01,3.000082948554535500e-01,3.086024506686914082e-01,-7.059374897791434456e-02,4.357580163985863009e-01,-5.213575985976254268e-02,-1.577205664760976678e-01,1.189550834852583644e-01,4.873712230908076037e-01,-1.992623868966305126e-02,5.218739051012099006e-01,1.008421799505999639e-01,-3.457910964394217967e-01,-1.363698704814912122e-01,-3.440124085530600895e-01,2.286546776665301581e-02,1.578803896068338430e-01,1.965632891781182376e-02,7.154666093645982439e-02,2.742751669319919428e-01,2.149013610490076165e-01,-1.202236981300391500e-01,1.488921997502722083e-02,-9.766576340584565141e-02,2.383468417055974731e-01,-4.461443607260686672e-01,6.033960179146222874e-02,7.591283628718117904e-02,2.066775209571720118e-01,-6.578951923374336264e-02,-4.897238734382210884e-02,1.314152627618828395e-01,1.322823426897591463e-02,2.733737410203915252e-01,1.114095052679602987e-01,3.023844426570855282e-01,-7.922769746299665461e-02,4.239393305073443918e-01,-1.287627658243722384e-01,7.927499068035874508e-02,1.413387546062753186e-01,5.909551810478413936e-01,5.576693117296001312e-02,4.286275196592838621e-01,-4.387206619305863281e-02,-3.032210197657968578e-02,-1.157118226634610142e-01,-5.672935269605639680e-02,5.498272940533197733e-02,1.563775698934788405e-01,-1.278619053054847951e-02,1.732609652429714653e-01,2.999432703921424137e-01,3.250369345349033434e-01,-4.324923102120395435e-02,1.885877555474135825e-02,5.646821821215534248e-02,2.534737541905105473e-01,-2.312516520660873320e-01,3.672625334575906897e-01,5.788142070172792170e-02,3.225790125819946730e-02,-3.926503541431922845e-02,-1.103658236612644755e-01,-2.630965413547149967e-01,-3.894092589164623308e-01,-1.126915018905957910e-01,2.200117326660598616e-01,7.615941559557648510e-01,1.352729908938283543e-01,-1.978645217501958375e-01,3.903281726420703146e-01,-1.145959718424876400e-01,-3.069013812194084090e-01,-3.609607676239429130e-02,-3.312710324022298258e-01,-1.679249941873345031e-01,-2.949912991983400651e-02,8.002893540489252056e-01,1.645027162455909298e-01,-2.266666732577926613e-01
1.561178806465541580e-01,-2.071652224838268219e-01,-2.080068477592963982e-01,1.940314023069624194e-01,3.270952371359757138e-01,-1.473261823672797344e-02,3.311729000398465628e-01,-1.954088943532032996e-01,-8.609091902237371585e-02,-1.235427847116371269e-01,-1.200914983069391179e-01,-6.428398383409669736e-02,1.533066586513100182e-01,1.779182517980254230e-01,4.941212741902448191e-02,6.188606682154437766e-02,1.250803033686166132e-01,3.060164379493616332e-02,-1.644474429403973981e-01,5.622331684969778670e-02,-1.711910001780382329e-01,1.273096648695405120e-01,-2.382393701886945658e-01,-4.610530486095486963e-02,-1.541099965955473328e-01,8.738351555091837530e-02,6.943324887958307601e-02,2.571330291387438627e-01,2.121026810080603731e-01,1.240041001815564772e-02,1.241612013960259261e-02,1.717775427999826410e-01,1.904702296781539536e-03,3.058106431495395960e-01,-2.244168964406182964e-01,-3.248582559197729092e-01,1.652838716380616579e-01,2.901529834690226850e-01,-1.048766586736290252e-01,2.478306427294701964e-01,-2.728640980546750416e-01,-7.359209403597707921e-02,7.044575832752929950e-03,-2.751248975721620749e-01,-3.260454255401337709e-02,2.593123487455995524e-01,8.924882912464826568e-02,-1.791870738733483334e-02,2.088703992196179471e-01,2.305382610848009939e-02,1.862011418684254571e-01,-2.606419266217914754e-01,7.455862527632058090e-02,-2.615982627468493860e-01,1.228329446260831015e-01,-2.574754417464574785e-01,-1.670384953024713071e-01,-8.075662498586336224e-02,-3.653851005865103863e-02,-4.779529789752578334e-02,3.753480772656415665e-01,1.334831540278018924e-01,8.474632318086053329e-02,-2.674871192500874462e-02,-4.751260832788054000e-02,3.686978172471325893e-03,-7.280804870415023833e-02,-3.184733427010052464e-01,-1.730147011353115327e-01,1.756744148946918571e-03,1.201517203665432854e-01,1.352729908938283820e-01,7.615941559557648510e-01,-1.623235700627759237e-01,-4.322506399395352472e-02,-1.371593812718029382e-01,-1.881248435120628018e-02,-2.704922654561565110e-01,-1.383183420716730949e-01,1.281182907075504029e-01,1.339868768483771511e-01,1.769031605104280647e-01,6.520069100365522008e-01,-2.520924153039861837e-01
-3.162327367896599073e-01,2.293579612959839586e-01,-3.706126550717552259e-01,4.998178626450035245e-02,8.449877089172273467e-03,-4.028759208004249470e-01,-1.033413480812347268e-01,-2.097657244902288998e-01,-1.513009838540121110e-01,3.561998594129001661e-01,-2.809314214747845595e-01,1.570761822377471639e-01,-3.744699195547613879e-01,-1.833946883778588555e-01,1.009258938214897643e-02,-2.166707138241045494e-01,2.271671094610290265e-01,-1.875990405691031759e-01,-2.917695587684446257e-01,2.151196502622434309e-02,-7.197021364572547819e-02,-7.895588775827548644e-02,-2.412620746931661009e-01,3.705862012629467239e-01,-1.450412566126138558e-01,-2.350758559499423750e-01,-5.815354739466394030e-02,3.220677085940774897e-02,-3.340882388841308337e-02,-5.014676970977247628e-01,1.730105905826798129e-02,-8.521633635421756170e-02,3.571014803815916183e-01,-1.275864678645290962e-01,2.125541173412500706e-01,-3.497715396830565759e-01,2.013857668625595732e-01,-2.080814710523075373e-01,-2.302352339364659717e-01,-2.839661888678374213e-01,-1.141265243551431580e-01,-1.396661686253390378e-01,4.327298313312767375e-01,-2.116435275299332897e-01,4.705142106268202229e-02,-2.586017801273098882e-01,-6.766135888026389433e-02,-8.201150778151328202e-02,1.051458712177033225e-02,2.591484646745487730e-01,-1.135240013591128638e-01,-2.839710808505676587e-01,-2.137946164284182989e-03,1.695754354946601150e-01,6.381088466183801322e-02,-1.663499351906959633e-01,3.073168106691482326e-01,1.941900331633122645e-01,-8.266252183276921739e-02,2.983073831303177919e-03,5.517924612935826839e-02,1.859952624991962483e-02,-7.445280255225390775e-02,-4.883159467356011640e-02,-1.635413961554450443e-02,3.663885296722153573e-01,-5.350596616527992372e-02,-2.882398622882311190e-01,4.446908389367177361e-01,3.651201897518297490e-01,2.306739858705007806e-01,-1.978645217501959486e-01,-1.623235700627759515e-01,7.615941559557648510e-01,-1.210568209943704288e-01,7.775338893133693086e-02,-1.539909324224102982e-01,5.846856835014983909e-04,4.179318867553902805e-01,4.887316799463032324e-01,1.954161812829949829e-01,-2.357104385121792239e-02,9.345308437496147036e-02,8.314634375373722852e-01
1.011551120952803307e-01,2.122433736697533491e-01,-2.749009231853381530e-01,9.231038061421936725e-02,-1.598599509110892880e-01,3.354228686406161009e-01,2.161189320452936574e-02,3.547994138509999451e-01,-2.698459302864992804e-01,-2.279157353564258692e-01,-1.784985251458611200e-01,5.065671430267101316e-01,1.545579553467496536e-01,1.635549252457980107e-01,1.524395701661235628e-02,6.599371612520817110e-02,-1.488407782481105945e-01,-1.187543299589668977e-02,-1.426824203364549515e-01,-1.272651256005613296e-01,3.311808208617064153e-01,3.335024440988182404e-02,3.347225664936356870e-01,3.408520297069181360e-01,-2.383137881997867899e-02,2.393247171691828823e-01,-2.115326490630455303e-01,-3.978451721182021950e-02,-1.494090452307685613e-01,1.961629669869583981e-01,-8.635579748143253076e-02,-8.009821133500409640e-02,-1.009024769079784889e-01,-1.657756560986735350e-01,2.008832899958964968e-01,-2.048747192446912779e-01,9.466817294634601032e-02,-1.837794026517758916e-01,1.353162959790963904e-01,-3.177876575389042002e-01,3.910324294567668058e-01,-3.110767744359081433e-01,-2.383445088680513912e-01,-1.100598508919829188e-01,3.530775674237883188e-01,-1.153903226622445266e-01,1.266952941293028601e-01,-5.957634943846621366e-03,-1.668177347961997681e-01,-1.838241257158734210e-01,-1.338542515012400014e-01,-1.641942407080241029e-01,-1.990028911762995734e-01,1.705801885126814743e-01,-1.681913707466978908e-02,2.645084409480721876e-01,2.558044521910111668e-01,-2.318223613316190146e-01,-1.172653297375034764e-01,-1.977779496966338979e-01,-8.635766666328667518e-02,-2.008845702024260327e-01,1.462551486058248085e-01,-6.083856525235329521e-03,-9.345480543623022052e-02,-2.680489800072596591e-03,-2.891288367257177083e-01,1.733801420559596962e-01,1.695880333657767136e-01,3.941303565826373423e-01,4.074035366085768106e-01,3.903281726420703146e-01,-4.322506399395354554e-02,-1.210568209943704426e-01,7.615941559557648510e-01,2.496159244278267353e-01,-6.910378254337490311e-02,-2.052585068928300116e-01,9.280220166245058133e-02,2.092352524842069350e-01,1.579370653464125807e-01,1.588456274617458253e-01,-9.938255095173922915e-02,-6.850841565213629247e-02
-2.285655563904605836e-01,-4.811891157428466875e-02,3.566578474292784323e-02,-7.502046694863863385e-02,-2.593397589359507927e-01,-1.741813812248754201e-01,-5.998629600778149565e-03,1.458312422652412871e-02,-1.661584813949943673e-01,-5.051543794403665077e-02,-1.569873076043446503e-01,-1.813902864408745966e-04,-1.076020155609272305e-01,-1.175970362123392177e-02,-3.036209761760803039e-01,-1.309592170977702252e-01,-1.204041858270209209e-01,5.124203622039134529e-03,7.656754391479073107e-02,-3.406014608104508956e-01,-1.168913868470831535e-01,-3.844949171961937195e-01,-9.398214761447863316e-03,3.151803491845819871e-02,-3.700053551893367487e-02,-1.680338104442147262e-01,-9.393768075532904493e-02,-4.032821704440395227e-01,-3.187601031071067292e-01,-1.807975186902934517e-01,-3.495154303040146626e-01,-3.653505210664973468e-01,-2.780030095925844491e-01,-3.310183470578796361e-01,-1.191364829129491903e-01,-7.438766353202307113e-02,9.200072414805236798e-02,-2.091095425271486674e-01,-3.506377183912919859e-01,-1.070556321139271849e-01,-4.520272027163503570e-02,-2.211162576579094596e-01,-1.933263913536563683e-01,-2.289860465758701558e-01,-1.483019888604616421e-01,-3.873390880725046115e-01,-3.875121184249877282e-02,-4.353014806610789322e-01,-3.726389455470148215e-01,-2.375936769508206481e-01,-2.799979299513100650e-01,1.845745229520019334e-02,-3.556391255996353418e-01,-1.988201039129050829e-01,-3.567213685051471295e-01,-1.308085912321702293e-01,-3.107830762454988696e-02,-2.493161572242164337e-01,-4.021372443237555827e-01,-1.550852470756080292e-01,-4.499570462087238987e-01,-4.849195783746328980e-01,-1.855958964134680755e-01,-2.656332218239933485e-01,-2.043586031710142858e-01,-1.956366914617205244e-01,-8.500299181469636589e-02,2.449442262751737598e-01,2.753389302687284657e-01,1.817097383289623669e-01,7.094305397042181827e-02,-1.145959718424876539e-01,-1.371593812718028826e-01,7.775338893133695861e-02,2.496159244278266798e-01,7.615941559557648510e-01,1.276573295375238448e-01,-1.241040776446179772e-01,1.698507615628453982e-01,2.034038076626889513e-01,1.399837900102510191e-01,-1.297178953667836032e-01,-2.144741724273392380e-01,-1.081992166426289925e-01
6.724548940770953831e-02,2.887405348514816145e-02,-2.565484805734379870e-01,-2.324678786115132179e-01,-3.592075010800560020e-01,-5.720758141699034717e-03,2.751720406014026010e-01,-2.725640626484640561e-01,-3.143463856752674035e-01,1.437166192515989538e-01,-4.313050935776161499e-01,-1.041321575182854731e-01,2.281111848503818706e-01,-1.987039451484327035e-01,7.177285973787192463e-02,4.369015387627163127e-01,9.966775716218305436e-02,4.700541700225854269e-01,-2.532806021657298401e-01,-4.635715767669466164e-02,-3.508734487174804823e-02,-1.261606472448360133e-02,-2.011128512649839051e-01,-3.540117340675496410e-02,4.641897418406845666e-01,3.606210915827273156e-01,2.091467096951247773e-01,-5.976391479294497489e-02,3.381425754286198626e-01,6.588701194658415361e-02,-4.971929473698986635e-01,-1.717976093662665626e-01,-1.001536152630052301e-01,-2.998768918292939456e-01,-5.174031628260553767e-02,-3.610875281814063253e-01,-1.924412264442676990e-01,-1.657515538559701795e-01,-4.805540289109917484e-01,2.902915324382907003e-01,-5.293694292564494752e-01,-3.123457106456469790e-01,-1.826269451154654000e-01,-5.560644780211332350e-01,-1.991393098469286527e-01,-4.282152994961586218e-02,-1.817878925046307048e-01,-1.090244702077360073e-01,-2.082320374882568048e-01,-2.011704663635470736e-01,5.178282217958359024e-02,-2.997151324664679151e-01,-1.273372115863503629e-01,-3.679325302912729856e-01,-2.281785787725593428e-01,-4.096503499699721274e-01,-2.298434323635903664e-01,-2.151410650512713130e-01,-3.931660452119017934e-01,-1.525250425748408412e-01,-1.260219082254172562e-01,-8.629990962110482139e-03,-3.912340977847939549e-01,-4.619117321778561380e-01,-1.731453414108634903e-01,-1.425052764400490390e-01,3.430905945240044636e-02,9.358235318809041137e-02,2.369684314755660104e-01,1.457931532162839994e-01,-2.388781046232292538e-01,-3.069013812194082980e-01,-1.881248435120628018e-02,-1.539909324224102705e-01,-6.910378254337493087e-02,1.276573295375238448e-01,7.615941559557648510e-01,-1.525455592340322630e-01,7.505218387761025678e-02,5.376308273342363803e-02,-9.085730889097203000e-02,-1.917095031727722443e-01,-2.601010529658914217e-01,-1.914141730112232098e-01
-4.652934105138288312e-01,-3.691775664244522082e-01,-5.365759979828705895e-01,3.891644283021499645e-02,-2.640770635321466053e-01,-9.736258729759800570e-03,-8.728770577461529567e-02,6.161939856975062919e-03,-4.999187314549731753e-01,-3.540351330397679686e-01,-5.321421593129370686e-01,1.483497309829684974e-01,-1.814278101559138046e-01,2.479221368740877340e-01,-3.212994002926536363e-01,-5.826232972651982367e-01,-2.872110681371372043e-01,-4.863922737425124820e-01,-5.981417544232546790e-01,-4.818771807088021997e-01,-3.680003841862132252e-01,-5.879144501229546238e-01,-1.861676428450368271e-04,-9.958675769743954853e-02,-4.219145421140603203e-01,-3.990189855742438119e-01,-2.762818855028460474e-01,-5.045843716474822660e-01,-5.198393633730926666e-01,-2.297487148589186234e-01,-1.415363528694683626e-01,-3.983158756963585678e-01,-4.370379707053397289e-01,-4.322951148290199996e-01,-1.886395502679275860e-01,-4.438449894670848384e-01,6.696194909676977947e-02,-3.092871802787807711e-01,5.877299738466273960e-02,-2.223491150833200314e-01,2.337996294866958452e-02,-5.567789668445340956e-01,-1.988673726636027150e-01,-5.668946562319284732e-01,2.298600896196348331e-01,-4.491862216139277247e-02,1.400235401457858020e-01,-2.955660656235455930e-01,-3.807876652516506977e-01,-1.794804203891429140e-01,-3.531322408246021505e-01,-5.064435172782798533e-01,-5.294950795058255277e-01,-2.780164220320968660e-01,-5.454038459119432414e-01,7.075343764070220198e-02,-1.349731854153754795e-01,-6.701470425515300422e-02,-1.662330305007780340e-01,-3.434709433529231637e-01,-4.622499946088703959e-01,-4.128202730029058021e-01,-1.394786381581533501e-02,-1.812015381216589560e-01,-3.686926928356790145e-01,-3.786042755758817213e-01,7.944902990020107081e-02,1.574586677272227786e-01,-1.104697757606387526e-01,-4.076714012205959747e-01,-1.698885360950600221e-01,-3.609607676239445784e-02,-2.704922654561565665e-01,5.846856835015261464e-04,-2.052585068928299561e-01,-1.241040776446179494e-01,-1.525455592340323185e-01,7.615941559557648510e-01,-3.115339922586762844e-01,-2.774807372395086680e-01,-1.981261795609055021e-01,-3.194036676097300465e-02,-1.063490876861628021e-01,-8.284126201208062701e-02
-2.807252846284300496e-01,2.986387961703255711e-01,-6.025001425162441748e-01,3.371949778906608436e-02,-3.915437071675353931e-01,-3.327434620145496291e-01,-2.194450274409527057e-01,-4.528250622375351031e-01,-4.443124988978377488e-01,3.529775950717933819e-01,-5.698621550104945310e-01,-2.201992329236294454e-01,-3.015187263077920843e-01,-3.262647415276507812e-01,-1.768873213705205449e-01,2.267506712831440507e-01,6.022755067177845700e-02,1.072970149146671021e-01,-5.736017488916098639e-01,-2.930006029495890729e-01,-1.759662581001917303e-01,-1.653666028597881033e-01,-4.034815952860069110e-01,-3.921363843010346184e-02,1.510241876463393196e-01,9.617108824153250413e-02,-6.515733466937065343e-02,-3.788931171225674577e-01,4.584268584679399711e-02,-1.688371438548082193e-01,-2.775847454736523057e-01,-4.318697555525850551e-01,-5.696745675576921249e-03,-2.285986488999298405e-01,9.871219354550998804e-02,-6.239505646366765301e-01,-1.444830155587644438e-01,-3.977581641319248296e-01,-4.753111827886911112e-01,-2.824414197752635469e-01,-5.308650561235138676e-01,-4.323556559608191519e-01,1.862604219953208073e-01,-6.108110476761444696e-01,-2.311405851161938141e-01,-4.573441397900269711e-01,-2.466847613596732380e-01,-3.619884390414065956e-01,1.856631363084470798e-01,6.855342557219121224e-02,1.637174972841946019e-01,-5.575949297822422324e-01,-2.268816451486423691e-01,-3.294209403677217374e-01,-1.385972977887868218e-01,-4.955623520875367949e-01,-1.010738828037728715e-01,-1.123276509073813101e-02,-1.566381560809057549e-01,-2.390148370420896451e-01,-3.645300750368958287e-01,-2.043697456517640926e-02,-1.639272137119703043e-01,-3.203213159869896520e-01,-2.277862977304455361e-01,7.513209422398703114e-04,-1.323233248142235419e-01,-2.254059704191623270e-01,5.755088128466029351e-01,3.777255004853310449e-01,4.334851511384851253e-01,-3.312710324022298258e-01,-1.383183420716730949e-01,4.179318867553902250e-01,9.280220166245058133e-02,1.698507615628454537e-01,7.505218387761020127e-02,-3.115339922586762844e-01,7.615941559557648510e-01,4.613121770249768439e-01,2.888738926280788322e-01,-3.706469646876068835e-01,-2.456613385540899475e-01,3.282991475584143282e-01
-5.997903570914366739e-02,1.454845770484185230e-01,-6.259681921567255003e-01,9.692605867949148635e-02,-1.032064528994130898e-01,-1.993919514557339068e-01,-6.379612630629701020e-02,-3.768829162518552156e-01,-2.648162666898913886e-01,1.822291951203100502e-01,-5.048405365775306963e-01,1.388428845775962484e-01,-2.560677609076483785e-02,-2.067969573812677708e-01,-2.061268350746179798e-02,-1.696035519029471250e-01,1.604988847719194534e-01,-1.454604960422812565e-01,-6.646324492373083537e-01,-9.834621048096330032e-02,-1.165772407834467367e-01,9.497713508480815081e-02,-3.092423245871497861e-01,1.250637515978758607e-01,-2.409896675010463618e-01,-3.633496303755614359e-03,-3.739603045079151200e-01,5.112459896533104453e-02,-3.299718562339951089e-02,-1.525820879210448011e-01,2.818340766645556217e-01,-1.141832392972002702e-01,8.882695937795442864e-02,3.274479710064549104e-02,-4.653485727922073920e-03,-6.232322017645010037e-01,-6.943125315818185483e-02,-2.845602874546368510e-01,-4.020947229721945071e-01,-2.394122992791301030e-01,-4.076787452071528595e-01,-2.894105339877388605e-01,1.418296271711259882e-01,-5.242631604084271313e-01,3.091973494914346601e-02,-2.866971122399456506e-01,-3.091123416006987257e-01,-4.417261088040291134e-02,-3.435226425334593492e-02,4.699294356766340469e-02,-2.609253531972630658e-01,-6.972798376031792422e-01,-9.034174603017464805e-03,-1.557245122254967418e-01,2.017600661246263527e-01,-3.856239967717364214e-01,-9.513360926002216444e-02,-1.701187482535934659e-01,-1.020090997389502541e-01,-3.374191288616569251e-01,1.534918025476679146e-02,7.741237184218428824e-02,3.693697645712091387e-02,5.239362595565047465e-02,6.883513111180897259e-02,2.013892604893083027e-01,4.654806162300133276e-02,-1.853639287860693041e-01,2.630561543864843865e-01,7.425364566825022328e-01,4.266411877942626329e-01,-1.679249941873344754e-01,1.281182907075504585e-01,4.887316799463032324e-01,2.092352524842069350e-01,2.034038076626890068e-01,5.376308273342357558e-02,-2.774807372395086125e-01,4.613121770249767883e-01,7.615941559557648510e-01,3.126643603252284853e-01,-1.593502349987096223e-01,9.326648538115579756e-02,4.531414646576576999e-01
-1.971049392936201072e-01,1.953683094748112636e-01,-2.892531602797102086e-01,7.443306284993322919e-02,-9.121291406092013609e-02,-1.696949985421689899e-01,-2.090788706136207376e-01,-1.869863301366785635e-01,-2.803604956522430247e-01,2.627900666510283104e-02,-2.557110904536330498e-01,-7.485989051445905706e-02,-1.949596176445659579e-01,-7.512399395257629564e-02,1.138812556767178179e-02,-1.024392626235670449e-02,-4.880760172847719430e-02,-1.685373569447841113e-01,-4.625577833007681328e-01,-1.112081632477216336e-01,-1.427007639187955756e-01,1.307229863793521289e-02,-1.294298811333635113e-01,1.404450204817724313e-01,-6.163973164878377986e-02,-6.460506249349772141e-03,-2.937781813361878269e-01,-1.138116954353715210e-01,-2.068366880988676826e-01,-6.891146981471227284e-02,3.183203568723795285e-01,8.006666586092501744e-03,2.750442135224888673e-01,-9.395516172872935001e-02,2.181417820425344822e-01,-3.348106659236349536e-01,-1.480409544227268004e-01,-3.103844125409386256e-01,-2.993650404042761393e-01,-3.874956639993726859e-01,-1.672792474220867742e-01,-3.126874749291199684e-01,-9.817961196484498165e-02,-1.988043436948094267e-01,2.733838197067692266e-02,-2.941464085540607121e-01,-1.239547312714792821e-01,2.422655531340125318e-02,-2.239391490266630716e-02,-1.454841864904063420e-01,-1.864756339216221137e-01,-4.581681313999682592e-01,-9.857457647128456402e-02,-4.968157905602446633e-02,8.787935822346149006e-02,-1.698677195357431724e-01,1.642160043620005394e-01,-3.390152160057953445e-02,1.440466105373078010e-01,-2.397146339632728329e-01,-1.259459838660531295e-01,-1.140389876580273631e-01,-9.971784119409043967e-02,3.607056025074681926e-01,1.928879990894548369e-01,2.271031489321348185e-01,-1.519565339684497973e-01,-3.851551581327060381e-02,1.220204471767273174e-01,4.336119564690312234e-01,3.818679976155837652e-01,-2.949912991983398569e-02,1.339868768483770400e-01,1.954161812829948996e-01,1.579370653464126084e-01,1.399837900102510468e-01,-9.085730889097209939e-02,-1.981261795609053911e-01,2.888738926280788322e-01,3.126643603252285408e-01,7.615941559557648510e-01,-2.337867684296986437e-01,4.357583213097007691e-02,2.454749466674412961e-01
-1.295694489243199854e-01,-1.014770366031604587e-01,-1.491692511671700583e-01,2.789447570316720970e-01,3.091811581132768438e-01,2.091858582811290460e-02,5.721899775267684160e-03,2.360028979123158510e-01,-6.744365962363331468e-02,-1.519996727089779065e-01,-6.487819249742254879e-02,4.747655145054320291e-01,-9.138465275644182262e-02,5.536980652630855149e-01,1.310574716775399495e-01,-3.581690610203545622e-01,-2.610807457426118083e-01,-3.283891941781644230e-01,-3.002479961386275015e-02,-1.452003317306760008e-02,-2.403088583003654688e-01,-1.178924096439138841e-01,4.125777949913500553e-02,2.009649560574881810e-01,-2.190410677148917629e-01,-9.978572281030415048e-02,-1.392182621522232433e-01,7.008648758562623093e-02,-4.057863664777753843e-01,4.269983149224890889e-03,5.214267816690856122e-02,5.854351812994435661e-02,-1.314896294216814920e-01,-1.941163858217049842e-01,1.277210079980042046e-01,-1.343077470691654285e-01,3.029750639695915626e-01,1.157575812895230150e-01,1.550955692305968914e-01,3.256336344702760038e-02,2.428605717360396710e-01,-1.820604586882586529e-01,1.813958796688461550e-01,-7.736897345894869216e-02,5.580610978183963011e-01,2.189211653669700247e-02,5.442237615408208606e-01,-1.302273253636238581e-01,-1.129461725691238289e-01,-7.776696985737381607e-02,-1.907214970050001221e-02,-3.259006762898700865e-02,3.028769729425564647e-02,-1.290476966911453804e-01,-2.360282167610336379e-02,7.676965191819515311e-02,1.515053353883550613e-01,-5.543985133212759459e-02,-1.300557037832291048e-03,-1.034648848551871086e-01,7.569422687645918635e-02,-2.950241855725826978e-01,3.636563167474768377e-01,6.060559415013788698e-02,-1.014511292584790725e-01,-9.709732554799406501e-02,-6.892641075539101582e-03,-3.218483496498098506e-01,-2.270554088000523718e-01,-2.428158103567381876e-01,8.623751169990362397e-02,8.002893540489252056e-01,1.769031605104281479e-01,-2.357104385121792239e-02,1.588456274617459640e-01,-1.297178953667835755e-01,-1.917095031727722720e-01,-3.194036676097294913e-02,-3.706469646876069390e-01,-1.593502349987096223e-01,-2.337867684296986714e-01,7.615941559557648510e-01,3.124812987239931616e-01,-6.226240995641556253e-02
-3.453578987829748759e-02,-2.994607597616023575e-01,-1.262638259856893042e-01,3.233803238157231252e-01,2.290776371575891923e-01,-1.953630172557850597e-01,5.706245647929172188e-02,-3.096902041500103064e-01,-2.618534998014020870e-02,-8.805897910116111671e-02,-1.054781676891016623e-01,-6.113190683292907268e-02,-1.493199911885763898e-01,1.263896889347548291e-01,3.866790817510990519e-01,-2.006397314062108861e-01,4.598139795413194036e-02,-1.514713409064200600e-01,-1.411430077893041923e-01,2.789147401396585013e-01,-4.539248869675466813e-01,2.084748620501375160e-01,-2.929401745522910439e-01,-1.691436692008814191e-01,-4.494904425061017061e-01,-1.607758813793325470e-01,2.457227059856414292e-02,2.490086114078789714e-01,4.167417828485203701e-02,-9.339997076953594768e-02,2.766824095592087529e-01,3.402357736627835139e-01,1.066438176247679476e-01,3.908509639337772595e-02,-2.543007789967314802e-01,-2.235650476058781422e-01,3.244058936786127223e-01,9.534553722567837286e-02,-2.125061451006003410e-01,1.779582378230641637e-01,-2.949402201334064832e-01,-8.901066348163412523e-02,8.553088993026880527e-02,-1.941924303629314341e-01,-1.333801625882560793e-02,1.594823062439953282e-02,2.168846151572815240e-01,2.019818286931689133e-01,-1.074485744857058833e-01,7.586450817859378970e-02,-1.195709086793776965e-01,-1.822455502351045531e-01,2.739061835482911600e-01,-3.770591358637028212e-01,2.829255739750748955e-01,-2.681750295381561955e-01,-1.390455009097115446e-01,-3.783363470177258936e-01,-1.958582666121359561e-01,-8.938923723510786012e-02,3.660260207039932601e-01,6.115952039542848183e-03,6.528236939675609307e-02,2.299488854752444744e-01,1.256923997352665801e-01,1.508994025705903408e-01,-1.961530986718686420e-01,-2.001706072034338257e-01,-3.814227121366862150e-01,-1.573304591621637050e-01,9.391800679992955148e-02,1.645027162455909575e-01,6.520069100365520898e-01,9.345308437496144260e-02,-9.938255095173925691e-02,-2.144741724273391825e-01,-2.601010529658913106e-01,-1.063490876861628021e-01,-2.456613385540899475e-01,9.326648538115581144e-02,4.357583213097005609e-02,3.124812987239931061e-01,7.615941559557648510e-01,-1.073551892145615388e-02
-2.814098877420101452e-01,3.151174645468637348e-01,-4.067198554150756040e-01,1.162030863237750178e-01,-1.130572748459920673e-01,-4.652493591919895088e-01,-2.040893709022849889e-01,-2.645020150189525410e-01,-2.400691690997149852e-01,3.786435483553861059e-01,-3.465873989356212936e-01,2.837362318435875455e-02,-4.769900682197363295e-01,-2.278690484113649883e-01,-3.821488997336323912e-02,-8.764168972991885631e-02,1.563318705195421709e-01,-1.588573082458671348e-01,-5.142699130438307398e-01,-5.804646646238374730e-02,6.620891366755479734e-02,-7.454020506937616974e-02,-2.382256257859443616e-01,3.815366400863899887e-01,-1.701625749937037413e-01,-2.488668683198380915e-01,-9.457047794643078098e-02,-1.795685296897365840e-03,-1.813727513481749182e-02,-3.739623163011668305e-01,2.083053748048427078e-01,-8.468856024533709392e-02,4.653199652824063781e-01,-1.529895645364675039e-01,3.400364729574365530e-01,-4.039645168621194826e-01,3.326824400207092913e-02,-2.393813995144825901e-01,-3.445386120536557684e-01,-3.803731822325704393e-01,-1.592424585720212116e-01,-2.021698639812528342e-01,4.839599012741026551e-01,-2.790244019350542892e-01,3.540615496177873522e-02,-3.576320111604426311e-01,-1.383259326169504477e-01,-4.870481378543223272e-02,2.141376757929877028e-01,1.866468756151855035e-01,1.623063999693563283e-02,-4.764293470350357551e-01,-1.096336287555558092e-01,2.304263251148817582e-01,-1.657255100810071588e-02,-2.177789866909145555e-01,2.973061703374919040e-01,1.867674966794032054e-01,-9.959696692402046636e-02,-8.985448421489987403e-02,-1.581749622935671798e-02,1.413029608093322176e-01,2.950770610552786929e-02,5.664086006807991791e-02,7.109620770800069260e-03,4.224311526352585999e-01,-1.663151817255831000e-01,-2.510199080627109058e-01,1.435005587674732519e-01,2.944879962524192818e-01,4.063591894003683036e-01,-2.266666732577926335e-01,-2.520924153039861837e-01,8.314634375373722852e-01,-6.850841565213629247e-02,-1.081992166426289648e-01,-1.914141730112232653e-01,-8.284126201208058538e-02,3.282991475584142727e-01,4.531414646576577554e-01,2.454749466674414071e-01,-6.226240995641556253e-02,-1.073551892145609837e-02,7.615941559557648510e-01
