7.615941559557651841e-01,1.583142840870370160e-01,5.626372390104407151e-01,5.121424604734922115e-01,3.794425801433157774e-01,7.210398437313316755e-01,4.403872498293968651e-01,-1.632312194708592304e-02,8.243399514953932972e-01,6.678418727452990755e-02,4.781233505232067582e-01,3.793651688914922993e-01,2.147104514988391333e-01,5.541904216003268324e-01,3.027226650056016322e-01,7.854568053195469524e-02,-6.879583191147851939e-02,2.013118093405674158e-01,-6.816938889956947190e-02,2.948235748692740882e-02,4.876181923927198902e-02,-1.163178448069480120e-01,8.086535415985106334e-02,-2.745044074495053277e-01,-9.249415752892278797e-02,-1.356077257770165745e-01,1.005417892988326733e-01,-2.597270680802684639e-01,2.833488919040407297e-02,-1.051038448012736430e-02,-3.207890319357452613e-01,6.827409182888453942e-02,2.586034831117805521e-01,1.790669548625272722e-01,3.717171358682797577e-01,1.964263777646794995e-01,7.136108884653077911e-02,3.882315019656309985e-01,3.550108142263289634e-01,1.007209219932554550e-01,1.691829423547122277e-02,3.351319513773516334e-01,1.994671150490196637e-02,9.307104600364028701e-02,3.984646142840901906e-01,8.979151318490702360e-02,3.262999440866403145e-01,3.097485895801791247e-02,-4.529692133976562143e-04,3.143184973793028414e-01,-2.440766330805296813e-02,3.083643583252665410e-01,1.369180991672905023e-01,1.722962878633253481e-01,-9.070803103710142756e-02,4.583463623927494512e-02,2.366411895556095879e-01,6.035440192134971377e-02,2.807015626618809545e-01,6.785134862236957831e-02,-9.651825333654898142e-03,8.766798047981468056e-02,-7.614446539907097911e-02,3.192865610459375003e-01,1.000097484498802536e-01,1.566124040251999361e-01,1.994860816176654283e-01,-7.573527278740763147e-02,-5.665308234594564757e-02,2.431018142915855954e-02,3.266271581081807707e-01,-2.808194890042547964e-02,8.295196721228288717e-02,1.581356231536166224e-01,1.746431331650105945e-01,5.030334253715872811e-02,-9.529650556044796939e-02,-1.623194076977495792e-01,4.882115134392216865e-02,2.714556446235939502e-01,-2.105145686129046567e-02,4.824353478715744103e-02,6.573912719928177995e-02,1.668556667664901905e-01
1.583142840870370438e-01,7.615941559557651841e-01,4.547947999881128966e-01,7.768732586668783413e-02,1.255066335856656612e-01,7.685059242702828308e-02,3.723818353524535052e-01,1.143493699145586018e-01,-8.278524312266069551e-04,5.381288795455509977e-01,3.150872037371241774e-01,8.328686267091492401e-02,8.058463604118472345e-03,-5.778153629928334950e-02,2.865225412627183110e-01,1.483467520098177561e-01,3.102996131934587787e-01,2.971119723865038864e-01,4.426296870211662293e-01,4.992027375009102652e-01,5.297740944723946521e-01,1.630504140391643153e-01,7.365042436971894202e-02,1.380250548277072997e-01,2.745035846765908616e-01,3.622594247136854961e-01,4.556264019847397484e-01,1.510716610952330397e-01,2.737954717063024179e-01,2.041874299882912025e-01,1.559216006071357553e-02,1.871954135997858093e-01,2.633749069932738163e-01,2.610416946214215717e-01,8.499670124618913247e-02,8.068948814936950653e-02,4.878778597303154441e-02,6.312131925946279365e-02,4.196252639504491344e-02,1.237378428399406594e-01,9.714787141655858993e-02,7.535498139086545255e-02,1.461920951926832801e-01,1.711312538755745127e-01,1.744717494144137904e-01,1.060229891250007161e-01,6.829692967405433593e-03,8.721866910858448729e-02,1.396652509772361439e-01,4.490045854241498380e-01,9.047790652465467764e-02,2.972213918503139318e-01,1.777052015081482528e-01,1.523745254975689134e-01,1.035287251226039290e-01,1.781898221135372893e-03,-1.941606244289103070e-02,7.093850088241228369e-02,2.448565535801004722e-02,8.992210608729706012e-02,7.271069482232125902e-02,1.527549122369340762e-01,1.323082580768477831e-02,2.473762755460148788e-01,1.136562565752358839e-02,6.331519012573129379e-02,-1.335657426525037050e-01,1.340190441655168263e-01,1.283883936698007600e-01,5.832469702063128314e-02,2.689194540563661917e-01,-1.657840317252020496e-02,2.705838436470769381e-01,2.135438418411023387e-01,2.570020163506259170e-01,-1.859981316983341793e-01,1.085751594292938410e-01,3.381928621427013337e-02,1.370702063243291191e-01,1.386684667317522601e-01,-4.431630709298734622e-02,1.404708468517903985e-01,5.864423143438619174e-02,4.251985464585048002e-02
5.626372390104407151e-01,4.547947999881128966e-01,7.615941559557651841e-01,3.110704110318741611e-01,1.770304010763779357e-01,3.490108561133851151e-01,6.211853182303852527e-01,7.711761512438800731e-03,4.594733354035269168e-01,4.484057285593303632e-01,7.229311937037914415e-01,3.202236625102748979e-01,4.561922112287666864e-02,2.396993336185966328e-01,4.551819733799113976e-01,7.393600457034360529e-02,6.603201435964002608e-02,2.753050637804792533e-01,2.659999347351986107e-02,2.163257577525259934e-01,2.056971674853541598e-01,7.178486766184957041e-03,1.932506969328974533e-01,-1.000852949265868125e-01,1.909356212273475850e-01,1.008988156666670716e-01,9.695102413687670118e-02,-1.483183761500934117e-01,1.525123165276871806e-01,7.729163476513135900e-02,-1.686009673772966289e-01,1.721426507129894257e-01,2.895726619443975136e-01,2.737811594186044806e-01,1.551070466049885299e-01,1.391161776888256985e-01,8.232952551583422318e-02,1.649194575153749287e-01,1.351448645192693532e-01,1.321583084329978064e-01,1.124127705427295232e-01,1.455964647357661235e-01,-3.037835138056333567e-02,1.113226447002390873e-01,2.958645631874106119e-01,9.601523269160594509e-02,1.542668911854727931e-01,1.053763315876991846e-01,5.945404119249423497e-02,4.071852891244370221e-01,-5.294961190481198288e-02,3.764664063363534208e-01,1.312539885242874349e-01,2.061761677407528692e-01,-6.011552358878649582e-02,1.527952670171528193e-01,1.916089044034518796e-01,1.893734516665833423e-02,1.314423484547080356e-01,1.316411727928036013e-01,6.316619605517789782e-02,2.338994458627808581e-01,-7.821707589552416573e-02,4.198837269386440085e-01,1.320994398031060113e-01,1.807684407173418828e-01,4.835939385419742859e-02,1.111593106896516386e-01,1.012117273287142932e-01,8.524068359399517014e-02,3.829219257159821588e-01,4.767051659526216206e-02,3.098067615154087573e-01,2.694279118269774509e-01,1.638039645961522073e-01,-5.480968815369049313e-02,4.344840512990128661e-02,2.494049863227390876e-02,9.146426512143254750e-02,3.587706884747613456e-01,6.055805151832596711e-02,1.688584167089091093e-01,1.016101783685945253e-01,1.167603875796096174e-01
5.121424604734922115e-01,7.768732586668780637e-02,3.110704110318741611e-01,7.615941559557651841e-01,1.074437267935366286e-01,3.919654814290107758e-01,1.397469521823617722e-01,4.884322345548282318e-02,5.322672269884529683e-01,7.436785336978479766e-02,2.818876452713977021e-01,6.977538952739374967e-01,6.215110156421415483e-02,4.071491472827618030e-01,9.447495356078280948e-02,5.847615017845761431e-02,-7.150823381163856629e-02,-4.798361817167261234e-02,-6.244547557253318087e-02,5.361989102673690027e-03,-1.260254491118018884e-02,-7.916752371199026195e-02,-1.174105187296312254e-02,-2.424257503549687512e-02,-7.019392113432847483e-03,2.945233872267107381e-02,-7.584698705027795307e-02,-1.446514190098527330e-01,1.067349809252137738e-01,-4.252877900269928096e-02,-1.193840335239314127e-01,1.107202104656240110e-01,1.147362937067652328e-01,1.552277974403520333e-01,2.507303666071398762e-01,3.317867531256424307e-01,8.277128045341662632e-02,3.984584930391313895e-01,2.437369925059364728e-01,2.838259758305951563e-01,4.729543383388004618e-02,3.383318859148101154e-01,-1.141197181644872244e-01,1.876622302829125954e-01,1.750731293183387660e-01,1.752382568716359390e-01,3.186380995266411831e-01,1.479713750301663577e-01,1.358672071455915009e-01,3.007837475869259633e-02,8.096093935800333097e-02,1.802722639287442433e-02,-1.943954798748612212e-02,1.350310319403787984e-01,-5.297175604918735736e-02,1.771892131315448982e-01,1.593767292060706831e-01,1.444220567269469957e-01,2.871320319692308720e-01,1.277410249432640865e-01,1.090507180201129994e-01,4.302372930072368568e-02,5.834631470170646705e-02,2.107518699795742079e-01,4.954302854353923036e-02,1.028891080161952326e-01,5.005598824837262373e-02,-7.454404271106901403e-02,-2.872738520906004123e-02,3.936625600248613854e-02,4.073286016267130272e-01,1.377603705096555331e-01,3.465836007919528144e-02,1.371511880557833296e-01,-1.864300637981049225e-02,8.459939119830489629e-02,-8.580754156919737086e-02,-6.600667846050319032e-02,6.032276652229581065e-02,3.587490390420414177e-01,1.002347392125769870e-01,-6.805424946912640985e-04,2.096197112302460031e-02,1.328099712002996091e-01
3.794425801433157774e-01,1.255066335856656612e-01,1.770304010763779079e-01,1.074437267935366286e-01,7.615941559557651841e-01,4.480211901165480626e-01,3.925001242755958852e-01,4.921846283646115761e-01,3.032685113266148647e-01,3.401098764081799536e-02,1.238317776927839453e-01,7.763010463523779825e-02,7.594582878534137382e-01,3.264631849920619500e-01,3.831725862978272446e-01,5.384386404439358564e-01,7.508012399532647957e-03,4.500349917201417610e-02,1.815171548368935128e-01,9.122526956954131114e-03,1.025997609768761615e-01,-6.772446337119047977e-02,-4.102230888503063250e-02,1.049844792175353425e-01,-1.296162684174289315e-01,9.758792442165575842e-02,2.841316163262953554e-01,2.547553949644572047e-01,3.463587853948919548e-01,2.298070348222505666e-01,1.621804999432969185e-01,2.810433836006087649e-01,1.046693049989999569e-01,1.069924344429155211e-01,-1.383267860614694443e-02,5.267167146607303063e-02,-1.317419211384214528e-01,-7.888648834621167505e-02,-1.443869160071293428e-02,-5.481208067355712588e-02,-1.555654764240603227e-01,-4.895449536187867351e-02,-2.747252681148597622e-02,6.344043149866900044e-02,1.792631557977059087e-01,2.913295775743594551e-01,-2.208758073434812508e-01,-1.618843204723454873e-02,1.352994445646148736e-01,3.664779123233955493e-01,6.341574737204241918e-02,3.358262661846785069e-02,1.344491686588599952e-02,2.240554808671628706e-01,-1.336266972126985047e-03,4.941756916755289664e-02,7.755549349113398383e-02,3.106501763157251683e-01,-1.828641368654072841e-01,-4.322128730535844399e-02,1.085292720561650548e-01,3.004081139274268342e-01,-8.310173140354419619e-03,-2.396552507403744425e-02,-3.844710066909449303e-02,2.329647182956843254e-01,1.245508050871872024e-01,1.254778404558242084e-02,8.932688945426754679e-02,1.218977623795381438e-01,1.163671489078250132e-01,-8.856829574886877776e-02,1.012673204390462239e-01,1.915214975324650293e-01,2.262125783802993728e-01,6.141209119260956917e-02,-2.430090062826770203e-02,7.841955471984157766e-02,6.990649504539848957e-02,7.255851275632831110e-02,-8.682571807168354416e-02,1.485298952688118845e-01,1.161753422834431310e-01,7.869078245885542666e-03
7.210398437313316755e-01,7.685059242702831084e-02,3.490108561133849485e-01,3.919654814290107758e-01,4.480211901165479516e-01,7.615941559557651841e-01,3.327651042397221648e-01,1.211972755116766109e-01,6.293208843719350076e-01,-4.768606637072040494e-02,2.739775702722228590e-01,3.372684939671436455e-01,3.615711930366500293e-01,8.100677297109348807e-01,2.541208860503572087e-01,1.976643451416055519e-01,-1.660687934679240529e-02,1.253753525600248830e-01,-5.599955037593590951e-02,-9.195522571854902738e-02,-5.447180070874017149e-02,-1.203689535234920699e-01,6.456818754851886832e-02,-1.485595211166444718e-01,-2.468409620775799396e-01,-1.471520958568570681e-01,2.335465862056938513e-01,-5.972723807441829985e-02,6.731134462268498209e-02,8.264317422890374298e-02,-1.254936206287800282e-01,5.628246432090032447e-02,2.172653375447479440e-01,1.382870751821171362e-01,3.074297474934221119e-01,1.394844977871033953e-01,-3.523538961347951609e-02,2.036110447002641433e-01,2.851108200246156854e-01,2.446753563041469473e-02,-6.830839358390428107e-02,1.793851212245575200e-01,2.855714903714943673e-02,2.150377211794627860e-02,4.232726524935797596e-01,1.220804258903653849e-01,9.400949898609430033e-02,-8.018689051591233741e-02,-7.807713843471103532e-02,2.918059853064592368e-01,9.051747658433650923e-02,1.904352880679199278e-01,8.265677870506356328e-02,1.328587807041324842e-01,4.475389186050240942e-02,2.059182837300166033e-02,3.243511924807001567e-01,1.412152951982720284e-01,7.180729593251995724e-02,-4.476397664432391760e-02,-8.451793520848120689e-02,1.334518372222281424e-01,-7.752326850325039903e-03,1.251613195679922297e-01,4.101740728857491969e-02,1.173238984210515506e-01,1.952302628283912600e-01,-5.322043378092066596e-02,-4.198206710927260971e-03,4.300754198758586361e-02,9.439226688521824837e-02,-8.832663836154336368e-02,9.437811879948837523e-02,1.378438797549708661e-01,2.152109385166017796e-01,7.336324643879191254e-02,-9.691596743959808580e-02,-7.458721021856980216e-02,8.299021361894823312e-02,6.163836766597236699e-02,-5.623085383867418297e-02,8.646089957351593691e-02,1.062643120019230863e-01,1.355380107209171459e-01
4.403872498293968651e-01,3.723818353524534497e-01,6.211853182303852527e-01,1.397469521823617722e-01,3.925001242755958297e-01,3.327651042397222203e-01,7.615941559557651841e-01,3.752645017443920761e-01,3.594773441749590237e-01,3.515657828620588066e-01,6.382160961775651398e-01,9.380494086785579055e-02,3.401593357706916843e-01,2.135279241444704434e-01,8.281160450578728405e-01,4.006848724403005435e-01,-1.265816490158852559e-01,8.392365125875343723e-02,5.462816327048966580e-02,5.298831363226218227e-02,1.290800717352609261e-01,-9.501722876296571363e-02,7.632972749787333977e-02,2.364797431301081387e-02,-1.109743524670317796e-02,1.822587290245858416e-01,2.054131949887021691e-01,-9.198206966650085414e-02,2.757974659181881005e-01,2.219275183137610075e-01,-6.556745165531289998e-02,2.486106356372078385e-01,2.114187854351309848e-01,2.046224694058388638e-01,9.211322343958770406e-03,-6.641781913364197543e-02,-6.810441068920894403e-02,-1.960052829383353290e-02,1.948476508160936621e-02,-4.041311639308099030e-02,-3.538863700612926433e-02,1.645321475174697703e-03,-5.237506451088196763e-02,6.441563239201535118e-02,7.862038178016798884e-02,4.454262518803478454e-02,-9.990297470407907832e-02,-5.016343701549764306e-02,-5.987767273892755093e-02,4.496268334037802905e-01,-1.519282666533101622e-01,2.561174588652039286e-01,4.314727629539508863e-02,1.685643907309271050e-01,2.272646022391173332e-02,1.460356170957410231e-03,7.645548102014794456e-02,6.879417532736196994e-02,-9.035021956611244409e-02,-2.107757168027578343e-02,2.489200516215986717e-02,3.532531022566442469e-01,-1.483132203528522985e-01,2.465000457534389233e-01,-8.766384479983964362e-03,2.169841013617500314e-01,1.645641056100961841e-01,2.050563462633802070e-01,1.680303585282290346e-01,1.572879160397546439e-01,1.821960071858660657e-01,-6.286514280643012986e-02,3.634189203131999446e-01,2.904150654991177749e-01,1.588916582511888109e-01,9.028256834898404359e-02,8.926720279872212005e-02,8.020100445292832614e-02,1.429439218799662403e-01,1.347123411122065351e-01,-5.312203859277622037e-02,3.368256877373421165e-01,1.209378093426662359e-01,4.865736780222426616e-02
-1.632312194708594733e-02,1.143493699145586018e-01,7.711761512438803333e-03,4.884322345548283706e-02,4.921846283646115761e-01,1.211972755116766109e-01,3.752645017443921316e-01,7.615941559557651841e-01,5.494739319544302697e-03,1.642194955215484642e-01,-7.411180909136253978e-03,3.538227310790964530e-02,5.479227168705018691e-01,1.420508526618707301e-01,5.066503654603118356e-01,8.239391346216033973e-01,-8.464425696789840137e-02,-2.162284499880454125e-01,2.550395049589327390e-01,-1.574642078140150447e-01,1.218737602666503939e-01,-7.157416895137901081e-02,-1.268825815955964553e-01,4.324156871711539729e-01,-1.842007797859410989e-01,3.455602050541798365e-01,1.289116466172213482e-01,2.243147076746479507e-01,5.571414463209460877e-01,2.469684552841666103e-01,2.958796415191879414e-01,4.855181994234926135e-01,1.039038818959073518e-01,1.811889744162397675e-01,-7.665314459346071058e-03,-2.562760231668070182e-02,-1.597117462216314787e-01,-7.535063260104332694e-02,3.922628932888481794e-03,-3.205407762543417693e-02,-1.520150272037085470e-01,-4.733508274839617197e-02,-2.360870160962577971e-02,1.732600751103764714e-02,-1.992226033152386111e-01,2.190305058932543181e-01,-2.010251324856232868e-01,1.326487706016342069e-02,1.949729093004888281e-01,2.921615551050806281e-01,1.289356103066248080e-02,-4.190044222164837628e-02,-2.106936573993380135e-02,2.000053859123025746e-01,1.852469319604746478e-01,4.970141575486378832e-02,-1.271213999047034471e-01,3.160408130572753826e-01,-1.994593829006156560e-01,1.273550338487947770e-02,2.005949780173538199e-01,4.369198572785915058e-01,-2.013239261347762443e-03,-1.716292902397290876e-01,1.560166186575839831e-02,2.304976491281838791e-01,4.886826226443077847e-02,1.755533913884285147e-01,1.533918164937642381e-01,2.152153559596451105e-01,2.624961763423123984e-02,-5.921799974478582362e-02,1.897694463622401073e-01,2.989800160404596507e-01,9.141522267749219513e-03,2.362319658163935989e-03,1.380407625667437188e-01,2.614948159269683825e-01,2.783700207726061970e-01,2.155605507307270866e-02,-2.680022314714348292e-02,3.096282823461766753e-01,3.946226196453209156e-02,-9.466701761538774684e-02
8.243399514953934082e-01,-8.278524312266362286e-04,4.594733354035268058e-01,5.322672269884529683e-01,3.032685113266149202e-01,6.293208843719348966e-01,3.594773441749590237e-01,5.494739319544283615e-03,7.615941559557651841e-01,7.784895662932944660e-02,4.837003716964623501e-01,5.055285734150929411e-01,2.500935125677409276e-01,6.789702860401377604e-01,3.353165336454723144e-01,6.276552509476897301e-02,-1.257628032445090027e-01,2.050395751529002220e-02,-2.646809973876344535e-01,-1.589333343164732737e-01,-1.608293777470874708e-01,-4.032950910497232200e-02,1.870539808119048020e-01,-2.185541480324695307e-01,-5.165563244420384031e-02,-1.161748298194105466e-01,-1.099580338064716500e-01,-3.262050414902332163e-01,-5.494347041190592723e-03,6.700096250791627572e-02,-2.859448188762495624e-01,5.473098272311192891e-02,1.875203308853985451e-01,1.556326483859024057e-01,3.347362062574479880e-01,2.446076662007282687e-01,1.027405533336758631e-01,3.725249060577990878e-01,3.865483877254169420e-01,1.732381498378653684e-01,5.840793714037881279e-02,3.749215209795011550e-01,-1.260393469544296985e-01,1.256396425226652402e-01,2.212729932071449412e-01,5.343114136568880707e-02,2.579220789484228948e-01,1.751614342988814382e-02,-6.677391416977894456e-02,9.795603975667334373e-02,-5.203175752219695027e-02,1.746992678667508292e-01,1.165326061497702625e-01,1.454244984242898941e-01,-8.928253643073075230e-02,1.211006215854485840e-01,3.781843777182833377e-01,3.768241739970187854e-02,2.412663079724357840e-01,2.362468833426838860e-02,-4.564218500935612183e-02,1.930066408435347491e-01,-1.320333009904645256e-02,3.240266926441199846e-01,1.767210619987238107e-01,1.386193478454608441e-01,1.145924169877151066e-01,-1.098565219188188807e-01,-1.232682233484403977e-01,-5.746311760362120095e-03,3.033832866808857665e-01,-1.477685775458183019e-02,1.464028532810732475e-01,1.821915167844656014e-01,4.858349565385323282e-02,1.126135094828355776e-01,-1.336702613907433668e-01,-1.792161851466043954e-01,3.564634591367273064e-02,3.171587439514847451e-01,2.187242622858527955e-02,9.812713440611524340e-02,1.337897206059040500e-01,1.170868340489032017e-01
6.678418727452990755e-02,5.381288795455509977e-01,4.484057285593303632e-01,7.436785336978479766e-02,3.401098764081798842e-02,-4.768606637072032861e-02,3.515657828620588066e-01,1.642194955215484642e-01,7.784895662932944660e-02,7.615941559557651841e-01,4.451831618296370197e-01,1.523560985050914363e-01,1.104140000829412771e-01,1.231854970296411382e-02,3.761729643872835371e-01,9.472732232471653413e-02,1.774618557858913537e-01,9.339457068637811721e-02,1.663981268766339117e-01,2.122274020001179706e-01,2.358706170217346465e-01,2.463110686324609389e-01,2.580897981368024952e-01,2.818019341228856778e-01,4.923337621919562368e-01,5.244456340061238730e-01,1.576222255661575700e-01,4.253973637252182749e-02,2.838988615326593079e-01,4.302060296801503148e-01,1.395734337854813156e-01,3.014426794696863365e-01,2.408354246476813454e-01,3.253248922837816415e-01,-4.935844352800918683e-02,5.822274498668399134e-02,-5.184637508634065001e-02,-2.495130605999655582e-02,-3.071721904513122561e-02,1.016887115362077043e-01,-1.636123318646600169e-02,3.058190140729315915e-02,-4.910659167619221832e-02,1.653310960319801515e-01,-1.811450917411286041e-02,1.255814364610979006e-01,-8.014791493442352532e-02,1.095410879257364967e-01,6.390477990447733514e-02,1.769660725535482093e-01,-6.307749329122243342e-02,1.324059269822634999e-01,8.187743520449053403e-02,2.075593928971908586e-01,1.713132458154754678e-01,1.770519653907792756e-01,2.365934768765679264e-01,8.922674548431117070e-02,-3.292294366817442863e-02,1.060819641296394944e-01,9.997328773111477385e-02,3.968083949129172505e-01,-1.007483615352054891e-02,2.952526269881852183e-01,2.261211833306971120e-01,1.510340902538165886e-01,-1.842937436494758996e-01,9.532059312877326496e-02,7.612606698851681619e-02,6.638337990385206888e-02,2.421620192202320054e-01,5.259067282414695010e-02,2.576305803259899552e-01,2.305023200514939308e-01,5.618636458117661631e-02,-1.067894019486599622e-01,9.011352708698554259e-02,6.153051730120780854e-02,1.396652063243589703e-01,2.210100659363448405e-01,4.440434627541840762e-02,2.054119532586882180e-01,2.221352684091224550e-01,-2.596532555009815890e-02
4.781233505232067582e-01,3.150872037371242329e-01,7.229311937037914415e-01,2.818876452713977576e-01,1.238317776927839453e-01,2.739775702722229145e-01,6.382160961775651398e-01,-7.411180909136257447e-03,4.837003716964624611e-01,4.451831618296370197e-01,7.615941559557651841e-01,3.292076148698646065e-01,6.998517422790123677e-02,2.917201803847166985e-01,5.561934416976537232e-01,1.485139300878759311e-02,4.078789141032816007e-02,1.847582052551809406e-01,-9.228862891455462403e-02,1.063478569578173577e-01,5.870192308851935464e-02,5.923017508176136453e-02,2.818561167574265003e-01,-9.203495531522959405e-02,2.115732280212073158e-01,1.285492229433870537e-01,2.749195746384834257e-02,-1.979281664129568519e-01,7.769861387849003043e-02,1.991738868994518963e-01,-1.993180875036855981e-01,1.163077278891661154e-01,2.117301529111960678e-01,2.300312368020299703e-01,6.970289526923778567e-02,1.117793455658354779e-01,1.807426801134361452e-02,8.122843489300847486e-02,6.707637385251905005e-02,8.695196218119051468e-02,2.697514325337591057e-02,8.281552982066263391e-02,-4.346740285799661346e-02,1.091735817827475530e-01,1.913175762397412993e-01,8.185405456709762828e-02,7.510335915296133258e-02,6.958275834310245767e-02,-2.594936086310500878e-02,3.023259587116218228e-01,-1.085533071548732270e-01,2.072874677190606196e-01,1.136094728865424952e-01,1.300134587208927051e-01,-3.090475371937647167e-02,5.673450532913418970e-02,3.152608144962107950e-01,7.720389856101824225e-03,5.798455592662886404e-02,6.866706731111983653e-02,3.861795852509711247e-02,3.693651584527402609e-01,-7.655602549702174298e-02,4.453581690771238333e-01,1.143461967588453726e-01,1.177337864825993563e-01,-3.220854659556515731e-02,9.820632650369504058e-02,8.377362680503537551e-02,9.858906544653473977e-03,3.314336399154590995e-01,-3.402454941288124771e-03,2.746098782506963820e-01,2.243920323444097420e-01,1.274745809991355283e-01,-1.357652905407246910e-02,6.365833144055740855e-02,-1.393100882321154053e-02,6.309227931612382267e-02,3.591571556014263589e-01,8.571667215922204597e-02,1.861066911070742291e-01,1.618047264554733633e-01,6.659780541917480201e-02
3.793651688914922993e-01,8.328686267091491013e-02,3.202236625102748979e-01,6.977538952739373856e-01,7.763010463523779825e-02,3.372684939671437565e-01,9.380494086785574892e-02,3.538227310790965918e-02,5.055285734150930521e-01,1.523560985050913807e-01,3.292076148698646620e-01,7.615941559557651841e-01,4.469557972212021002e-02,4.491605518107361639e-01,7.841398801300153432e-02,2.409521816675870912e-02,-1.210530261294666919e-03,-3.703232240270128151e-02,-1.019708572021920528e-01,1.032380107699007281e-02,-2.179048276136864859e-02,9.506195115189194911e-02,1.241453263174166488e-01,6.035309804399998854e-03,3.397998596458546433e-02,2.742661746932991557e-02,-1.310931027211234001e-01,-1.360102543938255248e-01,1.060424216117955704e-01,-9.886252172239366753e-03,-5.269482710012495658e-02,1.661874547679539349e-01,1.778511489305782123e-01,2.055764513619949552e-01,2.617370921070432122e-01,4.464864615849412077e-01,1.274093114705731056e-01,4.156279597313768948e-01,2.562634157752372022e-01,4.303029582080116211e-01,1.265552790292521768e-01,3.852688177639661538e-01,-8.753848802014906061e-02,2.128859260691214339e-01,9.134851582849838614e-02,2.577524896174916424e-01,3.383574227414987146e-01,1.911224371988867465e-01,1.745530715751987816e-01,5.697860725305525786e-02,1.258647922631827010e-01,5.263791508734904506e-02,9.345050702848285706e-02,1.719882643175497938e-01,-9.124554839376434676e-03,1.746958679303024509e-01,2.327977660375406543e-01,1.820000961937803252e-01,3.206931374438698468e-01,1.806920138002959531e-01,1.679699333172925690e-01,1.577623932834755494e-01,2.134340442548423589e-01,2.805758072653196100e-01,1.185110158442273659e-01,8.775193172400976016e-02,-4.444657304730598169e-02,-8.597033586400085192e-02,-2.042301760793409013e-03,1.553171488819095857e-02,4.389865704111773348e-01,1.874305732883076170e-01,6.124457093995903934e-02,2.123093979146860044e-01,-8.974436984873544743e-02,7.963368382249071120e-02,-9.946384785856578203e-02,-4.789946643896915435e-02,8.488700515118115242e-02,4.952620705521887934e-01,2.058063963089500625e-01,3.440179370885351057e-02,6.241110647257711724e-02,1.300908083066230070e-01
2.147104514988391333e-01,8.058463604118477550e-03,4.561922112287666170e-02,6.215110156421418952e-02,7.594582878534137382e-01,3.615711930366500293e-01,3.401593357706916843e-01,5.479227168705018691e-01,2.500935125677409276e-01,1.104140000829413326e-01,6.998517422790123677e-02,4.469557972212018920e-02,7.615941559557651841e-01,4.068792179547520704e-01,4.392307366728845364e-01,4.907136271086630641e-01,-6.237049132791773476e-02,-1.371240307321237306e-01,3.124596300901147719e-02,-1.729125178234671989e-01,-1.023098340455393801e-01,-5.004045568443844794e-02,1.413915184698387624e-02,2.188954541586027036e-01,-9.642344677741500336e-02,1.313047951017933257e-01,1.701077944067144465e-01,1.585637629477928412e-01,3.753302971698046497e-01,3.791973017119554812e-01,3.051971346993754275e-01,3.318018896337860402e-01,8.172711515336267274e-02,1.153346287702923800e-01,1.182321202159090576e-02,2.053954129593211012e-02,-1.243910358610066796e-01,-8.280208509648544213e-02,1.838693089794708746e-02,-8.899532200767121259e-02,-1.503635909717271624e-01,-6.367129504340235391e-02,-1.624459988377367492e-01,2.282113881000800634e-02,-3.188251549471590729e-02,3.344353705042263369e-01,-2.462959897098860318e-01,4.060569011562007412e-03,9.370373469089093854e-02,1.499875412519768858e-01,4.448647034340790646e-02,-1.279145304828973595e-01,-5.596050333721012959e-02,2.538036718950747450e-01,4.310254353934446503e-02,7.892439053226135703e-02,1.890927418018946427e-01,3.991925223005299284e-01,-2.382091122964430374e-01,-3.664834064459695021e-03,1.508449562764974383e-01,4.144800188707687960e-01,1.002257944126854761e-01,-7.343658017602140708e-02,-1.150616507587885230e-02,2.509856270607106477e-01,1.037030548591682741e-02,-7.638578088284240196e-03,-8.160434708379864580e-03,1.063429145266661519e-01,4.414751855792644480e-02,-1.111587752344553176e-01,1.597980982522005933e-01,1.499737819890198387e-01,8.689848013246051495e-02,8.286243652185368291e-02,-4.991904595139220330e-02,5.368290007364686506e-02,7.872697362233167795e-02,6.404501506328143245e-02,-1.325206137748710933e-01,1.854928231949585227e-01,1.599125026547582873e-01,-6.832768096708438654e-02
5.541904216003268324e-01,-5.778153629928331481e-02,2.396993336185965773e-01,4.071491472827618030e-01,3.264631849920618389e-01,8.100677297109348807e-01,2.135279241444704157e-01,1.420508526618707024e-01,6.789702860401376494e-01,1.231854970296411729e-02,2.917201803847166985e-01,4.491605518107362749e-01,4.068792179547519594e-01,7.615941559557651841e-01,2.555418963766376006e-01,1.493672196721702317e-01,-7.010873686534897786e-02,-7.150815555349994412e-02,-2.412845087040873249e-01,-2.638756179072148100e-01,-2.287735702877354560e-01,-1.187886671912056352e-02,1.711156212640093932e-01,-6.360597188431843518e-02,-1.794622915267373719e-01,-8.169856277855078175e-02,-2.690599771447796384e-03,-1.352273318414341230e-01,7.356389812362465475e-02,1.726146992895538912e-01,-5.604567925643377801e-02,1.017212027994903734e-01,1.891252260390280937e-01,1.625944911247940161e-01,3.471613800956375728e-01,2.299362463520225053e-01,5.580465981349556903e-02,2.811276539120417528e-01,3.901550281369071116e-01,1.477539646162856213e-01,1.557955174568223175e-02,2.765175067224087679e-01,-1.106506045021661000e-01,8.094241412484731724e-02,1.487977644943033195e-01,1.756247672294636297e-01,1.158240775252709631e-01,1.195700234592948254e-02,-4.386232403934390428e-02,5.671990253623147848e-02,1.113378879439248792e-01,4.668629313674938636e-02,4.614524586929982797e-02,1.518290458502364604e-01,8.217597552373498426e-02,1.046007386081752727e-01,4.618015096320854385e-01,2.319074080983616060e-01,1.210028407997484762e-01,2.016487622667577015e-02,5.972401519210166626e-03,2.644956477835096464e-01,1.404482364541977391e-01,1.201956796671868749e-01,1.786298659346919337e-01,1.220780087024477267e-01,9.394531736655037379e-02,-8.490966178485219451e-02,-7.033587455775287822e-02,2.790254886230923367e-02,6.840834616199939489e-02,-6.819580641591534154e-02,1.321493567252379764e-01,1.141955374252953265e-01,9.055609781068822695e-02,1.486286815453937427e-01,-1.288949951730218313e-01,-1.048465380181661799e-01,7.321523626284959230e-02,9.646134511068298056e-02,8.656059187207541805e-03,9.397792331446065683e-02,1.962770203623236676e-01,6.414696582338540176e-02
3.027226650056016322e-01,2.865225412627183110e-01,4.551819733799112866e-01,9.447495356078282336e-02,3.831725862978271335e-01,2.541208860503572087e-01,8.281160450578728405e-01,5.066503654603118356e-01,3.353165336454723144e-01,3.761729643872836482e-01,5.561934416976536122e-01,7.841398801300153432e-02,4.392307366728844809e-01,2.555418963766376006e-01,7.615941559557651841e-01,4.725771343681225978e-01,-1.274351140746798616e-01,-3.780576018448170150e-02,2.192526546762769285e-02,-4.611759798655555576e-02,4.500079635534615791e-02,-8.147304646269129536e-02,1.104161303501941666e-01,1.217369911394259596e-01,1.599080632563889409e-03,2.854075619924272278e-01,1.242439271644143889e-01,-1.582334161502272490e-02,3.580128934342019509e-01,3.184651995374268574e-01,2.823007119123880151e-02,3.143936465961860161e-01,1.959427022527374107e-01,2.116580462057454648e-01,-5.475301768690955112e-02,-1.258021306739251777e-01,-1.568667268838911388e-01,-9.589342442756755569e-02,-2.892473476961425483e-02,-1.009169060373912297e-01,-1.261728696539045624e-01,-4.314135237587010674e-02,-4.485616478885320196e-02,6.014717558671186376e-02,-3.871457435241892203e-02,5.793237966347682122e-03,-1.672987645588073502e-01,-8.085779583579603969e-02,-1.001596035671924179e-01,2.863614833580063190e-01,-1.929756929956946421e-01,1.388724448935748645e-01,8.034062576211289941e-02,2.099234866661311982e-01,6.388978650974320994e-02,4.455980044821341440e-02,1.417125743221077649e-01,5.593012217992442137e-02,-1.669185473246373452e-01,-1.000692001055185215e-01,-2.201639582061028569e-02,4.374517550395187193e-01,-1.863968681506235625e-01,2.001315549610041544e-01,3.151949308524014393e-02,2.197670513282861671e-01,1.455618174116984354e-01,1.663734860228641144e-01,1.303120036144668481e-01,1.847607289601174985e-01,1.054574450513964673e-01,-1.267073247642577227e-01,3.357651093615088289e-01,3.116082034065404405e-01,1.391780004255423198e-01,7.895529284184700514e-02,1.146546550013569088e-01,6.749712079071487625e-02,1.475516940674090893e-01,8.020967893440919538e-02,-9.333139822871279467e-02,3.517753808598763077e-01,1.847462007273909246e-01,2.801607807199803582e-02
7.854568053195469524e-02,1.483467520098178394e-01,7.393600457034363305e-02,5.847615017845764207e-02,5.384386404439358564e-01,1.976643451416055797e-01,4.006848724403005435e-01,8.239391346216036194e-01,6.276552509476898689e-02,9.472732232471658964e-02,1.485139300878762780e-02,2.409521816675865707e-02,4.907136271086630641e-01,1.493672196721702317e-01,4.725771343681225978e-01,7.615941559557651841e-01,-1.368815668795745066e-01,-1.854016720645289829e-01,2.986166675357091460e-01,-1.663399601081042567e-01,1.653986971801887917e-01,-1.607507666747363673e-01,-1.564840464313881907e-01,3.118161003599849157e-01,-2.688216792394470533e-01,2.909809844454990801e-01,1.572870966653411862e-01,1.986419635785492688e-01,5.543726386794679550e-01,1.876562564698517621e-01,1.554367273404242411e-01,4.518929852618649434e-01,1.157074479053955690e-01,1.983808128218233213e-01,9.833203563144869708e-03,-1.342478330310766486e-02,-1.612492580358452221e-01,-6.950278017467120817e-02,-1.897779923029912531e-03,-4.133727719194754679e-02,-1.665045059083520018e-01,-5.099526161827146881e-02,1.564358519828930663e-02,1.628781319067890837e-02,-1.315001292858870852e-01,1.278570095660146455e-01,-1.967138875935240949e-01,-5.139133958852296763e-02,1.121566220370686928e-01,3.067297223595927824e-01,-8.452750518197703344e-02,2.693403277549875213e-02,2.297762595016932669e-02,1.889391692983033166e-01,1.717513482864280738e-01,2.671318862356193702e-02,-1.076793018623264792e-01,2.286236232668690249e-01,-1.967182213012449721e-01,-9.808141408057705068e-02,3.317434155842464288e-02,3.286323357537532797e-01,-1.040019889628127220e-01,-1.549205203021818411e-01,-2.365398021669673154e-02,2.240190056887871040e-01,8.501629301153974805e-02,1.510329471463149054e-01,1.803477084469030378e-01,2.463096645337709834e-01,5.155623457305116147e-02,-6.282345569377992267e-02,1.821665034161422392e-01,2.930580662226839328e-01,8.810833915007995273e-03,-5.003988036502791253e-02,7.643351408992959950e-02,2.279689457192523583e-01,2.820500669898520218e-01,1.039450040300890325e-02,-5.903274119876242287e-02,2.622283869516652266e-01,-2.361972208150507624e-02,-1.279445980738925376e-02
-6.879583191147853327e-02,3.102996131934587787e-01,6.603201435964002608e-02,-7.150823381163851078e-02,7.508012399532668774e-03,-1.660687934679240182e-02,-1.265816490158852836e-01,-8.464425696789842912e-02,-1.257628032445089472e-01,1.774618557858913537e-01,4.078789141032812537e-02,-1.210530261294668654e-03,-6.237049132791768619e-02,-7.010873686534901950e-02,-1.274351140746798339e-01,-1.368815668795744789e-01,7.615941559557651841e-01,4.849410723995864481e-01,2.226431870147175807e-01,3.086292114221973470e-01,1.983053712903168342e-01,6.605599409170612724e-01,3.186728474319060478e-01,1.405861370746927519e-01,1.640721696961515985e-01,1.100350432777223442e-01,1.944624777518479120e-01,3.487774689257088223e-01,1.012935208935087511e-01,2.742642691122575138e-02,2.785474016084385496e-01,7.280609059314113729e-02,1.996733379748467097e-01,2.171048325802857892e-01,9.422280718351384865e-02,3.944395484261890017e-01,2.336123786539877623e-01,1.007406934432245188e-01,1.121740379350376071e-01,3.133782560075716872e-01,2.709504304398933083e-01,9.730688220716207648e-02,2.035930431450842515e-01,3.936898067124960932e-01,2.844479793553091884e-01,2.191049168129742819e-01,2.074067288056237468e-02,2.195590388254521907e-01,2.497217987230659353e-01,1.602170442836663433e-01,4.941782036104380160e-01,7.824895502384422719e-02,2.412821615886164561e-01,9.382656349129489537e-02,1.861792344696251156e-01,2.836823046039693708e-01,1.108238286259734667e-01,1.239771583610864703e-01,6.420090431524250185e-02,2.166269281040420491e-01,1.907297372025901494e-01,2.911129594706184792e-02,4.415168180221940020e-01,8.507458028062239719e-02,2.177784049624327256e-01,-7.944412322642627547e-03,-2.068072673483329071e-01,-2.168074190218117758e-01,-1.213198316554640332e-01,2.942575664888343392e-02,2.666380486071100453e-01,2.130096972039740300e-01,3.109506766615185991e-03,1.256636406077568657e-01,2.670740385275254258e-01,-1.885463755124765495e-01,-1.664689343310448155e-01,-1.123411335366300556e-01,6.872207672070344657e-03,1.739880894505302644e-01,1.204239128970490680e-01,-6.439154234857896730e-02,1.727356480674659134e-01,6.400549931310092755e-02
2.013118093405673603e-01,2.971119723865038864e-01,2.753050637804792533e-01,-4.798361817167264010e-02,4.500349917201417610e-02,1.253753525600248553e-01,8.392365125875345111e-02,-2.162284499880453847e-01,2.050395751529003260e-02,9.339457068637813109e-02,1.847582052551809684e-01,-3.703232240270126763e-02,-1.371240307321237306e-01,-7.150815555349990249e-02,-3.780576018448168069e-02,-1.854016720645290106e-01,4.849410723995865591e-01,7.615941559557651841e-01,2.661370858809553597e-01,5.618915605738156183e-01,3.804818149065340993e-01,2.933421086973140302e-01,5.129775495798100104e-01,-1.702016361271867229e-02,2.807602676390665852e-01,1.094934381307070131e-01,3.056456086394583327e-01,2.474616262588001103e-01,-4.411384313379122096e-02,7.799563143082911820e-02,6.289000278005962841e-02,-2.061116553006260219e-02,3.163191548484540205e-01,2.370271359098715391e-01,6.076278483242800177e-02,1.381651960887199937e-01,7.882756243504797367e-02,1.871750972446510966e-02,3.131713784751206930e-02,1.157618374124787658e-01,1.400799337665186717e-01,5.509976097824914598e-02,4.246134510611292434e-01,2.189169558406336147e-01,6.571973389584765401e-01,1.589283241011411885e-02,4.119441618864914945e-02,9.619952970563054595e-02,5.016419512286447724e-02,4.618335194508252362e-01,1.070767613090677084e-01,3.588756340116184829e-01,3.838162561871365508e-01,8.416253468820765471e-02,1.647261637808526413e-01,6.163421052804799599e-02,2.580642014610971535e-01,-2.535353581274367440e-02,9.188273164981947128e-02,1.267022265696372829e-01,6.754865973134764612e-02,1.470710765655521002e-01,8.251689109301434122e-02,2.298300466265273401e-01,2.207329174403967198e-01,7.725308199985791990e-02,-1.065412234554925230e-01,-1.545867781272748653e-01,-8.168594308878470919e-03,3.929179197189157369e-02,1.960210000731655022e-01,8.867503459378289765e-02,-1.006345929625009072e-02,5.824359549422359478e-02,3.497789123053764992e-01,-1.695872778964394589e-01,-7.006025817506915387e-02,-3.937959133781909066e-02,7.336840560465338057e-02,8.497579049275331975e-02,3.880950946482961822e-02,-1.039525838994621726e-01,1.428857901706164779e-01,6.801125382756603721e-02
-6.816938889956949965e-02,4.426296870211662293e-01,2.659999347351983331e-02,-6.244547557253318087e-02,1.815171548368934573e-01,-5.599955037593587481e-02,5.462816327048961723e-02,2.550395049589327390e-01,-2.646809973876343980e-01,1.663981268766339117e-01,-9.228862891455454076e-02,-1.019708572021920390e-01,3.124596300901148760e-02,-2.412845087040873249e-01,2.192526546762769285e-02,2.986166675357091460e-01,2.226431870147176362e-01,2.661370858809553042e-01,7.615941559557651841e-01,4.492833139780329499e-01,7.976833695365581622e-01,3.224328404211813243e-02,-1.916569518361437019e-02,3.914792038070122882e-01,1.856566611814364220e-01,4.090044493121491875e-01,5.092663429938800723e-01,4.197079827528882867e-01,2.437142497744012593e-01,1.915267812404917169e-01,1.229989224954741445e-01,1.125972684788205391e-01,1.063730109065425117e-01,8.306603382628520438e-02,-1.542481331757393770e-01,-1.016902573054237896e-01,-1.704709292935565890e-01,-1.448074964270419929e-01,-1.590535872901106818e-01,-1.046729060079311935e-01,-1.497367637985791700e-01,-1.239348895373144910e-01,3.775517418727093455e-01,-1.454069500625442164e-02,2.778710537659077051e-01,-3.083417504465625972e-02,-1.455499826258121743e-01,-1.217602180396178402e-01,1.623429773397212783e-01,5.298522128219039784e-01,1.383142695733245936e-03,9.034679868531413083e-02,1.000382600899988733e-01,7.928293864437507832e-02,1.802693395280557109e-01,-7.256895261633691807e-02,-5.905751177091458914e-02,-1.385686724971100549e-02,-1.142230351263804344e-01,-1.213967195818576872e-01,-4.125891712266719150e-03,1.442717970657053650e-01,-1.233018270628456203e-01,-1.396057248985605459e-01,-5.859956367043971104e-02,4.971956170522834340e-02,-3.910313232781661985e-02,1.178673402780787138e-01,1.317312177368522852e-01,5.819623677088270330e-02,6.648833029560913266e-02,-2.448331358424827436e-02,-4.154790650227571658e-02,1.836231036250693116e-01,2.460290461478674140e-01,-1.717401347648278565e-01,9.713836194443938032e-02,7.151607882725066756e-02,1.232414250239444869e-01,2.429375397972240776e-03,-7.261022635298595984e-02,-4.195269318806339460e-04,-3.741488443199871006e-02,4.260151169924383807e-02
2.948235748692741576e-02,4.992027375009102097e-01,2.163257577525259934e-01,5.361989102673690027e-03,9.122526956954143257e-03,-9.195522571854902738e-02,5.298831363226211982e-02,-1.574642078140150447e-01,-1.589333343164731627e-01,2.122274020001181372e-01,1.063478569578173577e-01,1.032380107699007801e-02,-1.729125178234672267e-01,-2.638756179072148655e-01,-4.611759798655547943e-02,-1.663399601081042289e-01,3.086292114221974026e-01,5.618915605738157293e-01,4.492833139780329499e-01,7.615941559557651841e-01,5.327373520144061958e-01,1.467037093995734454e-01,1.522221180013957342e-01,5.879430068646653018e-02,5.964417496260266960e-01,1.876820383393603686e-01,4.513750484901471460e-01,1.704843973026112236e-01,3.611747154355203493e-02,2.104062527818466866e-01,-1.851997882624832614e-02,1.209838581846268447e-02,2.218589260304167435e-02,1.951841786009290980e-02,9.443741228433112991e-03,7.205235420895217402e-02,5.682954110951938392e-02,2.747665002299927439e-02,-5.395984917756823512e-02,8.399102749573501836e-02,8.543320753600457118e-02,2.290853696940895606e-02,1.328851112602112416e-01,1.312141622700211119e-01,4.420861920933337186e-01,1.072268079062312605e-02,8.335931019311279555e-02,4.519104955644132060e-02,2.519250138519149584e-02,4.103435522307370409e-01,-1.423564966604063710e-02,2.061332703688734114e-01,1.389459352584210272e-01,3.445661289247905351e-02,-6.366800207413618462e-02,-5.990171117014938401e-03,7.156604917015732537e-02,-4.827580603705118600e-02,9.520677270908246836e-02,6.967815770958131483e-02,-1.548360620153006566e-02,8.375959957495998642e-02,-7.516344155210059885e-02,1.293849776691488873e-01,5.709988198294521471e-03,6.577880518926496056e-02,-7.444213074554667520e-02,-2.674315784591428311e-03,-4.882892749363147711e-02,3.438082881588398493e-03,2.195408988410476603e-01,8.725309646423551335e-02,4.217225017509530771e-02,5.926075517566337797e-02,3.219270136242697311e-01,-1.405866941951233184e-01,3.038066447893704100e-02,-9.110742339509009247e-02,-2.493111609661210343e-02,7.182571325129927242e-02,1.832748244635300228e-02,-1.141813157603045331e-01,1.423382264686233467e-01,6.635516493403453842e-02
4.876181923927196127e-02,5.297740944723946521e-01,2.056971674853540766e-01,-1.260254491118019751e-02,1.025997609768761615e-01,-5.447180070874016455e-02,1.290800717352609261e-01,1.218737602666504494e-01,-1.608293777470874431e-01,2.358706170217345910e-01,5.870192308851936852e-02,-2.179048276136867635e-02,-1.023098340455394079e-01,-2.287735702877354560e-01,4.500079635534617872e-02,1.653986971801887917e-01,1.983053712903168342e-01,3.804818149065339883e-01,7.976833695365582733e-01,5.327373520144061958e-01,7.615941559557651841e-01,2.390577117308045202e-02,4.632745753240648245e-02,2.671340013863725549e-01,2.513053587553089052e-01,4.232049038114437112e-01,3.924698530501205540e-01,2.715240863894168855e-01,2.168952925259051978e-01,9.969309598286900387e-02,1.910420566718052174e-02,1.157175630001089917e-01,2.882731073856553139e-01,2.242892271964802287e-01,2.817517645977051215e-03,4.132240524438734325e-03,4.175942632642638992e-03,2.621083561310464868e-02,9.283511135946113241e-03,1.319985141576983899e-02,3.788174413642162591e-02,5.027419869474972214e-02,5.094876707273320315e-01,6.619841683114532915e-02,2.594775313843121767e-01,2.542634889595389233e-02,-1.062808050852934866e-02,2.103514552677113528e-02,1.868969576577098612e-01,5.495189729856462257e-01,-2.835510466535075269e-02,1.990207544569990994e-01,2.381446047181296211e-01,1.137988754925131907e-01,2.447037508635883374e-01,-8.798666617708642002e-02,-8.929673271620083841e-02,2.199249216263786041e-02,1.786220497219007108e-02,3.282484359255666284e-02,6.439783497611054064e-02,1.258132878752209749e-01,-7.739619736351696644e-02,-1.468876085264793525e-02,3.300595139203552075e-02,9.505317466302740104e-02,-7.145652280346163898e-02,9.021072963979348547e-02,1.260395801265146720e-01,9.963343122525185336e-02,1.636056006649478645e-01,4.526329933169399161e-02,-1.901339857459841132e-03,1.952781826221027528e-01,2.914239738401957491e-01,-1.981549984232507944e-01,9.730392449759679707e-02,4.948090041763161806e-02,1.118928415696601869e-01,9.446053268785968571e-02,2.506172198041220142e-02,-1.675929562550680652e-02,5.648163140993932296e-02,9.887009007759731127e-02
-1.163178448069480120e-01,1.630504140391643153e-01,7.178486766184936224e-03,-7.916752371199026195e-02,-6.772446337119047977e-02,-1.203689535234920421e-01,-9.501722876296572751e-02,-7.157416895137902468e-02,-4.032950910497230812e-02,2.463110686324609944e-01,5.923017508176139923e-02,9.506195115189193523e-02,-5.004045568443846181e-02,-1.187886671912053230e-02,-8.147304646269129536e-02,-1.607507666747362840e-01,6.605599409170612724e-01,2.933421086973140302e-01,3.224328404211813937e-02,1.467037093995734454e-01,2.390577117308042426e-02,7.615941559557651841e-01,5.023101307628029533e-01,2.436021876360499605e-01,2.600278598592875579e-01,1.738660157946044227e-01,-1.142137160602602931e-02,2.243514336888389193e-01,5.091200674351166466e-02,1.558377873937072389e-01,3.408579327524661196e-01,1.146657720325926083e-01,1.529722951279624821e-01,2.347402857863853665e-01,3.930451264030287994e-02,4.285951144958510262e-01,2.332564238669137813e-01,8.095099016069941256e-02,7.475046162164671049e-02,4.615797185775506462e-01,3.081219287759873748e-01,1.154662533104196531e-01,9.386537795342213275e-02,3.174494715057271654e-01,1.025545450211076959e-01,2.652375236604311848e-01,-8.421315457486527878e-02,2.604433873129105570e-01,2.221711420175700169e-01,5.200835453783850260e-02,4.782768732952683566e-01,8.414154353202757917e-04,1.665890824795127900e-01,5.455067246178549323e-02,2.745756679123181332e-01,3.385236198420471521e-01,2.193639624421707124e-01,1.667893961292933325e-01,-1.292695249768922167e-02,2.692129560620617479e-01,2.509735285609385191e-01,1.704074114066490564e-01,5.614062360574822996e-01,1.430826015811159091e-01,2.805659641933326287e-01,-7.161865905724641712e-02,-3.239039132569669355e-01,-2.291875507464053996e-01,-1.103607658050934776e-01,1.755210541132604801e-02,2.382412300553585771e-01,2.213435846974182997e-01,8.297924766564181848e-03,1.600375878176789335e-02,6.563344843742878465e-02,-1.767310629530346733e-01,-1.932961374843975844e-01,-8.740416095977537880e-02,5.191752247583033414e-02,2.072617824288090771e-01,1.472368398850502080e-01,-6.220966104479332126e-02,1.738906397044099605e-01,-3.327891501566195009e-02
8.086535415985109110e-02,7.365042436971894202e-02,1.932506969328974533e-01,-1.174105187296308091e-02,-4.102230888503061862e-02,6.456818754851879893e-02,7.632972749787333977e-02,-1.268825815955964276e-01,1.870539808119047465e-01,2.580897981368024396e-01,2.818561167574263893e-01,1.241453263174166488e-01,1.413915184698385716e-02,1.711156212640094487e-01,1.104161303501941666e-01,-1.564840464313881907e-01,3.186728474319061033e-01,5.129775495798100104e-01,-1.916569518361432856e-02,1.522221180013957342e-01,4.632745753240649633e-02,5.023101307628030643e-01,7.615941559557651841e-01,2.063588189171989828e-01,4.188103996960209074e-01,2.956346668255973587e-01,2.781286423600696014e-02,1.219038129200479409e-01,-3.913307398240690321e-02,3.696592954504083761e-01,1.897550624860545043e-01,4.924072345765295039e-02,2.399360763865803214e-01,3.654232667642624000e-01,4.105408719986320537e-02,1.726831134390410250e-01,5.862846085973538734e-02,-8.653996222640283550e-03,5.475684889109288384e-02,2.055012692409761699e-01,1.148234952886933585e-01,2.696325623893815887e-02,2.308507910811659347e-01,1.564291248036644988e-01,3.057560831552383340e-01,8.804997793412733254e-02,-8.079858445840408521e-02,1.253691006238378258e-01,-1.537262448471361960e-02,1.415182555138716214e-01,1.142640451120668366e-01,1.386404467354801495e-01,2.467767883679343466e-01,6.984801888313561802e-02,4.257895457480361801e-01,1.491425557324590201e-01,5.847288664072751718e-01,1.159176087398741672e-02,-3.215663627738815644e-02,1.059533701325896388e-01,1.085834391555924178e-01,4.530714724712984753e-01,2.255367108722564351e-01,2.601781360731908466e-01,3.477452341548474823e-01,7.354292955510381008e-03,-2.313053185849213156e-01,-1.926617601585351724e-01,-1.178125164759785126e-01,4.371433849704485508e-02,1.820901829498736690e-01,1.165017812503481298e-01,5.212362424410987849e-02,6.322070066635007701e-02,1.245728924625418010e-01,-9.642594677881445586e-02,-1.396706560511667417e-01,-8.068541937299741895e-02,1.192831234773715915e-01,1.512066442946760070e-01,8.107872579933234070e-02,-5.583087946039699823e-02,3.217738409190784576e-01,-3.618677962504490003e-02
-2.745044074495053832e-01,1.380250548277072997e-01,-1.000852949265869096e-01,-2.424257503549685083e-02,1.049844792175353425e-01,-1.485595211166444163e-01,2.364797431301074448e-02,4.324156871711539729e-01,-2.185541480324695307e-01,2.818019341228856778e-01,-9.203495531522953854e-02,6.035309804399967629e-03,2.188954541586026759e-01,-6.360597188431843518e-02,1.217369911394259874e-01,3.118161003599848602e-01,1.405861370746927796e-01,-1.702016361271867229e-02,3.914792038070122882e-01,5.879430068646655100e-02,2.671340013863725549e-01,2.436021876360499605e-01,2.063588189171989551e-01,7.615941559557651841e-01,1.801471255963510987e-01,7.034193090898281930e-01,1.833735794881057035e-01,2.947984227850749539e-01,2.390300218506684060e-01,4.884392241928499634e-01,5.198637709216421543e-01,2.487854604207864473e-01,2.288294513981025194e-02,1.398122978725738763e-01,-1.328433971087302767e-01,1.900504864968735868e-03,-1.155717379289448732e-01,-1.465139350279435204e-01,-1.452925914247230887e-01,-1.513603032108614896e-02,-1.196160329719423987e-01,-1.211786149874129470e-01,7.021912075758642013e-02,4.387305224885129640e-02,-5.698178650225464020e-02,6.151585235760655829e-02,-2.300329905057744984e-01,-9.843668988967725630e-02,1.315433819114811831e-01,1.779582494370272605e-01,1.378654631878372533e-02,-1.258800081906316926e-01,-2.798172041583178379e-02,1.018737253446694163e-01,3.507397640171734388e-01,7.198128787006657925e-02,1.696011037060072557e-01,5.869644804734595878e-02,-1.950499815520473357e-01,-7.707715203271904569e-02,2.034734189441722851e-01,5.126980226692975373e-01,5.343405208066958484e-02,-1.392740861380999950e-01,-3.808929987114309523e-02,6.933866190216225744e-02,-1.757334483672003400e-01,1.045366690374032875e-01,7.593543611557045103e-02,3.921936392289077089e-02,4.757406207856568897e-02,5.633923714061635918e-02,-1.022024592817073578e-02,1.565499721425146762e-01,3.928302375296112425e-02,-6.154659562292781605e-03,1.607788744681890036e-01,2.021576533046485491e-01,1.424209651121782771e-01,3.406011811952107393e-02,-4.483110830481897013e-02,8.949964462018729361e-02,1.618111400073028727e-01,-4.752499518257875810e-02
-9.249415752892278797e-02,2.745035846765908616e-01,1.909356212273476683e-01,-7.019392113432841411e-03,-1.296162684174289037e-01,-2.468409620775799396e-01,-1.109743524670317102e-02,-1.842007797859410989e-01,-5.165563244420387501e-02,4.923337621919562368e-01,2.115732280212071492e-01,3.397998596458547127e-02,-9.642344677741500336e-02,-1.794622915267373719e-01,1.599080632563883555e-03,-2.688216792394470533e-01,1.640721696961516818e-01,2.807602676390665852e-01,1.856566611814363943e-01,5.964417496260266960e-01,2.513053587553089052e-01,2.600278598592876134e-01,4.188103996960207964e-01,1.801471255963510709e-01,7.615941559557651841e-01,4.312480909620155511e-01,2.040121225710460340e-01,3.438619984084086145e-02,-5.208203354684597108e-02,4.844547203066855712e-01,5.470726788371023386e-02,-5.342104337260456621e-04,-7.424276112384644612e-03,9.015119981005788319e-02,-9.079619654786225125e-02,5.187553073397575820e-02,2.657809360263619844e-02,-7.095023531998766002e-03,-9.366934650294779507e-02,5.633099810685550379e-02,5.907926635416557021e-03,-1.460477881774954224e-03,-7.661851051086485120e-02,8.204579608215760433e-02,2.070372865948368613e-01,-1.621737521480630037e-02,-3.722424508558875439e-02,-1.585008836147542861e-03,-1.063070535709631503e-01,1.330855308901840173e-01,-1.131688505019863011e-01,1.659998896262036838e-02,3.613169759736022113e-02,1.642883589250589485e-02,3.038151976561903611e-02,8.988128531685821154e-02,3.736900705057957794e-01,-9.613308488928300199e-02,-1.295326242136427691e-02,2.702318027672774570e-02,-5.308388491842633283e-02,3.206470091784577314e-01,-4.256405632330623884e-02,2.691085417842165040e-01,1.057281264912596774e-01,6.405343927514194069e-02,-1.872707656719548863e-01,3.105375861873704152e-02,-4.750571030443784259e-02,8.631037921539243610e-03,1.679563986023818734e-01,6.296781614150032125e-02,4.033229455128146956e-02,1.316811368819971184e-01,1.341675518104244180e-01,-7.242179941212505134e-02,6.128906497896280392e-02,-6.335759579569603950e-02,-2.123453574100155755e-02,1.246620441703135823e-01,3.217405126613639976e-02,-8.500871186569716742e-02,2.799891950095610427e-01,6.906446630162954049e-03
-1.356077257770166300e-01,3.622594247136855516e-01,1.008988156666670577e-01,2.945233872267103911e-02,9.758792442165580006e-02,-1.471520958568569570e-01,1.822587290245858416e-01,3.455602050541798365e-01,-1.161748298194105744e-01,5.244456340061238730e-01,1.285492229433870537e-01,2.742661746932988087e-02,1.313047951017933257e-01,-8.169856277855074012e-02,2.854075619924272278e-01,2.909809844454990801e-01,1.100350432777223303e-01,1.094934381307070548e-01,4.090044493121491320e-01,1.876820383393603409e-01,4.232049038114435446e-01,1.738660157946044227e-01,2.956346668255973587e-01,7.034193090898281930e-01,4.312480909620155511e-01,7.615941559557651841e-01,1.850401861177052298e-01,2.081255932922269070e-01,2.918043787145472301e-01,4.489719301586492239e-01,3.010544501302764853e-01,2.825135360755507974e-01,1.487493092079159862e-01,2.721973488848704048e-01,-1.184932266806316553e-01,1.608069712439290366e-02,-8.577856164741087808e-02,-7.645771535234720251e-02,-9.159898372261991717e-02,7.865700999954483574e-03,-8.537009884415586169e-02,-4.536102706000384732e-02,1.462226829218900015e-01,9.302596519052323820e-02,-3.135469010654193256e-02,5.946274000861592052e-02,-1.816929052552901103e-01,-6.438296159141235382e-03,7.565044135474863207e-02,2.567850371385609898e-01,-5.118843347097897650e-02,-5.292261882381957966e-02,9.769818229290984368e-02,1.270533054225685410e-01,4.594579208110986523e-01,4.845234357339647802e-02,1.832378168487895365e-01,6.177768469305750659e-02,-1.422423955365604009e-01,-1.646300566589826986e-02,1.339502036810245877e-01,5.101878313828112077e-01,-2.783352501355675426e-02,-3.765318506477646765e-02,5.755116839733952216e-02,1.571434587803136607e-01,-1.269476423540677468e-01,1.337564624599434926e-01,1.095961501009726780e-01,6.846176079637916745e-02,7.688050431496967763e-02,7.943377948560116641e-02,4.590312901130440271e-02,1.603595463133836163e-01,1.309568321314569517e-01,-3.585594365857185800e-02,2.250222337947553053e-01,1.728619674233604075e-01,1.585829020169365888e-01,1.094020009015282818e-01,1.337342093517340791e-02,1.294063969091255040e-01,2.512516397758061681e-01,1.583414145155437672e-02
1.005417892988327011e-01,4.556264019847396374e-01,9.695102413687675669e-02,-7.584698705027791144e-02,2.841316163262953554e-01,2.335465862056939068e-01,2.054131949887021968e-01,1.289116466172212649e-01,-1.099580338064716500e-01,1.576222255661575700e-01,2.749195746384830094e-02,-1.310931027211234001e-01,1.701077944067144465e-01,-2.690599771447816334e-03,1.242439271644144305e-01,1.572870966653411862e-01,1.944624777518479120e-01,3.056456086394583327e-01,5.092663429938800723e-01,4.513750484901472571e-01,3.924698530501205540e-01,-1.142137160602609523e-02,2.781286423600694627e-02,1.833735794881057313e-01,2.040121225710459785e-01,1.850401861177052021e-01,7.615941559557651841e-01,2.740123776694982638e-01,9.362944548978319181e-02,4.928903428247941587e-01,7.863195623333917028e-02,-7.683043416292035209e-03,-1.525124184345375000e-02,-3.020824291243213305e-02,-1.205854192970720606e-01,-9.775477358969809905e-02,-1.337715834937497905e-01,-1.956546294096118410e-01,-1.392307033084376755e-01,-1.540623630625980456e-01,-1.546802064705034563e-01,-1.748144610071453164e-01,4.124678675929135951e-02,-2.706231803314529394e-02,4.644401440915456591e-01,-4.298987818920527171e-02,-2.083336692580322058e-01,-2.397371585794196291e-01,-7.786241082138206648e-02,4.711518824908538239e-01,6.178770476211319779e-02,1.470277943193670223e-01,-1.971772313620292691e-02,1.352629025143932580e-02,8.997391958483209884e-03,-4.498668527785129601e-02,1.248952860676513232e-01,-8.834071300752621703e-02,-1.947071255999159312e-01,-1.789045059245141511e-01,-1.545478520137284761e-01,9.023374421689459024e-02,-7.155428926309022331e-02,3.147314035672220400e-02,-1.412078856596447052e-01,1.670514963522758828e-02,2.777639421712720103e-02,1.796952623898327439e-01,1.238957934239791475e-01,1.166052140756033695e-01,3.901310690236418216e-02,-1.542352328254169569e-01,9.205611825574980256e-02,1.228768276480664834e-01,3.642104445606164642e-01,-1.139659994361493928e-01,1.295325827853709422e-01,7.565827005195782662e-02,1.051358943986025751e-01,-9.583882760036326054e-02,-1.843013360804188205e-01,2.438110199177834919e-02,1.303400138581017609e-01,1.271959241278081132e-01
-2.597270680802684084e-01,1.510716610952330397e-01,-1.483183761500933562e-01,-1.446514190098527330e-01,2.547553949644572047e-01,-5.972723807441832761e-02,-9.198206966650084027e-02,2.243147076746478397e-01,-3.262050414902331608e-01,4.253973637252179280e-02,-1.979281664129568519e-01,-1.360102543938255248e-01,1.585637629477929522e-01,-1.352273318414341507e-01,-1.582334161502272143e-02,1.986419635785492410e-01,3.487774689257087668e-01,2.474616262588001103e-01,4.197079827528883422e-01,1.704843973026112236e-01,2.715240863894168299e-01,2.243514336888388916e-01,1.219038129200479131e-01,2.947984227850748429e-01,3.438619984084088227e-02,2.081255932922269070e-01,2.740123776694983748e-01,7.615941559557651841e-01,3.588584677309450410e-01,1.614059756232440745e-01,6.381317457209028099e-01,2.726349813414228884e-01,1.949035796880883020e-01,2.779969617626279477e-01,-8.127251560240744688e-02,3.789405025579793695e-02,-1.044563088160782166e-01,-1.609107231243720459e-01,-1.111455908065424741e-01,1.143269205225393853e-02,-1.019170599503793906e-01,-1.097319263164090869e-01,2.730371617548519869e-01,7.520483296429374132e-02,1.992611822744347061e-01,2.425201380070561019e-01,-2.764245503179127428e-01,2.446694351699963688e-01,3.831966316035321229e-01,2.338228417030319972e-01,3.728440957881921092e-01,2.010870922509433965e-03,7.160366862026328050e-02,2.763829535303347074e-01,2.328478770476884174e-01,4.890893558170616995e-02,6.364504356112087036e-02,2.397977520655704686e-01,-2.232796640652390252e-01,1.894655337113298199e-01,2.631389060217504960e-01,1.853147044853541425e-01,2.317768367079667546e-01,-1.664999854846888894e-01,2.997237102529951361e-02,1.652495188775696955e-01,-1.531435740783883004e-01,-9.694711912776020346e-02,4.324922334836726195e-02,-7.290211546140887289e-03,6.560783271842661815e-03,1.605871535233966557e-02,-2.312768295235208618e-02,1.490891631390298122e-01,1.676903788699362630e-01,-1.679412633525751430e-01,-8.103663289963174143e-02,4.611202323127844976e-02,4.145431428392733902e-02,-6.753513367784146071e-02,-7.111457748421019798e-02,-3.745382156964130460e-02,2.462744748202438938e-02,-1.242863510410007755e-01
2.833488919040411114e-02,2.737954717063022514e-01,1.525123165276871529e-01,1.067349809252137738e-01,3.463587853948919548e-01,6.731134462268498209e-02,2.757974659181881005e-01,5.571414463209459766e-01,-5.494347041190526804e-03,2.838988615326594189e-01,7.769861387849004430e-02,1.060424216117955704e-01,3.753302971698045387e-01,7.356389812362461311e-02,3.580128934342019509e-01,5.543726386794680661e-01,1.012935208935087372e-01,-4.411384313379126260e-02,2.437142497744012593e-01,3.611747154355203493e-02,2.168952925259052256e-01,5.091200674351167854e-02,-3.913307398240692403e-02,2.390300218506685170e-01,-5.208203354684601272e-02,2.918043787145471746e-01,9.362944548978319181e-02,3.588584677309450410e-01,7.615941559557651841e-01,9.194713154306349834e-02,3.147459787546799115e-01,7.193949159041159724e-01,3.883630646050012514e-01,4.466114756008294773e-01,1.330716783317381913e-01,1.564289701678775180e-01,6.653859505399958851e-02,1.194172494025597248e-01,9.979269654630368303e-02,1.292466543399377887e-01,4.809980723798903957e-02,1.166623940528567771e-01,1.103921873152805683e-01,1.857916684715632816e-01,-1.375708780830929845e-01,3.408500400955601362e-01,-1.917960095459757264e-02,3.800351991961392617e-01,4.142426745419109935e-01,2.080028929744689448e-01,1.214984099820293206e-01,8.966693380602583363e-02,6.385969420647646944e-02,5.134770259847383223e-01,1.296589949534808772e-01,1.095595523225449952e-01,-1.155480696320326378e-01,3.914570733415892456e-01,-1.237427671720790420e-02,2.876032526472013795e-01,3.187291192919499694e-01,2.001761185131356036e-01,3.834956789730083887e-02,-3.719502878750538533e-02,5.396945874114677339e-04,4.213468178216214222e-01,-5.317162548148750278e-02,-5.201047870013381785e-02,6.169644743066272918e-02,5.185696740472020561e-02,2.059622838555486557e-01,1.161619170948384461e-01,1.242373946235856425e-01,3.500880848162837289e-01,6.536133025763334048e-02,-9.284614834630448843e-02,-8.419603240995879312e-02,8.577547462346128693e-02,2.006691908204977226e-01,1.387564930619562265e-01,5.732620812328045878e-02,1.682754618539849811e-01,-7.439190517403081356e-03,-1.096499487745448975e-01
-1.051038448012738165e-02,2.041874299882912025e-01,7.729163476513131736e-02,-4.252877900269931566e-02,2.298070348222506221e-01,8.264317422890382625e-02,2.219275183137609797e-01,2.469684552841666103e-01,6.700096250791627572e-02,4.302060296801503703e-01,1.991738868994518408e-01,-9.886252172239319916e-03,3.791973017119555367e-01,1.726146992895539467e-01,3.184651995374268574e-01,1.876562564698517621e-01,2.742642691122578261e-02,7.799563143082911820e-02,1.915267812404916614e-01,2.104062527818467143e-01,9.969309598286904550e-02,1.558377873937072389e-01,3.696592954504083761e-01,4.884392241928499079e-01,4.844547203066855712e-01,4.489719301586491129e-01,4.928903428247941587e-01,1.614059756232440745e-01,9.194713154306349834e-02,7.615941559557651841e-01,3.177604472887343712e-01,1.494419750419684612e-01,-4.136722111428944859e-02,4.108591223613430876e-02,-1.483596287674796843e-01,-7.663639996162024959e-02,-1.396635194836455263e-01,-1.840941882058624579e-01,-1.247590492577499433e-01,-1.112034981397113514e-01,-1.570017119359728985e-01,-1.481851398156835975e-01,-1.258777160080701563e-01,-1.335682490874794646e-02,1.891371528124389523e-01,-1.532168175412274014e-02,-3.029807474579436222e-01,-1.748189757978887426e-01,-1.393483083082144025e-01,1.544008874992729152e-01,-3.213386876777713647e-02,-9.170225280602548046e-02,-9.838902384135887746e-02,5.193366798902897263e-02,1.657386577366692926e-01,7.900959561174665524e-02,5.184973380110772245e-01,-4.655527907918857039e-02,-2.719706181267891876e-01,-1.341923313876113300e-01,-4.560702052029635967e-02,5.663252342019665653e-01,2.941276998670265194e-02,1.106026534846209775e-01,2.167390491311546943e-02,3.116438470321795592e-02,-8.096808977235735172e-02,2.180175716703806055e-01,3.974120195500868008e-02,1.041428183973694410e-01,1.427322159433478711e-02,-8.498330370501315512e-02,1.764319233412599275e-01,1.466867973275229886e-01,1.746624791955761480e-01,8.435610647607416634e-02,1.976815839803624242e-01,1.211449913333343259e-01,1.160096547612233381e-01,-1.103179710593516633e-02,-1.455232001686918020e-01,1.583418120742921542e-01,4.055558043866326345e-01,5.385924548694046715e-02
-3.207890319357452058e-01,1.559216006071356686e-02,-1.686009673772965733e-01,-1.193840335239314127e-01,1.621804999432969741e-01,-1.254936206287799727e-01,-6.556745165531289998e-02,2.958796415191879414e-01,-2.859448188762495624e-01,1.395734337854813156e-01,-1.993180875036855426e-01,-5.269482710012497045e-02,3.051971346993754275e-01,-5.604567925643375026e-02,2.823007119123880151e-02,1.554367273404242689e-01,2.785474016084385496e-01,6.289000278005958677e-02,1.229989224954741722e-01,-1.851997882624832267e-02,1.910420566718049051e-02,3.408579327524661196e-01,1.897550624860545598e-01,5.198637709216422653e-01,5.470726788371025467e-02,3.010544501302764853e-01,7.863195623333922579e-02,6.381317457209028099e-01,3.147459787546798560e-01,3.177604472887343712e-01,7.615941559557651841e-01,3.491348012430496306e-01,1.582452079470549056e-01,2.599323823926631971e-01,-2.233397805995737326e-02,1.011402347686435610e-01,-4.176583755732923495e-03,-8.422802882368554678e-02,-3.845622348075361518e-02,6.612318924724618074e-02,-1.258048853732091771e-02,-4.685224538893589113e-02,4.543036040549422450e-02,9.168647501414159406e-02,-4.738056613629176156e-02,2.516505314449941078e-01,-2.419963175991365345e-01,2.190237279107226653e-01,2.750633154678436276e-01,1.303203709840700456e-02,3.399865873822716100e-01,-8.907443213068250154e-02,-1.680812557179342179e-02,2.626839407314693342e-01,2.642909661515137620e-01,1.305955396012271619e-01,1.450062280104902623e-01,2.842794583248275941e-01,-1.812379582620274876e-01,2.631878639443681611e-01,3.539426311523861668e-01,3.280558378189297741e-01,4.089554658124883169e-01,-1.608108795922598422e-01,7.582434381820572777e-02,1.772001778661165816e-01,-2.266334494757760443e-01,-1.280558510560665664e-01,-1.134220869128490794e-01,-5.025335630691366712e-02,3.948744893681913753e-03,-4.923706637931063793e-03,-1.382470992745563933e-02,6.319079183043599390e-02,1.982079082884082369e-02,-8.603762902315779948e-02,-1.059324177240898307e-01,2.883119836475070072e-02,1.853880910424847428e-02,5.423530421374921258e-03,-7.149359785894604524e-02,1.171968792970161204e-02,1.303367391689792543e-01,-1.643777485792406179e-01
6.827409182888448391e-02,1.871954135997857815e-01,1.721426507129893979e-01,1.107202104656240110e-01,2.810433836006087649e-01,5.628246432090035223e-02,2.486106356372077830e-01,4.855181994234926135e-01,5.473098272311199136e-02,3.014426794696863365e-01,1.163077278891661431e-01,1.661874547679539071e-01,3.318018896337860402e-01,1.017212027994904011e-01,3.143936465961860161e-01,4.518929852618650544e-01,7.280609059314110953e-02,-2.061116553006259525e-02,1.125972684788205946e-01,1.209838581846266713e-02,1.157175630001089500e-01,1.146657720325926083e-01,4.924072345765288100e-02,2.487854604207865028e-01,-5.342104337260518421e-04,2.825135360755507419e-01,-7.683043416291999647e-03,2.726349813414228884e-01,7.193949159041159724e-01,1.494419750419684612e-01,3.491348012430495196e-01,7.615941559557651841e-01,3.800429543245355535e-01,5.022801608101163939e-01,9.387002020803682234e-02,1.944281010809382204e-01,6.001856127509325872e-02,8.488937312842551042e-02,7.932795351305294007e-02,1.603042889292240758e-01,6.783839718158485299e-02,1.375261852827489861e-01,9.155104564820275292e-02,1.753359791399972112e-01,-9.315582380176681832e-02,3.136318941680177330e-01,-7.433261082260686492e-02,3.996785978240499082e-01,3.938513011308018008e-01,1.646384566606268196e-01,1.347753167508822410e-02,4.087842930293203447e-02,3.912253313924926590e-02,5.393825825695208742e-01,1.360543386979799763e-01,1.077806904231399382e-01,-3.276107176820050593e-02,3.883099586662709379e-01,-6.387416193239031648e-02,3.902901661411450895e-01,4.129053645939570472e-01,2.746738930592628192e-01,1.725501099580730238e-02,-4.332108585518614635e-02,8.419104526875073602e-02,5.297439605567806353e-01,-1.119016877806171539e-01,-8.557963708511491518e-02,8.524947126256957747e-03,3.271735989807549039e-02,2.296683894738519305e-01,1.223082649987093096e-01,9.333522474962799298e-02,3.194086785060393785e-01,8.700569273053493369e-02,-6.617289400828338386e-02,-7.680327958536971311e-02,9.956246399696264127e-02,1.547323059040924820e-01,2.273673374598350339e-01,1.396963597163907722e-01,1.293501051013018210e-01,7.126452811039307722e-02,-3.766498218014070060e-02
2.586034831117806077e-01,2.633749069932738163e-01,2.895726619443975136e-01,1.147362937067652328e-01,1.046693049989998875e-01,2.172653375447479718e-01,2.114187854351309848e-01,1.039038818959073240e-01,1.875203308853985174e-01,2.408354246476813454e-01,2.117301529111960956e-01,1.778511489305782123e-01,8.172711515336267274e-02,1.891252260390280937e-01,1.959427022527374662e-01,1.157074479053955968e-01,1.996733379748467097e-01,3.163191548484540205e-01,1.063730109065425117e-01,2.218589260304167782e-02,2.882731073856552029e-01,1.529722951279624266e-01,2.399360763865802659e-01,2.288294513981026235e-02,-7.424276112384642877e-03,1.487493092079160140e-01,-1.525124184345376215e-02,1.949035796880883575e-01,3.883630646050012514e-01,-4.136722111428944859e-02,1.582452079470549611e-01,3.800429543245354980e-01,7.615941559557651841e-01,8.263603062941087263e-01,3.616156659607532853e-01,2.505549048011743718e-01,2.018335949752362024e-01,3.178031224989456560e-01,3.102162249773465774e-01,2.560807271608258606e-01,2.205970067768092957e-01,3.376335310518788213e-01,4.376908678383346629e-01,1.894459025714176903e-01,9.803344338995739760e-02,3.239708283620539309e-01,2.258105147342757690e-01,4.076669349609464699e-01,3.444817777123700964e-01,3.174035724916690060e-01,8.929676852030078715e-02,2.431855708141567596e-01,3.111795759220276625e-01,6.546341250476188645e-01,3.107960744423144961e-01,8.853224494867309446e-02,2.056010581337392243e-02,3.425672222212572393e-01,2.112355712755850934e-01,3.806392665919636209e-01,3.702320967737557922e-01,2.265100780729126795e-01,1.385509445667726380e-01,1.800801151974360248e-01,1.996639119615368496e-01,5.161107544634400135e-01,-1.301667634304841947e-01,-1.615664109088882083e-01,2.193459252611018248e-02,2.807461383182846548e-02,2.998529396016391124e-01,2.389284230299964507e-01,1.077035314669219646e-01,2.698021733041342518e-01,2.224130669858956633e-01,-2.169878055824897567e-01,-1.705984729385384702e-01,2.411268738415539223e-02,6.659446077964038813e-02,2.488888646068376231e-01,2.174105116677710337e-01,5.648828364708965988e-02,1.096044496547898123e-01,-7.898655257780094752e-02
1.790669548625272722e-01,2.610416946214215717e-01,2.737811594186045361e-01,1.552277974403520056e-01,1.069924344429154933e-01,1.382870751821171362e-01,2.046224694058388915e-01,1.811889744162397675e-01,1.556326483859024057e-01,3.253248922837814749e-01,2.300312368020299703e-01,2.055764513619949829e-01,1.153346287702923939e-01,1.625944911247939606e-01,2.116580462057453815e-01,1.983808128218233491e-01,2.171048325802857892e-01,2.370271359098715391e-01,8.306603382628520438e-02,1.951841786009291674e-02,2.242892271964802842e-01,2.347402857863854775e-01,3.654232667642625665e-01,1.398122978725738763e-01,9.015119981005788319e-02,2.721973488848703493e-01,-3.020824291243218163e-02,2.779969617626280032e-01,4.466114756008294773e-01,4.108591223613430182e-02,2.599323823926631971e-01,5.022801608101163939e-01,8.263603062941087263e-01,7.615941559557651841e-01,2.395479518796764240e-01,2.508418017080927820e-01,1.493732933149571063e-01,2.273714253249881911e-01,1.961010681623659158e-01,2.933047552756793963e-01,1.694326522816462510e-01,2.574735993162490799e-01,3.312975145418717293e-01,1.877535584959998394e-01,2.273173380433669843e-02,3.422295176014696350e-01,1.025793154307945709e-01,4.414262147147199888e-01,3.516976927772241801e-01,2.409588596191566401e-01,9.706498140907898753e-02,1.308942050721148276e-01,2.580679767244020706e-01,6.724839530021456957e-01,4.514072093932545160e-01,1.296888593921048383e-01,8.273482588212618949e-02,3.674346196233772011e-01,1.042178928195752752e-01,4.128416710513115873e-01,4.227008590481385331e-01,2.851119705845686081e-01,9.656777956335541035e-02,1.646305025900041963e-01,2.390235603902452488e-01,5.894112837960707729e-01,-1.713453113509968428e-01,-1.504677144806717826e-01,3.661344781356004607e-02,2.958939787991600803e-02,2.747017825565307714e-01,2.527468018007906214e-01,1.604176682521024078e-01,2.619091412573820166e-01,1.758850709639168675e-01,-1.956868421050735884e-01,-1.410052727049316001e-01,6.401469989876198974e-02,1.274590440561389204e-01,2.551386074469420562e-01,2.755420239807630511e-01,7.647414918120348792e-02,1.612084361015225786e-01,-5.502402346359206581e-02
3.717171358682797577e-01,8.499670124618913247e-02,1.551070466049885299e-01,2.507303666071398762e-01,-1.383267860614696525e-02,3.074297474934220564e-01,9.211322343958779080e-03,-7.665314459346093609e-03,3.347362062574480435e-01,-4.935844352800912438e-02,6.970289526923775791e-02,2.617370921070432122e-01,1.182321202159090055e-02,3.471613800956376283e-01,-5.475301768690957194e-02,9.833203563144848891e-03,9.422280718351383477e-02,6.076278483242798095e-02,-1.542481331757393770e-01,9.443741228433104318e-03,2.817517645977085910e-03,3.930451264030286607e-02,4.105408719986319149e-02,-1.328433971087302767e-01,-9.079619654786227900e-02,-1.184932266806316276e-01,-1.205854192970720606e-01,-8.127251560240746076e-02,1.330716783317382190e-01,-1.483596287674796843e-01,-2.233397805995736285e-02,9.387002020803683622e-02,3.616156659607532853e-01,2.395479518796764240e-01,7.615941559557651841e-01,4.213955166907323857e-01,4.512856908643929632e-01,8.082558304431626262e-01,8.957280647120110517e-01,3.882525642201298810e-01,3.968316845531464909e-01,7.932653991607795385e-01,1.138195127895021835e-01,9.099070656931786127e-02,-2.554981598239247295e-02,3.468325573317747046e-01,7.482559056549233922e-01,3.021109982652873116e-01,2.188718437561778529e-01,6.200214767707577790e-02,2.578692227706726459e-01,1.339349204438641250e-01,1.837557581480369073e-01,1.725312310653254466e-01,1.052692503460838647e-01,-5.041656065897391539e-04,-5.175111528188069965e-02,3.362655556884638908e-01,6.572766436346139107e-01,3.750569290669263367e-01,2.835540892087182741e-01,-1.171391308108292277e-02,2.644045289054414716e-01,8.960102479235043660e-02,1.515241088594894703e-01,5.670461552013422030e-02,-1.423223321321511192e-01,-2.890654524747593990e-01,-2.168613067260248828e-01,-1.435860319862400092e-01,1.458371181011968998e-01,1.293445602351007140e-01,-5.823208425564926211e-02,1.514732299591114648e-02,-1.971962269045841182e-02,-1.653357858512844447e-01,-3.059305079596116861e-01,-2.768602319096470366e-01,-5.882135618234877322e-02,6.499821671940383960e-02,5.673831678086758978e-02,-8.260783467643986744e-02,-4.535893335051831288e-02,4.783362039991177067e-02
1.964263777646794995e-01,8.068948814936953429e-02,1.391161776888256985e-01,3.317867531256424307e-01,5.267167146607297512e-02,1.394844977871034231e-01,-6.641781913364197543e-02,-2.562760231668066713e-02,2.446076662007282687e-01,5.822274498668399134e-02,1.117793455658354779e-01,4.464864615849410967e-01,2.053954129593206501e-02,2.299362463520225608e-01,-1.258021306739251777e-01,-1.342478330310766660e-02,3.944395484261888907e-01,1.381651960887200215e-01,-1.016902573054237896e-01,7.205235420895217402e-02,4.132240524438704835e-03,4.285951144958511372e-01,1.726831134390411082e-01,1.900504864968735434e-03,5.187553073397570963e-02,1.608069712439290366e-02,-9.775477358969812680e-02,3.789405025579794389e-02,1.564289701678775457e-01,-7.663639996162024959e-02,1.011402347686436443e-01,1.944281010809382204e-01,2.505549048011743718e-01,2.508418017080928375e-01,4.213955166907323857e-01,7.615941559557651841e-01,7.003530852480245317e-01,5.914372922715845915e-01,4.518536804806881357e-01,8.433322174561691531e-01,6.552283704081021121e-01,6.107441464025927802e-01,8.807828610818184412e-02,3.241151604594053603e-01,1.034021073109563232e-01,3.315601258847408195e-01,3.476908046594303636e-01,3.177495671714944403e-01,2.534617851929177323e-01,-3.913061550507297703e-02,4.488578010747946156e-01,1.794674624541643393e-01,1.808966037575364394e-01,1.296873795665086926e-01,1.250927387957093684e-01,2.434860064302374061e-01,1.340186109817259330e-01,2.644056839729886921e-01,3.564738849455424963e-01,3.307984406475712458e-01,2.653732466233348353e-01,-5.313436276058913083e-03,4.557616046585852843e-01,1.557540135547820503e-01,2.581418099280750611e-01,-2.814769195781287661e-02,-1.503764217713647600e-01,-2.687521060344011392e-01,-1.236792304845568957e-01,-4.192281394566361313e-02,3.340486601030884795e-01,2.734176451978734823e-01,7.446000399136561837e-03,1.431973087482570905e-01,-3.772830732331992898e-02,-1.461287761259668361e-01,-2.762671467648055712e-01,-1.206960551491982059e-01,-1.165888524420019209e-02,2.723026150983539617e-01,2.300112091133064141e-01,-2.150157057173831057e-02,1.278458441214876812e-02,-1.863110605550023779e-02
7.136108884653079298e-02,4.878778597303155828e-02,8.232952551583422318e-02,8.277128045341662632e-02,-1.317419211384214528e-01,-3.523538961347951609e-02,-6.810441068920897179e-02,-1.597117462216314787e-01,1.027405533336758769e-01,-5.184637508634055980e-02,1.807426801134365962e-02,1.274093114705731056e-01,-1.243910358610066241e-01,5.580465981349545801e-02,-1.568667268838910833e-01,-1.612492580358452776e-01,2.336123786539877067e-01,7.882756243504797367e-02,-1.704709292935565890e-01,5.682954110951935617e-02,4.175942632642632921e-03,2.332564238669137258e-01,5.862846085973544979e-02,-1.155717379289448732e-01,2.657809360263616374e-02,-8.577856164741087808e-02,-1.337715834937497905e-01,-1.044563088160781472e-01,6.653859505399961627e-02,-1.396635194836455263e-01,-4.176583755732914821e-03,6.001856127509325872e-02,2.018335949752360914e-01,1.493732933149570785e-01,4.512856908643929632e-01,7.003530852480245317e-01,7.615941559557651841e-01,5.498456286891705291e-01,4.874324447843987329e-01,5.950706384993834641e-01,8.873335816438814305e-01,5.594882531256326619e-01,7.378559553551373995e-02,1.973640683128131679e-01,7.958481626655340355e-03,2.971739422621104687e-01,4.596747393015999661e-01,3.399771655869278097e-01,2.118413110510762865e-01,-8.508618660118259791e-02,3.510541974996514991e-01,1.447512191967902651e-01,1.563755824102462111e-01,3.672625719806802552e-02,5.757076326453527265e-03,3.086710186630900812e-02,-2.642903158237228448e-02,2.544722922186682390e-01,4.422100478716861627e-01,3.806890529488917152e-01,2.943631112424930363e-01,-9.680162945951314990e-02,4.206404946216951712e-01,1.466884025296203431e-01,1.808648603936821031e-01,-6.508683007431158296e-02,-2.105060117788896679e-01,-2.663999214687249317e-01,-1.719728664854902334e-01,-1.373527745460962624e-01,1.589252311489675051e-01,1.535604950362803034e-01,-1.713059738059085138e-02,4.070207106754260284e-02,-1.994373190334747595e-02,-1.903089086067085156e-01,-3.003265200661469070e-01,-1.625358983625422860e-01,-7.822559840758613880e-02,1.081149159906972523e-01,1.121346038362052711e-01,-5.743664009582685748e-02,-2.553638017608723942e-02,-1.489139086288410185e-02
3.882315019656309985e-01,6.312131925946280753e-02,1.649194575153749287e-01,3.984584930391314450e-01,-7.888648834621160566e-02,2.036110447002641433e-01,-1.960052829383350514e-02,-7.535063260104341021e-02,3.725249060577990323e-01,-2.495130605999658358e-02,8.122843489300846098e-02,4.156279597313768948e-01,-8.280208509648534498e-02,2.811276539120416973e-01,-9.589342442756754181e-02,-6.950278017467120817e-02,1.007406934432245049e-01,1.871750972446509231e-02,-1.448074964270420206e-01,2.747665002299926745e-02,2.621083561310462787e-02,8.095099016069935705e-02,-8.653996222640276612e-03,-1.465139350279435759e-01,-7.095023531998780747e-03,-7.645771535234720251e-02,-1.956546294096117578e-01,-1.609107231243721292e-01,1.194172494025597525e-01,-1.840941882058624302e-01,-8.422802882368556066e-02,8.488937312842548266e-02,3.178031224989457115e-01,2.273714253249881356e-01,8.082558304431626262e-01,5.914372922715844805e-01,5.498456286891705291e-01,7.615941559557651841e-01,7.546651939568360667e-01,5.051737153475590603e-01,4.549908834627751086e-01,9.010874507933789301e-01,2.646687979121731954e-02,1.236925408767755724e-01,-4.046076872140886432e-02,2.969972633780166849e-01,7.888949684592789779e-01,2.612174787487270833e-01,1.771931150136899502e-01,-6.093266225709475375e-03,2.329654521369668718e-01,1.773724210619304076e-01,1.095009249071580565e-01,1.879707761527514842e-01,1.745705638256125902e-02,1.634901196329943338e-02,-3.809128439451275883e-02,2.717389018431904946e-01,7.276458514094620300e-01,3.345118192488201747e-01,2.418197349241914818e-01,-3.921232816871086241e-02,2.674022141709879730e-01,1.368852368282112708e-01,1.321857014909499362e-01,6.824535591807612267e-02,-1.108535974531758700e-01,-2.659622437545837159e-01,-1.804207443433737679e-01,-1.250572995365387963e-01,2.455915990204128041e-01,1.705266961186672203e-01,-3.743173726242512989e-02,1.313907254647901091e-01,-6.479249999550883155e-02,-1.535492146619465703e-01,-2.796958929569230423e-01,-2.269557140134177697e-01,-3.891206261891019119e-02,1.286768095935065248e-01,9.224379848062953802e-02,-1.080043289375448301e-01,-4.272434688427276250e-02,-2.792836167422905764e-03
3.550108142263289634e-01,4.196252639504492732e-02,1.351448645192693809e-01,2.437369925059364173e-01,-1.443869160071289612e-02,2.851108200246158519e-01,1.948476508160935580e-02,3.922628932888521693e-03,3.865483877254170531e-01,-3.071721904513116316e-02,6.707637385251905005e-02,2.562634157752372022e-01,1.838693089794709787e-02,3.901550281369072781e-01,-2.892473476961425483e-02,-1.897779923029919687e-03,1.121740379350376071e-01,3.131713784751206930e-02,-1.590535872901105985e-01,-5.395984917756822125e-02,9.283511135946132323e-03,7.475046162164671049e-02,5.475684889109288384e-02,-1.452925914247231165e-01,-9.366934650294782283e-02,-9.159898372261990329e-02,-1.392307033084376755e-01,-1.111455908065424603e-01,9.979269654630368303e-02,-1.247590492577500682e-01,-3.845622348075360825e-02,7.932795351305294007e-02,3.102162249773466884e-01,1.961010681623659158e-01,8.957280647120108297e-01,4.518536804806881357e-01,4.874324447843987329e-01,7.546651939568360667e-01,7.615941559557651841e-01,4.115994982467670593e-01,4.596767459386422727e-01,8.109287437905536855e-01,6.827055847094845586e-02,1.271461602137165248e-01,-3.704996670575235601e-02,2.954810171732358270e-01,6.763094373812360560e-01,2.909694504752086686e-01,1.805019949174818394e-01,4.026871995164056639e-02,2.548475481864462266e-01,1.352660852383294754e-01,1.336558120185495635e-01,1.257933404674536904e-01,9.501779990765638062e-02,1.975269100217245596e-02,1.865251132312282937e-03,3.085033234962064053e-01,7.001409505265151489e-01,3.524471643405393539e-01,2.634225786451699358e-01,1.829892983663410425e-02,3.101858353230467769e-01,1.208567497940004482e-01,1.289229872219295470e-01,-1.871957028040136667e-03,-9.496500717977067463e-02,-2.622692697075032497e-01,-2.150224585730432236e-01,-1.257741887164287864e-01,1.303140951411602688e-01,8.978710582580801125e-02,-5.818414398653386915e-02,6.503804340518150318e-02,-5.055627011198416364e-03,-1.018238183663511126e-01,-3.103298983874379080e-01,-2.688072789761105086e-01,-5.488687874251708260e-02,5.605888039517037402e-02,2.564620409980565563e-02,-1.232436764828365588e-01,-7.411035717822950231e-03,2.886625791902636129e-02
1.007209219932554689e-01,1.237378428399406594e-01,1.321583084329978064e-01,2.838259758305953229e-01,-5.481208067355712588e-02,2.446753563041464269e-02,-4.041311639308098336e-02,-3.205407762543415612e-02,1.732381498378653961e-01,1.016887115362077321e-01,8.695196218119051468e-02,4.303029582080116766e-01,-8.899532200767119872e-02,1.477539646162855658e-01,-1.009169060373912297e-01,-4.133727719194749128e-02,3.133782560075716872e-01,1.157618374124787242e-01,-1.046729060079312212e-01,8.399102749573503224e-02,1.319985141576981644e-02,4.615797185775505351e-01,2.055012692409761144e-01,-1.513603032108616457e-02,5.633099810685551767e-02,7.865700999954448880e-03,-1.540623630625980456e-01,1.143269205225396976e-02,1.292466543399377887e-01,-1.112034981397113931e-01,6.612318924724618074e-02,1.603042889292241036e-01,2.560807271608258606e-01,2.933047552756794518e-01,3.882525642201298810e-01,8.433322174561691531e-01,5.950706384993834641e-01,5.051737153475590603e-01,4.115994982467671148e-01,7.615941559557651841e-01,7.031448294903630547e-01,6.078277876689879289e-01,1.028065654878305146e-01,3.216872656244189055e-01,6.237445723072629865e-03,3.025062644203228013e-01,2.606253155737211502e-01,2.929341836000831645e-01,2.197567771169143536e-01,-3.053052587094442008e-02,3.420153028525519945e-01,1.421538392844977627e-01,2.259343086389649924e-01,1.305856324929968726e-01,1.896823187322589643e-01,2.542143816720512928e-01,6.911286506972363908e-02,2.529329454903461727e-01,3.203475342069090348e-01,2.999522360752479577e-01,2.552254919717630854e-01,-2.652098673649232186e-02,4.132082145487723235e-01,2.007757032168764610e-01,3.279723524766556264e-01,-5.652532289522203823e-02,-2.436209998297807489e-01,-2.830202802085696190e-01,-1.129603514784412455e-01,-6.091127113974470486e-02,2.959556462934692100e-01,3.133054762024343742e-01,5.761172554659139099e-03,9.479963739604221895e-02,-4.156646099601279259e-02,-1.832328767452693352e-01,-2.647260362165557712e-01,-9.940216843895789689e-02,3.420041681849556731e-02,2.794153563546266650e-01,2.469772965610228799e-01,-3.528231683047217473e-03,-2.285613137895383881e-02,1.119608254732362695e-02
1.691829423547122971e-02,9.714787141655861769e-02,1.124127705427295787e-01,4.729543383388003924e-02,-1.555654764240603782e-01,-6.830839358390433658e-02,-3.538863700612924351e-02,-1.520150272037085193e-01,5.840793714037882667e-02,-1.636123318646601557e-02,2.697514325337588628e-02,1.265552790292520380e-01,-1.503635909717272179e-01,1.557955174568222655e-02,-1.261728696539045624e-01,-1.665045059083519463e-01,2.709504304398933083e-01,1.400799337665185051e-01,-1.497367637985791700e-01,8.543320753600452955e-02,3.788174413642161203e-02,3.081219287759873193e-01,1.148234952886933863e-01,-1.196160329719423848e-01,5.907926635416541408e-03,-8.537009884415586169e-02,-1.546802064705034840e-01,-1.019170599503793351e-01,4.809980723798908120e-02,-1.570017119359729263e-01,-1.258048853732090210e-02,6.783839718158489462e-02,2.205970067768093512e-01,1.694326522816462233e-01,3.968316845531465464e-01,6.552283704081021121e-01,8.873335816438814305e-01,4.549908834627751086e-01,4.596767459386422727e-01,7.031448294903630547e-01,7.615941559557651841e-01,5.639067608789167796e-01,1.167713900873107863e-01,2.288500911740764254e-01,-7.310971814752570408e-03,2.824607257561490559e-01,3.515687140418063961e-01,2.978003965147935084e-01,1.619210249755961561e-01,-4.495385503409908556e-02,2.914813009605768945e-01,2.045248325154860602e-01,1.920449760608836376e-01,1.625849009943461029e-02,6.671112086325321766e-02,8.774627038728902151e-02,-2.547667368313050532e-02,2.638102827792372929e-01,3.847500907038602924e-01,3.433794986804719063e-01,2.411961777897172754e-01,-7.801881055261340736e-02,4.054750105364482993e-01,1.708044448057631504e-01,2.454447752826729168e-01,-1.298680362350057571e-01,-2.618123360806704492e-01,-2.811881908337520719e-01,-1.806389981160088920e-01,-1.460030953911780893e-01,1.595578078537933930e-01,1.816418367865050565e-01,-2.340018574045090241e-02,7.110653608305589346e-02,4.481504331183642879e-03,-2.580218231577560695e-01,-3.057165242900099500e-01,-1.827291968831986357e-01,-8.315127095213303843e-02,1.094341959723329483e-01,1.077218095333837278e-01,-6.933884316823321625e-02,-2.661375606614843278e-02,-3.874662965337145881e-02
3.351319513773516334e-01,7.535498139086545255e-02,1.455964647357661512e-01,3.383318859148101154e-01,-4.895449536187867351e-02,1.793851212245575200e-01,1.645321475174669730e-03,-4.733508274839617891e-02,3.749215209795012105e-01,3.058190140729315915e-02,8.281552982066262003e-02,3.852688177639662093e-01,-6.367129504340235391e-02,2.765175067224088234e-01,-4.314135237587009286e-02,-5.099526161827143411e-02,9.730688220716207648e-02,5.509976097824916680e-02,-1.239348895373144910e-01,2.290853696940895606e-02,5.027419869474972214e-02,1.154662533104196670e-01,2.696325623893810336e-02,-1.211786149874129054e-01,-1.460477881774995424e-03,-4.536102706000384038e-02,-1.748144610071453164e-01,-1.097319263164091008e-01,1.166623940528568326e-01,-1.481851398156836808e-01,-4.685224538893595359e-02,1.375261852827489584e-01,3.376335310518788213e-01,2.574735993162490799e-01,7.932653991607795385e-01,6.107441464025927802e-01,5.594882531256325509e-01,9.010874507933789301e-01,8.109287437905536855e-01,6.078277876689879289e-01,5.639067608789168906e-01,7.615941559557651841e-01,7.078487841305293460e-02,1.298620498244773547e-01,-5.074037283943299420e-02,3.089404015934824610e-01,7.176237289397424668e-01,2.748021111555531970e-01,1.712137510733983126e-01,-2.727761688469433903e-04,2.428283298260184575e-01,1.786494628338951007e-01,9.705733529023156947e-02,1.930108951154661800e-01,4.382092750898673034e-02,7.542194679907671118e-02,-4.508166364537734283e-02,3.041538550314718536e-01,7.651385153342610268e-01,3.518574304481690285e-01,2.453207272582864640e-01,-3.239781998382510603e-02,3.121706298874776242e-01,1.546568062239026542e-01,1.460107694132730394e-01,3.054965091277641112e-02,-1.472204066739149497e-01,-2.750182141271911296e-01,-1.888459209716421006e-01,-1.446968909794062175e-01,2.316060591584943595e-01,1.318181704254925701e-01,-3.390634821688886386e-02,1.509402871913626820e-01,-8.152272254643622151e-02,-1.633946338721798397e-01,-3.035119760988719828e-01,-2.235789633411238431e-01,9.198771497505607575e-03,1.120433096352859981e-01,5.616628060853692817e-02,-1.002289387469793569e-01,-6.749363014601685029e-02,-4.770743018972151139e-02
1.994671150490194556e-02,1.461920951926832801e-01,-3.037835138056333567e-02,-1.141197181644871966e-01,-2.747252681148594500e-02,2.855714903714943673e-02,-5.237506451088198151e-02,-2.360870160962571379e-02,-1.260393469544296985e-01,-4.910659167619223220e-02,-4.346740285799660652e-02,-8.753848802014903285e-02,-1.624459988377367492e-01,-1.106506045021660722e-01,-4.485616478885320196e-02,1.564358519828929969e-02,2.035930431450842237e-01,4.246134510611291324e-01,3.775517418727093455e-01,1.328851112602112972e-01,5.094876707273320315e-01,9.386537795342213275e-02,2.308507910811659347e-01,7.021912075758642013e-02,-7.661851051086485120e-02,1.462226829218899182e-01,4.124678675929139421e-02,2.730371617548519869e-01,1.103921873152805683e-01,-1.258777160080701563e-01,4.543036040549419674e-02,9.155104564820273905e-02,4.376908678383346629e-01,3.312975145418717848e-01,1.138195127895022113e-01,8.807828610818185799e-02,7.378559553551372607e-02,2.646687979121729872e-02,6.827055847094844199e-02,1.028065654878305424e-01,1.167713900873107863e-01,7.078487841305293460e-02,7.615941559557651841e-01,3.762031746027935664e-02,1.495385985547945384e-01,1.153932736767060152e-01,1.484793156379841765e-02,1.322031096594756261e-01,2.183051942222401509e-01,2.865268700358120091e-01,5.987396296862849271e-02,1.109965379383889839e-01,2.984104324086622184e-01,3.874634403334148436e-02,4.458135322036905213e-01,-7.173162982477922223e-02,-8.841457239823691250e-02,1.233448400855153698e-01,1.433764974803217532e-02,1.290326430284176318e-01,1.222659662246265988e-01,-2.501707203895932319e-02,2.273313315951681901e-02,-5.273068649251339002e-02,1.472392129578499465e-01,3.498239645265956155e-02,-9.329473359603154825e-02,-1.486702691723246206e-01,3.636446678734521487e-02,-1.942142198979140283e-02,6.937243822909357205e-02,6.770145734987997876e-02,-8.962464453469991266e-02,6.517235135577564842e-02,2.124290109525884818e-01,-2.747759720482962909e-01,-1.007043084433094926e-01,-2.624736124976826193e-02,7.019620688862572566e-02,6.382357784288561486e-02,8.179762376613466945e-02,-7.288373990649929524e-02,-6.618133998967244865e-03,-4.711128966237273369e-02
9.307104600364025926e-02,1.711312538755744850e-01,1.113226447002390596e-01,1.876622302829126232e-01,6.344043149866900044e-02,2.150377211794634799e-02,6.441563239201535118e-02,1.732600751103764367e-02,1.256396425226652125e-01,1.653310960319801237e-01,1.091735817827475530e-01,2.128859260691214617e-01,2.282113881000801675e-02,8.094241412484731724e-02,6.014717558671189845e-02,1.628781319067891531e-02,3.936898067124960932e-01,2.189169558406336147e-01,-1.454069500625440950e-02,1.312141622700211119e-01,6.619841683114532915e-02,3.174494715057271654e-01,1.564291248036644155e-01,4.387305224885126170e-02,8.204579608215760433e-02,9.302596519052323820e-02,-2.706231803314529394e-02,7.520483296429369968e-02,1.857916684715633093e-01,-1.335682490874793953e-02,9.168647501414158019e-02,1.753359791399971834e-01,1.894459025714177458e-01,1.877535584959998394e-01,9.099070656931787515e-02,3.241151604594053603e-01,1.973640683128131401e-01,1.236925408767756557e-01,1.271461602137165248e-01,3.216872656244189055e-01,2.288500911740764254e-01,1.298620498244773269e-01,3.762031746027934970e-02,7.615941559557651841e-01,1.172792754078643557e-01,8.145107386164039676e-02,1.106947986058221672e-01,1.224070277949087515e-01,8.390063465208297266e-02,1.895813257453967532e-02,1.777198401428815022e-01,9.694431662920394155e-02,2.211533947840175762e-01,1.953788511165000241e-01,3.729415390892942828e-02,3.707157013535640200e-01,7.948910452928537040e-02,6.336440263815834584e-02,1.132812397603639443e-01,1.044599836614232696e-01,6.956248168532780385e-02,1.691562287042562562e-02,2.164849477369050201e-01,2.186030852610587605e-01,1.223235110771093287e-01,5.882276264753802386e-02,-6.081499314474744788e-02,-6.986286431615156001e-02,-6.428423662831356244e-02,9.245500415215802958e-02,4.434977728610153269e-01,2.689180991483512972e-01,-4.534969814519212994e-02,1.586353550753668018e-01,1.410733646634373673e-01,-6.369466944726615010e-02,-3.647062502248010762e-02,-2.535172743517019600e-02,4.698735330584085518e-02,3.971992124594538875e-01,2.253081610088440434e-01,-1.861722160482680299e-02,1.481979037357387397e-01,4.316899662361842888e-02
3.984646142840902461e-01,1.744717494144137904e-01,2.958645631874106119e-01,1.750731293183387660e-01,1.792631557977059087e-01,4.232726524935798706e-01,7.862038178016797496e-02,-1.992226033152386111e-01,2.212729932071449412e-01,-1.811450917411285000e-02,1.913175762397414104e-01,9.134851582849840002e-02,-3.188251549471589341e-02,1.487977644943032918e-01,-3.871457435241883183e-02,-1.315001292858870852e-01,2.844479793553091884e-01,6.571973389584764291e-01,2.778710537659077051e-01,4.420861920933337741e-01,2.594775313843121767e-01,1.025545450211076681e-01,3.057560831552384450e-01,-5.698178650225466796e-02,2.070372865948368057e-01,-3.135469010654198113e-02,4.644401440915456591e-01,1.992611822744346783e-01,-1.375708780830930400e-01,1.891371528124389523e-01,-4.738056613629181013e-02,-9.315582380176676280e-02,9.803344338995742535e-02,2.273173380433669497e-02,-2.554981598239252499e-02,1.034021073109563232e-01,7.958481626655312599e-03,-4.046076872140886432e-02,-3.704996670575234907e-02,6.237445723072609916e-03,-7.310971814752624184e-03,-5.074037283943302196e-02,1.495385985547945384e-01,1.172792754078643279e-01,7.615941559557651841e-01,-7.558914381872552934e-02,-1.614600265004806703e-02,-6.358498220891223296e-02,-3.853155843231331062e-02,4.533758699554824578e-01,1.284116557924910862e-01,2.729472839458486622e-01,1.664759625182595792e-01,2.403509133876849391e-02,-5.120356870550111378e-02,-1.769466676562339927e-02,5.131776111647928795e-01,-1.376928588105866269e-01,-7.792141375077285027e-03,4.066572978217507608e-04,-6.849178397823280084e-02,1.191102341873643694e-01,2.219692597577592463e-02,2.459369889783025454e-01,4.057703127200975451e-02,4.307151294336324793e-02,6.532829915913319907e-02,-3.980505155907811815e-02,-3.227580169239412707e-03,2.277640467323850237e-03,1.921214294771167175e-01,-5.482245521048231818e-02,-3.584137020119321920e-02,7.497692903487007676e-02,3.358645572473996643e-01,-1.323521683381550552e-02,1.474172889835497630e-02,-6.847761273042313190e-02,5.906670698916759166e-02,6.780451324427200221e-02,-3.205145529903967450e-02,-9.834771772083399088e-02,1.548539397381286653e-01,1.455365285810880094e-01
8.979151318490703748e-02,1.060229891250007717e-01,9.601523269160591734e-02,1.752382568716358835e-01,2.913295775743595661e-01,1.220804258903654405e-01,4.454262518803479148e-02,2.190305058932543458e-01,5.343114136568879319e-02,1.255814364610978728e-01,8.185405456709762828e-02,2.577524896174916424e-01,3.344353705042263925e-01,1.756247672294636297e-01,5.793237966347669111e-03,1.278570095660147010e-01,2.191049168129743374e-01,1.589283241011410844e-02,-3.083417504465628400e-02,1.072268079062309136e-02,2.542634889595388539e-02,2.652375236604311848e-01,8.804997793412731866e-02,6.151585235760655829e-02,-1.621737521480630384e-02,5.946274000861592746e-02,-4.298987818920529946e-02,2.425201380070561019e-01,3.408500400955601362e-01,-1.532168175412274708e-02,2.516505314449940522e-01,3.136318941680176775e-01,3.239708283620539309e-01,3.422295176014696350e-01,3.468325573317747601e-01,3.315601258847408195e-01,2.971739422621104687e-01,2.969972633780166849e-01,2.954810171732357715e-01,3.025062644203228568e-01,2.824607257561488893e-01,3.089404015934824610e-01,1.153932736767059875e-01,8.145107386164039676e-02,-7.558914381872554322e-02,7.615941559557651841e-01,2.209017161764977588e-01,5.029161287061308938e-01,5.624579614737963418e-01,2.321578951913566002e-01,2.978134621336675503e-01,8.066790308138710452e-02,1.256039207666889146e-01,3.984517683963630374e-01,1.484856593799258606e-01,5.973309685277064518e-02,1.105619549383213274e-02,8.556194584911556156e-01,2.138806745497668360e-01,4.443311870831737620e-01,5.560717315975324260e-01,2.354752478966570806e-01,2.506667971237034886e-01,2.688007528533095311e-02,8.565941927629494579e-02,2.794388447122029273e-01,-5.864705154397698017e-02,-1.696828993228416405e-01,-2.454305436592580866e-02,-1.229387146599113106e-01,1.293376589347295658e-01,3.435122114404117605e-02,-3.648956636228150446e-02,1.170698881782496065e-01,2.567093516874436876e-01,-3.456426851776708137e-02,-1.654829156257948686e-01,-2.576675385346039251e-02,-4.600847550655497165e-02,1.926167892196546938e-01,1.581387319726214880e-01,-8.270783875155238163e-02,1.801708691585676148e-01,-1.223180599526953044e-01
3.262999440866403145e-01,6.829692967405403235e-03,1.542668911854729319e-01,3.186380995266411831e-01,-2.208758073434812230e-01,9.400949898609421707e-02,-9.990297470407907832e-02,-2.010251324856232591e-01,2.579220789484228948e-01,-8.014791493442352532e-02,7.510335915296133258e-02,3.383574227414987146e-01,-2.462959897098860318e-01,1.158240775252709631e-01,-1.672987645588072114e-01,-1.967138875935241504e-01,2.074067288056236774e-02,4.119441618864915639e-02,-1.455499826258121743e-01,8.335931019311280943e-02,-1.062808050852932611e-02,-8.421315457486537592e-02,-8.079858445840408521e-02,-2.300329905057744984e-01,-3.722424508558876133e-02,-1.816929052552900825e-01,-2.083336692580320948e-01,-2.764245503179127428e-01,-1.917960095459756223e-02,-3.029807474579436777e-01,-2.419963175991365067e-01,-7.433261082260683716e-02,2.258105147342758245e-01,1.025793154307946126e-01,7.482559056549233922e-01,3.476908046594304191e-01,4.596747393015999661e-01,7.888949684592792000e-01,6.763094373812360560e-01,2.606253155737210947e-01,3.515687140418063961e-01,7.176237289397425778e-01,1.484793156379845755e-02,1.106947986058221534e-01,-1.614600265004799418e-02,2.209017161764977588e-01,7.615941559557651841e-01,1.651318334352688821e-01,7.406489315743178259e-02,-2.274280634129889622e-02,6.191136024132694315e-02,2.084936665002378453e-01,1.252813826129805796e-01,9.418179683374956757e-02,-5.491116505862504021e-02,-3.869582662280268703e-02,-1.494182059961733366e-01,1.633578315631982747e-01,8.951968840933273164e-01,2.626703616797376739e-01,1.438330098498852849e-01,-1.375083773525767883e-01,6.904861845373780338e-02,1.184267378095545525e-01,4.487756278844838576e-02,5.647006060979850584e-02,-1.383685261514385756e-01,-2.859193585859506892e-01,-2.974647474809988812e-01,-1.257900399696681992e-01,1.806383555195021640e-01,1.036138972874058595e-01,-8.323632378884349148e-02,9.346481128706325692e-02,-4.117042842246874251e-02,-1.678143513163166400e-01,-2.793792656895729976e-01,-3.608790437540874696e-01,-1.251962017027259122e-01,8.744941860440952341e-02,-1.085613640028956946e-02,-1.683038088841959101e-01,-8.183333645058543659e-02,-6.396829877428886202e-03
3.097485895801791247e-02,8.721866910858448729e-02,1.053763315876991846e-01,1.479713750301663855e-01,-1.618843204723452098e-02,-8.018689051591229577e-02,-5.016343701549763612e-02,1.326487706016337212e-02,1.751614342988813688e-02,1.095410879257364967e-01,6.958275834310248542e-02,1.911224371988867188e-01,4.060569011561971850e-03,1.195700234592950856e-02,-8.085779583579605356e-02,-5.139133958852296763e-02,2.195590388254521352e-01,9.619952970563055983e-02,-1.217602180396178124e-01,4.519104955644129284e-02,2.103514552677111793e-02,2.604433873129105570e-01,1.253691006238378258e-01,-9.843668988967718692e-02,-1.585008836147533537e-03,-6.438296159141286557e-03,-2.397371585794196291e-01,2.446694351699963965e-01,3.800351991961392062e-01,-1.748189757978887426e-01,2.190237279107227486e-01,3.996785978240497972e-01,4.076669349609464699e-01,4.414262147147199888e-01,3.021109982652873116e-01,3.177495671714944403e-01,3.399771655869277542e-01,2.612174787487270833e-01,2.909694504752086686e-01,2.929341836000831090e-01,2.978003965147935639e-01,2.748021111555531970e-01,1.322031096594755983e-01,1.224070277949087515e-01,-6.358498220891223296e-02,5.029161287061307828e-01,1.651318334352688266e-01,7.615941559557651841e-01,7.627135107473794751e-01,3.539866474504536897e-02,1.838586715803564586e-01,1.457487086315273350e-01,1.640983360156323956e-01,4.520530985332452123e-01,1.152701925757495804e-01,8.154097759228905173e-02,-6.087461538208397728e-03,5.247556456212313369e-01,1.823575477172734161e-01,8.342672841038640819e-01,6.894617225373327329e-01,2.542935707616629862e-02,1.622076044314225696e-01,5.654495939333744475e-02,2.242483584463755841e-01,3.132527432675082379e-01,-2.044457589657139585e-01,-2.612982412736071236e-01,-5.516781128079121382e-02,-2.367291387247270340e-01,1.602506190141015363e-01,1.341606574081842251e-01,-1.818691511734996449e-02,7.681096052418273645e-02,1.561868411019051717e-01,-1.977270885642616327e-01,-2.271554378411868858e-01,-8.097802729986251780e-02,-1.166401714628697295e-01,1.250897379467132697e-01,1.556920001074290072e-01,-6.435261465457588204e-02,9.787765433795139747e-02,-9.486169708569745784e-02
-4.529692133976838072e-04,1.396652509772360884e-01,5.945404119249422803e-02,1.358672071455915009e-01,1.352994445646148458e-01,-7.807713843471104920e-02,-5.987767273892760644e-02,1.949729093004887726e-01,-6.677391416977894456e-02,6.390477990447736290e-02,-2.594936086310499143e-02,1.745530715751987261e-01,9.370373469089099405e-02,-4.386232403934388346e-02,-1.001596035671924179e-01,1.121566220370687345e-01,2.497217987230659908e-01,5.016419512286449112e-02,1.623429773397213616e-01,2.519250138519145074e-02,1.868969576577098890e-01,2.221711420175700447e-01,-1.537262448471360399e-02,1.315433819114811831e-01,-1.063070535709631503e-01,7.565044135474865983e-02,-7.786241082138208036e-02,3.831966316035321785e-01,4.142426745419109935e-01,-1.393483083082143748e-01,2.750633154678435721e-01,3.938513011308018008e-01,3.444817777123700409e-01,3.516976927772241801e-01,2.188718437561778529e-01,2.534617851929177323e-01,2.118413110510762032e-01,1.771931150136900057e-01,1.805019949174818672e-01,2.197567771169143536e-01,1.619210249755961561e-01,1.712137510733982015e-01,2.183051942222401787e-01,8.390063465208297266e-02,-3.853155843231329675e-02,5.624579614737965638e-01,7.406489315743183810e-02,7.627135107473796971e-01,7.615941559557651841e-01,2.357224582609042107e-01,2.474537062050693459e-01,5.569353000233988327e-02,1.124471780545615723e-01,4.076178624812704654e-01,1.484971286839329996e-01,4.586764093519687946e-02,-1.128966218189705883e-01,5.853087818283670973e-01,9.652421778640069006e-02,6.193597725906009321e-01,7.786694171489350058e-01,1.225477783704587431e-01,1.411458315645696404e-01,-7.350551514791479890e-02,7.737196035980620223e-02,2.878857858185061569e-01,-1.877250027372862062e-01,-1.909138699186790911e-01,6.548978200741645272e-02,-1.719666865248143384e-01,2.001122562379354930e-01,1.307438393352730599e-01,-8.427107603215182319e-02,1.642360906491523997e-01,1.973230153686854060e-01,-2.511654357139759819e-01,-1.762294562366604755e-01,3.921086968028947295e-02,-4.982748925486083641e-02,1.314809083242459709e-01,1.090883261033392532e-01,-8.573933885252274512e-02,2.134366581028800114e-02,-9.737073365903503586e-02
3.143184973793028969e-01,4.490045854241498380e-01,4.071852891244370776e-01,3.007837475869259633e-02,3.664779123233954938e-01,2.918059853064592368e-01,4.496268334037802905e-01,2.921615551050806281e-01,9.795603975667327434e-02,1.769660725535481816e-01,3.023259587116218783e-01,5.697860725305524399e-02,1.499875412519768858e-01,5.671990253623146461e-02,2.863614833580063190e-01,3.067297223595927824e-01,1.602170442836663433e-01,4.618335194508253472e-01,5.298522128219039784e-01,4.103435522307370409e-01,5.495189729856462257e-01,5.200835453783850260e-02,1.415182555138715936e-01,1.779582494370272605e-01,1.330855308901840450e-01,2.567850371385609343e-01,4.711518824908538239e-01,2.338228417030320250e-01,2.080028929744689448e-01,1.544008874992728597e-01,1.303203709840703578e-02,1.646384566606268196e-01,3.174035724916689505e-01,2.409588596191566401e-01,6.200214767707571545e-02,-3.913061550507299091e-02,-8.508618660118259791e-02,-6.093266225709426803e-03,4.026871995164058721e-02,-3.053052587094439579e-02,-4.495385503409903005e-02,-2.727761688468917280e-04,2.865268700358119536e-01,1.895813257453965450e-02,4.533758699554824578e-01,2.321578951913566002e-01,-2.274280634129887887e-02,3.539866474504536897e-02,2.357224582609041830e-01,7.615941559557651841e-01,-1.977233053364221491e-02,3.459956556451317944e-01,2.089665791449503984e-01,2.487637404879997627e-01,1.655988745442836807e-01,-5.534401297133482306e-02,8.362326006504988696e-02,2.164325614166250633e-01,1.249459273985310814e-02,8.280597346869379705e-02,1.814245763839508474e-01,4.536411369729650978e-01,-8.370330164605860324e-02,6.567281087666737571e-02,1.165585546490968682e-02,2.491046337324356597e-01,4.694743631856524574e-02,1.517508589100432514e-01,1.922485637742541442e-01,5.585749263265414599e-02,1.642738208012138879e-01,-8.013452989844255248e-02,7.369986593730976088e-02,1.715353548435357978e-01,3.547878379945180738e-01,-1.165936840819154774e-01,1.262762038908722961e-01,1.040332477504649078e-01,7.310902030677990382e-02,8.615487458791647180e-02,-7.570587308325688047e-02,7.877455653566627081e-02,1.078466307841602911e-01,5.907371662510027543e-02
-2.440766330805299242e-02,9.047790652465467764e-02,-5.294961190481192043e-02,8.096093935800338648e-02,6.341574737204237755e-02,9.051747658433646759e-02,-1.519282666533101622e-01,1.289356103066249468e-02,-5.203175752219695027e-02,-6.307749329122248894e-02,-1.085533071548732548e-01,1.258647922631827010e-01,4.448647034340794115e-02,1.113378879439248514e-01,-1.929756929956946421e-01,-8.452750518197697793e-02,4.941782036104379050e-01,1.070767613090676945e-01,1.383142695733235094e-03,-1.423564966604061628e-02,-2.835510466535075616e-02,4.782768732952683566e-01,1.142640451120667949e-01,1.378654631878369931e-02,-1.131688505019862595e-01,-5.118843347097897650e-02,6.178770476211321167e-02,3.728440957881922202e-01,1.214984099820293484e-01,-3.213386876777713647e-02,3.399865873822715545e-01,1.347753167508822410e-02,8.929676852030080103e-02,9.706498140907900141e-02,2.578692227706726459e-01,4.488578010747946156e-01,3.510541974996514991e-01,2.329654521369668718e-01,2.548475481864462266e-01,3.420153028525519945e-01,2.914813009605768945e-01,2.428283298260184575e-01,5.987396296862848577e-02,1.777198401428815577e-01,1.284116557924910584e-01,2.978134621336674948e-01,6.191136024132704030e-02,1.838586715803564586e-01,2.474537062050692349e-01,-1.977233053364220450e-02,7.615941559557651841e-01,7.310265718471048446e-02,1.488095320884320893e-01,6.840704626919591469e-02,5.668500795047499291e-02,1.388859180925647585e-01,4.425663333471686195e-02,2.583208031772522562e-01,1.095753859757541276e-01,2.244721932944532261e-01,1.732479446604879014e-01,-7.726939471175187091e-02,8.206022227124029067e-01,-4.156110748082809947e-02,1.985327545344101330e-01,-1.197385838776145323e-01,-1.808132900939128929e-01,-2.049921145496626240e-01,-1.353965207860286513e-01,-1.516113387269250601e-01,1.428176607982721003e-01,9.536556985945224274e-02,-5.080623080106316802e-02,5.809593272594674312e-02,1.981239077915631364e-01,-1.359157230237669767e-01,-1.737058111787181114e-01,-1.636273740615451222e-01,-9.999660749387574710e-02,3.842656731073920695e-02,4.804658987163769324e-02,-7.249810389785353582e-02,9.731725151533666962e-02,2.442394837559901458e-02
3.083643583252665410e-01,2.972213918503139873e-01,3.764664063363533653e-01,1.802722639287442433e-02,3.358262661846783681e-02,1.904352880679199556e-01,2.561174588652039286e-01,-4.190044222164838322e-02,1.746992678667508014e-01,1.324059269822635276e-01,2.072874677190606196e-01,5.263791508734902425e-02,-1.279145304828973595e-01,4.668629313674938636e-02,1.388724448935748645e-01,2.693403277549875907e-02,7.824895502384424106e-02,3.588756340116184829e-01,9.034679868531413083e-02,2.061332703688734114e-01,1.990207544569990439e-01,8.414154353202781770e-04,1.386404467354801495e-01,-1.258800081906316648e-01,1.659998896262038226e-02,-5.292261882381957966e-02,1.470277943193669667e-01,2.010870922509481670e-03,8.966693380602580588e-02,-9.170225280602548046e-02,-8.907443213068250154e-02,4.087842930293205529e-02,2.431855708141567596e-01,1.308942050721147998e-01,1.339349204438641250e-01,1.794674624541643393e-01,1.447512191967902928e-01,1.773724210619304076e-01,1.352660852383295031e-01,1.421538392844978460e-01,2.045248325154860602e-01,1.786494628338950730e-01,1.109965379383889839e-01,9.694431662920395543e-02,2.729472839458486622e-01,8.066790308138710452e-02,2.084936665002378453e-01,1.457487086315273350e-01,5.569353000233988327e-02,3.459956556451317389e-01,7.310265718471049834e-02,7.615941559557651841e-01,1.826335063376123835e-01,1.246673178011164229e-01,4.408676555030565172e-03,-8.414668044153661560e-04,-9.893182128241266929e-04,7.024621527427685197e-02,1.886807869048373332e-01,1.983669633899337315e-01,1.063165829665729534e-01,8.338448930870941134e-02,1.182078831308878697e-01,5.227502067745695147e-01,7.816988381306565203e-02,1.598447892353896116e-01,-3.736774948692446474e-02,-2.806533495092493856e-03,1.486689962112108521e-01,2.003037639518156360e-02,6.308322148495444648e-02,5.606380709148398728e-02,1.065517321612148988e-01,1.411000037529242246e-01,1.994687617968177729e-01,-9.459573052916198099e-02,1.426381184860269630e-02,6.745784609344396276e-02,7.227045826469562229e-02,6.498411552880295483e-02,1.146265241840135202e-01,6.910335160596003945e-02,9.255664087692108688e-02,8.721981475315707111e-02
1.369180991672905023e-01,1.777052015081482250e-01,1.312539885242874349e-01,-1.943954798748614293e-02,1.344491686588602207e-02,8.265677870506356328e-02,4.314727629539512332e-02,-2.106936573993379788e-02,1.165326061497701793e-01,8.187743520449057566e-02,1.136094728865424952e-01,9.345050702848289870e-02,-5.596050333721015735e-02,4.614524586929984878e-02,8.034062576211289941e-02,2.297762595016934750e-02,2.412821615886164561e-01,3.838162561871365508e-01,1.000382600899988872e-01,1.389459352584210272e-01,2.381446047181296211e-01,1.665890824795127900e-01,2.467767883679342911e-01,-2.798172041583177685e-02,3.613169759736022113e-02,9.769818229290984368e-02,-1.971772313620289221e-02,7.160366862026328050e-02,6.385969420647646944e-02,-9.838902384135889134e-02,-1.680812557179343913e-02,3.912253313924925896e-02,3.111795759220276625e-01,2.580679767244020706e-01,1.837557581480369073e-01,1.808966037575364394e-01,1.563755824102462388e-01,1.095009249071580010e-01,1.336558120185495635e-01,2.259343086389649924e-01,1.920449760608836653e-01,9.705733529023156947e-02,2.984104324086622184e-01,2.211533947840174374e-01,1.664759625182595515e-01,1.256039207666889146e-01,1.252813826129804964e-01,1.640983360156323956e-01,1.124471780545615723e-01,2.089665791449503707e-01,1.488095320884320893e-01,1.826335063376123835e-01,7.615941559557651841e-01,1.116519659050012880e-01,1.337772146543544927e-01,9.540941696470198186e-02,8.056044522486582871e-02,9.401050045357503548e-02,1.111281241107177631e-01,1.361741860738550636e-01,7.621982492006448839e-02,8.008993120985545555e-02,1.010843172184691247e-01,1.153090963001153213e-01,1.086959663496114836e-01,2.142166547206354049e-02,-5.622637225353754875e-02,-1.030213742682077327e-01,7.769851980040108456e-03,-6.646145457803860623e-02,1.509707364691031950e-01,1.408732049549068222e-01,-3.561165580926146934e-02,2.276343056785588848e-02,7.927510022739597817e-02,-6.888673724425110889e-02,-3.705535691070882542e-02,1.146138917914704680e-02,3.506558979907133805e-02,1.365318956094503933e-01,1.726358441453117454e-01,-4.006061003736486464e-02,1.506852869268951109e-02,-1.119559037610624169e-02
1.722962878633253481e-01,1.523745254975689134e-01,2.061761677407528692e-01,1.350310319403787984e-01,2.240554808671628706e-01,1.328587807041324842e-01,1.685643907309271605e-01,2.000053859123026301e-01,1.454244984242898386e-01,2.075593928971908586e-01,1.300134587208927328e-01,1.719882643175497938e-01,2.538036718950746340e-01,1.518290458502364326e-01,2.099234866661311982e-01,1.889391692983033166e-01,9.382656349129490925e-02,8.416253468820761308e-02,7.928293864437503669e-02,3.445661289247904657e-02,1.137988754925131907e-01,5.455067246178547935e-02,6.984801888313560414e-02,1.018737253446693886e-01,1.642883589250589832e-02,1.270533054225685687e-01,1.352629025143929284e-02,2.763829535303346518e-01,5.134770259847383223e-01,5.193366798902894488e-02,2.626839407314693342e-01,5.393825825695208742e-01,6.546341250476188645e-01,6.724839530021456957e-01,1.725312310653254466e-01,1.296873795665086926e-01,3.672625719806799083e-02,1.879707761527514287e-01,1.257933404674536904e-01,1.305856324929969003e-01,1.625849009943457560e-02,1.930108951154662078e-01,3.874634403334142885e-02,1.953788511164999686e-01,2.403509133876848350e-02,3.984517683963630930e-01,9.418179683374955369e-02,4.520530985332452123e-01,4.076178624812704099e-01,2.487637404879997072e-01,6.840704626919588693e-02,1.246673178011164645e-01,1.116519659050012880e-01,7.615941559557651841e-01,4.028976736330871361e-02,1.733366058709991941e-01,-1.163882816926884584e-02,4.298852886118103012e-01,9.890633301563150903e-02,4.020327058669765363e-01,4.196980515180949722e-01,2.665715415678047151e-01,6.159511761940879987e-02,1.206147188641303741e-01,7.551794049627887084e-02,8.151788474818849606e-01,-6.291980989877395299e-03,-1.460258220657062178e-01,2.325311511789609348e-02,7.814334967359176654e-02,2.101411997701304879e-01,1.436196977235411343e-01,9.962515449411016299e-02,3.017562001289799123e-01,1.110599728398629221e-01,-2.944418912197253879e-02,-1.468536514525127512e-01,6.848110644815419423e-02,8.862654980686129891e-02,1.676218110712938691e-01,1.616435747094807640e-01,5.731936188827227441e-02,7.376383870572568446e-02,-1.151454756823158676e-01
-9.070803103710139981e-02,1.035287251226039013e-01,-6.011552358878653052e-02,-5.297175604918735736e-02,-1.336266972126987865e-03,4.475389186050240942e-02,2.272646022391173332e-02,1.852469319604746478e-01,-8.928253643073071066e-02,1.713132458154754678e-01,-3.090475371937644739e-02,-9.124554839376441615e-03,4.310254353934450666e-02,8.217597552373499814e-02,6.388978650974323770e-02,1.717513482864280738e-01,1.861792344696251156e-01,1.647261637808526413e-01,1.802693395280557109e-01,-6.366800207413624013e-02,2.447037508635884206e-01,2.745756679123181332e-01,4.257895457480361801e-01,3.507397640171734388e-01,3.038151976561903611e-02,4.594579208110987079e-01,8.997391958483206414e-03,2.328478770476884174e-01,1.296589949534808772e-01,1.657386577366692648e-01,2.642909661515137620e-01,1.360543386979800040e-01,3.107960744423144406e-01,4.514072093932545160e-01,1.052692503460838647e-01,1.250927387957093961e-01,5.757076326453530735e-03,1.745705638256124861e-02,9.501779990765638062e-02,1.896823187322589643e-01,6.671112086325323154e-02,4.382092750898673034e-02,4.458135322036905213e-01,3.729415390892942134e-02,-5.120356870550107908e-02,1.484856593799258329e-01,-5.491116505862504021e-02,1.152701925757496221e-01,1.484971286839329996e-01,1.655988745442836807e-01,5.668500795047495822e-02,4.408676555030581652e-03,1.337772146543544372e-01,4.028976736330872055e-02,7.615941559557651841e-01,3.971217492235693675e-02,1.511481925809528004e-01,1.599114700910543307e-01,-3.765679613129149783e-02,8.649255524032864462e-02,2.186982658645245381e-01,3.175641493351394895e-01,5.470620454375163533e-02,-6.078951473355604512e-02,2.118902267278747475e-01,-9.532056471825816821e-03,-2.095132042650167392e-01,-8.936277190987079733e-02,2.230120535894795919e-02,6.371622631184907688e-03,4.713183915452653049e-03,1.389036257702078170e-01,-2.611104312937077149e-02,2.618382829508133364e-02,9.426581265238717644e-02,-1.761796208219396920e-01,-4.142160061219320871e-02,8.308625396592111967e-02,1.569070633069322707e-01,4.215542885145998064e-02,7.951315066909366014e-02,-2.254401821493044744e-02,1.736502907061053258e-01,-4.432385280341241685e-02
4.583463623927489655e-02,1.781898221135372025e-03,1.527952670171528193e-01,1.771892131315449259e-01,4.941756916755286194e-02,2.059182837300168462e-02,1.460356170957374019e-03,4.970141575486378832e-02,1.211006215854486534e-01,1.770519653907792201e-01,5.673450532913418276e-02,1.746958679303023954e-01,7.892439053226142642e-02,1.046007386081753004e-01,4.455980044821342134e-02,2.671318862356194049e-02,2.836823046039694263e-01,6.163421052804804456e-02,-7.256895261633689032e-02,-5.990171117014964422e-03,-8.798666617708640614e-02,3.385236198420471521e-01,1.491425557324590201e-01,7.198128787006657925e-02,8.988128531685823930e-02,4.845234357339648495e-02,-4.498668527785129601e-02,4.890893558170618383e-02,1.095595523225449952e-01,7.900959561174665524e-02,1.305955396012271619e-01,1.077806904231399382e-01,8.853224494867305283e-02,1.296888593921049215e-01,-5.041656065897267940e-04,2.434860064302374061e-01,3.086710186630900812e-02,1.634901196329941603e-02,1.975269100217241780e-02,2.542143816720512928e-01,8.774627038728899375e-02,7.542194679907675281e-02,-7.173162982477918059e-02,3.707157013535640755e-01,-1.769466676562338539e-02,5.973309685277061742e-02,-3.869582662280269397e-02,8.154097759228909337e-02,4.586764093519683783e-02,-5.534401297133483694e-02,1.388859180925647863e-01,-8.414668044153575908e-04,9.540941696470195410e-02,1.733366058709991941e-01,3.971217492235692981e-02,7.615941559557651841e-01,1.050000135981669636e-01,5.468413545364327055e-02,7.555126375332325665e-03,5.783946967220242319e-02,5.216605588580795067e-02,5.800872489158178519e-02,1.519176045211745874e-01,1.450826712703889299e-01,3.384302608841682769e-01,5.481807378552150389e-02,-5.677846365509379295e-02,-4.289026974824774324e-02,-4.083176573166122370e-02,4.554257861351851400e-02,3.664558055563494898e-01,2.643615569156575473e-01,6.402123932352399294e-02,1.481282469250937983e-01,2.680763159490361092e-02,-1.283727401298972483e-02,-5.497275153878281029e-02,9.982895370647863406e-03,5.159098518080223322e-02,3.465259169075978751e-01,2.448661955023066217e-01,-1.126900975277272086e-02,8.289680855414831295e-02,3.011835260812143963e-02
2.366411895556096712e-01,-1.941606244289099947e-02,1.916089044034519906e-01,1.593767292060707108e-01,7.755549349113395607e-02,3.243511924807001567e-01,7.645548102014788905e-02,-1.271213999047034471e-01,3.781843777182832822e-01,2.365934768765680096e-01,3.152608144962107950e-01,2.327977660375407098e-01,1.890927418018946149e-01,4.618015096320854385e-01,1.417125743221078482e-01,-1.076793018623264930e-01,1.108238286259734251e-01,2.580642014610972090e-01,-5.905751177091458914e-02,7.156604917015733924e-02,-8.929673271620089392e-02,2.193639624421707124e-01,5.847288664072751718e-01,1.696011037060072835e-01,3.736900705057958350e-01,1.832378168487895920e-01,1.248952860676512677e-01,6.364504356112084260e-02,-1.155480696320326656e-01,5.184973380110772245e-01,1.450062280104902623e-01,-3.276107176820049205e-02,2.056010581337385651e-02,8.273482588212620337e-02,-5.175111528188073434e-02,1.340186109817258220e-01,-2.642903158237226713e-02,-3.809128439451272413e-02,1.865251132312272962e-03,6.911286506972361132e-02,-2.547667368313050532e-02,-4.508166364537739140e-02,-8.841457239823694025e-02,7.948910452928537040e-02,5.131776111647929906e-01,1.105619549383219172e-02,-1.494182059961733366e-01,-6.087461538208379513e-03,-1.128966218189705883e-01,8.362326006504991471e-02,4.425663333471686889e-02,-9.893182128241143330e-04,8.056044522486585646e-02,-1.163882816926885104e-02,1.511481925809528559e-01,1.050000135981668942e-01,7.615941559557651841e-01,-5.162169627074833511e-02,-1.208586731391794178e-01,1.746277410383191748e-04,9.090554190752336925e-04,4.820269666728527747e-01,1.671464596586170470e-01,2.846817750304964090e-01,2.133383179616826220e-01,1.778631856605637470e-03,-5.188422515287042375e-02,-7.313586112163188158e-02,-1.203012146157340090e-01,1.359795808938893055e-02,1.097320625945445993e-01,-5.846038631795846818e-02,7.980803390057746027e-02,8.460273112954842800e-02,8.180900157528042671e-02,1.274037091312584247e-01,-4.831544340296529266e-02,-8.659639250452683124e-02,5.165728738889285854e-02,1.200404926740730877e-01,-7.234472371498852986e-03,-3.660342401622267150e-02,3.536222336120911081e-01,3.477910272458945018e-02
6.035440192134969989e-02,7.093850088241228369e-02,1.893734516665835504e-02,1.444220567269469957e-01,3.106501763157252238e-01,1.412152951982720284e-01,6.879417532736192831e-02,3.160408130572752716e-01,3.768241739970189241e-02,8.922674548431118458e-02,7.720389856101834633e-03,1.820000961937803252e-01,3.991925223005299284e-01,2.319074080983616060e-01,5.593012217992443524e-02,2.286236232668690249e-01,1.239771583610864425e-01,-2.535353581274363277e-02,-1.385686724971102457e-02,-4.827580603705117906e-02,2.199249216263777021e-02,1.667893961292933602e-01,1.159176087398739070e-02,5.869644804734595878e-02,-9.613308488928297424e-02,6.177768469305755517e-02,-8.834071300752624478e-02,2.397977520655704686e-01,3.914570733415892456e-01,-4.655527907918857733e-02,2.842794583248275386e-01,3.883099586662709379e-01,3.425672222212571838e-01,3.674346196233772011e-01,3.362655556884638353e-01,2.644056839729886921e-01,2.544722922186682390e-01,2.717389018431904946e-01,3.085033234962064053e-01,2.529329454903461172e-01,2.638102827792372929e-01,3.041538550314718536e-01,1.233448400855154253e-01,6.336440263815835972e-02,-1.376928588105865436e-01,8.556194584911556156e-01,1.633578315631982469e-01,5.247556456212312259e-01,5.853087818283670973e-01,2.164325614166250633e-01,2.583208031772523672e-01,7.024621527427687973e-02,9.401050045357503548e-02,4.298852886118103012e-01,1.599114700910543585e-01,5.468413545364327055e-02,-5.162169627074834205e-02,7.615941559557651841e-01,1.821307023801642389e-01,5.324744424782595908e-01,6.446269912771218635e-01,2.595382798487448905e-01,2.598902972254824584e-01,-8.617807950692300822e-02,5.386875549867646551e-02,3.539407965617433205e-01,-6.351534700669275724e-02,-2.008213771457595387e-01,-4.998972924528985451e-02,-1.182912676477844982e-01,5.502835413274562160e-02,2.950093311672415120e-02,-3.173098020245281731e-02,8.640472226295853320e-02,1.992710600986838942e-01,-4.376559500943420777e-02,-1.921801469706854726e-01,-1.177705791792738217e-02,-2.687049694237099440e-02,9.003608183309015633e-02,1.104696675838782310e-01,-3.698989129119834018e-02,1.292295489676534570e-01,-1.605344262048848392e-01
2.807015626618809545e-01,2.448565535801004375e-02,1.314423484547080079e-01,2.871320319692308720e-01,-1.828641368654073396e-01,7.180729593252002663e-02,-9.035021956611258287e-02,-1.994593829006157115e-01,2.412663079724357840e-01,-3.292294366817441476e-02,5.798455592662889180e-02,3.206931374438698468e-01,-2.382091122964430097e-01,1.210028407997484901e-01,-1.669185473246373452e-01,-1.967182213012450276e-01,6.420090431524244634e-02,9.188273164981945740e-02,-1.142230351263804344e-01,9.520677270908251000e-02,1.786220497219011272e-02,-1.292695249768922514e-02,-3.215663627738817032e-02,-1.950499815520473357e-01,-1.295326242136422140e-02,-1.422423955365603732e-01,-1.947071255999159867e-01,-2.232796640652389142e-01,-1.237427671720784696e-02,-2.719706181267891876e-01,-1.812379582620275431e-01,-6.387416193239030260e-02,2.112355712755850934e-01,1.042178928195752891e-01,6.572766436346137997e-01,3.564738849455424963e-01,4.422100478716861627e-01,7.276458514094620300e-01,7.001409505265151489e-01,3.203475342069090348e-01,3.847500907038604034e-01,7.651385153342609158e-01,1.433764974803218052e-02,1.132812397603639165e-01,-7.792141375077374366e-03,2.138806745497668360e-01,8.951968840933270943e-01,1.823575477172733883e-01,9.652421778640070393e-02,1.249459273985312202e-02,1.095753859757540721e-01,1.886807869048373887e-01,1.111281241107178186e-01,9.890633301563157842e-02,-3.765679613129151171e-02,7.555126375332340410e-03,-1.208586731391794178e-01,1.821307023801642389e-01,7.615941559557651841e-01,2.864447945846028687e-01,1.619026544731032857e-01,-1.176505483999339963e-01,1.486637098796960155e-01,1.365369449440880234e-01,5.106922262061944218e-02,3.440636715901199821e-02,-1.423753995342663115e-01,-2.782476789178642274e-01,-2.954972343104262378e-01,-1.103879924216737557e-01,1.832299256497426643e-01,1.018356371604778737e-01,-1.000357189415225223e-01,8.461045041802807420e-02,-1.078831195380247979e-02,-1.447758958775274274e-01,-2.602663559170392271e-01,-3.466446645347203148e-01,-9.032825224514613727e-02,9.886583383239176681e-02,-2.314281007643586782e-02,-1.735083681696332203e-01,-2.914641463588987444e-02,-2.031923241303584815e-02
6.785134862236959219e-02,8.992210608729708787e-02,1.316411727928036290e-01,1.277410249432641143e-01,-4.322128730535843011e-02,-4.476397664432393841e-02,-2.107757168027576955e-02,1.273550338487945514e-02,2.362468833426839554e-02,1.060819641296394944e-01,6.866706731111982265e-02,1.806920138002959808e-01,-3.664834064459645581e-03,2.016487622667580137e-02,-1.000692001055184660e-01,-9.808141408057714783e-02,2.166269281040420491e-01,1.267022265696372829e-01,-1.213967195818577149e-01,6.967815770958131483e-02,3.282484359255665590e-02,2.692129560620617479e-01,1.059533701325895971e-01,-7.707715203271904569e-02,2.702318027672776998e-02,-1.646300566589824904e-02,-1.789045059245141789e-01,1.894655337113299032e-01,2.876032526472013795e-01,-1.341923313876113300e-01,2.631878639443681611e-01,3.902901661411450340e-01,3.806392665919636209e-01,4.128416710513115873e-01,3.750569290669263367e-01,3.307984406475713013e-01,3.806890529488917152e-01,3.345118192488201747e-01,3.524471643405393539e-01,2.999522360752479577e-01,3.433794986804719063e-01,3.518574304481690285e-01,1.290326430284176595e-01,1.044599836614232696e-01,4.066572978217542302e-04,4.443311870831737620e-01,2.626703616797376739e-01,8.342672841038640819e-01,6.193597725906008211e-01,8.280597346869383868e-02,2.244721932944532816e-01,1.983669633899337037e-01,1.361741860738550636e-01,4.020327058669765363e-01,8.649255524032863074e-02,5.783946967220243707e-02,1.746277410383106909e-04,5.324744424782597019e-01,2.864447945846027577e-01,7.615941559557651841e-01,7.792057446394491382e-01,9.580838881656611461e-02,2.857646154763115454e-01,1.261376170624194382e-01,1.940750557530193099e-01,3.218096512908745210e-01,-2.017726360402402053e-01,-2.626791702607745860e-01,-1.300469443252669222e-01,-2.220712642494701017e-01,1.591861862805115102e-01,1.034809063232966508e-01,-4.076840872402863469e-02,-2.012471975154993611e-02,9.828245857707344768e-02,-1.955601239822178095e-01,-2.382409223420883793e-01,-7.508860813391632361e-02,-1.218176763270331781e-01,1.826594251167336369e-01,1.784847705083263125e-01,-9.210552617470982306e-02,9.747064283923162487e-02,-9.828245122506598652e-02
-9.651825333654891204e-03,7.271069482232131453e-02,6.316619605517788394e-02,1.090507180201130133e-01,1.085292720561650548e-01,-8.451793520848112362e-02,2.489200516215990533e-02,2.005949780173538199e-01,-4.564218500935612877e-02,9.997328773111475997e-02,3.861795852509711940e-02,1.679699333172925690e-01,1.508449562764974383e-01,5.972401519210119789e-03,-2.201639582061029610e-02,3.317434155842471921e-02,1.907297372025901494e-01,6.754865973134764612e-02,-4.125891712266696598e-03,-1.548360620153009688e-02,6.439783497611056839e-02,2.509735285609385191e-01,1.085834391555924455e-01,2.034734189441723684e-01,-5.308388491842634671e-02,1.339502036810245877e-01,-1.545478520137284761e-01,2.631389060217504405e-01,3.187291192919499139e-01,-4.560702052029633885e-02,3.539426311523861668e-01,4.129053645939570472e-01,3.702320967737556812e-01,4.227008590481385331e-01,2.835540892087182741e-01,2.653732466233348353e-01,2.943631112424930363e-01,2.418197349241914818e-01,2.634225786451699358e-01,2.552254919717631410e-01,2.411961777897172754e-01,2.453207272582864640e-01,1.222659662246266266e-01,6.956248168532780385e-02,-6.849178397823280084e-02,5.560717315975324260e-01,1.438330098498851461e-01,6.894617225373328440e-01,7.786694171489351168e-01,1.814245763839508474e-01,1.732479446604879292e-01,1.063165829665728979e-01,7.621982492006448839e-02,4.196980515180949722e-01,2.186982658645245103e-01,5.216605588580795067e-02,9.090554190752309820e-04,6.446269912771218635e-01,1.619026544731032857e-01,7.792057446394491382e-01,7.615941559557651841e-01,3.211382210178892471e-01,2.374554932322646972e-01,2.661629675126308756e-02,9.609251038616711815e-02,3.154321548352114757e-01,-2.054819063356532471e-01,-1.582061802641950288e-01,-1.741675296234777154e-02,-1.597149071431177847e-01,1.892987618637870795e-01,1.210121162418768409e-01,-3.758713546162597424e-02,7.170403664159774593e-02,1.228381859492340133e-01,-1.583667728538329100e-01,-1.422359796420387679e-01,8.446831744360028260e-02,-3.884810998890304151e-02,1.771717137814437792e-01,1.533068460754668516e-01,-6.748709736123370551e-02,1.514475662958510715e-01,-1.099844567874057044e-01
8.766798047981470832e-02,1.527549122369340762e-01,2.338994458627808026e-01,4.302372930072369955e-02,3.004081139274268342e-01,1.334518372222281979e-01,3.532531022566443024e-01,4.369198572785915058e-01,1.930066408435347769e-01,3.968083949129172505e-01,3.693651584527402609e-01,1.577623932834754938e-01,4.144800188707687960e-01,2.644956477835095909e-01,4.374517550395186638e-01,3.286323357537533352e-01,2.911129594706186180e-02,1.470710765655521279e-01,1.442717970657053650e-01,8.375959957495994479e-02,1.258132878752209749e-01,1.704074114066490564e-01,4.530714724712984753e-01,5.126980226692975373e-01,3.206470091784577869e-01,5.101878313828112077e-01,9.023374421689463187e-02,1.853147044853541425e-01,2.001761185131356313e-01,5.663252342019666763e-01,3.280558378189298296e-01,2.746738930592628747e-01,2.265100780729126795e-01,2.851119705845686636e-01,-1.171391308108291063e-02,-5.313436276058929562e-03,-9.680162945951324704e-02,-3.921232816871081384e-02,1.829892983663411118e-02,-2.652098673649236696e-02,-7.801881055261340736e-02,-3.239781998382507827e-02,-2.501707203895937523e-02,1.691562287042559093e-02,1.191102341873642861e-01,2.354752478966570250e-01,-1.375083773525767883e-01,2.542935707616623617e-02,1.225477783704587154e-01,4.536411369729653198e-01,-7.726939471175189866e-02,8.338448930870941134e-02,8.008993120985546943e-02,2.665715415678047151e-01,3.175641493351394895e-01,5.800872489158177131e-02,4.820269666728526636e-01,2.595382798487448905e-01,-1.176505483999339963e-01,9.580838881656611461e-02,3.211382210178892471e-01,7.615941559557651841e-01,7.493988866205844590e-02,1.123246539573101027e-01,1.270500514262534741e-01,2.206946607850857611e-01,-1.229089357244048109e-01,1.117886978807430959e-01,4.881160500562917171e-02,8.580679731596765891e-02,1.008809679997259637e-02,-8.726320760949622668e-02,8.674927731431196498e-02,1.572839345169121938e-01,9.880053413001252394e-02,6.088256090515074825e-02,1.132440063985117873e-01,1.437066226649636180e-01,1.306195346792320411e-01,7.608721844111347721e-02,-4.877131695018530055e-02,8.161512936045320354e-02,4.001067274959815290e-01,-7.148925678153343621e-02
-7.614446539907095135e-02,1.323082580768478525e-02,-7.821707589552416573e-02,5.834631470170646705e-02,-8.310173140354355434e-03,-7.752326850325045975e-03,-1.483132203528522985e-01,-2.013239261347768514e-03,-1.320333009904645603e-02,-1.007483615352051422e-02,-7.655602549702174298e-02,2.134340442548423589e-01,1.002257944126854761e-01,1.404482364541976003e-01,-1.863968681506235625e-01,-1.040019889628126804e-01,4.415168180221940020e-01,8.251689109301428571e-02,-1.233018270628456203e-01,-7.516344155210064049e-02,-7.739619736351698032e-02,5.614062360574824107e-01,2.255367108722563796e-01,5.343405208066949463e-02,-4.256405632330627353e-02,-2.783352501355677508e-02,-7.155428926309018167e-02,2.317768367079667546e-01,3.834956789730083887e-02,2.941276998670265194e-02,4.089554658124883169e-01,1.725501099580738218e-02,1.385509445667726103e-01,9.656777956335541035e-02,2.644045289054414716e-01,4.557616046585851732e-01,4.206404946216951712e-01,2.674022141709879175e-01,3.101858353230467213e-01,4.132082145487723235e-01,4.054750105364482993e-01,3.121706298874776242e-01,2.273313315951682595e-02,2.164849477369050201e-01,2.219692597577590729e-02,2.506667971237033776e-01,6.904861845373780338e-02,1.622076044314225696e-01,1.411458315645697792e-01,-8.370330164605865875e-02,8.206022227124029067e-01,1.182078831308878697e-01,1.010843172184691247e-01,6.159511761940879987e-02,5.470620454375163533e-02,1.519176045211746151e-01,1.671464596586170470e-01,2.598902972254824584e-01,1.486637098796960155e-01,2.857646154763114899e-01,2.374554932322647527e-01,7.493988866205852917e-02,7.615941559557651841e-01,5.389822039895417194e-02,2.058505665701919618e-01,-1.147408942850120794e-01,-1.920636950345203375e-01,-1.837235248347990901e-01,-2.090026076360075591e-01,-1.287208532554514617e-01,1.377439685793030444e-01,7.611061832120062653e-02,-2.511923215462050565e-02,3.395009618173856075e-02,1.048489231378578190e-01,-5.756236120231671138e-02,-1.934916588595024523e-01,-1.587797941481199071e-01,-1.256642529960871058e-01,8.972005826230561309e-02,5.115780786894857241e-02,-7.437595291020275556e-02,1.995236296401484699e-01,-2.633072260552309779e-02
3.192865610459374448e-01,2.473762755460147400e-01,4.198837269386440085e-01,2.107518699795742356e-01,-2.396552507403744425e-02,1.251613195679922297e-01,2.465000457534388678e-01,-1.716292902397290598e-01,3.240266926441199846e-01,2.952526269881851628e-01,4.453581690771238333e-01,2.805758072653196100e-01,-7.343658017602137933e-02,1.201956796671869304e-01,2.001315549610041544e-01,-1.549205203021818411e-01,8.507458028062236943e-02,2.298300466265273956e-01,-1.396057248985605737e-01,1.293849776691488873e-01,-1.468876085264794046e-02,1.430826015811159091e-01,2.601781360731909576e-01,-1.392740861380999673e-01,2.691085417842165040e-01,-3.765318506477642602e-02,3.147314035672218319e-02,-1.664999854846889171e-01,-3.719502878750542696e-02,1.106026534846209219e-01,-1.608108795922599255e-01,-4.332108585518616023e-02,1.800801151974360526e-01,1.646305025900041685e-01,8.960102479235045048e-02,1.557540135547820226e-01,1.466884025296203431e-01,1.368852368282112986e-01,1.208567497940004482e-01,2.007757032168764055e-01,1.708044448057631504e-01,1.546568062239026264e-01,-5.273068649251339696e-02,2.186030852610587605e-01,2.459369889783025454e-01,2.688007528533095311e-02,1.184267378095545525e-01,5.654495939333744475e-02,-7.350551514791479890e-02,6.567281087666737571e-02,-4.156110748082809947e-02,5.227502067745695147e-01,1.153090963001153491e-01,1.206147188641303741e-01,-6.078951473355603125e-02,1.450826712703889299e-01,2.846817750304963535e-01,-8.617807950692304986e-02,1.365369449440879956e-01,1.261376170624194104e-01,2.661629675126309449e-02,1.123246539573100750e-01,5.389822039895417194e-02,7.615941559557651841e-01,1.421871317241986954e-01,7.852326051769940862e-02,-1.535029565491794479e-01,2.949556734505818720e-02,2.756073202831175670e-02,2.558877489231697888e-02,1.781971927882791129e-01,9.019898685278863321e-03,1.573570841339330950e-01,1.550378184560540218e-01,1.112865080371991666e-01,-5.601664596660446693e-02,4.004958796161403600e-02,-8.477632938693475950e-03,1.688671787658302392e-02,1.799711972541699345e-01,-4.774922975415955492e-03,1.382333213508071534e-01,1.631792432377905111e-01,1.003697030714688077e-01
1.000097484498802536e-01,1.136562565752347563e-02,1.320994398031060113e-01,4.954302854353923036e-02,-3.844710066909451385e-02,4.101740728857491275e-02,-8.766384479983983444e-03,1.560166186575836188e-02,1.767210619987238107e-01,2.261211833306971120e-01,1.143461967588453726e-01,1.185110158442273659e-01,-1.150616507587883496e-02,1.786298659346919060e-01,3.151949308524014393e-02,-2.365398021669672113e-02,2.177784049624326979e-01,2.207329174403967198e-01,-5.859956367043972492e-02,5.709988198294570910e-03,3.300595139203551381e-02,2.805659641933326287e-01,3.477452341548476489e-01,-3.808929987114310217e-02,1.057281264912596774e-01,5.755116839733952216e-02,-1.412078856596447329e-01,2.997237102529949973e-02,5.396945874114916948e-04,2.167390491311545556e-02,7.582434381820572777e-02,8.419104526875076377e-02,1.996639119615368774e-01,2.390235603902453043e-01,1.515241088594894703e-01,2.581418099280750611e-01,1.808648603936821031e-01,1.321857014909499362e-01,1.289229872219295747e-01,3.279723524766556819e-01,2.454447752826728613e-01,1.460107694132730394e-01,1.472392129578499465e-01,1.223235110771093287e-01,4.057703127200975451e-02,8.565941927629493191e-02,4.487756278844834412e-02,2.242483584463755841e-01,7.737196035980620223e-02,1.165585546490969897e-02,1.985327545344101330e-01,7.816988381306565203e-02,1.086959663496114836e-01,7.551794049627887084e-02,2.118902267278747475e-01,3.384302608841683879e-01,2.133383179616826220e-01,5.386875549867649327e-02,5.106922262061945605e-02,1.940750557530193099e-01,9.609251038616711815e-02,1.270500514262534741e-01,2.058505665701919618e-01,1.421871317241986399e-01,7.615941559557651841e-01,-6.099449694189280208e-02,-1.949447507984462813e-01,-9.230806233514857184e-02,-1.192256706996613763e-01,-1.308731556333184165e-02,1.854067960148231831e-01,1.653308456671718218e-01,-1.506619064162709925e-03,9.397773646935564384e-02,4.290523404388105894e-02,-9.376926060130516549e-02,-8.439633820798606023e-02,-7.635904486350142406e-02,7.189049884746036290e-02,2.110509536228137029e-01,1.841696925858778700e-01,-3.127794619262965620e-02,1.561929917780308652e-01,-7.844910442987372556e-03
1.566124040251999083e-01,6.331519012573139094e-02,1.807684407173418828e-01,1.028891080161952604e-01,2.329647182956843254e-01,1.173238984210515506e-01,2.169841013617500314e-01,2.304976491281839346e-01,1.386193478454608441e-01,1.510340902538165608e-01,1.177337864825993563e-01,8.775193172400974628e-02,2.509856270607105921e-01,1.220780087024477267e-01,2.197670513282861393e-01,2.240190056887871040e-01,-7.944412322642639690e-03,7.725308199985794766e-02,4.971956170522834340e-02,6.577880518926496056e-02,9.505317466302737328e-02,-7.161865905724640324e-02,7.354292955510383610e-03,6.933866190216225744e-02,6.405343927514194069e-02,1.571434587803136051e-01,1.670514963522761603e-02,1.652495188775696955e-01,4.213468178216214222e-01,3.116438470321799062e-02,1.772001778661165816e-01,5.297439605567805243e-01,5.161107544634400135e-01,5.894112837960707729e-01,5.670461552013420642e-02,-2.814769195781287661e-02,-6.508683007431170786e-02,6.824535591807610879e-02,-1.871957028040095034e-03,-5.652532289522198966e-02,-1.298680362350057016e-01,3.054965091277643541e-02,3.498239645265953379e-02,5.882276264753801692e-02,4.307151294336322711e-02,2.794388447122029828e-01,5.647006060979849890e-02,3.132527432675081824e-01,2.878857858185061569e-01,2.491046337324357152e-01,-1.197385838776145323e-01,1.598447892353896116e-01,2.142166547206349192e-02,8.151788474818849606e-01,-9.532056471825804678e-03,5.481807378552149002e-02,1.778631856605645710e-03,3.539407965617433760e-01,3.440636715901201903e-02,3.218096512908745210e-01,3.154321548352115312e-01,2.206946607850857334e-01,-1.147408942850120517e-01,7.852326051769940862e-02,-6.099449694189280208e-02,7.615941559557651841e-01,1.977133828640640842e-02,-8.546862561282317361e-02,1.645668521766585277e-02,5.687593937929326382e-02,1.680390016193612224e-01,5.633744336425250410e-02,6.543109461999338516e-02,2.985828803995980718e-01,7.209631474442924903e-02,-1.478016710580754012e-02,-1.113151701472165911e-01,1.186013983212902273e-01,1.436233279173922961e-01,1.327467212846936417e-01,7.183786260231554699e-02,4.714944769724827012e-02,4.210430272989904021e-02,-2.644942057160571541e-02
1.994860816176654283e-01,-1.335657426525037050e-01,4.835939385419743552e-02,5.005598824837267924e-02,1.245508050871872996e-01,1.952302628283912045e-01,1.645641056100961563e-01,4.886826226443084092e-02,1.145924169877151066e-01,-1.842937436494758996e-01,-3.220854659556518507e-02,-4.444657304730596781e-02,1.037030548591683435e-02,9.394531736655037379e-02,1.455618174116984909e-01,8.501629301153970641e-02,-2.068072673483328794e-01,-1.065412234554925369e-01,-3.910313232781668230e-02,-7.444213074554664744e-02,-7.145652280346165286e-02,-3.239039132569669355e-01,-2.313053185849213156e-01,-1.757334483672003400e-01,-1.872707656719549141e-01,-1.269476423540677745e-01,2.777639421712721490e-02,-1.531435740783883004e-01,-5.317162548148751666e-02,-8.096808977235735172e-02,-2.266334494757760443e-01,-1.119016877806171817e-01,-1.301667634304842502e-01,-1.713453113509967873e-01,-1.423223321321511747e-01,-1.503764217713647600e-01,-2.105060117788896679e-01,-1.108535974531758977e-01,-9.496500717977068851e-02,-2.436209998297806933e-01,-2.618123360806704492e-01,-1.472204066739149220e-01,-9.329473359603149274e-02,-6.081499314474747564e-02,6.532829915913319907e-02,-5.864705154397696629e-02,-1.383685261514386033e-01,-2.044457589657139029e-01,-1.877250027372862617e-01,4.694743631856523186e-02,-1.808132900939128929e-01,-3.736774948692445086e-02,-5.622637225353756263e-02,-6.291980989877404840e-03,-2.095132042650166559e-01,-5.677846365509378601e-02,-5.188422515287042375e-02,-6.351534700669275724e-02,-1.423753995342662282e-01,-2.017726360402401498e-01,-2.054819063356532194e-01,-1.229089357244049635e-01,-1.920636950345203375e-01,-1.535029565491794479e-01,-1.949447507984463090e-01,1.977133828640638066e-02,7.615941559557651841e-01,2.932451981384445183e-01,1.154924128595900268e-01,1.759849180583755446e-01,2.947698273285577833e-02,-1.584548471422055349e-01,-3.515163475137722212e-04,1.581093663962022111e-01,1.157341571872369107e-01,6.310979220524157718e-01,1.852730600853367271e-01,5.850320034550842568e-02,1.253149036433419683e-01,-3.692296464041639609e-02,-7.516926504088621008e-02,4.748341151819512190e-02,2.376353250475216061e-02,1.757475339901106715e-01
-7.573527278740763147e-02,1.340190441655168541e-01,1.111593106896516664e-01,-7.454404271106906954e-02,1.254778404558249197e-02,-5.322043378092072147e-02,2.050563462633802070e-01,1.755533913884285147e-01,-1.098565219188188807e-01,9.532059312877333435e-02,9.820632650369504058e-02,-8.597033586400081029e-02,-7.638578088284215910e-03,-8.490966178485219451e-02,1.663734860228641421e-01,1.510329471463149054e-01,-2.168074190218117758e-01,-1.545867781272748931e-01,1.178673402780787693e-01,-2.674315784591420938e-03,9.021072963979348547e-02,-2.291875507464053996e-01,-1.926617601585351724e-01,1.045366690374032737e-01,3.105375861873705540e-02,1.337564624599434093e-01,1.796952623898327162e-01,-9.694711912776020346e-02,-5.201047870013380398e-02,2.180175716703805500e-01,-1.280558510560665386e-01,-8.557963708511490131e-02,-1.615664109088882083e-01,-1.504677144806718103e-01,-2.890654524747593990e-01,-2.687521060344011392e-01,-2.663999214687249317e-01,-2.659622437545837159e-01,-2.622692697075032497e-01,-2.830202802085696190e-01,-2.811881908337519609e-01,-2.750182141271911296e-01,-1.486702691723246483e-01,-6.986286431615156001e-02,-3.980505155907810427e-02,-1.696828993228415849e-01,-2.859193585859506892e-01,-2.612982412736071236e-01,-1.909138699186790356e-01,1.517508589100431959e-01,-2.049921145496626240e-01,-2.806533495092444416e-03,-1.030213742682077466e-01,-1.460258220657062178e-01,-8.936277190987075569e-02,-4.289026974824772936e-02,-7.313586112163189545e-02,-2.008213771457595387e-01,-2.782476789178642274e-01,-2.626791702607745860e-01,-1.582061802641950010e-01,1.117886978807431236e-01,-1.837235248347990346e-01,2.949556734505821842e-02,-9.230806233514858572e-02,-8.546862561282318749e-02,2.932451981384446293e-01,7.615941559557651841e-01,5.860846131671089143e-01,3.568075448945030037e-01,-5.696377891592322579e-02,-1.081362061530810603e-01,5.116886791245707222e-01,2.769708417182351057e-01,1.167708927658123036e-01,2.222592360448575888e-01,7.425844452829215570e-01,4.857184084618537678e-01,1.511563075671348011e-01,-8.228919334332390756e-02,-1.278995742489164866e-01,4.989615344507953854e-01,1.671637018489607052e-01,1.500350477305987529e-01
-5.665308234594560594e-02,1.283883936698008155e-01,1.012117273287142932e-01,-2.872738520906005510e-02,8.932688945426754679e-02,-4.198206710927234082e-03,1.680303585282290346e-01,1.533918164937642103e-01,-1.232682233484403977e-01,7.612606698851678844e-02,8.377362680503536163e-02,-2.042301760793373885e-03,-8.160434708379897539e-03,-7.033587455775287822e-02,1.303120036144668481e-01,1.803477084469029823e-01,-1.213198316554639500e-01,-8.168594308878451837e-03,1.317312177368522574e-01,-4.882892749363150486e-02,1.260395801265146720e-01,-1.103607658050934220e-01,-1.178125164759785126e-01,7.593543611557050654e-02,-4.750571030443782872e-02,1.095961501009726918e-01,1.238957934239791475e-01,4.324922334836728277e-02,6.169644743066266673e-02,3.974120195500868008e-02,-1.134220869128491072e-01,8.524947126256954277e-03,2.193459252611015126e-02,3.661344781356005995e-02,-2.168613067260248828e-01,-1.236792304845569235e-01,-1.719728664854902334e-01,-1.804207443433737401e-01,-2.150224585730432236e-01,-1.129603514784412593e-01,-1.806389981160088920e-01,-1.888459209716421006e-01,3.636446678734522875e-02,-6.428423662831356244e-02,-3.227580169239420080e-03,-2.454305436592581213e-02,-2.974647474809988812e-01,-5.516781128079122770e-02,6.548978200741648048e-02,1.922485637742541442e-01,-1.353965207860286513e-01,1.486689962112108521e-01,7.769851980040111059e-03,2.325311511789611429e-02,2.230120535894798348e-02,-4.083176573166124451e-02,-1.203012146157339951e-01,-4.998972924528988226e-02,-2.954972343104262378e-01,-1.300469443252669499e-01,-1.741675296234775072e-02,4.881160500562919946e-02,-2.090026076360075591e-01,2.756073202831173588e-02,-1.192256706996613347e-01,1.645668521766584236e-02,1.154924128595900545e-01,5.860846131671089143e-01,7.615941559557651841e-01,2.872989391306807749e-01,2.654858269470664490e-03,1.693604609542989289e-02,2.986946016552438632e-01,3.661771416724253214e-01,1.544131296509375639e-01,6.752860542431730027e-03,5.291647809372618250e-01,8.136243340140592029e-01,2.265508222520214998e-01,-7.450949344687919640e-02,9.878385283988785556e-03,3.890685791781381409e-01,1.007956714337986670e-01,1.047929463678232698e-01
2.431018142915855260e-02,5.832469702063125538e-02,8.524068359399518402e-02,3.936625600248616630e-02,1.218977623795381160e-01,4.300754198758589136e-02,1.572879160397546439e-01,2.152153559596451105e-01,-5.746311760362104483e-03,6.638337990385206888e-02,9.858906544653477447e-03,1.553171488819095510e-02,1.063429145266661657e-01,2.790254886230924408e-02,1.847607289601174985e-01,2.463096645337709834e-01,2.942575664888346515e-02,3.929179197189158756e-02,5.819623677088267555e-02,3.438082881588404131e-03,9.963343122525185336e-02,1.755210541132605495e-02,4.371433849704486896e-02,3.921936392289075007e-02,8.631037921539233201e-03,6.846176079637916745e-02,1.166052140756033834e-01,-7.290211546140845655e-03,5.185696740472022642e-02,1.041428183973694410e-01,-5.025335630691373651e-02,3.271735989807548345e-02,2.807461383182849671e-02,2.958939787991602191e-02,-1.435860319862400369e-01,-4.192281394566353681e-02,-1.373527745460962624e-01,-1.250572995365387685e-01,-1.257741887164288141e-01,-6.091127113974467711e-02,-1.460030953911780893e-01,-1.446968909794062175e-01,-1.942142198979139242e-02,9.245500415215802958e-02,2.277640467323850237e-03,-1.229387146599113384e-01,-1.257900399696681992e-01,-2.367291387247270340e-01,-1.719666865248143106e-01,5.585749263265414599e-02,-1.516113387269250601e-01,2.003037639518157748e-02,-6.646145457803862011e-02,7.814334967359179429e-02,6.371622631184892943e-03,4.554257861351851400e-02,1.359795808938893749e-02,-1.182912676477845537e-01,-1.103879924216737418e-01,-2.220712642494701017e-01,-1.597149071431177847e-01,8.580679731596765891e-02,-1.287208532554514062e-01,2.558877489231696500e-02,-1.308731556333181043e-02,5.687593937929326382e-02,1.759849180583755168e-01,3.568075448945030037e-01,2.872989391306807749e-01,7.615941559557651841e-01,4.002289144258155268e-02,8.665542794187326703e-02,2.263411074567412695e-01,2.844371377132687839e-01,1.114746266977923311e-01,1.012686979674359139e-01,3.300202346150742372e-01,2.452663450672303291e-01,3.376569962114593371e-01,-9.248850426232241642e-03,4.074687103711876340e-02,2.511644884429680702e-01,1.337870886602844089e-01,1.398934351226561734e-01
3.266271581081807707e-01,2.689194540563661917e-01,3.829219257159821033e-01,4.073286016267129717e-01,1.163671489078250132e-01,9.439226688521829001e-02,1.821960071858660657e-01,2.624961763423123984e-02,3.033832866808857665e-01,2.421620192202320054e-01,3.314336399154591550e-01,4.389865704111772793e-01,4.414751855792644480e-02,6.840834616199945040e-02,1.054574450513964118e-01,5.155623457305113372e-02,2.666380486071099898e-01,1.960210000731655300e-01,6.648833029560914654e-02,2.195408988410476325e-01,1.636056006649478367e-01,2.382412300553585494e-01,1.820901829498736690e-01,4.757406207856561958e-02,1.679563986023818734e-01,7.688050431496967763e-02,3.901310690236421685e-02,6.560783271842673958e-03,2.059622838555486557e-01,1.427322159433479752e-02,3.948744893681921560e-03,2.296683894738519305e-01,2.998529396016391124e-01,2.747017825565307714e-01,1.458371181011969275e-01,3.340486601030883684e-01,1.589252311489674774e-01,2.455915990204128041e-01,1.303140951411602411e-01,2.959556462934692100e-01,1.595578078537934485e-01,2.316060591584943595e-01,6.937243822909354429e-02,4.434977728610153269e-01,1.921214294771167452e-01,1.293376589347295935e-01,1.806383555195021640e-01,1.602506190141015641e-01,2.001122562379354930e-01,1.642738208012139156e-01,1.428176607982720725e-01,6.308322148495440485e-02,1.509707364691031950e-01,2.101411997701305712e-01,4.713183915452658253e-03,3.664558055563494898e-01,1.097320625945446410e-01,5.502835413274560772e-02,1.832299256497426643e-01,1.591861862805114547e-01,1.892987618637870517e-01,1.008809679997270219e-02,1.377439685793030444e-01,1.781971927882791129e-01,1.854067960148231275e-01,1.680390016193612224e-01,2.947698273285579221e-02,-5.696377891592323967e-02,2.654858269470682271e-03,4.002289144258151798e-02,7.615941559557651841e-01,4.316238400787087981e-01,4.474275103748269478e-02,1.894595065928537103e-01,1.433482867380249937e-01,-5.840536844129731731e-02,-3.311660140741567310e-02,-3.411216908873688364e-02,-3.004275650071797435e-03,8.002442405165985928e-01,3.880165032322391294e-01,3.699015344388056903e-02,9.841909061901504829e-02,9.197440857565150618e-02
-2.808194890042547964e-02,-1.657840317252022230e-02,4.767051659526216206e-02,1.377603705096555886e-01,-8.856829574886877776e-02,-8.832663836154334980e-02,-6.286514280643012986e-02,-5.921799974478587220e-02,-1.477685775458183713e-02,5.259067282414696398e-02,-3.402454941288125204e-03,1.874305732883075892e-01,-1.111587752344552898e-01,-6.819580641591534154e-02,-1.267073247642577227e-01,-6.282345569377989491e-02,2.130096972039740300e-01,8.867503459378298092e-02,-2.448331358424827436e-02,8.725309646423545784e-02,4.526329933169399161e-02,2.213435846974182164e-01,1.165017812503481576e-01,5.633923714061631755e-02,6.296781614150032125e-02,7.943377948560113866e-02,-1.542352328254169569e-01,1.605871535233962741e-02,1.161619170948384461e-01,-8.498330370501315512e-02,-4.923706637931047313e-03,1.223082649987092541e-01,2.389284230299965062e-01,2.527468018007906769e-01,1.293445602351007140e-01,2.734176451978735378e-01,1.535604950362803034e-01,1.705266961186671648e-01,8.978710582580803901e-02,3.133054762024343187e-01,1.816418367865051120e-01,1.318181704254925701e-01,6.770145734988000652e-02,2.689180991483512972e-01,-5.482245521048231124e-02,3.435122114404112054e-02,1.036138972874058595e-01,1.341606574081842251e-01,1.307438393352730877e-01,-8.013452989844251084e-02,9.536556985945225662e-02,5.606380709148398728e-02,1.408732049549068222e-01,1.436196977235411343e-01,1.389036257702077892e-01,2.643615569156575473e-01,-5.846038631795846818e-02,2.950093311672414426e-02,1.018356371604778460e-01,1.034809063232966647e-01,1.210121162418768409e-01,-8.726320760949628219e-02,7.611061832120064041e-02,9.019898685278849443e-03,1.653308456671717663e-01,5.633744336425251797e-02,-1.584548471422055904e-01,-1.081362061530810187e-01,1.693604609542989983e-02,8.665542794187328091e-02,4.316238400787087981e-01,7.615941559557651841e-01,-5.078454526310455935e-02,7.501495388940219999e-02,1.412912865314977853e-02,-1.511217806367142757e-01,-8.527916140632925412e-02,3.550308133221334594e-02,1.728387056699810451e-02,3.777278425856387956e-01,6.291698577612273580e-01,-5.392659908987033207e-02,3.984288181744723156e-02,6.123764504524854824e-02
8.295196721228292880e-02,2.705838436470769381e-01,3.098067615154087573e-01,3.465836007919527451e-02,1.012673204390462239e-01,9.437811879948837523e-02,3.634189203131998891e-01,1.897694463622401073e-01,1.464028532810732752e-01,2.576305803259900107e-01,2.746098782506963820e-01,6.124457093995906709e-02,1.597980982522005933e-01,1.321493567252379486e-01,3.357651093615088289e-01,1.821665034161422947e-01,3.109506766615202904e-03,-1.006345929625005083e-02,-4.154790650227572352e-02,4.217225017509527996e-02,-1.901339857459826387e-03,8.297924766564185317e-03,5.212362424410991318e-02,-1.022024592817075313e-02,4.033229455128147650e-02,4.590312901130441658e-02,9.205611825574978868e-02,-2.312768295235205496e-02,1.242373946235856425e-01,1.764319233412599830e-01,-1.382470992745563759e-02,9.333522474962790971e-02,1.077035314669219646e-01,1.604176682521024078e-01,-5.823208425564923435e-02,7.446000399136580919e-03,-1.713059738059084791e-02,-3.743173726242515070e-02,-5.818414398653388303e-02,5.761172554659153844e-03,-2.340018574045094404e-02,-3.390634821688880834e-02,-8.962464453469989878e-02,-4.534969814519215769e-02,-3.584137020119321226e-02,-3.648956636228144895e-02,-8.323632378884344984e-02,-1.818691511734998184e-02,-8.427107603215182319e-02,7.369986593730976088e-02,-5.080623080106319578e-02,1.065517321612148849e-01,-3.561165580926151097e-02,9.962515449411012136e-02,-2.611104312937075761e-02,6.402123932352400681e-02,7.980803390057746027e-02,-3.173098020245283812e-02,-1.000357189415224807e-01,-4.076840872402863469e-02,-3.758713546162593261e-02,8.674927731431196498e-02,-2.511923215462048137e-02,1.573570841339330673e-01,-1.506619064162726188e-03,6.543109461999344068e-02,-3.515163475137506456e-04,5.116886791245706112e-01,2.986946016552438632e-01,2.263411074567412695e-01,4.474275103748264620e-02,-5.078454526310455935e-02,7.615941559557651841e-01,2.810905927906397483e-01,9.285026947838710687e-02,1.696950317245984538e-02,3.738895215029984231e-01,2.287697443639903350e-01,9.076662178470784603e-02,4.950277665506946922e-02,-1.648740819915659947e-02,6.882836215962457871e-01,1.489854947580923350e-01,1.121233590501435418e-03
1.581356231536166224e-01,2.135438418411023387e-01,2.694279118269775619e-01,1.371511880557833019e-01,1.915214975324650015e-01,1.378438797549708938e-01,2.904150654991178859e-01,2.989800160404596507e-01,1.821915167844656291e-01,2.305023200514939308e-01,2.243920323444097420e-01,2.123093979146859489e-01,1.499737819890198665e-01,1.141955374252953681e-01,3.116082034065403850e-01,2.930580662226839328e-01,1.256636406077568657e-01,5.824359549422359478e-02,1.836231036250692839e-01,5.926075517566335021e-02,1.952781826221027528e-01,1.600375878176786559e-02,6.322070066635004926e-02,1.565499721425147317e-01,1.316811368819971184e-01,1.603595463133836163e-01,1.228768276480665667e-01,1.490891631390297845e-01,3.500880848162837289e-01,1.466867973275230164e-01,6.319079183043599390e-02,3.194086785060393785e-01,2.698021733041342518e-01,2.619091412573820166e-01,1.514732299591114648e-02,1.431973087482570905e-01,4.070207106754261672e-02,1.313907254647901091e-01,6.503804340518150318e-02,9.479963739604220507e-02,7.110653608305587958e-02,1.509402871913626820e-01,6.517235135577564842e-02,1.586353550753668573e-01,7.497692903487009064e-02,1.170698881782496065e-01,9.346481128706321528e-02,7.681096052418273645e-02,1.642360906491523997e-01,1.715353548435357978e-01,5.809593272594675700e-02,1.411000037529242246e-01,2.276343056785584684e-02,3.017562001289799123e-01,2.618382829508131976e-02,1.481282469250937983e-01,8.460273112954842800e-02,8.640472226295854707e-02,8.461045041802806033e-02,-2.012471975154996387e-02,7.170403664159774593e-02,1.572839345169122494e-01,3.395009618173858157e-02,1.550378184560540218e-01,9.397773646935569936e-02,2.985828803995980718e-01,1.581093663962021834e-01,2.769708417182350502e-01,3.661771416724253214e-01,2.844371377132687839e-01,1.894595065928537103e-01,7.501495388940218612e-02,2.810905927906398039e-01,7.615941559557651841e-01,2.300501749701931165e-01,1.552754798952179181e-02,2.721875104153695935e-01,2.831404768553279494e-01,2.167160301675052358e-01,1.507658138009248250e-01,2.048865566877248190e-01,2.907101629703887635e-01,2.135498620404225334e-01,1.136228017514136490e-01
1.746431331650106500e-01,2.570020163506259170e-01,1.638039645961522073e-01,-1.864300637981052694e-02,2.262125783802993173e-01,2.152109385166017796e-01,1.588916582511888109e-01,9.141522267749217778e-03,4.858349565385336466e-02,5.618636458117658855e-02,1.274745809991355006e-01,-8.974436984873536416e-02,8.689848013246047331e-02,9.055609781068824082e-02,1.391780004255423198e-01,8.810833915008007416e-03,2.670740385275255369e-01,3.497789123053764992e-01,2.460290461478674140e-01,3.219270136242697311e-01,2.914239738401957491e-01,6.563344843742878465e-02,1.245728924625417455e-01,3.928302375296115895e-02,1.341675518104244180e-01,1.309568321314569794e-01,3.642104445606164087e-01,1.676903788699362907e-01,6.536133025763335436e-02,1.746624791955760925e-01,1.982079082884079940e-02,8.700569273053494757e-02,2.224130669858955800e-01,1.758850709639168397e-01,-1.971962269045835978e-02,-3.772830732331994980e-02,-1.994373190334749329e-02,-6.479249999550890093e-02,-5.055627011198432844e-03,-4.156646099601288280e-02,4.481504331183633338e-03,-8.152272254643622151e-02,2.124290109525884818e-01,1.410733646634373395e-01,3.358645572473996088e-01,2.567093516874436876e-01,-4.117042842246878415e-02,1.561868411019051717e-01,1.973230153686854338e-01,3.547878379945180738e-01,1.981239077915630808e-01,1.994687617968177729e-01,7.927510022739600593e-02,1.110599728398629499e-01,9.426581265238717644e-02,2.680763159490358316e-02,8.180900157528042671e-02,1.992710600986838942e-01,-1.078831195380248846e-02,9.828245857707351707e-02,1.228381859492340411e-01,9.880053413001252394e-02,1.048489231378578468e-01,1.112865080371991389e-01,4.290523404388103812e-02,7.209631474442926291e-02,1.157341571872369107e-01,1.167708927658123036e-01,1.544131296509375639e-01,1.114746266977923311e-01,1.433482867380250769e-01,1.412912865314976812e-02,9.285026947838712075e-02,2.300501749701931165e-01,7.615941559557651841e-01,-3.871328720251050043e-02,1.417487296543958886e-01,9.830046727554479780e-02,1.543646038832081624e-01,4.374444188800521993e-02,2.577081741318564337e-02,9.052698162197202192e-02,6.353697207134523239e-01,4.086678604773331114e-01
5.030334253715872811e-02,-1.859981316983341515e-01,-5.480968815369048619e-02,8.459939119830489629e-02,6.141209119260958305e-02,7.336324643879187091e-02,9.028256834898407135e-02,2.362319658163974587e-03,1.126135094828356054e-01,-1.067894019486598789e-01,-1.357652905407247604e-02,7.963368382249071120e-02,8.286243652185359965e-02,1.486286815453937427e-01,7.895529284184699126e-02,-5.003988036502790560e-02,-1.885463755124765495e-01,-1.695872778964394034e-01,-1.717401347648278565e-01,-1.405866941951233184e-01,-1.981549984232507666e-01,-1.767310629530347288e-01,-9.642594677881444198e-02,-6.154659562292760788e-03,-7.242179941212506522e-02,-3.585594365857189270e-02,-1.139659994361495177e-01,-1.679412633525750320e-01,-9.284614834630448843e-02,8.435610647607415247e-02,-8.603762902315777172e-02,-6.617289400828343937e-02,-2.169878055824898122e-01,-1.956868421050735884e-01,-1.653357858512844725e-01,-1.461287761259668638e-01,-1.903089086067085434e-01,-1.535492146619465703e-01,-1.018238183663510987e-01,-1.832328767452693630e-01,-2.580218231577560695e-01,-1.633946338721798675e-01,-2.747759720482962909e-01,-6.369466944726606683e-02,-1.323521683381550205e-02,-3.456426851776706055e-02,-1.678143513163166956e-01,-1.977270885642616327e-01,-2.511654357139760929e-01,-1.165936840819154774e-01,-1.359157230237669767e-01,-9.459573052916202263e-02,-6.888673724425110889e-02,-2.944418912197256655e-02,-1.761796208219396642e-01,-1.283727401298972483e-02,1.274037091312585079e-01,-4.376559500943420777e-02,-1.447758958775274829e-01,-1.955601239822178372e-01,-1.583667728538329100e-01,6.088256090515077601e-02,-5.756236120231673914e-02,-5.601664596660445999e-02,-9.376926060130516549e-02,-1.478016710580759563e-02,6.310979220524157718e-01,2.222592360448575888e-01,6.752860542431765589e-03,1.012686979674358584e-01,-5.840536844129738669e-02,-1.511217806367142757e-01,1.696950317245984538e-02,1.552754798952182477e-02,-3.871328720251051431e-02,7.615941559557651841e-01,2.208464499978235462e-01,7.588408447697918280e-02,1.578949352179121746e-01,-6.058507488400979857e-02,-7.423136644118731586e-02,5.753655609450980535e-02,1.100140240201260000e-01,3.638854196219212800e-02
-9.529650556044796939e-02,1.085751594292938549e-01,4.344840512990131437e-02,-8.580754156919739861e-02,-2.430090062826761182e-02,-9.691596743959807192e-02,8.926720279872210617e-02,1.380407625667437188e-01,-1.336702613907433668e-01,9.011352708698554259e-02,6.365833144055738080e-02,-9.946384785856580979e-02,-4.991904595139215473e-02,-1.288949951730218035e-01,1.146546550013569088e-01,7.643351408992962726e-02,-1.664689343310448155e-01,-7.006025817506915387e-02,9.713836194443936645e-02,3.038066447893706529e-02,9.730392449759685258e-02,-1.932961374843975844e-01,-1.396706560511666861e-01,1.607788744681890314e-01,6.128906497896280392e-02,2.250222337947553608e-01,1.295325827853709422e-01,-8.103663289963178307e-02,-8.419603240995883475e-02,1.976815839803623964e-01,-1.059324177240897613e-01,-7.680327958536968536e-02,-1.705984729385384702e-01,-1.410052727049316279e-01,-3.059305079596116861e-01,-2.762671467648054602e-01,-3.003265200661469070e-01,-2.796958929569230978e-01,-3.103298983874379080e-01,-2.647260362165557712e-01,-3.057165242900099500e-01,-3.035119760988719828e-01,-1.007043084433094926e-01,-3.647062502248010762e-02,1.474172889835493119e-02,-1.654829156257948408e-01,-2.793792656895728310e-01,-2.271554378411868858e-01,-1.762294562366605033e-01,1.262762038908722961e-01,-1.737058111787180836e-01,1.426381184860270324e-02,-3.705535691070885318e-02,-1.468536514525127512e-01,-4.142160061219320871e-02,-5.497275153878276865e-02,-4.831544340296529266e-02,-1.921801469706854448e-01,-2.602663559170392271e-01,-2.382409223420884625e-01,-1.422359796420388234e-01,1.132440063985118150e-01,-1.934916588595024523e-01,4.004958796161403600e-02,-8.439633820798610186e-02,-1.113151701472165633e-01,1.852730600853367826e-01,7.425844452829216680e-01,5.291647809372617139e-01,3.300202346150743482e-01,-3.311660140741570085e-02,-8.527916140632926800e-02,3.738895215029984231e-01,2.721875104153694824e-01,1.417487296543958331e-01,2.208464499978235185e-01,7.615941559557651841e-01,5.464924559836129569e-01,2.468438154531460427e-01,-9.844290941569909525e-02,-8.896537628011930154e-02,4.874059399717320940e-01,1.977636207466163809e-01,1.746629840744109430e-01
-1.623194076977495515e-01,3.381928621427012643e-02,2.494049863227390182e-02,-6.600667846050314869e-02,7.841955471984157766e-02,-7.458721021856980216e-02,8.020100445292832614e-02,2.614948159269683825e-01,-1.792161851466044231e-01,6.153051730120787099e-02,-1.393100882321154053e-02,-4.789946643896916822e-02,5.368290007364681649e-02,-1.048465380181661799e-01,6.749712079071487625e-02,2.279689457192523583e-01,-1.123411335366300001e-01,-3.937959133781909066e-02,7.151607882725062593e-02,-9.110742339509014798e-02,4.948090041763164582e-02,-8.740416095977535105e-02,-8.068541937299743283e-02,2.021576533046485769e-01,-6.335759579569601174e-02,1.728619674233604075e-01,7.565827005195781274e-02,4.611202323127846364e-02,8.577547462346125917e-02,1.211449913333343537e-01,2.883119836475071807e-02,9.956246399696264127e-02,2.411268738415539570e-02,6.401469989876194810e-02,-2.768602319096469810e-01,-1.206960551491982059e-01,-1.625358983625422860e-01,-2.269557140134177142e-01,-2.688072789761105086e-01,-9.940216843895786913e-02,-1.827291968831986357e-01,-2.235789633411238431e-01,-2.624736124976823765e-02,-2.535172743517020641e-02,-6.847761273042313190e-02,-2.576675385346043068e-02,-3.608790437540874696e-01,-8.097802729986249004e-02,3.921086968028948683e-02,1.040332477504648800e-01,-1.636273740615451222e-01,6.745784609344396276e-02,1.146138917914705027e-02,6.848110644815422199e-02,8.308625396592113355e-02,9.982895370647856467e-03,-8.659639250452683124e-02,-1.177705791792744289e-02,-3.466446645347204814e-01,-7.508860813391632361e-02,8.446831744360031036e-02,1.437066226649636458e-01,-1.587797941481199349e-01,-8.477632938693475950e-03,-7.635904486350142406e-02,1.186013983212902551e-01,5.850320034550843956e-02,4.857184084618537678e-01,8.136243340140592029e-01,2.452663450672303846e-01,-3.411216908873686976e-02,3.550308133221336676e-02,2.287697443639903350e-01,2.831404768553279494e-01,9.830046727554477004e-02,7.588408447697919668e-02,5.464924559836129569e-01,7.615941559557651841e-01,2.504093057535524691e-01,-5.476000174883245697e-02,8.128812954196257268e-02,3.686493832129793535e-01,1.636017051638078146e-01,1.199790827858793901e-01
4.882115134392214784e-02,1.370702063243291191e-01,9.146426512143254750e-02,6.032276652229578290e-02,6.990649504539850345e-02,8.299021361894824700e-02,1.429439218799662958e-01,2.783700207726062525e-01,3.564634591367273064e-02,1.396652063243589981e-01,6.309227931612382267e-02,8.488700515118113854e-02,7.872697362233169183e-02,7.321523626284956454e-02,1.475516940674090893e-01,2.820500669898520218e-01,6.872207672070353331e-03,7.336840560465339445e-02,1.232414250239444869e-01,-2.493111609661212424e-02,1.118928415696601869e-01,5.191752247583035496e-02,1.192831234773715915e-01,1.424209651121782771e-01,-2.123453574100155755e-02,1.585829020169365888e-01,1.051358943986026029e-01,4.145431428392729739e-02,2.006691908204977226e-01,1.160096547612233381e-01,1.853880910424848122e-02,1.547323059040924820e-01,6.659446077964042976e-02,1.274590440561388927e-01,-5.882135618234873853e-02,-1.165888524420017475e-02,-7.822559840758613880e-02,-3.891206261891017731e-02,-5.488687874251707566e-02,3.420041681849556731e-02,-8.315127095213303843e-02,9.198771497505607575e-03,7.019620688862572566e-02,4.698735330584085518e-02,5.906670698916759166e-02,-4.600847550655497858e-02,-1.251962017027259122e-01,-1.166401714628697017e-01,-4.982748925486086417e-02,7.310902030677990382e-02,-9.999660749387569159e-02,7.227045826469560841e-02,3.506558979907134499e-02,8.862654980686128503e-02,1.569070633069322707e-01,5.159098518080222628e-02,5.165728738889284466e-02,-2.687049694237095276e-02,-9.032825224514613727e-02,-1.218176763270331642e-01,-3.884810998890303457e-02,1.306195346792319856e-01,-1.256642529960870780e-01,1.688671787658300311e-02,7.189049884746037677e-02,1.436233279173922961e-01,1.253149036433419683e-01,1.511563075671347456e-01,2.265508222520214998e-01,3.376569962114592816e-01,-3.004275650071789195e-03,1.728387056699803859e-02,9.076662178470787379e-02,2.167160301675052358e-01,1.543646038832081624e-01,1.578949352179121746e-01,2.468438154531460427e-01,2.504093057535525246e-01,7.615941559557651841e-01,-3.362253468993094130e-02,3.208616841504038919e-02,1.318630783207635770e-01,1.869020651060659122e-01,1.654890072820568436e-01
2.714556446235940057e-01,1.386684667317522601e-01,3.587706884747613456e-01,3.587490390420414732e-01,7.255851275632826947e-02,6.163836766597233924e-02,1.347123411122064796e-01,2.155605507307270866e-02,3.171587439514846896e-01,2.210100659363448128e-01,3.591571556014263589e-01,4.952620705521889044e-01,6.404501506328140470e-02,9.646134511068300832e-02,8.020967893440919538e-02,1.039450040300895356e-02,1.739880894505302922e-01,8.497579049275331975e-02,2.429375397972243812e-03,7.182571325129928630e-02,9.446053268785971346e-02,2.072617824288090771e-01,1.512066442946760070e-01,3.406011811952117108e-02,1.246620441703136101e-01,1.094020009015282818e-01,-9.583882760036326054e-02,-6.753513367784147459e-02,1.387564930619562265e-01,-1.103179710593520622e-02,5.423530421374890900e-03,2.273673374598350339e-01,2.488888646068376231e-01,2.551386074469420562e-01,6.499821671940381185e-02,2.723026150983539617e-01,1.081149159906973078e-01,1.286768095935064693e-01,5.605888039517037402e-02,2.794153563546266650e-01,1.094341959723329760e-01,1.120433096352859148e-01,6.382357784288555935e-02,3.971992124594538875e-01,6.780451324427198834e-02,1.926167892196546105e-01,8.744941860440957893e-02,1.250897379467132697e-01,1.314809083242459709e-01,8.615487458791651343e-02,3.842656731073917920e-02,6.498411552880291320e-02,1.365318956094503933e-01,1.676218110712938414e-01,4.215542885146000840e-02,3.465259169075978751e-01,1.200404926740730877e-01,9.003608183309022572e-02,9.886583383239180844e-02,1.826594251167335536e-01,1.771717137814437237e-01,7.608721844111351884e-02,8.972005826230565473e-02,1.799711972541699068e-01,2.110509536228136751e-01,1.327467212846936140e-01,-3.692296464041639609e-02,-8.228919334332390756e-02,-7.450949344687916864e-02,-9.248850426232271132e-03,8.002442405165985928e-01,3.777278425856387956e-01,4.950277665506946922e-02,1.507658138009249360e-01,4.374444188800519218e-02,-6.058507488400975693e-02,-9.844290941569909525e-02,-5.476000174883247779e-02,-3.362253468993095518e-02,7.615941559557651841e-01,4.553313216124904583e-01,3.782591197824999169e-02,5.886595758040989723e-02,9.104300393759107157e-02
-2.105145686129046567e-02,-4.431630709298732540e-02,6.055805151832597405e-02,1.002347392125769593e-01,-8.682571807168355804e-02,-5.623085383867418297e-02,-5.312203859277622731e-02,-2.680022314714345516e-02,2.187242622858526914e-02,4.440434627541842150e-02,8.571667215922201821e-02,2.058063963089500625e-01,-1.325206137748710655e-01,8.656059187207567826e-03,-9.333139822871282243e-02,-5.903274119876243675e-02,1.204239128970490680e-01,3.880950946482952801e-02,-7.261022635298598760e-02,1.832748244635299881e-02,2.506172198041219795e-02,1.472368398850502080e-01,8.107872579933242396e-02,-4.483110830481897013e-02,3.217405126613640670e-02,1.337342093517342005e-02,-1.843013360804190148e-01,-7.111457748421022573e-02,5.732620812328045184e-02,-1.455232001686917465e-01,-7.149359785894605912e-02,1.396963597163907722e-01,2.174105116677710614e-01,2.755420239807631066e-01,5.673831678086755509e-02,2.300112091133064141e-01,1.121346038362052711e-01,9.224379848062942699e-02,2.564620409980565216e-02,2.469772965610228799e-01,1.077218095333837278e-01,5.616628060853692817e-02,8.179762376613468333e-02,2.253081610088440434e-01,-3.205145529903968143e-02,1.581387319726214047e-01,-1.085613640028957987e-02,1.556920001074290072e-01,1.090883261033392532e-01,-7.570587308325683884e-02,4.804658987163770711e-02,1.146265241840135479e-01,1.726358441453117731e-01,1.616435747094807640e-01,7.951315066909366014e-02,2.448661955023066217e-01,-7.234472371498860792e-03,1.104696675838782033e-01,-2.314281007643588517e-02,1.784847705083263125e-01,1.533068460754668516e-01,-4.877131695018530055e-02,5.115780786894857241e-02,-4.774922975415975442e-03,1.841696925858779255e-01,7.183786260231556087e-02,-7.516926504088619621e-02,-1.278995742489165144e-01,9.878385283988797699e-03,4.074687103711874953e-02,3.880165032322391294e-01,6.291698577612272469e-01,-1.648740819915662723e-02,2.048865566877248467e-01,2.577081741318568153e-02,-7.423136644118731586e-02,-8.896537628011930154e-02,8.128812954196261431e-02,3.208616841504038225e-02,4.553313216124903473e-01,7.615941559557651841e-01,-3.318915359176191626e-02,7.479010661864797516e-02,2.605161817277755476e-02
4.824353478715746185e-02,1.404708468517904263e-01,1.688584167089091093e-01,-6.805424946912571596e-04,1.485298952688118845e-01,8.646089957351593691e-02,3.368256877373421165e-01,3.096282823461767864e-01,9.812713440611522953e-02,2.054119532586882180e-01,1.861066911070742569e-01,3.440179370885348281e-02,1.854928231949585227e-01,9.397792331446058745e-02,3.517753808598763632e-01,2.622283869516651711e-01,-6.439154234857896730e-02,-1.039525838994621310e-01,-4.195269318806639784e-04,-1.141813157603045331e-01,-1.675929562550677876e-02,-6.220966104479323106e-02,-5.583087946039702598e-02,8.949964462018729361e-02,-8.500871186569722293e-02,1.294063969091255040e-01,2.438110199177834919e-02,-3.745382156964131154e-02,1.682754618539849811e-01,1.583418120742920709e-01,1.171968792970159122e-02,1.293501051013018210e-01,5.648828364708967376e-02,7.647414918120348792e-02,-8.260783467643983968e-02,-2.150157057173831057e-02,-5.743664009582685748e-02,-1.080043289375447885e-01,-1.232436764828366282e-01,-3.528231683047210968e-03,-6.933884316823320237e-02,-1.002289387469793569e-01,-7.288373990649929524e-02,-1.861722160482686544e-02,-9.834771772083399088e-02,-8.270783875155245102e-02,-1.683038088841959656e-01,-6.435261465457592367e-02,-8.573933885252266185e-02,7.877455653566624305e-02,-7.249810389785350806e-02,6.910335160596003945e-02,-4.006061003736485771e-02,5.731936188827227441e-02,-2.254401821493044744e-02,-1.126900975277270005e-02,-3.660342401622266456e-02,-3.698989129119836100e-02,-1.735083681696332203e-01,-9.210552617470979531e-02,-6.748709736123371938e-02,8.161512936045324518e-02,-7.437595291020276944e-02,1.382333213508071257e-01,-3.127794619262968395e-02,4.714944769724824236e-02,4.748341151819507333e-02,4.989615344507952743e-01,3.890685791781380853e-01,2.511644884429681257e-01,3.699015344388058291e-02,-5.392659908987032513e-02,6.882836215962457871e-01,2.907101629703887635e-01,9.052698162197199416e-02,5.753655609450988168e-02,4.874059399717320940e-01,3.686493832129793535e-01,1.318630783207635770e-01,3.782591197824999169e-02,-3.318915359176191626e-02,7.615941559557651841e-01,1.397379332941093288e-01,-1.120977143955169224e-02
6.573912719928175219e-02,5.864423143438619174e-02,1.016101783685946225e-01,2.096197112302456561e-02,1.161753422834431310e-01,1.062643120019230586e-01,1.209378093426662359e-01,3.946226196453211932e-02,1.337897206059039945e-01,2.221352684091223995e-01,1.618047264554733633e-01,6.241110647257715888e-02,1.599125026547582040e-01,1.962770203623236676e-01,1.847462007273909523e-01,-2.361972208150507624e-02,1.727356480674659966e-01,1.428857901706164224e-01,-3.741488443199869618e-02,1.423382264686233467e-01,5.648163140993937154e-02,1.738906397044099328e-01,3.217738409190784576e-01,1.618111400073028727e-01,2.799891950095612092e-01,2.512516397758061126e-01,1.303400138581017609e-01,2.462744748202438244e-02,-7.439190517403120387e-03,4.055558043866326345e-01,1.303367391689792543e-01,7.126452811039306334e-02,1.096044496547897845e-01,1.612084361015226064e-01,-4.535893335051835451e-02,1.278458441214880628e-02,-2.553638017608726371e-02,-4.272434688427274863e-02,-7.411035717822934618e-03,-2.285613137895385616e-02,-2.661375606614839115e-02,-6.749363014601686417e-02,-6.618133998967286498e-03,1.481979037357387397e-01,1.548539397381286653e-01,1.801708691585676148e-01,-8.183333645058549211e-02,9.787765433795139747e-02,2.134366581028798379e-02,1.078466307841602495e-01,9.731725151533661411e-02,9.255664087692105912e-02,1.506852869268955446e-02,7.376383870572568446e-02,1.736502907061053536e-01,8.289680855414828520e-02,3.536222336120911636e-01,1.292295489676534015e-01,-2.914641463588988832e-02,9.747064283923162487e-02,1.514475662958510438e-01,4.001067274959815290e-01,1.995236296401484699e-01,1.631792432377904556e-01,1.561929917780308930e-01,4.210430272989904021e-02,2.376353250475214673e-02,1.671637018489607052e-01,1.007956714337986948e-01,1.337870886602844089e-01,9.841909061901504829e-02,3.984288181744723156e-02,1.489854947580923628e-01,2.135498620404225334e-01,6.353697207134524350e-01,1.100140240201259723e-01,1.977636207466163809e-01,1.636017051638077868e-01,1.869020651060659122e-01,5.886595758040987642e-02,7.479010661864793352e-02,1.397379332941092456e-01,7.615941559557651841e-01,2.558633058046677622e-01
1.668556667664901627e-01,4.251985464585052860e-02,1.167603875796095619e-01,1.328099712002996369e-01,7.869078245885535727e-03,1.355380107209171459e-01,4.865736780222426616e-02,-9.466701761538774684e-02,1.170868340489032017e-01,-2.596532555009816584e-02,6.659780541917477426e-02,1.300908083066230070e-01,-6.832768096708437267e-02,6.414696582338537401e-02,2.801607807199805664e-02,-1.279445980738925896e-02,6.400549931310091367e-02,6.801125382756605109e-02,4.260151169924387277e-02,6.635516493403453842e-02,9.887009007759733903e-02,-3.327891501566201948e-02,-3.618677962504491391e-02,-4.752499518257875810e-02,6.906446630162956651e-03,1.583414145155435590e-02,1.271959241278081132e-01,-1.242863510410007616e-01,-1.096499487745448975e-01,5.385924548694050878e-02,-1.643777485792405624e-01,-3.766498218014067978e-02,-7.898655257780091976e-02,-5.502402346359206581e-02,4.783362039991176373e-02,-1.863110605550021351e-02,-1.489139086288412961e-02,-2.792836167422925713e-03,2.886625791902631966e-02,1.119608254732362002e-02,-3.874662965337147269e-02,-4.770743018972153915e-02,-4.711128966237273369e-02,4.316899662361842888e-02,1.455365285810880094e-01,-1.223180599526952489e-01,-6.396829877428860181e-03,-9.486169708569745784e-02,-9.737073365903506361e-02,5.907371662510026850e-02,2.442394837559900070e-02,8.721981475315709886e-02,-1.119559037610623996e-02,-1.151454756823158815e-01,-4.432385280341243766e-02,3.011835260812143963e-02,3.477910272458943630e-02,-1.605344262048848392e-01,-2.031923241303581346e-02,-9.828245122506598652e-02,-1.099844567874057183e-01,-7.148925678153342234e-02,-2.633072260552309779e-02,1.003697030714688354e-01,-7.844910442987386434e-03,-2.644942057160572582e-02,1.757475339901106159e-01,1.500350477305987806e-01,1.047929463678232836e-01,1.398934351226561734e-01,9.197440857565150618e-02,6.123764504524856905e-02,1.121233590501442357e-03,1.136228017514136213e-01,4.086678604773331114e-01,3.638854196219212106e-02,1.746629840744109152e-01,1.199790827858793901e-01,1.654890072820567881e-01,9.104300393759107157e-02,2.605161817277751313e-02,-1.120977143955170785e-02,2.558633058046677622e-01,7.615941559557651841e-01
