7.615941559557648510e-01,1.168843267286441001e-01,2.612065852920999465e-01,3.637449553237553229e-02,1.855253043624827680e-01,-8.062762163296299800e-02,-5.384903933086426786e-02,-6.726229120707571951e-02,9.115414159085157009e-02,-2.846020421403113246e-02,1.710724595018470462e-01,-1.368594481613705054e-02,-8.477439187274621313e-02,-1.158071326785097277e-01,9.756159776885370283e-02,2.421806669497338915e-01,-1.604783652345726230e-01,9.908411868908087450e-02,1.696573362167703991e-01,2.951952608925515475e-01,-9.748962748561079694e-02,3.716168173295692490e-01,8.147836037796360106e-03,-6.205664651597472131e-02,-1.035913310228643580e-01,2.520358409852745396e-01,3.312420391819716897e-02,5.108775546109998178e-01,1.664456352382422677e-01,-7.175989210556867059e-02,1.044687453830355911e-01,-1.434622081707832494e-02,1.032192575595654999e-01,1.958830648826755394e-01,1.509439739399979219e-01,2.716969771104412179e-01,-2.174483947586187405e-01,1.534548909161800589e-01,-5.075540369606604818e-01,-2.611359533707073299e-01,-2.232076777462878581e-01,1.364552100466630280e-01,-3.110191074574919501e-01,2.114084925938939652e-01,1.488172142363900496e-01,-2.764903192026924028e-01,-1.344993490135946157e-01,1.397166828349199197e-01,5.953932125962472371e-02,-1.842859728080680215e-01,-2.399132246131807644e-02,1.246933706609476139e-01,3.304418825341194910e-01,-3.196001228390336069e-01,2.799988729067612869e-01,-1.762965326641079133e-01,-9.353722348597119651e-02,-1.358950361981300647e-01,-2.111219750876010964e-02,2.876231389536303487e-02,1.123144636371944671e-01,4.173606160229034051e-02,-5.279799608078392104e-02,1.736220602239228056e-02,7.564613739396944259e-02,-1.183647738362118493e-02,-1.829797644580271887e-01,-2.259400484702788481e-01,-2.389451048854775439e-01,7.959823042160175943e-02,-5.273799337969400230e-02,-3.620462699110754690e-02,3.301819624195730368e-03,-1.752673354347494550e-01,-8.137618209566090111e-02,-1.391078195929117411e-01,6.105029194697109141e-02,-3.853787381563483772e-01,-2.111440416330169489e-01,-3.587915555498807918e-02,8.878370571512994580e-02,-1.066343527128749274e-01,-4.162908091459078391e-02,-1.114970659457333868e-01
1.168843267286441279e-01,7.615941559557648510e-01,4.701519465605008552e-02,5.558340851302016189e-02,1.565424260075011509e-02,-7.986732777558187835e-02,-1.303249780718609974e-01,6.508282349520633225e-02,-3.379823853142838175e-02,1.321925653309716231e-01,-1.342543007269896005e-01,7.372288065365439902e-02,-5.714935396695509928e-02,3.650437481994443095e-02,4.545525469707304977e-01,4.414170424564021755e-01,-2.003144942718379229e-01,2.878110631471371139e-01,-1.902794387824687794e-01,1.822237681568563694e-01,5.786079739185220339e-01,3.589334231144281628e-01,2.340896396257287349e-01,4.275423482700906330e-01,2.041320696227690024e-01,5.735182742189661731e-01,-1.288091123242143810e-01,2.539624380074664844e-01,3.371123352000444107e-01,1.306983714457243262e-01,1.038581989881133399e-01,3.068260905514840764e-01,6.308575996572439726e-01,2.471019625717564561e-01,7.673491534226728472e-01,9.362999512327457863e-02,-1.891305730153104367e-02,8.348138286750965420e-02,1.251585921980361005e-01,2.135843317443457748e-02,4.909206353525783634e-02,-8.070831763133343162e-02,6.872436596252053109e-02,1.983340372601490736e-02,2.654526439927196169e-01,-5.385320150489717600e-02,-4.384376473868036028e-02,6.136435332280274491e-01,4.353596732405586311e-01,-1.064201168109220608e-01,4.437419504131975834e-01,-1.108840419085385248e-01,1.173025223757660218e-01,4.829328785726542672e-01,3.337643945538005252e-01,2.234674461562722592e-01,3.970421720538882537e-01,4.648840266176397784e-01,5.980079295171379927e-01,6.396102984639927269e-02,2.609783800739755577e-01,3.517392532283352136e-01,-9.081726177480295426e-02,2.097976399153863025e-01,3.357772282637484507e-01,3.673517656643965346e-01,1.821379320914424393e-01,-3.410415316740742636e-02,2.300150223411345785e-01,2.127661477275111790e-01,2.652974022028470324e-01,8.059416430381102781e-02,-2.639112132839567873e-02,1.516576218554358535e-01,2.792360219012977596e-01,-2.875783042347138801e-02,1.529674923468211101e-01,-1.381691085780313855e-01,1.073251141594962071e-01,2.226762564746099238e-01,3.057626386132005214e-01,-2.931100908837412644e-02,5.209401018470319333e-02,2.163773103526830388e-01
2.612065852920998910e-01,4.701519465605005776e-02,7.615941559557648510e-01,-1.389187688165929579e-01,6.340421463694463355e-01,-9.430055780809402932e-02,-9.587601620434307859e-02,1.282753165827652531e-01,6.359467193620303993e-01,1.632504110779426920e-01,8.375993412051184750e-01,4.140925371929543575e-02,-1.761140405167141987e-01,7.122752034237839203e-02,4.333791947427613755e-01,-7.886757440791973550e-02,5.207485741861546391e-02,-4.869600668108859526e-02,8.182576455792338610e-01,4.136227747255096787e-01,-1.409438634326878603e-01,4.004104535672849963e-01,1.415533608532611731e-01,-1.070704098890868788e-01,-3.163649829082254006e-01,-5.980994529781983801e-03,3.765148023553789858e-01,3.802155368831580673e-01,-5.230631549890302906e-02,2.650346477238322285e-01,-5.478146748342175437e-02,2.252055959180100375e-01,3.092264776733738563e-01,4.796165168005039892e-02,1.058777564238500279e-01,8.467673133868331981e-01,-1.524597906024922900e-01,4.958803381904712260e-01,-3.425729704250560226e-01,-1.663967801478669906e-01,1.201962710927087091e-01,6.037768315079449222e-01,-1.195250435329819200e-01,8.200392884390091952e-01,6.649949038040543770e-02,-2.163649230240512478e-01,3.064454327293434366e-01,3.684828354473856371e-01,1.437576995899725145e-02,3.365138421127708557e-02,-8.521010314373399577e-03,7.006628517965205472e-01,5.487920020732766080e-01,-2.038108976152095686e-01,4.489574667267194341e-01,2.983220933744667458e-01,-1.917956481962881377e-01,-1.024640174062923931e-01,-1.653635166297793072e-02,2.914761356871062303e-01,2.179857858896919187e-01,2.238770697440982740e-02,2.139980827074539904e-01,-7.659953159725869931e-02,2.078401871921710040e-02,1.627852511994148377e-01,-1.994463936652603187e-01,-2.417725368980794820e-01,-5.039356369500299637e-01,-3.483008009434135910e-01,-3.543357542218984052e-02,1.746687528652388910e-01,2.793938256477814241e-01,-2.117401459880105530e-01,4.981777829571438360e-02,-4.714322002921422783e-02,-2.083190226761256758e-01,-2.426386737965595952e-01,-4.542331195255878140e-01,-4.094395387336341452e-01,-1.145903496035439589e-01,1.228087537026299747e-01,3.362613902086236117e-01,-8.067905175557804620e-02
3.637449553237551841e-02,5.558340851302016189e-02,-1.389187688165929579e-01,7.615941559557648510e-01,1.604259600330479874e-01,-4.720882426456904368e-02,4.356203305323865238e-01,-4.484427608939085819e-02,-1.039648072279927490e-02,2.320120079999682394e-01,-9.243568167982331441e-02,1.241554605647549880e-01,3.635848087282542718e-01,3.104385096987149484e-01,-2.212015761122397214e-02,6.237485428668734788e-02,3.376420065958736783e-01,1.453084510437505639e-01,-1.363020341247973555e-01,1.239155750648691795e-01,-7.335271136836721273e-02,1.194569645324205925e-01,-2.224440646805462829e-01,1.399269286342829949e-03,9.911390983153783862e-02,1.395577459650145513e-01,-3.373388146787723030e-02,2.085505127227192945e-01,1.718615252050017528e-01,1.324057796102002249e-01,3.283621511999077480e-01,1.537807473345414178e-01,2.236289570187491582e-01,8.589008190372934837e-02,-2.809072745104266439e-02,-5.764126932404495252e-02,4.929061832809096821e-01,2.621171534907810741e-01,1.469507628428350088e-01,3.916414636426360230e-01,-5.065982320124486071e-02,5.285399048232775759e-02,3.757092924898946529e-01,-1.197879680737840291e-01,1.738954165114957595e-01,2.670726392150760131e-01,2.215923909898273869e-01,1.722144331212511689e-02,1.745637731996799724e-01,3.604534482338686563e-01,2.439171720202998050e-01,-6.413435264992020657e-02,1.442261969077268391e-01,-1.209895206180359173e-01,1.781513711814676493e-01,-1.616823322232776028e-01,6.908912986905069165e-02,1.821123072308194757e-01,1.974032061719420139e-01,1.937262870397299663e-01,1.175626793647967933e-01,1.796763829571214055e-01,3.694804917945238576e-01,1.052016754257188574e-01,-9.666711667950797504e-02,2.380324940186311633e-01,3.781683325452707134e-01,-2.394894558012959918e-01,-5.033489351957346446e-03,9.287526149530776765e-02,1.306919382384215400e-01,2.143087886452407775e-01,9.465913285720684023e-02,6.218038461407464357e-02,2.903224001234736562e-01,1.673799769422069927e-01,3.012598956954318785e-01,-2.411216096344019066e-01,-1.143428097666760179e-01,1.127559777289552506e-01,1.498322385803486367e-01,1.297290252676204236e-01,1.107545320424428714e-01,4.992211095197483794e-02
1.855253043624827680e-01,1.565424260075014284e-02,6.340421463694464466e-01,1.604259600330479041e-01,7.615941559557648510e-01,1.518824435728270417e-01,2.809535199485152859e-02,6.641199843231126998e-02,8.064624453576950680e-01,1.110224845283413891e-01,6.997685959424867486e-01,2.132581151935196082e-02,4.688741382953115489e-02,2.910914049640053042e-02,4.912458904802302073e-01,3.164012447522011190e-02,8.668003485079688042e-02,1.276827072788877006e-02,5.149428872585221084e-01,5.663977155178469003e-01,-5.641798642580102968e-02,4.851182003876559068e-01,1.174179808333504910e-01,-2.197730585033217388e-01,-2.084524152466892544e-01,5.795934486190407187e-02,4.619253731991776468e-01,2.430845229199314339e-01,2.539934729265475380e-02,3.514463425718072354e-01,3.208410571176896486e-02,9.818678600051002070e-02,2.550294534311353112e-01,7.249757232557031694e-02,-5.929744868601036917e-02,6.153241093763431868e-01,7.359912112689886987e-02,9.068599152175876865e-01,3.374217765005312758e-02,6.088287751921153679e-02,8.076834798679646821e-02,8.073849540110411560e-01,2.547301070549081239e-02,7.603498226008581495e-01,1.941925039568642986e-01,3.479538669680611734e-02,3.252455486585481004e-01,4.270398543512273215e-01,1.471577314842796858e-01,1.925738567510567600e-01,4.199250913752838876e-02,5.497637944658581022e-01,6.164056836121952765e-01,-1.533048799246776450e-01,5.487452164002971644e-01,2.577215215609987564e-01,-1.573738123755889784e-01,5.251129293970802775e-02,1.884223340411189662e-01,4.888819253167006607e-01,1.718401931556207407e-01,1.819724333118049875e-01,3.184487927060428714e-01,8.033184804898217679e-02,-5.725033846472812188e-02,1.663618929994703788e-01,-1.278436115136425966e-01,-2.327336853213613499e-01,-4.812694428792028689e-01,-1.902080034293031907e-01,1.933323165789240239e-01,2.879744083568474555e-01,2.254744600066687643e-01,-2.302952420085790930e-01,2.068687335506311786e-01,1.289465388822764623e-03,-1.964532898701899233e-01,-2.570921044570460001e-01,-4.951715349755383411e-01,-2.829250611955955730e-01,1.570906482952363348e-01,1.268006096554029349e-01,3.887611204811626808e-01,-1.293887034324135432e-01
-8.062762163296301188e-02,-7.986732777558190610e-02,-9.430055780809408483e-02,-4.720882426456909919e-02,1.518824435728270972e-01,7.615941559557648510e-01,1.721200903143415284e-01,4.878332563472099759e-01,5.272212902282402691e-02,-7.981773929954781577e-02,-4.841214982012195800e-02,1.582973025338089423e-01,6.085077721763557657e-01,2.131459947267093091e-01,-2.836917417034316713e-02,1.638840661268231857e-01,3.336212491032282124e-01,1.019609216652836298e-01,-3.034406781093703168e-02,-8.755957592837579351e-03,1.071384934978200365e-01,1.558020671478488502e-02,4.797456093248164688e-01,3.948102190963195812e-02,2.177447018222080088e-01,2.911981808559516716e-01,1.034103955690574145e-01,1.078812627199257357e-01,2.319999821851295718e-01,4.229683232109147095e-01,6.187656249463480834e-02,7.644717316220420167e-02,-9.307375940836391803e-02,-2.723684964654756735e-01,-1.756604109926702684e-01,1.103519764721693462e-02,-2.091611914366917346e-01,3.273560447710362198e-02,4.346067635508250593e-01,-2.096478369974879297e-01,3.581911877957653645e-01,2.065202968677522233e-02,-4.058050264644708083e-02,6.652508396178447025e-02,2.629139698256178215e-01,2.066186565195581581e-01,2.145341660566279784e-01,-1.397009438214993349e-01,-4.597474664526635807e-02,2.314862757263129803e-02,-1.901410662467119261e-01,4.540395578211019884e-02,1.253398256971121616e-01,-1.230291179944822781e-02,6.223446481227459109e-02,3.057094250494619136e-01,-4.984037741843286989e-02,1.182613974211379759e-01,5.247144490850139120e-02,-7.852855297507288501e-02,1.256139886229521996e-01,-2.427737952276262364e-04,3.991336821188167239e-01,-1.176585184877157186e-01,1.835489221650551117e-01,-8.152617861299424340e-02,1.479026944456794945e-01,2.818824337452895956e-01,-2.273091581628419455e-01,-6.482340750447163069e-02,2.734047432950078016e-01,4.620552673541377664e-01,-9.718602200129401736e-02,-1.706524309005360007e-01,1.003598088330380916e-01,3.624581933152478119e-01,2.907920217756148062e-01,1.017623481520139872e-01,-1.607500607950365645e-01,-9.995132265411781070e-02,3.260687524163873308e-01,1.478247937289436376e-01,1.470667245711889948e-01,-2.492821596857781319e-01
-5.384903933086426786e-02,-1.303249780718609419e-01,-9.587601620434305083e-02,4.356203305323865238e-01,2.809535199485161186e-02,1.721200903143415561e-01,7.615941559557648510e-01,-3.616150343344280704e-02,-6.708415174781956480e-02,3.628232731021530655e-01,-1.231829378018141768e-01,1.659425372446457214e-01,4.798887771632824872e-01,-1.898198177787098484e-01,2.827201686969129102e-01,2.362588133563553183e-01,4.613406795393634185e-01,2.147079678819649728e-01,-2.637831527717469093e-01,2.581053028016396245e-01,1.614484727740343392e-02,3.156546703800516274e-01,-7.699685175223615341e-02,-1.346384098467999502e-01,4.520502661390179422e-01,2.142395634910364832e-01,4.411188086810716169e-01,6.543566569289734070e-02,2.926191957844389013e-01,1.327507361425523669e-01,4.209109075651209370e-02,6.854141012431808067e-02,1.415169544120439271e-01,-1.328090904190093458e-01,-2.396594433642461608e-01,-1.547486652290328349e-03,2.460186768839321969e-01,1.601054695876902856e-01,9.414284570440062394e-02,6.574482337457602243e-01,-1.794465521129924301e-01,6.096743057293653456e-02,3.526497486576374296e-01,-2.255252306702344375e-02,1.648566570863627123e-01,1.968603120773319282e-01,-6.243768873220650883e-02,1.265350587946654226e-01,5.996476386033527256e-02,8.151135550972234134e-02,1.825416138120875345e-02,-1.304396281027226101e-01,2.748171066286267950e-01,5.529942477742694207e-02,3.329891736854733164e-01,-1.867899109735440544e-01,-6.982684692631023482e-02,1.185359158170131016e-01,9.985853807315953068e-02,4.296059158479835216e-01,3.092469560022088199e-02,1.737024042637761723e-01,2.059687371947303003e-01,1.640424667261937697e-01,-1.473558968497910293e-01,-7.808779990456211906e-02,2.460492931151487261e-01,-2.142815226282243635e-01,-1.722085964140329939e-01,-8.539210538913495629e-02,1.899584898226297502e-01,1.969907436402847933e-01,1.410502693743135860e-01,1.386053108755858944e-02,2.054086344082347582e-01,1.880716878413288273e-01,3.887701200314768180e-01,-2.294070956440983078e-01,-2.579337660135874177e-01,-3.142619283504016758e-02,2.353756066560284133e-01,5.119417679894856799e-02,8.253133118133071378e-02,-1.802188087045820397e-01
-6.726229120707569176e-02,6.508282349520630450e-02,1.282753165827652808e-01,-4.484427608939080961e-02,6.641199843231129774e-02,4.878332563472101424e-01,-3.616150343344279317e-02,7.615941559557648510e-01,-4.249665203385493556e-02,1.039568920312420597e-01,2.069844354749920123e-01,6.049717586579405060e-01,2.120597241779884623e-01,4.846438947258147611e-01,1.351420813531695880e-02,-2.268870712359370156e-01,-4.306378906188788186e-02,-1.321218818809009043e-01,1.517926506362682892e-01,-5.470269220655851750e-02,4.398492047514436232e-01,-7.758096507642396611e-02,7.411480546006613546e-01,6.423532749416387411e-01,-6.000126144117327170e-02,1.822776986109876651e-01,-9.514821486780529469e-02,1.970514748833381569e-01,-1.334104487756796742e-01,5.128213741537774872e-01,3.748387501041407222e-02,1.392253766376504165e-01,-1.845580015368349786e-02,-2.603302434580128666e-01,-6.300440496533711576e-02,2.949923363472375382e-01,-1.173386316130758944e-01,-2.881877398762664258e-02,2.860863237820812643e-01,-3.025300030782233085e-01,9.443252058491243828e-01,-1.038018791550946590e-01,7.061241455198580264e-02,2.101500869030116236e-01,6.480854386728438499e-01,1.058165717401519657e-01,3.916526985433472774e-01,-8.967280869802857213e-02,-2.669286520583957212e-01,-2.527562007964401225e-02,-2.114891942050621809e-01,1.601517620396931962e-01,3.874214045994839317e-02,3.460202984467164455e-01,-9.750003664368799006e-02,7.056323080931786729e-01,5.598336757398733043e-01,4.712506847808461269e-02,1.296114972871202364e-01,-2.146641766783452254e-01,2.047743083688432497e-01,-3.036321841605580940e-01,5.723511162739339797e-01,-1.215153292043575778e-01,1.013652976776411307e-01,-7.194144875776919967e-02,1.289699224550854839e-01,3.684133649355783580e-01,-1.963560113937760643e-01,-1.752779625059884550e-01,2.941507061300202217e-02,6.537345242448032723e-01,-4.369965924589456346e-02,1.544962539611565155e-01,-4.341294062561357192e-02,4.069035710840903097e-01,1.302214019663381628e-01,2.246904949640491644e-01,-2.016909584277256917e-01,-2.128153569094767272e-01,6.567031167475513576e-02,5.387871324789273997e-01,1.218656212016690082e-01,1.906070995446024902e-02
9.115414159085157009e-02,-3.379823853142843726e-02,6.359467193620301773e-01,-1.039648072279924715e-02,8.064624453576949570e-01,5.272212902282402691e-02,-6.708415174781960644e-02,-4.249665203385494944e-02,7.615941559557648510e-01,6.230144547534592625e-02,6.073701112343919961e-01,-8.338102903815809708e-02,-1.614077179543473850e-01,-1.509388782296484377e-01,3.796680896149841056e-01,-5.068151007411022396e-02,2.521405555279594354e-02,-4.436418778491802188e-04,6.584758440030795690e-01,4.475314776039907017e-01,-1.435430968917786876e-01,3.641630874404387375e-01,-7.013829539599722440e-02,-2.801744939733437634e-01,-2.597506093681380968e-01,-6.466439156146831790e-02,3.419289554562177647e-01,7.710861687404911569e-02,-1.379994436185577600e-01,1.880163284741709906e-01,-5.898759499394779643e-02,-2.348322973358332733e-02,1.950371245677550713e-01,-1.368257952839008751e-01,-7.353396179624736850e-02,5.675524310292467955e-01,-1.779751775060013363e-01,6.196406027704987052e-01,-2.235367589672425104e-01,-8.501241763042975685e-02,-1.693879120302382857e-02,9.340093172490249174e-01,-1.702557944199765139e-01,7.142065856667072499e-01,-5.067902029512672685e-02,-1.929567233634233714e-01,3.406871786066244245e-02,3.300133868922945912e-01,-3.236206098322631092e-02,2.857243038415819419e-02,-8.416801898733344833e-02,6.891397105087238018e-01,5.417586174535303778e-01,-2.479823197350869701e-01,4.592518721475675192e-01,1.020040485917901030e-01,-2.793460027567440940e-01,-8.563551534817390176e-02,-5.043203488605607632e-02,4.110937094107382506e-01,2.344079381307042839e-02,5.667510546667648558e-02,1.732492372145991444e-01,-6.455574074563483200e-02,-7.724263292583356810e-02,1.137364840192166965e-02,-2.434854697138510160e-01,-9.774479701312344115e-02,-4.023964754539959277e-01,-1.186121433765295469e-01,9.195712494377970836e-02,1.706659576096029307e-01,2.320690155754501771e-01,-2.670144809130181596e-01,2.079647523551817478e-01,-9.352108872670988893e-02,-2.669555963177063784e-01,-1.300787718641915613e-01,-4.132070082029655755e-01,-1.955755449079328023e-01,1.293013520420715490e-01,3.053471047448678977e-02,3.539916164336729953e-01,-1.457504553923530954e-01
-2.846020421403113593e-02,1.321925653309716231e-01,1.632504110779426920e-01,2.320120079999682394e-01,1.110224845283413614e-01,-7.981773929954780189e-02,3.628232731021530655e-01,1.039568920312420597e-01,6.230144547534587074e-02,7.615941559557648510e-01,1.363927916667423135e-01,4.416015822903884835e-01,1.070846855973338202e-01,1.899764362391929140e-01,2.269800441195218843e-01,3.814633285631253146e-01,4.293552740243535282e-01,3.972929987039903188e-01,-1.070314486353121930e-01,2.352519681183985190e-01,-3.144978658990788684e-03,3.082953104411196854e-01,-5.404879739546851469e-02,1.615836652099496284e-01,3.510285185573301936e-01,4.067788996756496744e-01,6.645208577729175281e-02,1.737611828412938542e-01,1.806815748054297621e-01,3.150824077799773693e-01,-1.282265486285704380e-02,1.442988249847759197e-01,3.759883558813095772e-01,-5.654530091746635956e-02,-6.996996259090906833e-02,1.573798953713802240e-01,-1.571978709018323761e-01,2.530174680596800618e-01,2.503051501458757044e-02,2.967995605195103415e-01,-6.997460256700818726e-02,1.087229687282476598e-01,4.993612237077332816e-01,1.665590757705547875e-01,2.637169985470834144e-01,-7.434989664101067028e-03,2.475183303802947765e-01,1.962731976129290790e-01,2.902636785319671620e-01,3.393644379953474344e-01,4.289006444349531266e-01,3.812686732680610653e-03,3.053033252264589770e-01,-7.643933221807643064e-02,3.860008996360324574e-01,-1.249399604248995488e-01,2.903446449619856984e-01,3.459693694233927364e-01,2.329853138249488032e-01,1.496387113244099232e-01,1.824969839849129860e-01,1.187531209785634700e-01,1.847315949798314649e-01,-1.512661628979916351e-01,-2.327113985453192757e-02,3.499818791030525622e-01,2.239444406002037147e-01,-2.742429344923187351e-01,5.245809959674709033e-02,1.208722573430969505e-01,2.435836394194225429e-01,2.419259714258431282e-01,-7.932448437883672654e-02,2.488348724996340966e-01,5.481519861836469110e-01,4.448618231198935534e-03,2.246900607451590981e-01,-1.696055663238890399e-01,-1.641184456945164044e-02,3.781425626853584382e-02,3.212010433385905639e-01,1.882412287651534233e-01,-1.252277834683599572e-02,-9.313466915971195526e-02
1.710724595018470739e-01,-1.342543007269896005e-01,8.375993412051184750e-01,-9.243568167982336992e-02,6.997685959424867486e-01,-4.841214982012195800e-02,-1.231829378018142185e-01,2.069844354749919291e-01,6.073701112343919961e-01,1.363927916667423135e-01,7.615941559557648510e-01,1.056944507220713148e-01,-1.487780186656777193e-01,2.222021025234102720e-01,3.320345132857698833e-01,-1.484838516013320397e-01,4.016874911367105533e-02,-1.114147350778469381e-01,8.025425318442388489e-01,3.730829386222855315e-01,-2.336193400215697824e-01,2.902079780506198192e-01,1.112189155596123580e-01,-1.746046124627965712e-01,-3.821939779667034576e-01,-1.192606991994936277e-01,2.558483236910114034e-01,3.766089355566857866e-01,-1.496901590925655279e-01,2.575659331909095906e-01,-3.332211408962042209e-02,2.095040657230810288e-01,2.035338462341562960e-01,-6.924063038715155827e-02,-1.200943779423072483e-01,7.570655355328239633e-01,-1.802918150045101642e-01,4.885478383145089865e-01,-3.588706601341408176e-01,-2.219994813977354819e-01,2.142652171289883001e-01,5.533098981325633714e-01,-1.181216214333014741e-01,9.007599770095061631e-01,7.326941530677681669e-02,-2.728180376495059622e-01,3.901734232337474850e-01,2.042570866358815462e-01,-1.304671464956991822e-01,9.182816685792700995e-02,-1.058966398520072572e-01,7.620780533494092568e-01,5.084071638887721623e-01,-3.116747593231061209e-01,3.689462731261633488e-01,2.395803287215742261e-01,-1.938082107319319680e-01,-2.319464458624617142e-01,-1.113690964213632506e-01,2.380725830558510780e-01,1.417584435178868840e-01,-1.109477764745571554e-01,2.820784324971309376e-01,-1.084932005288473805e-01,1.187937434276915422e-01,9.619709184863943496e-02,-3.191642958600715563e-01,-2.082496017495795715e-01,-5.288860070856550299e-01,-3.491662104063945060e-01,-4.518086282544793442e-02,2.674622867133048532e-01,2.464796836631137078e-01,-1.322547889001000898e-01,1.134947547262273732e-01,-1.359471211637052201e-01,-3.452584037004318707e-01,-2.555912027618416071e-01,-5.301131899728334096e-01,-4.411589091764424597e-01,-1.098664113529858738e-01,1.187465559927193132e-01,2.394100574320110197e-01,-1.549098621625669137e-01
-1.368594481613705054e-02,7.372288065365438514e-02,4.140925371929545656e-02,1.241554605647550297e-01,2.132581151935194694e-02,1.582973025338088036e-01,1.659425372446457214e-01,6.049717586579406170e-01,-8.338102903815809708e-02,4.416015822903884835e-01,1.056944507220713148e-01,7.615941559557648510e-01,5.137727382368207502e-02,3.560801893009094554e-01,1.189034975661043981e-03,-3.675005834031336294e-02,1.210508534294773703e-01,1.080599225529323693e-01,6.950650257141047228e-02,6.592882899187373080e-02,1.948179504993248767e-01,5.542646614482431289e-02,3.332712905149702864e-01,6.422325559184528521e-01,6.980117032457487311e-03,3.008939718939251939e-01,-8.065690176271263223e-02,1.363973393009237367e-01,-1.221117809573015328e-01,5.525912280232663232e-01,-5.026091402085636206e-02,2.102786305695657776e-01,8.054660704346068567e-02,-3.801949674660550227e-01,7.224180435856954446e-04,1.437006768662840717e-01,-4.822103105788589500e-02,-3.737153566584387743e-02,2.689541425610469938e-01,-8.936160260194826472e-04,6.167753709973878840e-01,-9.124908523750641098e-02,3.730298656291272663e-01,1.215594417706551411e-01,7.655566838426722809e-01,8.957448271589030231e-02,4.669843110147786636e-01,-8.382815165781093425e-02,-4.034322749231940286e-02,2.826157652998942948e-01,8.032110912560425087e-02,1.038552571138628700e-01,1.588257661080270666e-01,1.343280952582871224e-01,1.496701575068126455e-01,2.734221667890503471e-01,6.270124310603268913e-01,2.497364830712156814e-01,3.476124225432324355e-01,-5.833484648093784780e-02,1.242325730157872454e-01,-1.889380340692624616e-01,6.069938106407820610e-01,-2.122738889782442295e-01,3.850420235134327518e-02,-4.180888932367778088e-02,3.137937471404669276e-01,1.464405347829252080e-01,2.058873533028675595e-01,2.087377027744909408e-01,3.650290557301787836e-02,5.393578864614320123e-01,-4.975463939838102589e-02,3.293280935940388621e-01,2.951500041892920478e-01,2.201398270274993463e-01,1.785366209432077689e-01,8.771574300582124506e-02,1.529679669551615440e-01,2.366312518854211400e-01,7.344121592826260980e-02,5.679961507407997878e-01,-2.685115528447648559e-02,1.037796889013667817e-01
-8.477439187274621313e-02,-5.714935396695509928e-02,-1.761140405167141987e-01,3.635848087282542718e-01,4.688741382953109937e-02,6.085077721763558767e-01,4.798887771632824872e-01,2.120597241779885178e-01,-1.614077179543474128e-01,1.070846855973337369e-01,-1.487780186656776915e-01,5.137727382368211665e-02,7.615941559557648510e-01,5.644034473649850447e-02,1.408806003337972901e-01,3.417939604254467967e-01,6.255098216322504401e-01,4.399761774813173987e-01,-1.596538509877429846e-01,2.779846428707949957e-01,8.116560951592140249e-02,2.953397765528473218e-01,5.028925924333063277e-03,-5.853591544232777943e-02,2.746761111276963541e-01,5.506132975164045318e-01,-4.719545001822430565e-03,1.858725298852050289e-01,4.683116652737372987e-01,4.677981410382199834e-01,3.735926070981642755e-01,1.398200078173725269e-01,1.835123790513164543e-01,3.190101511600389877e-02,-2.328458533270913455e-01,-1.492778597190474732e-01,6.207754734337874586e-02,1.331824853944749143e-01,3.719049223675252036e-01,6.612617846533808130e-02,4.561297551885928891e-02,-6.426663208691642259e-02,2.714128066007783779e-01,2.229986214300738387e-02,2.162983274766273334e-01,7.073912549988207177e-01,-1.273054715770828267e-03,7.434052761257128883e-02,2.569135531822772101e-01,3.682682197755744458e-01,2.456456132282703320e-01,9.852194037628221601e-03,3.255158478992044024e-01,3.045242127102255891e-03,3.325246660733336967e-01,-8.189490958727624337e-02,-1.423848935274884403e-02,1.743261245959950578e-01,2.609270413794685939e-01,4.960651083129968136e-02,2.486797837760683361e-01,2.202897760925538184e-01,4.558138925159828658e-01,1.700343663912854686e-01,8.651821402956141882e-02,-1.824966851704810586e-02,5.160641541201781424e-01,-3.998201911676408510e-02,-1.708053675468878541e-01,1.288574510309998533e-01,3.268658752030852432e-01,1.476185770726894386e-01,3.508290708454955831e-02,-7.438453723374130466e-02,2.157636575347138541e-01,3.748472077998680208e-01,5.697254381211879215e-01,-1.254760136069983933e-01,-1.780864206562994545e-01,3.799052231585233613e-02,4.218218370967103947e-01,-1.009289336092613065e-01,4.519006010501604165e-02,-2.177599207664512038e-01
-1.158071326785098110e-01,3.650437481994440320e-02,7.122752034237839203e-02,3.104385096987148929e-01,2.910914049640046103e-02,2.131459947267093646e-01,-1.898198177787099039e-01,4.846438947258146501e-01,-1.509388782296484377e-01,1.899764362391928862e-01,2.222021025234102720e-01,3.560801893009094554e-01,5.644034473649855999e-02,7.615941559557648510e-01,3.337214887499266591e-02,-7.276894857177126918e-02,2.032858886083064864e-01,4.911034414906416401e-02,1.221780256567803341e-01,7.701366087762623325e-02,-1.482894093558422867e-02,9.681805234434073815e-02,2.857405401730989114e-01,3.305664502079121991e-01,-4.302085728351665028e-02,9.796693371410075679e-02,-1.313371210926549404e-01,-3.131294913336991892e-02,-7.049132416991073236e-02,4.121027488752110335e-01,1.642050917270596044e-02,-1.297072747554154915e-01,1.554391481718120638e-01,-5.956389090141073900e-02,-2.023360233816499237e-02,1.434260396083818501e-01,3.002758746787098643e-01,9.533565150364801954e-02,2.429256631962706248e-01,-1.977907889397468311e-01,5.181960691236828787e-01,-1.820700823985765548e-01,2.332570845014783345e-01,1.762151379408619933e-01,3.928214261636013283e-01,1.068261762179792129e-01,6.475028428228866151e-01,1.344192421558278172e-02,-2.268303007073059138e-02,2.904340133689001791e-01,1.852861553947141859e-01,1.710437206987530101e-01,1.086269484868028490e-01,-5.808356619706572799e-02,1.247421156180796992e-01,2.788393218182115829e-01,3.226207725224025102e-01,7.630694183597687419e-02,2.051534385205673050e-01,-9.942829950378426207e-02,-1.197838180005264541e-02,-8.526181939148987088e-02,5.624664807912628239e-01,-4.032795432730032492e-02,-3.706084881012079030e-02,2.698582329364337951e-01,1.501292055813022441e-01,-3.377040224094957771e-02,-8.892215356376466373e-02,4.157025653747885297e-02,8.392258865001074597e-02,3.813667964519631970e-01,1.082010082001682964e-02,1.533825699080972327e-01,3.441607815052152852e-01,4.186249641320780035e-01,3.178981091494750139e-02,6.869737687994741104e-02,-1.217669746370110273e-01,7.197488770811005798e-02,7.490920521368869822e-02,3.745897765761898590e-01,-2.035957184200077198e-03,1.551070407842743137e-01
9.756159776885370283e-02,4.545525469707305533e-01,4.333791947427613755e-01,-2.212015761122398602e-02,4.912458904802302628e-01,-2.836917417034319489e-02,2.827201686969129657e-01,1.351420813531700044e-02,3.796680896149841056e-01,2.269800441195219398e-01,3.320345132857698833e-01,1.189034975661016225e-03,1.408806003337972901e-01,3.337214887499261040e-02,7.615941559557648510e-01,3.879654270541089689e-01,1.791100616324219907e-01,3.233433570395988776e-01,2.691233622174671880e-01,6.899759995925167644e-01,5.600483661450454953e-01,7.739387574956819726e-01,9.912930012761708709e-02,2.990237164930619959e-02,2.744549050193597073e-01,6.086531225708404769e-01,4.782831930450969216e-01,4.418085205535239868e-01,6.094387369472695770e-01,1.481936941210520720e-01,1.534796156907337339e-01,6.864400494266451602e-01,7.067236244412495871e-01,1.826670208499686088e-01,5.468811375230807625e-01,3.494055810169667264e-01,2.157469710296102544e-02,4.861504776595396149e-01,5.020049624018917828e-02,4.382939335559501437e-01,-1.235638288609474250e-01,3.749600428345311598e-01,2.542214000698198584e-01,4.247645996110854805e-01,1.466603352738778121e-01,1.711383758965930590e-01,2.021512731422495379e-01,8.952351019924225106e-01,5.202524363627653026e-01,1.230062362663638664e-01,4.211517781357839163e-01,2.879194059377676029e-01,6.264367662726207930e-01,5.402678294259786185e-01,7.066734190824019990e-01,1.907258604979232275e-01,-4.355925442505802908e-02,4.069827555598515278e-01,5.725450593196802496e-01,5.622002253937291583e-01,4.195473920598177808e-01,6.460033153848723231e-01,1.369872780714972982e-01,3.532583356702335142e-01,4.915788397772393181e-01,3.815493878507130732e-01,5.234387075383480914e-01,-3.639666077633939290e-02,-5.930291825773832681e-02,1.597229697381843602e-02,4.106563442149024218e-02,3.377040035026425413e-02,-4.191668492818226982e-02,-1.259100735679835326e-01,1.899482836381857775e-01,1.003078751427484983e-01,5.499853485505765693e-01,-3.785612527940777905e-02,-9.911496971216447738e-02,-4.840933726088970240e-02,1.846502493317339344e-01,-8.376477867051215775e-02,3.123222398305630643e-01,-7.564227495308280258e-02
2.421806669497338915e-01,4.414170424564020090e-01,-7.886757440791973550e-02,6.237485428668736870e-02,3.164012447522008414e-02,1.638840661268231580e-01,2.362588133563554016e-01,-2.268870712359371544e-01,-5.068151007411022396e-02,3.814633285631253146e-01,-1.484838516013320120e-01,-3.675005834031336294e-02,3.417939604254467967e-01,-7.276894857177126918e-02,3.879654270541089689e-01,7.615941559557648510e-01,4.316516187671302074e-01,8.152143625733141441e-01,-1.875636419621506956e-01,2.664576105955568375e-01,8.292889874289297025e-02,4.392254860756876766e-01,-1.533932442980742161e-01,5.076409728792254800e-02,2.846049391256993411e-01,5.683201970459113017e-01,4.919170016487418688e-03,3.324598844118423213e-01,5.482954443733187855e-01,1.079849387537512584e-01,2.896464058287187004e-01,3.009579679109928296e-01,5.386946553988871678e-01,2.355477317767108447e-01,3.600067919195423793e-01,-7.707654303656853723e-02,-4.686126674387645213e-02,8.132643089999937180e-02,6.040830260814197827e-02,2.014512519658671341e-01,-3.870122771472840895e-01,-2.529159799999477348e-02,3.517520765681435568e-01,2.632498115211175170e-04,5.898175970226372800e-02,2.670615632928671768e-01,-1.356824138439441663e-01,3.752980419797711797e-01,6.715611008375111934e-01,3.490400876611888803e-01,6.609045263401133186e-01,-4.714741454593764786e-02,2.225833436845447988e-01,5.706903305635591117e-02,3.250680882367151803e-01,-2.241644304680913136e-01,-1.788028102448019005e-02,4.472684028335451312e-01,3.547469963153074834e-01,-3.039832565759972849e-02,2.244445642275962327e-01,3.386359954989389132e-01,-3.301904962596909337e-03,3.747374425639437012e-01,2.434785878145580285e-01,2.948137748262631419e-01,1.475834367069540354e-01,-3.300082553384855455e-01,1.314465825429364798e-01,1.514069496828681916e-01,1.649193251069123178e-01,7.888390701696720853e-02,8.797747099902823720e-02,2.812777259789299780e-02,2.297566474710787676e-01,-1.665201009072655725e-01,2.584082972988820393e-01,-3.862672229320978090e-01,6.301522088753196138e-02,6.235480636012747518e-02,2.796616980658506169e-01,-8.709761157802954623e-02,-1.024971608433374454e-01,-2.833531641696348385e-02
-1.604783652345726785e-01,-2.003144942718378674e-01,5.207485741861547085e-02,3.376420065958736227e-01,8.668003485079688042e-02,3.336212491032281569e-01,4.613406795393634185e-01,-4.306378906188786798e-02,2.521405555279599212e-02,4.293552740243534172e-01,4.016874911367108308e-02,1.210508534294773564e-01,6.255098216322505511e-01,2.032858886083064864e-01,1.791100616324220463e-01,4.316516187671301519e-01,7.615941559557648510e-01,5.963926794975304979e-01,3.693298203121759410e-02,2.300787929587757019e-01,-1.330280895903862559e-01,2.397936663819777992e-01,-2.282130795325380546e-01,-1.622552941905760771e-01,4.217988808416391899e-01,3.294700544072517445e-01,3.103313131823852780e-02,2.922473288822741502e-02,2.978011861065932298e-01,4.724302365358607481e-01,1.111607592826277663e-01,1.510135029860608380e-01,2.661677354856075151e-01,-1.171328532279434370e-01,-2.842757066848957126e-01,-8.500441793454160955e-02,3.620481946223799014e-02,1.545154979238852755e-01,1.079476993749776403e-01,2.230595839322978280e-01,-1.992901442233311615e-01,7.183303104690179353e-02,5.584963809857572681e-01,1.101630104105339042e-01,9.624493079581653010e-02,3.277245520232577314e-01,1.584418445953087451e-01,8.907481389149925211e-02,1.805113675950355823e-01,6.598530135284811360e-01,3.703872807560725233e-01,1.844804045323962249e-01,3.234118075968216988e-01,-1.785801129246610552e-01,3.101717476120500749e-01,-3.270797372751601539e-01,-6.510165883369460615e-02,3.555301639157238403e-01,1.093070013281637470e-01,4.439223061015377253e-02,3.348760796391077321e-02,4.504712645390127057e-02,5.291742049402633485e-01,3.470874899687204779e-02,4.576294636565476220e-02,1.418774234551046509e-01,4.466112521779851963e-01,-1.388716398593263512e-01,5.992924494923576595e-02,-1.742614379638963290e-02,3.519524918119312229e-01,1.725293516292453200e-01,1.867163421170356663e-01,7.426036958741948080e-02,4.053863247088579924e-01,8.865964515069132967e-02,4.914430124581334880e-01,-2.244387017124793715e-01,-2.987191500865022178e-02,-1.996608245611804569e-02,2.057817009911902528e-01,3.397284320078843706e-02,4.970936781844146474e-02,-3.611585843737243756e-03
9.908411868908090225e-02,2.878110631471371694e-01,-4.869600668108864383e-02,1.453084510437505639e-01,1.276827072788879781e-02,1.019609216652836436e-01,2.147079678819649728e-01,-1.321218818809009043e-01,-4.436418778491663410e-04,3.972929987039903188e-01,-1.114147350778468964e-01,1.080599225529323137e-01,4.399761774813172877e-01,4.911034414906413625e-02,3.233433570395988776e-01,8.152143625733139221e-01,5.963926794975303869e-01,7.615941559557648510e-01,-1.514801987331651778e-01,2.903958607124045854e-01,-2.955179582733319724e-02,3.544719785448459115e-01,-2.790769209895669345e-01,8.564105022177469217e-02,2.020125743132917262e-01,5.607540527813714704e-01,-1.109966794704492637e-01,2.551801815739023205e-01,3.885991727688138386e-01,2.287261657369719647e-01,2.655637029402327931e-01,3.573422816150968462e-01,4.367902024212932943e-01,1.249306752086589423e-01,1.335101872895937125e-01,-1.294241701326607208e-01,-1.024333519295344969e-01,6.917399129786101775e-02,-6.790206308672626541e-03,1.246802333460474144e-01,-2.835662136316678406e-01,3.239510904554883386e-02,5.199818167166525562e-01,9.108418049200379951e-02,1.014328478364489305e-01,3.124663826077714868e-01,-2.975972998452639656e-02,3.129912687198973531e-01,5.382066146377614269e-01,3.694925928476029409e-01,6.295390598011438854e-01,5.934266476432328158e-02,2.983164168363935942e-01,-6.778253584650244246e-02,3.552460659433667178e-01,-3.282164383762728455e-01,7.931262953387387127e-02,2.954548316094668392e-01,2.612543388354250373e-01,-7.765253624432741364e-02,2.471596255875831150e-01,1.781264284458377034e-01,1.008849518151706537e-01,2.970656546083243477e-01,1.650324176270387133e-01,1.446857889647928941e-01,2.868693152936472868e-01,-2.611834109564015183e-01,2.283316262473715219e-01,2.028345516738804810e-01,2.505180911826426771e-01,6.128060474033732857e-02,9.725680064569393324e-02,-6.355154449019233265e-03,2.704495318271576410e-01,-1.075590276293184565e-02,3.089470667403673154e-01,-3.322143369008391800e-01,1.717913028430069211e-01,1.026695085145157699e-01,2.630937191248212126e-01,-9.789989133386522990e-02,-7.621036553421482729e-02,7.414096576765838442e-02
1.696573362167705101e-01,-1.902794387824688072e-01,8.182576455792338610e-01,-1.363020341247974110e-01,5.149428872585222194e-01,-3.034406781093692065e-02,-2.637831527717469648e-01,1.517926506362682892e-01,6.584758440030796800e-01,-1.070314486353122485e-01,8.025425318442387379e-01,6.950650257141059718e-02,-1.596538509877429846e-01,1.221780256567803341e-01,2.691233622174672435e-01,-1.875636419621507511e-01,3.693298203121760798e-02,-1.514801987331651500e-01,7.615941559557648510e-01,2.431534958879887076e-01,-3.374246843688610831e-01,9.488133518476853101e-02,1.952411470705768537e-02,-1.634821629088863970e-01,-3.662854022423431832e-01,-1.547729835884121274e-01,1.360689617903446114e-01,1.946791117168852059e-01,-3.675595068388453068e-01,2.355897839570225971e-01,-9.480465792790462864e-02,5.541480634976107822e-02,6.769109964188758932e-02,-1.067309993922246902e-01,-2.057262297101235538e-01,6.000385965225638607e-01,-2.160182431794381575e-01,3.031679694642719358e-01,-5.071181230958948793e-01,-4.802176488635183649e-01,1.151521338713410864e-01,5.827692586587556178e-01,-2.543256736699071041e-01,7.757604387187324591e-01,9.194611751307238401e-02,-3.811619172437983316e-01,2.393470649254027804e-01,1.028252341218953564e-01,-3.097826153484030121e-01,-1.790223952206829172e-02,-2.370630956422668800e-01,8.714836290059577717e-01,4.052973940446250589e-01,-4.329989699287026261e-01,1.729964639692458672e-01,6.246658735000432811e-02,-2.769733495377564858e-01,-4.139755018049449120e-01,-2.686952282174959183e-01,-3.748621988557536422e-02,1.548845382701744683e-02,-3.047764816569236701e-01,2.093239425470050097e-01,-1.922441024509650154e-01,1.835747660374831280e-02,-1.399943106454017427e-01,-3.477981193329670040e-01,-1.962396167962064397e-01,-4.926351344738319482e-01,-3.890412125700581369e-01,-3.632246015529373012e-02,2.322227513297419332e-01,1.666803087016070495e-01,-2.687976230841128134e-01,9.405570565559781548e-02,-9.636823725009846520e-02,-2.597834647472987424e-01,-2.491915710787554750e-01,-4.602762267067715962e-01,-4.643388256681907356e-01,-1.222610356249877739e-01,1.438976681143433467e-01,1.489007804169843741e-01,-1.407671614102536106e-01
2.951952608925514920e-01,1.822237681568563694e-01,4.136227747255097342e-01,1.239155750648691934e-01,5.663977155178469003e-01,-8.755957592837586290e-03,2.581053028016395134e-01,-5.470269220655848974e-02,4.475314776039906461e-01,2.352519681183985190e-01,3.730829386222856980e-01,6.592882899187374468e-02,2.779846428707950512e-01,7.701366087762624713e-02,6.899759995925165423e-01,2.664576105955567820e-01,2.300787929587756464e-01,2.903958607124045299e-01,2.431534958879886799e-01,7.615941559557648510e-01,1.166236502792229041e-01,8.736629604414616335e-01,-1.714449687551570234e-01,-7.213738014400028487e-02,-1.267694331651614270e-01,4.342635345293691662e-01,1.616278830701320113e-01,6.080529787669188835e-01,5.509390506840414758e-01,2.281949252847221554e-01,2.434944994942750407e-01,6.703857237669020863e-01,6.220510505172152094e-01,2.674368534510586093e-01,2.848660796912655946e-01,4.596874011918895553e-01,1.088772005806120345e-02,5.720908015125835133e-01,4.184747065255997600e-02,3.291454597578020169e-01,-1.058954831383262518e-01,4.097596732256312824e-01,1.520610681618477233e-01,4.337380634866431217e-01,1.774384555265399177e-01,2.732494166870926278e-01,1.183613889659910073e-01,7.067787021824081251e-01,3.032535645480582964e-01,2.334309932924336362e-01,3.773943258781379262e-01,3.018623201806426848e-01,9.158275722779727346e-01,7.425923410453874607e-02,7.158771063202902241e-01,4.440754999376102935e-02,-1.025038936370072373e-01,1.076322080966087696e-01,3.348073601385030407e-01,3.688518417319795462e-01,5.815465486842206211e-01,4.875184189623784636e-01,1.646304040896757193e-01,3.984020897458099841e-01,4.593800432684343460e-01,4.324658314176409446e-01,3.393425465950482556e-01,-3.204837215352498436e-01,-3.013218846101574089e-01,-1.472176119331361673e-02,-1.601144608762919697e-01,1.525274118982606064e-01,2.080686996964371538e-01,-1.300530727610131887e-01,1.661099087612690206e-01,2.467711839697779574e-02,3.770088761508653685e-01,-3.046655002710846882e-01,-2.985303312836368739e-01,-1.532854378220638303e-01,1.837054339910550449e-01,-5.058592165355782488e-02,3.624747237455690496e-01,-1.561139850683541663e-01
-9.748962748561083858e-02,5.786079739185222559e-01,-1.409438634326878326e-01,-7.335271136836719885e-02,-5.641798642580098111e-02,1.071384934978200504e-01,1.614484727740343392e-02,4.398492047514436787e-01,-1.435430968917786876e-01,-3.144978658990774806e-03,-2.336193400215698102e-01,1.948179504993247935e-01,8.116560951592137474e-02,-1.482894093558422867e-02,5.600483661450453843e-01,8.292889874289301189e-02,-1.330280895903862837e-01,-2.955179582733323887e-02,-3.374246843688610831e-01,1.166236502792228763e-01,7.615941559557648510e-01,2.831293358427286466e-01,4.493942083445692237e-01,3.829685192537893856e-01,2.203539365099938807e-01,5.136625362234819026e-01,5.386335904929565044e-02,1.190974153403752261e-01,3.402776877781465981e-01,3.615408924875337243e-02,-3.990670316691665581e-02,4.018739217088457827e-01,3.830046046261909587e-01,-3.071737404349750636e-02,5.082894914737025038e-01,-4.272046438528454698e-02,-1.886145444619362621e-01,-3.448915059674015349e-02,6.862632637064562668e-02,-4.719907038358697737e-02,2.724689226823425736e-01,-1.632302589787214542e-01,-1.562971141057163948e-01,-8.645628679574755837e-02,2.973089921042750827e-01,-1.380870290001203204e-01,-3.474812900631765733e-02,5.648205250896956020e-01,1.064563572175518530e-01,-1.871109695897525682e-01,-3.960632607721862458e-02,-2.610743921393206546e-01,1.538581556311841847e-01,8.698099519192425966e-01,2.859218933988403877e-01,3.689571473963968451e-01,3.870091353683603463e-01,2.361631569785813678e-01,4.255131889118372035e-01,6.170677970871608908e-02,1.887866643797428967e-01,2.603124801223928864e-01,4.020347055925794014e-03,-1.139780487925979441e-02,3.405876536422139389e-01,3.267514964371703856e-02,2.906114731326688849e-01,3.881449674642624692e-01,6.637455523542643010e-02,1.143369012675320290e-01,9.025892342747111885e-02,1.752522561340927043e-01,-8.966972568164291446e-02,1.122235342850186751e-01,5.143711081999351176e-02,2.963761131118327619e-01,4.297478081711274545e-01,2.905869015654948817e-01,-6.364642026087274918e-02,9.184119790738591582e-02,1.596608041904341302e-01,-1.465731085738556858e-02,1.301951367524038956e-02,3.480297948682053999e-02
3.716168173295693600e-01,3.589334231144282183e-01,4.004104535672848852e-01,1.194569645324205925e-01,4.851182003876559068e-01,1.558020671478489889e-02,3.156546703800516829e-01,-7.758096507642400774e-02,3.641630874404386820e-01,3.082953104411196299e-01,2.902079780506198192e-01,5.542646614482428513e-02,2.953397765528473218e-01,9.681805234434073815e-02,7.739387574956820837e-01,4.392254860756877322e-01,2.397936663819777436e-01,3.544719785448458560e-01,9.488133518476858652e-02,8.736629604414616335e-01,2.831293358427285911e-01,7.615941559557648510e-01,-7.373185205339408133e-02,2.171778685234106079e-03,5.605329035033141533e-02,5.470270795774203609e-01,2.618968659439677160e-01,6.320978523545023320e-01,6.797968800670608491e-01,1.810994537696375695e-01,2.633194124127882230e-01,6.021248319597790610e-01,7.396441200842560626e-01,3.032273750842037763e-01,4.339900118042038790e-01,4.239521624342770245e-01,2.184522953256886474e-02,5.069906922336782085e-01,-5.092047535313198175e-02,3.044591506382682833e-01,-1.912355716391310190e-01,3.554757302694602217e-01,1.781478636427589191e-01,3.603459623617428775e-01,2.085583651400823302e-01,1.886260964522253614e-01,9.762400247599725689e-02,7.641993109374564108e-01,4.361295313972330945e-01,1.879543979415609911e-01,4.152450252222020244e-01,1.877903730099960700e-01,8.285832870678813133e-01,2.094931008242402193e-01,8.182297288932321999e-01,6.204767562964318139e-02,-9.038846618670132171e-02,2.060355775892197538e-01,4.298462408418806668e-01,4.207210291967098947e-01,5.030085212855208709e-01,5.399793123230157699e-01,1.377969356880437979e-01,3.660685655436705099e-01,4.351317298680044132e-01,4.588422505243852645e-01,3.186211198720422799e-01,-3.098743869373750126e-01,-2.066981421502654404e-01,7.593668898271778434e-02,-9.580116913784572641e-02,1.808584084743005416e-01,1.933700393969650932e-01,-9.194785387543269461e-02,2.936697515019457971e-01,-3.689913026066634488e-02,4.253616150009536523e-01,-3.639136328695861122e-01,-2.649974894287315808e-01,-3.809907797987552996e-02,1.847275920708008889e-01,-3.654903678502280373e-02,3.123697416851587416e-01,-1.197514739199974088e-01
8.147836037796360106e-03,2.340896396257287349e-01,1.415533608532612286e-01,-2.224440646805463384e-01,1.174179808333504910e-01,4.797456093248163023e-01,-7.699685175223615341e-02,7.411480546006614656e-01,-7.013829539599722440e-02,-5.404879739546848694e-02,1.112189155596123857e-01,3.332712905149702864e-01,5.028925924333118788e-03,2.857405401730989114e-01,9.912930012761711485e-02,-1.533932442980742716e-01,-2.282130795325380546e-01,-2.790769209895669900e-01,1.952411470705779639e-02,-1.714449687551570789e-01,4.493942083445691682e-01,-7.373185205339402581e-02,7.615941559557648510e-01,4.031082371110993323e-01,5.230313469383607305e-02,2.058780419716735866e-01,9.984278124858399217e-02,1.972238517456128826e-01,-4.044013307246538402e-02,2.596773676042788970e-01,-3.221889622805122061e-02,1.380544326361954899e-01,1.075597594237032682e-02,-1.096793188506743483e-01,1.365601903796424266e-01,2.695718552668400214e-01,-1.593265934300756581e-01,-4.947841620859366740e-02,2.723110482590149206e-01,-3.775640174941685134e-01,6.649693352127908907e-01,-1.418384711193829417e-01,-1.870553974088952354e-01,1.409738301089026036e-01,4.807254996223999655e-01,-1.102970218780627704e-01,4.336304463815255916e-01,9.196929204157182347e-02,-1.785796454119900623e-01,-3.303530914580328770e-01,-3.197336932549433297e-01,-4.792776669129469175e-02,-6.900018850022807126e-02,3.599861120696075112e-01,-8.466016380081323178e-02,8.789419014917073669e-01,3.052306669880746615e-01,6.567423651943714302e-02,1.353451973041353840e-01,-1.158468370410925263e-01,1.978537475115531574e-01,-1.610136141920669173e-01,1.922279167298802938e-01,-6.050428945453464880e-02,1.359406607122687904e-01,-9.513285464086768117e-02,1.470025780308161223e-01,2.758863934235724624e-01,-1.820683656759697344e-01,-9.010052035940874227e-02,4.884501893725704674e-02,3.671587953767708190e-01,-2.049481665190494573e-01,5.717016901014455865e-02,-5.739981260724591472e-02,3.111522178611748624e-01,2.449278305765585917e-01,6.737418231295247070e-03,-1.886458190855648254e-01,-1.249551172224138695e-01,1.395503301633281845e-01,2.358650505005192854e-01,1.369550975559002404e-01,-6.829742848637966601e-02
-6.205664651597470743e-02,4.275423482700906330e-01,-1.070704098890868927e-01,1.399269286342836888e-03,-2.197730585033217388e-01,3.948102190963201363e-02,-1.346384098467998947e-01,6.423532749416387411e-01,-2.801744939733437634e-01,1.615836652099496007e-01,-1.746046124627965712e-01,6.422325559184530741e-01,-5.853591544232777943e-02,3.305664502079121436e-01,2.990237164930618571e-02,5.076409728792261045e-02,-1.622552941905759938e-01,8.564105022177466442e-02,-1.634821629088863970e-01,-7.213738014400031262e-02,3.829685192537894411e-01,2.171778685234196284e-03,4.031082371110993323e-01,7.615941559557648510e-01,1.032998622548964573e-01,4.837279573604185146e-01,-1.758546008344963885e-01,2.946731043969371203e-02,-7.295536318672021792e-02,3.988451451364996569e-01,-9.217289832211193745e-02,5.610772813719899083e-02,2.181441453761334692e-01,-1.448633475682295502e-01,3.960029360365989737e-01,-1.897688958784511312e-02,-7.803001678435031452e-02,-1.664695051444596563e-01,1.654073193702657596e-01,-1.779000866194696273e-01,6.271094121461620041e-01,-2.580629009449737499e-01,5.466563252782693366e-02,-9.713145193795200139e-02,7.075012356744682096e-01,-7.450535670892090290e-02,1.496587537085583841e-01,1.057540430850694296e-01,8.575040765519936770e-02,-5.441153442719557504e-02,1.773513123415960402e-01,-1.278403810311337652e-01,-2.884518133891565781e-03,3.651870451350839319e-01,5.692783143643246474e-02,3.570135179435404149e-01,7.962453780403404568e-01,2.426184750888880082e-01,4.189309402754182177e-01,-2.158518283574477059e-01,5.333290763035900689e-02,-6.815299166208638182e-02,3.167309778232771933e-01,-2.264386677829420824e-01,1.674486295214205195e-02,6.378542209419382769e-02,2.555000519599519015e-01,2.754016014137718460e-01,3.214200676145099189e-01,2.410919088860016268e-01,9.085657621604345535e-02,3.567838024191816171e-01,-1.329260240666568782e-01,3.530338143705546994e-01,2.052207179022753625e-01,2.525722926829281345e-01,2.069641852016774475e-01,2.676909176050653594e-01,2.313213892722821574e-01,2.033258769870759652e-01,3.134835243316609621e-02,3.536682810954409062e-01,2.472949737538717579e-02,3.033110050354481668e-01
-1.035913310228643996e-01,2.041320696227690024e-01,-3.163649829082254006e-01,9.911390983153783862e-02,-2.084524152466892544e-01,2.177447018222079811e-01,4.520502661390179422e-01,-6.000126144117318844e-02,-2.597506093681380412e-01,3.510285185573301381e-01,-3.821939779667035686e-01,6.980117032457542822e-03,2.746761111276962986e-01,-4.302085728351662947e-02,2.744549050193597628e-01,2.846049391256993411e-01,4.217988808416391899e-01,2.020125743132917540e-01,-3.662854022423432943e-01,-1.267694331651613993e-01,2.203539365099939085e-01,5.605329035033147084e-02,5.230313469383624653e-02,1.032998622548965129e-01,7.615941559557648510e-01,3.877454863343439140e-01,9.695970739622035428e-02,1.179143995760567887e-01,3.822167905475188365e-01,1.502449215781038183e-01,8.627170485201186845e-02,2.793197773274240236e-01,2.757414248892317010e-01,-1.477227363130921844e-01,1.405141848503679153e-02,-3.240915085650102889e-01,-1.441352716157730945e-02,-1.865543080777450347e-01,1.400466561897664997e-01,3.263703302689174857e-01,-2.323766023172653961e-01,-2.938253325097225921e-01,1.953040328218769439e-01,-2.759824708792030235e-01,1.591253020980132327e-01,-2.729640878782701660e-02,-1.595492277741825393e-01,1.965848691476962395e-01,1.090375929447118669e-01,1.239745726666502540e-01,1.706425162327417366e-01,-3.244265301671124258e-01,3.817275320504314590e-02,2.938954713613032288e-01,1.375392757092517571e-01,-1.044219277996298045e-01,-6.781590405675512467e-02,5.358189888290302294e-01,1.789662821387178748e-01,2.282475903388454519e-01,1.910204739827718254e-02,2.131048974657915596e-01,1.162144869006948716e-01,1.342222430201865935e-01,2.113843825669883547e-01,3.342258675206011970e-02,3.487350984524129061e-01,7.532707739928284907e-02,1.642680843258048917e-01,1.060194099701369241e-01,1.934268669649085726e-01,1.313887853262531505e-02,-2.941918951127983073e-01,2.288599755914246803e-01,3.080675211209402686e-01,7.082074389888680377e-02,5.199232425901937349e-01,-8.287348851340635425e-02,7.034466489264418199e-02,1.525682457720336227e-01,2.242919163301365926e-01,-1.277244599865437202e-01,-1.153702057799290276e-01,4.281450315185351962e-02
2.520358409852745396e-01,5.735182742189661731e-01,-5.980994529782080946e-03,1.395577459650145236e-01,5.795934486190405105e-02,2.911981808559517271e-01,2.142395634910364832e-01,1.822776986109876929e-01,-6.466439156146831790e-02,4.067788996756496744e-01,-1.192606991994935445e-01,3.008939718939253050e-01,5.506132975164045318e-01,9.796693371410075679e-02,6.086531225708404769e-01,5.683201970459114127e-01,3.294700544072517445e-01,5.607540527813712483e-01,-1.547729835884121274e-01,4.342635345293691662e-01,5.136625362234819026e-01,5.470270795774203609e-01,2.058780419716735588e-01,4.837279573604185146e-01,3.877454863343439140e-01,7.615941559557648510e-01,-2.205461459489209408e-02,5.160697284988572386e-01,5.907773150421139485e-01,4.015600419783286745e-01,3.613471963383262930e-01,5.120507638173380505e-01,6.018510160459786817e-01,2.125226689535467117e-01,4.822987677192596689e-01,2.639945273306247911e-02,-3.027491372122996516e-02,1.423876476933692847e-01,3.185530890974581641e-01,1.781909501812634911e-01,7.666722258277629265e-02,-3.457619544512711279e-02,2.971294264009143871e-01,8.034568564190257278e-02,5.173266735372396008e-01,3.967092521361502144e-01,2.559573945033309650e-02,5.992199642955854388e-01,5.136169633183780281e-01,2.849158963785796694e-01,5.063147049784834097e-01,-5.438307603328538901e-03,4.755323862437738081e-01,4.056316453972999003e-01,5.144478811522347206e-01,1.875573988554863347e-01,3.378740786020499876e-01,3.991508706449605759e-01,7.849285239169015993e-01,1.888785849925666005e-01,4.259896667133248882e-01,3.744689183331860183e-01,2.872117487517732437e-01,3.016061759799636977e-01,3.906170203908943539e-01,2.801471965432614231e-01,5.535081212324869382e-01,-4.049611847451478619e-02,2.539303717071323963e-01,3.550993265222575634e-01,1.022076739002428375e-01,1.845314811233680075e-01,-1.647579031361446067e-01,1.954817014432682909e-01,2.414806098628169417e-01,2.352503889590771280e-01,5.301644945910981566e-01,-8.953969134395051155e-02,2.147448901153565237e-01,2.482919162595425278e-01,3.262983787857001716e-01,6.708897894796206005e-03,1.251761500573650987e-01,1.442727159472502740e-01
3.312420391819718285e-02,-1.288091123242143254e-01,3.765148023553790413e-01,-3.373388146787725805e-02,4.619253731991777023e-01,1.034103955690574422e-01,4.411188086810716169e-01,-9.514821486780530857e-02,3.419289554562178757e-01,6.645208577729175281e-02,2.558483236910112923e-01,-8.065690176271257672e-02,-4.719545001822453116e-03,-1.313371210926548849e-01,4.782831930450969216e-01,4.919170016487363177e-03,3.103313131823854168e-02,-1.109966794704492360e-01,1.360689617903446114e-01,1.616278830701320113e-01,5.386335904929559493e-02,2.618968659439676050e-01,9.984278124858396442e-02,-1.758546008344963607e-01,9.695970739622035428e-02,-2.205461459489209408e-02,7.615941559557648510e-01,1.404939868768619038e-01,2.756351484460218826e-01,2.116379114874668982e-02,9.497897732452884045e-02,1.226916930408988304e-01,2.150863391162431415e-01,-9.853221663426585397e-02,-2.607120570374030222e-02,3.194277505657330263e-01,-1.951231795015309634e-02,3.385250257120208661e-01,-1.088721896792645277e-01,3.857118280241225716e-01,-1.735840717851695747e-01,3.089756245581026239e-01,-8.456467116008188623e-02,2.893338143610428848e-01,1.392147508927265957e-02,-1.331430380136651159e-01,7.442703872373181151e-02,3.180796516231658710e-01,-3.331928411716998661e-02,-1.879002527831336866e-01,-1.101920857719607266e-01,4.340253530208151855e-02,2.963371901698365618e-01,2.588996729359663990e-02,2.962765963575990091e-01,1.493890669105608360e-01,-2.882923255221813141e-01,2.394128664928412559e-02,-2.040751374701007745e-02,7.974649813146467148e-01,7.245417475613703806e-02,2.373314150515311027e-01,-2.975861286682415438e-02,2.252418239123143151e-01,-5.562251716159451187e-02,-3.633051869648878940e-02,3.033319208866814068e-03,-3.414208809695113561e-02,-3.073734143913560701e-01,-2.104274720249039721e-01,1.793239273451024615e-02,2.233983671620964895e-01,1.096726433725239425e-01,-1.164710928320544236e-01,4.874847462894941336e-02,-5.616406197695338054e-02,1.680015016381345427e-01,-9.754439981985084385e-02,-2.759227509895039177e-01,-2.291152345278117120e-01,-4.450048238901693765e-02,8.736223021203128047e-02,2.714535182659097434e-01,-1.119659095928705328e-01
5.108775546109998178e-01,2.539624380074664289e-01,3.802155368831580673e-01,2.085505127227192390e-01,2.430845229199315172e-01,1.078812627199257079e-01,6.543566569289736845e-02,1.970514748833382401e-01,7.710861687404925446e-02,1.737611828412939097e-01,3.766089355566857866e-01,1.363973393009237922e-01,1.858725298852049179e-01,-3.131294913336992586e-02,4.418085205535240423e-01,3.324598844118422103e-01,2.922473288822744278e-02,2.551801815739023205e-01,1.946791117168851781e-01,6.080529787669187725e-01,1.190974153403751568e-01,6.320978523545025540e-01,1.972238517456129103e-01,2.946731043969371203e-02,1.179143995760567609e-01,5.160697284988572386e-01,1.404939868768618760e-01,7.615941559557648510e-01,4.330890716506192728e-01,1.578035877489224748e-01,2.965933457949520569e-01,5.893604674546160105e-01,3.299865490823802872e-01,2.296106339569736476e-01,1.634121163344105232e-01,4.242844492568244585e-01,-1.028928041997158038e-01,2.978034678094720888e-01,-1.684783767113367803e-01,-9.104175751940818406e-02,3.877807527455415237e-02,1.136289243148465855e-01,6.360417787659565503e-02,3.744656845417790314e-01,2.400163303362463640e-01,1.452627607573127311e-02,3.599647167019601190e-02,4.672105634920879491e-01,2.172567499079188780e-01,-7.067521469189617066e-03,2.714199837335906640e-01,1.776454213673177573e-01,6.104435582297976781e-01,2.066829092149950059e-03,6.321182818267514492e-01,1.680574143953073307e-01,-3.584678635345133705e-03,1.784242119877622601e-01,2.910994990946650929e-01,2.799728048132365532e-01,7.576124501069233519e-01,3.139717659583255993e-01,2.294262227858028247e-01,9.311421588708029828e-02,5.577410475502635467e-01,2.432122936227255339e-01,1.420226207204980662e-01,-2.592708939390255263e-01,-3.456992599668629595e-01,-6.640697947879337613e-03,1.300625151695926629e-01,8.014767603870440182e-02,1.372601044884945165e-01,-4.810692512382253733e-02,1.275789609077089271e-01,-4.783885445176958712e-02,3.155594612771134289e-01,-3.663306020645499261e-01,-3.922739285436904200e-01,-1.042491897927318861e-01,2.240215999945096292e-01,-1.404975248527128018e-01,1.918928964442508933e-01,-2.032741597734891159e-01
1.664456352382422955e-01,3.371123352000441331e-01,-5.230631549890298743e-02,1.718615252050017528e-01,2.539934729265469829e-02,2.319999821851295996e-01,2.926191957844388458e-01,-1.334104487756795077e-01,-1.379994436185578710e-01,1.806815748054297899e-01,-1.496901590925655001e-01,-1.221117809573014495e-01,4.683116652737372987e-01,-7.049132416991073236e-02,6.094387369472695770e-01,5.482954443733187855e-01,2.978011861065932853e-01,3.885991727688137831e-01,-3.675595068388453068e-01,5.509390506840414758e-01,3.402776877781465426e-01,6.797968800670609602e-01,-4.044013307246537708e-02,-7.295536318672021792e-02,3.822167905475189476e-01,5.907773150421139485e-01,2.756351484460218271e-01,4.330890716506192728e-01,7.615941559557648510e-01,5.919537892192597295e-02,3.036077069894413949e-01,4.999613139787332239e-01,5.451677996178433405e-01,3.884300396776423359e-01,2.708857579637857782e-01,6.635173005356916585e-03,-6.492337485749868908e-02,1.418730749979793260e-01,1.364882742734163101e-01,1.937207093889788401e-01,-3.309528289887671559e-01,-8.828454859317304282e-02,8.053940277643374668e-02,-3.887810815021491839e-02,1.009851352063440358e-02,1.972952163995518593e-01,-1.855976688085584636e-01,6.110513891877644710e-01,4.597613650549113307e-01,1.465908183521890951e-01,3.811791267882941869e-01,-2.577476926468845742e-01,4.970017188418619503e-01,1.827086246935621938e-01,5.305507961002531303e-01,-8.497034634414848964e-02,-4.144865628354794246e-02,3.031126352512907851e-01,3.482752108096705546e-01,2.831388622950788969e-01,4.678328872503491609e-01,6.322830792715928849e-01,-1.039597681948992991e-01,2.929179163405182251e-01,3.553885427550544374e-01,3.190480244057396497e-01,2.202219362919366208e-01,-2.846553622758464797e-01,-9.728046102171654386e-02,4.755402655166644094e-02,1.406108981732256125e-01,3.126282189468309464e-02,5.148718843733025852e-02,1.228797069750125204e-01,2.800269993334104091e-01,-2.515608365816005693e-02,4.600280710318123689e-01,-3.079672530813647446e-01,-1.766659452015494070e-01,-9.513106371409357775e-02,2.845750722555747125e-01,-1.619313430823264288e-01,1.643587470135252776e-02,-1.381503273254952313e-01
-7.175989210556868447e-02,1.306983714457243262e-01,2.650346477238322285e-01,1.324057796102002249e-01,3.514463425718072354e-01,4.229683232109145985e-01,1.327507361425523669e-01,5.128213741537774872e-01,1.880163284741709906e-01,3.150824077799774248e-01,2.575659331909095906e-01,5.525912280232663232e-01,4.677981410382199834e-01,4.121027488752110335e-01,1.481936941210520720e-01,1.079849387537512723e-01,4.724302365358606925e-01,2.287261657369719647e-01,2.355897839570225971e-01,2.281949252847221554e-01,3.615408924875337243e-02,1.810994537696376250e-01,2.596773676042788415e-01,3.988451451364996569e-01,1.502449215781037628e-01,4.015600419783287300e-01,2.116379114874670023e-02,1.578035877489224748e-01,5.919537892192602846e-02,7.615941559557648510e-01,1.693010955827098096e-01,8.125153344305700853e-02,3.088786609093487900e-01,-1.354862696847285164e-01,1.165173467636246435e-01,3.034981508692214391e-01,-5.720424575884537621e-02,2.880918512586727598e-01,1.343061984904729278e-01,-7.238181521885352077e-02,3.909649131183754456e-01,2.383221285393096189e-01,3.101287046777309042e-01,3.278297553931810437e-01,4.786679407981375145e-01,2.345189736828893479e-01,3.855884593404933502e-01,1.515831341416158384e-01,-2.811221908972017652e-02,3.589420536984406773e-01,9.973009271188036651e-02,3.296015893349351633e-01,3.571436587586804823e-01,-1.241751603024414674e-01,3.021430648579506717e-01,2.220879751820320769e-01,3.570696063990312363e-01,1.397583868618146319e-01,2.130414107199308238e-01,1.612037217440671633e-01,1.147221269061018678e-01,-5.556331806282445440e-02,6.747014919750449202e-01,-1.247930338835433889e-01,5.602552373041490286e-02,1.619420616910728639e-01,4.277017462677153437e-01,4.767217544087276777e-03,-2.049503011882534628e-02,1.725596630733541303e-01,2.607121677265988868e-01,3.263477135166688581e-01,1.029715062981801377e-01,1.016441995504236834e-01,4.118720126157095485e-01,3.532425769447769537e-01,4.162477795293215710e-01,4.555375302871935567e-02,1.279222314573320342e-02,2.017702818738890680e-01,2.283413107803582420e-01,3.921995880634249754e-01,2.437122348180955633e-01,4.325590725468833608e-02
1.044687453830356189e-01,1.038581989881133677e-01,-5.478146748342175437e-02,3.283621511999075815e-01,3.208410571176893711e-02,6.187656249463478753e-02,4.209109075651209370e-02,3.748387501041409997e-02,-5.898759499394776867e-02,-1.282265486285712706e-02,-3.332211408962049842e-02,-5.026091402085638982e-02,3.735926070981642755e-01,1.642050917270596044e-02,1.534796156907337061e-01,2.896464058287187560e-01,1.111607592826276969e-01,2.655637029402328486e-01,-9.480465792790468416e-02,2.434944994942749574e-01,-3.990670316691663499e-02,2.633194124127882230e-01,-3.221889622805122061e-02,-9.217289832211189582e-02,8.627170485201189620e-02,3.613471963383263486e-01,9.497897732452888209e-02,2.965933457949520569e-01,3.036077069894412839e-01,1.693010955827098096e-01,7.615941559557648510e-01,1.016970772370799914e-01,2.364701801853540952e-01,1.042760735484200424e-01,-6.609185828773266221e-05,-1.207060718413758837e-01,3.082756491276926192e-01,9.348971937675451538e-02,5.073968632270381418e-02,3.743218513006024706e-02,-2.691535286765121479e-02,-4.582339150150881862e-02,-6.278630929700924901e-02,-1.270684580566956712e-01,-4.797420698000954935e-03,2.412221537969950480e-01,-6.156429450910625399e-03,5.813362118495249420e-02,1.553465561480456003e-01,8.203493799623058635e-02,2.008956028627434942e-01,-6.525605833936388989e-02,2.032315753536629577e-01,-1.860372426006277891e-01,2.000971537321248883e-01,-9.860176457615202339e-02,6.181950329303581571e-02,1.213247080838265358e-02,2.347120072723911377e-01,1.114944051272798581e-01,1.212543032090758338e-01,1.765434537094235645e-01,6.370045205824334533e-02,4.394022791550953877e-01,2.872162645529412889e-02,1.881731101341694301e-01,2.159466708295211812e-01,-1.135428536494405977e-01,-8.734877125409011567e-02,1.209594265760644133e-01,-6.435607950254240706e-02,-9.312134351598382043e-02,-2.406288271241595611e-01,-1.365493965067008375e-01,6.040816558686579706e-03,1.407203655972942835e-01,2.485344180389147950e-01,-9.172893226887637863e-02,-4.319262029486100468e-02,7.216866334012489448e-02,1.547684262193790572e-01,-2.172185494837983455e-01,1.049752455598398082e-01,-2.762741246142328966e-01
-1.434622081707840821e-02,3.068260905514840764e-01,2.252055959180100930e-01,1.537807473345413900e-01,9.818678600050999294e-02,7.644717316220418779e-02,6.854141012431813618e-02,1.392253766376504720e-01,-2.348322973358335508e-02,1.442988249847758919e-01,2.095040657230810288e-01,2.102786305695657776e-01,1.398200078173724992e-01,-1.297072747554155192e-01,6.864400494266452712e-01,3.009579679109928851e-01,1.510135029860608102e-01,3.573422816150968462e-01,5.541480634976106434e-02,6.703857237669020863e-01,4.018739217088457272e-01,6.021248319597788390e-01,1.380544326361954621e-01,5.610772813719901858e-02,2.793197773274239681e-01,5.120507638173380505e-01,1.226916930408988027e-01,5.893604674546160105e-01,4.999613139787331129e-01,8.125153344305703629e-02,1.016970772370799914e-01,7.615941559557648510e-01,4.974928912082694499e-01,-5.732046893938647081e-02,2.736952112452770147e-01,1.297283485928574787e-01,-6.494230143867180116e-02,1.327327093936065683e-01,3.763526991492965879e-02,1.445397559703340828e-01,3.620921206603085196e-02,-1.013227187643587698e-02,1.992547877421068647e-01,2.526103860901782183e-01,1.639270810180920579e-01,2.690514189387335081e-02,1.584312619860021648e-03,7.285935795567589635e-01,3.660828106145136429e-01,-1.400645041644619539e-02,4.058007670425372027e-01,1.818493944555856778e-01,6.386933734478869029e-01,4.039277898627074426e-01,7.068117438881467152e-01,1.928177994814421481e-01,7.284365189026763276e-02,3.760655505491676265e-01,4.678331753034218332e-01,2.645812431579769308e-01,6.983797071617003915e-01,5.139785125624143358e-01,1.464586189456815180e-01,1.148683205694535636e-01,8.392310338772240863e-01,4.396736397283824149e-01,3.124490978690535603e-01,-9.272889844398977954e-02,-1.382355908568725922e-01,4.504952913762966943e-02,1.447832555462350568e-01,4.425454941560811456e-02,2.862061459714965866e-02,-4.127772135223186506e-02,2.759267760922136659e-01,-5.333265534476371028e-02,3.283048111056123264e-01,-1.563628413390501515e-01,-1.706991378272581239e-01,-1.601072858223371795e-02,3.120799489424455064e-01,-1.554092242954074055e-01,2.288171994799400311e-01,-1.420788669650648560e-02
1.032192575595654999e-01,6.308575996572438616e-01,3.092264776733738563e-01,2.236289570187491305e-01,2.550294534311352557e-01,-9.307375940836386252e-02,1.415169544120438994e-01,-1.845580015368345622e-02,1.950371245677550713e-01,3.759883558813095772e-01,2.035338462341562404e-01,8.054660704346065792e-02,1.835123790513164266e-01,1.554391481718120360e-01,7.067236244412495871e-01,5.386946553988871678e-01,2.661677354856074595e-01,4.367902024212933498e-01,6.769109964188758932e-02,6.220510505172152094e-01,3.830046046261909032e-01,7.396441200842560626e-01,1.075597594237034417e-02,2.181441453761334692e-01,2.757414248892318120e-01,6.018510160459786817e-01,2.150863391162431693e-01,3.299865490823802872e-01,5.451677996178433405e-01,3.088786609093487900e-01,2.364701801853540397e-01,4.974928912082693944e-01,7.615941559557648510e-01,2.137982254714034525e-01,5.206102490338432309e-01,2.364292971671839438e-01,9.315033397309377405e-02,3.068158265698915921e-01,-4.835131510514305286e-02,1.874963450473482729e-01,-1.478019867773616436e-01,1.590801518865167796e-01,3.003052598306854559e-01,2.446056332106714415e-01,2.097174376990576516e-01,6.734469334219317371e-02,5.835203485157522407e-02,7.493029251431648774e-01,5.257168137214571768e-01,2.352057154677635875e-01,6.399843437977141836e-01,1.699720701665305145e-01,6.025341797849816938e-01,3.537614530787900335e-01,7.040671956020545519e-01,4.752983531701345660e-02,2.385862687323528353e-01,4.518292739587210227e-01,5.159795617714107996e-01,2.772394370209916858e-01,3.884849338008552477e-01,5.660666760018686627e-01,1.454744224469819991e-01,2.676708310942378932e-01,4.032846891658135036e-01,6.002004289944830040e-01,3.846557264557067812e-01,-3.151677509158539170e-01,-1.886885935639501461e-03,7.090481247213969995e-02,2.068259817630911379e-01,1.588679430794411596e-01,1.052317084729539609e-01,4.950598111465576157e-02,4.849201127035526193e-01,-5.822769002394959093e-02,4.321096935591711707e-01,-3.184046327552196853e-01,-9.180291034146327578e-02,3.505209935489939001e-03,3.483355194844306446e-01,-7.192281385607685040e-02,1.623737059725980092e-01,5.958265354084552740e-02
1.958830648826753729e-01,2.471019625717564838e-01,4.796165168005040585e-02,8.589008190372939000e-02,7.249757232557035858e-02,-2.723684964654756735e-01,-1.328090904190093458e-01,-2.603302434580128666e-01,-1.368257952839008751e-01,-5.654530091746635956e-02,-6.924063038715155827e-02,-3.801949674660550782e-01,3.190101511600389877e-02,-5.956389090141075288e-02,1.826670208499686088e-01,2.355477317767108447e-01,-1.171328532279434925e-01,1.249306752086590810e-01,-1.067309993922246902e-01,2.674368534510586648e-01,-3.071737404349752024e-02,3.032273750842037763e-01,-1.096793188506743483e-01,-1.448633475682295779e-01,-1.477227363130921844e-01,2.125226689535466840e-01,-9.853221663426590948e-02,2.296106339569734534e-01,3.884300396776423359e-01,-1.354862696847284886e-01,1.042760735484200146e-01,-5.732046893938644305e-02,2.137982254714034802e-01,7.615941559557648510e-01,2.386962259123851238e-01,4.010218344855373540e-02,-1.480599826562610521e-01,1.614208069215740116e-01,-1.320881418074973390e-01,-2.024462333009579007e-01,-3.424282253245604091e-01,-8.841831394008926870e-02,8.826838683206711736e-03,-5.791862643220007517e-02,-1.004691807534421610e-01,2.826369841688027296e-01,-1.308124656298215172e-01,2.768765605452364054e-01,5.047006845567807432e-01,8.453162471137350142e-02,5.243716812021171902e-01,-1.204219951424863183e-01,2.367275557427027388e-01,-6.675567175919475127e-02,2.663263230803460391e-01,-7.791229606744680403e-02,3.670507178973903559e-04,1.091244169146008414e-01,2.064955185203357635e-01,-6.441206495885885841e-02,3.003022665574313632e-01,3.632184546258460656e-01,-1.266329699142054455e-01,2.231345291750012061e-01,-5.320173915092953065e-02,1.087614020668214859e-01,8.852913754855443185e-02,-3.664894193056740246e-01,-1.564702895549646700e-01,1.184995181980421329e-02,1.588164853304827040e-01,-3.174057505304644922e-01,4.524603496427031385e-02,-8.790259808252046114e-02,-6.204598015082211232e-02,-5.480643407417187807e-02,6.543934546768347127e-02,-3.992712896523241684e-01,-2.138635785182881333e-01,-9.369427155285195430e-02,2.414437806597967973e-01,-3.981342788623863371e-01,-1.299428060786224359e-01,-5.929961166439910031e-02
1.509439739399978386e-01,7.673491534226727362e-01,1.058777564238500696e-01,-2.809072745104266092e-02,-5.929744868601048019e-02,-1.756604109926702684e-01,-2.396594433642461608e-01,-6.300440496533715740e-02,-7.353396179624736850e-02,-6.996996259090904058e-02,-1.200943779423071928e-01,7.224180435857232001e-04,-2.328458533270913733e-01,-2.023360233816495074e-02,5.468811375230806515e-01,3.600067919195424904e-01,-2.842757066848957126e-01,1.335101872895936848e-01,-2.057262297101236093e-01,2.848660796912657056e-01,5.082894914737026149e-01,4.339900118042038235e-01,1.365601903796424543e-01,3.960029360365989737e-01,1.405141848503687479e-02,4.822987677192597245e-01,-2.607120570374030222e-02,1.634121163344105510e-01,2.708857579637858337e-01,1.165173467636246435e-01,-6.609185828773266221e-05,2.736952112452769592e-01,5.206102490338430089e-01,2.386962259123850960e-01,7.615941559557648510e-01,1.613133284482825558e-01,-3.338259671317501259e-02,3.659817022990283220e-02,-8.803169356675551172e-02,4.410217217859473647e-03,-9.821253046481905058e-02,-8.210164791412072338e-02,-1.497283267297925824e-01,1.277604389690080965e-02,8.171194961553188141e-02,-2.335401874939811717e-01,-1.110899145378321101e-01,6.877355572375049020e-01,4.245285506078622650e-01,-2.209380522458176122e-01,3.198331053766246823e-01,-1.234423869685360442e-01,2.494579268549230733e-01,4.417876023592633983e-01,3.906362644325952482e-01,1.564220655771423329e-01,3.903578587569807024e-01,3.056272751285548650e-01,5.057240331311989578e-01,1.335746272750372721e-01,1.402028801342077580e-01,3.797313145873232321e-01,-1.648964758866343916e-01,1.908209067608946374e-01,3.032678945133633897e-01,3.380897918234791466e-01,8.030152252726596718e-02,-5.897954093550216575e-02,1.261759166818926525e-01,-4.268670792022197930e-02,5.999515661756545104e-02,-7.160576038914344410e-02,-5.725253903102797692e-02,3.925697411621396904e-02,1.700118181708044629e-01,-1.063884463110475326e-01,1.039494816242887421e-01,-1.253895064224524181e-01,4.456728190438175030e-02,3.168287966908975989e-02,1.516212586976735666e-01,-1.719285724450961006e-01,-2.477603049574307256e-02,1.577426260266754365e-01
2.716969771104412734e-01,9.362999512327455087e-02,8.467673133868331981e-01,-5.764126932404493170e-02,6.153241093763431868e-01,1.103519764721693462e-02,-1.547486652290326614e-03,2.949923363472375382e-01,5.675524310292469066e-01,1.573798953713802240e-01,7.570655355328239633e-01,1.437006768662840717e-01,-1.492778597190474454e-01,1.434260396083817946e-01,3.494055810169667819e-01,-7.707654303656846784e-02,-8.500441793454155404e-02,-1.294241701326606653e-01,6.000385965225639717e-01,4.596874011918895553e-01,-4.272046438528451923e-02,4.239521624342770245e-01,2.695718552668401324e-01,-1.897688958784512006e-02,-3.240915085650102889e-01,2.639945273306245135e-02,3.194277505657330263e-01,4.242844492568245141e-01,6.635173005356916585e-03,3.034981508692214947e-01,-1.207060718413759115e-01,1.297283485928574787e-01,2.364292971671839994e-01,4.010218344855374234e-02,1.613133284482826113e-01,7.615941559557648510e-01,-2.396994636164934411e-01,5.073910140968077576e-01,-1.493184539171322767e-01,-1.477714290347473258e-01,3.235393788694395090e-01,5.802318290604668860e-01,-1.109115700686273132e-01,8.023000251363801016e-01,1.434305121475795142e-01,-1.284693136020446935e-01,3.517716494222596357e-01,3.290289326173158613e-01,-1.820601954506798667e-04,3.279118055584091113e-02,-3.692322661340965984e-02,5.921625592803143601e-01,5.584262350515842854e-01,-8.449844041286919127e-02,4.337973398554758608e-01,4.895732495466044720e-01,-5.327780627463688662e-02,-3.872556868602946428e-02,4.346761391279968523e-02,3.466663291427940496e-01,2.494794514610674807e-01,5.705924992367098630e-02,2.840945553245086685e-01,-1.746548854382369842e-01,1.534791045937995355e-02,1.807359840257514727e-01,-1.978908781693431707e-01,-1.746838394084057611e-01,-5.703078252076602128e-01,-4.388512135783113610e-01,6.129109938582555372e-02,3.376814628084557346e-01,3.040897094866397699e-01,-1.818818483506471073e-01,2.955457494300424079e-02,-5.557797249936112516e-02,-2.182174681111394565e-01,-1.641644448084053631e-01,-5.739199400403370843e-01,-4.737282898225492200e-01,-4.617445850713838146e-02,2.368336074306346961e-01,2.967022917218602451e-01,-2.448635072250779643e-01
-2.174483947586186849e-01,-1.891305730153104020e-02,-1.524597906024922622e-01,4.929061832809097377e-01,7.359912112689882824e-02,-2.091611914366917346e-01,2.460186768839322802e-01,-1.173386316130759499e-01,-1.779751775060013363e-01,-1.571978709018323761e-01,-1.802918150045101919e-01,-4.822103105788590194e-02,6.207754734337880137e-02,3.002758746787098643e-01,2.157469710296101156e-02,-4.686126674387644520e-02,3.620481946223796238e-02,-1.024333519295344691e-01,-2.160182431794381297e-01,1.088772005806126590e-02,-1.886145444619363176e-01,2.184522953256880923e-02,-1.593265934300756581e-01,-7.803001678435034227e-02,-1.441352716157730945e-02,-3.027491372122996516e-02,-1.951231795015312409e-02,-1.028928041997158316e-01,-6.492337485749867521e-02,-5.720424575884534846e-02,3.082756491276926192e-01,-6.494230143867181504e-02,9.315033397309378793e-02,-1.480599826562610521e-01,-3.338259671317499178e-02,-2.396994636164934966e-01,7.615941559557648510e-01,1.434788711591874488e-01,-7.258303600056835838e-04,3.288279798329662995e-01,-4.455490821887859304e-02,-1.887028537272052164e-01,4.633722216438508623e-02,-1.215095683912250507e-01,-1.170032020309691445e-02,7.054391412484362078e-02,2.286191384900922441e-01,4.360476356035842410e-02,-1.819111418444985945e-02,8.677633007062758586e-02,2.453241892083770845e-02,-1.820690200412179993e-01,-6.948919606670661206e-03,-1.426287157840562259e-01,5.930278025615476345e-02,-9.152905314635598200e-02,-4.231112114606647850e-02,4.429148655056638906e-02,1.205905734950843272e-01,8.325007387234868717e-02,-2.007074534317488390e-01,2.223548387132158813e-02,1.067858966954441519e-01,5.309715554400488147e-01,-2.543557236381948083e-01,8.005904419661581672e-02,2.021521695742251323e-01,-2.590998950297778713e-01,2.550358509534423950e-04,4.959264178189677630e-02,-9.424127042602817306e-02,1.448001897996350484e-01,2.459318004049281686e-04,-9.858448929923210174e-03,2.083605052499159227e-01,2.812376428788515570e-02,1.472293980115311485e-01,-2.535142027673276677e-01,-7.346910990659996643e-02,1.067827097594796770e-01,-7.650341195842992603e-02,4.585789348795765025e-02,2.312252009238403017e-01,-5.028169378347398938e-02
1.534548909161800867e-01,8.348138286750973747e-02,4.958803381904712260e-01,2.621171534907810741e-01,9.068599152175876865e-01,3.273560447710359422e-02,1.601054695876902856e-01,-2.881877398762662870e-02,6.196406027704987052e-01,2.530174680596800618e-01,4.885478383145090420e-01,-3.737153566584384967e-02,1.331824853944748310e-01,9.533565150364813057e-02,4.861504776595396149e-01,8.132643089999933017e-02,1.545154979238852477e-01,6.917399129786098999e-02,3.031679694642719358e-01,5.720908015125832913e-01,-3.448915059674015349e-02,5.069906922336782085e-01,-4.947841620859377842e-02,-1.664695051444596563e-01,-1.865543080777450347e-01,1.423876476933692570e-01,3.385250257120208106e-01,2.978034678094720888e-01,1.418730749979793815e-01,2.880918512586727043e-01,9.348971937675451538e-02,1.327327093936065128e-01,3.068158265698916476e-01,1.614208069215740116e-01,3.659817022990285995e-02,5.073910140968077576e-01,1.434788711591875321e-01,7.615941559557648510e-01,-5.892544561601487790e-02,1.728019330960239019e-01,-2.816080829789575565e-02,7.436267164515834027e-01,1.307342841123805000e-01,6.349715806147878672e-01,1.374209964442760223e-01,1.484239323671459054e-01,2.860127128625112314e-01,4.482401297435072984e-01,1.845910256335573374e-01,1.912410770263617832e-01,8.397229411127955789e-02,4.082690921963225694e-01,6.135652175549324294e-01,-1.176653932493801069e-01,5.625188042376930708e-01,1.202081944213763132e-01,-9.438399826132828907e-02,3.664226371545700051e-02,2.056303902620041923e-01,4.645111035121808341e-01,2.349647245053766709e-01,2.737781665493904670e-01,3.195311968455427643e-01,1.781157245927190713e-01,-7.047429550993269953e-02,2.430230146818173620e-01,-4.333302837432257554e-02,-2.586468641374489730e-01,-4.489801698933630347e-01,-1.155642047292479296e-01,1.191091625588593939e-01,2.099238444090325006e-01,3.597064709247385084e-01,-2.086562178510046606e-01,1.924061609152953600e-01,1.145275605369572847e-01,-1.334231474367525705e-01,-2.055343222548451643e-01,-4.537577896252143472e-01,-1.965082640701166505e-01,2.581864728397859632e-01,4.436064231600744812e-02,4.094455968275491076e-01,-8.038764548471138971e-02
-5.075540369606605928e-01,1.251585921980360727e-01,-3.425729704250560226e-01,1.469507628428350088e-01,3.374217765005304431e-02,4.346067635508251148e-01,9.414284570440054067e-02,2.860863237820813199e-01,-2.235367589672424826e-01,2.503051501458759820e-02,-3.588706601341408176e-01,2.689541425610471048e-01,3.719049223675253146e-01,2.429256631962706248e-01,5.020049624018926848e-02,6.040830260814197827e-02,1.079476993749776403e-01,-6.790206308672737563e-03,-5.071181230958948793e-01,4.184747065256001763e-02,6.862632637064554342e-02,-5.092047535313199563e-02,2.723110482590150871e-01,1.654073193702656208e-01,1.400466561897663331e-01,3.185530890974582752e-01,-1.088721896792645277e-01,-1.684783767113368635e-01,1.364882742734162824e-01,1.343061984904729833e-01,5.073968632270382806e-02,3.763526991492967266e-02,-4.835131510514305286e-02,-1.320881418074972835e-01,-8.803169356675551172e-02,-1.493184539171323044e-01,-7.258303600057390949e-04,-5.892544561601493341e-02,7.615941559557648510e-01,2.157036757761265217e-02,3.182726342270809639e-01,-2.556276838348934266e-01,3.782648465565450202e-01,-2.358765705484929254e-01,3.944245379815713992e-01,6.258168258019765062e-01,3.142932177387356973e-01,4.487041822785505646e-02,2.885691944127866670e-01,2.968067395028097799e-01,1.183450024350855972e-01,-4.106065808843189502e-01,7.554942975995262988e-02,2.084824650955733882e-01,9.677183705622560694e-02,3.989104197893811876e-01,2.748825087049993066e-01,5.047476595442350611e-01,5.500072008302970827e-01,5.362478140115936598e-02,5.016015070060226427e-02,1.421671697504215126e-01,2.688263417012022316e-01,1.893105223055430164e-01,5.523663234187126125e-03,-2.597686448269798457e-02,4.236806971371183117e-01,3.810245347143846606e-02,-2.293940285334028495e-02,-9.540084039763552237e-02,2.912504191530478903e-01,3.684269006738882801e-01,-8.539132555132793179e-02,1.079341739975162723e-01,1.213362075665997408e-01,1.722218227452547712e-01,2.045605913113490437e-01,2.244338196641250394e-02,-5.371049420582793554e-02,-1.034818677637708642e-02,2.972396452417898627e-01,1.944167857042371494e-01,1.216137194001353818e-02,-1.496969390672894529e-01
-2.611359533707073299e-01,2.135843317443463299e-02,-1.663967801478669906e-01,3.916414636426361340e-01,6.088287751921153679e-02,-2.096478369974879297e-01,6.574482337457603354e-01,-3.025300030782232530e-01,-8.501241763042968747e-02,2.967995605195103415e-01,-2.219994813977354542e-01,-8.936160260195173417e-04,6.612617846533802579e-02,-1.977907889397468311e-01,4.382939335559501437e-01,2.014512519658671341e-01,2.230595839322978557e-01,1.246802333460474421e-01,-4.802176488635182539e-01,3.291454597578020169e-01,-4.719907038358697737e-02,3.044591506382682833e-01,-3.775640174941685134e-01,-1.779000866194696273e-01,3.263703302689174857e-01,1.781909501812634355e-01,3.857118280241225716e-01,-9.104175751940814243e-02,1.937207093889788401e-01,-7.238181521885352077e-02,3.743218513006027481e-02,1.445397559703341106e-01,1.874963450473483006e-01,-2.024462333009579007e-01,4.410217217859473647e-03,-1.477714290347473258e-01,3.288279798329662995e-01,1.728019330960239575e-01,2.157036757761262441e-02,7.615941559557648510e-01,-3.613916762029319441e-01,-5.605764594433775699e-02,3.207696869840955256e-01,-1.701347772648726941e-01,-5.110977460450795429e-02,7.586844358879818451e-02,-3.561106494769561426e-02,3.198805418545658252e-01,3.592916041592944532e-01,2.386280390334481402e-02,2.288348351303216566e-01,-3.405078605461287489e-01,3.220327172826233930e-01,-4.457733544426693839e-02,4.432018800801913461e-01,-3.046425940746694261e-01,-1.623163540672845906e-01,3.595826869936843417e-01,3.041730255768309577e-01,6.239833379021616500e-01,-8.831185803078776819e-02,4.132191756940525318e-01,5.140316732510251917e-03,3.038200488532477594e-01,-8.920486700131866065e-02,1.865715073521641010e-01,4.965226248075133714e-02,-3.412752493429227485e-01,-1.742796428912917195e-01,-4.598579219042089189e-02,7.535775744952324939e-02,7.178472096406643410e-02,1.134628530896450160e-01,-5.644647843488808520e-02,9.984270464882538665e-02,-4.267234681826397383e-03,-3.858702125603652444e-02,-2.255382298751197889e-01,-2.791209618756654298e-01,1.423017748588044883e-02,3.852248807802073627e-02,-7.960578937921342080e-02,7.601179952412788488e-02,-1.764434834886343673e-01
-2.232076777462878581e-01,4.909206353525778083e-02,1.201962710927086952e-01,-5.065982320124483990e-02,8.076834798679648209e-02,3.581911877957653645e-01,-1.794465521129924857e-01,9.443252058491244938e-01,-1.693879120302385632e-02,-6.997460256700824277e-02,2.142652171289884111e-01,6.167753709973878840e-01,4.561297551885931667e-02,5.181960691236828787e-01,-1.235638288609474250e-01,-3.870122771472841450e-01,-1.992901442233312170e-01,-2.835662136316678961e-01,1.151521338713410586e-01,-1.058954831383262518e-01,2.724689226823425736e-01,-1.912355716391310745e-01,6.649693352127908907e-01,6.271094121461620041e-01,-2.323766023172653961e-01,7.666722258277640367e-02,-1.735840717851695747e-01,3.877807527455420789e-02,-3.309528289887672114e-01,3.909649131183755011e-01,-2.691535286765112459e-02,3.620921206603090747e-02,-1.478019867773617269e-01,-3.424282253245604646e-01,-9.821253046481906446e-02,3.235393788694394535e-01,-4.455490821887866243e-02,-2.816080829789575565e-02,3.182726342270810194e-01,-3.613916762029319441e-01,7.615941559557648510e-01,-7.863125477004208330e-02,-5.069015830833789593e-02,2.516197129293138435e-01,6.092558199047949374e-01,9.554266765734131805e-02,4.808762851170541031e-01,-2.074838884211124279e-01,-3.482065080766596488e-01,-6.164740227418988999e-02,-3.226814174238197275e-01,1.389343443487771335e-01,-4.891050769703298579e-02,2.337535860260309961e-01,-1.910369377893707254e-01,6.867599089525615597e-01,5.759214466601809690e-01,-1.532599805334162492e-02,1.582593299659562081e-01,-2.596582035795441668e-01,6.490572539484634751e-02,-4.287965816902992167e-01,5.141324159764527613e-01,-8.719823258468917260e-02,1.246363448772541335e-02,-2.085157096131924070e-01,8.284174645203705445e-02,2.842287974674833073e-01,-1.646095242509748591e-01,-2.609268466163295885e-01,-6.242224013399298721e-02,6.640879613273716897e-01,-2.133994021016186182e-02,2.057785421182208863e-01,-3.736687238216532259e-02,3.028958318895824120e-01,2.130427806782702119e-02,1.762666011204326033e-01,-1.678431121884125798e-01,-2.332262652152827243e-01,-2.386531547203064180e-02,5.944102142373608455e-01,1.337584760007597684e-01,5.637438301834710869e-02
1.364552100466630558e-01,-8.070831763133323733e-02,6.037768315079449222e-01,5.285399048232775759e-02,8.073849540110411560e-01,2.065202968677527784e-02,6.096743057293652762e-02,-1.038018791550946313e-01,9.340093172490250284e-01,1.087229687282477014e-01,5.533098981325634824e-01,-9.124908523750636935e-02,-6.426663208691656137e-02,-1.820700823985765548e-01,3.749600428345312153e-01,-2.529159799999477348e-02,7.183303104690172414e-02,3.239510904554879223e-02,5.827692586587556178e-01,4.097596732256311713e-01,-1.632302589787215097e-01,3.554757302694603327e-01,-1.418384711193829972e-01,-2.580629009449736944e-01,-2.938253325097225366e-01,-3.457619544512722382e-02,3.089756245581025684e-01,1.136289243148466410e-01,-8.828454859317293180e-02,2.383221285393096467e-01,-4.582339150150884638e-02,-1.013227187643579372e-02,1.590801518865168629e-01,-8.841831394008929645e-02,-8.210164791412066787e-02,5.802318290604668860e-01,-1.887028537272051887e-01,7.436267164515832917e-01,-2.556276838348934266e-01,-5.605764594433773618e-02,-7.863125477004206942e-02,7.615941559557648510e-01,-1.165033052020462978e-01,7.621615751287432738e-01,-8.910194341177586630e-02,-1.355942176207989014e-01,-9.635447622042454113e-03,3.485514817087018713e-01,-3.152970917387323390e-03,-9.607188854223475821e-03,-6.036407318744925476e-02,6.833338291025776723e-01,5.321758558532115879e-01,-2.532760006800278685e-01,4.448362074848686842e-01,2.353607256486187765e-02,-2.359086512597382002e-01,-9.665489658007536677e-02,-1.841266856122527121e-02,3.692208107684108453e-01,2.524255053656958292e-02,7.426893335137700614e-02,1.778205379469372516e-01,-3.528895304676796241e-02,-1.511828239175309341e-01,3.679612182085308797e-02,-2.355977081928130046e-01,-1.591236342854657759e-01,-4.447122639346661743e-01,-1.194862501229787821e-01,1.191327778724636521e-01,1.352970162052736791e-01,2.854842704191591363e-01,-2.465291523198968604e-01,2.177055360830302266e-01,-1.089820083727770367e-01,-2.523843360077163145e-01,-1.991703485679769958e-01,-4.347391111211199033e-01,-2.305469004281610057e-01,1.969593109603104408e-01,-8.680512495149181676e-03,2.760840761213116390e-01,-1.197847775415167848e-01
-3.110191074574918946e-01,6.872436596252039231e-02,-1.195250435329819894e-01,3.757092924898947084e-01,2.547301070549081239e-02,-4.058050264644710858e-02,3.526497486576374296e-01,7.061241455198580264e-02,-1.702557944199765416e-01,4.993612237077335037e-01,-1.181216214333014464e-01,3.730298656291272663e-01,2.714128066007783779e-01,2.332570845014783345e-01,2.542214000698199139e-01,3.517520765681435568e-01,5.584963809857571571e-01,5.199818167166525562e-01,-2.543256736699071041e-01,1.520610681618477511e-01,-1.562971141057163948e-01,1.781478636427588913e-01,-1.870553974088951799e-01,5.466563252782689203e-02,1.953040328218769439e-01,2.971294264009143871e-01,-8.456467116008183071e-02,6.360417787659566891e-02,8.053940277643385770e-02,3.101287046777309042e-01,-6.278630929700930452e-02,1.992547877421068925e-01,3.003052598306854004e-01,8.826838683206697858e-03,-1.497283267297925824e-01,-1.109115700686273964e-01,4.633722216438510011e-02,1.307342841123804722e-01,3.782648465565450202e-01,3.207696869840954701e-01,-5.069015830833788205e-02,-1.165033052020462145e-01,7.615941559557648510e-01,-1.367595797822070830e-02,3.218738907522166737e-01,3.567777028689191887e-01,3.219605859945937065e-01,2.209436897258146293e-01,4.132673505066843944e-01,6.425629487254552741e-01,6.645200706374698729e-01,-9.881471161775744194e-02,2.390556721479932256e-01,-3.980038382671860497e-02,3.736984984982983371e-01,-1.490297219978386489e-01,2.480655051350675322e-01,5.530463495034780852e-01,4.157220369504410762e-01,5.239544844508410570e-02,1.845349893382787210e-01,1.530275290995611326e-01,3.461348218809743305e-01,9.943356898768340724e-02,-5.095457659291029867e-02,2.528049706345841807e-01,4.104393003694112863e-01,-2.805954846066471275e-01,1.776266975528642267e-01,1.739046207067991012e-01,3.983337191324051729e-01,2.711044787303644177e-01,6.524611086765702561e-02,1.027474170501915945e-01,5.155345468254765029e-01,-2.072825386153319752e-02,1.943616987671175911e-01,-2.292220737296880029e-01,1.798357788480126063e-02,9.375962185360990631e-02,3.648320115047790635e-01,2.350324541668097622e-01,-4.929314366775416206e-02,1.542094376748428530e-01
2.114084925938938542e-01,1.983340372601493512e-02,8.200392884390091952e-01,-1.197879680737839875e-01,7.603498226008582606e-01,6.652508396178441474e-02,-2.255252306702342988e-02,2.101500869030116514e-01,7.142065856667073609e-01,1.665590757705547875e-01,9.007599770095060521e-01,1.215594417706551966e-01,2.229986214300738387e-02,1.762151379408620211e-01,4.247645996110854250e-01,2.632498115210897614e-04,1.101630104105339042e-01,9.108418049200378563e-02,7.757604387187324591e-01,4.337380634866430662e-01,-8.645628679574755837e-02,3.603459623617428775e-01,1.409738301089026868e-01,-9.713145193795200139e-02,-2.759824708792030235e-01,8.034568564190251727e-02,2.893338143610429403e-01,3.744656845417791424e-01,-3.887810815021497390e-02,3.278297553931810437e-01,-1.270684580566956712e-01,2.526103860901782183e-01,2.446056332106714970e-01,-5.791862643220006129e-02,1.277604389690079577e-02,8.023000251363802127e-01,-1.215095683912250785e-01,6.349715806147878672e-01,-2.358765705484928976e-01,-1.701347772648726941e-01,2.516197129293138990e-01,7.621615751287432738e-01,-1.367595797822070830e-02,7.615941559557648510e-01,8.386740483201998719e-02,-1.204202832906381138e-01,2.994292529781408252e-01,3.328752545014079245e-01,-3.594791015368596632e-02,1.291990455717779707e-01,2.613018327917023681e-02,8.695974085495213890e-01,5.775078735366216964e-01,-1.733348138373516922e-01,4.372378742119438222e-01,2.744376721045757583e-01,-5.899328524288819514e-02,-1.087451118127501504e-01,4.555406923018932852e-02,2.907628198478190984e-01,1.826514995311430689e-01,-5.926913482174789999e-02,3.555514951201378393e-01,-7.830053983280432783e-02,4.430293608605766209e-02,1.173874917823273384e-01,-2.190144978301818146e-01,-1.848992736853765917e-01,-4.602198832741772883e-01,-3.206979932598949534e-01,4.386149756823318202e-02,2.469816370920304427e-01,1.636893896027846185e-01,-1.233214964239172234e-01,1.567861847951081689e-01,-1.649810416422256287e-01,-2.513026750367198803e-01,-2.317969391590642969e-01,-4.642375839318937936e-01,-3.825807914062437920e-01,8.097138207832504930e-02,4.146882624421113078e-02,1.566164742899950335e-01,-1.279955477554560461e-01
1.488172142363900496e-01,2.654526439927196169e-01,6.649949038040546545e-02,1.738954165114957595e-01,1.941925039568643263e-01,2.629139698256177105e-01,1.648566570863627678e-01,6.480854386728438499e-01,-5.067902029512678236e-02,2.637169985470834144e-01,7.326941530677681669e-02,7.655566838426722809e-01,2.162983274766272224e-01,3.928214261636013283e-01,1.466603352738778399e-01,5.898175970226363085e-02,9.624493079581653010e-02,1.014328478364489028e-01,9.194611751307239789e-02,1.774384555265398900e-01,2.973089921042750827e-01,2.085583651400822747e-01,4.807254996224001320e-01,7.075012356744682096e-01,1.591253020980132882e-01,5.173266735372397118e-01,1.392147508927270121e-02,2.400163303362463085e-01,1.009851352063440358e-02,4.786679407981375145e-01,-4.797420698000968813e-03,1.639270810180920301e-01,2.097174376990576239e-01,-1.004691807534421610e-01,8.171194961553188141e-02,1.434305121475795419e-01,-1.170032020309685894e-02,1.374209964442760501e-01,3.944245379815714547e-01,-5.110977460450799592e-02,6.092558199047949374e-01,-8.910194341177583854e-02,3.218738907522167847e-01,8.386740483202001495e-02,7.615941559557648510e-01,2.156630402657221945e-01,4.779303015825339118e-01,1.029364733410124272e-01,1.003492771168534858e-01,3.304343006226129198e-01,2.079567964034330918e-01,4.925989683881919212e-02,2.333336015678395825e-01,1.895297359365264167e-01,2.807026921141828057e-01,4.615063422615408029e-01,6.575500266700418095e-01,4.419572581877688755e-01,6.148096415680788240e-01,7.518298654206993781e-02,1.975890276822636626e-01,-8.386860174096733012e-02,6.917857895624036635e-01,-6.809438732920604365e-02,-6.867321762250357120e-02,-7.110515533965403034e-02,5.196950370977607703e-01,6.432982145072414781e-02,3.107737681028225896e-01,3.039409144224282655e-01,1.478412927231214646e-01,5.999349644048200814e-01,-2.097240299791766627e-02,1.721198469512894569e-01,2.961897613609093538e-01,3.390094956289502193e-01,4.680613467342071843e-01,4.531294860448763229e-02,1.976840384727742983e-01,2.057280459311311149e-01,2.280438657268468172e-01,5.231017699886028050e-01,3.377688692020637262e-01,8.246387741662368487e-02
-2.764903192026924583e-01,-5.385320150489717600e-02,-2.163649230240512478e-01,2.670726392150760686e-01,3.479538669680603408e-02,2.066186565195579639e-01,1.968603120773320114e-01,1.058165717401519795e-01,-1.929567233634234547e-01,-7.434989664101067028e-03,-2.728180376495059622e-01,8.957448271589027455e-02,7.073912549988204956e-01,1.068261762179792684e-01,1.711383758965931146e-01,2.670615632928672323e-01,3.277245520232577869e-01,3.124663826077715423e-01,-3.811619172437983316e-01,2.732494166870925723e-01,-1.380870290001202649e-01,1.886260964522253336e-01,-1.102970218780628953e-01,-7.450535670892090290e-02,-2.729640878782701660e-02,3.967092521361502699e-01,-1.331430380136650882e-01,1.452627607573130086e-02,1.972952163995518871e-01,2.345189736828893479e-01,2.412221537969951035e-01,2.690514189387335081e-02,6.734469334219320147e-02,2.826369841688027296e-01,-2.335401874939811162e-01,-1.284693136020447213e-01,7.054391412484359303e-02,1.484239323671459887e-01,6.258168258019765062e-01,7.586844358879815675e-02,9.554266765734133193e-02,-1.355942176207989569e-01,3.567777028689190222e-01,-1.204202832906380582e-01,2.156630402657221113e-01,7.615941559557648510e-01,1.559445673793392884e-01,1.254775595325301196e-01,4.072597332028563000e-01,4.474028995119521124e-01,3.360283926220566375e-01,-2.386083030749010514e-01,2.443302734627648964e-01,-7.036170968057965658e-02,2.775667264786385036e-01,1.856542236501510998e-02,1.294816001027440655e-01,3.147621188498098688e-01,4.460078652990537851e-01,5.894511382575453456e-02,2.469171420849655962e-01,1.768313701030696239e-01,2.461064352970288027e-01,3.266867664463916077e-01,-8.170548137729946592e-02,1.400605918416374497e-03,4.413522558567312126e-01,-2.570068656136342278e-01,-1.698439639844323001e-01,1.324487868486555822e-02,3.433004488908540930e-01,2.325719864203016629e-01,1.785905638724796518e-01,-9.852645701986675886e-02,1.522942492065516851e-01,1.337319244477698787e-01,2.618841767708399160e-01,-2.945848219034335469e-01,-2.258208264339152116e-01,-2.822517919834001757e-02,4.142545856020311557e-01,-3.289081471789382510e-02,-1.809616292137813942e-03,-2.504576315832278688e-01
-1.344993490135946435e-01,-4.384376473868029783e-02,3.064454327293434366e-01,2.215923909898273869e-01,3.252455486585481559e-01,2.145341660566279784e-01,-6.243768873220650883e-02,3.916526985433472219e-01,3.406871786066242858e-02,2.475183303802947765e-01,3.901734232337475405e-01,4.669843110147786636e-01,-1.273054715770856023e-03,6.475028428228866151e-01,2.021512731422494824e-01,-1.356824138439442218e-01,1.584418445953087173e-01,-2.975972998452634105e-02,2.393470649254027249e-01,1.183613889659910073e-01,-3.474812900631765733e-02,9.762400247599732628e-02,4.336304463815255916e-01,1.496587537085583286e-01,-1.595492277741825393e-01,2.559573945033308956e-02,7.442703872373181151e-02,3.599647167019600497e-02,-1.855976688085584358e-01,3.855884593404934613e-01,-6.156429450910680910e-03,1.584312619860000831e-03,5.835203485157520326e-02,-1.308124656298215172e-01,-1.110899145378320824e-01,3.517716494222596357e-01,2.286191384900922718e-01,2.860127128625112314e-01,3.142932177387357529e-01,-3.561106494769558650e-02,4.808762851170541031e-01,-9.635447622042329213e-03,3.219605859945936510e-01,2.994292529781407697e-01,4.779303015825339673e-01,1.559445673793393161e-01,7.615941559557648510e-01,9.319797342783893435e-02,-3.011710025650247979e-02,2.447156127185951546e-01,2.695007504410442192e-02,2.416791067038671359e-01,1.387113303000770126e-01,-7.468380293264760550e-02,2.026807094050839808e-01,4.756395528487564195e-01,2.492280258981590391e-01,1.078614920099139063e-01,2.481347988272368243e-01,1.188796233826819315e-01,1.280437323894527135e-01,-9.315716035466309330e-02,5.393137315269020959e-01,-1.701752328783640023e-02,-4.060393860771033953e-02,2.121133781935767293e-01,1.189972179982850820e-01,-1.653736919638117142e-01,-8.867740820154328130e-02,-4.461272339321285113e-03,8.808726562637060609e-02,4.833854702860553854e-01,8.921479892585100491e-02,1.365790418885183821e-01,3.096509908347750417e-01,3.060679813541001826e-01,-1.571068822776400808e-01,-7.669652738746753073e-02,-1.617235853257634193e-01,3.045910670794061206e-02,1.602953629684952461e-02,4.950432393164153067e-01,1.441704820898386807e-01,9.655832772198198743e-02
1.397166828349199752e-01,6.136435332280275601e-01,3.684828354473856371e-01,1.722144331212511689e-02,4.270398543512273215e-01,-1.397009438214992794e-01,1.265350587946654226e-01,-8.967280869802857213e-02,3.300133868922946467e-01,1.962731976129290790e-01,2.042570866358816017e-01,-8.382815165781093425e-02,7.434052761257134434e-02,1.344192421558280948e-02,8.952351019924223996e-01,3.752980419797711797e-01,8.907481389149925211e-02,3.129912687198972976e-01,1.028252341218953425e-01,7.067787021824079030e-01,5.648205250896956020e-01,7.641993109374564108e-01,9.196929204157186510e-02,1.057540430850693880e-01,1.965848691476962395e-01,5.992199642955856609e-01,3.180796516231658710e-01,4.672105634920879491e-01,6.110513891877645820e-01,1.515831341416158939e-01,5.813362118495248032e-02,7.285935795567588524e-01,7.493029251431647664e-01,2.768765605452364609e-01,6.877355572375049020e-01,3.290289326173158613e-01,4.360476356035842410e-02,4.482401297435072429e-01,4.487041822785502870e-02,3.198805418545658807e-01,-2.074838884211124002e-01,3.485514817087018713e-01,2.209436897258146848e-01,3.328752545014079245e-01,1.029364733410124133e-01,1.254775595325300919e-01,9.319797342783892047e-02,7.615941559557648510e-01,5.590243426557177653e-01,4.870611485153658604e-02,4.856554900857679713e-01,1.753798130014295187e-01,6.566047814245369318e-01,5.796832881336365650e-01,7.900210410258421412e-01,2.337543302416815738e-01,1.244559214307548040e-01,4.045867043167793997e-01,6.296420229323316242e-01,5.268972256853003966e-01,5.058314112026370823e-01,7.086529203078648642e-01,-5.587907167790982788e-02,2.883924037165123133e-01,5.770605257492150697e-01,4.768652967763196693e-01,4.676347813170523837e-01,-8.735999003386989148e-02,-7.864039868289134094e-02,7.194360297254232851e-03,-1.998160054732771307e-02,-1.088524700453411820e-01,-2.340143396837445627e-02,-8.015821896629404808e-02,1.331486193507386007e-01,-2.476185015196794015e-02,4.658005785757292072e-01,-9.095645271298678780e-02,-1.402529888145520598e-01,-4.735165895924485502e-02,1.585202922977389517e-01,-2.131199507378402913e-01,2.968885435341596102e-01,2.315947387728299178e-03
5.953932125962472371e-02,4.353596732405587977e-01,1.437576995899720982e-02,1.745637731996800279e-01,1.471577314842796858e-01,-4.597474664526634419e-02,5.996476386033534889e-02,-2.669286520583957767e-01,-3.236206098322628316e-02,2.902636785319671064e-01,-1.304671464956991267e-01,-4.034322749231948613e-02,2.569135531822772101e-01,-2.268303007073056363e-02,5.202524363627653026e-01,6.715611008375111934e-01,1.805113675950356100e-01,5.382066146377614269e-01,-3.097826153484030121e-01,3.032535645480584630e-01,1.064563572175519085e-01,4.361295313972332610e-01,-1.785796454119900345e-01,8.575040765519928443e-02,1.090375929447119224e-01,5.136169633183780281e-01,-3.331928411716995886e-02,2.172567499079189335e-01,4.597613650549114417e-01,-2.811221908972019040e-02,1.553465561480456558e-01,3.660828106145136984e-01,5.257168137214571768e-01,5.047006845567807432e-01,4.245285506078623206e-01,-1.820601954506521111e-04,-1.819111418444986639e-02,1.845910256335574484e-01,2.885691944127866115e-01,3.592916041592945642e-01,-3.482065080766595933e-01,-3.152970917387351146e-03,4.132673505066843944e-01,-3.594791015368603571e-02,1.003492771168535136e-01,4.072597332028564110e-01,-3.011710025650249367e-02,5.590243426557178763e-01,7.615941559557648510e-01,3.245561618866100173e-01,8.468625201129037494e-01,-1.801970594299111550e-01,2.658307433914041673e-01,1.733560316886046393e-01,4.402365905896503673e-01,-5.103349093844888884e-02,1.118039935927666456e-01,6.186720095104359940e-01,6.387744468895858452e-01,1.200767484470863788e-01,3.126713350045193796e-01,6.329192319996970184e-01,-7.634200291441872732e-02,2.932506374521309245e-01,2.627371767195932351e-01,3.318499907546562655e-01,2.893065216233984827e-01,-3.498835792206784201e-01,1.569758764542699969e-01,-2.408804809035398203e-03,2.102544946974978513e-01,1.687332726682179151e-01,2.326817210154897841e-01,9.966848865478054875e-02,2.894436885391270531e-01,-1.147771495138579373e-01,2.163453430527581267e-01,-2.485889507002420618e-01,5.638075758672472099e-02,2.142204249635140233e-03,2.416173008883937823e-01,-3.041936570121707775e-02,-1.427617188827756158e-02,9.898991498070819350e-02
-1.842859728080680215e-01,-1.064201168109221163e-01,3.365138421127709945e-02,3.604534482338687118e-01,1.925738567510568156e-01,2.314862757263134660e-02,8.151135550972239685e-02,-2.527562007964401225e-02,2.857243038415823583e-02,3.393644379953474344e-01,9.182816685792700995e-02,2.826157652998943504e-01,3.682682197755745013e-01,2.904340133689002346e-01,1.230062362663638664e-01,3.490400876611888803e-01,6.598530135284812470e-01,3.694925928476029409e-01,-1.790223952206828478e-02,2.334309932924336362e-01,-1.871109695897525405e-01,1.879543979415609634e-01,-3.303530914580329325e-01,-5.441153442719557504e-02,1.239745726666503095e-01,2.849158963785796694e-01,-1.879002527831337421e-01,-7.067521469189617066e-03,1.465908183521890118e-01,3.589420536984406773e-01,8.203493799623061411e-02,-1.400645041644618151e-02,2.352057154677635320e-01,8.453162471137350142e-02,-2.209380522458176122e-01,3.279118055584096664e-02,8.677633007062748871e-02,1.912410770263617554e-01,2.968067395028097799e-01,2.386280390334481402e-02,-6.164740227418995938e-02,-9.607188854223448066e-03,6.425629487254552741e-01,1.291990455717779984e-01,3.304343006226128088e-01,4.474028995119520569e-01,2.447156127185951546e-01,4.870611485153655135e-02,3.245561618866100173e-01,7.615941559557648510e-01,5.095784636610443119e-01,1.192039971223909367e-01,3.150806151398426458e-01,-1.742220581993436102e-01,2.384513441889135887e-01,-2.307740587863413850e-01,1.358666233817475699e-01,4.989507796930782169e-01,3.979323926666814559e-01,2.390169952508809648e-02,2.169443121131808816e-02,9.817732812294466260e-02,6.106938956369806215e-01,1.538163892561615065e-01,-1.341702903432270000e-01,1.103931248482190181e-01,4.366882995402269207e-01,-3.217707835543103245e-01,2.000223632892323411e-01,9.670426617497537847e-02,3.977027940735297085e-01,3.092355022441779511e-01,2.129152156003019103e-01,5.766802977303319561e-02,3.934464985219359723e-01,-6.720465433348689951e-04,2.476160854154220714e-01,-2.168871229823577107e-01,8.759633739374489414e-02,7.915473699232139504e-02,1.331020764934239820e-01,1.965025489125739044e-01,1.670715747677877264e-04,9.249806309422266282e-02
-2.399132246131803481e-02,4.437419504131975834e-01,-8.521010314373385700e-03,2.439171720202998050e-01,4.199250913752838876e-02,-1.901410662467118429e-01,1.825416138120873957e-02,-2.114891942050622087e-01,-8.416801898733344833e-02,4.289006444349531821e-01,-1.058966398520072849e-01,8.032110912560425087e-02,2.456456132282703320e-01,1.852861553947141582e-01,4.211517781357838608e-01,6.609045263401133186e-01,3.703872807560725233e-01,6.295390598011438854e-01,-2.370630956422669078e-01,3.773943258781378707e-01,-3.960632607721859683e-02,4.152450252222020799e-01,-3.197336932549431632e-01,1.773513123415960679e-01,1.706425162327417921e-01,5.063147049784834097e-01,-1.101920857719607266e-01,2.714199837335906640e-01,3.811791267882941869e-01,9.973009271188036651e-02,2.008956028627435220e-01,4.058007670425371471e-01,6.399843437977141836e-01,5.243716812021173013e-01,3.198331053766247378e-01,-3.692322661340967371e-02,2.453241892083770151e-02,8.397229411127955789e-02,1.183450024350855695e-01,2.288348351303216566e-01,-3.226814174238197275e-01,-6.036407318744925476e-02,6.645200706374698729e-01,2.613018327917019865e-02,2.079567964034330640e-01,3.360283926220566375e-01,2.695007504410439417e-02,4.856554900857681933e-01,8.468625201129038604e-01,5.095784636610443119e-01,7.615941559557648510e-01,-5.250510841278328844e-02,3.840145473065927906e-01,-4.501797777292261896e-03,4.912337901799469497e-01,-2.254015462122943014e-01,2.433740341190890333e-01,5.856531709976645628e-01,5.494720893713361809e-01,7.930426973681083125e-02,3.959925670594215963e-01,4.772558120111070612e-01,1.121662841885449902e-02,3.308791307954499494e-01,3.404428122589853167e-01,4.384435752852495760e-01,3.493570255283005577e-01,-3.678369299992104713e-01,2.196119942505601608e-01,1.165582846889598317e-01,2.537168926075482056e-01,1.080235425748833217e-01,2.368257957757992360e-01,1.284263295973668284e-01,3.964909473094198611e-01,-7.011028622353343565e-02,2.634123831904542912e-01,-3.307424601380268281e-01,1.562314383895779812e-01,9.281678594686175454e-02,3.104600892067900797e-01,3.133048274803514749e-02,-3.982613111977430925e-02,2.167395301111366135e-01
1.246933706609476139e-01,-1.108840419085384971e-01,7.006628517965207692e-01,-6.413435264992022045e-02,5.497637944658581022e-01,4.540395578211008781e-02,-1.304396281027226934e-01,1.601517620396931962e-01,6.891397105087238018e-01,3.812686732680603714e-03,7.620780533494091458e-01,1.038552571138628283e-01,9.852194037628193846e-03,1.710437206987530101e-01,2.879194059377674919e-01,-4.714741454593762010e-02,1.844804045323963082e-01,5.934266476432335097e-02,8.714836290059579937e-01,3.018623201806426293e-01,-2.610743921393206546e-01,1.877903730099959867e-01,-4.792776669129460848e-02,-1.278403810311339317e-01,-3.244265301671124258e-01,-5.438307603328511146e-03,4.340253530208149080e-02,1.776454213673177573e-01,-2.577476926468845186e-01,3.296015893349352743e-01,-6.525605833936387601e-02,1.818493944555857611e-01,1.699720701665305977e-01,-1.204219951424863183e-01,-1.234423869685360858e-01,5.921625592803144711e-01,-1.820690200412179438e-01,4.082690921963225694e-01,-4.106065808843189502e-01,-3.405078605461287489e-01,1.389343443487771612e-01,6.833338291025777833e-01,-9.881471161775742806e-02,8.695974085495212780e-01,4.925989683881924763e-02,-2.386083030749010514e-01,2.416791067038671637e-01,1.753798130014295187e-01,-1.801970594299111550e-01,1.192039971223910061e-01,-5.250510841278323293e-02,7.615941559557648510e-01,4.816059892727997394e-01,-3.914798823734055300e-01,2.668376325596947818e-01,3.828411394948005864e-02,-2.087163817358306805e-01,-3.106133540809460358e-01,-1.587661306284539331e-01,-9.469146062533984401e-03,6.645245917924630374e-02,-2.120346833441277279e-01,2.565363241791488447e-01,-1.608362561095716126e-01,8.772207145494907710e-02,-5.224543843182589964e-02,-1.948336528464494621e-01,-1.507968337995165831e-01,-3.733558928009567124e-01,-3.315420176943352781e-01,3.685782953771967602e-02,2.727086623965925272e-01,1.975850302283202742e-01,-1.596571938611450192e-01,1.810225952723015785e-01,-7.805909636620282643e-02,-1.710517089854692585e-01,-1.802800790190949576e-01,-3.207417538722630024e-01,-3.957043372876619669e-01,-3.096081384537026360e-02,1.398459597782722996e-01,9.257455932942335042e-02,-3.975036221363635602e-02
3.304418825341194910e-01,1.173025223757657581e-01,5.487920020732766080e-01,1.442261969077268113e-01,6.164056836121952765e-01,1.253398256971121616e-01,2.748171066286267950e-01,3.874214045994840705e-02,5.417586174535303778e-01,3.053033252264589770e-01,5.084071638887721623e-01,1.588257661080270944e-01,3.255158478992044579e-01,1.086269484868028767e-01,6.264367662726206820e-01,2.225833436845447433e-01,3.234118075968216988e-01,2.983164168363936497e-01,4.052973940446250589e-01,9.158275722779727346e-01,1.538581556311841847e-01,8.285832870678812023e-01,-6.900018850022809902e-02,-2.884518133891531087e-03,3.817275320504314590e-02,4.755323862437738636e-01,2.963371901698366173e-01,6.104435582297976781e-01,4.970017188418619503e-01,3.571436587586804823e-01,2.032315753536629854e-01,6.386933734478869029e-01,6.025341797849816938e-01,2.367275557427027666e-01,2.494579268549230178e-01,5.584262350515842854e-01,-6.948919606670640389e-03,6.135652175549322074e-01,7.554942975995262988e-02,3.220327172826232820e-01,-4.891050769703298579e-02,5.321758558532115879e-01,2.390556721479931979e-01,5.775078735366216964e-01,2.333336015678395547e-01,2.443302734627648964e-01,1.387113303000770126e-01,6.566047814245368208e-01,2.658307433914041673e-01,3.150806151398427013e-01,3.840145473065929016e-01,4.816059892727997394e-01,7.615941559557648510e-01,1.065186720572775525e-01,8.636686473390178254e-01,8.758021362137660693e-02,-8.569742433209701082e-02,2.419251027012027933e-01,4.108992965712999212e-01,5.429522802831957540e-01,5.916849518139170039e-01,4.750166133091727749e-01,3.154674056642691182e-01,3.501070269870616425e-01,4.964220098995819619e-01,4.390255811552926102e-01,3.597568895278789314e-01,-1.775265654912915603e-01,-2.602931630871876401e-01,-2.423103452278738829e-02,-1.142715628404961381e-01,1.762403121939902784e-01,2.713972703360057470e-01,-8.239751718419863202e-02,8.662663951561902498e-02,6.330889758638834353e-02,3.724315289007474883e-01,-2.248394248681837848e-01,-2.761342866798988105e-01,-7.417091108953424716e-02,1.802937284288737840e-01,6.752202254421173222e-02,4.006010007101770132e-01,-1.184109458170107404e-01
-3.196001228390336069e-01,4.829328785726543227e-01,-2.038108976152095686e-01,-1.209895206180359312e-01,-1.533048799246775618e-01,-1.230291179944828332e-02,5.529942477742683105e-02,3.460202984467164455e-01,-2.479823197350870256e-01,-7.643933221807644451e-02,-3.116747593231062319e-01,1.343280952582871779e-01,3.045242127102228136e-03,-5.808356619706568635e-02,5.402678294259787295e-01,5.706903305635588342e-02,-1.785801129246610552e-01,-6.778253584650238694e-02,-4.329989699287026261e-01,7.425923410453877382e-02,8.698099519192424856e-01,2.094931008242401360e-01,3.599861120696074557e-01,3.651870451350838764e-01,2.938954713613032843e-01,4.056316453972999003e-01,2.588996729359663990e-02,2.066829092149963937e-03,1.827086246935620828e-01,-1.241751603024414952e-01,-1.860372426006277335e-01,4.039277898627075536e-01,3.537614530787900891e-01,-6.675567175919482066e-02,4.417876023592633983e-01,-8.449844041286921903e-02,-1.426287157840562814e-01,-1.176653932493801763e-01,2.084824650955736103e-01,-4.457733544426693839e-02,2.337535860260310239e-01,-2.532760006800277575e-01,-3.980038382671852171e-02,-1.733348138373516922e-01,1.895297359365264722e-01,-7.036170968057960107e-02,-7.468380293264763325e-02,5.796832881336366761e-01,1.733560316886046671e-01,-1.742220581993436102e-01,-4.501797777292234140e-03,-3.914798823734055855e-01,1.065186720572774692e-01,7.615941559557648510e-01,2.655938180997847731e-01,3.761246609778653438e-01,4.222469783602398330e-01,3.275506768799927859e-01,4.492521956709677466e-01,1.151808468170512217e-01,1.567066429540150130e-01,2.278823530168659905e-01,-1.051904844573640224e-01,-1.874940304948791159e-02,3.237111294212555168e-01,-4.332420897083408273e-02,2.785014303220375020e-01,2.452249595227003753e-01,1.421913676427788154e-01,-2.868003901656083696e-02,3.068784530646935862e-02,1.758061875832128695e-01,-7.097621453155450455e-02,1.744794589372809512e-01,-4.148979232638461134e-02,1.330371275363106121e-01,3.590522457753825836e-01,1.307465106917082842e-01,-3.542353896767187760e-02,4.648544277284894638e-02,1.010779260397975665e-01,4.812289363008454696e-02,-6.425050973130011500e-02,1.070201849182611797e-01
2.799988729067613424e-01,3.337643945538006363e-01,4.489574667267194341e-01,1.781513711814676493e-01,5.487452164002971644e-01,6.223446481227457722e-02,3.329891736854732054e-01,-9.750003664368799006e-02,4.592518721475675192e-01,3.860008996360325129e-01,3.689462731261633488e-01,1.496701575068126178e-01,3.325246660733337523e-01,1.247421156180796992e-01,7.066734190824018880e-01,3.250680882367152358e-01,3.101717476120500749e-01,3.552460659433666623e-01,1.729964639692457284e-01,7.158771063202904461e-01,2.859218933988403877e-01,8.182297288932321999e-01,-8.466016380081314852e-02,5.692783143643252025e-02,1.375392757092517571e-01,5.144478811522344985e-01,2.962765963575991202e-01,6.321182818267514492e-01,5.305507961002533523e-01,3.021430648579505607e-01,2.000971537321249438e-01,7.068117438881467152e-01,7.040671956020545519e-01,2.663263230803460391e-01,3.906362644325952482e-01,4.337973398554758608e-01,5.930278025615481896e-02,5.625188042376931818e-01,9.677183705622559307e-02,4.432018800801914016e-01,-1.910369377893707810e-01,4.448362074848686842e-01,3.736984984982983371e-01,4.372378742119437667e-01,2.807026921141828057e-01,2.775667264786385591e-01,2.026807094050839808e-01,7.900210410258421412e-01,4.402365905896504783e-01,2.384513441889136165e-01,4.912337901799469497e-01,2.668376325596947818e-01,8.636686473390178254e-01,2.655938180997847731e-01,7.615941559557648510e-01,6.410779919449278996e-02,1.865042424651865843e-02,3.815117936549596855e-01,5.878370151065072102e-01,5.662918665033574994e-01,5.990026274717918930e-01,5.667542642626015592e-01,2.133727558658432832e-01,3.885386910037121888e-01,5.582744529249498155e-01,5.000508336215415683e-01,4.711702605350291950e-01,-2.002610860100274004e-01,-1.033362033785548972e-01,6.618119166575045509e-02,-3.708179475687480020e-02,2.042137455822282954e-01,2.379628495925812937e-01,-1.424971676209899063e-02,2.316815959371861522e-01,1.612043118006848547e-02,4.665100538864382917e-01,-2.326906469406366251e-01,-1.863314594887800490e-01,6.532246475233945138e-02,1.502027898416205265e-01,2.425712320195547514e-02,3.894308938040886847e-01,-7.724503115736149061e-02
-1.762965326641079411e-01,2.234674461562722592e-01,2.983220933744667458e-01,-1.616823322232775750e-01,2.577215215609987564e-01,3.057094250494619692e-01,-1.867899109735439989e-01,7.056323080931784508e-01,1.020040485917902418e-01,-1.249399604248994655e-01,2.395803287215742816e-01,2.734221667890502916e-01,-8.189490958727629888e-02,2.788393218182115829e-01,1.907258604979232830e-01,-2.241644304680913136e-01,-3.270797372751600984e-01,-3.282164383762727899e-01,6.246658735000432811e-02,4.440754999376100159e-02,3.689571473963968451e-01,6.204767562964318139e-02,8.789419014917073669e-01,3.570135179435403594e-01,-1.044219277996297768e-01,1.875573988554863347e-01,1.493890669105608637e-01,1.680574143953073307e-01,-8.497034634414848964e-02,2.220879751820322157e-01,-9.860176457615206502e-02,1.928177994814421758e-01,4.752983531701349823e-02,-7.791229606744681790e-02,1.564220655771422774e-01,4.895732495466044720e-01,-9.152905314635602363e-02,1.202081944213763548e-01,3.989104197893812986e-01,-3.046425940746695371e-01,6.867599089525613376e-01,2.353607256486184990e-02,-1.490297219978386767e-01,2.744376721045757028e-01,4.615063422615408584e-01,1.856542236501508222e-02,4.756395528487564195e-01,2.337543302416815738e-01,-5.103349093844887496e-02,-2.307740587863414128e-01,-2.254015462122943569e-01,3.828411394948008639e-02,8.758021362137663468e-02,3.761246609778652328e-01,6.410779919449284547e-02,7.615941559557648510e-01,3.377247049723129391e-01,1.481818944691250806e-01,2.864742018259294754e-01,5.237395956781368267e-02,2.623724972854212245e-01,-9.519246434794231826e-02,1.838122133394500812e-01,4.311773213379774261e-02,1.725738890825811722e-01,-2.044507464494166316e-02,1.734799839111569320e-01,1.930837446641078814e-01,-2.218557887530604733e-01,-1.997881614895275493e-01,9.301065289095909738e-02,4.422319280953019849e-01,-1.153613067051757340e-01,8.961773623612681594e-02,-8.246559154019526827e-02,2.205787612116479057e-01,1.579821899813119435e-01,8.782856031005122077e-02,-2.489626722784843149e-01,-2.182989527613130865e-01,9.948807142466821463e-02,3.063863675075430559e-01,2.472783455159258126e-01,-7.602100586147840511e-02
-9.353722348597119651e-02,3.970421720538882537e-01,-1.917956481962881377e-01,6.908912986905063613e-02,-1.573738123755889784e-01,-4.984037741843298092e-02,-6.982684692631020706e-02,5.598336757398733043e-01,-2.793460027567442050e-01,2.903446449619857539e-01,-1.938082107319319680e-01,6.270124310603268913e-01,-1.423848935274887179e-02,3.226207725224025658e-01,-4.355925442505801520e-02,-1.788028102448019005e-02,-6.510165883369468942e-02,7.931262953387384351e-02,-2.769733495377565413e-01,-1.025038936370071541e-01,3.870091353683602908e-01,-9.038846618670132171e-02,3.052306669880747170e-01,7.962453780403403458e-01,-6.781590405675516631e-02,3.378740786020499876e-01,-2.882923255221813141e-01,-3.584678635345244727e-03,-4.144865628354794246e-02,3.570696063990312918e-01,6.181950329303578795e-02,7.284365189026763276e-02,2.385862687323528353e-01,3.670507178973348448e-04,3.903578587569808134e-01,-5.327780627463688662e-02,-4.231112114606650626e-02,-9.438399826132828907e-02,2.748825087049992510e-01,-1.623163540672845906e-01,5.759214466601809690e-01,-2.359086512597382002e-01,2.480655051350676432e-01,-5.899328524288819514e-02,6.575500266700418095e-01,1.294816001027440655e-01,2.492280258981589836e-01,1.244559214307547762e-01,1.118039935927666040e-01,1.358666233817475699e-01,2.433740341190890610e-01,-2.087163817358306805e-01,-8.569742433209703858e-02,4.222469783602397775e-01,1.865042424651864456e-02,3.377247049723129946e-01,7.615941559557648510e-01,2.590687293639870048e-01,4.541463731123823733e-01,-3.101993520122007797e-01,3.253176882707789486e-02,-7.932744125711567451e-02,3.283817257004610357e-01,-1.531359542111361827e-01,-6.202476715810043006e-02,3.067023228179460367e-02,3.766459515591492058e-01,1.901247157369915508e-01,3.107693235497957507e-01,1.456200868459523734e-01,5.546395466890183951e-02,3.032861560830417691e-01,-1.412895435571169811e-01,3.352161381434988208e-01,1.924120103631222767e-01,1.478285813343904187e-01,2.480306983067623317e-01,2.004173136176763681e-01,2.385423874284974821e-01,7.192068984431604362e-02,6.045510733897466182e-02,3.533949003608745643e-01,-4.835793060084820488e-02,2.537575293512328578e-01
-1.358950361981300370e-01,4.648840266176397784e-01,-1.024640174062923931e-01,1.821123072308194757e-01,5.251129293970802775e-02,1.182613974211379343e-01,1.185359158170131572e-01,4.712506847808459187e-02,-8.563551534817394340e-02,3.459693694233927364e-01,-2.319464458624617142e-01,2.497364830712155703e-01,1.743261245959950578e-01,7.630694183597686031e-02,4.069827555598516389e-01,4.472684028335450201e-01,3.555301639157238403e-01,2.954548316094668392e-01,-4.139755018049449120e-01,1.076322080966087696e-01,2.361631569785813956e-01,2.060355775892197538e-01,6.567423651943728180e-02,2.426184750888879527e-01,5.358189888290300074e-01,3.991508706449606314e-01,2.394128664928418110e-02,1.784242119877622879e-01,3.031126352512907851e-01,1.397583868618147429e-01,1.213247080838265358e-02,3.760655505491675710e-01,4.518292739587210227e-01,1.091244169146009108e-01,3.056272751285548650e-01,-3.872556868602929775e-02,4.429148655056641681e-02,3.664226371545702826e-02,5.047476595442350611e-01,3.595826869936842862e-01,-1.532599805334162492e-02,-9.665489658007535290e-02,5.530463495034780852e-01,-1.087451118127500671e-01,4.419572581877688755e-01,3.147621188498100353e-01,1.078614920099139479e-01,4.045867043167795107e-01,6.186720095104357720e-01,4.989507796930782169e-01,5.856531709976645628e-01,-3.106133540809460358e-01,2.419251027012027933e-01,3.275506768799928414e-01,3.815117936549595745e-01,1.481818944691251361e-01,2.590687293639868938e-01,7.615941559557648510e-01,6.712121222792967190e-01,2.835427120293010916e-01,2.122552023647515107e-01,4.675851273990602741e-01,1.999676816529317169e-01,2.771463943725837598e-01,2.719812420004249498e-01,2.823470447474330514e-01,5.342326418887212158e-01,-7.827714036296622158e-02,2.501302352734126599e-01,4.018974705761483440e-02,3.596853501896269956e-01,3.244667609939508868e-01,1.039520643234318753e-01,2.316030530302193580e-01,3.704241285949380069e-01,5.318760556305029280e-02,3.833077252055536177e-01,-5.625539835722675325e-02,1.155586105635536126e-01,1.581337383134631680e-01,2.603544086960659087e-01,1.424992976377257858e-01,3.692501824112317393e-03,1.803137043370175718e-01
-2.111219750876016515e-02,5.980079295171378817e-01,-1.653635166297793072e-02,1.974032061719419862e-01,1.884223340411188552e-01,5.247144490850133569e-02,9.985853807315953068e-02,1.296114972871202642e-01,-5.043203488605618734e-02,2.329853138249488032e-01,-1.113690964213632090e-01,3.476124225432324355e-01,2.609270413794685939e-01,2.051534385205673050e-01,5.725450593196801385e-01,3.547469963153074834e-01,1.093070013281637193e-01,2.612543388354250373e-01,-2.686952282174959183e-01,3.348073601385029852e-01,4.255131889118372035e-01,4.298462408418806668e-01,1.353451973041353840e-01,4.189309402754182177e-01,1.789662821387178748e-01,7.849285239169017103e-01,-2.040751374701013296e-02,2.910994990946650929e-01,3.482752108096706656e-01,2.130414107199308238e-01,2.347120072723911099e-01,4.678331753034218332e-01,5.159795617714107996e-01,2.064955185203357635e-01,5.057240331311990689e-01,4.346761391279968523e-02,1.205905734950842995e-01,2.056303902620041091e-01,5.500072008302969717e-01,3.041730255768309577e-01,1.582593299659562358e-01,-1.841266856122527121e-02,4.157220369504410762e-01,4.555406923018935628e-02,6.148096415680788240e-01,4.460078652990537851e-01,2.481347988272367688e-01,6.296420229323317352e-01,6.387744468895858452e-01,3.979323926666814004e-01,5.494720893713361809e-01,-1.587661306284539053e-01,4.108992965712999212e-01,4.492521956709676911e-01,5.878370151065072102e-01,2.864742018259294198e-01,4.541463731123823733e-01,6.712121222792967190e-01,7.615941559557648510e-01,3.557023494463519286e-01,2.769753786404928753e-01,4.646382969747276381e-01,1.860778516798463345e-01,3.948946986630592071e-01,2.439054779518134708e-01,2.474579875082823510e-01,6.942912299038139778e-01,-1.553442905897632065e-01,3.057870759799952709e-01,1.714311733045128516e-01,1.869927989088399078e-01,2.596595201183667934e-01,-1.341407567840809945e-01,1.084597813325616084e-01,2.282058632611304594e-01,7.074777299880860570e-02,4.487206488416182748e-01,-3.476483227486643068e-02,2.191146585906049993e-01,2.129997437768285651e-01,2.856699174077883541e-01,1.335508352781495656e-01,2.047764781407733214e-01,5.996606534246490261e-02
2.876231389536306263e-02,6.396102984639938371e-02,2.914761356871062303e-01,1.937262870397299663e-01,4.888819253167006607e-01,-7.852855297507288501e-02,4.296059158479835216e-01,-2.146641766783452254e-01,4.110937094107383061e-01,1.496387113244099509e-01,2.380725830558510780e-01,-5.833484648093786168e-02,4.960651083129961891e-02,-9.942829950378427595e-02,5.622002253937290472e-01,-3.039832565759972849e-02,4.439223061015373090e-02,-7.765253624432741364e-02,-3.748621988557536422e-02,3.688518417319796017e-01,6.170677970871614459e-02,4.207210291967100613e-01,-1.158468370410925263e-01,-2.158518283574476782e-01,2.282475903388455907e-01,1.888785849925666005e-01,7.974649813146467148e-01,2.799728048132364977e-01,2.831388622950789524e-01,1.612037217440671633e-01,1.114944051272798442e-01,2.645812431579768753e-01,2.772394370209916858e-01,-6.441206495885885841e-02,1.335746272750372166e-01,3.466663291427939386e-01,8.325007387234871492e-02,4.645111035121807230e-01,5.362478140115933822e-02,6.239833379021617610e-01,-2.596582035795441668e-01,3.692208107684107898e-01,5.239544844508416122e-02,2.907628198478190984e-01,7.518298654206992393e-02,5.894511382575447905e-02,1.188796233826819315e-01,5.268972256853003966e-01,1.200767484470863788e-01,2.390169952508805484e-02,7.930426973681083125e-02,-9.469146062533956645e-03,5.429522802831957540e-01,1.151808468170512217e-01,5.662918665033572774e-01,5.237395956781351614e-02,-3.101993520122007797e-01,2.835427120293010916e-01,3.557023494463520397e-01,7.615941559557648510e-01,1.642106069798416057e-01,4.430066984168281041e-01,1.065788864753161730e-01,3.651492614701024042e-01,6.949988312581598104e-02,7.220302153769569964e-02,2.443703228013097417e-01,-5.616723003414313825e-02,-2.795529115842673162e-01,-2.477908856274498306e-01,-7.166883358066182368e-03,1.929941832779351885e-01,1.618384741320737508e-01,-6.332040272579780860e-02,1.256598356171277908e-01,-8.028487985291078710e-02,2.258558421895620894e-01,-7.334177687684508007e-02,-3.382948069657913392e-01,-2.081986194934947465e-01,-5.542485355755134152e-02,5.507483688122492838e-02,3.025465150710714424e-01,-9.114395125702104417e-02
1.123144636371944671e-01,2.609783800739755577e-01,2.179857858896918632e-01,1.175626793647967655e-01,1.718401931556206852e-01,1.256139886229521996e-01,3.092469560022088199e-02,2.047743083688432497e-01,2.344079381307045615e-02,1.824969839849129860e-01,1.417584435178869673e-01,1.242325730157872454e-01,2.486797837760683916e-01,-1.197838180005265929e-02,4.195473920598177808e-01,2.244445642275962882e-01,3.348760796391077321e-02,2.471596255875831705e-01,1.548845382701740520e-02,5.815465486842205101e-01,1.887866643797428967e-01,5.030085212855208709e-01,1.978537475115531297e-01,5.333290763035901383e-02,1.910204739827712703e-02,4.259896667133248882e-01,7.245417475613701030e-02,7.576124501069233519e-01,4.678328872503491609e-01,1.147221269061018956e-01,1.212543032090758338e-01,6.983797071617003915e-01,3.884849338008552477e-01,3.003022665574311967e-01,1.402028801342077580e-01,2.494794514610674807e-01,-2.007074534317488668e-01,2.349647245053766986e-01,5.016015070060220876e-02,-8.831185803078768493e-02,6.490572539484634751e-02,2.524255053656961068e-02,1.845349893382786377e-01,1.826514995311431244e-01,1.975890276822636904e-01,2.469171420849655962e-01,1.280437323894527690e-01,5.058314112026371934e-01,3.126713350045193796e-01,2.169443121131808816e-02,3.959925670594216518e-01,6.645245917924630374e-02,5.916849518139170039e-01,1.567066429540150685e-01,5.990026274717918930e-01,2.623724972854212245e-01,3.253176882707781159e-02,2.122552023647514829e-01,2.769753786404927642e-01,1.642106069798416057e-01,7.615941559557648510e-01,4.267052287037380598e-01,1.492619500827834511e-01,9.510505959789745944e-02,6.678155727899132144e-01,3.757424469230826736e-01,1.819633810908877769e-01,-1.895179655920294359e-01,-2.745541905308350739e-01,7.160999051118838166e-02,2.137412524661796986e-01,1.101093131860252095e-01,2.276269626467614382e-01,3.580748574489339003e-02,1.602792921667256787e-01,4.738431669741458019e-02,2.290957195596695639e-01,-3.504148236915750614e-01,-3.493456007752989145e-01,-4.465140491604516898e-02,3.069914954382825245e-01,-1.658042913814363473e-01,2.031438519489647820e-01,-1.390326676874379663e-01
4.173606160229035439e-02,3.517392532283352691e-01,2.238770697440981353e-02,1.796763829571214055e-01,1.819724333118048765e-01,-2.427737952275568474e-04,1.737024042637761723e-01,-3.036321841605580940e-01,5.667510546667648558e-02,1.187531209785634562e-01,-1.109477764745571415e-01,-1.889380340692623783e-01,2.202897760925537907e-01,-8.526181939148984312e-02,6.460033153848723231e-01,3.386359954989389132e-01,4.504712645390127751e-02,1.781264284458375924e-01,-3.047764816569236701e-01,4.875184189623783526e-01,2.603124801223928309e-01,5.399793123230157699e-01,-1.610136141920668340e-01,-6.815299166208638182e-02,2.131048974657916706e-01,3.744689183331860183e-01,2.373314150515311027e-01,3.139717659583255993e-01,6.322830792715927739e-01,-5.556331806282444746e-02,1.765434537094235923e-01,5.139785125624143358e-01,5.660666760018686627e-01,3.632184546258460101e-01,3.797313145873232876e-01,5.705924992367094467e-02,2.223548387132157425e-02,2.737781665493904115e-01,1.421671697504215404e-01,4.132191756940525873e-01,-4.287965816902992722e-01,7.426893335137700614e-02,1.530275290995611603e-01,-5.926913482174781672e-02,-8.386860174096730236e-02,1.768313701030697349e-01,-9.315716035466307943e-02,7.086529203078647532e-01,6.329192319996970184e-01,9.817732812294469036e-02,4.772558120111070612e-01,-2.120346833441276724e-01,4.750166133091727749e-01,2.278823530168661293e-01,5.667542642626015592e-01,-9.519246434794229050e-02,-7.932744125711570227e-02,4.675851273990603851e-01,4.646382969747275271e-01,4.430066984168281041e-01,4.267052287037380598e-01,7.615941559557648510e-01,-2.707063144936943111e-01,3.716445593462389119e-01,5.108781727636868553e-01,4.976951643605630471e-01,1.827992597060638935e-01,-2.479366625790161427e-01,-1.801209264455385095e-01,-1.256093093877257982e-01,1.341452261383094258e-01,9.744749996783695634e-02,1.595991101771581933e-01,-7.036483839090297565e-02,2.592049295400575826e-01,-3.084109123264146962e-02,2.236720113647182040e-01,-1.968252373047390535e-01,-2.585369071168851507e-01,-1.155864854047320284e-01,1.855256417152292003e-01,-1.089472975812530303e-01,7.121807414060707386e-02,-9.068019903307777962e-02
-5.279799608078394879e-02,-9.081726177480295426e-02,2.139980827074540182e-01,3.694804917945238576e-01,3.184487927060428158e-01,3.991336821188167239e-01,2.059687371947302725e-01,5.723511162739338687e-01,1.732492372145991444e-01,1.847315949798313262e-01,2.820784324971309376e-01,6.069938106407820610e-01,4.558138925159828658e-01,5.624664807912629350e-01,1.369872780714972982e-01,-3.301904962596964848e-03,5.291742049402632375e-01,1.008849518151706676e-01,2.093239425470050097e-01,1.646304040896756915e-01,4.020347055925794014e-03,1.377969356880436869e-01,1.922279167298802938e-01,3.167309778232771378e-01,1.162144869006948161e-01,2.872117487517731882e-01,-2.975861286682414744e-02,2.294262227858028802e-01,-1.039597681948992991e-01,6.747014919750449202e-01,6.370045205824338697e-02,1.464586189456815180e-01,1.454744224469819991e-01,-1.266329699142054455e-01,-1.648964758866343361e-01,2.840945553245086685e-01,1.067858966954441519e-01,3.195311968455427087e-01,2.688263417012022871e-01,5.140316732510264927e-03,5.141324159764527613e-01,1.778205379469372516e-01,3.461348218809742749e-01,3.555514951201378393e-01,6.917857895624036635e-01,2.461064352970288582e-01,5.393137315269020959e-01,-5.587907167790985563e-02,-7.634200291441872732e-02,6.106938956369806215e-01,1.121662841885458228e-02,2.565363241791487892e-01,3.154674056642691182e-01,-1.051904844573639669e-01,2.133727558658432832e-01,1.838122133394500257e-01,3.283817257004610357e-01,1.999676816529316059e-01,1.860778516798462789e-01,1.065788864753161591e-01,1.492619500827834511e-01,-2.707063144936944221e-01,7.615941559557648510e-01,1.433931859946150147e-02,-1.066807080391487250e-01,-1.824835599029386579e-01,4.337207160932020633e-01,-1.312311728489406470e-01,1.548232797107194914e-01,1.273629295117062188e-01,3.503214389462145362e-01,4.531094173476006293e-01,1.354900735504703871e-02,1.310345387170178955e-01,2.553814365000630082e-01,3.858994566117242564e-01,4.737768710259522842e-01,-8.096732367545121656e-02,8.811689284279902723e-02,1.418044687070782184e-01,1.863540586425747325e-01,4.080117569827567126e-01,3.396709412975684045e-02,2.639138459811003479e-01
1.736220602239228056e-02,2.097976399153862470e-01,-7.659953159725874094e-02,1.052016754257188297e-01,8.033184804898217679e-02,-1.176585184877157186e-01,1.640424667261937697e-01,-1.215153292043575917e-01,-6.455574074563483200e-02,-1.512661628979918016e-01,-1.084932005288473805e-01,-2.122738889782442018e-01,1.700343663912854686e-01,-4.032795432730032492e-02,3.532583356702334587e-01,3.747374425639436457e-01,3.470874899687210330e-02,2.970656546083243477e-01,-1.922441024509650709e-01,3.984020897458100952e-01,-1.139780487925984992e-02,3.660685655436705099e-01,-6.050428945453466267e-02,-2.264386677829420824e-01,1.342222430201866490e-01,3.016061759799637532e-01,2.252418239123143429e-01,9.311421588708029828e-02,2.929179163405182251e-01,-1.247930338835434166e-01,4.394022791550953322e-01,1.148683205694535636e-01,2.676708310942378932e-01,2.231345291750011506e-01,1.908209067608945819e-01,-1.746548854382370120e-01,5.309715554400488147e-01,1.781157245927190713e-01,1.893105223055430164e-01,3.038200488532477039e-01,-8.719823258468920035e-02,-3.528895304676798322e-02,9.943356898768344887e-02,-7.830053983280434171e-02,-6.809438732920598814e-02,3.266867664463916632e-01,-1.701752328783642798e-02,2.883924037165123133e-01,2.932506374521309245e-01,1.538163892561615065e-01,3.308791307954499494e-01,-1.608362561095715848e-01,3.501070269870616425e-01,-1.874940304948785608e-02,3.885386910037122443e-01,4.311773213379774955e-02,-1.531359542111361827e-01,2.771463943725837598e-01,3.948946986630591516e-01,3.651492614701024042e-01,9.510505959789750108e-02,3.716445593462389119e-01,1.433931859946150494e-02,7.615941559557648510e-01,4.635654674858488006e-02,1.687557495559436072e-01,3.314544742676391320e-01,-2.264622129807287720e-01,5.242471155094210328e-02,-1.448079465095512310e-02,-6.342937961274541792e-02,-1.261179660930921154e-01,-1.663070698068041531e-01,-2.208885171476553111e-01,-2.987427318235903392e-02,4.427232270469522342e-03,2.311092329613165797e-01,-2.958854771239637360e-01,-9.419666980752470706e-03,-3.151316399176929545e-02,6.452904441686384274e-02,-3.251304929567923052e-01,6.830303269596466054e-02,-1.442826464956429577e-01
7.564613739396938707e-02,3.357772282637484507e-01,2.078401871921710040e-02,-9.666711667950797504e-02,-5.725033846472806637e-02,1.835489221650551117e-01,-1.473558968497910293e-01,1.013652976776411307e-01,-7.724263292583367913e-02,-2.327113985453178879e-02,1.187937434276915005e-01,3.850420235134327518e-02,8.651821402956141882e-02,-3.706084881012077642e-02,4.915788397772394291e-01,2.434785878145580285e-01,4.576294636565476914e-02,1.650324176270387133e-01,1.835747660374829893e-02,4.593800432684343460e-01,3.405876536422139389e-01,4.351317298680043577e-01,1.359406607122687627e-01,1.674486295214209358e-02,2.113843825669884380e-01,3.906170203908944094e-01,-5.562251716159451187e-02,5.577410475502635467e-01,3.553885427550543818e-01,5.602552373041495837e-02,2.872162645529404562e-02,8.392310338772239753e-01,4.032846891658135036e-01,-5.320173915092953065e-02,3.032678945133633897e-01,1.534791045937998130e-02,-2.543557236381948083e-01,-7.047429550993258851e-02,5.523663234187145207e-03,-8.920486700131866065e-02,1.246363448772542723e-02,-1.511828239175308786e-01,-5.095457659291034030e-02,4.430293608605771760e-02,-6.867321762250358508e-02,-8.170548137729945204e-02,-4.060393860771035340e-02,5.770605257492150697e-01,2.627371767195932351e-01,-1.341702903432269445e-01,3.404428122589853167e-01,8.772207145494907710e-02,4.964220098995818509e-01,3.237111294212554058e-01,5.582744529249497045e-01,1.725738890825811445e-01,-6.202476715810043006e-02,2.719812420004250608e-01,2.439054779518134708e-01,6.949988312581603656e-02,6.678155727899134364e-01,5.108781727636868553e-01,-1.066807080391487389e-01,4.635654674858488006e-02,7.615941559557648510e-01,5.583517681138676636e-01,8.025546734910666766e-03,-3.014284968462516145e-02,-2.466301589055876486e-01,-9.183908909778736029e-02,1.115224821618777673e-01,2.241077505875645540e-02,-3.956022138595426813e-03,-1.256117463173422044e-01,2.305218213041287378e-01,2.835637616228226660e-03,5.162461932088088096e-02,-1.016448890694541807e-01,-3.311164280051592246e-01,-3.451782386492543292e-02,2.713396673133974257e-01,-1.579795140538425569e-01,5.761402221855478969e-03,-2.343124883284418147e-01
-1.183647738362114329e-02,3.673517656643965901e-01,1.627852511994147267e-01,2.380324940186312188e-01,1.663618929994704065e-01,-8.152617861299427116e-02,-7.808779990456213294e-02,-7.194144875776924131e-02,1.137364840192169740e-02,3.499818791030525067e-01,9.619709184863946272e-02,-4.180888932367783639e-02,-1.824966851704810586e-02,2.698582329364337951e-01,3.815493878507131287e-01,2.948137748262631974e-01,1.418774234551046232e-01,1.446857889647929496e-01,-1.399943106454017427e-01,4.324658314176409446e-01,3.267514964371702468e-02,4.588422505243852645e-01,-9.513285464086768117e-02,6.378542209419379994e-02,3.342258675206017521e-02,2.801471965432614231e-01,-3.633051869648878940e-02,2.432122936227255061e-01,3.190480244057395942e-01,1.619420616910728361e-01,1.881731101341694301e-01,4.396736397283825815e-01,6.002004289944832260e-01,1.087614020668214304e-01,3.380897918234791466e-01,1.807359840257514172e-01,8.005904419661583060e-02,2.430230146818173065e-01,-2.597686448269799844e-02,1.865715073521641010e-01,-2.085157096131923515e-01,3.679612182085303246e-02,2.528049706345841252e-01,1.173874917823273384e-01,-7.110515533965401647e-02,1.400605918416346742e-03,2.121133781935767293e-01,4.768652967763196693e-01,3.318499907546562655e-01,1.103931248482189764e-01,4.384435752852494650e-01,-5.224543843182589964e-02,4.390255811552926102e-01,-4.332420897083408273e-02,5.000508336215415683e-01,-2.044507464494163193e-02,3.067023228179461755e-02,2.823470447474330514e-01,2.474579875082822955e-01,7.220302153769558862e-02,3.757424469230827291e-01,4.976951643605630471e-01,-1.824835599029386302e-01,1.687557495559435794e-01,5.583517681138677746e-01,7.615941559557648510e-01,8.609644768587090824e-02,-4.508279770484771021e-01,-2.715646657466099234e-01,-2.099144865637437851e-01,1.578293152112724418e-01,1.033130538317778985e-01,1.183811036832776997e-01,3.381014555871024452e-02,5.097496216428679672e-01,-3.717176516566964017e-02,1.476310092748179537e-01,-3.455138025644234334e-01,-2.866161374972231446e-01,-1.501757270784142562e-01,1.737080802287059300e-01,1.915695227333974460e-02,9.017227338273389736e-02,-1.178210836586983251e-01
-1.829797644580272442e-01,1.821379320914424949e-01,-1.994463936652603464e-01,3.781683325452707134e-01,-1.278436115136425966e-01,1.479026944456794668e-01,2.460492931151486706e-01,1.289699224550854839e-01,-2.434854697138510160e-01,2.239444406002037147e-01,-3.191642958600715563e-01,3.137937471404670386e-01,5.160641541201780313e-01,1.501292055813021886e-01,5.234387075383480914e-01,1.475834367069540354e-01,4.466112521779852518e-01,2.868693152936473978e-01,-3.477981193329671705e-01,3.393425465950483666e-01,2.906114731326689959e-01,3.186211198720422244e-01,1.470025780308161223e-01,2.555000519599519015e-01,3.487350984524128505e-01,5.535081212324868272e-01,3.033319208866758557e-03,1.420226207204980107e-01,2.202219362919366208e-01,4.277017462677153437e-01,2.159466708295212645e-01,3.124490978690535603e-01,3.846557264557067257e-01,8.852913754855445960e-02,8.030152252726599493e-02,-1.978908781693431429e-01,2.021521695742251046e-01,-4.333302837432257554e-02,4.236806971371183672e-01,4.965226248075139265e-02,8.284174645203699894e-02,-2.355977081928130046e-01,4.104393003694112863e-01,-2.190144978301818979e-01,5.196950370977607703e-01,4.413522558567312126e-01,1.189972179982851652e-01,4.676347813170523837e-01,2.893065216233984827e-01,4.366882995402269763e-01,3.493570255283005577e-01,-1.948336528464494621e-01,3.597568895278789314e-01,2.785014303220373910e-01,4.711702605350291950e-01,1.734799839111569320e-01,3.766459515591492058e-01,5.342326418887211048e-01,6.942912299038139778e-01,2.443703228013097140e-01,1.819633810908877769e-01,1.827992597060638658e-01,4.337207160932020633e-01,3.314544742676391875e-01,8.025546734910666766e-03,8.609644768587086661e-02,7.615941559557648510e-01,-1.227782434189812061e-01,2.036837787403937283e-01,1.848233189099205143e-01,2.657817855155953368e-01,1.762460236287875515e-01,-1.163450801552637082e-01,2.156781628162789399e-01,2.598137075326570344e-01,3.864294316574040655e-01,8.449431907973261602e-01,-1.650511063507638654e-01,1.269606332529634452e-01,2.086002060008031456e-01,3.677291700137841901e-01,-5.116444721459809108e-02,1.558950943050516624e-01,1.281955966783826228e-01
-2.259400484702787926e-01,-3.410415316740749575e-02,-2.417725368980794820e-01,-2.394894558012960473e-01,-2.327336853213613777e-01,2.818824337452895956e-01,-2.142815226282243080e-01,3.684133649355783580e-01,-9.774479701312344115e-02,-2.742429344923187351e-01,-2.082496017495795992e-01,1.464405347829252080e-01,-3.998201911676408510e-02,-3.377040224094950832e-02,-3.639666077633936514e-02,-3.300082553384856010e-01,-1.388716398593263512e-01,-2.611834109564015183e-01,-1.962396167962064397e-01,-3.204837215352497881e-01,3.881449674642625802e-01,-3.098743869373750126e-01,2.758863934235723514e-01,2.754016014137717350e-01,7.532707739928279356e-02,-4.049611847451484170e-02,-3.414208809695113561e-02,-2.592708939390255818e-01,-2.846553622758464797e-01,4.767217544087304533e-03,-1.135428536494406115e-01,-9.272889844398980730e-02,-3.151677509158539725e-01,-3.664894193056740246e-01,-5.897954093550209637e-02,-1.746838394084058166e-01,-2.590998950297778158e-01,-2.586468641374489175e-01,3.810245347143841055e-02,-3.412752493429226930e-01,2.842287974674832518e-01,-1.591236342854657759e-01,-2.805954846066471275e-01,-1.848992736853765639e-01,6.432982145072412006e-02,-2.570068656136342278e-01,-1.653736919638117142e-01,-8.735999003386986372e-02,-3.498835792206784756e-01,-3.217707835543103800e-01,-3.678369299992104713e-01,-1.507968337995165276e-01,-1.775265654912915603e-01,2.452249595227003753e-01,-2.002610860100273726e-01,1.930837446641079369e-01,1.901247157369916341e-01,-7.827714036296622158e-02,-1.553442905897634840e-01,-5.616723003414313825e-02,-1.895179655920294082e-01,-2.479366625790161427e-01,-1.312311728489406470e-01,-2.264622129807287998e-01,-3.014284968462517533e-02,-4.508279770484771576e-01,-1.227782434189812061e-01,7.615941559557648510e-01,1.079144367028777862e-01,-1.085494074498971478e-01,8.503583817044255144e-02,1.170088420116373873e-01,-2.272136813030005975e-01,-1.225531429512479453e-01,-1.083514260363467423e-02,2.391454756624130928e-01,-6.762288558192514065e-02,7.374297522380873771e-01,-3.047425545766933169e-02,-8.891960233118735568e-02,9.819084094454517964e-02,-1.399099576535394948e-02,-7.899179755002934400e-03,7.043697913891756868e-02
-2.389451048854775994e-01,2.300150223411345785e-01,-5.039356369500299637e-01,-5.033489351957374201e-03,-4.812694428792028689e-01,-2.273091581628419455e-01,-1.722085964140329939e-01,-1.963560113937760643e-01,-4.023964754539959277e-01,5.245809959674717360e-02,-5.288860070856550299e-01,2.058873533028676150e-01,-1.708053675468879096e-01,-8.892215356376473312e-02,-5.930291825773822273e-02,1.314465825429365076e-01,5.992924494923571044e-02,2.283316262473715497e-01,-4.926351344738320037e-01,-3.013218846101574089e-01,6.637455523542648561e-02,-2.066981421502653571e-01,-1.820683656759698177e-01,3.214200676145100855e-01,1.642680843258048362e-01,2.539303717071323407e-01,-3.073734143913560701e-01,-3.456992599668629595e-01,-9.728046102171657161e-02,-2.049503011882528730e-02,-8.734877125409014342e-02,-1.382355908568725922e-01,-1.886885935639501461e-03,-1.564702895549646144e-01,1.261759166818927080e-01,-5.703078252076602128e-01,2.550358509534423950e-04,-4.489801698933630347e-01,-2.293940285334035434e-02,-1.742796428912917195e-01,-1.646095242509748591e-01,-4.447122639346660633e-01,1.776266975528643099e-01,-4.602198832741773993e-01,3.107737681028225896e-01,-1.698439639844323279e-01,-8.867740820154325354e-02,-7.864039868289134094e-02,1.569758764542699414e-01,2.000223632892323411e-01,2.196119942505600497e-01,-3.733558928009566014e-01,-2.602931630871875845e-01,1.421913676427788154e-01,-1.033362033785548417e-01,-2.218557887530605011e-01,3.107693235497958062e-01,2.501302352734127155e-01,3.057870759799953264e-01,-2.795529115842673162e-01,-2.745541905308350739e-01,-1.801209264455385095e-01,1.548232797107194914e-01,5.242471155094206164e-02,-2.466301589055876486e-01,-2.715646657466099234e-01,2.036837787403937283e-01,1.079144367028778417e-01,7.615941559557648510e-01,6.346431909263211546e-01,1.678172978124434223e-01,-1.653034329503686728e-01,-3.135839350664691993e-01,5.630386316293082283e-01,1.990298245865155802e-01,5.931540918392565892e-03,8.214440416786267241e-02,-1.933399593073800715e-02,8.399463374445161890e-01,5.636551703071470687e-01,2.219312513242912774e-03,-1.640881082669714830e-01,-3.359909601199296270e-01,6.323526578924931751e-01
7.959823042160178719e-02,2.127661477275110957e-01,-3.483008009434135910e-01,9.287526149530782316e-02,-1.902080034293032185e-01,-6.482340750447165845e-02,-8.539210538913487303e-02,-1.752779625059883994e-01,-1.186121433765295469e-01,1.208722573430970476e-01,-3.491662104063945060e-01,2.087377027744909408e-01,1.288574510309999088e-01,4.157025653747885297e-02,1.597229697381844990e-02,1.514069496828681360e-01,-1.742614379638964678e-02,2.028345516738804533e-01,-3.890412125700581369e-01,-1.472176119331361673e-02,1.143369012675319735e-01,7.593668898271778434e-02,-9.010052035940870063e-02,2.410919088860015991e-01,1.060194099701368686e-01,3.550993265222575634e-01,-2.104274720249039721e-01,-6.640697947879393125e-03,4.755402655166649645e-02,1.725596630733541581e-01,1.209594265760643994e-01,4.504952913762966943e-02,7.090481247213964444e-02,1.184995181980425492e-02,-4.268670792022197930e-02,-4.388512135783113610e-01,4.959264178189678324e-02,-1.155642047292479574e-01,-9.540084039763550849e-02,-4.598579219042087801e-02,-2.609268466163295330e-01,-1.194862501229787821e-01,1.739046207067990457e-01,-3.206979932598949534e-01,3.039409144224282655e-01,1.324487868486558598e-02,-4.461272339321243480e-03,7.194360297254177340e-03,-2.408804809035314937e-03,9.670426617497544786e-02,1.165582846889598595e-01,-3.315420176943352781e-01,-2.423103452278744380e-02,-2.868003901656086471e-02,6.618119166575048284e-02,-1.997881614895274938e-01,1.456200868459523456e-01,4.018974705761481359e-02,1.714311733045129071e-01,-2.477908856274498306e-01,7.160999051118846492e-02,-1.256093093877258260e-01,1.273629295117062188e-01,-1.448079465095509534e-02,-9.183908909778738805e-02,-2.099144865637437851e-01,1.848233189099204865e-01,-1.085494074498970923e-01,6.346431909263211546e-01,7.615941559557648510e-01,5.630918630067380942e-02,8.412011641144285720e-03,-8.665956412744406367e-02,3.245594211564851173e-01,4.163810709985756309e-01,9.970035637855427513e-02,2.148951252098737219e-01,-2.125602462604270493e-01,5.560871296827324395e-01,8.158787965607539050e-01,2.408973858431603388e-01,-1.302376756487654830e-01,-1.141944615763702819e-01,3.835075175085638222e-01
-5.273799337969400230e-02,2.652974022028470324e-01,-3.543357542218986828e-02,1.306919382384215400e-01,1.933323165789241072e-01,2.734047432950078016e-01,1.899584898226298058e-01,2.941507061300200829e-02,9.195712494377976387e-02,2.435836394194225152e-01,-4.518086282544793442e-02,3.650290557301789918e-02,3.268658752030852432e-01,8.392258865001075985e-02,4.106563442149024218e-02,1.649193251069122901e-01,3.519524918119312229e-01,2.505180911826427326e-01,-3.632246015529370237e-02,-1.601144608762919697e-01,9.025892342747110497e-02,-9.580116913784572641e-02,4.884501893725707450e-02,9.085657621604345535e-02,1.934268669649085726e-01,1.022076739002428930e-01,1.793239273451019064e-02,1.300625151695926907e-01,1.406108981732256680e-01,2.607121677265988868e-01,-6.435607950254242093e-02,1.447832555462350845e-01,2.068259817630911657e-01,1.588164853304826485e-01,5.999515661756549961e-02,6.129109938582555372e-02,-9.424127042602815918e-02,1.191091625588594355e-01,2.912504191530479458e-01,7.535775744952326327e-02,-6.242224013399297333e-02,1.191327778724636244e-01,3.983337191324051729e-01,4.386149756823307100e-02,1.478412927231214924e-01,3.433004488908541485e-01,8.808726562637060609e-02,-1.998160054732779634e-02,2.102544946974978790e-01,3.977027940735297085e-01,2.537168926075482056e-01,3.685782953771967602e-02,-1.142715628404961103e-01,3.068784530646938638e-02,-3.708179475687488347e-02,9.301065289095909738e-02,5.546395466890183951e-02,3.596853501896269956e-01,1.869927989088398801e-01,-7.166883358066099101e-03,2.137412524661797264e-01,1.341452261383093703e-01,3.503214389462145362e-01,-6.342937961274539016e-02,1.115224821618777395e-01,1.578293152112724418e-01,2.657817855155953368e-01,8.503583817044250981e-02,1.678172978124434223e-01,5.630918630067380942e-02,7.615941559557648510e-01,2.547406128987426688e-01,2.233757878411010700e-01,2.178492367783548544e-01,3.970764531819913068e-01,1.531955812846080289e-01,2.364021598084861397e-01,9.261224589878805369e-02,7.797104945796275166e-02,1.699949422724288464e-02,2.855913874485496717e-01,7.251099459283082138e-02,2.015187225889310818e-01,2.248441519362144592e-01
-3.620462699110760241e-02,8.059416430381097229e-02,1.746687528652388077e-01,2.143087886452407220e-01,2.879744083568474555e-01,4.620552673541378774e-01,1.969907436402847656e-01,6.537345242448032723e-01,1.706659576096029307e-01,2.419259714258431282e-01,2.674622867133048532e-01,5.393578864614319013e-01,1.476185770726894941e-01,3.813667964519631415e-01,3.377040035026427495e-02,7.888390701696722240e-02,1.725293516292453200e-01,6.128060474033727306e-02,2.322227513297419610e-01,1.525274118982605787e-01,1.752522561340927321e-01,1.808584084743005416e-01,3.671587953767708745e-01,3.567838024191815616e-01,1.313887853262534280e-02,1.845314811233680075e-01,2.233983671620964895e-01,8.014767603870441570e-02,3.126282189468313627e-02,3.263477135166688026e-01,-9.312134351598379267e-02,4.425454941560816313e-02,1.588679430794411318e-01,-3.174057505304644367e-01,-7.160576038914336083e-02,3.376814628084556791e-01,1.448001897996350484e-01,2.099238444090325006e-01,3.684269006738882801e-01,7.178472096406643410e-02,6.640879613273718007e-01,1.352970162052737346e-01,2.711044787303644177e-01,2.469816370920304982e-01,5.999349644048200814e-01,2.325719864203016907e-01,4.833854702860553298e-01,-1.088524700453412097e-01,1.687332726682178041e-01,3.092355022441779511e-01,1.080235425748833356e-01,2.727086623965925272e-01,1.762403121939901673e-01,1.758061875832128695e-01,2.042137455822283232e-01,4.422319280953020404e-01,3.032861560830417691e-01,3.244667609939508868e-01,2.596595201183669044e-01,1.929941832779351885e-01,1.101093131860251956e-01,9.744749996783695634e-02,4.531094173476005738e-01,-1.261179660930921709e-01,2.241077505875642070e-02,1.033130538317778430e-01,1.762460236287875237e-01,1.170088420116373595e-01,-1.653034329503686728e-01,8.412011641144306537e-03,2.547406128987426133e-01,7.615941559557648510e-01,3.717120678480239082e-01,-1.378858746140417812e-01,1.818666981412039307e-01,2.498912663454854188e-01,1.001851667479881497e-01,3.434340193884564268e-02,-1.790404389548186925e-01,6.446543466018964108e-02,1.348560766123083066e-01,8.220094516398880335e-01,3.935740613648783803e-01,-6.206840048464839360e-02
3.301819624195730368e-03,-2.639112132839562322e-02,2.793938256477814241e-01,9.465913285720679859e-02,2.254744600066688476e-01,-9.718602200129400348e-02,1.410502693743136138e-01,-4.369965924589456346e-02,2.320690155754501771e-01,-7.932448437883672654e-02,2.464796836631137078e-01,-4.975463939838103283e-02,3.508290708454969709e-02,1.082010082001689730e-02,-4.191668492818235309e-02,8.797747099902823720e-02,1.867163421170356108e-01,9.725680064569393324e-02,1.666803087016070495e-01,2.080686996964371538e-01,-8.966972568164294222e-02,1.933700393969651210e-01,-2.049481665190494017e-01,-1.329260240666568782e-01,-2.941918951127983628e-01,-1.647579031361445789e-01,1.096726433725239563e-01,1.372601044884945165e-01,5.148718843733022382e-02,1.029715062981801377e-01,-2.406288271241595611e-01,2.862061459714964479e-02,1.052317084729539470e-01,4.524603496427029303e-02,-5.725253903102803243e-02,3.040897094866397699e-01,2.459318004049004130e-04,3.597064709247385084e-01,-8.539132555132794566e-02,1.134628530896449744e-01,-2.133994021016186876e-02,2.854842704191591363e-01,6.524611086765697010e-02,1.636893896027847017e-01,-2.097240299791766627e-02,1.785905638724795963e-01,8.921479892585099103e-02,-2.340143396837445627e-02,2.326817210154897564e-01,2.129152156003019103e-01,2.368257957757992083e-01,1.975850302283202742e-01,2.713972703360057470e-01,-7.097621453155450455e-02,2.379628495925812937e-01,-1.153613067051757340e-01,-1.412895435571170089e-01,1.039520643234318753e-01,-1.341407567840810222e-01,1.618384741320737508e-01,2.276269626467614937e-01,1.595991101771581933e-01,1.354900735504702483e-02,-1.663070698068041808e-01,-3.956022138595399057e-03,1.183811036832776858e-01,-1.163450801552637082e-01,-2.272136813030006253e-01,-3.135839350664691993e-01,-8.665956412744406367e-02,2.233757878411011255e-01,3.717120678480240192e-01,7.615941559557648510e-01,-3.419998112628536147e-01,-5.532319516104464846e-02,-5.015525176216927700e-02,-1.961239176299910125e-01,-2.306799236914041651e-01,-3.220989408130827125e-01,-1.919516056015788466e-02,2.319049267807598291e-01,3.557103134633859964e-01,4.672193303180235957e-01,-2.970548456476065913e-01
-1.752673354347494827e-01,1.516576218554359368e-01,-2.117401459880105252e-01,6.218038461407461581e-02,-2.302952420085790652e-01,-1.706524309005359730e-01,1.386053108755861719e-02,1.544962539611564878e-01,-2.670144809130181596e-01,2.488348724996340411e-01,-1.322547889001001176e-01,3.293280935940389176e-01,-7.438453723374129078e-02,1.533825699080972049e-01,-1.259100735679835048e-01,2.812777259789299086e-02,7.426036958741948080e-02,-6.355154449019212448e-03,-2.687976230841127578e-01,-1.300530727610132165e-01,1.122235342850186751e-01,-9.194785387543269461e-02,5.717016901014453784e-02,3.530338143705547549e-01,2.288599755914247080e-01,1.954817014432683187e-01,-1.164710928320544514e-01,-4.810692512382253039e-02,1.228797069750125481e-01,1.016441995504236556e-01,-1.365493965067008653e-01,-4.127772135223189282e-02,4.950598111465576157e-02,-8.790259808252046114e-02,3.925697411621398292e-02,-1.818818483506470796e-01,-9.858448929923210174e-03,-2.086562178510046606e-01,1.079341739975162445e-01,-5.644647843488806438e-02,2.057785421182208863e-01,-2.465291523198968882e-01,1.027474170501916778e-01,-1.233214964239171679e-01,1.721198469512894569e-01,-9.852645701986670335e-02,1.365790418885184376e-01,-8.015821896629407584e-02,9.966848865478052100e-02,5.766802977303322336e-02,1.284263295973668839e-01,-1.596571938611449915e-01,-8.239751718419863202e-02,1.744794589372809512e-01,-1.424971676209895247e-02,8.961773623612680206e-02,3.352161381434988208e-01,2.316030530302194135e-01,1.084597813325615806e-01,-6.332040272579776696e-02,3.580748574489344555e-02,-7.036483839090297565e-02,1.310345387170178399e-01,-2.208885171476553388e-01,-1.256117463173421767e-01,3.381014555871017513e-02,2.156781628162789677e-01,-1.225531429512479176e-01,5.630386316293081173e-01,3.245594211564851728e-01,2.178492367783548544e-01,-1.378858746140418645e-01,-3.419998112628536147e-01,7.615941559557648510e-01,2.400162054615630203e-01,-7.424451159477246653e-02,1.729019149798559085e-01,-3.149191495428971949e-02,3.852394115413836917e-01,3.184496653218021889e-01,-7.830014098198491423e-02,2.581845978783140275e-02,-3.412927971646719238e-01,6.344431779636405810e-01
-8.137618209566092886e-02,2.792360219012977596e-01,4.981777829571438360e-02,2.903224001234737117e-01,2.068687335506311509e-01,1.003598088330380778e-01,2.054086344082347582e-01,-4.341294062561359274e-02,2.079647523551817756e-01,5.481519861836469110e-01,1.134947547262273870e-01,2.951500041892921034e-01,2.157636575347138541e-01,3.441607815052152852e-01,1.899482836381857775e-01,2.297566474710787121e-01,4.053863247088578814e-01,2.704495318271575854e-01,9.405570565559778773e-02,1.661099087612690206e-01,5.143711081999344931e-02,2.936697515019457971e-01,-5.739981260724587309e-02,2.052207179022754180e-01,3.080675211209402686e-01,2.414806098628169417e-01,4.874847462894942723e-02,1.275789609077089271e-01,2.800269993334102980e-01,4.118720126157095485e-01,6.040816558686551950e-03,2.759267760922136659e-01,4.849201127035526193e-01,-6.204598015082211232e-02,1.700118181708044351e-01,2.955457494300421997e-02,2.083605052499159505e-01,1.924061609152953323e-01,1.213362075665997547e-01,9.984270464882533114e-02,-3.736687238216530871e-02,2.177055360830301989e-01,5.155345468254765029e-01,1.567861847951081689e-01,2.961897613609094093e-01,1.522942492065516851e-01,3.096509908347749862e-01,1.331486193507385729e-01,2.894436885391270531e-01,3.934464985219360278e-01,3.964909473094199166e-01,1.810225952723015230e-01,8.662663951561901110e-02,-4.148979232638463216e-02,2.316815959371861522e-01,-8.246559154019519888e-02,1.924120103631223599e-01,3.704241285949380069e-01,2.282058632611304871e-01,1.256598356171278463e-01,1.602792921667256787e-01,2.592049295400575271e-01,2.553814365000630082e-01,-2.987427318235899229e-02,2.305218213041287378e-01,5.097496216428680782e-01,2.598137075326569789e-01,-1.083514260363474535e-02,1.990298245865155247e-01,4.163810709985756309e-01,3.970764531819913068e-01,1.818666981412039585e-01,-5.532319516104467622e-02,2.400162054615630203e-01,7.615941559557648510e-01,2.278836139322957255e-01,1.826926194971051631e-01,-1.572649671667978311e-01,2.081376626383280304e-01,3.158067104790461821e-01,4.281438852808465700e-01,1.390319487638637386e-01,1.959127364656947090e-01,2.618762505342069891e-01
-1.391078195929117411e-01,-2.875783042347139495e-02,-4.714322002921423477e-02,1.673799769422069927e-01,1.289465388822792378e-03,3.624581933152478119e-01,1.880716878413287718e-01,4.069035710840903097e-01,-9.352108872670991668e-02,4.448618231198949412e-03,-1.359471211637052479e-01,2.201398270274993185e-01,3.748472077998680208e-01,4.186249641320780035e-01,1.003078751427485538e-01,-1.665201009072655169e-01,8.865964515069130192e-02,-1.075590276293181616e-02,-9.636823725009845132e-02,2.467711839697779574e-02,2.963761131118327063e-01,-3.689913026066640039e-02,3.111522178611748624e-01,2.525722926829280235e-01,7.082074389888676214e-02,2.352503889590771280e-01,-5.616406197695340136e-02,-4.783885445176960100e-02,-2.515608365816000142e-02,3.532425769447770092e-01,1.407203655972942835e-01,-5.333265534476371028e-02,-5.822769002394961868e-02,-5.480643407417190582e-02,-1.063884463110475326e-01,-5.557797249936116679e-02,2.812376428788512794e-02,1.145275605369572708e-01,1.722218227452547712e-01,-4.267234681826466772e-03,3.028958318895824120e-01,-1.089820083727770367e-01,-2.072825386153319752e-02,-1.649810416422256287e-01,3.390094956289502193e-01,1.337319244477698787e-01,3.060679813541001826e-01,-2.476185015196799566e-02,-1.147771495138579373e-01,-6.720465433348689951e-04,-7.011028622353344952e-02,-7.805909636620278480e-02,6.330889758638831577e-02,1.330371275363106398e-01,1.612043118006847159e-02,2.205787612116478502e-01,1.478285813343904465e-01,5.318760556305033443e-02,7.074777299880863346e-02,-8.028487985291078710e-02,4.738431669741458019e-02,-3.084109123264144187e-02,3.858994566117242564e-01,4.427232270469501525e-03,2.835637616228205843e-03,-3.717176516566963324e-02,3.864294316574040655e-01,2.391454756624130373e-01,5.931540918392631812e-03,9.970035637855427513e-02,1.531955812846080289e-01,2.498912663454854188e-01,-5.015525176216923536e-02,-7.424451159477245266e-02,2.278836139322956700e-01,7.615941559557648510e-01,5.402542876616297507e-01,1.795484114779866136e-01,-3.649493140131525315e-02,2.113137913717915151e-01,3.507299585248894735e-01,5.286242270535550236e-02,3.499592978618021322e-02,-6.898590703349381792e-02
6.105029194697107753e-02,1.529674923468209990e-01,-2.083190226761255925e-01,3.012598956954317675e-01,-1.964532898701899788e-01,2.907920217756147507e-01,3.887701200314768180e-01,1.302214019663382460e-01,-2.669555963177064339e-01,2.246900607451591536e-01,-3.452584037004319262e-01,1.785366209432077411e-01,5.697254381211880325e-01,3.178981091494754996e-02,5.499853485505765693e-01,2.584082972988819837e-01,4.914430124581334880e-01,3.089470667403672599e-01,-2.597834647472987424e-01,3.770088761508653685e-01,4.297478081711273989e-01,4.253616150009536523e-01,2.449278305765585917e-01,2.069641852016774752e-01,5.199232425901937349e-01,5.301644945910981566e-01,1.680015016381345150e-01,3.155594612771133178e-01,4.600280710318124244e-01,4.162477795293214600e-01,2.485344180389147395e-01,3.283048111056123819e-01,4.321096935591712263e-01,6.543934546768348515e-02,1.039494816242887282e-01,-2.182174681111394843e-01,1.472293980115310652e-01,-1.334231474367526815e-01,2.045605913113490160e-01,-3.858702125603646893e-02,2.130427806782721548e-02,-2.523843360077163145e-01,1.943616987671175633e-01,-2.513026750367198803e-01,4.680613467342071843e-01,2.618841767708398049e-01,-1.571068822776399143e-01,4.658005785757292072e-01,2.163453430527581545e-01,2.476160854154220714e-01,2.634123831904544022e-01,-1.710517089854692585e-01,3.724315289007475993e-01,3.590522457753825281e-01,4.665100538864382917e-01,1.579821899813118879e-01,2.480306983067623317e-01,3.833077252055535622e-01,4.487206488416182748e-01,2.258558421895622281e-01,2.290957195596695362e-01,2.236720113647181762e-01,4.737768710259521732e-01,2.311092329613165519e-01,5.162461932088089483e-02,1.476310092748180092e-01,8.449431907973263822e-01,-6.762288558192514065e-02,8.214440416786264465e-02,2.148951252098737219e-01,2.364021598084861120e-01,1.001851667479881913e-01,-1.961239176299910125e-01,1.729019149798559085e-01,1.826926194971051631e-01,5.402542876616297507e-01,7.615941559557648510e-01,-1.732401753045022252e-01,4.604400463808530630e-02,2.233137298573140139e-01,4.020635861602055439e-01,-1.951224037781421061e-01,9.053457213606304343e-02,7.928260540992013161e-02
-3.853787381563483772e-01,-1.381691085780313855e-01,-2.426386737965596507e-01,-2.411216096344017956e-01,-2.570921044570460001e-01,1.017623481520140150e-01,-2.294070956440983078e-01,2.246904949640491644e-01,-1.300787718641915336e-01,-1.696055663238890121e-01,-2.555912027618415516e-01,8.771574300582124506e-02,-1.254760136069982823e-01,6.869737687994739717e-02,-3.785612527940776517e-02,-3.862672229320978090e-01,-2.244387017124793715e-01,-3.322143369008391800e-01,-2.491915710787555305e-01,-3.046655002710846882e-01,2.905869015654948817e-01,-3.639136328695861677e-01,6.737418231295136048e-03,2.676909176050653594e-01,-8.287348851340652078e-02,-8.953969134395051155e-02,-9.754439981985084385e-02,-3.663306020645499261e-01,-3.079672530813646891e-01,4.555375302871930016e-02,-9.172893226887637863e-02,-1.563628413390502070e-01,-3.184046327552196853e-01,-3.992712896523241684e-01,-1.253895064224523626e-01,-1.641644448084053631e-01,-2.535142027673276677e-01,-2.055343222548451643e-01,2.244338196641255945e-02,-2.255382298751198444e-01,1.762666011204326311e-01,-1.991703485679769958e-01,-2.292220737296879196e-01,-2.317969391590642969e-01,4.531294860448763229e-02,-2.945848219034335469e-01,-7.669652738746755849e-02,-9.095645271298674617e-02,-2.485889507002420618e-01,-2.168871229823577662e-01,-3.307424601380268836e-01,-1.802800790190949853e-01,-2.248394248681837848e-01,1.307465106917081177e-01,-2.326906469406365696e-01,8.782856031005117914e-02,2.004173136176763959e-01,-5.625539835722675325e-02,-3.476483227486637517e-02,-7.334177687684510782e-02,-3.504148236915750059e-01,-1.968252373047390813e-01,-8.096732367545117492e-02,-2.958854771239637915e-01,-1.016448890694542362e-01,-3.455138025644235444e-01,-1.650511063507638099e-01,7.374297522380873771e-01,-1.933399593073802103e-02,-2.125602462604269938e-01,9.261224589878797042e-02,3.434340193884555942e-02,-2.306799236914042206e-01,-3.149191495428971949e-02,-1.572649671667977755e-01,1.795484114779866414e-01,-1.732401753045021975e-01,7.615941559557648510e-01,-6.098993515089747713e-02,-9.306060164452222006e-02,1.202813617370410287e-01,-5.044954054423037709e-02,-4.868711957989194095e-02,-7.378248320763858281e-02
-2.111440416330169489e-01,1.073251141594962071e-01,-4.542331195255878695e-01,-1.143428097666760318e-01,-4.951715349755381745e-01,-1.607500607950366756e-01,-2.579337660135874177e-01,-2.016909584277257195e-01,-4.132070082029655755e-01,-1.641184456945159881e-02,-5.301131899728335206e-01,1.529679669551615995e-01,-1.780864206562994545e-01,-1.217669746370110551e-01,-9.911496971216447738e-02,6.301522088753196138e-02,-2.987191500865019403e-02,1.717913028430070321e-01,-4.602762267067715407e-01,-2.985303312836368739e-01,-6.364642026087261040e-02,-2.649974894287316363e-01,-1.886458190855648254e-01,2.313213892722822684e-01,7.034466489264426525e-02,2.147448901153565237e-01,-2.759227509895038066e-01,-3.922739285436904200e-01,-1.766659452015494625e-01,1.279222314573321383e-02,-4.319262029486101162e-02,-1.706991378272581239e-01,-9.180291034146333129e-02,-2.138635785182881333e-01,4.456728190438175030e-02,-5.739199400403370843e-01,-7.346910990659991092e-02,-4.537577896252143472e-01,-5.371049420582792167e-02,-2.791209618756654298e-01,-1.678431121884125521e-01,-4.347391111211199033e-01,1.798357788480124675e-02,-4.642375839318938491e-01,1.976840384727742983e-01,-2.258208264339151006e-01,-1.617235853257634193e-01,-1.402529888145520598e-01,5.638075758672472793e-02,8.759633739374492190e-02,1.562314383895779535e-01,-3.207417538722630024e-01,-2.761342866798988660e-01,-3.542353896767179433e-02,-1.863314594887801323e-01,-2.489626722784843149e-01,2.385423874284974821e-01,1.155586105635535848e-01,2.191146585906051658e-01,-3.382948069657913392e-01,-3.493456007752989145e-01,-2.585369071168850952e-01,8.811689284279902723e-02,-9.419666980752512339e-03,-3.311164280051592246e-01,-2.866161374972231446e-01,1.269606332529634452e-01,-3.047425545766927618e-02,8.399463374445163000e-01,5.560871296827323285e-01,7.797104945796291819e-02,-1.790404389548187203e-01,-3.220989408130827125e-01,3.852394115413837472e-01,2.081376626383280026e-01,-3.649493140131522539e-02,4.604400463808525079e-02,-6.098993515089749101e-02,7.615941559557648510e-01,6.050965988157932518e-01,1.083769723677700109e-01,-1.592275295637229915e-01,-2.996996605839006844e-01,4.271950677988475276e-01
-3.587915555498802367e-02,2.226762564746098960e-01,-4.094395387336340342e-01,1.127559777289552229e-01,-2.829250611955955730e-01,-9.995132265411782457e-02,-3.142619283504011207e-02,-2.128153569094766995e-01,-1.955755449079328023e-01,3.781425626853581606e-02,-4.411589091764424597e-01,2.366312518854211677e-01,3.799052231585231532e-02,7.197488770811009962e-02,-4.840933726088973016e-02,6.235480636012744743e-02,-1.996608245611814283e-02,1.026695085145157699e-01,-4.643388256681907356e-01,-1.532854378220637470e-01,9.184119790738591582e-02,-3.809907797987550221e-02,-1.249551172224138695e-01,2.033258769870759652e-01,1.525682457720335949e-01,2.482919162595423890e-01,-2.291152345278117675e-01,-1.042491897927318861e-01,-9.513106371409356388e-02,2.017702818738890680e-01,7.216866334012489448e-02,-1.601072858223374570e-02,3.505209935489966757e-03,-9.369427155285194042e-02,3.168287966908976683e-02,-4.737282898225492200e-01,1.067827097594796631e-01,-1.965082640701165950e-01,-1.034818677637708642e-02,1.423017748588047658e-02,-2.332262652152827520e-01,-2.305469004281610057e-01,9.375962185361001733e-02,-3.825807914062437920e-01,2.057280459311311149e-01,-2.822517919834003144e-02,3.045910670794060165e-02,-4.735165895924490359e-02,2.142204249635195745e-03,7.915473699232140892e-02,9.281678594686175454e-02,-3.957043372876620779e-01,-7.417091108953424716e-02,4.648544277284883536e-02,6.532246475233947913e-02,-2.182989527613130865e-01,7.192068984431604362e-02,1.581337383134632235e-01,2.129997437768286483e-01,-2.081986194934947465e-01,-4.465140491604521061e-02,-1.155864854047320284e-01,1.418044687070782184e-01,-3.151316399176929545e-02,-3.451782386492539129e-02,-1.501757270784142562e-01,2.086002060008031733e-01,-8.891960233118735568e-02,5.636551703071472907e-01,8.158787965607539050e-01,1.699949422724292628e-02,6.446543466018962720e-02,-1.919516056015785690e-02,3.184496653218021334e-01,3.158067104790461821e-01,2.113137913717915428e-01,2.233137298573139862e-01,-9.306060164452222006e-02,6.050965988157933628e-01,7.615941559557648510e-01,1.409391381912867836e-01,4.121614678697255868e-02,-1.836143482099729940e-01,3.692023711265027819e-01
8.878370571512993192e-02,3.057626386132005214e-01,-1.145903496035439173e-01,1.498322385803486367e-01,1.570906482952363070e-01,3.260687524163873308e-01,2.353756066560284133e-01,6.567031167475510800e-02,1.293013520420715490e-01,3.212010433385906194e-01,-1.098664113529858599e-01,7.344121592826260980e-02,4.218218370967103947e-01,7.490920521368867047e-02,1.846502493317339344e-01,2.796616980658506169e-01,2.057817009911902806e-01,2.630937191248212126e-01,-1.222610356249877184e-01,1.837054339910550727e-01,1.596608041904341857e-01,1.847275920708008612e-01,1.395503301633281845e-01,3.134835243316614478e-02,2.242919163301366203e-01,3.262983787857001716e-01,-4.450048238901685438e-02,2.240215999945097125e-01,2.845750722555746570e-01,2.283413107803582420e-01,1.547684262193790572e-01,3.120799489424455064e-01,3.483355194844306446e-01,2.414437806597967695e-01,1.516212586976736221e-01,-4.617445850713835370e-02,-7.650341195842995379e-02,2.581864728397859632e-01,2.972396452417898627e-01,3.852248807802074321e-02,-2.386531547203064874e-02,1.969593109603104408e-01,3.648320115047791190e-01,8.097138207832504930e-02,2.280438657268468172e-01,4.142545856020313222e-01,1.602953629684951767e-02,1.585202922977390072e-01,2.416173008883937823e-01,1.331020764934240097e-01,3.104600892067901352e-01,-3.096081384537026360e-02,1.802937284288738118e-01,1.010779260397976081e-01,1.502027898416205542e-01,9.948807142466818687e-02,6.045510733897462713e-02,2.603544086960659087e-01,2.856699174077882986e-01,-5.542485355755123050e-02,3.069914954382824690e-01,1.855256417152292003e-01,1.863540586425747048e-01,6.452904441686385661e-02,2.713396673133974257e-01,1.737080802287059300e-01,3.677291700137841901e-01,9.819084094454516576e-02,2.219312513242885018e-03,2.408973858431603388e-01,2.855913874485496162e-01,1.348560766123083343e-01,2.319049267807597736e-01,-7.830014098198491423e-02,4.281438852808465700e-01,3.507299585248895291e-01,4.020635861602055439e-01,1.202813617370410287e-01,1.083769723677700109e-01,1.409391381912868113e-01,7.615941559557648510e-01,1.790914170571774114e-02,2.829687483597913555e-01,-6.717287395427951405e-03
-1.066343527128749691e-01,-2.931100908837406399e-02,1.228087537026298914e-01,1.297290252676205069e-01,1.268006096554029904e-01,1.478247937289436098e-01,5.119417679894858880e-02,5.387871324789275107e-01,3.053471047448684528e-02,1.882412287651533955e-01,1.187465559927191744e-01,5.679961507407997878e-01,-1.009289336092613065e-01,3.745897765761899145e-01,-8.376477867051217163e-02,-8.709761157802950460e-02,3.397284320078844400e-02,-9.789989133386521603e-02,1.438976681143433189e-01,-5.058592165355778325e-02,-1.465731085738563796e-02,-3.654903678502280373e-02,2.358650505005191744e-01,3.536682810954408507e-01,-1.277244599865437202e-01,6.708897894796234627e-03,8.736223021203122496e-02,-1.404975248527128850e-01,-1.619313430823264566e-01,3.921995880634250309e-01,-2.172185494837983455e-01,-1.554092242954074055e-01,-7.192281385607683653e-02,-3.981342788623863371e-01,-1.719285724450961006e-01,2.368336074306346961e-01,4.585789348795763637e-02,4.436064231600744812e-02,1.944167857042371217e-01,-7.960578937921336529e-02,5.944102142373608455e-01,-8.680512495149153920e-03,2.350324541668097345e-01,4.146882624421107527e-02,5.231017699886028050e-01,-3.289081471789381123e-02,4.950432393164153067e-01,-2.131199507378402358e-01,-3.041936570121693897e-02,1.965025489125739044e-01,3.133048274803520300e-02,1.398459597782723551e-01,6.752202254421170446e-02,4.812289363008452614e-02,2.425712320195547514e-02,3.063863675075431114e-01,3.533949003608745643e-01,1.424992976377257303e-01,1.335508352781496211e-01,5.507483688122496307e-02,-1.658042913814363473e-01,-1.089472975812530720e-01,4.080117569827567126e-01,-3.251304929567923607e-01,-1.579795140538425846e-01,1.915695227333973766e-02,-5.116444721459805639e-02,-1.399099576535392173e-02,-1.640881082669715385e-01,-1.302376756487654275e-01,7.251099459283079363e-02,8.220094516398882556e-01,3.557103134633860519e-01,2.581845978783140275e-02,1.390319487638638218e-01,5.286242270535553012e-02,-1.951224037781421061e-01,-5.044954054423029383e-02,-1.592275295637229915e-01,4.121614678697255868e-02,1.790914170571772726e-02,7.615941559557648510e-01,3.277633607165806873e-01,1.198739097526107557e-02
-4.162908091459078391e-02,5.209401018470316558e-02,3.362613902086236117e-01,1.107545320424428714e-01,3.887611204811626808e-01,1.470667245711889670e-01,8.253133118133068602e-02,1.218656212016690082e-01,3.539916164336729953e-01,-1.252277834683599572e-02,2.394100574320108532e-01,-2.685115528447647171e-02,4.519006010501595838e-02,-2.035957184200114060e-03,3.123222398305629532e-01,-1.024971608433374731e-01,4.970936781844142310e-02,-7.621036553421484117e-02,1.489007804169843741e-01,3.624747237455689941e-01,1.301951367524038956e-02,3.123697416851587416e-01,1.369550975559002404e-01,2.472949737538714804e-02,-1.153702057799291386e-01,1.251761500573650987e-01,2.714535182659096879e-01,1.918928964442509488e-01,1.643587470135247225e-02,2.437122348180955911e-01,1.049752455598398360e-01,2.288171994799400866e-01,1.623737059725979814e-01,-1.299428060786224637e-01,-2.477603049574304481e-02,2.967022917218602451e-01,2.312252009238403572e-01,4.094455968275491076e-01,1.216137194001351042e-02,7.601179952412789875e-02,1.337584760007597684e-01,2.760840761213116390e-01,-4.929314366775417594e-02,1.566164742899950613e-01,3.377688692020637262e-01,-1.809616292137813942e-03,1.441704820898386807e-01,2.968885435341595547e-01,-1.427617188827756158e-02,1.670715747677877264e-04,-3.982613111977426068e-02,9.257455932942332266e-02,4.006010007101770687e-01,-6.425050973130007337e-02,3.894308938040886292e-01,2.472783455159258681e-01,-4.835793060084821182e-02,3.692501824112331271e-03,2.047764781407732659e-01,3.025465150710713869e-01,2.031438519489647820e-01,7.121807414060710162e-02,3.396709412975681269e-02,6.830303269596471605e-02,5.761402221855492847e-03,9.017227338273388348e-02,1.558950943050516902e-01,-7.899179755002906644e-03,-3.359909601199296270e-01,-1.141944615763702819e-01,2.015187225889310818e-01,3.935740613648784358e-01,4.672193303180235402e-01,-3.412927971646719238e-01,1.959127364656947090e-01,3.499592978618024791e-02,9.053457213606309895e-02,-4.868711957989194095e-02,-2.996996605839006844e-01,-1.836143482099729662e-01,2.829687483597914666e-01,3.277633607165807428e-01,7.615941559557648510e-01,-3.707064800665307303e-01
-1.114970659457333868e-01,2.163773103526829555e-01,-8.067905175557800457e-02,4.992211095197472692e-02,-1.293887034324135432e-01,-2.492821596857781319e-01,-1.802188087045820397e-01,1.906070995446024902e-02,-1.457504553923531232e-01,-9.313466915971196913e-02,-1.549098621625668026e-01,1.037796889013667540e-01,-2.177599207664511760e-01,1.551070407842743415e-01,-7.564227495308283034e-02,-2.833531641696352549e-02,-3.611585843737243756e-03,7.414096576765839830e-02,-1.407671614102536939e-01,-1.561139850683542218e-01,3.480297948682056774e-02,-1.197514739199973532e-01,-6.829742848637963826e-02,3.033110050354481668e-01,4.281450315185349187e-02,1.442727159472502740e-01,-1.119659095928705050e-01,-2.032741597734891437e-01,-1.381503273254952313e-01,4.325590725468833608e-02,-2.762741246142328966e-01,-1.420788669650648560e-02,5.958265354084548576e-02,-5.929961166439910031e-02,1.577426260266754643e-01,-2.448635072250780198e-01,-5.028169378347398938e-02,-8.038764548471138971e-02,-1.496969390672894529e-01,-1.764434834886342840e-01,5.637438301834708093e-02,-1.197847775415167848e-01,1.542094376748428253e-01,-1.279955477554560461e-01,8.246387741662374038e-02,-2.504576315832279243e-01,9.655832772198194580e-02,2.315947387728326933e-03,9.898991498070817963e-02,9.249806309422255179e-02,2.167395301111366412e-01,-3.975036221363632827e-02,-1.184109458170107126e-01,1.070201849182612214e-01,-7.724503115736151837e-02,-7.602100586147843286e-02,2.537575293512329133e-01,1.803137043370175441e-01,5.996606534246497200e-02,-9.114395125702108580e-02,-1.390326676874379663e-01,-9.068019903307777962e-02,2.639138459811003479e-01,-1.442826464956429855e-01,-2.343124883284418147e-01,-1.178210836586983112e-01,1.281955966783826784e-01,7.043697913891745765e-02,6.323526578924931751e-01,3.835075175085638777e-01,2.248441519362144592e-01,-6.206840048464840054e-02,-2.970548456476065913e-01,6.344431779636405810e-01,2.618762505342070446e-01,-6.898590703349379016e-02,7.928260540992010386e-02,-7.378248320763856893e-02,4.271950677988474721e-01,3.692023711265027264e-01,-6.717287395427951405e-03,1.198739097526106863e-02,-3.707064800665306192e-01,7.615941559557648510e-01
