7.615941559557648510e-01,3.476000927765102166e-01,5.476730416590447348e-01,1.794215620308913794e-01,5.455701398734904561e-01,2.410621347882752896e-01,5.302262104498635109e-01,1.084440810681105705e-01,5.980863286922351030e-01,4.163109264940612619e-01,4.118080558618097409e-01,1.373787833489416577e-01,6.987295869720574482e-01,-1.558786294463531119e-01,3.303309486536053496e-01,5.102557715891052892e-01,3.303576605898146390e-01,7.061128445210942406e-01,4.299003705003489606e-01,6.500283598992497858e-01,1.399128356795202310e-01,6.654603777523715458e-01,3.830361470375429067e-02,8.028024668302743971e-02,2.519717499095485702e-01,4.803398114235092886e-01,4.065422550181205241e-01,8.678373751719671292e-01,6.042513469177758223e-01,2.485554590693025978e-01,1.900403652918437047e-01,6.114000415142029077e-01,5.876739204347822820e-01,6.947487027001865156e-01,2.333987096976207765e-01,5.409698472090265220e-01,1.489009128658877468e-01,4.316060602825771420e-01,2.540870256022459417e-01,3.217212975559556321e-01,1.852309908049355469e-01,5.317976637333785561e-01,3.569730932197583417e-01,4.613861012441020648e-01,9.420452051129693527e-02,5.415376961577110793e-01,-4.809417502263367561e-02,5.422961112836949260e-01,3.622732018899267326e-01,1.331482014298578098e-01,4.653721563658728133e-01,4.150956755167692358e-01,5.677570429159094489e-01,1.682035226869342537e-01,5.438387390799095389e-01,1.535346341619937272e-01,1.498203225158650786e-01,2.910776529867835638e-01,2.349900923056866264e-01,4.384053107057984677e-01,8.302860361646686727e-01,5.205108141265941679e-01,2.540527806003831657e-01,1.803515313212248339e-01,4.964531582024603873e-01,6.406301366685277499e-01,3.415186247721304635e-01,2.234826539084367736e-01,-3.563082282655890554e-01,-7.277388598767892125e-03,-8.814651009762491940e-02,1.229874540117327775e-01,1.530274642524543649e-01,3.654898573870250522e-01,1.818491711306811642e-01,-4.745839678065654800e-03,3.565367131103296949e-01,8.594868756109903807e-02,-3.106312307092299330e-01,-2.099336081028983503e-01,1.149015697110058881e-01,2.193126940851422291e-01,2.979371893082275249e-02,2.084579188863772414e-01
3.476000927765102166e-01,7.615941559557648510e-01,3.104018392094458068e-01,3.324900077891537187e-01,1.984529265598124204e-01,1.046148529879532552e-01,2.318701189381089378e-01,1.861182472720165071e-01,-9.680163580916907595e-02,4.523224815172545710e-01,1.984894086498183163e-01,3.670325345518225535e-01,1.729773176371849353e-01,2.848337821869837971e-01,-8.444935088157025371e-02,3.642328146352378226e-01,2.558680312220014685e-01,4.075594734428727439e-01,1.211146655486246976e-01,-1.554236546725882018e-01,5.923026968890988675e-01,-3.853232257528195481e-02,2.900421775520022338e-01,4.440214568707062659e-01,1.425143604754065818e-01,4.931347279564642361e-01,-2.241945275261966741e-01,3.457420951607818593e-01,6.957936322750395142e-02,7.651940053367427275e-02,2.819610197382885555e-02,4.295292819585099231e-01,6.518595742382128355e-01,4.841014889957679923e-01,8.627980658264940983e-01,2.827201545940412064e-01,3.613714397748687968e-01,1.568564464157966853e-01,1.975809544230438530e-01,1.232446974052287120e-01,2.808789020146843507e-01,-1.662948412019240596e-01,4.699451851641807676e-01,1.181239314971216231e-01,3.759436986293352434e-01,1.946127878281125323e-01,2.962082625673022607e-01,1.877665930073846579e-01,2.904038567259372150e-01,4.172048564484789890e-02,5.337368315090388338e-01,1.100194751420523476e-01,-2.904789436358888310e-01,5.350683763732461129e-01,-1.491952387291912985e-01,2.297324376503077359e-01,5.864976963010749555e-01,2.740339361101928328e-01,3.644607313729046894e-01,-3.120289080375224788e-01,5.411702251671147712e-01,-4.075900717800214068e-02,4.563749905601537787e-02,-1.017704424904054689e-01,5.505835147806799057e-01,5.134894368362841188e-01,2.360681108609861689e-01,3.703204765778580487e-01,-2.583049906342095147e-03,-1.020258596117679245e-01,2.103979846371312745e-01,3.738263909392262052e-01,2.590588377776777418e-01,3.410506495202702548e-01,5.266297145511525946e-01,1.138334661441678525e-01,1.588999604412345279e-01,1.270490792740803510e-01,-2.501826606437574600e-03,-1.790738876911594224e-01,2.481513011712654926e-01,2.972946218693532372e-01,-3.181315771901021411e-02,5.085660993143131803e-01
5.476730416590447348e-01,3.104018392094458068e-01,7.615941559557648510e-01,2.654017789422422058e-01,7.498097001865053901e-01,-1.704671823815574472e-01,4.086786610128566033e-01,1.219956977690274114e-01,6.980448662515827962e-01,2.636128947724400429e-01,9.269626233252786784e-01,1.862989183006571181e-01,3.415671323790597791e-01,3.909494079866744909e-01,6.050811573459307091e-01,-1.656952263502274939e-02,1.751038195693833954e-01,2.301007932887484675e-01,8.109679814040346990e-01,6.470918109469439017e-01,1.142225076591143612e-01,6.381870140874946751e-01,2.165911196955917772e-02,-3.653128891832285730e-02,-1.511703992363067628e-01,2.433052181218680887e-01,6.032137476657363218e-01,6.807152145515746877e-01,4.005483532528388846e-01,1.491168786130654955e-01,-3.908695775655850191e-02,5.425361668023308548e-01,5.396094427484549039e-01,5.431597312352515194e-01,7.479650981036824187e-02,9.244417633311853288e-01,2.497828842291992257e-01,6.803097666924226017e-01,1.327448487781301978e-01,3.215517221567568695e-01,2.472695709326127589e-01,6.820146262683467464e-01,1.609014523033048538e-01,9.272511733820819613e-01,4.467499954208116464e-02,3.703957876504403446e-01,3.762076181532030827e-01,6.676902964404192176e-01,1.736798231641782375e-01,1.081200850369055076e-02,2.828891585672936859e-01,7.248837373817789143e-01,6.406339626160415524e-01,2.854321689568374287e-01,6.329678278236697819e-01,3.354857366072628300e-01,-3.735546299314374680e-02,-9.805146325014883757e-03,2.461533934030022408e-01,6.034508595835381684e-01,6.177445282107880686e-01,4.711316441720988513e-01,1.935749189496800970e-01,2.153285922029141986e-01,3.011271212307563561e-01,5.377666007210573085e-01,2.968319114731752251e-01,5.857982825038599711e-02,-5.249766193398504033e-01,-3.052231867780249575e-01,-2.139421101053286256e-01,1.680803490102473763e-01,2.582559796413120834e-01,-3.688449839769749466e-02,3.623898740533758323e-02,1.670068805663428024e-01,1.409372729098015697e-01,-8.653262813104335704e-03,-5.238667356686447230e-01,-3.735035367370126425e-01,-7.407995208207221460e-02,1.277322860055802312e-01,-5.127742023240868668e-03,-1.868292445703766819e-02
1.794215620308913794e-01,3.324900077891537742e-01,2.654017789422422058e-01,7.615941559557648510e-01,4.569367091928892011e-01,2.590124678105776845e-01,6.388854404106970586e-01,1.045214149036525625e-01,2.566342939867087836e-01,2.573249543615939161e-01,2.656673671734275377e-01,3.303924049800650020e-01,3.822294539602374419e-01,3.062586958605374998e-01,-7.050556771305593884e-02,1.141595801251971687e-01,4.137039671912572936e-01,2.598262349453072106e-01,2.476316509708793856e-01,1.276974140142677905e-01,-1.071266673782969581e-01,7.526444339358115410e-02,4.932614664076782202e-02,1.557417695434738514e-01,8.262870991720343283e-02,1.331000534377925759e-01,2.676038689153362737e-01,2.802337486687527246e-01,2.940834512402277778e-01,-1.605974716423025708e-02,2.221989370813365339e-01,3.688385566496846235e-01,2.776019041097597118e-01,2.937495175728312424e-01,3.300539711076013738e-01,2.337353367804106963e-01,4.081754649501565524e-01,3.974271754532566203e-01,4.787050822762401459e-01,6.148161399250738901e-01,1.593952630632908818e-01,2.837967536065587049e-01,5.305980777904737433e-01,2.594937657304302592e-01,3.454928900196379549e-01,5.555488945676868573e-01,2.256304866547964028e-01,-1.718159618259392646e-02,1.999407649564133305e-01,4.845809935602956031e-01,4.013009729103925727e-01,2.804566526087637901e-01,3.636146448777265866e-02,-8.721454675525666667e-02,4.022793814654172795e-02,1.848455417812539525e-01,3.241292111960640820e-01,2.106165790581100150e-01,2.469814504518439424e-01,2.546081572542058802e-01,3.886708717702626603e-01,2.706345504721077155e-01,4.984885012128192350e-01,-1.490766270870645671e-01,1.586684963776546220e-01,3.007097025943655799e-01,3.069255259398233071e-01,5.295930555734371104e-02,-7.342522921341169961e-02,-7.268558799163657436e-02,3.121024625122850171e-01,3.629651629574627836e-01,1.477675077066883114e-01,1.862722307461258109e-01,5.619862459935840437e-01,1.624718760497086134e-01,1.165602273186280569e-01,8.196613087834099531e-02,-2.301106956235022399e-02,-6.645164881454034000e-02,2.587920966062629002e-01,2.826957506914793972e-01,1.555321470070858692e-01,2.797437112967598449e-01
5.455701398734904561e-01,1.984529265598124204e-01,7.498097001865053901e-01,4.569367091928890900e-01,7.615941559557648510e-01,1.206108769437909227e-02,5.927501058982707072e-01,2.435379385486146492e-02,8.725984574242007241e-01,1.319962923988355144e-02,7.556256769422285968e-01,8.138308301983523951e-02,3.802367257761119501e-01,1.549642312443054726e-01,4.662810572304033618e-01,3.887714974975596538e-02,2.045537596276210401e-01,2.254794625421384091e-01,4.666813816362602174e-01,6.510627626517249134e-01,-9.025930735769663316e-02,6.317065042537467479e-01,-1.245393449386942297e-01,-1.523045439276495550e-01,-5.668972396453785673e-02,7.847327209975167583e-02,6.790169635234887258e-01,5.480249712448235222e-01,3.694428084151240577e-01,1.291820770983495015e-01,4.880358630366952305e-02,4.354314345566047129e-01,3.660531740266855794e-01,5.509781726620646136e-01,8.683382843906381487e-02,7.181601560352857128e-01,2.500189042898605107e-01,9.286634378990962224e-01,3.319136506442105228e-01,6.582608726967239532e-01,1.434740768495748608e-01,8.443757029863875330e-01,1.540540324569146247e-01,8.049697671834334933e-01,1.622095078807444801e-01,5.788261912245566965e-01,2.865673222311012069e-01,4.861387418509106606e-01,1.334681182778120478e-01,2.077790952807291591e-01,3.495648284989227861e-01,5.356474622481592895e-01,5.228662679502638078e-01,-5.399969183304526715e-02,5.592047829220573307e-01,2.019434628585371760e-01,-6.294892735402815576e-02,2.223029305698750232e-03,3.417668420061668877e-02,6.388167646700442237e-01,6.522282654522422174e-01,3.841593691943508970e-01,2.247552195499561978e-01,2.005143152634964454e-01,2.941199456377347476e-01,3.693407640533657998e-01,7.945121589464457235e-02,-1.316034354459674482e-01,-5.355361750034424162e-01,-2.332349345555023157e-01,-3.236224560243501636e-02,1.936975505774695960e-01,3.804863398669156016e-01,1.074856308353960843e-01,3.542685110222617562e-01,1.787648202003896403e-01,3.953113030046696320e-03,-7.487712909450870702e-02,-5.468477663035525849e-01,-2.759028807949094886e-01,1.760373981512830879e-02,2.553550188510473207e-03,1.556298424779969103e-01,4.449494175231762799e-02
2.410621347882752619e-01,1.046148529879532413e-01,-1.704671823815575027e-01,2.590124678105776290e-01,1.206108769437900900e-02,7.615941559557648510e-01,2.497604862699107919e-01,6.236741911306442621e-01,-6.448432616514947202e-02,3.471824333732311252e-01,-9.487483214538226794e-02,4.446218938763573658e-01,6.197935056578360857e-01,2.534840629478822271e-01,-1.100210915827120328e-01,5.623896109151962364e-01,5.451176162802032765e-01,4.622666779353203914e-01,-1.608414360841963764e-01,-3.213641257184023797e-02,3.617507622545871326e-01,-4.096066523283738159e-03,6.216098480278582361e-01,1.135615119453015076e-01,6.452133185569750573e-01,5.309635059714171712e-01,2.094553171293632721e-01,1.655191516059504042e-01,4.090276707664430300e-01,1.682927923001786008e-01,1.203586323534687474e-01,1.163933183509662239e-01,2.450026596493439235e-01,3.962639491679392778e-02,-6.830463111949081241e-03,-2.426633415260444904e-01,9.979533804940782238e-02,-1.198710322804544537e-01,6.107069598557601786e-01,-2.848057472420430919e-02,3.236558176938404974e-01,-1.617250508329016734e-01,1.879015142940489436e-01,-2.194659740936285852e-01,1.163936097578009976e-01,2.258837103809396563e-01,4.362154814518432594e-02,-1.269614935068074102e-01,2.217413117520774524e-01,5.088005204844767149e-02,1.377288865803181217e-01,-1.613503477808050923e-01,7.389179300150865159e-02,1.424358898622914704e-01,-4.399267633855677428e-02,2.500266425593269948e-01,1.054500221377511690e-02,3.005696720533189148e-01,2.031958661472279826e-01,1.749188966369401299e-02,1.406559883685672696e-01,2.022211428233648689e-01,6.048552896589229344e-02,-5.404353511712073344e-02,2.104662386662424778e-01,2.853580174783008627e-01,1.269694206524269453e-01,1.590081841975177213e-01,-1.335983214650771633e-01,4.917557306843849119e-02,-1.538783809017487680e-01,4.091995322587705375e-01,2.503575810277976904e-02,7.261896376985828294e-02,4.336597880336678923e-02,-1.891131113375667944e-02,2.514809712981928014e-01,-3.059589349906085068e-02,-2.410994680698331106e-03,-6.238943780859918659e-02,6.654733791503829321e-02,3.248314536810980035e-01,5.767432004764646430e-02,-2.984426046467436242e-02
5.302262104498635109e-01,2.318701189381089933e-01,4.086786610128566588e-01,6.388854404106971696e-01,5.927501058982709292e-01,2.497604862699109030e-01,7.615941559557648510e-01,-4.039377682840913919e-02,4.728810522621059720e-01,4.093418417808283860e-01,3.524445458112336338e-01,3.003724555907006932e-01,7.343276342367359710e-01,-5.188427685149530656e-03,2.056569225158474956e-01,2.929630040602791974e-01,5.549570885243354512e-01,3.955969592602844309e-01,1.429512440241346161e-01,4.493881549789932039e-01,-6.889344114668460861e-02,4.314598396335526109e-01,-1.043872276514623276e-01,6.452524028208363183e-02,2.355532064697684891e-01,2.638433797758236166e-01,5.232290080573448465e-01,5.263531279727736711e-01,5.435793570386083795e-01,7.751391236142943231e-02,3.803038132968470375e-01,4.021465564953917160e-01,4.002297755134734958e-01,5.506024289189785925e-01,3.375401710765173480e-01,3.145741220633846424e-01,4.237081211694670446e-01,5.289560750516203447e-01,2.814534500387435578e-01,7.538827374058079123e-01,-6.941236184275642596e-02,4.709235340778419321e-01,4.926995059630798757e-01,2.879683676315052399e-01,3.845261413068411516e-01,7.375907572181967797e-01,7.513497661717463694e-02,1.887925769012245292e-01,2.347957706924097554e-01,4.378650397357173318e-01,4.668870641042962566e-01,1.665796961502721274e-01,3.226286154514269588e-01,-4.063664524237640963e-02,3.803169580154107110e-01,-4.570443628860851315e-02,1.719395686293703485e-01,9.706915775344274189e-02,1.314320006750568925e-01,4.264337662302721266e-01,6.225162349684120189e-01,4.508246209799308679e-01,1.656115286956357513e-01,6.303585879419988658e-02,3.830212801570742065e-01,3.403952066150923161e-01,3.756897521084404667e-01,-1.051098838740619108e-02,-3.213893886701948421e-01,-1.403536182062417315e-01,2.652053668453209223e-01,4.431721232574211689e-01,4.831470435311964184e-01,4.652421426715915298e-01,6.132935446636456067e-01,1.877179485084035371e-01,3.199272529444903701e-01,-7.680923078055805486e-02,-2.555741766761484568e-01,-2.442768626832836076e-01,1.625816247865885800e-01,2.722762074802365095e-01,2.999676966588613047e-01,2.588893277851168628e-01
1.084440810681106260e-01,1.861182472720164793e-01,1.219956977690274114e-01,1.045214149036526180e-01,2.435379385486152043e-02,6.236741911306442621e-01,-4.039377682840908368e-02,7.615941559557648510e-01,-1.696441516910512648e-01,3.507308892555294211e-01,2.508148717330724864e-01,6.567309066843713961e-01,2.155437267610570973e-01,5.832869760856979058e-01,-1.375464097715512757e-01,2.886776300607933332e-01,2.667974188057060658e-01,2.685840920337462245e-01,1.620602409098823582e-01,-1.931117472943650049e-01,3.796007689319021994e-01,-1.554433623113234686e-01,7.465608682042675914e-01,4.786172227009376501e-01,3.435222297444542328e-01,3.544138002612265415e-01,-6.187912261633456840e-02,2.442411268509722122e-01,-2.653798813236325493e-01,3.229236520336042360e-01,1.222773688215690185e-01,1.771744237344488049e-01,2.043952442647048451e-01,3.835365367091632394e-02,1.003425068664041131e-01,9.628935371871348570e-02,5.344891644458701213e-02,-1.551748633517460729e-01,5.118333006305952892e-01,-1.569500614611828437e-01,8.286410642069668153e-01,-2.991066326507182960e-01,3.239208416468377649e-01,8.969169972966334337e-02,4.341937709590114602e-01,1.238480464366443212e-01,3.779638551722024897e-01,-1.102473492370241726e-01,1.078981396944539567e-01,-8.676338537428233966e-02,2.120930776011684393e-01,1.247475510863146064e-01,-8.577310895879654284e-02,2.304334149953624900e-01,-1.823632413285094789e-01,6.187394115790326721e-01,3.354181047300112128e-01,2.657791998323542626e-01,2.328768257778193740e-01,-1.771538379171956890e-01,2.250161905133302997e-01,-2.810223788324818228e-01,2.202551594105442712e-01,7.825799445550454965e-05,2.350889694944677533e-01,1.513240459717896669e-01,8.143505476702596335e-02,4.062048000552968136e-02,-2.522377347616371335e-01,-2.090521374940505217e-01,-3.598269035535246463e-01,3.575987854634300467e-01,1.944669677871101870e-02,9.060164100146576860e-02,2.080902068332275423e-01,-1.502401898272496573e-02,4.237028762692005707e-02,-1.356520737975222268e-01,-2.077883913291069251e-01,-2.134001665969566253e-01,-7.210789230869331379e-02,4.039648099489828170e-01,2.654490892253313569e-02,-2.540509062111092828e-02
5.980863286922351030e-01,-9.680163580916924249e-02,6.980448662515830183e-01,2.566342939867087836e-01,8.725984574242007241e-01,-6.448432616514947202e-02,4.728810522621060275e-01,-1.696441516910512648e-01,7.615941559557648510e-01,-3.903952721008638327e-02,6.276619747727183452e-01,-7.749598396361544184e-02,3.105136353745559519e-01,4.405240240607308927e-02,6.546522763315597571e-01,-1.715837097811019922e-03,1.345062088170244086e-01,2.414071200932598471e-01,4.846720054819743662e-01,7.429543160768370402e-01,-1.880813852228326588e-01,7.280939383013422805e-01,-3.745643405176463103e-01,-1.982399910185253800e-01,-1.054643972790098583e-01,-1.638087524623776936e-02,6.727082949952394308e-01,5.709026912212238347e-01,3.528291578248073379e-01,5.624266154242613808e-02,-1.771421067962692525e-02,3.670545516294553279e-01,3.241233895663133135e-01,4.355002647461098109e-01,-2.139005046900225027e-01,7.254690072067926376e-01,9.416074764551618514e-02,8.070246469884982954e-01,1.452553324898495646e-01,4.713721161908905333e-01,-4.371568937374100544e-02,9.719978936553964610e-01,-6.768791806072024797e-02,7.669856910889130130e-01,-5.316092888629520008e-02,3.365850675871574493e-01,5.883391950807687065e-02,6.531284044737847294e-01,-1.557229834549322262e-02,1.270509631113536098e-01,1.815144573500879210e-01,5.016689512155797503e-01,6.838835465679582448e-01,-1.203814094620319075e-01,7.107119100755961982e-01,7.582964035942631013e-03,-2.012733834113926423e-01,-6.678521686456227735e-02,-1.061048826678813867e-01,7.512178866876935146e-01,5.537557771815251328e-01,3.767968306238888010e-01,1.146323085907556688e-01,1.950013044270605400e-01,2.333951158170986806e-01,3.344021689659799068e-01,8.550179659359134765e-02,-5.613107454495727677e-02,-3.822936539997814354e-01,-6.058294851773046025e-02,-1.649010002262655261e-01,9.398743765897055180e-02,3.073732471438108127e-01,4.483200241551621446e-02,9.210843126227259703e-02,6.439701440731102067e-02,5.619882082046719074e-02,6.290230677494586253e-02,-4.608023330633421732e-01,-1.025579113343420834e-01,-6.093267123176349803e-02,-2.021760257799170776e-02,9.464462788856678466e-02,-1.820831361630236012e-02
4.163109264940612619e-01,4.523224815172547375e-01,2.636128947724400429e-01,2.573249543615939716e-01,1.319962923988346817e-02,3.471824333732311252e-01,4.093418417808283305e-01,3.507308892555294211e-01,-3.903952721008638327e-02,7.615941559557648510e-01,2.777098752333985177e-01,5.812727996126714203e-01,4.727102738457619746e-01,-8.869711531592129215e-04,5.515978951010773977e-03,7.629835372362768764e-01,6.800658129664045592e-01,8.085020661857034163e-01,2.592573399411804980e-01,1.308963171484353594e-01,4.137901930088697111e-01,2.002166566354110222e-01,2.828898308579991250e-01,4.063914070922687305e-01,6.844873546629796079e-01,6.215051931039022870e-01,6.852057491089058594e-02,3.333888393630951574e-01,2.828369270487186560e-01,1.330871189713162817e-01,-9.125505583591464465e-02,2.391938256368408011e-01,5.597688136294738381e-01,3.545403776274277385e-01,3.353095391741073295e-01,1.124543407352828484e-01,3.226116644886762308e-01,3.289535152896060077e-02,3.263439553166609941e-01,1.669060163504005045e-01,2.811475289385234055e-01,-8.676633520084774120e-02,6.295614417654247230e-01,1.128138857088979707e-01,3.534043053029658488e-01,2.518619996483354440e-01,-3.273797325073850989e-02,7.076614038852628574e-02,5.762906053240752779e-01,5.127470906980134968e-01,7.595452226944122698e-01,1.667122404709527050e-01,1.197103737441377741e-01,3.874334359830265972e-01,1.361338876310787260e-01,8.815377832865253782e-02,3.837331006893124341e-01,5.573346122604287967e-01,3.767632163605952322e-01,-8.314657993335694552e-02,4.613323160174792048e-01,1.826779588122571518e-01,2.519735029226569667e-01,-1.264628796708745229e-01,1.619206765429273276e-01,4.232250753743037608e-01,3.499525100111420262e-01,2.641898393855678373e-01,6.161385348726212963e-03,3.313647876432265077e-02,7.899487974232874410e-02,5.133311608771912171e-01,6.790676728113936855e-02,2.098726531542794149e-01,3.885967806178825534e-01,-4.677010630009836856e-02,3.454723059079215508e-01,4.657121892696512722e-02,6.349968196254267283e-02,-1.685131168010280400e-01,3.356357445244673721e-01,4.542560236555680531e-01,-3.230304190949683657e-02,1.173944707744735555e-01
4.118080558618097964e-01,1.984894086498183163e-01,9.269626233252786784e-01,2.656673671734274267e-01,7.556256769422285968e-01,-9.487483214538226794e-02,3.524445458112335783e-01,2.508148717330724309e-01,6.276619747727181231e-01,2.777098752333984621e-01,7.615941559557648510e-01,2.606950283725674167e-01,2.098094157193766962e-01,4.333884740052070805e-01,4.093863376476563620e-01,1.095137418592729769e-02,2.232375233000091497e-01,2.831294621656949007e-01,8.457641954703188913e-01,5.232814666807255044e-01,8.932150998888478688e-02,5.123414783068196421e-01,3.948006998086462868e-03,-2.298050878226158555e-02,-1.600796901249426918e-01,2.165854575259419101e-01,5.462306963431611262e-01,5.640988670793936066e-01,2.178103126451790827e-01,2.123024453630513730e-01,-1.154617553704510580e-01,5.197265339122376648e-01,5.015464483252770611e-01,4.638244847498496637e-01,-3.997537717209492109e-02,8.335351723983510652e-01,1.200491311463930261e-01,5.763410113173691451e-01,1.368365486447411239e-01,2.235113941096337764e-01,3.365721494632451516e-01,5.482721012782129089e-01,1.992636024438343978e-01,9.340915681052439634e-01,1.280605477354523625e-01,1.941911118729550967e-01,4.336151708340197919e-01,4.754468289089467392e-01,1.050775652943472943e-01,8.821200024511466342e-02,3.465954422448567218e-01,8.122223322876273022e-01,4.849815961742296455e-01,1.736957080103490869e-01,4.475198473312304581e-01,2.838340294202786884e-01,-7.314135374970678893e-02,-4.889699863897673665e-02,1.202783774782607701e-01,4.794416689434325973e-01,5.562811776632559102e-01,2.817485735264635971e-01,2.117320238681378031e-01,9.707675738841697877e-02,3.142545927307011655e-01,4.310771973046258476e-01,1.025267969405063845e-01,-9.069947462973140806e-03,-5.219655067499291423e-01,-3.056436358755769134e-01,-2.644181770506934259e-01,2.180908366030083478e-01,2.839581802565431246e-01,-3.447992942921043052e-02,1.070219232113447938e-01,8.786265388982662794e-02,-3.977341820972916248e-02,-8.909696308105856388e-02,-5.661121106760395039e-01,-3.685269066988136055e-01,-4.492596339739630962e-02,9.727984923659838135e-02,-9.189029337229229211e-02,-1.302250910620169899e-01
1.373787833489417132e-01,3.670325345518226090e-01,1.862989183006571459e-01,3.303924049800650575e-01,8.138308301983526727e-02,4.446218938763571438e-01,3.003724555907006377e-01,6.567309066843713961e-01,-7.749598396361540020e-02,5.812727996126714203e-01,2.606950283725674167e-01,7.615941559557648510e-01,3.870523394918226612e-01,4.974733659948253339e-01,-6.467211388251874193e-02,3.625002768283818733e-01,4.824299119415952908e-01,4.632409203112080043e-01,2.583166955900071393e-01,9.242562487314576192e-02,3.030911591404076288e-01,1.745848242458821267e-02,4.257542604074591730e-01,6.060673848240732964e-01,3.096844501199078059e-01,5.873322304991336340e-01,-4.864626060120461060e-02,3.615705180965824161e-01,4.899959631475492988e-02,3.523874612401051154e-01,7.790669105070305300e-02,3.439053089165089450e-01,4.505353726874037346e-01,2.081173119370111901e-01,2.380256104635192493e-01,1.013798731731887781e-01,2.903925041306043564e-01,1.039911642863099346e-02,4.681169327246597067e-01,1.428225648085771349e-01,5.570034649443231789e-01,-1.010164672324879581e-01,6.804778134232210007e-01,1.215574615516546442e-01,6.984404331129782095e-01,3.800738200655462418e-01,4.256722205633212686e-01,-1.873642737641911110e-02,2.596903851152611020e-01,3.348629891177812845e-01,4.740835168758694707e-01,2.063183854907938153e-01,8.134654677549291169e-02,2.430547185878550454e-01,2.040217237130183270e-02,3.206028696804268385e-01,4.499930327636361138e-01,3.264911199462685043e-01,4.838253643797120751e-01,-1.512880142415363172e-01,4.267036126323127676e-01,-1.165599147582814868e-02,4.733859906133480733e-01,-1.282205493826755506e-02,3.037247324449964259e-01,2.909283073167149847e-01,3.164076925060620438e-01,2.606257324187161162e-01,-4.125654944023052217e-02,6.428494565924669502e-02,-1.130972844812779248e-03,6.194529903879832933e-01,2.563991052276249905e-01,3.203194978810021132e-01,5.481755364829423716e-01,6.331118220894767223e-02,2.408427092801762037e-01,-4.774811532368417044e-03,8.635273362345952108e-02,-5.240802802696375301e-02,2.613122695830388809e-01,6.518162165594895141e-01,1.948807597321316476e-01,3.169407658965747165e-01
6.987295869720573371e-01,1.729773176371849353e-01,3.415671323790597236e-01,3.822294539602374974e-01,3.802367257761118391e-01,6.197935056578360857e-01,7.343276342367359710e-01,2.155437267610570973e-01,3.105136353745559519e-01,4.727102738457619746e-01,2.098094157193766407e-01,3.870523394918226057e-01,7.615941559557648510e-01,-5.552723677154679932e-02,1.172506612691858741e-01,5.599775482574435026e-01,5.893617216428570504e-01,5.559843744985680791e-01,1.723885046740826488e-01,4.059917518152326710e-01,1.368835006652247555e-01,3.777484912732806954e-01,1.213679140719461230e-01,2.613045491603913084e-01,5.374364246730475303e-01,5.600028741677277599e-01,4.185965047543870887e-01,5.652166196635510786e-01,6.343900130189906728e-01,3.799809508135586489e-01,4.172365827044468567e-01,3.894822172998170240e-01,3.699507078031215035e-01,4.122944947240828051e-01,2.306220954060645700e-01,2.176449514992567780e-01,3.074383880905980915e-01,2.956655282920425676e-01,5.362007682296372479e-01,5.207682377333247015e-01,1.338289204799046339e-01,2.708481677227828621e-01,4.736028555846283350e-01,1.501941448155390546e-01,2.956270143359147062e-01,7.183032709202267219e-01,-2.855733764278491765e-02,1.808984620921054998e-01,3.898910294906079432e-01,4.558927060204110426e-01,4.967092704983696039e-01,1.699374305111351624e-01,3.683670603279645683e-01,7.609918097459915376e-02,3.966826666991918326e-01,7.601060005466024616e-02,1.791753033088699654e-01,4.541548578822192650e-01,4.486682382132318181e-01,3.801849115787719335e-01,5.823402877498625729e-01,4.638646799418734146e-01,2.705376409033266594e-01,1.395285500621318286e-01,4.164264685034109181e-01,3.919574857773286958e-01,4.186066982571692852e-01,2.701125494837084973e-01,-3.298901739271303257e-01,1.457618833418613744e-02,5.753918077369888501e-02,2.803264003287302408e-01,1.788274577368433871e-01,4.458696059375565346e-01,3.424330704939805847e-01,3.953968147921514686e-02,4.726706206747266492e-01,1.397258577905474974e-01,-2.203685626211125959e-01,-6.089746475622798139e-02,2.456408858443792920e-01,2.460547415339626454e-01,1.443304529936236535e-01,1.186484098879414667e-01
-1.558786294463532229e-01,2.848337821869837971e-01,3.909494079866744909e-01,3.062586958605376108e-01,1.549642312443054171e-01,2.534840629478822827e-01,-5.188427685149697190e-03,5.832869760856979058e-01,4.405240240607308927e-02,-8.869711531592684326e-04,4.333884740052070805e-01,4.974733659948252229e-01,-5.552723677154668830e-02,7.615941559557648510e-01,3.069554147332614336e-01,-5.310964121674837356e-03,2.151819134232069164e-01,3.384879235954874055e-02,3.151574315279145888e-01,2.643211371322138903e-01,1.366601703583447958e-01,2.212024644723672995e-01,4.256103448781588527e-01,1.360112191269894910e-01,-5.503483589315558144e-03,1.197824887663280491e-01,1.881497655479523190e-01,8.325862563102655323e-02,-1.945452972529995717e-02,5.125865157641255193e-02,4.812478624767009203e-03,1.449226185353987562e-01,2.426919951749869631e-01,3.097797186850474380e-02,1.066575747335153090e-01,2.936067471194164225e-01,3.559557029889400814e-01,2.271209791674608236e-01,2.415020017025352461e-01,1.065302967587846289e-01,5.185850698310662255e-01,-1.880142763603973380e-02,2.109771689830991781e-01,3.421956127691248573e-01,4.402608819566244391e-01,2.035227673009948612e-01,8.390577416368764085e-01,2.484374600866518512e-01,5.863347554151452680e-03,-4.456658898820697878e-02,2.000877627843370421e-01,3.414245794973659320e-01,1.800330664204042308e-01,8.608138092279675468e-02,1.639250156477468912e-01,4.685944581216299198e-01,1.629398193094616087e-01,-6.823344787174090431e-02,2.109400579079076798e-01,2.251298428847041747e-02,1.737720322907204407e-01,-7.714767502569042090e-02,1.287731690801361684e-01,-3.753938392850480338e-02,1.791059890600630311e-01,1.801790291506801533e-01,8.870875904392366840e-02,4.225569291006591593e-02,-1.936063857818980938e-01,2.829426822454089371e-02,8.112371236571346012e-02,6.106359221094039835e-01,2.686751815743352867e-01,3.873637949090624755e-02,2.731096031611885966e-01,2.147461027078873264e-01,-8.115099079737674026e-02,-1.014802834229089346e-01,-1.665109426462807463e-01,3.248586999020364879e-02,7.790290109620397196e-02,4.408237061354770558e-01,2.159724229518101002e-01,1.049434556094282350e-01
3.303309486536053496e-01,-8.444935088157014269e-02,6.050811573459309312e-01,-7.050556771305596659e-02,4.662810572304033618e-01,-1.100210915827120328e-01,2.056569225158476066e-01,-1.375464097715513034e-01,6.546522763315597571e-01,5.515978951010815610e-03,4.093863376476563065e-01,-6.467211388251876969e-02,1.172506612691859018e-01,3.069554147332613780e-01,7.615941559557648510e-01,-1.508114477652712504e-01,-2.273797568662215204e-02,-4.333455503871152387e-02,3.777946995523088769e-01,6.518302866882804691e-01,1.403214221863729738e-01,6.940799123206151666e-01,-2.511860577249558912e-01,-7.337965557939601924e-02,-2.192541845068757267e-01,4.454246092554346725e-02,6.041904565430050722e-01,5.209893373615798184e-01,4.582749674526606642e-01,2.078662772837785166e-01,-1.590079934666768502e-01,5.851631487178619029e-01,2.546582161870228900e-01,3.603835203575325719e-01,-1.871948678497187546e-01,6.645028509885767543e-01,5.983513054187515612e-02,5.599109855937073332e-01,1.805907359122564323e-02,3.946460375314432278e-01,-7.348121438612509326e-02,6.666159139106715426e-01,1.351637754560444660e-01,5.232243394457961605e-01,-2.693650885995544503e-02,2.983303501275492708e-01,4.257637556290382874e-01,9.108685862929202237e-01,-1.030207575788560093e-01,-1.027444668707358372e-01,2.273457023602445948e-02,4.196657741531015229e-01,5.894001309236036601e-01,2.329498486508884414e-01,6.442475700770321501e-01,1.046202696023964401e-01,-9.899733333556030856e-02,-1.519278118239201225e-01,-5.294755123467465019e-02,5.875841201624032450e-01,5.119511653568349363e-01,3.643666215316140877e-01,6.139248691682670095e-02,1.098516501858042352e-02,3.673631261162098038e-01,3.169716097903244600e-01,3.415524828653324074e-01,6.902765068220939604e-02,-3.721341061464470551e-02,-2.509242036959627789e-02,-1.621040220681237987e-01,1.723183448282721852e-01,-6.876420930466879688e-02,7.381071124289269314e-02,-8.268470969901155210e-02,-1.028008477949103779e-02,3.111059646032127146e-01,2.135967692248550986e-01,-1.451797597444276222e-01,-8.917362553496772926e-02,-6.451818606815151735e-02,2.900151287465200234e-01,2.466340504006540035e-01,-1.497835866613472962e-02
5.102557715891052892e-01,3.642328146352378226e-01,-1.656952263502283265e-02,1.141595801251971271e-01,3.887714974975599314e-02,5.623896109151962364e-01,2.929630040602791974e-01,2.886776300607931112e-01,-1.715837097811019922e-03,7.629835372362769874e-01,1.095137418592732545e-02,3.625002768283818733e-01,5.599775482574435026e-01,-5.310964121674823478e-03,-1.508114477652711671e-01,7.615941559557648510e-01,5.981053716184157043e-01,9.233029159993472179e-01,8.896048077192848791e-02,-1.297937686165570315e-01,4.307429214121262229e-01,5.117037692097431943e-03,3.839608754984243921e-01,1.859030414248839524e-01,6.980078793400755766e-01,5.664097626010149433e-01,-1.682262190810214775e-01,2.424925059954469442e-01,1.726263631263835752e-01,1.847921923220523510e-01,9.081252932604229333e-02,1.769512242520943079e-01,3.333332133533924990e-01,1.237411783516497998e-01,3.113663725155371154e-01,-2.813413512924610449e-02,1.912093357100831392e-01,-2.323291026770216497e-02,3.739859098446922103e-01,4.676188032730071303e-02,2.136225773287508400e-01,-8.298520666651780509e-02,5.348092189826969545e-01,-7.337790991507942007e-02,2.008865410695424014e-01,2.308090268692928881e-01,-3.842113355845250267e-02,1.316333880739343262e-03,5.986173478407336157e-01,4.401775682308350368e-01,5.718775588778385321e-01,1.239489639327599757e-01,-1.004426897577295474e-01,1.790562832424180129e-01,-1.251597791801595527e-01,1.075953633374022861e-01,2.681768968624376748e-01,4.989022271656926577e-01,2.839194307450821353e-01,-3.251053303918560733e-01,2.304934402805851323e-01,-4.677755084570547894e-02,1.524776940839571160e-01,-2.222122382410801622e-02,1.333448736684276492e-01,2.411538822046956354e-01,2.099752311956409045e-01,1.922100170638196270e-01,-4.361007841951557162e-03,-1.128673279389195983e-01,-1.258961976909764302e-01,3.248201507730683613e-01,5.948599138611744552e-02,1.912064050946551685e-01,2.945134626746654938e-01,6.242697244229581527e-02,3.653852623456430027e-01,-6.912666213571511120e-02,1.992931126548780352e-02,-2.398845542053766600e-01,1.023926255775372274e-01,2.860825550754461655e-01,2.385753272202893478e-03,1.380999600566323315e-01
3.303576605898145280e-01,2.558680312220015796e-01,1.751038195693833677e-01,4.137039671912574046e-01,2.045537596276210401e-01,5.451176162802032765e-01,5.549570885243355622e-01,2.667974188057060103e-01,1.345062088170244363e-01,6.800658129664045592e-01,2.232375233000091774e-01,4.824299119415954573e-01,5.893617216428569394e-01,2.151819134232068886e-01,-2.273797568662209653e-02,5.981053716184154823e-01,7.615941559557648510e-01,6.588652664721414975e-01,2.677318393842845756e-01,2.141769776799964664e-01,2.761065107557927889e-01,1.553353666202103300e-01,2.263791291155240193e-01,1.714793837776175667e-01,6.108476132335860509e-01,4.959868103031644382e-01,7.153870222959504699e-02,1.396196850443030268e-01,3.976888198295834842e-01,2.237370324093439777e-01,3.264588380944537516e-01,1.589979765121151967e-01,4.737535437652931058e-01,1.564941665560046491e-01,2.705215862829552509e-01,2.901475786560171397e-02,1.319067941023455981e-01,1.366894347517152442e-01,2.652417181230198873e-01,1.859976306559003312e-01,1.594380971809007119e-01,7.119249179723963206e-02,3.942739875620143164e-01,9.986386992148095498e-02,3.347630699338966509e-01,2.616691807656024715e-01,1.458397577452557325e-01,1.988247633109654910e-02,2.786775093609935028e-01,4.832573570124445994e-01,4.719674888617706454e-01,2.496109145527011519e-01,2.080320015687559809e-01,1.783450968873995790e-01,9.826748945556748605e-02,1.712665443464206697e-02,9.522546971481515854e-02,3.395746061309795616e-01,2.154048965981943120e-01,-4.962130821926732244e-02,2.180444308470022297e-01,1.651324181040790817e-01,2.185238543841341585e-01,-1.795138303600355700e-01,3.161240430561732540e-01,3.107853797189346623e-01,3.090079590405043763e-01,2.552770650001588426e-01,-1.374028915147096630e-01,-1.293773852486938478e-03,6.180755107968683576e-02,5.740310211945521823e-01,3.833783080384236541e-01,2.658055361360535662e-01,5.073870739490446979e-01,-1.910187511848577754e-02,3.642622485062988469e-01,-1.625520150607408232e-02,-4.882509653040036091e-02,-2.427399341192518212e-01,9.363571873450858563e-02,3.933491648972123333e-01,6.238225020406169830e-02,5.543162763681250965e-02
7.061128445210943516e-01,4.075594734428726329e-01,2.301007932887483842e-01,2.598262349453072106e-01,2.254794625421384924e-01,4.622666779353204469e-01,3.955969592602844309e-01,2.685840920337462245e-01,2.414071200932598471e-01,8.085020661857033053e-01,2.831294621656949562e-01,4.632409203112080043e-01,5.559843744985680791e-01,3.384879235954871279e-02,-4.333455503871151693e-02,9.233029159993472179e-01,6.588652664721413865e-01,7.615941559557648510e-01,2.731793680314464901e-01,1.702613469423695791e-01,3.217892220608654652e-01,2.753609513137286746e-01,2.455883832319702142e-01,2.068466490462989860e-01,5.562885739900412796e-01,5.212274348277621261e-01,-3.089638538451643796e-02,4.920916683323475760e-01,3.916924169724682048e-01,1.870380671815785600e-01,1.883916029974697925e-01,3.404266017453702053e-01,5.160294205214076557e-01,2.972899515747645105e-01,4.650676428925235029e-01,2.197237806010417238e-01,1.919827662109047928e-01,1.408753902795020219e-01,3.625612219025852734e-01,1.548235529844388669e-01,2.617288222562529354e-01,1.780654044101511735e-01,6.726788290065971454e-01,2.011726898890598969e-01,2.516431018485129067e-01,2.950502965760042895e-01,1.030262380566346198e-01,1.164333800397093222e-01,6.506379894702197797e-01,5.262537628001359158e-01,6.568561020460782496e-01,2.963401097608140966e-01,1.850845274671225060e-01,1.703357055191817571e-01,1.548637993257301892e-01,1.023231424414228347e-01,2.709645048248336963e-01,4.812196292388629670e-01,2.370052887951467901e-01,-5.749775125538224979e-02,4.793063442339507985e-01,1.905585853326470791e-01,2.913308866051173562e-01,6.673400423457004349e-02,2.767435706762105263e-01,4.560233741780482242e-01,3.062401702195572395e-01,1.651276999791442268e-01,-2.231538382626204464e-01,-1.340885372321798386e-01,8.122615795202315150e-03,4.132757042549263793e-01,2.154487002839050036e-01,3.172254131617938122e-01,3.543432048669952761e-01,7.150382005040868683e-02,3.170362723879640576e-01,-2.246292122659358792e-02,-1.446182199207337593e-01,-3.516386021591664246e-01,7.072471366796283243e-02,3.745572123103854678e-01,1.106113812908972038e-01,1.267868490795617253e-01
4.299003705003491271e-01,1.211146655486246421e-01,8.109679814040348100e-01,2.476316509708793856e-01,4.666813816362602729e-01,-1.608414360841962654e-01,1.429512440241346161e-01,1.620602409098823027e-01,4.846720054819743662e-01,2.592573399411806090e-01,8.457641954703188913e-01,2.583166955900073058e-01,1.723885046740826488e-01,3.151574315279145888e-01,3.777946995523088769e-01,8.896048077192837689e-02,2.677318393842845756e-01,2.731793680314464901e-01,7.615941559557648510e-01,5.528120992300952219e-01,-2.760276367009733677e-03,4.535876026476958756e-01,-1.405779678030696367e-01,-8.961013085943102252e-02,-2.146254800872909874e-01,1.657388711149511418e-01,1.485812258517708873e-01,5.615380232786413295e-01,7.341851988290346021e-02,2.560912681123319046e-01,-1.464693794413126915e-01,4.867588160477289150e-01,4.473911479243091183e-01,3.787064657045561833e-01,-1.662625379346786281e-01,6.936916642320984927e-01,9.803924341249348196e-02,2.933998003918443231e-01,-1.242788296700689243e-01,-1.319412769689079779e-01,2.161771010595561759e-01,3.717952422468545071e-01,1.755617087789188846e-01,7.858186300973349914e-01,1.842698510261173706e-01,3.079297928564427109e-03,3.317983803799581244e-01,4.577153730344448168e-01,1.018890152491911533e-01,4.415527253612714503e-02,2.462327156508760939e-01,9.413312971342836510e-01,5.671387847822842998e-01,-9.155406234911490698e-04,4.252179647984019040e-01,3.065698798477650699e-03,-1.247076784783459485e-01,-2.669972817497426876e-01,-1.051098701412939151e-02,8.288679233301672611e-02,5.033276613497167373e-01,1.284471433432217979e-01,1.767390044311942521e-01,1.493693139806422446e-02,3.779111283561860657e-01,4.613483558551552677e-01,4.971184837366938308e-02,1.532599156439685278e-02,-4.981379317634648252e-01,-3.983784824095681909e-01,-2.301420084256249055e-01,2.345925199136204842e-01,2.360052847736352211e-01,-2.629096916603485424e-03,5.640916294015783233e-02,2.917232647307105645e-02,-4.939151115855330149e-02,-1.443827980481290074e-01,-4.734027493262827901e-01,-5.326968261745612665e-01,-2.259456920966762816e-01,2.027203316145329004e-01,-1.155532695153458494e-01,-1.348360468349704411e-01
6.500283598992497858e-01,-1.554236546725882018e-01,6.470918109469439017e-01,1.276974140142677905e-01,6.510627626517249134e-01,-3.213641257184023797e-02,4.493881549789931484e-01,-1.931117472943649771e-01,7.429543160768369292e-01,1.308963171484353316e-01,5.232814666807255044e-01,9.242562487314577580e-02,4.059917518152326710e-01,2.643211371322139458e-01,6.518302866882804691e-01,-1.297937686165570315e-01,2.141769776799963554e-01,1.702613469423695236e-01,5.528120992300952219e-01,7.615941559557648510e-01,-1.775499104687465468e-01,8.550039433926855947e-01,-3.711670379593719482e-01,-1.646351344165149777e-01,-3.930198289227982977e-01,-5.964766910212598860e-02,3.669677208298979809e-01,7.909858930114688214e-01,3.938146511372724867e-01,2.315990804832197825e-01,-1.443554373683686963e-02,7.406123342893103922e-01,4.155041244092121944e-01,6.069515522524054907e-01,-2.581445167805121454e-01,7.443515537729364917e-01,2.313745529157811009e-01,6.707943943146706944e-01,2.062394918512863995e-01,5.391436604066418559e-01,4.832853647682835985e-02,7.349031676479294006e-01,2.341064352386367509e-01,6.652658036694805155e-01,1.153655492705816937e-01,4.740075134160712800e-01,3.904923768358077307e-01,8.144772067254578696e-01,-1.326455169664784717e-01,1.115962032505987689e-01,2.240043538495145592e-01,6.284017699549813152e-01,9.378486811153950997e-01,-7.118235421224958226e-02,8.189549077284519196e-01,-5.527219462050477622e-03,-2.303847064129037336e-01,-2.067437171946136243e-01,-1.900158237093642621e-01,5.223251465262445103e-01,7.725013453113285244e-01,4.595412462202991821e-01,2.493867042063564465e-01,4.354985503999041496e-01,4.901740254805876940e-01,5.746392223791731979e-01,3.033188158227297371e-01,-7.267596341625030820e-02,-3.045652612450233665e-01,-1.633190094983809348e-01,-3.191605920818894049e-01,1.305151796306094347e-01,2.256414554605914724e-01,2.026846550566402116e-01,1.020163696625316502e-01,7.057651117315785760e-02,2.797883148788155028e-01,7.633786252645882731e-02,-3.434615120716054681e-01,-2.711373395453265944e-01,-2.215978997406134743e-01,1.621167630052627873e-01,1.578419015671067571e-01,5.233393218498691435e-02
1.399128356795201755e-01,5.923026968890988675e-01,1.142225076591144445e-01,-1.071266673782969164e-01,-9.025930735769657765e-02,3.617507622545871881e-01,-6.889344114668466412e-02,3.796007689319021439e-01,-1.880813852228326588e-01,4.137901930088698221e-01,8.932150998888478688e-02,3.030911591404076288e-01,1.368835006652246999e-01,1.366601703583447958e-01,1.403214221863729183e-01,4.307429214121262784e-01,2.761065107557927889e-01,3.217892220608654652e-01,-2.760276367009678166e-03,-1.775499104687465191e-01,7.615941559557648510e-01,-3.367048714531546694e-02,6.136812815676192523e-01,4.257209846416837862e-01,4.491857761350602218e-01,6.064521615390289222e-01,2.768211696003286884e-02,1.531227930967432871e-01,1.582303057314292383e-01,-4.894551251545303273e-03,-2.098916294157726625e-01,2.592580240108804945e-01,4.998473091345881358e-01,1.465846559690612561e-01,4.000491018648659747e-01,1.290919111871248193e-01,1.209856733936979928e-01,-1.448814628036734220e-01,1.889509247312446683e-01,-1.797315797165215112e-01,4.142032224898229975e-01,-2.683936811431319458e-01,1.442752164953965410e-01,-1.505947430814328324e-02,2.033624704430809782e-01,-1.310203444693244512e-01,9.814607970385393065e-02,2.619029977426965972e-01,2.989272564189217607e-01,-9.845998686610588080e-02,2.360269024126877835e-01,-3.902722951688188113e-02,-1.647112222032444950e-01,7.876167184671332144e-01,-1.153419534737830550e-03,4.351280034320557655e-01,3.899805639323882800e-01,3.965933024467664381e-01,4.948085872297594556e-01,-1.301154279856914231e-01,1.664800492487999717e-01,1.639310856090845092e-01,-2.906322486072269728e-01,-2.538810513416587811e-01,2.946199023931119765e-01,3.649265979657344561e-01,2.596919072417988583e-01,3.660731787954685790e-01,5.715324861442520887e-02,-7.910997226176923192e-02,-1.123195066060987124e-01,2.343908778347812694e-01,-1.131146807446162944e-01,1.994832743169763084e-02,9.436339451433735370e-02,-2.594311552218452888e-01,2.530160608780260278e-01,9.954351866434386908e-02,-1.628982655992813888e-02,-1.847228795904288789e-01,3.019510194045945187e-02,3.751755415823562201e-01,-2.088185133792202774e-01,9.849917028650796713e-02
6.654603777523715458e-01,-3.853232257528185073e-02,6.381870140874947861e-01,7.526444339358115410e-02,6.317065042537467479e-01,-4.096066523283738159e-03,4.314598396335526109e-01,-1.554433623113234963e-01,7.280939383013421695e-01,2.002166566354109667e-01,5.123414783068195311e-01,1.745848242458821961e-02,3.777484912732806399e-01,2.212024644723672995e-01,6.940799123206150556e-01,5.117037692097487454e-03,1.553353666202102745e-01,2.753609513137286746e-01,4.535876026476959311e-01,8.550039433926855947e-01,-3.367048714531546694e-02,7.615941559557648510e-01,-3.245034072072388032e-01,-2.272513498489271422e-01,-2.372171142143530698e-01,1.384580718128854970e-01,4.773134371998793979e-01,7.137522814690884232e-01,4.887548212869361475e-01,9.849603885091076649e-02,-7.510530135337478708e-02,6.849914032659625285e-01,4.057281876530816622e-01,5.580913240943429221e-01,-1.204437971146158082e-01,6.452447955789909484e-01,1.643501996694463341e-01,6.466297511392282704e-01,5.470713161612806436e-02,4.555559567484383510e-01,-5.129656636548461657e-02,6.870488948458701728e-01,1.964485532794605360e-01,5.652187868710535357e-01,-2.146275834294717952e-02,3.324205370327552589e-01,3.563913518153651872e-01,8.321531026131894215e-01,-3.266510903060193278e-03,-5.039697562609891934e-02,2.512315412703599593e-01,5.099813516557571980e-01,8.012833590089749602e-01,3.225795040991142476e-02,8.796934416819925939e-01,-3.266625275133624301e-02,-3.014447477224322380e-01,-1.614306865438432381e-01,-8.877677010696290172e-02,4.899496658676097405e-01,7.025134115391846734e-01,4.465669555842319283e-01,6.470624104609598581e-02,2.477923824091110561e-01,4.507979707054112217e-01,5.146968755991399025e-01,2.923288052793800995e-01,-9.523286647992842968e-02,-2.421207867238252542e-01,-1.150038470060772144e-01,-2.712266159968981238e-01,1.739263684538165655e-01,1.317109232686652365e-01,9.892141110251209679e-02,1.426828597441709146e-01,1.240487895743677682e-01,3.685140622275340228e-01,-6.435939341862915997e-02,-3.407230067612611046e-01,-2.033575321540036507e-01,-2.128108877647575392e-01,1.809963876864209009e-01,8.799282528233169642e-02,-7.674596517450782418e-02
3.830361470375434618e-02,2.900421775520022338e-01,2.165911196955928875e-02,4.932614664076764160e-02,-1.245393449386942297e-01,6.216098480278585692e-01,-1.043872276514623276e-01,7.465608682042677025e-01,-3.745643405176463103e-01,2.828898308579991250e-01,3.948006998086462868e-03,4.257542604074590620e-01,1.213679140719461230e-01,4.256103448781588527e-01,-2.511860577249558912e-01,3.839608754984243921e-01,2.263791291155240193e-01,2.455883832319702142e-01,-1.405779678030695534e-01,-3.711670379593719482e-01,6.136812815676192523e-01,-3.245034072072388032e-01,7.615941559557648510e-01,3.876321522867424707e-01,4.952020103942325058e-01,3.562362731238972735e-01,-1.000207716964231636e-01,1.998263366972939103e-01,-1.007340217263610199e-01,5.516577294110736052e-02,-8.528900423318197532e-02,1.557861567975468431e-01,2.253674228050554507e-01,8.581847617980607745e-02,2.116588024450246630e-01,7.394246770137738456e-03,1.132180837609981089e-01,-2.569517367434034916e-01,4.489997371096209888e-01,-2.935323207858888672e-01,5.955328765820918635e-01,-4.576620861973394461e-01,8.982191568940033066e-02,-1.261945141262766357e-01,1.455817317653296528e-01,-3.369167216344364640e-02,2.539939253743634384e-01,-1.616973991319260173e-01,1.773328091266778150e-01,-2.568086887113832928e-01,8.394916166883110986e-02,-1.594477432230079761e-01,-2.544792516712300334e-01,3.618801030799739804e-01,-3.179153473741660463e-01,7.553648584830886525e-01,2.848427003993903583e-01,2.666213040000114942e-01,1.969826631119151461e-01,-2.756608962414766051e-01,1.738185206502424751e-01,-1.028107256110223633e-01,-1.823798096286589343e-01,-8.981403185682981793e-02,1.880935304327489010e-01,1.714264429651766175e-01,5.065883944187093979e-02,1.851125151040903527e-01,-1.820854134693148940e-01,-1.323917426117270368e-01,-3.180485757151806925e-01,1.366225731525181342e-01,-6.737991737428729311e-02,-3.067443472686622388e-02,9.965140995253672640e-02,-1.009234736609846035e-02,8.817586552508673015e-02,-5.854462826535233866e-03,-1.362117926166405424e-01,-1.346513816036635502e-01,1.542965795686630608e-02,1.929327804578764016e-01,-7.542794111026480952e-02,-5.771805703867526061e-02
8.028024668302743971e-02,4.440214568707061549e-01,-3.653128891832288505e-02,1.557417695434738514e-01,-1.523045439276495550e-01,1.135615119453015631e-01,6.452524028208374285e-02,4.786172227009375946e-01,-1.982399910185253522e-01,4.063914070922687305e-01,-2.298050878226161331e-02,6.060673848240735184e-01,2.613045491603913084e-01,1.360112191269894910e-01,-7.337965557939603312e-02,1.859030414248839524e-01,1.714793837776177055e-01,2.068466490462989582e-01,-8.961013085943099477e-02,-1.646351344165149777e-01,4.257209846416837307e-01,-2.272513498489270867e-01,3.876321522867424707e-01,7.615941559557648510e-01,2.729263777458212914e-01,4.703793663700472916e-01,-2.894919840712735781e-01,2.329795103298903380e-01,-1.744258414226035059e-01,3.268998482643664105e-01,1.813391279823826918e-01,1.344055222731249666e-01,2.874186455077981650e-01,1.496714391091483465e-01,4.999242914625151579e-01,4.724445566385306050e-02,4.430384431566077030e-02,-1.546664645421007567e-01,3.387400427175762396e-01,6.410842496282868896e-02,4.976979488315997346e-01,-1.985961972193619751e-01,4.489754780224888830e-01,5.371872177702436291e-04,7.136886331692520180e-01,2.969214580159901806e-01,-6.732746431012078848e-04,5.459980534667735474e-02,2.569676662101885167e-01,2.206825582487228765e-01,4.067063178061960382e-01,-6.678027576627411366e-02,-1.114059195896738436e-01,3.680369747994679530e-01,-1.054699465184520853e-02,3.166991198159777032e-01,8.545718747124382286e-01,4.603615816137023864e-01,5.330912656989545972e-01,-1.876644613635623515e-01,2.198629723359816490e-01,-4.269644734230821498e-02,7.716033741160314985e-02,-1.974930748901742306e-01,2.827566896733483270e-01,2.073183928465196502e-01,3.341215978883881332e-01,4.135485844276837186e-01,9.445945366707715618e-02,1.548586501140492011e-01,-8.536409278122149280e-02,2.598278177480687345e-01,-4.044354657239650208e-02,5.265254844957045766e-01,5.663906925516466462e-01,-2.051335618557259821e-01,1.990138362522654858e-01,3.422075430292903508e-01,1.251044737620235214e-01,1.677168833598635389e-01,4.082817115678923359e-01,2.650164973470751639e-01,7.303967158550288274e-02,4.141851776699727039e-01
2.519717499095486257e-01,1.425143604754065263e-01,-1.511703992363067628e-01,8.262870991720343283e-02,-5.668972396453777346e-02,6.452133185569749463e-01,2.355532064697684891e-01,3.435222297444543438e-01,-1.054643972790098583e-01,6.844873546629796079e-01,-1.600796901249428028e-01,3.096844501199076949e-01,5.374364246730476413e-01,-5.503483589315613655e-03,-2.192541845068757267e-01,6.980078793400755766e-01,6.108476132335862729e-01,5.562885739900412796e-01,-2.146254800872911817e-01,-3.930198289227982977e-01,4.491857761350602773e-01,-2.372171142143530698e-01,4.952020103942326723e-01,2.729263777458212914e-01,7.615941559557648510e-01,6.155066403611593184e-01,-1.370976915914979000e-01,4.735936113624324845e-02,1.557576139552939720e-01,1.665572168454600432e-01,9.736664713518147773e-02,-2.226634368769007596e-02,1.955806466407686850e-01,7.267798501219994989e-02,1.566946199629876968e-01,-2.582125635750989190e-01,8.271910659489022100e-02,-1.397105447249047117e-01,3.386108600447209627e-01,-2.905771861373715459e-02,1.411742330765471676e-01,-2.199217946185988426e-01,3.547646040720195959e-01,-2.824346279809171745e-01,1.720507663282637989e-01,1.463895096725373879e-01,-7.239712986511072368e-02,-1.973773793540408161e-01,4.111364257612529771e-01,3.034973906387929965e-01,3.918716812847637954e-01,-2.822417380743817983e-01,-2.575084734403738640e-01,2.531303798058038845e-01,-2.459166617811920363e-01,1.303701224847639284e-01,1.762897259276389461e-01,6.322475400328275708e-01,3.134858389414940105e-01,-3.341606204421421755e-01,7.640477058918078435e-02,1.455569832496600609e-02,-1.450488266600205023e-01,-3.064397414572560541e-01,4.403178190338344344e-02,6.082577658578976892e-02,2.540288080021443351e-01,1.487706259732501923e-01,1.984257058215543879e-01,8.926835512029868136e-02,-7.117763472697474780e-02,3.697883652962270506e-01,-5.703927166903696028e-02,1.124049642187780890e-01,1.606762164515896096e-01,-2.489811453728718940e-02,4.028408271537969321e-01,-1.414960503044932483e-01,1.290013194051991274e-01,1.405439205798060531e-02,7.349224866447746918e-02,2.402255155874781500e-01,-1.508388884086075410e-01,-6.736692051360936018e-02
4.803398114235092886e-01,4.931347279564642361e-01,2.433052181218680332e-01,1.331000534377925759e-01,7.847327209975162032e-02,5.309635059714171712e-01,2.638433797758236166e-01,3.544138002612265415e-01,-1.638087524623771385e-02,6.215051931039021760e-01,2.165854575259419657e-01,5.873322304991336340e-01,5.600028741677279820e-01,1.197824887663280491e-01,4.454246092554357828e-02,5.664097626010149433e-01,4.959868103031644382e-01,5.212274348277622371e-01,1.657388711149511418e-01,-5.964766910212593309e-02,6.064521615390292553e-01,1.384580718128854415e-01,3.562362731238972735e-01,4.703793663700472916e-01,6.155066403611593184e-01,7.615941559557648510e-01,2.231281719778470396e-02,5.008359031639434411e-01,3.523738499144463687e-01,3.326466145326996138e-01,1.302119348264913490e-01,4.783803903608926378e-01,4.701131122831969655e-01,3.921128986436656638e-01,3.864094649012747573e-01,1.852171926003780000e-01,1.765375930986291808e-02,9.044792944379875799e-02,2.575734306145562869e-01,1.402271969334142332e-01,1.786244362700116495e-01,-1.639366598707446207e-02,4.225990859499300090e-01,5.005751561478111178e-02,3.204432790703949374e-01,3.440993578370871719e-01,1.850237954952759778e-01,1.695386570140404725e-01,3.675181789980486724e-01,1.794581268902655513e-01,4.770532965426199645e-01,1.405315277461331447e-01,9.049557541889283185e-03,3.894101676127613709e-01,1.588220302014220764e-01,1.588503226049769179e-01,2.759785157716808657e-01,3.822411644180767620e-01,6.436888828442587362e-01,-1.432963738101346862e-01,5.320142292918627058e-01,1.731357767730167807e-01,-4.561960189521457182e-02,-1.812358883009392851e-01,4.649821213114757046e-01,4.023513600206953256e-01,4.006591207371490992e-01,2.377805239177576968e-01,1.044828948163114835e-01,1.243179120655962810e-01,-8.805031847845647131e-02,3.464226095115858217e-01,-9.582227656293924867e-02,1.396318555953902640e-01,2.167832863533012688e-01,2.901267690370710160e-03,4.596918897015740968e-01,-3.250717415687491563e-02,9.460607550717278769e-02,-1.658324180440012624e-03,1.056482768553528295e-01,3.687189186416868214e-01,-1.127511266962522712e-01,1.543948873428359903e-01
4.065422550181205241e-01,-2.241945275261966464e-01,6.032137476657364328e-01,2.676038689153362737e-01,6.790169635234886147e-01,2.094553171293632721e-01,5.232290080573447355e-01,-6.187912261633459615e-02,6.727082949952393198e-01,6.852057491089061370e-02,5.462306963431611262e-01,-4.864626060120455509e-02,4.185965047543870332e-01,1.881497655479523190e-01,6.041904565430050722e-01,-1.682262190810214497e-01,7.153870222959506087e-02,-3.089638538451641020e-02,1.485812258517710538e-01,3.669677208298979809e-01,2.768211696003281333e-02,4.773134371998792869e-01,-1.000207716964231636e-01,-2.894919840712735781e-01,-1.370976915914979000e-01,2.231281719778470396e-02,7.615941559557648510e-01,3.771754568061814195e-01,5.073182099981137227e-01,1.728324561696033823e-01,5.307548559462599118e-03,2.939860710364403107e-01,2.106746722972923924e-01,2.724698894680518957e-01,-3.238913681760527963e-01,4.945139842670932540e-01,2.569624855675661790e-01,6.740989455222166082e-01,1.479796852867434620e-01,5.753746901142974268e-01,-4.908805714393585373e-02,6.223740818344616343e-01,-1.297756135387261867e-01,5.410933935260557881e-01,-1.622986804308359787e-01,3.039372318780899085e-01,2.644042805251033412e-01,5.403885793174107999e-01,-2.633318808790040544e-01,-1.756121591912649937e-01,-1.584753951887758749e-01,1.405996696652313249e-01,3.655261155837360998e-01,2.172383484999608136e-02,3.635614616237184404e-01,1.259453181505663655e-01,-3.355785546068559833e-01,-2.122420915579600609e-01,-2.060027572983420263e-01,8.609410008827690364e-01,4.305894960069991395e-01,3.570883340128502281e-01,2.030884315633817508e-02,3.039828162082436891e-01,-4.316104535041332541e-02,1.003360409222068678e-01,3.021999777333221893e-01,-1.520889975668859029e-01,-2.439798165618210779e-01,-2.501089740539285122e-01,-2.483225760225113710e-01,2.483407387227025975e-01,1.901201883367985013e-01,-4.927127631697355431e-02,-8.294872157082634756e-02,1.853399559623668258e-01,4.219347463566825440e-01,-9.821604267978355229e-02,-2.660201358153452822e-01,-3.391837398025411843e-01,-1.565151040719471864e-01,1.403330560445759378e-01,1.416287289497822621e-01,-1.522992437633752527e-01
8.678373751719672402e-01,3.457420951607819148e-01,6.807152145515746877e-01,2.802337486687527801e-01,5.480249712448234112e-01,1.655191516059503487e-01,5.263531279727736711e-01,2.442411268509722677e-01,5.709026912212239457e-01,3.333888393630951019e-01,5.640988670793933846e-01,3.615705180965823606e-01,5.652166196635510786e-01,8.325862563102655323e-02,5.209893373615798184e-01,2.424925059954469997e-01,1.396196850443030268e-01,4.920916683323474095e-01,5.615380232786411074e-01,7.909858930114689324e-01,1.531227930967432038e-01,7.137522814690884232e-01,1.998263366972939381e-01,2.329795103298903935e-01,4.735936113624322069e-02,5.008359031639434411e-01,3.771754568061814195e-01,7.615941559557648510e-01,4.452751003679163433e-01,3.118261682725679829e-01,6.722270186279255544e-02,8.518385921511995029e-01,6.662521097406370885e-01,7.335504909540725427e-01,1.909904219404823800e-01,6.681484810509614736e-01,3.585826093519801083e-01,4.506049485230823604e-01,3.710895750919073199e-01,3.981615351738255204e-01,4.367873112965586224e-01,4.916451418299139231e-01,4.610739534971353693e-01,5.918070045464272066e-01,2.991334956191725181e-01,4.943896699905504510e-01,2.125914210485263800e-01,6.811872982504125762e-01,1.881860719587422071e-01,1.762003165403000227e-01,4.685880691042350055e-01,5.472658338675845391e-01,6.872716603765387511e-01,2.974512638513480134e-01,6.920824267803443730e-01,4.213674286131878222e-01,2.341569740111780762e-01,2.419001618414407251e-01,4.309825347236539428e-01,4.555540405811298044e-01,9.418511542356876598e-01,5.341540825803041681e-01,3.840859047088637790e-01,1.794935112122393872e-01,7.171984326272067278e-01,7.250997577708161446e-01,3.849434311795081887e-01,2.688234988039723272e-01,-3.682172355941452646e-01,-1.367264114130031516e-01,-2.436327291699659850e-02,3.815249183723490312e-01,3.494274614411942426e-01,4.358560733604219251e-01,3.646360805471061672e-01,-1.166730792209438698e-02,3.146171412989725580e-01,2.538926878722864156e-01,-3.722328665254525104e-01,-2.352102854234994489e-01,1.072215982392648731e-01,4.258025944540435592e-01,1.920572857246670706e-01,2.617432691497167396e-01
6.042513469177758223e-01,6.957936322750384039e-02,4.005483532528389401e-01,2.940834512402278333e-01,3.694428084151240577e-01,4.090276707664431410e-01,5.435793570386083795e-01,-2.653798813236323273e-01,3.528291578248071714e-01,2.828369270487184894e-01,2.178103126451791660e-01,4.899959631475501315e-02,6.343900130189904507e-01,-1.945452972529995717e-02,4.582749674526606642e-01,1.726263631263837972e-01,3.976888198295834842e-01,3.916924169724682048e-01,7.341851988290346021e-02,3.938146511372725422e-01,1.582303057314291828e-01,4.887548212869359809e-01,-1.007340217263609922e-01,-1.744258414226034781e-01,1.557576139552941386e-01,3.523738499144462022e-01,5.073182099981136117e-01,4.452751003679162878e-01,7.615941559557648510e-01,2.312045755663427390e-02,1.872568176342272184e-01,3.596992347778651955e-01,3.354344616365771414e-01,4.209813857365546363e-01,-1.658905433234569293e-01,2.261035220688844827e-01,3.160248162947658090e-01,4.158513404659034962e-01,2.783342040963295849e-01,4.111316104010846462e-01,-2.133893226436324453e-01,3.060845580317803072e-01,2.070962064947457215e-01,2.300652320872177692e-01,3.352857432908469808e-03,3.622731072542298980e-01,1.446991643040119666e-02,5.248825531081335871e-01,-1.895790466132273866e-01,1.837429280033879286e-01,1.112840983228631370e-01,2.546159092471877300e-02,3.390442495790069732e-01,9.496792050377939054e-02,3.599458251547398291e-01,-4.964203599824273255e-02,-1.498657527297438674e-01,4.641527108342168029e-02,1.394930040429645246e-01,3.157008609254077225e-01,5.169186424879768094e-01,5.978883753479095065e-01,-1.587873345000395398e-01,1.739527523964806421e-01,2.153367174511353344e-01,3.162690619855337282e-01,1.899187658312886662e-01,1.127624384764830540e-01,6.743042601126428282e-02,7.154504793448102085e-02,-3.279646949180808208e-02,3.686780907987096123e-01,2.324710422782745867e-01,1.479690964332013026e-01,1.766363699990620706e-01,-1.037055126583670828e-01,3.477326414771413354e-01,1.469895744776266756e-02,-3.100503203042075800e-02,-1.463237307006984844e-01,1.134248519330727407e-02,2.944073032005247170e-01,-3.773651720829540417e-03,7.035039064400352114e-03
2.485554590693024868e-01,7.651940053367425887e-02,1.491168786130654955e-01,-1.605974716423027096e-02,1.291820770983495292e-01,1.682927923001786563e-01,7.751391236142947394e-02,3.229236520336041805e-01,5.624266154242613808e-02,1.330871189713163649e-01,2.123024453630514286e-01,3.523874612401050599e-01,3.799809508135585934e-01,5.125865157641255193e-02,2.078662772837785166e-01,1.847921923220523510e-01,2.237370324093439777e-01,1.870380671815785323e-01,2.560912681123319046e-01,2.315990804832197270e-01,-4.894551251545331029e-03,9.849603885091076649e-02,5.516577294110733276e-02,3.268998482643664105e-01,1.665572168454599877e-01,3.326466145326996138e-01,1.728324561696034378e-01,3.118261682725679829e-01,2.312045755663427390e-02,7.615941559557648510e-01,2.005077071331375360e-01,1.549541079158857915e-01,1.161665756948131040e-01,7.607644741013236400e-02,-2.028582124755880581e-02,5.481949328957284873e-02,-6.365923546851034835e-03,1.467907317827656932e-01,-8.944061194185166930e-02,-4.255956865437950098e-02,1.898500311071986968e-01,1.646300575839893809e-01,3.373467984103654255e-02,2.377983876047670142e-01,3.478902731789481617e-01,5.569776521959291654e-02,6.843569788769211792e-02,2.010231153239158408e-01,5.076537333755666570e-02,-6.954788106334734710e-02,-5.052792930076515504e-02,1.781979912495720020e-01,3.111867179687067830e-01,-6.963095096821743379e-02,2.289762606165941239e-01,-3.945944069015462630e-02,8.645890417026401431e-02,-4.475964892157425351e-02,4.524280378541840897e-02,2.747146210213151085e-01,1.863068578337019610e-01,3.909779747211650225e-02,1.854178236918114508e-01,-5.420696647225701353e-02,2.235236580256882710e-01,1.651168134016946232e-01,1.678593464290001058e-01,2.903541312557298415e-01,6.728320027401603343e-02,1.050009212892203253e-01,2.731987276569866965e-02,-2.720015960104671393e-02,-1.745518657250557937e-01,5.413059013536868774e-02,3.779632589637071938e-02,-9.702931540586570702e-02,2.750622987803962305e-01,9.056826768558358387e-02,6.002507846357962862e-02,3.542176732379218040e-02,1.513688207723581092e-01,1.893915368842822577e-01,5.055084051326979439e-02,3.279788083782301383e-02
1.900403652918437603e-01,2.819610197382886943e-02,-3.908695775655850191e-02,2.221989370813362008e-01,4.880358630366946754e-02,1.203586323534687336e-01,3.803038132968470375e-01,1.222773688215690324e-01,-1.771421067962689749e-02,-9.125505583591464465e-02,-1.154617553704511412e-01,7.790669105070294198e-02,4.172365827044468567e-01,4.812478624766898180e-03,-1.590079934666768502e-01,9.081252932604234884e-02,3.264588380944538071e-01,1.883916029974698481e-01,-1.464693794413127470e-01,-1.443554373683689739e-02,-2.098916294157726903e-01,-7.510530135337477320e-02,-8.528900423318197532e-02,1.813391279823827196e-01,9.736664713518151937e-02,1.302119348264912657e-01,5.307548559462626873e-03,6.722270186279259707e-02,1.872568176342272184e-01,2.005077071331375360e-01,7.615941559557648510e-01,3.820079667413352198e-02,-1.777435061151450002e-01,1.519722363736231499e-02,6.847388574839177733e-02,-1.369677770807029016e-01,-6.936335992353939717e-02,1.741102498088028736e-02,2.184531449346072685e-01,2.453614971284668600e-01,4.715439214446337512e-02,-4.569021853704911817e-02,8.021226546693862496e-04,-1.621596009284405338e-01,3.499229797415157051e-01,4.760475581878780837e-01,-9.771650005570300945e-03,-2.430296426105948981e-01,-4.698726162414999102e-02,2.272871317748624553e-01,1.509535470614538355e-01,-1.452180559105851754e-01,-1.491842107951802388e-01,-2.998142778344760617e-01,-1.550802457884025432e-01,-3.779818114121843986e-02,2.237929173544308536e-01,2.781825707249010321e-02,2.522951784844885102e-03,-1.381750082227742593e-01,1.099393995262180485e-01,-1.179779295358252683e-01,-8.816194807442627457e-02,-4.077147217491923770e-01,-5.934470016616281984e-02,-2.383245416987714860e-01,-7.664232995979476659e-02,-4.733012858419997394e-03,7.428126157294061283e-02,1.236573148180145909e-01,-4.389590214127842005e-02,6.428028360338128300e-02,-1.120392753038187000e-01,1.377217947197434678e-01,3.956269091438550101e-01,-7.163350712285945776e-02,-1.476215848469963725e-02,-8.130187757827605013e-03,2.420426818203881905e-02,1.889703258700004274e-01,1.235425420312165345e-01,-4.473070746302942879e-02,1.170938380089826536e-01,-5.390845811990485625e-02
6.114000415142029077e-01,4.295292819585098121e-01,5.425361668023309658e-01,3.688385566496846235e-01,4.354314345566046573e-01,1.163933183509661962e-01,4.021465564953917160e-01,1.771744237344488049e-01,3.670545516294553834e-01,2.391938256368408011e-01,5.197265339122376648e-01,3.439053089165089450e-01,3.894822172998169130e-01,1.449226185353987562e-01,5.851631487178619029e-01,1.769512242520942802e-01,1.589979765121151689e-01,3.404266017453700943e-01,4.867588160477290815e-01,7.406123342893103922e-01,2.592580240108803280e-01,6.849914032659624175e-01,1.557861567975467598e-01,1.344055222731249943e-01,-2.226634368769011760e-02,4.783803903608927488e-01,2.939860710364402552e-01,8.518385921511995029e-01,3.596992347778651400e-01,1.549541079158857915e-01,3.820079667413352892e-02,7.615941559557648510e-01,6.854126082973838185e-01,7.125867677215739215e-01,3.172897635424509755e-01,5.079462070510850635e-01,4.545031710633374300e-01,4.376068126926592194e-01,3.725973206173193164e-01,3.126900296713636118e-01,3.951305194087464945e-01,2.998851092924309514e-01,4.720170857244489482e-01,5.034132365624934824e-01,3.879430926921840217e-01,3.978721709196879619e-01,3.248096936257665046e-01,7.138753643854978126e-01,1.979428653008849237e-01,2.071484869002081786e-01,4.425378107012453710e-01,5.044477546295569326e-01,6.573740180534718425e-01,3.910304830016525512e-01,6.814384105621197341e-01,3.388401427448119452e-01,2.454946268420736266e-01,2.242406998465181489e-01,4.884045736131292226e-01,3.058392355124343043e-01,8.874443461757168805e-01,5.243930369600706687e-01,4.412213083133059155e-01,2.435904222007191089e-01,9.458403703889108893e-01,7.887346845626345138e-01,3.348902919854607196e-01,3.412727992825021484e-01,-3.187570478601706725e-01,-1.979467032007299898e-01,1.228619182446022418e-01,3.661118140702246393e-01,3.391430380776361275e-01,3.898128502883957958e-01,4.763774680001089945e-01,-6.348967989819277735e-02,1.467727966581781895e-01,4.357380381228777577e-01,-3.256384654133412937e-01,-2.567422826116255163e-01,5.953853083807066071e-02,4.486808059454749920e-01,2.973974536322616102e-01,3.571444570554705988e-01
5.876739204347822820e-01,6.518595742382127245e-01,5.396094427484549039e-01,2.776019041097597118e-01,3.660531740266855794e-01,2.450026596493439235e-01,4.002297755134733848e-01,2.043952442647047896e-01,3.241233895663133135e-01,5.597688136294738381e-01,5.015464483252771721e-01,4.505353726874036235e-01,3.699507078031215035e-01,2.426919951749869631e-01,2.546582161870229455e-01,3.333332133533924435e-01,4.737535437652932724e-01,5.160294205214077667e-01,4.473911479243091183e-01,4.155041244092122499e-01,4.998473091345881358e-01,4.057281876530816622e-01,2.253674228050554784e-01,2.874186455077981650e-01,1.955806466407687405e-01,4.701131122831968545e-01,2.106746722972924202e-01,6.662521097406369774e-01,3.354344616365769749e-01,1.161665756948131040e-01,-1.777435061151449447e-01,6.854126082973838185e-01,7.615941559557648510e-01,6.489945520687586678e-01,4.727792849951980569e-01,4.932865980654140836e-01,4.122648019532785257e-01,2.568922157381856586e-01,4.344245381012577512e-01,2.117198927736353709e-01,3.923185855813038914e-01,1.960771874708493456e-01,6.365119180055432979e-01,4.214017892972344304e-01,3.727110643478946383e-01,2.955707772758465746e-01,3.143207006946134863e-01,4.792270456542251922e-01,2.857053572794805429e-01,3.612604519481212306e-01,6.135511969592455372e-01,4.023936768469049685e-01,2.840128561607720425e-01,6.730040377520672967e-01,3.098844275733997899e-01,3.196662854832316714e-01,3.922022801891484889e-01,4.217316173013829217e-01,3.486400545231650439e-01,1.198163831764202658e-01,7.351392236538988323e-01,4.433434287127040463e-01,1.883557086158123561e-01,-3.172280075836575453e-02,5.753076503606950887e-01,8.221006463068517567e-01,2.534101790655398090e-01,2.527267142584402326e-01,-9.087515838139406665e-02,-9.268607253261049173e-02,2.625951043240647501e-02,4.346260427322441444e-01,3.172422174377218518e-01,3.063348499142777293e-01,5.635885413413984635e-01,-8.572082717644220751e-02,2.106943074772745228e-01,1.892387427864373750e-01,-1.164213476365862920e-01,-2.033794477597501982e-01,1.854759991791789520e-01,4.671549171195291117e-01,-4.419127195260075941e-02,3.381474140942908324e-01
6.947487027001865156e-01,4.841014889957678813e-01,5.431597312352515194e-01,2.937495175728314090e-01,5.509781726620648357e-01,3.962639491679398329e-02,5.506024289189785925e-01,3.835365367091632394e-02,4.355002647461098109e-01,3.545403776274277385e-01,4.638244847498496637e-01,2.081173119370111346e-01,4.122944947240828051e-01,3.097797186850474727e-02,3.603835203575325163e-01,1.237411783516497998e-01,1.564941665560046491e-01,2.972899515747650101e-01,3.787064657045561833e-01,6.069515522524056017e-01,1.465846559690613671e-01,5.580913240943429221e-01,8.581847617980602194e-02,1.496714391091482355e-01,7.267798501219994989e-02,3.921128986436656638e-01,2.724698894680518402e-01,7.335504909540725427e-01,4.209813857365546363e-01,7.607644741013236400e-02,1.519722363736231499e-02,7.125867677215739215e-01,6.489945520687587788e-01,7.615941559557648510e-01,4.193012509653331055e-01,5.186907880880736732e-01,4.168893631308965286e-01,5.273693954798349681e-01,3.338201068933308036e-01,5.072998180432786164e-01,2.636277329249969714e-01,3.533491076060314984e-01,4.839804882686212228e-01,4.175806013415623852e-01,2.252156081260522913e-01,5.449366312389535283e-01,2.457864361893797311e-01,5.264193145839732857e-01,4.072176594278431594e-01,2.349846252113669542e-01,5.535421950339958208e-01,3.370649078870945892e-01,4.524482822877840538e-01,3.437950089676363175e-01,5.539546952165362859e-01,2.563375590786374780e-01,9.615231867055272497e-02,4.387285805547998518e-01,4.849003779537915948e-01,2.880047901975382740e-01,8.555169009649240541e-01,5.280789758440376236e-01,1.209263232687635831e-01,2.361829412539911133e-01,5.450170059901270347e-01,6.727983480544394990e-01,4.398115554341526789e-01,1.426875004683215431e-01,-2.107730607721818028e-01,-7.925542639532588696e-02,-5.075565984748259957e-02,3.529667996388083373e-01,3.714736102034646992e-01,3.749215521909992077e-01,2.243085644511746968e-01,-4.399802854838383986e-02,1.355492238337356603e-01,2.297484637851010536e-01,-1.995726574314604929e-01,-1.373496935170481770e-01,1.587077243998964715e-01,4.898701264133410449e-01,1.800296616384593762e-01,2.135656946877202977e-01
2.333987096976206377e-01,8.627980658264940983e-01,7.479650981036828350e-02,3.300539711076013738e-01,8.683382843906370385e-02,-6.830463111949053485e-03,3.375401710765173480e-01,1.003425068664040992e-01,-2.139005046900225027e-01,3.353095391741073850e-01,-3.997537717209481006e-02,2.380256104635192771e-01,2.306220954060645700e-01,1.066575747335153229e-01,-1.871948678497188656e-01,3.113663725155372264e-01,2.705215862829552509e-01,4.650676428925236694e-01,-1.662625379346787391e-01,-2.581445167805121454e-01,4.000491018648659747e-01,-1.204437971146158082e-01,2.116588024450247185e-01,4.999242914625151579e-01,1.566946199629878078e-01,3.864094649012748683e-01,-3.238913681760528518e-01,1.909904219404823800e-01,-1.658905433234568183e-01,-2.028582124755880581e-02,6.847388574839177733e-02,3.172897635424508644e-01,4.727792849951980569e-01,4.193012509653332165e-01,7.615941559557648510e-01,8.274747640303997676e-02,2.736092983623458208e-01,5.754929780012772896e-03,2.323667881464913931e-01,1.514206977891575934e-01,2.585180366274170138e-01,-2.622988887669461255e-01,4.317595580000419542e-01,-7.882169286022672194e-02,4.102838099281430062e-01,2.344690243009459885e-01,1.785255674085960420e-01,3.600580362960595360e-02,3.386733057873189678e-01,2.371568303555428581e-01,5.564433052720519912e-01,-1.272395353996025880e-01,-3.101690678778133425e-01,3.903880628655194140e-01,-1.303086270295475135e-01,1.874127284667584659e-01,6.860817715406491990e-01,3.570985134461122090e-01,3.981490040681294751e-01,-3.793613899884140106e-01,3.506330179334746777e-01,-1.091703863088502313e-01,2.399255002770432979e-02,-9.509780039706224042e-02,4.401089073481147529e-01,2.904240489495253930e-01,2.134925219128507023e-01,2.890001034265756719e-01,1.029248865707125676e-01,-1.416767590532328758e-01,1.818867844566740832e-01,2.915692947919464317e-01,2.463484485697821080e-01,5.494673608718553259e-01,6.890532999795010438e-01,6.441667773312492740e-02,1.335142065684937485e-01,1.836682166871772548e-01,-1.766943151288680180e-02,-1.205146575742148396e-01,1.087712104492440796e-01,1.188414452882348010e-01,7.232814001100812407e-02,5.858992840726061635e-01
5.409698472090266330e-01,2.827201545940410399e-01,9.244417633311852178e-01,2.337353367804107240e-01,7.181601560352856017e-01,-2.426633415260444904e-01,3.145741220633846424e-01,9.628935371871354121e-02,7.254690072067927487e-01,1.124543407352828206e-01,8.335351723983511762e-01,1.013798731731888059e-01,2.176449514992568057e-01,2.936067471194163114e-01,6.645028509885768653e-01,-2.813413512924604898e-02,2.901475786560179723e-02,2.197237806010417516e-01,6.936916642320984927e-01,7.443515537729364917e-01,1.290919111871247638e-01,6.452447955789909484e-01,7.394246770137877234e-03,4.724445566385303275e-02,-2.582125635750989190e-01,1.852171926003780000e-01,4.945139842670931429e-01,6.681484810509614736e-01,2.261035220688844827e-01,5.481949328957284873e-02,-1.369677770807028461e-01,5.079462070510850635e-01,4.932865980654141946e-01,5.186907880880736732e-01,8.274747640304003227e-02,7.615941559557648510e-01,1.584625670013772580e-01,6.405122835617537147e-01,1.044696283848319529e-01,2.524825164867584570e-01,2.742081296219609499e-01,7.188874909711238104e-01,5.463190924287644745e-02,9.107131961363658101e-01,4.356785809214183680e-03,2.880708160935436801e-01,2.823933634142602456e-01,7.643378591696093904e-01,7.799299269600382112e-02,-1.009995120875863406e-01,2.358778433445996581e-01,7.126812790970664668e-01,7.381668638345280087e-01,2.430612078100390649e-01,6.919382880314404183e-01,3.823273558388645688e-01,5.537727976727045004e-02,-5.930734749239447573e-02,2.077894415245460369e-01,6.240652987246085859e-01,5.786380386321743341e-01,3.635548117107246791e-01,1.469869504447110786e-01,2.177233611905682875e-01,3.009012742722006473e-01,5.182777335617537728e-01,2.920477903478962411e-01,1.022618699483072296e-01,-4.711711793795503866e-01,-2.957154431066293387e-01,-2.668903514862311366e-01,1.092203101702907825e-01,1.343971584475549819e-01,-7.068167277689383840e-03,6.537022676862552784e-02,4.764097857329866598e-02,9.672430490630748445e-02,8.566927237499308290e-02,-4.943384904652745049e-01,-3.441408429889091791e-01,-1.564244270640656118e-02,3.952546517608912513e-02,-5.806838725029584564e-02,-8.968582100410571467e-02
1.489009128658878300e-01,3.613714397748687968e-01,2.497828842291992257e-01,4.081754649501565524e-01,2.500189042898605107e-01,9.979533804940787789e-02,4.237081211694671001e-01,5.344891644458695662e-02,9.416074764551615739e-02,3.226116644886762308e-01,1.200491311463930261e-01,2.903925041306044674e-01,3.074383880905980915e-01,3.559557029889400259e-01,5.983513054187512836e-02,1.912093357100831115e-01,1.319067941023455981e-01,1.919827662109047928e-01,9.803924341249348196e-02,2.313745529157811565e-01,1.209856733936979928e-01,1.643501996694463063e-01,1.132180837609981089e-01,4.430384431566068704e-02,8.271910659489022100e-02,1.765375930986291808e-02,2.569624855675661790e-01,3.585826093519800528e-01,3.160248162947659201e-01,-6.365923546851090346e-03,-6.936335992353939717e-02,4.545031710633374300e-01,4.122648019532785257e-01,4.168893631308965286e-01,2.736092983623457653e-01,1.584625670013771748e-01,7.615941559557648510e-01,2.862867974053139308e-01,4.219701605445901893e-01,4.776476580399938165e-01,1.975122787274722902e-01,8.055442751923312661e-02,5.744876987092649712e-01,9.563373102893864275e-02,4.336870568808597892e-01,5.082634960720885386e-01,2.947811074675474319e-01,1.668250400065804384e-01,2.909740031335511512e-01,4.106798172221485244e-01,4.244865966845436378e-01,7.268863781519006861e-02,1.133829688260707680e-01,2.918420834843135636e-01,1.505910783886434401e-01,2.747548241830317095e-01,2.702579902408243084e-01,2.834457607383408795e-01,2.256023178484703184e-01,2.191603916213416825e-01,3.927903752562134643e-01,3.991972833808186127e-01,4.513658542108535676e-01,1.980671994801178337e-01,2.107780734017915270e-01,3.536795867035703034e-01,2.920013966083380708e-01,1.784371478084601781e-01,-4.551136235627372545e-02,1.618417918973293068e-02,3.518091120980646469e-01,4.894816514894561599e-01,3.506569929286030840e-01,3.538446462282936467e-01,3.630187080928816701e-01,8.874159721849572691e-03,-3.135339002065509230e-03,2.348241132434177869e-01,4.533287358437802089e-02,-2.957698804529078351e-02,2.460820437132691663e-01,4.683307682948728012e-01,3.398204806548522638e-01,2.343787187211736345e-01
4.316060602825770864e-01,1.568564464157967964e-01,6.803097666924226017e-01,3.974271754532566203e-01,9.286634378990962224e-01,-1.198710322804543843e-01,5.289560750516202337e-01,-1.551748633517460729e-01,8.070246469884981844e-01,3.289535152896060077e-02,5.763410113173691451e-01,1.039911642863097958e-02,2.956655282920424010e-01,2.271209791674609069e-01,5.599109855937073332e-01,-2.323291026770222048e-02,1.366894347517152997e-01,1.408753902795019664e-01,2.933998003918444342e-01,6.707943943146709165e-01,-1.448814628036734220e-01,6.466297511392282704e-01,-2.569517367434036026e-01,-1.546664645421007567e-01,-1.397105447249047117e-01,9.044792944379875799e-02,6.740989455222164972e-01,4.506049485230823604e-01,4.158513404659034962e-01,1.467907317827656655e-01,1.741102498088028736e-02,4.376068126926591639e-01,2.568922157381857141e-01,5.273693954798349681e-01,5.754929780012772896e-03,6.405122835617537147e-01,2.862867974053139308e-01,7.615941559557648510e-01,1.724202224902715019e-01,7.430310411661821268e-01,-2.301365207257140277e-02,8.738899406316837926e-01,1.482715535605668988e-01,7.304666814640248251e-01,1.352771970042936367e-01,5.688654215766323352e-01,3.055252517438932780e-01,5.694777000296018521e-01,2.797239396345656964e-02,1.573990318920543696e-01,1.956452967207016613e-01,4.054456053258019832e-01,5.554692450974607620e-01,-1.450880446988098704e-01,6.190566599224232025e-01,6.415450278382604787e-02,-9.940799260901726775e-02,-4.953049829941344462e-02,3.188112820024639749e-02,6.710760824015380432e-01,5.586623340880714217e-01,3.535944966226934882e-01,3.111842826596364353e-01,1.677787038374214945e-01,2.067169414457862009e-01,3.040836871960131416e-01,2.132784289300691805e-01,-1.562423444521855165e-01,-4.164492833422543394e-01,-1.350687823800188758e-01,3.853596997697981974e-02,1.446481366660939127e-01,3.971240692591442301e-01,1.280142267464744188e-01,2.480891765309561070e-01,2.212734251153101739e-01,9.543165085252658386e-02,-2.362869849733338634e-02,-4.505968163640550750e-01,-1.571773931996403306e-01,3.199993347361526630e-02,-8.817695264116678575e-03,2.190889136155558803e-01,1.438518198915181845e-01
2.540870256022458307e-01,1.975809544230437698e-01,1.327448487781301423e-01,4.787050822762402014e-01,3.319136506442104673e-01,6.107069598557602896e-01,2.814534500387436688e-01,5.118333006305954003e-01,1.452553324898495923e-01,3.263439553166609941e-01,1.368365486447411794e-01,4.681169327246597067e-01,5.362007682296373590e-01,2.415020017025351629e-01,1.805907359122575079e-02,3.739859098446922103e-01,2.652417181230198318e-01,3.625612219025850513e-01,-1.242788296700690354e-01,2.062394918512864550e-01,1.889509247312445572e-01,5.470713161612803660e-02,4.489997371096212109e-01,3.387400427175760731e-01,3.386108600447210182e-01,2.575734306145562869e-01,1.479796852867434620e-01,3.710895750919072089e-01,2.783342040963294739e-01,-8.944061194185161379e-02,2.184531449346072962e-01,3.725973206173193164e-01,4.344245381012575846e-01,3.338201068933309146e-01,2.323667881464913931e-01,1.044696283848319529e-01,4.219701605445901338e-01,1.724202224902714742e-01,7.615941559557648510e-01,2.350045495276435747e-01,6.550111586729362445e-01,2.480593466594468305e-02,5.766301367695305657e-01,6.972677535649447755e-02,5.073115377661372438e-01,5.989428330147608115e-01,2.462064283497958084e-01,5.420428440756021315e-02,4.526712950675553238e-01,4.055644909612647342e-01,4.457666528127635641e-01,-8.269972378269094260e-02,1.952521456542024025e-01,2.970810800261740048e-01,1.601627157674731516e-01,5.391701242385363857e-01,4.535553101299975576e-01,6.220760491669429237e-01,5.910236165331326230e-01,2.308152254391928337e-01,3.948085726196106093e-01,3.889073080212467892e-01,2.180635416333250309e-01,3.806681552174515648e-01,4.194914417394764450e-01,4.662685522936062532e-01,3.771981100725128044e-01,2.364511442631572757e-01,-8.178893656391522660e-02,-1.487605732096932906e-02,-1.057450674000137009e-01,4.740361767214319455e-01,2.684904892005955390e-01,4.271434449591758331e-01,3.716274427584985163e-01,-4.277105087634400227e-02,7.697462048719119765e-02,3.570640891639755288e-01,7.837948876347347951e-03,-3.062307252420259918e-02,9.909711231273347909e-02,5.099966129037996065e-01,3.160930833000908380e-01,2.129282373028868192e-01
3.217212975559557431e-01,1.232446974052289340e-01,3.215517221567568695e-01,6.148161399250738901e-01,6.582608726967239532e-01,-2.848057472420430919e-02,7.538827374058079123e-01,-1.569500614611828437e-01,4.713721161908906998e-01,1.669060163504004768e-01,2.235113941096338874e-01,1.428225648085770794e-01,5.207682377333247015e-01,1.065302967587847260e-01,3.946460375314432278e-01,4.676188032730071303e-02,1.859976306559003312e-01,1.548235529844389502e-01,-1.319412769689077836e-01,5.391436604066418559e-01,-1.797315797165215112e-01,4.555559567484384065e-01,-2.935323207858888672e-01,6.410842496282868896e-02,-2.905771861373704357e-02,1.402271969334141777e-01,5.753746901142974268e-01,3.981615351738255204e-01,4.111316104010847017e-01,-4.255956865437950098e-02,2.453614971284669155e-01,3.126900296713636673e-01,2.117198927736353709e-01,5.072998180432786164e-01,1.514206977891574823e-01,2.524825164867584570e-01,4.776476580399938165e-01,7.430310411661822378e-01,2.350045495276435470e-01,7.615941559557648510e-01,-1.297606215872839641e-01,4.993112860946831155e-01,3.417581241850337626e-01,2.626898292091895959e-01,3.386880181151896152e-01,8.294319738469062564e-01,1.502829208460985944e-01,3.416890163052880847e-01,1.947581350659890465e-01,4.336651340816670697e-01,3.375446690789287163e-01,-1.315127095474113647e-02,4.255429013932232052e-01,-1.596586335692276870e-01,5.023724486599464578e-01,-8.579162613721152963e-02,1.539297466582891238e-01,5.638643730992894121e-02,1.996092120205378295e-01,6.048288195480466811e-01,5.182805737946775126e-01,4.049244089237384325e-01,3.104705591147354227e-01,7.455426180044112672e-02,2.562040906953653718e-01,2.978829837407310777e-01,3.788763712247957272e-01,-1.186757077226461010e-01,-3.479473054311040259e-01,-1.270526919736451876e-01,3.462172726315079774e-01,4.051682116515829546e-01,4.475217269277602661e-01,2.703183780723387719e-01,4.278169421465693456e-01,1.183583919653036637e-01,2.545668528969557420e-01,-5.249110639388696736e-02,-3.608829844546949106e-01,-1.192905556280881851e-01,2.088607307179989325e-01,1.912916525040559146e-01,4.462703544434177827e-01,1.915196087594003838e-01
1.852309908049355469e-01,2.808789020146843507e-01,2.472695709326128422e-01,1.593952630632908540e-01,1.434740768495748608e-01,3.236558176938404974e-01,-6.941236184275653698e-02,8.286410642069668153e-01,-4.371568937374103320e-02,2.811475289385233500e-01,3.365721494632451516e-01,5.570034649443230679e-01,1.338289204799046339e-01,5.185850698310661144e-01,-7.348121438612507939e-02,2.136225773287507290e-01,1.594380971809006009e-01,2.617288222562529354e-01,2.161771010595562037e-01,4.832853647682833209e-02,4.142032224898229975e-01,-5.129656636548464432e-02,5.955328765820919745e-01,4.976979488315998457e-01,1.411742330765471676e-01,1.786244362700118160e-01,-4.908805714393585373e-02,4.367873112965586224e-01,-2.133893226436325563e-01,1.898500311071986968e-01,4.715439214446347227e-02,3.951305194087463835e-01,3.923185855813038914e-01,2.636277329249969159e-01,2.585180366274169583e-01,2.742081296219609499e-01,1.975122787274721792e-01,-2.301365207257137502e-02,6.550111586729363555e-01,-1.297606215872839641e-01,7.615941559557648510e-01,-1.484023735702807156e-01,4.247622911165207515e-01,2.469631727077293837e-01,5.165015946886235554e-01,2.282874656085924492e-01,4.257220811672798866e-01,6.369572805181566814e-03,2.678976446199130002e-01,-3.406457527041963085e-02,3.805485599324044399e-01,1.841611782424736055e-01,5.721136328309710251e-02,4.018581925722233827e-01,-5.846420869007006721e-02,7.194389541372615549e-01,5.326661892468016468e-01,3.943875316400976550e-01,3.597526597430459327e-01,1.726045147345027183e-04,3.905541026374901303e-01,-4.547483467265637375e-02,2.246900359604728226e-01,1.886848715973043211e-01,4.253728964943220281e-01,3.440715857854989013e-01,1.657236593562370075e-01,1.076450947332542180e-01,-3.185363476126997218e-01,-3.333306826715353721e-01,-3.520952889819355947e-01,3.661218517921424609e-01,1.332053937477986894e-01,2.427022700088926066e-01,3.312266071776074905e-01,-9.494681052618879347e-02,-1.088535524413004746e-01,9.411863077497244212e-02,-2.469860266462307052e-01,-3.252570860339161762e-01,-1.390637841774818584e-01,5.008694455356345054e-01,1.294152198166462209e-01,1.451858185729735795e-01
5.317976637333784451e-01,-1.662948412019239486e-01,6.820146262683468574e-01,2.837967536065587604e-01,8.443757029863876440e-01,-1.617250508329016734e-01,4.709235340778419321e-01,-2.991066326507182960e-01,9.719978936553964610e-01,-8.676633520084771345e-02,5.482721012782130199e-01,-1.010164672324878748e-01,2.708481677227825846e-01,-1.880142763603973380e-02,6.666159139106715426e-01,-8.298520666651780509e-02,7.119249179723952103e-02,1.780654044101511735e-01,3.717952422468545071e-01,7.349031676479292896e-01,-2.683936811431319458e-01,6.870488948458701728e-01,-4.576620861973395571e-01,-1.985961972193619474e-01,-2.199217946185988426e-01,-1.639366598707451758e-02,6.223740818344614123e-01,4.916451418299139231e-01,3.060845580317803627e-01,1.646300575839893532e-01,-4.569021853704913205e-02,2.998851092924310069e-01,1.960771874708494567e-01,3.533491076060314429e-01,-2.622988887669460700e-01,7.188874909711238104e-01,8.055442751923315436e-02,8.738899406316837926e-01,2.480593466594468305e-02,4.993112860946831155e-01,-1.484023735702807156e-01,7.615941559557648510e-01,-1.129529082541875229e-01,7.709772607228934094e-01,-5.453588755369077196e-02,3.469179207196042003e-01,5.132912546424599209e-02,6.947559264807230406e-01,-1.308953111487500265e-01,2.302981147256992489e-02,5.539188646335183042e-02,4.321060291215667037e-01,6.960563352815917204e-01,-2.031353199172848956e-01,6.840657926603689321e-01,-1.178221136526236279e-01,-1.915656894130926824e-01,-1.407023605829025303e-01,-1.176197803894942634e-01,7.269270923193650313e-01,4.901912937542176607e-01,3.056632638116937861e-01,1.771339875518130325e-01,2.287924138387160689e-01,8.529865275522771628e-02,2.619635300033764103e-01,8.776235625521480732e-02,-1.266890424417431715e-01,-4.254532342255966659e-01,-1.380744551045713919e-01,-1.972945971171085333e-01,3.740386793392456999e-02,2.928648051842272504e-01,3.360354551926150735e-02,8.338113092145772731e-02,5.844286098231050303e-02,4.970736026374325545e-02,-5.248249708012758113e-02,-4.605199862800234412e-01,-1.691341309790807823e-01,-8.899653687936007196e-02,-1.056197403713810268e-01,5.043218366794198493e-02,3.999422098747442561e-02
3.569730932197583417e-01,4.699451851641807676e-01,1.609014523033047428e-01,5.305980777904737433e-01,1.540540324569145414e-01,1.879015142940488048e-01,4.926995059630798202e-01,3.239208416468377649e-01,-6.768791806072041450e-02,6.295614417654248340e-01,1.992636024438344533e-01,6.804778134232210007e-01,4.736028555846283350e-01,2.109771689830992059e-01,1.351637754560444660e-01,5.348092189826968434e-01,3.942739875620142609e-01,6.726788290065970344e-01,1.755617087789188846e-01,2.341064352386367509e-01,1.442752164953964855e-01,1.964485532794604805e-01,8.982191568940044168e-02,4.489754780224887720e-01,3.547646040720195959e-01,4.225990859499300090e-01,-1.297756135387261311e-01,4.610739534971353693e-01,2.070962064947458325e-01,3.373467984103651479e-02,8.021226546693029829e-04,4.720170857244490037e-01,6.365119180055432979e-01,4.839804882686212228e-01,4.317595580000419542e-01,5.463190924287628092e-02,5.744876987092649712e-01,1.482715535605668988e-01,5.766301367695305657e-01,3.417581241850337626e-01,4.247622911165207515e-01,-1.129529082541874674e-01,7.615941559557648510e-01,1.203631380327385286e-01,5.434155334628647527e-01,5.101484808877833066e-01,1.581590588825492749e-01,2.256083327984993447e-01,5.590301352240624189e-01,7.290030363496287080e-01,8.413899593691531731e-01,1.593758999630878470e-01,1.472100931294991477e-01,3.211900985431186961e-01,2.188655592176342868e-01,1.385217206039500715e-01,5.143679652248271950e-01,6.316881836809178363e-01,5.650667638771721402e-01,-9.042600239089729208e-02,5.586596770369898213e-01,3.140884654854965707e-01,4.530365870030905184e-01,2.882396184812389683e-01,4.319201221264709623e-01,5.864440471306929803e-01,5.113706014338137429e-01,3.025928772697057401e-01,1.298903102795442507e-02,5.933242549023368811e-02,1.674421223288644345e-01,5.749651821643558813e-01,3.397399227807239019e-01,3.210660950550525694e-01,5.761458102810246285e-01,-3.243136558686845333e-02,1.843307514881679099e-01,2.864116630406268738e-01,1.000161272534962759e-01,-1.101992149459441045e-01,2.663792599974099673e-01,5.819789438166369511e-01,2.518448898994100627e-01,3.875157066576442877e-01
4.613861012441020648e-01,1.181239314971217341e-01,9.272511733820819613e-01,2.594937657304303147e-01,8.049697671834334933e-01,-2.194659740936284742e-01,2.879683676315052954e-01,8.969169972966339888e-02,7.669856910889131241e-01,1.128138857088979569e-01,9.340915681052439634e-01,1.215574615516546997e-01,1.501941448155390824e-01,3.421956127691248573e-01,5.232243394457960495e-01,-7.337790991507942007e-02,9.986386992148095498e-02,2.011726898890598692e-01,7.858186300973348803e-01,6.652658036694802934e-01,-1.505947430814319997e-02,5.652187868710536467e-01,-1.261945141262765246e-01,5.371872177702297513e-04,-2.824346279809172300e-01,5.005751561478100076e-02,5.410933935260557881e-01,5.918070045464272066e-01,2.300652320872177137e-01,2.377983876047669864e-01,-1.621596009284405338e-01,5.034132365624934824e-01,4.214017892972344304e-01,4.175806013415623852e-01,-7.882169286022677746e-02,9.107131961363659212e-01,9.563373102893858724e-02,7.304666814640248251e-01,6.972677535649458858e-02,2.626898292091895959e-01,2.469631727077295225e-01,7.709772607228935204e-01,1.203631380327385286e-01,7.615941559557648510e-01,6.438671469197877750e-02,2.234005448683691886e-01,3.414529232650628798e-01,5.990350813073733738e-01,3.434393687383578003e-02,5.420925866710249626e-03,2.675665450226050734e-01,8.237549911669399538e-01,6.472438517278799042e-01,6.544239612418142893e-02,5.495397430894979340e-01,2.329532520128590745e-01,-5.942009361153722212e-03,-8.191209394218845752e-02,3.081417267118184266e-03,6.042477263587816561e-01,5.587046813041433024e-01,3.228094871586043579e-01,2.655877473182319259e-01,1.221421448379102770e-01,2.337045398737657709e-01,4.573725830642073609e-01,1.547336491557833697e-02,-1.340360081852421115e-01,-5.215831927805207879e-01,-3.387121906387770554e-01,-2.513701756609902360e-01,1.405753926784842067e-01,2.173281695694506688e-01,5.774175016443506159e-04,1.474195880897558875e-01,-2.531915002046755681e-02,-1.699567662839056026e-01,-1.196207713846098447e-01,-5.765887522023066536e-01,-3.645034202087509834e-01,-7.170749844756232547e-03,-2.545162017321585604e-02,-1.227317950144992814e-01,-8.185063457945368492e-02
9.420452051129687976e-02,3.759436986293352434e-01,4.467499954208119239e-02,3.454928900196380104e-01,1.622095078807445079e-01,1.163936097578008866e-01,3.845261413068412626e-01,4.341937709590114602e-01,-5.316092888629525559e-02,3.534043053029659043e-01,1.280605477354523625e-01,6.984404331129782095e-01,2.956270143359147062e-01,4.402608819566243836e-01,-2.693650885995541727e-02,2.008865410695422626e-01,3.347630699338966509e-01,2.516431018485128512e-01,1.842698510261173706e-01,1.153655492705816660e-01,2.033624704430809504e-01,-2.146275834294723503e-02,1.455817317653295695e-01,7.136886331692520180e-01,1.720507663282638544e-01,3.204432790703949374e-01,-1.622986804308359232e-01,2.991334956191724626e-01,3.352857432908469808e-03,3.478902731789481617e-01,3.499229797415157051e-01,3.879430926921839662e-01,3.727110643478945273e-01,2.252156081260522635e-01,4.102838099281429507e-01,4.356785809214183680e-03,4.336870568808597892e-01,1.352771970042936922e-01,5.073115377661374659e-01,3.386880181151896152e-01,5.165015946886235554e-01,-5.453588755369074420e-02,5.434155334628647527e-01,6.438671469197880526e-02,7.615941559557648510e-01,5.478278835254467571e-01,4.940504854778165478e-01,-5.388802181053252947e-03,1.748871138458854557e-01,4.053601372514005208e-01,4.345894050647658435e-01,1.879899039728272769e-01,5.842446126690097746e-02,1.859262480050297428e-01,5.956991402591891444e-02,3.319028242372747406e-01,6.132349638217379217e-01,3.932171613507071117e-01,4.356850119095581064e-01,-1.270544836795806098e-01,3.627955887971756610e-01,-2.129226770658237261e-02,3.886784527438564840e-01,3.042088168883696001e-02,4.082865972696712031e-01,3.279899472847825903e-01,3.500120404383895156e-01,3.813876580662071136e-01,1.515010047367551793e-01,2.160430289730596587e-01,4.840195311298593067e-02,5.839573228216128342e-01,2.695966221278903174e-01,5.667313718293399694e-01,6.584217636876064095e-01,-7.201956014496568859e-02,2.042596085944730078e-01,4.032298304403053590e-01,2.229262702500055815e-01,1.281207304312222128e-01,3.299865855070646115e-01,6.076946359818230503e-01,3.717944340922232360e-01,4.339429484973325590e-01
5.415376961577109682e-01,1.946127878281125323e-01,3.703957876504403446e-01,5.555488945676870793e-01,5.788261912245565854e-01,2.258837103809395175e-01,7.375907572181967797e-01,1.238480464366443490e-01,3.365850675871573383e-01,2.518619996483354440e-01,1.941911118729550689e-01,3.800738200655462418e-01,7.183032709202267219e-01,2.035227673009949445e-01,2.983303501275494374e-01,2.308090268692929992e-01,2.616691807656023605e-01,2.950502965760044005e-01,3.079297928564427109e-03,4.740075134160713910e-01,-1.310203444693244512e-01,3.324205370327552589e-01,-3.369167216344375743e-02,2.969214580159900696e-01,1.463895096725374156e-01,3.440993578370872275e-01,3.039372318780899640e-01,4.943896699905504510e-01,3.622731072542298980e-01,5.569776521959286103e-02,4.760475581878780837e-01,3.978721709196877954e-01,2.955707772758465746e-01,5.449366312389535283e-01,2.344690243009460995e-01,2.880708160935437356e-01,5.082634960720885386e-01,5.688654215766325573e-01,5.989428330147608115e-01,8.294319738469061454e-01,2.282874656085923937e-01,3.469179207196041448e-01,5.101484808877833066e-01,2.234005448683691053e-01,5.478278835254466461e-01,7.615941559557648510e-01,2.705449747524114046e-01,3.264835145862699517e-01,2.654295030035490055e-01,5.504414388204479369e-01,4.102953541811957816e-01,9.551708823786470015e-02,3.617693894154415113e-01,-8.461255251412773404e-02,4.623978004946521780e-01,1.242986354288978107e-01,3.279911053623622563e-01,3.831078417577846174e-01,5.274152430517357049e-01,4.010406680282353475e-01,5.745627056828279677e-01,3.421792200657474692e-01,2.095856105346453335e-01,3.149632441374803360e-01,3.750807326241464845e-01,3.775733376169686517e-01,5.458484082956419625e-01,1.248439590527151560e-01,-3.276527888819494860e-01,-5.282238908178339687e-02,1.774962803772057729e-01,5.225781111905498655e-01,4.499037097023037557e-01,4.825720660980826748e-01,5.254595517908574598e-01,-1.263904114194019761e-02,3.390387514091780519e-01,2.087259555267465261e-01,-2.917830165521592134e-01,-6.336631448012317036e-02,2.733142595689151411e-01,3.836389665958802042e-01,4.603716930994510848e-01,2.823530145769451716e-01
-4.809417502263373112e-02,2.962082625673022607e-01,3.762076181532030827e-01,2.256304866547963750e-01,2.865673222311012069e-01,4.362154814518421492e-02,7.513497661717463694e-02,3.779638551722024897e-01,5.883391950807684290e-02,-3.273797325073859316e-02,4.336151708340198474e-01,4.256722205633213796e-01,-2.855733764278488990e-02,8.390577416368762975e-01,4.257637556290381764e-01,-3.842113355845255818e-02,1.458397577452557048e-01,1.030262380566347030e-01,3.317983803799580134e-01,3.904923768358076752e-01,9.814607970385393065e-02,3.563913518153651872e-01,2.539939253743633829e-01,-6.732746431012495182e-04,-7.239712986511077919e-02,1.850237954952759778e-01,2.644042805251033412e-01,2.125914210485263245e-01,1.446991643040119666e-02,6.843569788769217344e-02,-9.771650005570328701e-03,3.248096936257664491e-01,3.143207006946134308e-01,2.457864361893797589e-01,1.785255674085960698e-01,2.823933634142601901e-01,2.947811074675473764e-01,3.055252517438933335e-01,2.462064283497958639e-01,1.502829208460985388e-01,4.257220811672798311e-01,5.132912546424615863e-02,1.581590588825492749e-01,3.414529232650628243e-01,4.940504854778165478e-01,2.705449747524114601e-01,7.615941559557648510e-01,3.782284111907722179e-01,-6.308974146736334200e-03,-6.382086893426304475e-02,2.028208169978880093e-01,3.875330197258586851e-01,3.276416705584827005e-01,5.751434634131794704e-02,3.224378329534995369e-01,4.347859529432226422e-01,1.044364233071286147e-01,-8.089749435461091043e-02,2.367721900987952433e-01,1.993265018952025680e-01,3.293556986070611536e-01,2.029121513379671810e-02,2.919106096031576225e-01,-2.791629149484030695e-02,2.789910911867408139e-01,2.327325377042850640e-01,2.209613221342107692e-01,-7.782306878562796418e-03,-2.098405294039180080e-01,-4.365780512701865346e-02,1.888903530828957844e-01,6.420502524370029773e-01,4.402585360867964370e-01,1.431220588591057552e-01,4.396733524620920486e-01,3.196032110661573000e-01,-4.478106761817892550e-02,2.567690944864981645e-02,-1.880491942576129061e-01,-1.295294171923029869e-01,7.040767658881026680e-02,4.867264173973133157e-01,4.143696413359382880e-01,1.807338917843447079e-01
5.422961112836950370e-01,1.877665930073846856e-01,6.676902964404192176e-01,-1.718159618259392646e-02,4.861387418509107716e-01,-1.269614935068073547e-01,1.887925769012245292e-01,-1.102473492370241726e-01,6.531284044737845074e-01,7.076614038852632738e-02,4.754468289089467392e-01,-1.873642737641910763e-02,1.808984620921054443e-01,2.484374600866518512e-01,9.108685862929202237e-01,1.316333880739287750e-03,1.988247633109659074e-02,1.164333800397091834e-01,4.577153730344448168e-01,8.144772067254579806e-01,2.619029977426965972e-01,8.321531026131894215e-01,-1.616973991319259896e-01,5.459980534667733393e-02,-1.973773793540407606e-01,1.695386570140404725e-01,5.403885793174106889e-01,6.811872982504125762e-01,5.248825531081334761e-01,2.010231153239159241e-01,-2.430296426105948426e-01,7.138753643854978126e-01,4.792270456542251922e-01,5.264193145839732857e-01,3.600580362960591890e-02,7.643378591696092794e-01,1.668250400065804107e-01,5.694777000296018521e-01,5.420428440756022009e-02,3.416890163052881402e-01,6.369572805181622326e-03,6.947559264807231516e-01,2.256083327984994280e-01,5.990350813073733738e-01,-5.388802181053252947e-03,3.264835145862699517e-01,3.782284111907722179e-01,7.615941559557648510e-01,6.278667668976137262e-02,-2.776279706254725435e-02,1.960678668998123986e-01,5.268842725633930968e-01,7.904356676615367228e-01,3.957853192619634197e-01,8.339430882968282832e-01,2.272344923001360373e-01,7.155331219204448534e-02,-4.940795726356259771e-02,1.023492117588310074e-01,5.952816239599185710e-01,6.607310590399404493e-01,4.994069277541265950e-01,5.954838083286113221e-02,6.228980957895552395e-02,5.449929896045615507e-01,5.508274764845118021e-01,3.622051309206762437e-01,1.146008413935142856e-01,-1.405644196650624456e-01,-1.161851387096884958e-01,-1.615909331093226542e-01,8.266624113995096890e-02,-2.513550718147941621e-02,1.594645649864977477e-01,-5.144733896082732266e-02,-1.123911533331516666e-01,2.983669500387625684e-01,2.413718390103689604e-01,-2.550838970562406827e-01,-1.332194271983411504e-01,-7.380136064179344813e-02,2.141808814602870481e-01,1.456720862111589576e-01,1.114841438184519112e-01
3.622732018899267326e-01,2.904038567259371040e-01,1.736798231641782930e-01,1.999407649564134137e-01,1.334681182778121034e-01,2.217413117520775079e-01,2.347957706924098387e-01,1.078981396944539012e-01,-1.557229834549319486e-02,5.762906053240752779e-01,1.050775652943473776e-01,2.596903851152609910e-01,3.898910294906078877e-01,5.863347554151452680e-03,-1.030207575788560093e-01,5.986173478407337267e-01,2.786775093609935028e-01,6.506379894702197797e-01,1.018890152491912088e-01,-1.326455169664784994e-01,2.989272564189217607e-01,-3.266510903060193278e-03,1.773328091266778428e-01,2.569676662101884612e-01,4.111364257612529771e-01,3.675181789980486724e-01,-2.633318808790040544e-01,1.881860719587422071e-01,-1.895790466132272756e-01,5.076537333755669346e-02,-4.698726162415001878e-02,1.979428653008850070e-01,2.857053572794804874e-01,4.072176594278432149e-01,3.386733057873190789e-01,7.799299269600390438e-02,2.909740031335511512e-01,2.797239396345656964e-02,4.526712950675552682e-01,1.947581350659890465e-01,2.678976446199131112e-01,-1.308953111487500820e-01,5.590301352240624189e-01,3.434393687383569677e-02,1.748871138458855667e-01,2.654295030035489500e-01,-6.308974146736403589e-03,6.278667668976135874e-02,7.615941559557648510e-01,4.555427965487257591e-01,8.404953055248095550e-01,8.270208799463588112e-02,-8.795313830716479375e-02,2.827969057464792546e-01,1.099788872296991599e-01,1.286487064761912824e-01,3.579831871840793434e-01,6.981244067494076777e-01,5.659781515272040986e-01,-3.032192317240816615e-01,2.478702953383764285e-01,1.550389575462643721e-01,7.694058279604222561e-02,4.360377028355650643e-03,1.685983871711041471e-01,3.057046514431832618e-01,2.626982651091352983e-01,2.739939217237788438e-02,4.624873668218371786e-02,-2.357621902765947575e-01,-2.407093891169714284e-01,3.098252031660947980e-01,1.880933762442939250e-01,1.939494880130002430e-01,2.417368029696664589e-01,-1.647569153559691746e-01,1.088865637694247934e-01,6.065819238420880333e-02,5.134228148177467921e-02,-1.697400346605217047e-01,1.369144929626481960e-02,3.143664763459403932e-01,3.462224691175401492e-02,1.611429710778665980e-01
1.331482014298576988e-01,4.172048564484784339e-02,1.081200850369057852e-02,4.845809935602956031e-01,2.077790952807291869e-01,5.088005204844769924e-02,4.378650397357174429e-01,-8.676338537428232578e-02,1.270509631113536653e-01,5.127470906980133858e-01,8.821200024511471893e-02,3.348629891177813400e-01,4.558927060204109871e-01,-4.456658898820693715e-02,-1.027444668707358372e-01,4.401775682308350923e-01,4.832573570124447104e-01,5.262537628001360268e-01,4.415527253612722830e-02,1.115962032505987411e-01,-9.845998686610582529e-02,-5.039697562609891934e-02,-2.568086887113834038e-01,2.206825582487227100e-01,3.034973906387929965e-01,1.794581268902654958e-01,-1.756121591912650493e-01,1.762003165403000782e-01,1.837429280033879009e-01,-6.954788106334734710e-02,2.272871317748624276e-01,2.071484869002081231e-01,3.612604519481212306e-01,2.349846252113669542e-01,2.371568303555428026e-01,-1.009995120875863406e-01,4.106798172221484688e-01,1.573990318920543419e-01,4.055644909612649007e-01,4.336651340816670697e-01,-3.406457527041974187e-02,2.302981147256989714e-02,7.290030363496287080e-01,5.420925866710388404e-03,4.053601372514002987e-01,5.504414388204478259e-01,-6.382086893426304475e-02,-2.776279706254727517e-02,4.555427965487257591e-01,7.615941559557648510e-01,7.146866623777434757e-01,3.563797024527103063e-02,8.097236725551079650e-02,4.078518808240681748e-02,5.189122690397496990e-02,-2.291778511180077582e-01,2.759758941653973618e-01,5.299955856472233773e-01,4.133844871306236457e-01,-9.758016083798937146e-02,2.874216897933796755e-01,2.379424052909469844e-01,3.964781191808995908e-01,1.379879565645488471e-01,2.748770856067639934e-01,3.731093503717408666e-01,4.095935856293376753e-01,1.775207121797919008e-01,-7.159160156196034408e-02,1.016033078359592293e-02,2.126552361396776003e-01,4.554115015632694830e-01,3.418103999972009199e-01,3.763151379594477097e-01,6.042048245669345841e-01,-7.391206244969032724e-02,1.856171319892022664e-01,2.087744903000612051e-01,-4.492414815920257876e-02,-6.542372851127981059e-02,1.662960991836377467e-01,2.924059956329415066e-01,3.212765626047603962e-01,1.147340918559445894e-01
4.653721563658728688e-01,5.337368315090388338e-01,2.828891585672936304e-01,4.013009729103926282e-01,3.495648284989227861e-01,1.377288865803181495e-01,4.668870641042961456e-01,2.120930776011683838e-01,1.815144573500880043e-01,7.595452226944122698e-01,3.465954422448565553e-01,4.740835168758693041e-01,4.967092704983696039e-01,2.000877627843370421e-01,2.273457023602445254e-02,5.718775588778386432e-01,4.719674888617706454e-01,6.568561020460783606e-01,2.462327156508760939e-01,2.240043538495146425e-01,2.360269024126879500e-01,2.512315412703599593e-01,8.394916166883122088e-02,4.067063178061960382e-01,3.918716812847639619e-01,4.770532965426200755e-01,-1.584753951887759027e-01,4.685880691042348944e-01,1.112840983228630259e-01,-5.052792930076515504e-02,1.509535470614538355e-01,4.425378107012453710e-01,6.135511969592455372e-01,5.535421950339958208e-01,5.564433052720519912e-01,2.358778433445996858e-01,4.244865966845436378e-01,1.956452967207017168e-01,4.457666528127633976e-01,3.375446690789286608e-01,3.805485599324044399e-01,5.539188646335185817e-02,8.413899593691531731e-01,2.675665450226050179e-01,4.345894050647659546e-01,4.102953541811957816e-01,2.028208169978880093e-01,1.960678668998123153e-01,8.404953055248095550e-01,7.146866623777434757e-01,7.615941559557648510e-01,2.215697156051316397e-01,1.459705525263691461e-01,3.145237049545002717e-01,3.104385997503601446e-01,8.611351576696853194e-02,5.085634287095472938e-01,6.905713271974477374e-01,6.237295019046568134e-01,-1.376669008930880844e-01,5.046759467032354562e-01,3.467489864820230139e-01,1.229568693102173760e-01,1.728873156399843569e-01,4.533223447566366304e-01,5.729049471849260167e-01,4.592100725428918673e-01,1.784539343234807507e-01,1.335988940389901646e-02,-8.310325825405566469e-02,-1.162281175096157443e-01,4.206866057517795743e-01,3.780301480730596242e-01,4.184085889917007473e-01,4.219740266237078652e-01,-4.436125398597132868e-02,2.746247188039817044e-01,9.982731667892708050e-02,5.346531095635368575e-02,-1.578143113612284210e-01,1.153733679724143896e-01,5.001040375857106479e-01,1.565064037529074747e-01,3.104527342439867832e-01
4.150956755167692358e-01,1.100194751420522921e-01,7.248837373817791363e-01,2.804566526087637346e-01,5.356474622481592895e-01,-1.613503477808051756e-01,1.665796961502720441e-01,1.247475510863146064e-01,5.016689512155798614e-01,1.667122404709527050e-01,8.122223322876273022e-01,2.063183854907937598e-01,1.699374305111351624e-01,3.414245794973658765e-01,4.196657741531014674e-01,1.239489639327600312e-01,2.496109145527012629e-01,2.963401097608142076e-01,9.413312971342836510e-01,6.284017699549813152e-01,-3.902722951688188113e-02,5.099813516557571980e-01,-1.594477432230079206e-01,-6.678027576627433570e-02,-2.822417380743817983e-01,1.405315277461332557e-01,1.405996696652313249e-01,5.472658338675845391e-01,2.546159092471888402e-02,1.781979912495720575e-01,-1.452180559105851754e-01,5.044477546295568215e-01,4.023936768469051350e-01,3.370649078870944226e-01,-1.272395353996027545e-01,7.126812790970664668e-01,7.268863781519012413e-02,4.054456053258019832e-01,-8.269972378269094260e-02,-1.315127095474113647e-02,1.841611782424736055e-01,4.321060291215665372e-01,1.593758999630877360e-01,8.237549911669400649e-01,1.879899039728274157e-01,9.551708823786470015e-02,3.875330197258587406e-01,5.268842725633929858e-01,8.270208799463577010e-02,3.563797024527116941e-02,2.215697156051317507e-01,7.615941559557648510e-01,6.523720578758007704e-01,-1.319192170188114299e-01,4.851232963505148210e-01,4.408559608575045308e-02,-7.000186795265792017e-02,-2.932045623731653339e-01,-6.885943620965469247e-02,1.438288596862848656e-01,4.865050469200840055e-01,7.391746716893848879e-02,1.712297849190302645e-01,4.360526788394972209e-02,3.908421376609382270e-01,4.073086131817277855e-01,1.172636902415478133e-01,-2.655981310799166578e-02,-4.926163349632425859e-01,-4.202183849780113389e-01,-2.312766934826608056e-01,2.207607572098077287e-01,2.830159308418260800e-01,3.140945139840333605e-02,9.814299709448727482e-02,3.237092671153368045e-02,-7.724988901086000427e-03,-9.830375000849604639e-02,-4.462919232186715601e-01,-5.324720051891000949e-01,-1.624675394430036557e-01,1.330882076799397573e-01,-5.252110567357037157e-02,-7.415475666375523356e-02
5.677570429159094489e-01,-2.904789436358889421e-01,6.406339626160414413e-01,3.636146448777261703e-02,5.228662679502638078e-01,7.389179300150865159e-02,3.226286154514269588e-01,-8.577310895879654284e-02,6.838835465679582448e-01,1.197103737441378296e-01,4.849815961742298676e-01,8.134654677549298107e-02,3.683670603279645683e-01,1.800330664204042863e-01,5.894001309236038821e-01,-1.004426897577295197e-01,2.080320015687559809e-01,1.850845274671224783e-01,5.671387847822844108e-01,9.378486811153950997e-01,-1.647112222032444673e-01,8.012833590089749602e-01,-2.544792516712300889e-01,-1.114059195896738158e-01,-2.575084734403738640e-01,9.049557541889310941e-03,3.655261155837362663e-01,6.872716603765387511e-01,3.390442495790069732e-01,3.111867179687067830e-01,-1.491842107951802388e-01,6.573740180534717314e-01,2.840128561607720425e-01,4.524482822877839983e-01,-3.101690678778133425e-01,7.381668638345282307e-01,1.133829688260708235e-01,5.554692450974607620e-01,1.952521456542024025e-01,4.255429013932230942e-01,5.721136328309718577e-02,6.960563352815917204e-01,1.472100931294991200e-01,6.472438517278799042e-01,5.842446126690095665e-02,3.617693894154414558e-01,3.276416705584827005e-01,7.904356676615369448e-01,-8.795313830716479375e-02,8.097236725551081038e-02,1.459705525263692016e-01,6.523720578758007704e-01,7.615941559557648510e-01,-6.217065974095294101e-02,8.767943498748898001e-01,4.911837143184725335e-02,-2.097652425927715170e-01,-1.397171300762664603e-01,-1.292958958873568764e-01,5.941363752148065558e-01,6.626687110010844872e-01,4.824850121139409587e-01,2.437136598995831294e-01,3.613851792568403276e-01,4.508360967553668996e-01,5.069076132168939264e-01,2.102962585567588472e-01,-6.726437990984061865e-02,-2.142740647996488612e-01,-1.748711581408409765e-01,-3.124103784940533424e-01,3.939693210320843741e-02,6.051004686387047304e-02,1.772604831768270495e-01,-1.203720418811923959e-01,5.705725693229954376e-02,1.934633546787219438e-01,2.594944798428443569e-02,-3.057014194505329185e-01,-2.044279133180678387e-01,-3.017091599471526386e-01,1.715467716952985555e-01,1.176363545086245438e-01,-2.455543468722632544e-02
1.682035226869342537e-01,5.350683763732462239e-01,2.854321689568373177e-01,-8.721454675525668054e-02,-5.399969183304518389e-02,1.424358898622914704e-01,-4.063664524237657616e-02,2.304334149953624900e-01,-1.203814094620320740e-01,3.874334359830267083e-01,1.736957080103489759e-01,2.430547185878550731e-01,7.609918097459909825e-02,8.608138092279683795e-02,2.329498486508884969e-01,1.790562832424180129e-01,1.783450968873995790e-01,1.703357055191818126e-01,-9.155406234911490698e-04,-7.118235421224958226e-02,7.876167184671329924e-01,3.225795040991131374e-02,3.618801030799740914e-01,3.680369747994679530e-01,2.531303798058039400e-01,3.894101676127613709e-01,2.172383484999608136e-02,2.974512638513479579e-01,9.496792050377939054e-02,-6.963095096821743379e-02,-2.998142778344760617e-01,3.910304830016526623e-01,6.730040377520672967e-01,3.437950089676362619e-01,3.903880628655194140e-01,2.430612078100390372e-01,2.918420834843135081e-01,-1.450880446988099537e-01,2.970810800261742268e-01,-1.596586335692276870e-01,4.018581925722233272e-01,-2.031353199172847290e-01,3.211900985431185851e-01,6.544239612418142893e-02,1.859262480050296873e-01,-8.461255251412767853e-02,5.751434634131790541e-02,3.957853192619634197e-01,2.827969057464792546e-01,4.078518808240681748e-02,3.145237049545004937e-01,-1.319192170188114299e-01,-6.217065974095310754e-02,7.615941559557648510e-01,1.088554060598792839e-01,4.146561204353015895e-01,3.955629509433549185e-01,5.073304708855407297e-01,5.353862634486655780e-01,2.852004353817895119e-02,3.099787302937889732e-01,3.787886846250361206e-01,-2.696357840692751306e-01,-6.220509503462936379e-02,3.834792242239014048e-01,5.407168582481620689e-01,2.435467509031940814e-01,2.597981750715551152e-01,4.235382442452863272e-02,-4.997606253086681050e-02,-3.553415615639982789e-02,2.829460779400924664e-01,4.856877846956598327e-02,1.096911028548883810e-01,1.015246741355400467e-01,-2.842494318993510349e-01,9.989253033169299967e-02,1.549217391824515844e-01,4.755650044844379233e-03,-1.369697188108721930e-01,3.259036441661963823e-02,5.216461188615901801e-01,-1.094007834621271436e-01,1.692172815283213838e-01
5.438387390799093168e-01,-1.491952387291912430e-01,6.329678278236698930e-01,4.022793814654172101e-02,5.592047829220571087e-01,-4.399267633855677428e-02,3.803169580154107110e-01,-1.823632413285094789e-01,7.107119100755963093e-01,1.361338876310788371e-01,4.475198473312304581e-01,2.040217237130180494e-02,3.966826666991918326e-01,1.639250156477469189e-01,6.442475700770321501e-01,-1.251597791801595250e-01,9.826748945556749992e-02,1.548637993257302448e-01,4.252179647984019595e-01,8.189549077284519196e-01,-1.153419534737802794e-03,8.796934416819928160e-01,-3.179153473741659908e-01,-1.054699465184516689e-02,-2.459166617811920363e-01,1.588220302014220764e-01,3.635614616237184404e-01,6.920824267803442620e-01,3.599458251547398291e-01,2.289762606165940684e-01,-1.550802457884025154e-01,6.814384105621196230e-01,3.098844275733996789e-01,5.539546952165362859e-01,-1.303086270295475135e-01,6.919382880314404183e-01,1.505910783886434678e-01,6.190566599224230915e-01,1.601627157674731794e-01,5.023724486599464578e-01,-5.846420869007009496e-02,6.840657926603689321e-01,2.188655592176342590e-01,5.495397430894978230e-01,5.956991402591891444e-02,4.623978004946521780e-01,3.224378329534995369e-01,8.339430882968282832e-01,1.099788872296992431e-01,5.189122690397494214e-02,3.104385997503600891e-01,4.851232963505148210e-01,8.767943498748898001e-01,1.088554060598793255e-01,7.615941559557648510e-01,1.544166688737849853e-02,-1.138141142722178256e-01,1.577515215801876536e-02,1.897230400552940011e-01,5.778208137868839911e-01,7.096746148068119320e-01,5.316514496897858377e-01,9.668187723821081159e-02,2.092636377524367541e-01,4.671334093680987731e-01,5.534137729419701390e-01,3.830363855529052008e-01,-3.485751073118842358e-02,-8.629551460425265164e-02,-1.282507245672705187e-01,-2.820438560614103585e-01,1.175936378097318519e-01,8.044410524884253177e-02,1.933791812023569479e-01,-5.838891975914235408e-03,9.550582941545793236e-02,3.145827426500099611e-01,3.589072139411055712e-02,-2.412270191669723118e-01,-6.769725808984611293e-02,-1.830669920834518682e-01,2.094914642001987903e-01,9.949647000815226017e-02,-4.021544854263243637e-03
1.535346341619936716e-01,2.297324376503077636e-01,3.354857366072627745e-01,1.848455417812539803e-01,2.019434628585371760e-01,2.500266425593271058e-01,-4.570443628860840213e-02,6.187394115790323390e-01,7.582964035942853058e-03,8.815377832865259333e-02,2.838340294202787994e-01,3.206028696804267830e-01,7.601060005466024616e-02,4.685944581216298643e-01,1.046202696023966067e-01,1.075953633374023416e-01,1.712665443464209472e-02,1.023231424414229457e-01,3.065698798477706211e-03,-5.527219462050533133e-03,4.351280034320557100e-01,-3.266625275133635403e-02,7.553648584830887636e-01,3.166991198159777587e-01,1.303701224847642060e-01,1.588503226049768624e-01,1.259453181505663100e-01,4.213674286131878222e-01,-4.964203599824278806e-02,-3.945944069015468181e-02,-3.779818114121848149e-02,3.388401427448119452e-01,3.196662854832316714e-01,2.563375590786374780e-01,1.874127284667584104e-01,3.823273558388645688e-01,2.747548241830316540e-01,6.415450278382602012e-02,5.391701242385367188e-01,-8.579162613721161290e-02,7.194389541372613328e-01,-1.178221136526236279e-01,1.385217206039500715e-01,2.329532520128590467e-01,3.319028242372747961e-01,1.242986354288977552e-01,4.347859529432225312e-01,2.272344923001360650e-01,1.286487064761913102e-01,-2.291778511180077582e-01,8.611351576696853194e-02,4.408559608575039757e-02,4.911837143184725335e-02,4.146561204353014785e-01,1.544166688737855404e-02,7.615941559557648510e-01,3.775009648107119919e-01,2.579921013591698897e-01,2.993504543752457669e-01,8.603455150965215459e-02,3.420429896280530735e-01,4.891326662700058725e-02,-1.447087266400525485e-01,2.195871498798319665e-01,3.232969807666446482e-01,3.107981343971825128e-01,2.223272848085672548e-01,1.495988430113346646e-01,-1.757916581641533194e-01,-8.450617010434327558e-02,-2.239302000479030386e-01,2.645514869734953423e-01,1.025366530719144936e-01,1.372858508076171824e-01,9.844895992775370974e-02,-2.614723235668301934e-02,7.600608617878204520e-02,2.431020597040379205e-01,-1.591088499164187431e-01,-1.061129508252226378e-01,2.733897814482909305e-02,3.584334701441041493e-01,1.471392822157289448e-01,3.362236450559739041e-03
1.498203225158650786e-01,5.864976963010750666e-01,-3.735546299314371904e-02,3.241292111960639710e-01,-6.294892735402815576e-02,1.054500221377500588e-02,1.719395686293703485e-01,3.354181047300112128e-01,-2.012733834113927256e-01,3.837331006893123231e-01,-7.314135374970681669e-02,4.499930327636361138e-01,1.791753033088699099e-01,1.629398193094616643e-01,-9.899733333556029469e-02,2.681768968624376748e-01,9.522546971481499201e-02,2.709645048248336963e-01,-1.247076784783461151e-01,-2.303847064129035671e-01,3.899805639323881690e-01,-3.014447477224322380e-01,2.848427003993904694e-01,8.545718747124381176e-01,1.762897259276389461e-01,2.759785157716808657e-01,-3.355785546068559833e-01,2.341569740111780762e-01,-1.498657527297438674e-01,8.645890417026401431e-02,2.237929173544308536e-01,2.454946268420736266e-01,3.922022801891484889e-01,9.615231867055269721e-02,6.860817715406493100e-01,5.537727976727045004e-02,2.702579902408242529e-01,-9.940799260901726775e-02,4.535553101299975576e-01,1.539297466582891516e-01,5.326661892468016468e-01,-1.915656894130926824e-01,5.143679652248273060e-01,-5.942009361153722212e-03,6.132349638217379217e-01,3.279911053623622008e-01,1.044364233071286285e-01,7.155331219204447146e-02,3.579831871840794544e-01,2.759758941653973618e-01,5.085634287095472938e-01,-7.000186795265792017e-02,-2.097652425927715170e-01,3.955629509433549185e-01,-1.138141142722178534e-01,3.775009648107121030e-01,7.615941559557648510e-01,4.718985230356121385e-01,5.364078526349967957e-01,-2.408533433238362886e-01,2.167269431029200943e-01,5.160620465298729198e-02,2.477700256527560763e-01,1.362088231936629638e-02,3.639327051290698334e-01,3.179583629725917793e-01,3.687473715524175466e-01,4.175918812051148121e-01,-7.730436959802108703e-03,1.079340936950942340e-02,5.119489245522423210e-02,1.790087655155247204e-01,4.893787821133752103e-02,5.345545528053888829e-01,5.913695903941259546e-01,-1.085871098938914342e-01,1.510178657508559341e-01,4.331994235597962373e-01,8.598826883558852163e-02,-2.093406169585831575e-02,2.158833816584937171e-01,1.221264543266081248e-01,1.433525742307787398e-01,5.807461419326399588e-01
2.910776529867836193e-01,2.740339361101928883e-01,-9.805146325014883757e-03,2.106165790581100705e-01,2.223029305698750232e-03,3.005696720533189148e-01,9.706915775344279740e-02,2.657791998323542626e-01,-6.678521686456227735e-02,5.573346122604287967e-01,-4.889699863897673665e-02,3.264911199462684488e-01,4.541548578822192650e-01,-6.823344787174093207e-02,-1.519278118239201225e-01,4.989022271656926022e-01,3.395746061309796171e-01,4.812196292388631336e-01,-2.669972817497426876e-01,-2.067437171946136243e-01,3.965933024467664381e-01,-1.614306865438432381e-01,2.666213040000114387e-01,4.603615816137023309e-01,6.322475400328275708e-01,3.822411644180769841e-01,-2.122420915579600331e-01,2.419001618414406696e-01,4.641527108342168029e-02,-4.475964892157425351e-02,2.781825707249010321e-02,2.242406998465182599e-01,4.217316173013828107e-01,4.387285805547999074e-01,3.570985134461122090e-01,-5.930734749239430920e-02,2.834457607383409350e-01,-4.953049829941344462e-02,6.220760491669427017e-01,5.638643730992894121e-02,3.943875316400976550e-01,-1.407023605829024471e-01,6.316881836809177253e-01,-8.191209394218820772e-02,3.932171613507071117e-01,3.831078417577847284e-01,-8.089749435461084104e-02,-4.940795726356255607e-02,6.981244067494075667e-01,5.299955856472234883e-01,6.905713271974475154e-01,-2.932045623731653339e-01,-1.397171300762664603e-01,5.073304708855405076e-01,1.577515215801870985e-02,2.579921013591698897e-01,4.718985230356121385e-01,7.615941559557648510e-01,6.998836107162382802e-01,-1.816211029985620728e-01,2.917981970341900766e-01,3.574864082446599367e-01,-6.967696881698405564e-02,1.068870661010275780e-01,2.349638044863689157e-01,4.166439881752146412e-01,4.447735494312067828e-01,7.837811818737032421e-02,2.478885815311668017e-01,6.702381262063249190e-02,-1.259930517579507248e-01,3.170995259747597106e-01,1.642568464083919155e-01,3.000291649728806243e-01,2.820774576842536852e-01,-9.797866583110521888e-02,1.765036965011151371e-01,1.173625077638583841e-01,1.655349869760062154e-01,1.351172556059738739e-01,1.195525104834514463e-01,3.511172058775893778e-01,5.479279871964159998e-02,1.376256225464239646e-01
2.349900923056863766e-01,3.644607313729047449e-01,2.461533934030023518e-01,2.469814504518439424e-01,3.417668420061657775e-02,2.031958661472277050e-01,1.314320006750568925e-01,2.328768257778194573e-01,-1.061048826678817197e-01,3.767632163605952322e-01,1.202783774782608117e-01,4.838253643797120751e-01,4.486682382132318181e-01,2.109400579079077076e-01,-5.294755123467480978e-02,2.839194307450821353e-01,2.154048965981943120e-01,2.370052887951467901e-01,-1.051098701412939151e-02,-1.900158237093644842e-01,4.948085872297594556e-01,-8.877677010696295723e-02,1.969826631119152016e-01,5.330912656989548193e-01,3.134858389414943436e-01,6.436888828442590693e-01,-2.060027572983420263e-01,4.309825347236538873e-01,1.394930040429645246e-01,4.524280378541840897e-02,2.522951784844940613e-03,4.884045736131292226e-01,3.486400545231650994e-01,4.849003779537914838e-01,3.981490040681295306e-01,2.077894415245460369e-01,2.256023178484703184e-01,3.188112820024628646e-02,5.910236165331325120e-01,1.996092120205378295e-01,3.597526597430459327e-01,-1.176197803894942634e-01,5.650667638771721402e-01,3.081417267118184266e-03,4.356850119095580509e-01,5.274152430517354828e-01,2.367721900987952433e-01,1.023492117588310907e-01,5.659781515272040986e-01,4.133844871306237012e-01,6.237295019046568134e-01,-6.885943620965469247e-02,-1.292958958873569042e-01,5.353862634486655780e-01,1.897230400552940011e-01,2.993504543752456559e-01,5.364078526349967957e-01,6.998836107162382802e-01,7.615941559557648510e-01,-1.121915966329419256e-01,4.977904083493817633e-01,3.223240722567098371e-01,-6.146976987464777137e-02,3.132319702723198457e-02,4.201912788944653365e-01,3.634633506578497375e-01,5.590932771364570675e-01,1.107398456297694483e-01,2.396853135628937426e-01,3.040769246442748958e-02,3.942854194798577766e-02,3.060547876067532536e-01,4.586620764532019917e-02,2.347032749743616642e-01,2.731471201204258570e-01,-5.205820011597993985e-02,2.946625863013794255e-01,1.448071262290868133e-01,2.282137554076553720e-01,1.791127253215077930e-01,2.735022051814675059e-01,4.172831600861451884e-01,9.618009165689481166e-02,2.060014285384075272e-01
4.384053107057984677e-01,-3.120289080375223678e-01,6.034508595835382794e-01,2.546081572542058802e-01,6.388167646700442237e-01,1.749188966369401299e-02,4.264337662302721266e-01,-1.771538379171956334e-01,7.512178866876936256e-01,-8.314657993335694552e-02,4.794416689434327083e-01,-1.512880142415363449e-01,3.801849115787717670e-01,2.251298428847040012e-02,5.875841201624031340e-01,-3.251053303918560733e-01,-4.962130821926730856e-02,-5.749775125538219428e-02,8.288679233301672611e-02,5.223251465262447324e-01,-1.301154279856912011e-01,4.899496658676099070e-01,-2.756608962414766606e-01,-1.876644613635623238e-01,-3.341606204421421200e-01,-1.432963738101346307e-01,8.609410008827690364e-01,4.555540405811298044e-01,3.157008609254077780e-01,2.747146210213150530e-01,-1.381750082227742593e-01,3.058392355124342488e-01,1.198163831764202658e-01,2.880047901975382185e-01,-3.793613899884140106e-01,6.240652987246083638e-01,2.191603916213417103e-01,6.710760824015381543e-01,2.308152254391928060e-01,6.048288195480467921e-01,1.726045147345027183e-04,7.269270923193649203e-01,-9.042600239089726433e-02,6.042477263587814340e-01,-1.270544836795806098e-01,4.010406680282352920e-01,1.993265018952026235e-01,5.952816239599185710e-01,-3.032192317240817170e-01,-9.758016083798941309e-02,-1.376669008930880567e-01,1.438288596862848101e-01,5.941363752148065558e-01,2.852004353817884016e-02,5.778208137868839911e-01,8.603455150965182152e-02,-2.408533433238362886e-01,-1.816211029985620728e-01,-1.121915966329417591e-01,7.615941559557648510e-01,4.284152091567008380e-01,4.171363759169965935e-01,1.505988712541357910e-01,4.283543273055547829e-01,-1.731137347955708297e-02,1.461014256471707962e-01,2.551413800123581432e-01,-1.191516905570376150e-01,-2.187431370767591587e-01,-3.415571729615231589e-01,-3.346382131778565805e-01,1.517397716380095851e-01,1.562375443479659676e-01,8.906863556698500772e-02,-1.258749788651750967e-01,3.461686089879677936e-02,1.843330102135152804e-01,3.146831818387842844e-02,-3.157002340195167456e-01,-3.486720585092991653e-01,-2.847143438555804762e-01,1.544484917040735983e-01,1.158003416300471683e-01,-9.880366064765117029e-02
8.302860361646686727e-01,5.411702251671147712e-01,6.177445282107880686e-01,3.886708717702626603e-01,6.522282654522421064e-01,1.406559883685673251e-01,6.225162349684120189e-01,2.250161905133303275e-01,5.537557771815251328e-01,4.613323160174791493e-01,5.562811776632562433e-01,4.267036126323127121e-01,5.823402877498626840e-01,1.737720322907204407e-01,5.119511653568351583e-01,2.304934402805851323e-01,2.180444308470022019e-01,4.793063442339507985e-01,5.033276613497167373e-01,7.725013453113285244e-01,1.664800492487999439e-01,7.025134115391845624e-01,1.738185206502424474e-01,2.198629723359817045e-01,7.640477058918081210e-02,5.320142292918628169e-01,4.305894960069990840e-01,9.418511542356876598e-01,5.169186424879770314e-01,1.863068578337020720e-01,1.099393995262180485e-01,8.874443461757168805e-01,7.351392236538988323e-01,8.555169009649240541e-01,3.506330179334746777e-01,5.786380386321744451e-01,3.927903752562134088e-01,5.586623340880714217e-01,3.948085726196106093e-01,5.182805737946776237e-01,3.905541026374901303e-01,4.901912937542176607e-01,5.586596770369898213e-01,5.587046813041433024e-01,3.627955887971757165e-01,5.745627056828278567e-01,3.293556986070611536e-01,6.607310590399404493e-01,2.478702953383764285e-01,2.874216897933795645e-01,5.046759467032354562e-01,4.865050469200840055e-01,6.626687110010845982e-01,3.099787302937890288e-01,7.096746148068119320e-01,3.420429896280530735e-01,2.167269431029199556e-01,2.917981970341900766e-01,4.977904083493818743e-01,4.284152091567008380e-01,7.615941559557648510e-01,5.828266160164369269e-01,4.181453254761158256e-01,2.353836160136802413e-01,7.687770812505875240e-01,7.754587927815471682e-01,5.176811343466189985e-01,2.027616037207369271e-01,-3.301226545927265499e-01,-8.227473605051502381e-02,5.455303587564109408e-02,4.052796295480718403e-01,4.110659863313038676e-01,4.526767152076063283e-01,4.446921889363463776e-01,5.465297098938332737e-02,3.861575844957548798e-01,2.434085391344920357e-01,-3.265220970292940783e-01,-2.128125814531640625e-01,1.937427076992491726e-01,4.211982392296460542e-01,2.515154470528815356e-01,3.037319067612833656e-01
5.205108141265941679e-01,-4.075900717800214068e-02,4.711316441720988513e-01,2.706345504721077155e-01,3.841593691943508415e-01,2.022211428233649244e-01,4.508246209799308124e-01,-2.810223788324818228e-01,3.767968306238888010e-01,1.826779588122571518e-01,2.817485735264635971e-01,-1.165599147582812092e-02,4.638646799418733035e-01,-7.714767502569040702e-02,3.643666215316140877e-01,-4.677755084570553445e-02,1.651324181040791095e-01,1.905585853326470791e-01,1.284471433432217979e-01,4.595412462202989046e-01,1.639310856090845647e-01,4.465669555842319283e-01,-1.028107256110222523e-01,-4.269644734230822886e-02,1.455569832496606160e-02,1.731357767730167252e-01,3.570883340128502281e-01,5.341540825803039461e-01,5.978883753479095065e-01,3.909779747211650225e-02,-1.179779295358252406e-01,5.243930369600707797e-01,4.433434287127039908e-01,5.280789758440376236e-01,-1.091703863088502313e-01,3.635548117107245125e-01,3.991972833808185572e-01,3.535944966226934882e-01,3.889073080212468447e-01,4.049244089237384325e-01,-4.547483467265642926e-02,3.056632638116936751e-01,3.140884654854965707e-01,3.228094871586042469e-01,-2.129226770658231710e-02,3.421792200657474137e-01,2.029121513379672503e-02,4.994069277541265950e-01,1.550389575462644831e-01,2.379424052909469844e-01,3.467489864820230139e-01,7.391746716893871083e-02,4.824850121139409587e-01,3.787886846250361761e-01,5.316514496897857267e-01,4.891326662700058725e-02,5.160620465298726423e-02,3.574864082446598257e-01,3.223240722567097816e-01,4.171363759169964824e-01,5.828266160164369269e-01,7.615941559557648510e-01,-6.948595116598332844e-02,3.170163707901889616e-01,3.676249858952288507e-01,5.997540889866722624e-01,2.232210799546276991e-01,7.445679016159441332e-02,5.357450472186103818e-02,-1.617481472365137340e-01,-1.679983390314184755e-01,2.246642576619439780e-01,1.851661076564494746e-01,1.695340823852473366e-01,7.879604611336171738e-02,-2.033898562978977975e-01,1.120540994117877748e-01,1.598404086042565508e-01,-5.575580597488158374e-02,-1.807467851229329348e-01,-1.333026306397125105e-01,3.483111639689949190e-01,-9.325675983757466397e-03,1.327770750526314769e-01
2.540527806003831102e-01,4.563749905601537787e-02,1.935749189496801248e-01,4.984885012128192350e-01,2.247552195499561423e-01,6.048552896589227956e-02,1.656115286956357235e-01,2.202551594105442156e-01,1.146323085907556411e-01,2.519735029226568557e-01,2.117320238681378031e-01,4.733859906133480733e-01,2.705376409033267149e-01,1.287731690801361684e-01,6.139248691682670095e-02,1.524776940839571160e-01,2.185238543841342140e-01,2.913308866051172452e-01,1.767390044311942521e-01,2.493867042063564465e-01,-2.906322486072269728e-01,6.470624104609598581e-02,-1.823798096286589898e-01,7.716033741160308046e-02,-1.450488266600205856e-01,-4.561960189521462733e-02,2.030884315633814732e-02,3.840859047088637790e-01,-1.587873345000395398e-01,1.854178236918114508e-01,-8.816194807442626069e-02,4.412213083133059155e-01,1.883557086158122729e-01,1.209263232687635276e-01,2.399255002770438530e-02,1.469869504447110786e-01,4.513658542108535676e-01,3.111842826596363798e-01,2.180635416333249199e-01,3.104705591147353672e-01,2.246900359604728226e-01,1.771339875518129492e-01,4.530365870030904629e-01,2.655877473182319259e-01,3.886784527438565395e-01,2.095856105346453335e-01,2.919106096031576225e-01,5.954838083286110445e-02,7.694058279604211459e-02,3.964781191808995908e-01,1.229568693102174315e-01,1.712297849190303201e-01,2.437136598995831016e-01,-2.696357840692750196e-01,9.668187723821081159e-02,-1.447087266400526040e-01,2.477700256527560208e-01,-6.967696881698413891e-02,-6.146976987464796566e-02,1.505988712541358188e-01,4.181453254761158256e-01,-6.948595116598338395e-02,7.615941559557648510e-01,3.828031504412089392e-01,3.537694046321026020e-01,2.375251690163440177e-01,2.281508562062047329e-01,7.205293283648172425e-03,-1.013538702293699384e-01,-2.071456923979906051e-01,5.299859894085020423e-02,1.174704216545331831e-01,2.260479805367487938e-01,1.898534440839520221e-01,2.181732262308728743e-01,2.019782198098892256e-01,1.575811182961253665e-01,1.630171688896498439e-01,9.398937947032616827e-03,-2.477152586787064459e-01,1.995046340619817671e-01,2.178682786224376833e-01,1.754280877556651796e-01,2.651082785211998916e-01
1.803515313212248339e-01,-1.017704424904054689e-01,2.153285922029141153e-01,-1.490766270870645949e-01,2.005143152634964454e-01,-5.404353511712073344e-02,6.303585879419987270e-02,7.825799445550454965e-05,1.950013044270605400e-01,-1.264628796708747449e-01,9.707675738841697877e-02,-1.282205493826752730e-02,1.395285500621318286e-01,-3.753938392850476868e-02,1.098516501858039576e-02,-2.222122382410803010e-02,-1.795138303600354590e-01,6.673400423457007125e-02,1.493693139806422446e-02,4.354985503999041496e-01,-2.538810513416588366e-01,2.477923824091110561e-01,-8.981403185682987345e-02,-1.974930748901742306e-01,-3.064397414572560541e-01,-1.812358883009392851e-01,3.039828162082437446e-01,1.794935112122394150e-01,1.739527523964806144e-01,-5.420696647225701353e-02,-4.077147217491923215e-01,2.435904222007190811e-01,-3.172280075836569901e-02,2.361829412539910578e-01,-9.509780039706228205e-02,2.177233611905681765e-01,1.980671994801178615e-01,1.677787038374214945e-01,3.806681552174515648e-01,7.455426180044115447e-02,1.886848715973043489e-01,2.287924138387160133e-01,2.882396184812389683e-01,1.221421448379102631e-01,3.042088168883707103e-02,3.149632441374805025e-01,-2.791629149484035899e-02,6.228980957895555171e-02,4.360377028355622887e-03,1.379879565645488471e-01,1.728873156399843569e-01,4.360526788394974984e-02,3.613851792568403276e-01,-6.220509503462930828e-02,2.092636377524367819e-01,2.195871498798319665e-01,1.362088231936629638e-02,1.068870661010275641e-01,3.132319702723196375e-02,4.283543273055547274e-01,2.353836160136802691e-01,3.170163707901889616e-01,3.828031504412089392e-01,7.615941559557648510e-01,3.585141557168441268e-02,7.376212338618742814e-02,1.182638259605656439e-01,-1.652367797583573494e-01,-1.239458226738635593e-01,-2.226818069164768488e-01,1.051672127493542440e-03,-1.401153018884366275e-01,-5.321333793745109536e-02,1.273430210214787812e-02,-1.172890524910265818e-02,5.938519015748325997e-02,-9.220658375852684718e-02,1.143497166364779716e-01,-5.467466776042122223e-02,-1.906838018727761985e-01,4.567034738887500167e-02,1.313672344436220552e-01,7.194807485553031401e-02,4.317731872237316054e-02
4.964531582024601652e-01,5.505835147806799057e-01,3.011271212307563561e-01,1.586684963776545942e-01,2.941199456377348032e-01,2.104662386662424778e-01,3.830212801570740955e-01,2.350889694944677533e-01,2.333951158170985141e-01,1.619206765429274941e-01,3.142545927307011100e-01,3.037247324449963704e-01,4.164264685034109181e-01,1.791059890600630589e-01,3.673631261162098038e-01,1.333448736684276215e-01,3.161240430561731984e-01,2.767435706762105263e-01,3.779111283561858992e-01,4.901740254805876940e-01,2.946199023931119765e-01,4.507979707054111107e-01,1.880935304327489010e-01,2.827566896733483270e-01,4.403178190338350589e-02,4.649821213114758711e-01,-4.316104535041332541e-02,7.171984326272066168e-01,2.153367174511352233e-01,2.235236580256882988e-01,-5.934470016616290311e-02,9.458403703889107783e-01,5.753076503606949776e-01,5.450170059901271458e-01,4.401089073481148639e-01,3.009012742722007028e-01,2.107780734017914992e-01,2.067169414457862564e-01,4.194914417394765005e-01,2.562040906953653718e-01,4.253728964943220836e-01,8.529865275522777179e-02,4.319201221264709623e-01,2.337045398737657154e-01,4.082865972696712031e-01,3.750807326241464845e-01,2.789910911867408139e-01,5.449929896045615507e-01,1.685983871711041193e-01,2.748770856067639934e-01,4.533223447566366304e-01,3.908421376609382270e-01,4.508360967553668441e-01,3.834792242239014604e-01,4.671334093680988842e-01,3.232969807666445927e-01,3.639327051290697224e-01,2.349638044863690267e-01,4.201912788944653365e-01,-1.731137347955708297e-02,7.687770812505875240e-01,3.676249858952288507e-01,3.537694046321025465e-01,3.585141557168441268e-02,7.615941559557648510e-01,7.270782150529546684e-01,3.153152899168837897e-01,2.352171582634925984e-01,-2.506543384032777211e-01,-1.678630753854405411e-01,7.673122118189401597e-02,2.726514285619081046e-01,1.804787778209468174e-01,3.593671815061669217e-01,5.397501198627603358e-01,9.371384065243111572e-02,1.622393009865769897e-01,3.724195993309568076e-01,-2.415822159458620166e-01,-1.106832021524964266e-01,2.457875075155684097e-01,3.015247069852722839e-01,9.596807768426417196e-02,3.338547766274238549e-01
6.406301366685278609e-01,5.134894368362841188e-01,5.377666007210575305e-01,3.007097025943655244e-01,3.693407640533657998e-01,2.853580174783008627e-01,3.403952066150923716e-01,1.513240459717896669e-01,3.344021689659799068e-01,4.232250753743037053e-01,4.310771973046258476e-01,2.909283073167149292e-01,3.919574857773286958e-01,1.801790291506800978e-01,3.169716097903244600e-01,2.411538822046957187e-01,3.107853797189345513e-01,4.560233741780481687e-01,4.613483558551551011e-01,5.746392223791731979e-01,3.649265979657344561e-01,5.146968755991399025e-01,1.714264429651766175e-01,2.073183928465195947e-01,6.082577658578979668e-02,4.023513600206953256e-01,1.003360409222068678e-01,7.250997577708162556e-01,3.162690619855337837e-01,1.651168134016945954e-01,-2.383245416987714860e-01,7.887346845626345138e-01,8.221006463068517567e-01,6.727983480544394990e-01,2.904240489495252264e-01,5.182777335617537728e-01,3.536795867035703589e-01,3.040836871960129195e-01,4.662685522936062532e-01,2.978829837407310777e-01,3.440715857854990123e-01,2.619635300033763547e-01,5.864440471306928693e-01,4.573725830642071943e-01,3.279899472847825903e-01,3.775733376169685962e-01,2.327325377042850085e-01,5.508274764845118021e-01,3.057046514431833728e-01,3.731093503717408666e-01,5.729049471849260167e-01,4.073086131817277855e-01,5.069076132168939264e-01,5.407168582481620689e-01,5.534137729419700280e-01,3.107981343971826238e-01,3.179583629725918348e-01,4.166439881752146412e-01,3.634633506578497375e-01,1.461014256471706851e-01,7.754587927815471682e-01,5.997540889866720404e-01,2.375251690163439067e-01,7.376212338618742814e-02,7.270782150529547794e-01,7.615941559557648510e-01,3.316158130151967698e-01,2.563548249319026473e-01,-1.355384741883225996e-01,-2.220580567340552924e-01,1.321907683286153122e-02,2.739150373908398883e-01,1.886815464946998977e-01,2.315841939534888372e-01,4.306716269468935376e-01,-4.101997283886834461e-02,2.304879317691053420e-01,2.831244472829350656e-01,-1.813944156437660715e-01,-2.903136995497823114e-01,8.317880648333199345e-02,3.886432323262292710e-01,-4.466082133794574416e-02,2.602028152781790116e-01
3.415186247721304080e-01,2.360681108609861689e-01,2.968319114731751696e-01,3.069255259398232516e-01,7.945121589464457235e-02,1.269694206524269453e-01,3.756897521084405223e-01,8.143505476702585233e-02,8.550179659359129214e-02,3.499525100111420262e-01,1.025267969405063845e-01,3.164076925060621548e-01,4.186066982571691741e-01,8.870875904392361289e-02,3.415524828653324629e-01,2.099752311956409601e-01,3.090079590405044319e-01,3.062401702195573505e-01,4.971184837366922349e-02,3.033188158227297371e-01,2.596919072417989138e-01,2.923288052793800440e-01,5.065883944187082877e-02,3.341215978883881332e-01,2.540288080021443351e-01,4.006591207371490437e-01,3.021999777333221893e-01,3.849434311795081332e-01,1.899187658312886662e-01,1.678593464290001058e-01,-7.664232995979465557e-02,3.348902919854607196e-01,2.534101790655396980e-01,4.398115554341526789e-01,2.134925219128507023e-01,2.920477903478962411e-01,2.920013966083380708e-01,2.132784289300691805e-01,3.771981100725129155e-01,3.788763712247957272e-01,1.657236593562370075e-01,8.776235625521475181e-02,5.113706014338137429e-01,1.547336491557844800e-02,3.500120404383895711e-01,5.458484082956419625e-01,2.209613221342107969e-01,3.622051309206761882e-01,2.626982651091352983e-01,4.095935856293376753e-01,4.592100725428917563e-01,1.172636902415476468e-01,2.102962585567587916e-01,2.435467509031939981e-01,3.830363855529052008e-01,2.223272848085672548e-01,3.687473715524175466e-01,4.447735494312067828e-01,5.590932771364570675e-01,2.551413800123581432e-01,5.176811343466189985e-01,2.232210799546276159e-01,2.281508562062046219e-01,1.182638259605657410e-01,3.153152899168838452e-01,3.316158130151967698e-01,7.615941559557648510e-01,1.215898109299159979e-01,5.511209434656400702e-02,-3.347367619620623264e-02,5.705439804948876648e-02,3.444504117327462644e-01,2.766505514868775606e-01,3.286215619178029512e-01,2.355373299246558971e-01,1.613231432793466313e-01,7.164820803354114975e-01,7.370915995803442589e-02,-3.781439668069644378e-02,-4.352380470023394649e-03,3.846377390770897575e-01,2.836672073195877219e-01,3.372887427728648579e-01,2.417765705813744170e-01
2.234826539084369124e-01,3.703204765778578822e-01,5.857982825038599711e-02,5.295930555734371104e-02,-1.316034354459675038e-01,1.590081841975176935e-01,-1.051098838740608006e-02,4.062048000552972299e-02,-5.613107454495727677e-02,2.641898393855678373e-01,-9.069947462973168562e-03,2.606257324187161162e-01,2.701125494837083862e-01,4.225569291006595757e-02,6.902765068220945155e-02,1.922100170638195715e-01,2.552770650001587871e-01,1.651276999791442268e-01,1.532599156439685278e-02,-7.267596341625041922e-02,3.660731787954686900e-01,-9.523286647992842968e-02,1.851125151040902972e-01,4.135485844276837186e-01,1.487706259732502478e-01,2.377805239177576968e-01,-1.520889975668859861e-01,2.688234988039723827e-01,1.127624384764829429e-01,2.903541312557298415e-01,-4.733012858419983517e-03,3.412727992825020928e-01,2.527267142584402326e-01,1.426875004683217096e-01,2.890001034265758384e-01,1.022618699483071464e-01,1.784371478084601781e-01,-1.562423444521854055e-01,2.364511442631572757e-01,-1.186757077226461010e-01,1.076450947332541763e-01,-1.266890424417431160e-01,3.025928772697057401e-01,-1.340360081852420560e-01,3.813876580662070026e-01,1.248439590527151560e-01,-7.782306878562796418e-03,1.146008413935143133e-01,2.739939217237788438e-02,1.775207121797919008e-01,1.784539343234807229e-01,-2.655981310799155476e-02,-6.726437990984061865e-02,2.597981750715551152e-01,-3.485751073118836807e-02,1.495988430113347201e-01,4.175918812051147566e-01,7.837811818737032421e-02,1.107398456297690736e-01,-1.191516905570376150e-01,2.027616037207369548e-01,7.445679016159463537e-02,7.205293283648089159e-03,-1.652367797583573772e-01,2.352171582634926261e-01,2.563548249319025918e-01,1.215898109299158869e-01,7.615941559557648510e-01,2.798749742417675490e-01,1.187115755656786981e-01,1.901047798565324853e-01,2.518158355740465204e-01,-4.826003781006102389e-02,2.709752299438981105e-01,2.147720126005160102e-01,-1.734298962115073395e-01,6.409120023923370324e-02,5.749065795038135196e-01,1.439933293973094663e-01,-1.039207708312881451e-01,2.362944663372860965e-01,2.775396143527918413e-01,8.714562275463363927e-02,4.003897932691178885e-01
-3.563082282655891109e-01,-2.583049906342140250e-03,-5.249766193398502923e-01,-7.342522921341169961e-02,-5.355361750034424162e-01,-1.335983214650771078e-01,-3.213893886701947866e-01,-2.522377347616371335e-01,-3.822936539997814354e-01,6.161385348726323985e-03,-5.219655067499292533e-01,-4.125654944023041115e-02,-3.298901739271303812e-01,-1.936063857818981493e-01,-3.721341061464460837e-02,-4.361007841951473896e-03,-1.374028915147096908e-01,-2.231538382626204464e-01,-4.981379317634648252e-01,-3.045652612450233665e-01,5.715324861442529214e-02,-2.421207867238251987e-01,-1.820854134693150606e-01,9.445945366707719781e-02,1.984257058215543323e-01,1.044828948163114002e-01,-2.439798165618210779e-01,-3.682172355941452646e-01,6.743042601126422730e-02,6.728320027401608894e-02,7.428126157294062670e-02,-3.187570478601706725e-01,-9.087515838139403890e-02,-2.107730607721817750e-01,1.029248865707125815e-01,-4.711711793795503866e-01,-4.551136235627372545e-02,-4.164492833422543394e-01,-8.178893656391528211e-02,-3.479473054311040259e-01,-3.185363476126997218e-01,-4.254532342255964994e-01,1.298903102795444589e-02,-5.215831927805208990e-01,1.515010047367552071e-01,-3.276527888819495415e-01,-2.098405294039179803e-01,-1.405644196650624456e-01,4.624873668218366235e-02,-7.159160156196034408e-02,1.335988940389900952e-02,-4.926163349632425303e-01,-2.142740647996488612e-01,4.235382442452874374e-02,-8.629551460425256837e-02,-1.757916581641533471e-01,-7.730436959802112172e-03,2.478885815311668572e-01,2.396853135628937426e-01,-2.187431370767591310e-01,-3.301226545927265499e-01,5.357450472186103818e-02,-1.013538702293698968e-01,-1.239458226738636148e-01,-2.506543384032777211e-01,-1.355384741883225996e-01,5.511209434656397926e-02,2.798749742417676045e-01,7.615941559557648510e-01,5.709937545296291939e-01,3.034752473745466195e-01,4.214742568737227246e-02,-2.723563834868418798e-01,3.587009256213721242e-01,1.904082335611460286e-01,-4.864043516801520167e-02,7.121907963221237384e-03,1.052677730795810451e-01,7.651297669693981618e-01,4.366479954479812187e-01,2.115960523600674825e-01,6.352582187520915136e-02,-1.531816588014152658e-01,2.642563904744767989e-01
-7.277388598767864369e-03,-1.020258596117680494e-01,-3.052231867780249019e-01,-7.268558799163657436e-02,-2.332349345555023434e-01,4.917557306843848425e-02,-1.403536182062416204e-01,-2.090521374940504662e-01,-6.058294851773046025e-02,3.313647876432272016e-02,-3.056436358755768579e-01,6.428494565924672277e-02,1.457618833418616519e-02,2.829426822454089371e-02,-2.509242036959627789e-02,-1.128673279389196538e-01,-1.293773852486938478e-03,-1.340885372321798663e-01,-3.983784824095681909e-01,-1.633190094983809348e-01,-7.910997226176925967e-02,-1.150038470060771867e-01,-1.323917426117269813e-01,1.548586501140491734e-01,8.926835512029861197e-02,1.243179120655963088e-01,-2.501089740539285122e-01,-1.367264114130032349e-01,7.154504793448107636e-02,1.050009212892203253e-01,1.236573148180146048e-01,-1.979467032007299621e-01,-9.268607253261053336e-02,-7.925542639532583145e-02,-1.416767590532329035e-01,-2.957154431066293387e-01,1.618417918973290986e-02,-1.350687823800189313e-01,-1.487605732096930131e-02,-1.270526919736451876e-01,-3.333306826715353721e-01,-1.380744551045713642e-01,5.933242549023365342e-02,-3.387121906387770554e-01,2.160430289730596032e-01,-5.282238908178339687e-02,-4.365780512701860488e-02,-1.161851387096885652e-01,-2.357621902765947020e-01,1.016033078359592293e-02,-8.310325825405559530e-02,-4.202183849780113389e-01,-1.748711581408410320e-01,-4.997606253086675498e-02,-1.282507245672704910e-01,-8.450617010434324783e-02,1.079340936950940952e-02,6.702381262063246414e-02,3.040769246442754509e-02,-3.415571729615231589e-01,-8.227473605051499606e-02,-1.617481472365137340e-01,-2.071456923979906328e-01,-2.226818069164767933e-01,-1.678630753854405411e-01,-2.220580567340552924e-01,-3.347367619620626039e-02,1.187115755656787536e-01,5.709937545296291939e-01,7.615941559557648510e-01,3.110483709347197645e-01,3.267584748108276482e-01,3.638655871560082973e-03,1.557822807807310028e-01,3.544872734088712063e-01,-2.684016996155907334e-03,1.044050868419662270e-01,-1.089801296782837575e-01,5.157789047754696155e-01,7.346765736473626074e-01,3.346802200191923982e-01,2.263765859149574067e-01,3.526498661117161322e-03,7.200114595470971657e-02
-8.814651009762490552e-02,2.103979846371312745e-01,-2.139421101053286534e-01,3.121024625122850726e-01,-3.236224560243494697e-02,-1.538783809017487680e-01,2.652053668453209778e-01,-3.598269035535246463e-01,-1.649010002262655539e-01,7.899487974232871634e-02,-2.644181770506933704e-01,-1.130972844812751493e-03,5.753918077369891276e-02,8.112371236571348787e-02,-1.621040220681237987e-01,-1.258961976909764580e-01,6.180755107968689127e-02,8.122615795202346375e-03,-2.301420084256248777e-01,-3.191605920818894049e-01,-1.123195066060987540e-01,-2.712266159968980683e-01,-3.180485757151805815e-01,-8.536409278122145117e-02,-7.117763472697473393e-02,-8.805031847845647131e-02,-2.483225760225113710e-01,-2.436327291699656727e-02,-3.279646949180802656e-02,2.731987276569868353e-02,-4.389590214127843393e-02,1.228619182446022418e-01,2.625951043240649929e-02,-5.075565984748264120e-02,1.818867844566741387e-01,-2.668903514862311366e-01,3.518091120980646469e-01,3.853596997697982668e-02,-1.057450674000137009e-01,3.462172726315079219e-01,-3.520952889819355947e-01,-1.972945971171085056e-01,1.674421223288644345e-01,-2.513701756609902915e-01,4.840195311298594455e-02,1.774962803772057729e-01,1.888903530828957567e-01,-1.615909331093227097e-01,-2.407093891169714284e-01,2.126552361396775725e-01,-1.162281175096157165e-01,-2.312766934826608334e-01,-3.124103784940533424e-01,-3.553415615639977931e-02,-2.820438560614103585e-01,-2.239302000479030108e-01,5.119489245522423210e-02,-1.259930517579507525e-01,3.942854194798577766e-02,-3.346382131778565250e-01,5.455303587564110795e-02,-1.679983390314185032e-01,5.299859894085020423e-02,1.051672127493573665e-03,7.673122118189402985e-02,1.321907683286151040e-02,5.705439804948873178e-02,1.901047798565324853e-01,3.034752473745466195e-01,3.110483709347198755e-01,7.615941559557648510e-01,1.858779068865000494e-01,3.740303520465776410e-01,2.450873154079765970e-01,2.395776309700202722e-01,1.652240977034674096e-01,-1.958901166441738909e-02,1.334084185259050981e-01,3.369392422594393310e-01,1.756218108965229840e-01,2.575379909895483266e-01,1.358889871171542196e-01,2.797361239970765356e-01,2.943114295511502498e-01
1.229874540117326942e-01,3.738263909392261497e-01,1.680803490102473485e-01,3.629651629574627281e-01,1.936975505774695960e-01,4.091995322587704820e-01,4.431721232574211689e-01,3.575987854634299357e-01,9.398743765897046853e-02,5.133311608771911061e-01,2.180908366030083756e-01,6.194529903879830712e-01,2.803264003287302408e-01,6.106359221094037615e-01,1.723183448282722130e-01,3.248201507730683613e-01,5.740310211945520713e-01,4.132757042549263793e-01,2.345925199136205397e-01,1.305151796306095180e-01,2.343908778347812694e-01,1.739263684538165655e-01,1.366225731525181619e-01,2.598278177480687345e-01,3.697883652962271062e-01,3.464226095115857662e-01,2.483407387227025975e-01,3.815249183723489201e-01,3.686780907987096123e-01,-2.720015960104688046e-02,6.428028360338128300e-02,3.661118140702246948e-01,4.346260427322440334e-01,3.529667996388082818e-01,2.915692947919464317e-01,1.092203101702907825e-01,4.894816514894561599e-01,1.446481366660938572e-01,4.740361767214320565e-01,4.051682116515829546e-01,3.661218517921425164e-01,3.740386793392465326e-02,5.749651821643559924e-01,1.405753926784842900e-01,5.839573228216128342e-01,5.225781111905498655e-01,6.420502524370029773e-01,8.266624113995096890e-02,3.098252031660946870e-01,4.554115015632694830e-01,4.206866057517795743e-01,2.207607572098076731e-01,3.939693210320841660e-02,2.829460779400924109e-01,1.175936378097318519e-01,2.645514869734954533e-01,1.790087655155247204e-01,3.170995259747597106e-01,3.060547876067533646e-01,1.517397716380095574e-01,4.052796295480717848e-01,2.246642576619439502e-01,1.174704216545331831e-01,-1.401153018884367107e-01,2.726514285619080491e-01,2.739150373908398328e-01,3.444504117327462644e-01,2.518158355740465204e-01,4.214742568737232797e-02,3.267584748108276482e-01,1.858779068864999384e-01,7.615941559557648510e-01,4.926249770111534310e-01,2.230424299132318378e-01,4.548963121643964103e-01,7.273264636012855000e-02,1.680281907264338515e-01,7.808818797941979861e-02,2.490795486099198486e-01,1.790207399995456250e-01,1.258409976074025272e-01,8.557912124876784210e-01,5.261777476093191241e-01,2.972362123438124226e-01
1.530274642524544204e-01,2.590588377776778528e-01,2.582559796413120834e-01,1.477675077066882559e-01,3.804863398669156571e-01,2.503575810277978292e-02,4.831470435311964184e-01,1.944669677871100483e-02,3.073732471438108682e-01,6.790676728113939631e-02,2.839581802565430690e-01,2.563991052276251015e-01,1.788274577368435259e-01,2.686751815743353422e-01,-6.876420930466888015e-02,5.948599138611744552e-02,3.833783080384235986e-01,2.154487002839050314e-01,2.360052847736352211e-01,2.256414554605915002e-01,-1.131146807446163638e-01,1.317109232686652920e-01,-6.737991737428730699e-02,-4.044354657239651596e-02,-5.703927166903696028e-02,-9.582227656293922091e-02,1.901201883367985013e-01,3.494274614411942981e-01,2.324710422782745867e-01,-1.745518657250557937e-01,-1.120392753038187139e-01,3.391430380776361275e-01,3.172422174377217963e-01,3.714736102034646992e-01,2.463484485697820248e-01,1.343971584475549819e-01,3.506569929286030285e-01,3.971240692591442301e-01,2.684904892005954835e-01,4.475217269277602106e-01,1.332053937477986616e-01,2.928648051842272504e-01,3.397399227807239019e-01,2.173281695694506688e-01,2.695966221278903174e-01,4.499037097023037557e-01,4.402585360867963260e-01,-2.513550718147944396e-02,1.880933762442939250e-01,3.418103999972008644e-01,3.780301480730597352e-01,2.830159308418260800e-01,6.051004686387043141e-02,4.856877846956598327e-02,8.044410524884250402e-02,1.025366530719145075e-01,4.893787821133752103e-02,1.642568464083919155e-01,4.586620764532017142e-02,1.562375443479659676e-01,4.110659863313039231e-01,1.851661076564495023e-01,2.260479805367487383e-01,-5.321333793745116475e-02,1.804787778209469284e-01,1.886815464946998977e-01,2.766505514868775606e-01,-4.826003781006102389e-02,-2.723563834868418798e-01,3.638655871560110729e-03,3.740303520465776965e-01,4.926249770111535420e-01,7.615941559557648510e-01,1.491542448418638200e-01,4.797873274278158795e-01,3.088137243259524434e-01,1.209005744799474674e-01,-9.375560860304002486e-02,-9.348347651768924849e-02,-9.841601382726192226e-02,2.325155435930536252e-01,3.513368926818669080e-01,6.493890769138969121e-01,9.960880134631822092e-02
3.654898573870250522e-01,3.410506495202703103e-01,-3.688449839769746691e-02,1.862722307461257831e-01,1.074856308353962231e-01,7.261896376985829682e-02,4.652421426715915298e-01,9.060164100146579635e-02,4.483200241551626997e-02,2.098726531542792761e-01,-3.447992942921043052e-02,3.203194978810022242e-01,4.458696059375567011e-01,3.873637949090623367e-02,7.381071124289276253e-02,1.912064050946551685e-01,2.658055361360535662e-01,3.172254131617938122e-01,-2.629096916603429913e-03,2.026846550566401561e-01,1.994832743169763084e-02,9.892141110251201352e-02,-3.067443472686626552e-02,5.265254844957046876e-01,1.124049642187780751e-01,1.396318555953902918e-01,-4.927127631697357513e-02,4.358560733604219251e-01,1.479690964332013581e-01,5.413059013536865999e-02,1.377217947197434122e-01,3.898128502883957403e-01,3.063348499142777293e-01,3.749215521909992077e-01,5.494673608718553259e-01,-7.068167277689383840e-03,3.538446462282937022e-01,1.280142267464743910e-01,4.271434449591757776e-01,2.703183780723387719e-01,2.427022700088926621e-01,3.360354551926142408e-02,3.210660950550526804e-01,5.774175016444616382e-04,5.667313718293398583e-01,4.825720660980826748e-01,1.431220588591057830e-01,1.594645649864977199e-01,1.939494880130002430e-01,3.763151379594477097e-01,4.184085889917006917e-01,3.140945139840341932e-02,1.772604831768270495e-01,1.096911028548883393e-01,1.933791812023570034e-01,1.372858508076171546e-01,5.345545528053887718e-01,3.000291649728806798e-01,2.347032749743616642e-01,8.906863556698509099e-02,4.526767152076063838e-01,1.695340823852473366e-01,1.898534440839519943e-01,1.273430210214776710e-02,3.593671815061669217e-01,2.315841939534888372e-01,3.286215619178029512e-01,2.709752299438981105e-01,3.587009256213720687e-01,1.557822807807310306e-01,2.450873154079765970e-01,2.230424299132317267e-01,1.491542448418639033e-01,7.615941559557648510e-01,5.708630505756070450e-01,4.821987463277792318e-02,1.687530941226774439e-01,3.615062047119523836e-01,3.185799802019611549e-01,1.366421969238110767e-01,7.917782734680015033e-02,2.228544775772524911e-01,2.868711536689402264e-01,7.860355929791561502e-01
1.818491711306811642e-01,5.266297145511525946e-01,3.623898740533758323e-02,5.619862459935840437e-01,3.542685110222617006e-01,4.336597880336673372e-02,6.132935446636456067e-01,2.080902068332275145e-01,9.210843126227263866e-02,3.885967806178823314e-01,1.070219232113447938e-01,5.481755364829423716e-01,3.424330704939804737e-01,2.731096031611885411e-01,-8.268470969901160761e-02,2.945134626746654383e-01,5.073870739490445869e-01,3.543432048669952206e-01,5.640916294015776294e-02,1.020163696625316363e-01,9.436339451433729819e-02,1.426828597441709146e-01,9.965140995253675416e-02,5.663906925516466462e-01,1.606762164515895541e-01,2.167832863533012411e-01,-8.294872157082626429e-02,3.646360805471061117e-01,1.766363699990619873e-01,3.779632589637076101e-02,3.956269091438549546e-01,4.763774680001089945e-01,5.635885413413984635e-01,2.243085644511746690e-01,6.890532999795010438e-01,6.537022676862547232e-02,3.630187080928817256e-01,2.480891765309561070e-01,3.716274427584984608e-01,4.278169421465694566e-01,3.312266071776075460e-01,8.338113092145772731e-02,5.761458102810246285e-01,1.474195880897559152e-01,6.584217636876065205e-01,5.254595517908574598e-01,4.396733524620920486e-01,-5.144733896082735042e-02,2.417368029696664866e-01,6.042048245669345841e-01,4.219740266237078652e-01,9.814299709448721931e-02,-1.203720418811923959e-01,1.015246741355400328e-01,-5.838891975914207652e-03,9.844895992775379301e-02,5.913695903941260656e-01,2.820774576842536852e-01,2.731471201204259125e-01,-1.258749788651750134e-01,4.446921889363463776e-01,7.879604611336171738e-02,2.181732262308728743e-01,-1.172890524910258879e-02,5.397501198627603358e-01,4.306716269468935376e-01,2.355373299246558694e-01,2.147720126005159269e-01,1.904082335611460286e-01,3.544872734088712063e-01,2.395776309700202999e-01,4.548963121643962992e-01,4.797873274278158795e-01,5.708630505756070450e-01,7.615941559557648510e-01,1.133860792426476388e-01,1.832390426778508496e-01,1.323016629267724786e-01,2.832830531190204115e-01,2.544881123274940204e-01,2.394215679612443082e-01,3.515744411598757946e-01,5.285907137745708972e-01,5.193557206241634638e-01
-4.745839678065654800e-03,1.138334661441678386e-01,1.670068805663427747e-01,1.624718760497086134e-01,1.787648202003896403e-01,-1.891131113375666556e-02,1.877179485084035371e-01,-1.502401898272496573e-02,6.439701440731099291e-02,-4.677010630009831305e-02,8.786265388982653080e-02,6.331118220894758897e-02,3.953968147921514686e-02,2.147461027078873819e-01,-1.028008477949101003e-02,6.242697244229584302e-02,-1.910187511848577754e-02,7.150382005040871458e-02,2.917232647307111196e-02,7.057651117315785760e-02,-2.594311552218453443e-01,1.240487895743677543e-01,-1.009234736609845341e-02,-2.051335618557259544e-01,-2.489811453728724491e-02,2.901267690370710160e-03,1.853399559623667980e-01,-1.166730792209435923e-02,-1.037055126583670273e-01,-9.702931540586569314e-02,-7.163350712285945776e-02,-6.348967989819277735e-02,-8.572082717644220751e-02,-4.399802854838388150e-02,6.441667773312489964e-02,4.764097857329859659e-02,8.874159721849600446e-03,2.212734251153101739e-01,-4.277105087634400227e-02,1.183583919653035527e-01,-9.494681052618879347e-02,5.844286098231050303e-02,-3.243136558686848109e-02,-2.531915002046761232e-02,-7.201956014496571634e-02,-1.263904114194025312e-02,3.196032110661572445e-01,-1.123911533331517221e-01,-1.647569153559691746e-01,-7.391206244969035499e-02,-4.436125398597134256e-02,3.237092671153372209e-02,5.705725693229951601e-02,-2.842494318993509794e-01,9.550582941545794624e-02,-2.614723235668301934e-02,-1.085871098938913926e-01,-9.797866583110517724e-02,-5.205820011597993985e-02,3.461686089879676548e-02,5.465297098938338288e-02,-2.033898562978977975e-01,2.019782198098892811e-01,5.938519015748321139e-02,9.371384065243106021e-02,-4.101997283886836543e-02,1.613231432793466313e-01,-1.734298962115074227e-01,-4.864043516801509759e-02,-2.684016996155893457e-03,1.652240977034673541e-01,7.273264636012853612e-02,3.088137243259524989e-01,4.821987463277795094e-02,1.133860792426475833e-01,7.615941559557648510e-01,2.592224485494602493e-01,-2.763096897983720601e-01,7.995499653806693863e-02,9.958618679365172088e-02,1.497527874592115005e-01,-1.228226596208871653e-02,1.862670911882174651e-01,7.919486934875349937e-02
3.565367131103297504e-01,1.588999604412345279e-01,1.409372729098016253e-01,1.165602273186279875e-01,3.953113030046696320e-03,2.514809712981928569e-01,3.199272529444903701e-01,4.237028762692022360e-02,5.619882082046713523e-02,3.454723059079216063e-01,-3.977341820972921799e-02,2.408427092801761482e-01,4.726706206747266492e-01,-8.115099079737679577e-02,3.111059646032127146e-01,3.653852623456429471e-01,3.642622485062989024e-01,3.170362723879641131e-01,-4.939151115855335700e-02,2.797883148788155028e-01,2.530160608780260278e-01,3.685140622275339672e-01,8.817586552508667463e-02,1.990138362522654858e-01,4.028408271537969321e-01,4.596918897015740413e-01,4.219347463566825995e-01,3.146171412989724470e-01,3.477326414771413354e-01,2.750622987803962305e-01,-1.476215848469958174e-02,1.467727966581782173e-01,2.106943074772746061e-01,1.355492238337356603e-01,1.335142065684937762e-01,9.672430490630748445e-02,-3.135339002065620252e-03,9.543165085252669488e-02,7.697462048719114214e-02,2.545668528969557420e-01,-1.088535524413001554e-01,4.970736026374325545e-02,1.843307514881678821e-01,-1.699567662839056026e-01,2.042596085944729245e-01,3.390387514091779964e-01,-4.478106761817881448e-02,2.983669500387625684e-01,1.088865637694247657e-01,1.856171319892022664e-01,2.746247188039817599e-01,-7.724988901086000427e-03,1.934633546787219993e-01,9.989253033169299967e-02,3.145827426500099611e-01,7.600608617878204520e-02,1.510178657508559064e-01,1.765036965011150538e-01,2.946625863013794255e-01,1.843330102135153359e-01,3.861575844957548798e-01,1.120540994117877748e-01,1.575811182961253665e-01,-9.220658375852693045e-02,1.622393009865769897e-01,2.304879317691053697e-01,7.164820803354116086e-01,6.409120023923381426e-02,7.121907963221195750e-03,1.044050868419662409e-01,-1.958901166441741684e-02,1.680281907264338515e-01,1.209005744799475229e-01,1.687530941226774439e-01,1.832390426778507664e-01,2.592224485494601383e-01,7.615941559557648510e-01,-1.500476417820633124e-01,-6.775840390268729474e-02,7.342029872271335633e-02,3.272087185239149765e-01,2.378903077899774052e-02,1.992518602639224701e-01,1.289944191374015336e-01
8.594868756109903807e-02,1.270490792740804065e-01,-8.653262813104391216e-03,8.196613087834118960e-02,-7.487712909450870702e-02,-3.059589349906085068e-02,-7.680923078055805486e-02,-1.356520737975222268e-01,6.290230677494586253e-02,4.657121892696523824e-02,-8.909696308105861939e-02,-4.774811532368389289e-03,1.397258577905476085e-01,-1.014802834229089068e-01,2.135967692248551264e-01,-6.912666213571505569e-02,-1.625520150607408232e-02,-2.246292122659358792e-02,-1.443827980481291184e-01,7.633786252645882731e-02,9.954351866434386908e-02,-6.435939341862927099e-02,-5.854462826535344888e-03,3.422075430292903508e-01,-1.414960503044934703e-01,-3.250717415687491563e-02,-9.821604267978355229e-02,2.538926878722863045e-01,1.469895744776288961e-02,9.056826768558355611e-02,-8.130187757827605013e-03,4.357380381228774802e-01,1.892387427864374860e-01,2.297484637851010536e-01,1.836682166871773103e-01,8.566927237499308290e-02,2.348241132434177869e-01,-2.362869849733333083e-02,3.570640891639756953e-01,-5.249110639388702287e-02,9.411863077497249763e-02,-5.248249708012758113e-02,2.864116630406269293e-01,-1.196207713846098447e-01,4.032298304403054146e-01,2.087259555267465261e-01,2.567690944864978869e-02,2.413718390103690159e-01,6.065819238420874782e-02,2.087744903000610941e-01,9.982731667892702498e-02,-9.830375000849615741e-02,2.594944798428454671e-02,1.549217391824513623e-01,3.589072139411061263e-02,2.431020597040378928e-01,4.331994235597962373e-01,1.173625077638583286e-01,1.448071262290869243e-01,3.146831818387837293e-02,2.434085391344921467e-01,1.598404086042566619e-01,1.630171688896498439e-01,1.143497166364779438e-01,3.724195993309566965e-01,2.831244472829351211e-01,7.370915995803448140e-02,5.749065795038137416e-01,1.052677730795810174e-01,-1.089801296782838130e-01,1.334084185259050426e-01,7.808818797941968759e-02,-9.375560860304008037e-02,3.615062047119523836e-01,1.323016629267725341e-01,-2.763096897983720046e-01,-1.500476417820633401e-01,7.615941559557648510e-01,5.674599557267330811e-04,-1.581102039317678343e-01,1.795156984023746072e-01,1.400066430900569758e-01,1.030856631319491956e-01,3.531518733480218941e-01
-3.106312307092299330e-01,-2.501826606437557252e-03,-5.238667356686447230e-01,-2.301106956235025522e-02,-5.468477663035524738e-01,-2.410994680698414373e-03,-2.555741766761484568e-01,-2.077883913291069529e-01,-4.608023330633421732e-01,6.349968196254271446e-02,-5.661121106760396149e-01,8.635273362345956272e-02,-2.203685626211125959e-01,-1.665109426462807463e-01,-1.451797597444276222e-01,1.992931126548769249e-02,-4.882509653040033315e-02,-1.446182199207336205e-01,-4.734027493262826791e-01,-3.434615120716054681e-01,-1.628982655992800010e-02,-3.407230067612611046e-01,-1.362117926166405424e-01,1.251044737620234937e-01,1.290013194051990719e-01,9.460607550717275993e-02,-2.660201358153452822e-01,-3.722328665254525104e-01,-3.100503203042081352e-02,6.002507846357964250e-02,2.420426818203881905e-02,-3.256384654133413492e-01,-1.164213476365863198e-01,-1.995726574314604929e-01,-1.766943151288679140e-02,-4.943384904652745049e-01,4.533287358437807640e-02,-4.505968163640550750e-01,7.837948876347347951e-03,-3.608829844546949106e-01,-2.469860266462306497e-01,-4.605199862800234412e-01,1.000161272534962759e-01,-5.765887522023067646e-01,2.229262702500055815e-01,-2.917830165521590469e-01,-1.880491942576129061e-01,-2.550838970562406827e-01,5.134228148177472084e-02,-4.492414815920257876e-02,5.346531095635373432e-02,-4.462919232186715601e-01,-3.057014194505329185e-01,4.755650044844490255e-03,-2.412270191669723673e-01,-1.591088499164187708e-01,8.598826883558849388e-02,1.655349869760062154e-01,2.282137554076553720e-01,-3.157002340195167456e-01,-3.265220970292940783e-01,-5.575580597488147272e-02,9.398937947032616827e-03,-5.467466776042127774e-02,-2.415822159458620166e-01,-1.813944156437660160e-01,-3.781439668069644378e-02,1.439933293973094108e-01,7.651297669693981618e-01,5.157789047754696155e-01,3.369392422594394421e-01,2.490795486099197376e-01,-9.348347651768927624e-02,3.185799802019611549e-01,2.832830531190204115e-01,7.995499653806698026e-02,-6.775840390268736413e-02,5.674599557267608367e-04,7.615941559557648510e-01,4.811709078990293320e-01,3.538854558556484009e-01,1.574293503876800226e-01,9.152005771127334766e-02,4.089751568163864093e-01
-2.099336081028983503e-01,-1.790738876911594224e-01,-3.735035367370125869e-01,-6.645164881454036776e-02,-2.759028807949094886e-01,-6.238943780859924210e-02,-2.442768626832835799e-01,-2.134001665969565698e-01,-1.025579113343420418e-01,-1.685131168010280400e-01,-3.685269066988134945e-01,-5.240802802696378770e-02,-6.089746475622800914e-02,3.248586999020370431e-02,-8.917362553496775701e-02,-2.398845542053767710e-01,-2.427399341192519044e-01,-3.516386021591663691e-01,-5.326968261745613775e-01,-2.711373395453265944e-01,-1.847228795904288512e-01,-2.033575321540036229e-01,-1.346513816036635502e-01,1.677168833598635389e-01,1.405439205798054980e-02,-1.658324180440054257e-03,-3.391837398025412398e-01,-2.352102854234994489e-01,-1.463237307006984844e-01,3.542176732379220816e-02,1.889703258700004274e-01,-2.567422826116255163e-01,-2.033794477597501982e-01,-1.373496935170481770e-01,-1.205146575742148535e-01,-3.441408429889091791e-01,-2.957698804529079739e-02,-1.571773931996402196e-01,-3.062307252420259918e-02,-1.192905556280881435e-01,-3.252570860339162317e-01,-1.691341309790807546e-01,-1.101992149459440351e-01,-3.645034202087509834e-01,1.281207304312222128e-01,-6.336631448012322587e-02,-1.295294171923029869e-01,-1.332194271983412059e-01,-1.697400346605216215e-01,-6.542372851127981059e-02,-1.578143113612284487e-01,-5.324720051891003170e-01,-2.044279133180678110e-01,-1.369697188108722208e-01,-6.769725808984611293e-02,-1.061129508252226239e-01,-2.093406169585834350e-02,1.351172556059739294e-01,1.791127253215077375e-01,-3.486720585092991653e-01,-2.128125814531641458e-01,-1.807467851229329348e-01,-2.477152586787063071e-01,-1.906838018727761985e-01,-1.106832021524963988e-01,-2.903136995497823669e-01,-4.352380470023366026e-03,-1.039207708312881728e-01,4.366479954479811632e-01,7.346765736473627184e-01,1.756218108965230673e-01,1.790207399995456250e-01,-9.841601382726186675e-02,1.366421969238110212e-01,2.544881123274940204e-01,9.958618679365170701e-02,7.342029872271330082e-02,-1.581102039317678343e-01,4.811709078990293320e-01,7.615941559557648510e-01,3.329357624351143574e-01,8.938737960284241779e-02,4.675362882702934625e-02,1.176272367279043718e-02
1.149015697110058881e-01,2.481513011712655481e-01,-7.407995208207215909e-02,2.587920966062629002e-01,1.760373981512835043e-02,6.654733791503833484e-02,1.625816247865885800e-01,-7.210789230869336930e-02,-6.093267123176351191e-02,3.356357445244673721e-01,-4.492596339739625411e-02,2.613122695830388809e-01,2.456408858443792920e-01,7.790290109620393033e-02,-6.451818606815151735e-02,1.023926255775372135e-01,9.363571873450858563e-02,7.072471366796283243e-02,-2.259456920966762261e-01,-2.215978997406134188e-01,3.019510194045950738e-02,-2.128108877647575947e-01,1.542965795686633383e-02,4.082817115678923914e-01,7.349224866447751081e-02,1.056482768553528295e-01,-1.565151040719471309e-01,1.072215982392649425e-01,1.134248519330716305e-02,1.513688207723580814e-01,1.235425420312165207e-01,5.953853083807064683e-02,1.854759991791789520e-01,1.587077243998964438e-01,1.087712104492441073e-01,-1.564244270640653342e-02,2.460820437132691108e-01,3.199993347361528018e-02,9.909711231273342358e-02,2.088607307179989048e-01,-1.390637841774818584e-01,-8.899653687936004420e-02,2.663792599974099673e-01,-7.170749844756232547e-03,3.299865855070645004e-01,2.733142595689151966e-01,7.040767658881023905e-02,-7.380136064179336486e-02,1.369144929626484736e-02,1.662960991836378022e-01,1.153733679724143757e-01,-1.624675394430036557e-01,-3.017091599471526386e-01,3.259036441661969374e-02,-1.830669920834518127e-01,2.733897814482900979e-02,2.158833816584936893e-01,1.195525104834514463e-01,2.735022051814675059e-01,-2.847143438555804762e-01,1.937427076992491448e-01,-1.333026306397125105e-01,1.995046340619817671e-01,4.567034738887503637e-02,2.457875075155684097e-01,8.317880648333199345e-02,3.846377390770897575e-01,2.362944663372860687e-01,2.115960523600674825e-01,3.346802200191923427e-01,2.575379909895483821e-01,1.258409976074025827e-01,2.325155435930535697e-01,7.917782734680017809e-02,2.394215679612443359e-01,1.497527874592115282e-01,3.272087185239149765e-01,1.795156984023746072e-01,3.538854558556484009e-01,3.329357624351144129e-01,7.615941559557648510e-01,7.891118766598098633e-02,1.698822066884049797e-01,1.053059507102811071e-01
2.193126940851422013e-01,2.972946218693532927e-01,1.277322860055802312e-01,2.826957506914794527e-01,2.553550188510473207e-03,3.248314536810979480e-01,2.722762074802365095e-01,4.039648099489828170e-01,-2.021760257799170776e-02,4.542560236555681086e-01,9.727984923659838135e-02,6.518162165594895141e-01,2.460547415339626454e-01,4.408237061354771114e-01,2.900151287465200234e-01,2.860825550754461100e-01,3.933491648972123333e-01,3.745572123103854678e-01,2.027203316145329837e-01,1.621167630052628428e-01,3.751755415823561646e-01,1.809963876864209009e-01,1.929327804578763461e-01,2.650164973470751639e-01,2.402255155874781500e-01,3.687189186416868214e-01,1.403330560445759378e-01,4.258025944540437258e-01,2.944073032005246615e-01,1.893915368842822022e-01,-4.473070746302942879e-02,4.486808059454749364e-01,4.671549171195291117e-01,4.898701264133410449e-01,1.188414452882347871e-01,3.952546517608918064e-02,4.683307682948728012e-01,-8.817695264116817352e-03,5.099966129037996065e-01,1.912916525040559701e-01,5.008694455356343944e-01,-1.056197403713809713e-01,5.819789438166369511e-01,-2.545162017321591155e-02,6.076946359818230503e-01,3.836389665958801487e-01,4.867264173973133157e-01,2.141808814602871036e-01,3.143664763459405043e-01,2.924059956329415622e-01,5.001040375857106479e-01,1.330882076799398406e-01,1.715467716952985555e-01,5.216461188615901801e-01,2.094914642001988181e-01,3.584334701441040938e-01,1.221264543266081387e-01,3.511172058775893778e-01,4.172831600861451884e-01,1.544484917040736260e-01,4.211982392296460542e-01,3.483111639689948635e-01,2.178682786224376555e-01,1.313672344436220829e-01,3.015247069852722284e-01,3.886432323262292710e-01,2.836672073195878330e-01,2.775396143527918413e-01,6.352582187520912360e-02,2.263765859149574067e-01,1.358889871171541919e-01,8.557912124876785320e-01,3.513368926818669635e-01,2.228544775772524911e-01,3.515744411598757946e-01,-1.228226596208870959e-02,2.378903077899774052e-02,1.400066430900570869e-01,1.574293503876800782e-01,8.938737960284241779e-02,7.891118766598098633e-02,7.615941559557648510e-01,4.457063852640917867e-01,3.127769523019854891e-01
2.979371893082275249e-02,-3.181315771901025574e-02,-5.127742023240910302e-03,1.555321470070858414e-01,1.556298424779969936e-01,5.767432004764646430e-02,2.999676966588613047e-01,2.654490892253313569e-02,9.464462788856677078e-02,-3.230304190949686433e-02,-9.189029337229251415e-02,1.948807597321316754e-01,1.443304529936234593e-01,2.159724229518100724e-01,2.466340504006538925e-01,2.385753272202810211e-03,6.238225020406169830e-02,1.106113812908972038e-01,-1.155532695153458494e-01,1.578419015671067849e-01,-2.088185133792202774e-01,8.799282528233171030e-02,-7.542794111026482340e-02,7.303967158550282723e-02,-1.508388884086077075e-01,-1.127511266962522435e-01,1.416287289497822621e-01,1.920572857246671539e-01,-3.773651720829582050e-03,5.055084051326984296e-02,1.170938380089826814e-01,2.973974536322616102e-01,-4.419127195260075941e-02,1.800296616384593762e-01,7.232814001100816570e-02,-5.806838725029584564e-02,3.398204806548522638e-01,2.190889136155559358e-01,3.160930833000908380e-01,4.462703544434177827e-01,1.294152198166462209e-01,5.043218366794201268e-02,2.518448898994100627e-01,-1.227317950144993092e-01,3.717944340922231805e-01,4.603716930994511403e-01,4.143696413359382880e-01,1.456720862111589021e-01,3.462224691175400798e-02,3.212765626047603962e-01,1.565064037529075303e-01,-5.252110567357038545e-02,1.176363545086246132e-01,-1.094007834621270742e-01,9.949647000815226017e-02,1.471392822157290003e-01,1.433525742307787121e-01,5.479279871964160692e-02,9.618009165689478390e-02,1.158003416300471405e-01,2.515154470528814801e-01,-9.325675983757501092e-03,1.754280877556651796e-01,7.194807485553042503e-02,9.596807768426422747e-02,-4.466082133794577191e-02,3.372887427728649135e-01,8.714562275463369478e-02,-1.531816588014153213e-01,3.526498661117161322e-03,2.797361239970764801e-01,5.261777476093191241e-01,6.493890769138969121e-01,2.868711536689401709e-01,5.285907137745708972e-01,1.862670911882175484e-01,1.992518602639226089e-01,1.030856631319491956e-01,9.152005771127334766e-02,4.675362882702935319e-02,1.698822066884050352e-01,4.457063852640917312e-01,7.615941559557648510e-01,2.565690942041897182e-01
2.084579188863772414e-01,5.085660993143130693e-01,-1.868292445703761268e-02,2.797437112967596784e-01,4.449494175231762799e-02,-2.984426046467433466e-02,2.588893277851168628e-01,-2.540509062111092134e-02,-1.820831361630236012e-02,1.173944707744735555e-01,-1.302250910620168234e-01,3.169407658965747165e-01,1.186484098879415222e-01,1.049434556094282905e-01,-1.497835866613475737e-02,1.380999600566323315e-01,5.543162763681250965e-02,1.267868490795617531e-01,-1.348360468349706076e-01,5.233393218498688659e-02,9.849917028650799489e-02,-7.674596517450776867e-02,-5.771805703867526061e-02,4.141851776699727039e-01,-6.736692051360940181e-02,1.543948873428359625e-01,-1.522992437633752527e-01,2.617432691497167396e-01,7.035039064400352114e-03,3.279788083782299996e-02,-5.390845811990488401e-02,3.571444570554705433e-01,3.381474140942907769e-01,2.135656946877202977e-01,5.858992840726061635e-01,-8.968582100410577018e-02,2.343787187211737177e-01,1.438518198915181845e-01,2.129282373028868192e-01,1.915196087594004393e-01,1.451858185729735795e-01,3.999422098747450888e-02,3.875157066576443432e-01,-8.185063457945368492e-02,4.339429484973326701e-01,2.823530145769451716e-01,1.807338917843447079e-01,1.114841438184518835e-01,1.611429710778665980e-01,1.147340918559445339e-01,3.104527342439868387e-01,-7.415475666375523356e-02,-2.455543468722632544e-02,1.692172815283213838e-01,-4.021544854263271393e-03,3.362236450559683530e-03,5.807461419326400698e-01,1.376256225464239091e-01,2.060014285384076660e-01,-9.880366064765123968e-02,3.037319067612833656e-01,1.327770750526315047e-01,2.651082785211998361e-01,4.317731872237307728e-02,3.338547766274237993e-01,2.602028152781791226e-01,2.417765705813744448e-01,4.003897932691177775e-01,2.642563904744768544e-01,7.200114595470968881e-02,2.943114295511502498e-01,2.972362123438123116e-01,9.960880134631822092e-02,7.860355929791561502e-01,5.193557206241634638e-01,7.919486934875358264e-02,1.289944191374014781e-01,3.531518733480220607e-01,4.089751568163864648e-01,1.176272367279048575e-02,1.053059507102811349e-01,3.127769523019855447e-01,2.565690942041897737e-01,7.615941559557648510e-01
