7.615941559557648510e-01,-2.133819573245532564e-01,2.309566965880648359e-01,-2.109121035597908145e-01,1.018958602076242281e-01,4.317207534542707448e-01,1.417450273653150239e-01,1.398913288402320598e-01,2.146530831509731174e-01,-4.623961594456379304e-02,6.242519246041595277e-02,-6.718559337377193186e-02,5.729474945435629740e-01,-3.865929456371171302e-02,2.359208752168092671e-01,4.993065055459575685e-01,1.138832491645838385e-01,3.565184830136062244e-01,-1.105455363569623206e-01,1.965914041121111511e-01,-2.343704521866317170e-01,2.077486196650909500e-01,-9.108140873849630836e-02,-2.472649880571261005e-01,-1.971186294605377365e-02,2.408232328723478866e-01,1.842666533166719411e-01,5.045555283163624116e-01,2.288531303739058387e-01,1.007841330032708399e-01,1.488236411961659234e-01,2.104255873959464673e-01,-2.279868578454113254e-02,1.518880294326407920e-01,-1.034914661896454008e-01,1.156566992888608258e-01,-4.982425272974961433e-02,8.556543158405233163e-02,-1.997017578720457487e-01,3.471298416913623508e-02,-2.778262024489603146e-02,2.337846225441836956e-01,-1.394729998911309332e-01,1.439990336502047774e-01,-2.207329781943942471e-01,3.353701163492721626e-01,8.261700214402795117e-02,2.969660010979566223e-01,1.030839820255076561e-01,-1.061485800803626811e-01,-1.221899911303370029e-01,-5.899959959408297011e-02,2.747591528680746742e-01,-2.109636162639081103e-01,1.233120388976490373e-01,-1.836380364486118466e-01,-1.422940212995561504e-01,-1.068362240405343888e-01,-2.823834694226517311e-02,1.137135525617394838e-01,2.492062931403857540e-01,4.750166446267044956e-02,-8.589879994470643598e-02,-3.880216207602153744e-02,3.951886616869209473e-02,-3.121291887255873282e-02,-1.983981962495835402e-02,-1.508319950132334664e-01,-2.717787336820236543e-01,-2.226572094374832667e-01,7.655937759094441630e-02,3.456302899474800877e-02,-9.124250536047207039e-02,-9.664547154969489740e-02,-3.698411676789829794e-02,-9.995739458581055781e-02,2.511098799240255586e-01,-4.434166637089716478e-01,-1.611437046517924521e-01,-2.686284466611136290e-01,6.182045233495959968e-02,-2.152323511115405985e-02,-1.796967709935222701e-01,-3.109747380406096065e-02
-2.133819573245532564e-01,7.615941559557648510e-01,9.198418142770016515e-02,1.807135688328257439e-01,8.083880499674447884e-02,9.646980790239248482e-02,-4.922571558481272924e-02,5.457867252393311386e-01,-5.997375529896068966e-03,2.760193824617210301e-01,8.102500959335276476e-02,3.922012454605071086e-01,-2.045480368912880043e-01,3.290636658344617271e-01,3.820485056645513966e-01,1.313999460553521605e-02,-2.424291453448230438e-01,6.845964447944016817e-02,5.314642837856983770e-02,-2.808064518666193721e-02,7.157138339391911908e-01,2.121790138356993705e-01,4.649246650499939681e-01,5.709666248321781934e-01,1.598315162978714565e-01,5.246756003333341578e-01,-5.379829965178010293e-02,4.524001464703150677e-02,1.660297233201943612e-01,4.529139020039126273e-01,2.838032723851976469e-01,2.188036837481689145e-01,5.972165550058202710e-01,8.291055814430223214e-02,8.698656361326719821e-01,1.299068725516398792e-01,1.489173318613305763e-01,1.161745278339306325e-01,1.005561198047936200e-01,-1.901965126207494361e-01,4.822864437658593295e-01,-1.197935875687706347e-01,5.015802921823297143e-03,8.829664466799497236e-02,2.126555547266847368e-01,-1.596138697292983077e-01,2.509507774844131345e-01,3.839610360229085417e-01,2.110894083509919084e-02,-3.231396652758184995e-01,-1.750172450856157802e-02,5.049681005095570802e-02,-1.110226663218029930e-01,7.315472366292291584e-01,1.609889842099281598e-01,4.516388577528782089e-01,5.613944111103523760e-01,1.753087370586539073e-01,4.558166284509381772e-01,-1.700470837390052892e-01,4.378166436156388786e-02,1.358531848463384595e-01,1.920741936560127205e-01,1.176069157195707149e-01,1.874534765334036346e-01,3.884268408615145773e-01,-3.345610070634003758e-02,8.786124290189978314e-02,1.981384453411511037e-01,3.937533668427690148e-01,2.761330778309649125e-01,2.725717489285985340e-01,-8.617836658097065283e-02,4.275802251756860572e-01,4.621274316592796638e-01,-1.633872820495324008e-01,8.802771146103993694e-02,-1.684361075678369318e-02,1.901585195255142136e-01,3.547846440179885374e-01,2.569905705278874297e-01,3.032007770729304719e-01,3.915244300507284697e-02,4.266231281701806655e-01
2.309566965880646694e-01,9.198418142770016515e-02,7.615941559557648510e-01,1.605052448279801341e-02,4.034424217929942769e-01,1.501730865291714956e-01,3.000938835116018777e-01,4.478950620076640465e-01,4.901003223985362922e-01,1.072540686675273018e-02,8.341109929897634334e-01,-1.314584888044709968e-03,1.761795807837481520e-01,4.515169987766613491e-01,6.113600799256057039e-01,-1.745956284105332212e-01,4.546836044215190470e-02,-5.811038332285674290e-02,6.425531225734066876e-01,3.112421632668572746e-01,1.197617060527984834e-02,2.424650145528349787e-01,2.762906987825832772e-01,-2.463811025032043023e-01,-8.055068733765484434e-02,2.417313186971727090e-02,4.101124820574325591e-01,4.585013691480405718e-01,1.230443806195737760e-01,7.420736004299482991e-02,2.100802517000573688e-01,3.856133804389335618e-01,1.956938459014787579e-01,3.027962957471683203e-01,1.780060781200670517e-01,9.193714211772079370e-01,2.603756107742823470e-02,4.735663729799950983e-01,7.546151664573390316e-02,2.296319307426498701e-01,4.094968284807473657e-01,4.063290554910797825e-01,-1.739554745407206893e-01,8.313228201508591209e-01,-1.830181715842492118e-01,2.637457785925417797e-01,2.346888916218615728e-01,4.268204280438960829e-01,-2.957661626341405101e-02,4.966240625214899323e-05,-1.155219552972395758e-01,6.095016074706486320e-01,4.799034110897275607e-01,1.619382883977436016e-01,3.947549851381275676e-01,4.614010290032247164e-01,-2.176700118682041163e-01,8.168566048468510823e-03,2.638015645087793057e-02,3.551022454281155816e-01,1.860701485125425825e-01,2.450009968874726773e-01,1.808823734479215462e-01,1.338324599723207664e-01,1.414737086876849577e-02,5.038343158945505357e-02,1.050668726350474091e-01,-1.512999779710117731e-01,-4.516838744068266687e-01,-1.944980030627140311e-01,-5.905847238855260750e-02,9.664957815677618913e-02,1.856649235076834326e-01,-7.096964982105144482e-03,3.436229769085792363e-01,-4.269741999142602495e-02,8.206492585599611811e-02,-2.253244118553575093e-01,-3.223263196136190167e-01,-1.568651013371015757e-01,1.317526359471635558e-02,-2.005352028463258940e-01,-1.073201398286063729e-01,-8.699310358981639235e-02
-2.109121035597908145e-01,1.807135688328257161e-01,1.605052448279797872e-02,7.615941559557648510e-01,1.244350025832134110e-01,2.501581780553085652e-02,4.066680778946646924e-01,4.365169161472375048e-02,1.041215158463114632e-01,-4.700995484938276514e-02,8.535768556765030435e-02,-1.415418393939875952e-01,3.005399398709384523e-02,1.255948246723598005e-01,2.336828385469404412e-01,-1.997802888043410940e-01,-1.508527741176278469e-01,-1.545777178653985340e-01,9.943927567012648960e-02,1.124286060216842381e-01,1.049093188840529711e-01,1.195353480243141892e-01,8.115090914637079766e-02,-2.115861363701992404e-01,-5.322277988867200882e-02,1.230025955242934066e-01,3.296653002364604568e-01,-6.376007431436163386e-02,1.637229373576185587e-01,3.219681775063580886e-01,1.756193684381076869e-01,1.917783430246505494e-01,1.487543463949403399e-01,2.974115466295878044e-03,9.833396200899562067e-02,4.507708505627189277e-02,1.587155769105287884e-01,6.804709557712008972e-02,-3.843527693116916694e-02,3.346363957961186464e-01,1.327586490949090453e-02,9.670904391154112878e-02,-8.394930863993577130e-02,7.414308920755549592e-02,-1.845032163027666705e-01,-7.013207558727561908e-02,3.765160066147112128e-02,1.540831238523738267e-01,-8.342530883111372308e-02,-2.896546955615771357e-01,-1.212133046209425552e-01,9.882843438779721768e-02,1.583873336098523821e-01,6.515699136988190032e-02,2.521770536464576495e-01,1.450594698265815496e-01,-1.401459777937023587e-01,-1.228556739598192227e-01,9.907215533701918542e-02,3.583899860098646584e-01,3.071333917703339411e-02,1.586644645549264432e-01,2.330781924714910025e-01,1.328135212748102201e-01,-4.002564078260864577e-02,1.864051453340038189e-01,-4.583160330533025267e-02,-2.141778903512621957e-01,-1.236979923100723494e-01,4.992964931761681435e-02,1.839270566561906628e-01,4.017681096366517157e-01,1.778759898151922036e-01,-6.113236543766160935e-02,1.074015773523220169e-01,-2.912222764972481892e-01,-9.645303603321635222e-02,-2.129086447027920270e-01,-1.925819368347368721e-02,1.150616814685167556e-02,6.545296528919011814e-02,2.590182931032048996e-01,8.180330801612349656e-02,-2.229184842228197627e-01
1.018958602076242281e-01,8.083880499674447884e-02,4.034424217929941103e-01,1.244350025832133000e-01,7.615941559557648510e-01,2.652000529391630446e-01,5.491788530043250072e-01,4.128753935467808778e-01,7.710484909792141295e-01,1.500771033383042907e-01,6.992473394576963486e-01,3.188009304079393869e-01,2.846532802836371223e-01,6.587689868234927193e-01,5.234806425291995691e-01,-3.375097312195479704e-02,-6.512344324063241985e-02,-9.010180795555217115e-02,4.167341979137791919e-01,3.887255569501525954e-01,1.379839097732909747e-01,5.228755819897206170e-01,2.313058226285023833e-01,-1.210754592201862684e-01,-6.631594648146348081e-02,1.436328108546321425e-01,6.205703810452662950e-01,1.232637216546420278e-01,2.083446671496413938e-01,4.574589142540417264e-01,2.044017793665576510e-01,1.229494687856470536e-01,1.550176835587417368e-01,8.025346641263228498e-02,9.593788618069269691e-02,4.814446244664084551e-01,2.581211772271448934e-01,9.472914633068908463e-01,7.782353446326850666e-02,4.852957203912170447e-01,4.205996071697110650e-01,7.177012945665034449e-01,-1.149624499534609573e-01,7.026856841708150059e-01,3.649810759897652995e-02,-1.193654575285507669e-02,5.673065355786570674e-01,4.417221846707848898e-01,-1.171705345569818979e-01,-5.935424455477106287e-02,-2.793999002722546976e-01,3.780006258584171497e-01,4.558694495783819911e-01,1.236280454111382265e-01,5.386367963654438151e-01,3.790825358633087006e-01,-2.308776000680593521e-01,-1.513971212493617213e-01,6.377666133473891552e-02,6.711855996768074650e-01,-2.164604314446741742e-02,2.770411776824877603e-01,4.684470799624246284e-01,2.864405017930922726e-01,-1.239455762093611552e-01,5.213229468949340945e-02,-2.388376647837124056e-01,-1.274680039429841871e-01,-4.656013040906890610e-01,2.809991027427210034e-02,2.484843062910553624e-02,3.356263848819843743e-01,3.792770861087917389e-01,5.035651560273185501e-02,2.476599372631858309e-01,-2.566568867747568983e-01,-2.585900284988776887e-01,-1.796311824855570394e-01,-3.424761545587982625e-01,-3.278160917110717332e-02,-5.444336118263062851e-02,2.276124612993217500e-02,-7.443263224745762241e-02,1.868427513265865925e-01
4.317207534542706893e-01,9.646980790239247094e-02,1.501730865291714401e-01,2.501581780553081488e-02,2.652000529391629335e-01,7.615941559557648510e-01,4.852228454849899508e-01,4.386059962428742742e-01,2.981245949079583957e-01,8.402010444976029668e-02,9.341136949041602133e-02,1.754725869420165063e-01,7.882954529546468692e-01,1.916098841060143720e-01,2.767191294413383629e-01,5.046372244196507539e-01,4.758971943247048420e-01,1.795218497713342298e-01,1.830092403016554681e-01,1.588101427574489244e-01,2.696071680747449406e-01,2.579495235048941959e-01,4.203678613087569738e-01,-3.680055302316689869e-02,4.840407994431273342e-01,5.764348556192476769e-01,4.972960917572495920e-01,2.799576319639573430e-01,5.117157818546091974e-01,1.894162829317710961e-01,9.507355576086932991e-02,8.630770342183846644e-02,4.006282576947429314e-02,-4.136272393775018708e-02,1.879591733481915730e-02,-1.858487850313416886e-02,3.229400873006694345e-02,2.447088651276235483e-01,5.581423008903363403e-01,2.954703881605145743e-01,2.313036564017395824e-01,2.778724012115707520e-01,-1.261853300330336436e-01,5.377041328735218239e-04,-1.608740741162721366e-01,3.986409874332966785e-01,-4.288499202521885156e-02,2.248196184580144585e-01,1.590656689492183362e-01,1.156732050307631848e-01,-6.785020537827954334e-02,1.452011797371214330e-01,4.405252460317529151e-01,1.902506486688757825e-01,3.089939639711601349e-01,1.997541326904644365e-01,-1.394831431631010921e-01,3.613110742204256876e-01,3.302197691052879414e-01,5.560065498186972377e-01,7.763502377968292678e-02,5.177073783913906935e-01,4.708125335908587838e-01,1.894442735228735186e-01,-5.816053210110552936e-03,1.106156362486066247e-01,5.357985120646394650e-01,9.817309669603367650e-02,-2.382001651463607969e-02,9.323069098700849378e-02,2.718357723455480102e-01,2.794318943722062243e-01,5.867760744101944287e-02,-2.569703986973403617e-02,1.367915660722952287e-01,2.852797306093791119e-01,6.806802699920749822e-01,4.516713496261626909e-02,1.671608338592068532e-01,2.741253287130051078e-02,3.575721311491943388e-01,-5.204081792028676656e-02,-1.234857030024092417e-01,3.226668873987683902e-04
1.417450273653150516e-01,-4.922571558481267373e-02,3.000938835116019332e-01,4.066680778946647479e-01,5.491788530043250072e-01,4.852228454849899508e-01,7.615941559557648510e-01,2.920591760408836612e-01,4.692447776970710138e-01,3.240477591630560039e-01,4.064492403952082999e-01,1.667742112632886187e-01,5.518941375848039899e-01,1.003709209763266191e-01,4.719479077665553191e-01,7.206994295093080427e-02,8.730210147905984042e-02,-1.094945944834119778e-01,2.642237733114203291e-01,5.315216763422464519e-01,8.965182923028881812e-02,6.161506960777901609e-01,2.631954098691395849e-01,-2.361164644080943342e-01,1.388204333218569786e-01,3.422552326883633311e-01,7.254200572773592537e-01,1.112101359955785101e-01,5.643356105279827561e-01,3.323660510218067743e-01,2.113606067190503257e-01,6.887984747770520277e-02,1.645128795857574711e-01,3.534257567888295093e-02,-1.252763411521949088e-01,2.828595821498613994e-01,2.637809831655395509e-01,4.629856247360809585e-01,5.212072870342118747e-02,6.759188768408854742e-01,1.223934498283507644e-01,5.226099291659488388e-01,-4.785095464314471220e-02,2.936148557787948143e-01,-1.394449024740743448e-01,3.830237366095499973e-02,-1.162268587836688682e-01,3.630191980249213302e-01,-1.764456815903197029e-01,-1.536353122210646904e-01,-3.713657976407465644e-01,2.328035719993166996e-01,6.213209945946689405e-01,5.712827307696956292e-02,6.187030824349958325e-01,2.052399197823940036e-01,-2.645626437148185794e-01,-1.059851738504407892e-01,4.239867943369304143e-02,7.423510529833065030e-01,7.589416324889530774e-02,5.096652926285371032e-01,4.195770943809497555e-01,4.199492315384842356e-01,-8.860627828325104427e-02,2.665589826317238398e-02,-4.868871997652221562e-02,-3.969399503374861915e-01,-3.476355982917145315e-01,1.521800619685997197e-02,1.035030973813857724e-01,3.807873465908108157e-01,2.321733237011052164e-01,-7.082904495025035829e-02,6.974657038579701318e-02,-9.254051988083582259e-02,1.772837204554638668e-01,-3.754313383905559798e-01,-2.202455642271543557e-01,-1.411407957427232018e-01,6.751882472446860128e-02,1.588997026598871765e-01,-1.573742230512948648e-01,-7.650361051388120115e-02
1.398913288402321431e-01,5.457867252393311386e-01,4.478950620076640465e-01,4.365169161472381293e-02,4.128753935467809333e-01,4.386059962428743852e-01,2.920591760408836612e-01,7.615941559557648510e-01,3.327647647173350709e-01,3.805367972886552486e-01,5.143512797631146771e-01,5.472310622896514598e-01,3.646629405652239697e-01,6.264889279227171537e-01,5.097470491605751164e-01,1.967356190020860540e-01,1.095115525268125500e-01,1.473851423353580159e-01,6.474491052726591978e-01,2.081455824582512382e-01,7.459129591067963361e-01,3.232812860087774798e-01,8.730679624497952318e-01,4.458319209908640501e-01,3.149703445637854204e-01,6.338882026956838001e-01,4.511647183405882999e-01,4.704330796983514640e-01,2.503404342921004000e-01,5.138298677813439852e-01,3.180564144342979960e-01,3.688953415839884564e-01,3.258896585326812589e-01,7.275133639701779342e-02,5.000377213517754882e-01,3.621979992450701791e-01,1.625501977879541260e-01,4.053495681545773999e-01,4.559226820616930076e-01,2.495614103078996615e-01,8.682642698052153163e-01,2.319046101607907528e-01,2.067260174735788270e-01,4.067942792515434891e-01,3.296832661054713842e-01,3.870512383845150506e-01,3.417478985808418690e-01,4.468626846652197782e-01,7.041380742384874269e-02,1.175511824533258948e-02,7.936467496224706986e-02,5.900188143989990586e-01,4.700283854326077204e-01,6.777856333807421585e-01,4.003379910454792912e-01,8.136543480710956011e-01,2.928519664605754302e-01,2.844665908248408259e-01,5.644141406203739830e-01,4.878508822071463413e-01,2.631347889885747304e-01,4.096391934922815614e-01,7.507652301566372088e-01,2.653872320728403178e-01,1.952627252020413262e-01,2.967127322362885788e-01,5.240210637738245136e-01,2.561661424831928047e-01,3.152070729079033823e-02,3.122517413552097776e-01,1.710950777974542258e-01,3.282227345898754423e-01,1.530328589620520707e-01,2.891651445703755652e-01,4.723122131002918112e-01,1.868825902743194711e-01,4.806382206622793474e-01,2.293550383135415094e-01,2.256016356344738849e-01,1.495206727212211872e-01,3.816372350462932106e-01,1.465622853787468260e-01,-1.537472917931950039e-02,3.377597522024116117e-01
2.146530831509731174e-01,-5.997375529896291010e-03,4.901003223985362922e-01,1.041215158463114909e-01,7.710484909792140185e-01,2.981245949079583957e-01,4.692447776970710693e-01,3.327647647173349599e-01,7.615941559557648510e-01,5.453483678392126444e-02,6.822162112751095631e-01,1.155180607974083812e-01,2.257704745427229209e-01,3.796149956436139505e-01,5.708706574098613151e-01,3.880157780861585859e-02,-3.083001084443366940e-03,8.329581086197015982e-02,4.562973676318389238e-01,4.103204770557894454e-01,4.779689243994438702e-02,4.252856951707765232e-01,9.836102835946132841e-03,-1.986979947502229282e-01,9.783009441539525231e-02,1.564559925859345391e-01,7.115517939822676441e-01,1.322736795014312627e-01,1.221586791795298971e-01,3.371394438074656330e-01,1.850927131328067299e-01,5.883876463927340678e-02,5.609712752597884738e-02,1.309550979926728947e-02,8.581509438614538798e-02,4.956600842808625007e-01,1.785905194990773659e-01,7.487195246992675024e-01,1.043048540245604672e-01,5.041219486497019453e-01,3.189223562577762072e-01,9.549294169775057739e-01,-2.089313553152550851e-01,6.510010333405167327e-01,-1.619814234126955299e-01,7.174044076657692948e-02,2.715009638282580018e-01,4.438322895650894662e-01,-8.487989941891610490e-02,-1.783678429254000747e-02,-1.759405981662827412e-01,4.490031032386013754e-01,5.023179866292388773e-01,1.081022109753258381e-01,5.059239627331075795e-01,2.346018415131896351e-01,-2.690289098589941919e-01,3.949005285374022206e-02,4.942759726642748097e-02,7.370201966479904554e-01,-8.823306321521970363e-02,2.556030922515945547e-01,3.303514248924883656e-01,1.438390802319375328e-01,-2.360244432039418916e-01,-8.911378335762659697e-02,-2.893911570653040499e-02,2.560265841934919462e-02,-2.726955187174373574e-01,8.382275244947837156e-02,-2.599038299367257762e-02,1.571723336352256195e-01,2.120785607092816050e-01,1.891455224028140980e-01,3.132396129581800914e-01,-1.199709834481707676e-01,6.411707598681391784e-02,-3.736022254945333548e-02,-2.172955955863883626e-01,9.743424173191156390e-02,1.083328791268823171e-01,-1.542789277145265592e-01,-2.164302891446616972e-01,2.172401928540984295e-01
-4.623961594456379304e-02,2.760193824617210301e-01,1.072540686675268855e-02,-4.700995484938273045e-02,1.500771033383042907e-01,8.402010444976028281e-02,3.240477591630560039e-01,3.805367972886552486e-01,5.453483678392126444e-02,7.615941559557648510e-01,1.365185611083012118e-01,7.650492593498090521e-01,2.049853255156200982e-01,4.105306659793212520e-01,2.683774905876189498e-01,4.575391023367017529e-01,5.893500504636030035e-01,5.482976860910380168e-01,1.603416993112091182e-01,2.844510379003711842e-01,1.354733353373453186e-01,3.951889470816808969e-01,1.942434462027026534e-02,5.283579036532828344e-01,4.993082742115190764e-01,5.823765504152609296e-01,1.835666543597072320e-01,2.420480495428842527e-01,2.245553328106582591e-01,1.716743081571611707e-01,8.553698865349035688e-03,3.173782255104970473e-01,4.450560545841512061e-01,-2.514747391242294280e-02,2.387554437379197925e-01,2.737779557977327791e-02,3.220566599730960711e-01,2.963571488990328073e-01,-1.830457790356595504e-01,2.088151219312274209e-01,1.991672105348925026e-01,1.004422327382646501e-01,5.926409396155108977e-01,1.058523529230214616e-01,5.699705142007557290e-01,4.004336117620035072e-03,2.027024084255182323e-01,1.973704294206296006e-01,1.532643773671198695e-01,3.843379916201457580e-01,1.514449149600262112e-01,1.968671801424741463e-01,3.140462775856777689e-01,-5.250028297960601664e-02,3.340198725023382775e-01,-4.647338530791938344e-02,3.499036020396413815e-01,1.064584857382210731e-01,2.109623404594974383e-01,8.527917788956423939e-03,3.031964606636306514e-01,6.899830950991117651e-02,1.544965866005388044e-01,-5.040899293220585560e-03,1.764524704148382472e-01,2.812850938336933782e-01,-1.371036083574550535e-01,-3.683776369621970526e-01,6.230153443507352451e-02,2.528465032660676126e-01,4.974144740406503257e-03,2.904781928333222130e-01,1.009192696849514626e-02,2.462653812339266335e-01,1.282292007587406968e-01,-2.848201809754740688e-01,1.970841934180081467e-01,-3.124292939329533780e-01,8.700088918828326190e-02,7.583898111764457439e-02,2.318813061819914312e-01,3.108669218566131320e-01,-3.987774926546359261e-02,3.177805055391152989e-01
6.242519246041600828e-02,8.102500959335282027e-02,8.341109929897634334e-01,8.535768556765022108e-02,6.992473394576964596e-01,9.341136949041602133e-02,4.064492403952081889e-01,5.143512797631147881e-01,6.822162112751096741e-01,1.365185611083012118e-01,7.615941559557648510e-01,2.010269229695363646e-01,1.496168052000551862e-01,6.993154850570989511e-01,6.053388653552601584e-01,-1.418298677554803988e-01,-1.217932927941142371e-02,-2.962996663051936305e-02,7.756805881538093583e-01,2.968795720608590205e-01,2.561890491784190108e-02,3.453329894515544951e-01,1.928517106207314480e-01,-1.672224009184663795e-01,-1.891518909911797941e-01,5.931770531768313509e-02,4.240154754602697418e-01,3.842999498854479112e-01,3.620014963326485119e-02,3.230803541746803398e-01,2.527745602252501333e-01,4.092737048976123893e-01,1.956609441066263777e-01,1.198045315999435728e-01,1.617380227340633470e-01,8.011335550085497692e-01,1.131263401630399484e-01,7.170815225379637559e-01,-6.794864694271633698e-02,3.389481008978335597e-01,4.626615625930448616e-01,5.075871813687532486e-01,-9.017146194992911590e-02,9.587688527648182690e-01,-2.597187325446894193e-02,5.377876544239042211e-02,5.693187984072961560e-01,4.391345207226539649e-01,-2.437394780958828944e-01,1.271429249172688694e-02,-2.533055990945795033e-01,7.978251738704962293e-01,4.589575829642910110e-01,6.371274030899777563e-02,4.566567826167616251e-01,3.925092443279302734e-01,-2.364513744129941586e-01,-2.352203052676112294e-01,-1.945398707906889884e-04,4.015892336388686701e-01,3.553914973363677537e-02,7.395757841838625224e-02,3.947732710867513095e-01,8.498119726935617069e-02,5.738423700360702207e-02,-5.885063476977624337e-03,-9.704293664455537760e-02,-4.168339990557697744e-02,-4.549708768898123590e-01,-3.188758425242189942e-02,-4.048125948208151220e-02,2.497877539311245676e-01,3.301434473667096969e-01,9.673940013333036381e-02,4.712266384853478485e-01,-1.821021086206634221e-01,-1.060742925412046234e-01,-1.718410510331422336e-01,-2.946597278745353155e-01,-5.996394954788853565e-02,4.018733764644710077e-02,-1.756962609496113270e-01,-9.182131232848075864e-02,5.291424643901687652e-02
-6.718559337377193186e-02,3.922012454605070531e-01,-1.314584888044696091e-03,-1.415418393939875119e-01,3.188009304079393869e-01,1.754725869420164786e-01,1.667742112632885909e-01,5.472310622896515708e-01,1.155180607974083951e-01,7.650492593498089411e-01,2.010269229695363646e-01,7.615941559557648510e-01,3.390004032522781485e-01,6.131587690380252420e-01,3.359348094534586049e-01,3.097102367711705995e-01,3.323776341913046717e-01,3.801374946299467816e-01,3.831134210238777982e-01,2.855984767680936343e-01,3.357094945450823098e-01,3.459489359854637236e-01,3.387160484547843686e-01,8.322375580772900516e-01,2.023449944042834403e-01,5.506526696591732550e-01,1.236729315406453200e-01,4.506560187999971712e-01,2.657017660944359094e-01,3.458426656979248781e-01,2.130145380459913529e-01,3.991719700296096351e-01,5.505320160974259691e-01,-4.032535247034468862e-02,3.873381777547784122e-01,4.125365994797491886e-02,3.576898700655909979e-01,4.079683019247088982e-01,1.609992509539938943e-01,1.604932420176323205e-01,4.939133854887305386e-01,1.785019510651593699e-01,6.812099344100628340e-01,1.839023223022334119e-01,8.392292951660161870e-01,3.459677112013005429e-01,4.893395005437287115e-01,2.965824751061704179e-01,2.862606701578669921e-01,4.833636080277651792e-01,2.212087836929209628e-01,3.245549986334588799e-01,3.608046284759389155e-01,1.834646777147842522e-01,3.324726954652979516e-01,3.038986992766349871e-01,5.997204022716626781e-01,1.484102482452736016e-01,4.381532817777732958e-01,1.102444368930655810e-01,3.863897541837423844e-01,2.711005475177464263e-01,4.948468396502154198e-01,7.320629272710874047e-02,3.264531601069646238e-01,5.014452090742583801e-01,1.690980080579498612e-01,4.297290030911601888e-02,1.079234566658449218e-01,3.442876195909128079e-01,9.988859045512531176e-02,3.811520994082741587e-01,2.937120842713382696e-01,3.481905420324396538e-01,4.199885416014249029e-01,-6.866292958080234821e-02,1.804411312978465853e-01,2.931346924161246786e-02,1.320139524940708575e-01,2.058143270450975282e-01,1.718761054500733410e-01,4.734208877767739354e-01,1.351602427045140165e-01,4.235670222070101465e-01
5.729474945435629740e-01,-2.045480368912880043e-01,1.761795807837482075e-01,3.005399398709379666e-02,2.846532802836370113e-01,7.882954529546468692e-01,5.518941375848039899e-01,3.646629405652239697e-01,2.257704745427227822e-01,2.049853255156200427e-01,1.496168052000552418e-01,3.390004032522780930e-01,7.615941559557648510e-01,1.531614514095628599e-01,3.438253323195136213e-01,4.927734977411376560e-01,5.125874892660911009e-01,9.519467589450601730e-02,1.913863016564867070e-01,3.326699325167898902e-01,1.070961424168387702e-02,3.356181136534430176e-01,1.791737711067168670e-01,5.096357825186714069e-02,3.129334269984604955e-01,5.565585132307966365e-01,4.484002531602027108e-01,3.987773332341164045e-01,4.872173950265076270e-01,2.443187526390950548e-01,3.096999853540980396e-01,1.773382557336435350e-01,6.894490844623632486e-02,-2.252703752686973076e-03,-1.203115123704299044e-01,6.198369345141846454e-02,2.629982883228799695e-01,3.437219736277536963e-01,1.748925493728837322e-01,4.989192296918161240e-01,1.834110695736017316e-01,3.253063671962422854e-01,5.681092637200808870e-02,1.286444150060223335e-01,-1.801829594621963751e-02,4.629760040604193883e-01,1.050564064789588359e-01,4.372776428550295691e-01,1.212185934979816693e-01,2.216233941864416135e-01,-1.263727278203720661e-01,2.044403168012025873e-01,4.913321820536235562e-01,-8.754325096978493592e-02,4.038488551866216136e-01,3.825070568481029470e-02,-1.035861005365750209e-01,1.296228505331797898e-01,3.100305119179943003e-01,5.381694641713199445e-01,2.298510672689298151e-01,4.260162603430132644e-01,2.534007185183627109e-01,3.013043500940082997e-01,7.433609094612703139e-02,7.656515824591877961e-02,9.699551215194381071e-02,-2.158889799798117404e-01,-2.587423326128054923e-01,-5.593834546311113320e-02,2.529751000716258247e-01,2.436978151380117807e-01,9.200825104777569929e-02,-1.712717127394983857e-02,-9.708536405825944626e-02,2.363801232400310551e-02,3.548429837082839877e-01,-3.145186642096797769e-01,-2.572635831233351794e-02,-1.295034475171726596e-01,1.857233188468230267e-01,1.313438184328178382e-01,-2.084428766772710995e-01,-1.237073743959720730e-02
-3.865929456371185180e-02,3.290636658344616716e-01,4.515169987766613491e-01,1.255948246723597450e-01,6.587689868234926083e-01,1.916098841060145386e-01,1.003709209763263971e-01,6.264889279227171537e-01,3.796149956436139505e-01,4.105306659793211965e-01,6.993154850570989511e-01,6.131587690380252420e-01,1.531614514095629154e-01,7.615941559557648510e-01,5.018441793470013179e-01,7.250460268873704095e-02,6.045622995854826182e-02,1.223749170285842736e-01,6.672738807489498880e-01,3.969086843511285267e-01,2.872501580205729099e-01,5.592645753696598998e-01,5.293956364362595313e-01,2.974331557280063265e-01,-6.890246544776401638e-02,2.425506460311032952e-01,4.020248547785449933e-01,3.327507099100529553e-01,2.565306823968178662e-01,3.080517614318610264e-01,2.433670314324797856e-01,3.975570559072588717e-01,4.705183557030673813e-01,1.592440439741049374e-01,3.109784737030562018e-01,4.510335787447193878e-01,2.782317681744127524e-01,6.388952881495506553e-01,1.119367500450608871e-01,9.713813638853280308e-02,6.249620758857049596e-01,3.223246520185658048e-01,2.043449453862142273e-01,6.726647216538065299e-01,4.726620735126298434e-01,2.858586031524613241e-02,7.083653986762677990e-01,4.071980604881024202e-01,1.597683815324002221e-01,8.909176695562263937e-02,3.373472715375050446e-02,6.274726045523721929e-01,4.277180367244395320e-01,1.995926433936689448e-01,5.227751773100177690e-01,5.537332459605189827e-01,2.658099443376966131e-01,-6.941521169781288136e-02,3.181359751986104767e-01,4.396400489077351148e-01,2.988127318115914033e-01,3.060689428660780531e-01,5.776593990015947977e-01,1.308414066327094338e-01,3.285993886863453062e-01,4.506822616360750544e-01,5.854922058764364112e-02,7.205220983746714325e-02,-1.866799391379023454e-01,1.603054761292055652e-01,1.005987571732735730e-01,4.813087372286368182e-01,3.800952016249966592e-01,1.518601857790848331e-01,4.130104686174755901e-01,-8.392394974655624507e-02,-1.198778294865191635e-01,1.210923785841741956e-01,-6.905228417112725670e-02,5.332137828010892477e-02,4.976048467184807783e-02,3.737072112558287307e-01,5.922615127131447554e-02,3.135543713619769468e-01
2.359208752168092671e-01,3.820485056645515076e-01,6.113600799256057039e-01,2.336828385469404412e-01,5.234806425291994580e-01,2.767191294413383629e-01,4.719479077665553191e-01,5.097470491605753384e-01,5.708706574098613151e-01,2.683774905876189498e-01,6.053388653552600474e-01,3.359348094534585494e-01,3.438253323195136768e-01,5.018441793470013179e-01,7.615941559557648510e-01,9.542810211940323806e-02,1.512271641887452944e-01,1.175935433476354708e-01,5.258567483875972171e-01,6.252745947244978675e-01,5.017340835555704759e-01,7.023085783032317897e-01,3.128235480773989274e-01,1.829446464561207963e-01,1.286295754603855035e-01,5.000129911557227302e-01,5.238834517619612718e-01,4.709117005374807152e-01,5.845119826417010112e-01,3.677482034574931502e-01,2.344932416541827824e-01,6.116047313843963051e-01,4.572924284033802467e-01,2.786876680115602523e-01,4.879845347714375503e-01,6.311785101843992996e-01,2.643264902263851163e-02,5.524960903802499379e-01,2.371186933439788092e-01,5.624685260310312573e-01,4.330596370089889735e-01,5.601647616147139574e-01,2.748181369318453693e-01,5.910024210635332897e-01,1.781821036854552287e-01,3.450687924820254326e-01,4.404697387364384653e-01,8.771836107015758000e-01,-1.479656098423564811e-02,1.334684871213216162e-01,-6.432476685571482736e-03,5.194054881197737172e-01,5.947229616015128340e-01,6.108107084756689842e-01,7.215743077884564372e-01,4.463422919769000630e-01,1.345978476123435297e-01,9.435852598406975489e-02,4.151611771395642414e-01,4.843138347442358382e-01,3.439825646520799918e-01,4.893615801519068387e-01,3.643080536318785700e-01,3.933761715617783289e-02,3.660850958308237701e-01,3.700500982061859512e-01,3.125311940216440321e-01,-9.226911090082529077e-03,4.482404854842375608e-02,2.108708150202706910e-01,8.105940165883654749e-03,3.252917602732822711e-01,7.464766178117476780e-02,2.946405347094118721e-01,4.677820845503661840e-01,-1.666547002160786162e-01,4.704321283170045387e-01,6.273033662697728718e-02,9.014063158187199387e-02,1.603232061268418940e-01,5.608448758796088368e-02,3.084568285030390711e-01,5.074005573267849345e-02,4.541359893868567033e-02
4.993065055459574575e-01,1.313999460553524380e-02,-1.745956284105332212e-01,-1.997802888043411218e-01,-3.375097312195482480e-02,5.046372244196507539e-01,7.206994295093084590e-02,1.967356190020860540e-01,3.880157780861583083e-02,4.575391023367017529e-01,-1.418298677554803988e-01,3.097102367711704884e-01,4.927734977411376560e-01,7.250460268873706871e-02,9.542810211940330745e-02,7.615941559557648510e-01,6.747917098740252584e-01,8.919925220714619574e-01,-1.141296793291875500e-01,-2.068738228167637527e-01,1.492279675264837069e-01,8.596525437259852631e-02,-2.897773623995265890e-02,2.452755040264554265e-01,5.863890819837466184e-01,6.130525934057448056e-01,-1.830681624248241546e-01,2.747793782644129545e-01,3.416797339820348139e-02,2.873806560675861710e-01,1.234423392104954109e-01,1.590993979647444545e-01,1.536980307621074737e-01,8.919047573247526617e-02,5.105736687074512864e-02,-1.713412536810386966e-01,1.528211039069401755e-01,2.034355877851684417e-03,3.980141212563582248e-02,-2.100741314845289143e-02,-5.885079385336590418e-02,-1.543921484733044164e-02,1.849793438249237587e-01,-1.493121089585336680e-01,4.145879815995601181e-02,3.046597380232874408e-01,6.195160037505053480e-02,1.048693209596651410e-01,3.471408235815370835e-01,3.479437123051246639e-01,2.806070009396772758e-01,-8.517602213225002050e-02,-7.980020429564477213e-02,4.859783000606342218e-02,-6.585422344436174524e-02,-1.470748547528473449e-01,1.798474214870368904e-01,3.550325099410623908e-01,3.021006421955673704e-01,-2.620891770611813443e-01,2.600483791597805738e-01,-1.341995142970993093e-01,1.052739170774920074e-01,3.228604871473763488e-02,2.154759186666143148e-02,7.689831837314473062e-02,5.829214003966507601e-02,4.650924294421729388e-02,4.008594081370177031e-01,1.713170821195558746e-01,1.293093581850153495e-01,3.957894019782553507e-01,6.939739052256493901e-02,1.428325776986955065e-01,1.272200306637808198e-01,1.814564189659785831e-01,4.264149233693075303e-01,-1.538795955584449093e-01,4.649822463680999829e-01,6.818064028474682403e-02,1.577480603324205310e-01,4.030926430491142964e-01,8.147321029865001174e-02,1.802223121580428800e-01
1.138832491645838524e-01,-2.424291453448229328e-01,4.546836044215186307e-02,-1.508527741176278192e-01,-6.512344324063241985e-02,4.758971943247048420e-01,8.730210147905982654e-02,1.095115525268125223e-01,-3.083001084443346123e-03,5.893500504636028925e-01,-1.217932927941137514e-02,3.323776341913046717e-01,5.125874892660912119e-01,6.045622995854820630e-02,1.512271641887453499e-01,6.747917098740252584e-01,7.615941559557648510e-01,7.239758830940472567e-01,1.633384323639166247e-01,2.457733032237786885e-01,-7.828646941990620445e-02,1.684090275510557178e-01,-4.364521510545519428e-02,3.132136206612337048e-01,5.575669256578197341e-01,4.553933305999599002e-01,7.325395859790263808e-02,1.289025402964715239e-01,1.282737875478484613e-01,7.809078910407118990e-02,2.319857433531990684e-02,1.377165610625813996e-01,2.271948087081643586e-01,-5.056992488937086389e-02,-1.928405246977488441e-01,6.046097702569399462e-02,1.870516642151913433e-01,1.101154618724356771e-01,-6.982622058810026254e-03,1.033238024000179417e-01,-5.450709119348048914e-02,1.305790624621601219e-02,3.308960529965935260e-01,-4.713544122132755365e-02,1.672104980920518513e-01,2.455207013829634743e-01,-1.876205817549180671e-02,1.061085687449439680e-01,3.406119044573897581e-01,7.074362752775021912e-01,2.539286592657463704e-01,2.149006562078363824e-01,2.980756774274776477e-01,-2.422039131178271021e-01,1.163169313843417652e-01,-1.641635538557938701e-01,1.079828726459307331e-01,2.926190002193816975e-01,1.394919805815967029e-01,-3.642058293333123864e-02,2.707811178772753791e-01,7.857758369220788769e-03,1.960329696508175956e-01,1.500675077569035842e-01,1.512739631818732500e-01,1.887247300062445121e-01,9.032919208873277372e-02,-2.055796485737961532e-01,5.958017286647331739e-02,-3.839627140088354429e-02,1.208267046461217603e-01,2.128412312860724076e-01,1.332733341707998953e-01,-7.971611737044566326e-02,-1.744273892953636662e-01,9.648673018882784891e-02,3.279436592204783563e-01,-3.001735669880644108e-01,1.800099492778284294e-01,-6.764534661007411132e-02,7.692434602195791227e-02,2.693494364137575814e-01,8.912763637520469684e-02,-5.950283725193844520e-02
3.565184830136062799e-01,6.845964447944016817e-02,-5.811038332285681229e-02,-1.545777178653985340e-01,-9.010180795555211564e-02,1.795218497713342853e-01,-1.094945944834119778e-01,1.473851423353579881e-01,8.329581086197020146e-02,5.482976860910381278e-01,-2.962996663051926591e-02,3.801374946299467816e-01,9.519467589450596179e-02,1.223749170285841903e-01,1.175935433476354847e-01,8.919925220714619574e-01,7.239758830940471457e-01,7.615941559557648510e-01,9.079840712248354526e-03,2.519191341866907491e-02,1.364951216000266365e-01,2.630635050269155562e-01,-1.000411431364673920e-01,3.785050527757837235e-01,6.217347156627006655e-01,4.842641617204030413e-01,-7.805895864735440393e-02,3.839391649953882157e-01,2.644684308194060751e-01,1.812347287474301016e-01,2.062315607528084072e-01,3.261868156218649673e-01,3.508665479503084161e-01,1.622527114201876008e-01,1.127182164523074515e-01,1.306123598563404924e-02,4.716457958110338577e-02,-2.182240319204374265e-02,-1.834874891270419084e-01,-1.254677256327208779e-01,-2.803443207482531410e-02,3.640040535093549967e-02,3.182044908736244015e-01,-2.206868655171736679e-02,1.603781058300418061e-01,1.901957410431513451e-01,8.184763882810661140e-02,3.602461859533147293e-02,6.341106454703554496e-01,3.719716751366609619e-01,4.086378289855804313e-01,5.632639996876443594e-02,7.130484618503002414e-02,-1.379501951070663188e-02,7.925150710642217544e-02,-1.356681627941211943e-01,2.171399267063607585e-01,3.799518035714546937e-01,1.496329674406055577e-01,-1.794436454304111361e-01,4.765057928129141085e-01,1.022501275870273535e-01,4.315889403779207822e-02,7.343860613460204134e-02,1.096256710881938906e-01,3.027162693047910635e-01,6.887245353197782825e-03,-1.068460618486398866e-01,3.447654964152460644e-01,2.584525111043212697e-01,2.385777258845040438e-01,2.823928661078964342e-01,4.932669020317700243e-02,1.187321290511580557e-01,3.587902862397373410e-02,1.713884338587849387e-01,2.610901044052540976e-01,-2.351932369444007243e-01,4.180308106462503615e-01,1.073998923459787147e-01,1.989869258260663076e-01,3.746906849225739577e-01,6.462255471418149044e-02,2.167345225766215688e-01
-1.105455363569623206e-01,5.314642837856978219e-02,6.425531225734065766e-01,9.943927567012647573e-02,4.167341979137793029e-01,1.830092403016556624e-01,2.642237733114203291e-01,6.474491052726594198e-01,4.562973676318390903e-01,1.603416993112090350e-01,7.756805881538092473e-01,3.831134210238779092e-01,1.913863016564867070e-01,6.672738807489498880e-01,5.258567483875972171e-01,-1.141296793291877165e-01,1.633384323639166247e-01,9.079840712248465548e-03,7.615941559557648510e-01,1.564012111882596631e-02,7.334329266866462804e-02,9.002831726729557116e-02,3.238285151118782124e-01,-4.764810351900028440e-02,1.868959316772574042e-02,1.530279738109322496e-01,1.755158820191193847e-01,3.006706110771778517e-01,-1.069240949526293477e-01,2.860804844596542273e-01,2.443027461225141528e-01,2.995056288971632008e-01,4.350334008021780607e-02,1.100185045753690471e-02,8.763846114952009159e-02,4.943858053651947748e-01,9.276849279977812668e-02,4.234032360297060316e-01,-3.117416388411122299e-02,4.528873195186480100e-02,5.762487966225209313e-01,2.606334043339280093e-01,-1.265242922462853636e-01,6.587095511572852446e-01,1.423306463658743082e-01,8.771117307334258539e-02,4.646001466896055865e-01,2.867290453727398547e-01,-2.715478808177719805e-01,2.817951914496038060e-02,-2.623698547425888372e-01,9.541480156438963967e-01,2.578718247634167460e-01,3.326967638323442139e-02,2.021147370458851733e-01,4.265813151119075552e-01,-1.305995079161654804e-01,-2.407313599268975923e-01,4.351811780637306060e-02,8.161294012704585488e-02,-7.154449566276231860e-03,-5.110386494121324508e-02,4.568402243231104443e-01,-4.309492414179492276e-02,2.944780306838204464e-02,-1.529993066148116754e-01,1.235109371030658765e-01,-1.080655067920073403e-01,-3.467895240564755621e-01,-7.193026977617290874e-02,1.966903226284573078e-02,2.290500410914680096e-01,2.736910606262762946e-01,1.987756623693581193e-01,4.132561136824856041e-01,-7.684600871240857001e-03,1.525859539383143670e-01,-2.361950737699571590e-01,-2.405362757280229691e-01,-1.540454514439462130e-01,-2.250497306598165867e-02,-8.880528393772869900e-02,-1.639591738534326992e-01,-1.857432995421639046e-02
1.965914041121111511e-01,-2.808064518666182618e-02,3.112421632668572746e-01,1.124286060216842381e-01,3.887255569501525954e-01,1.588101427574489244e-01,5.315216763422463409e-01,2.081455824582513214e-01,4.103204770557896119e-01,2.844510379003711842e-01,2.968795720608591315e-01,2.855984767680936343e-01,3.326699325167898902e-01,3.969086843511285267e-01,6.252745947244978675e-01,-2.068738228167637527e-01,2.457733032237785775e-01,2.519191341866907491e-02,1.564012111882596631e-02,7.615941559557648510e-01,-5.578238910017171114e-03,6.338444078099441104e-01,-1.368469260349948757e-01,-6.278536633793535549e-02,-2.278600624130493468e-01,3.957145755089627737e-02,2.069227171721410019e-01,4.683715415753137434e-01,5.449363618676746901e-01,3.441461671432172742e-01,2.624088767188998417e-01,6.568066154452564254e-01,5.102167843522599222e-01,1.129213886844416675e-01,1.686609524806070848e-01,4.387228490115401836e-01,6.852980461333435525e-02,3.804814284069933383e-01,-1.735996416422737332e-02,5.111375839255195563e-01,1.852723786949015683e-01,3.611854453792917030e-01,2.276807298267937985e-01,3.498268778641784316e-01,1.759150141023839153e-01,1.830040607459436086e-01,2.936467634702830676e-01,5.114910384539756993e-01,-3.796148616216294958e-01,1.556067890904461459e-01,-2.273042427558482625e-01,1.243585990801554519e-01,9.020622681498466910e-01,6.015629367260938443e-02,7.130699607362933623e-01,4.100052073161656284e-03,-1.509999750427549747e-01,-2.975483965816279053e-01,-1.542414719288781322e-01,7.145705556493710253e-02,3.165763044598086662e-01,2.743981365858085830e-01,2.200691514301702234e-01,3.469365007983333249e-01,3.122831797487499172e-01,3.794282535175166893e-01,-4.088395709034133713e-02,-3.698098758954994625e-01,-3.122092669043384783e-01,5.558974912664185752e-02,-2.123634690509440537e-01,1.496346415594029533e-01,1.760417200005668092e-01,8.785184605684701054e-02,3.642427499027448001e-01,-2.320004925900518433e-01,2.999855165169236226e-01,-3.349566582940778359e-01,-2.413269725397401977e-01,-6.909448022452968630e-02,-1.082503073760883588e-01,6.582732678061169185e-02,1.267499076274381797e-01,-3.624007976289827376e-02
-2.343704521866317725e-01,7.157138339391911908e-01,1.197617060527984834e-02,1.049093188840530128e-01,1.379839097732911135e-01,2.696071680747449406e-01,8.965182923028870710e-02,7.459129591067964471e-01,4.779689243994449804e-02,1.354733353373452631e-01,2.561890491784190108e-02,3.357094945450823653e-01,1.070961424168387702e-02,2.872501580205729099e-01,5.017340835555703649e-01,1.492279675264837624e-01,-7.828646941990620445e-02,1.364951216000265810e-01,7.334329266866457253e-02,-5.578238910017171114e-03,7.615941559557648510e-01,2.310027925581965569e-01,7.267800164485264114e-01,3.873357318700155760e-01,3.507463080933201360e-01,6.185654080094925567e-01,2.498711276520695357e-01,6.492684250946881286e-02,3.034255187975252177e-01,3.206975611487405953e-01,3.023614936838884271e-01,2.460482823584071999e-01,3.782872457488785090e-01,-6.168234203534717075e-02,6.580819579590511115e-01,-3.293204610811265812e-03,9.766523249729379408e-02,9.663833588780985917e-02,3.641271442406778802e-01,4.562458205301899578e-02,6.271541593477771848e-01,-3.772832212353672415e-02,-1.375062429620170779e-01,-1.172534911713027893e-02,1.525842785371938348e-01,4.222547599022345027e-02,1.270505634160645492e-01,4.838965705738694778e-01,1.197987537491287668e-01,-2.487380464859529905e-01,-1.243824945779937498e-02,1.263983771163574854e-01,1.003945471712905102e-01,8.700545790684898195e-01,2.801764882403142143e-01,6.824037700416656360e-01,3.398490102828219395e-01,3.496591628583273215e-01,6.022839117965470557e-01,1.709037927541824375e-01,-4.363168484334206676e-02,4.216624616051007912e-01,4.369336102709999725e-01,1.667743594376553951e-01,1.669679025312358345e-01,2.410526153143496830e-01,4.275184438660208919e-01,1.164035785547547497e-01,2.819305434836998914e-01,3.873165002759624831e-01,2.940121285594770595e-01,2.244411234683607870e-01,-8.280664842252261071e-02,3.437738926581629939e-01,5.426440880823729662e-01,-3.322964267694117346e-02,5.003097867400180254e-01,2.105672961669032561e-01,3.235707202748510092e-01,2.343146791835014620e-01,3.250564775557355790e-01,1.486292400262259616e-01,-2.057858838825087078e-02,3.180892239132712684e-01
2.077486196650909500e-01,2.121790138356994815e-01,2.424650145528349787e-01,1.195353480243141892e-01,5.228755819897206170e-01,2.579495235048941959e-01,6.161506960777902719e-01,3.232812860087774798e-01,4.252856951707764122e-01,3.951889470816808969e-01,3.453329894515544396e-01,3.459489359854637236e-01,3.356181136534430731e-01,5.592645753696598998e-01,7.023085783032317897e-01,8.596525437259855407e-02,1.684090275510556345e-01,2.630635050269155006e-01,9.002831726729579320e-02,6.338444078099441104e-01,2.310027925581965291e-01,7.615941559557648510e-01,4.700801197476427856e-02,4.552048091276704456e-02,9.689040324723695308e-02,4.153784344281385432e-01,3.558026660477018877e-01,3.822619355671179608e-01,6.938476670825808323e-01,2.977417745851547171e-01,2.450152341069789241e-01,5.982494405547945648e-01,4.664050134349903565e-01,1.131708333282696599e-01,3.833603119548988913e-01,3.214034170530680745e-01,4.047578112505926390e-02,4.482157126244044609e-01,-7.184766457348090718e-02,4.956235624952306518e-01,2.198217938712046793e-01,3.441599370882946762e-01,9.524236670269541072e-02,3.575059539967409550e-01,3.816714398742905578e-02,2.982267369896137929e-02,3.879044746526147946e-01,5.604850683161778369e-01,-2.109586449158588062e-01,-4.497645385838330151e-02,-2.222747161282579986e-01,1.474911508818885497e-01,6.609876698469830947e-01,2.631991873191886766e-01,8.374338370617063765e-01,1.239276109362609235e-01,-7.592082555883275519e-02,-1.670896765899614056e-01,1.320897729648689845e-01,1.510135322538541935e-01,2.306201768879805047e-01,3.728064752755599898e-01,2.270234603910118165e-01,5.809585959625537810e-02,2.667088907535048459e-01,2.928103959228088304e-01,3.807833116446378285e-02,-2.494515812599985838e-01,-1.517166435367077182e-01,2.299726556833977253e-01,-1.707900703713355894e-01,3.212953221330440146e-01,1.616279512403247243e-01,1.132893443245612253e-01,4.846350015473328554e-01,-1.782524860509834552e-01,4.590436617681997733e-01,-3.281080656456847322e-01,-1.242827318967997668e-01,5.048684353536447844e-02,-9.017941452222769105e-02,1.657108168874533161e-01,-7.617502254929408266e-03,4.583039172535622457e-02
-9.108140873849628061e-02,4.649246650499939681e-01,2.762906987825833327e-01,8.115090914637061725e-02,2.313058226285025498e-01,4.203678613087570848e-01,2.631954098691395849e-01,8.730679624497951208e-01,9.836102835946132841e-03,1.942434462027032085e-02,1.928517106207316145e-01,3.387160484547844241e-01,1.791737711067169780e-01,5.293956364362595313e-01,3.128235480773989274e-01,-2.897773623995265890e-02,-4.364521510545516653e-02,-1.000411431364673920e-01,3.238285151118783234e-01,-1.368469260349949312e-01,7.267800164485264114e-01,4.700801197476433407e-02,7.615941559557648510e-01,2.994105073670860762e-01,3.266243679524429844e-01,5.048150877910215772e-01,3.569906326364011839e-01,2.877842597720410289e-01,2.311255728907394558e-01,3.944017517296084518e-01,3.038491467128910384e-01,2.056068699960164614e-01,1.611204239952682693e-01,2.367254059296256680e-02,3.743836530031836585e-01,1.878820356692643134e-01,6.166107367092761582e-02,2.096157228981142540e-01,5.325378215185390118e-01,8.144171563783431100e-02,7.654338764984873755e-01,-4.986013177786539213e-02,-1.772241789173518156e-01,1.185518489282308269e-01,4.222211455689665882e-02,2.288296467650176580e-01,2.511275700410864342e-01,2.587049584227635313e-01,-1.868040737987029841e-03,-2.867885252665348661e-01,-1.176623373311350002e-01,2.630476715487304329e-01,1.497513382320809494e-01,6.522084151346212444e-01,9.885311136781636809e-02,9.128658734567008937e-01,1.095856372007913554e-01,2.647050424281390257e-01,4.009341100677935588e-01,3.447254811175399780e-01,9.892480265490660729e-02,4.448952165939091818e-01,5.251884982288754777e-01,3.042350735496179848e-01,7.566162275233032086e-02,1.288096984158871861e-01,5.591833148294991229e-01,2.405435958578268363e-01,8.735072348127032038e-02,3.067895641095665926e-01,1.887669054972951899e-01,2.188654265628928730e-01,1.163772869014736699e-01,2.935139325824764334e-01,4.765480090211853814e-01,2.273768356009816249e-01,5.483907204911653288e-01,2.050890426148191115e-01,2.135385383998470166e-01,1.821434590540916276e-01,3.189964388674954576e-01,-1.774281728557152576e-02,3.098158854223817901e-05,2.714178187647262042e-01
-2.472649880571261005e-01,5.709666248321780824e-01,-2.463811025032043023e-01,-2.115861363701992404e-01,-1.210754592201862684e-01,-3.680055302316689869e-02,-2.361164644080942232e-01,4.458319209908640501e-01,-1.986979947502229282e-01,5.283579036532829454e-01,-1.672224009184664073e-01,8.322375580772901627e-01,5.096357825186714069e-02,2.974331557280064375e-01,1.829446464561207686e-01,2.452755040264553987e-01,3.132136206612338158e-01,3.785050527757837235e-01,-4.764810351900028440e-02,-6.278536633793535549e-02,3.873357318700155205e-01,4.552048091276710007e-02,2.994105073670860762e-01,7.615941559557648510e-01,2.346253111529772173e-01,5.173309416173347275e-01,-1.101897856068902865e-01,2.714217984060615652e-01,1.654906331827795882e-02,-1.466544369503385362e-02,1.014085056588789335e-01,2.549848352567114507e-01,5.195222475245204752e-01,6.471095129102810749e-04,5.667877603388312702e-01,-1.825345268907479779e-01,5.373376884281346605e-02,4.159039623509289824e-02,-5.247344000327391466e-04,-8.032157752525792560e-02,4.102671560983993659e-01,-1.197380585963025018e-01,4.864933795984899834e-01,-7.541850637662692036e-02,8.171752872786329780e-01,1.834605849579320214e-01,2.438167827191049242e-01,2.631510422860299236e-01,3.206451722654874437e-01,2.984984532429729720e-01,3.516914086097610026e-01,-3.868683377927306655e-02,-1.221341339222090615e-02,3.362788969182368692e-01,9.130072970133309984e-02,1.970342310703563637e-01,8.572842305141813446e-01,1.766246381410184751e-01,4.384615749161149267e-01,-1.460639995946972081e-01,2.645823081737141980e-01,1.545250012727059641e-01,-9.269786588923554366e-03,-1.744671063551552492e-01,2.565209088918926073e-01,5.089368043041966327e-01,7.098740752415073907e-02,1.801666995089844514e-01,2.786986897625317594e-01,2.609915458667903532e-01,3.921925329561547907e-02,2.016825109383104109e-01,1.190479967228604136e-01,3.771982349726508699e-01,3.154831173685880841e-01,-5.191187432470768109e-02,1.414336134451633920e-01,9.190546568349429457e-02,1.690252444135793009e-01,9.319746534129094706e-02,7.991551237460493839e-02,4.593907306416573633e-01,1.363773578229803274e-01,5.198363498485714107e-01
-1.971186294605378753e-02,1.598315162978715120e-01,-8.055068733765487210e-02,-5.322277988867200882e-02,-6.631594648146345305e-02,4.840407994431273342e-01,1.388204333218569786e-01,3.149703445637855315e-01,9.783009441539525231e-02,4.993082742115190764e-01,-1.891518909911799606e-01,2.023449944042834403e-01,3.129334269984605510e-01,-6.890246544776401638e-02,1.286295754603855035e-01,5.863890819837467294e-01,5.575669256578197341e-01,6.217347156627006655e-01,1.868959316772551837e-02,-2.278600624130494023e-01,3.507463080933201915e-01,9.689040324723695308e-02,3.266243679524430954e-01,2.346253111529772728e-01,7.615941559557648510e-01,5.491748115517427475e-01,1.489640643556142674e-01,2.557631879631978855e-02,3.010247857615249156e-01,3.834290415722179657e-01,1.331360333220246162e-01,2.583859952276474237e-03,1.230899268785970307e-01,-5.489163857711573669e-03,7.114900841978319054e-03,-1.124114223194661588e-01,4.087078273441544646e-02,1.317932115445932459e-02,3.636942810699675954e-01,1.295885965263710304e-01,1.785567193134220965e-01,4.252658825018541637e-03,8.710691515035409727e-02,-2.172699404929839262e-01,-3.864506160336818319e-02,2.603693135224206534e-01,-2.191359100300072638e-01,-2.200659747173601063e-02,3.672630372828845635e-01,1.961533106876199306e-01,2.613312760986306049e-01,-1.437417366853269499e-02,4.541964248982496150e-02,2.967861567605225570e-01,1.836451265384327763e-02,2.351101414253890243e-01,1.878653541215844283e-02,6.458026865427273222e-01,1.600722277573057850e-01,1.560212611382029955e-02,8.986934217943846892e-02,3.969940778740019272e-01,3.516047534521065110e-01,5.708727002187524019e-02,-5.466352411609696343e-02,4.902928917052429281e-02,3.805591350454814448e-01,9.119092554178548360e-02,4.788904160485059069e-01,3.753449698032332860e-01,2.743636421499101030e-01,2.215801182467038999e-01,-3.035616532521387065e-02,3.213013648920043375e-01,2.542971572410843151e-01,3.145640923618397422e-01,5.922330405645829243e-01,5.003271519825020636e-02,4.475961128349066342e-01,2.350817777801461894e-01,3.835488343277112522e-01,6.875083905292414532e-02,-1.449145868864803732e-01,1.017162957850502314e-01
2.408232328723478588e-01,5.246756003333341578e-01,2.417313186971721539e-02,1.230025955242933788e-01,1.436328108546321425e-01,5.764348556192476769e-01,3.422552326883635532e-01,6.338882026956838001e-01,1.564559925859345391e-01,5.823765504152609296e-01,5.931770531768319060e-02,5.506526696591732550e-01,5.565585132307968586e-01,2.425506460311032952e-01,5.000129911557228413e-01,6.130525934057446946e-01,4.553933305999599002e-01,4.842641617204029858e-01,1.530279738109322496e-01,3.957145755089627737e-02,6.185654080094924456e-01,4.153784344281384877e-01,5.048150877910215772e-01,5.173309416173347275e-01,5.491748115517427475e-01,7.615941559557648510e-01,3.003174682032689335e-01,4.206229419924547575e-01,5.699377468645703271e-01,5.850949021181534038e-01,4.009123079946414481e-01,3.534587990142148417e-01,3.581671030365164987e-01,5.051985329992670498e-02,5.589418814592737039e-01,4.700147169513745060e-02,6.478687397047187824e-02,2.251546664818680488e-01,2.856952297315004108e-01,3.975457002716805688e-01,4.180681227960861279e-01,2.083843817638530438e-01,2.476744493247738099e-01,1.482135896462007975e-02,2.988805137479567664e-01,3.720639768746009657e-01,1.786048312148671158e-01,5.001487847331664849e-01,2.656857780582917994e-01,1.044129176782919444e-01,1.468022719801582721e-01,1.602741825639674988e-01,3.190162089135902823e-01,5.296433096633483828e-01,4.215958533923043761e-01,4.097826241334165398e-01,3.130519535881159943e-01,2.105152418117859914e-01,6.861450740131286308e-01,3.115673577526907878e-01,2.936932473090611562e-01,5.041001712507787724e-01,4.342995787616177883e-01,1.612279518974821246e-01,2.865611835025139165e-01,3.127244604233323511e-01,3.084270340187219017e-01,1.205397288793118651e-02,2.168507067335895544e-01,3.765712181975081618e-01,1.489086489885328712e-01,3.487188296014704925e-01,2.221251255668512184e-02,3.404232947935166842e-01,3.615955499995243683e-01,7.590403814617475986e-02,5.525105128961168566e-01,1.307852614992787398e-02,4.101305388630797633e-01,2.042551686276975198e-01,2.211594316167041219e-01,3.102030516084129941e-01,-9.296828764087901320e-02,3.095372079730587256e-01
1.842666533166719411e-01,-5.379829965177999190e-02,4.101124820574326146e-01,3.296653002364604568e-01,6.205703810452662950e-01,4.972960917572495920e-01,7.254200572773591427e-01,4.511647183405882444e-01,7.115517939822677551e-01,1.835666543597073153e-01,4.240154754602698528e-01,1.236729315406453894e-01,4.484002531602026553e-01,4.020248547785449933e-01,5.238834517619612718e-01,-1.830681624248241546e-01,7.325395859790266584e-02,-7.805895864735440393e-02,1.755158820191194957e-01,2.069227171721410019e-01,2.498711276520692859e-01,3.558026660477018321e-01,3.569906326364010729e-01,-1.101897856068903003e-01,1.489640643556142674e-01,3.003174682032689335e-01,7.615941559557648510e-01,1.913822714869721497e-01,4.563147980868703102e-01,4.995333389041020089e-01,4.113303117874203552e-01,1.884425796333641934e-01,8.225397496899955474e-02,7.307601252079611032e-02,-1.290455254069851690e-02,3.788435145837845131e-01,2.547367803945229658e-01,6.036047090156752004e-01,3.411867228486063497e-01,7.713094927686419133e-01,3.744817631862019103e-01,6.697664014411908173e-01,-1.899025755182816855e-01,3.468269503417968358e-01,-7.908657720019383885e-02,3.432418970925001367e-01,1.884977583716042071e-01,2.967317311266836066e-01,-2.778810146154570559e-01,-1.444952492216488305e-01,-3.181309236210432267e-01,1.980791376770839052e-01,3.143055329825429900e-01,2.687903343515902210e-01,2.470860671958471644e-01,4.942494576733943434e-01,-2.546338097815740720e-01,4.811841901693963974e-02,-2.277324741985132465e-03,8.891197932978024410e-01,9.150845553934185139e-02,4.975048458317562483e-01,3.886075165025333344e-01,4.251251289639045305e-01,-2.596188018777615403e-01,-2.198956645191455506e-01,3.360153372593985277e-01,-1.494824860965802138e-01,-4.344527083299919851e-02,7.596625889614286309e-02,-6.741231300842590035e-02,3.444854358477820733e-01,1.928705739824530807e-01,3.194410272311102306e-01,3.911336623690566117e-01,1.115096533852723282e-01,5.783889841844707114e-01,-5.252194596903247276e-02,6.276702587224691765e-02,-1.747415655519808306e-02,3.340688317720034300e-02,-1.014433740496474600e-03,-6.805189324536321804e-02,1.640946962315702473e-01
5.045555283163624116e-01,4.524001464703156228e-02,4.585013691480405718e-01,-6.376007431436164774e-02,1.232637216546421388e-01,2.799576319639573985e-01,1.112101359955785657e-01,4.704330796983515195e-01,1.322736795014314015e-01,2.420480495428842804e-01,3.842999498854478002e-01,4.506560187999972267e-01,3.987773332341165156e-01,3.327507099100529553e-01,4.709117005374808262e-01,2.747793782644128990e-01,1.289025402964714684e-01,3.839391649953882157e-01,3.006706110771778517e-01,4.683715415753137434e-01,6.492684250946875735e-02,3.822619355671179608e-01,2.877842597720410844e-01,2.714217984060615652e-01,2.557631879631973304e-02,4.206229419924548130e-01,1.913822714869721220e-01,7.615941559557648510e-01,2.414294997224424311e-01,2.989251771742830188e-01,3.170129167688426342e-01,8.476616621269343899e-01,4.416507214599338371e-01,5.537300235012986294e-01,1.706129993081924867e-01,4.375731958799572996e-01,2.193271899864374097e-01,1.829529783774101193e-01,5.195200627454300835e-03,3.028132614388327065e-02,4.593193044341416509e-01,7.511152671805930436e-02,3.151117972668228684e-01,4.783736977267508683e-01,2.352176139818454859e-01,4.524610802880060789e-01,2.957682113483613429e-01,4.600293900389792467e-01,1.709735244398792597e-01,1.670774605562804771e-01,1.025162449838298157e-01,3.643819396541550515e-01,4.161603533034060054e-01,9.308197666064947640e-02,4.209816876000598840e-01,3.180121200659708491e-01,2.474977497692966710e-01,-2.331775034891718848e-02,3.379358472416419401e-01,1.051903971397511461e-01,8.531546073019251608e-01,1.982148234254676733e-01,1.586281406399172311e-01,5.890946108614136117e-02,5.862984740314762799e-01,3.760182835513031785e-01,2.996430853923900961e-02,-1.495283043966572079e-01,-2.114635160156701776e-01,-6.235443581786865447e-02,1.246104515324821665e-01,2.880210760769920109e-01,1.358931173843326290e-01,2.208916023213579882e-01,3.546504187432722444e-01,-2.919516430301654641e-01,1.926403920720957674e-01,-4.043236654863748836e-01,-1.873960237571111187e-01,-7.722683279332039075e-02,1.142063149455890547e-01,2.462190944167773898e-01,6.152036963955744703e-02,2.125728707553472541e-01
2.288531303739058109e-01,1.660297233201942502e-01,1.230443806195738315e-01,1.637229373576186142e-01,2.083446671496413938e-01,5.117157818546091974e-01,5.643356105279827561e-01,2.503404342921006220e-01,1.221586791795296750e-01,2.245553328106583146e-01,3.620014963326501772e-02,2.657017660944358539e-01,4.872173950265076270e-01,2.565306823968177552e-01,5.845119826417010112e-01,3.416797339820364793e-02,1.282737875478484335e-01,2.644684308194060751e-01,-1.069240949526293477e-01,5.449363618676745791e-01,3.034255187975250512e-01,6.938476670825807213e-01,2.311255728907394003e-01,1.654906331827795882e-02,3.010247857615250267e-01,5.699377468645703271e-01,4.563147980868701437e-01,2.414294997224424588e-01,7.615941559557648510e-01,2.645595629200264698e-01,2.239579016514123277e-01,3.939909615883420702e-01,2.762953195436101406e-01,1.616624058490048477e-01,2.635358428539676459e-02,5.571594577236380075e-02,2.964708013158183150e-02,1.893149543513398259e-01,1.728993485151786857e-01,3.564026540410670796e-01,8.410467345229363789e-02,8.467637968271370108e-02,-1.413669339470722819e-01,4.695877404438200675e-02,-6.485131083365194837e-02,2.952421195036432355e-02,3.079815404772025256e-02,4.945533462120334511e-01,-3.819422142769003936e-01,-8.701012291863446935e-02,-3.534219811303399017e-01,-7.948523377016707137e-02,5.097698685452041190e-01,1.911585973219653289e-01,6.200588520279085580e-01,1.688587509036094947e-01,-1.322037628089011430e-01,-4.732760322469618808e-02,2.617668196796948399e-01,2.511504692967326258e-01,1.854757565574069733e-01,5.865669306425698171e-01,1.226269328466095682e-01,2.316285310894088678e-01,1.665718298957834798e-01,7.947635601353032764e-02,2.047996290491355467e-02,-3.529747772388682203e-01,4.896802002712612699e-03,2.161148384118680155e-01,1.553108804898518103e-01,2.191137582942543072e-01,3.140043705698775806e-02,4.405341158068122598e-02,4.011709467286685982e-01,-1.338113682834019547e-01,4.617492767573188606e-01,-3.495117078557139489e-01,-2.764192810623399693e-02,4.007135688442849120e-02,1.942560909946565162e-01,8.916887009689988819e-02,-1.554745316789651055e-01,3.486864424520216138e-02
1.007841330032708260e-01,4.529139020039125718e-01,7.420736004299482991e-02,3.219681775063580886e-01,4.574589142540417264e-01,1.894162829317711239e-01,3.323660510218068298e-01,5.138298677813439852e-01,3.371394438074656330e-01,1.716743081571611429e-01,3.230803541746803398e-01,3.458426656979248781e-01,2.443187526390949993e-01,3.080517614318610264e-01,3.677482034574931502e-01,2.873806560675861710e-01,7.809078910407120377e-02,1.812347287474300739e-01,2.860804844596541718e-01,3.441461671432172187e-01,3.206975611487405953e-01,2.977417745851546615e-01,3.944017517296083963e-01,-1.466544369503385362e-02,3.834290415722179102e-01,5.850949021181532927e-01,4.995333389041021754e-01,2.989251771742830188e-01,2.645595629200265808e-01,7.615941559557648510e-01,3.252982316973423993e-01,2.311988479935035701e-01,2.295743169272048689e-01,-1.045182867289382381e-02,3.167578068312547623e-01,1.019438386180706452e-01,2.077128084649407791e-01,4.190175894947794077e-01,-1.511391050700519600e-02,2.667810897790741098e-01,3.860329961689374922e-01,3.918334403481545936e-01,-7.183209822070291128e-02,3.214522810992785362e-01,-3.142003175618329758e-02,8.414276197785662548e-02,1.983476360880178369e-01,2.746822171539446966e-01,-1.564594043534393505e-02,-3.333917679422322422e-01,-2.407868000419240151e-01,2.624714903396133669e-01,5.108097583164483702e-01,1.421333646833496389e-01,4.026400717499811210e-01,2.224654275035995166e-01,-1.126696825490393905e-01,-9.064834890642137211e-03,1.701023234327131706e-01,5.427116376477141291e-01,1.162637511587482353e-01,3.407469004136343682e-01,6.238357142798854893e-01,3.395123040229383604e-01,3.205548751726222667e-01,2.190202874263394162e-01,2.402468729409318049e-01,1.595360850412949338e-01,1.335936633163343490e-01,5.707262145797438180e-01,1.713209498090157989e-01,1.143202580439766497e-01,2.233648513180000184e-01,2.875756717787810723e-01,2.742148133189499792e-01,1.039669875826629980e-02,4.066124468985503060e-01,2.006634361669947797e-01,2.736359733380328008e-01,3.509519691839037558e-01,3.588886410841352625e-01,8.909563443124743354e-02,1.801015856034861029e-01,2.076303681783187582e-01
1.488236411961659789e-01,2.838032723851977024e-01,2.100802517000573688e-01,1.756193684381072984e-01,2.044017793665575400e-01,9.507355576086930216e-02,2.113606067190503535e-01,3.180564144342980515e-01,1.850927131328067021e-01,8.553698865349035688e-03,2.527745602252500223e-01,2.130145380459912974e-01,3.096999853540980396e-01,2.433670314324796746e-01,2.344932416541826714e-01,1.234423392104954664e-01,2.319857433531982357e-02,2.062315607528084904e-01,2.443027461225140695e-01,2.624088767188997307e-01,3.023614936838884271e-01,2.450152341069789796e-01,3.038491467128910384e-01,1.014085056588789752e-01,1.331360333220246439e-01,4.009123079946413926e-01,4.113303117874203552e-01,3.170129167688426897e-01,2.239579016514123277e-01,3.252982316973423993e-01,7.615941559557648510e-01,3.272750433660786551e-01,1.698471458878477169e-01,1.767493765425900698e-01,1.534755068146053947e-01,1.895978036099102981e-01,9.871717368892346522e-02,2.861730764075008926e-01,1.328187920065985739e-01,1.533510199569960986e-01,2.948793640708342600e-01,1.911757444079977275e-01,-6.437198777773356362e-02,1.724746926078231379e-01,-1.072589386677750278e-01,3.274155323660020156e-01,8.178566891057069410e-02,1.693934102136351871e-01,9.017517786849564565e-02,-1.072658209507942745e-01,1.282339679235427743e-01,2.054167536644019298e-01,2.172054478249176024e-01,1.721280031148514356e-01,2.002586158309155873e-01,2.746068940175336315e-01,1.038618249668524091e-01,5.755195818953889875e-02,2.775632018464474493e-01,3.065404597195328651e-01,3.271629459640515991e-01,1.927945685938410036e-01,1.929355014509253063e-01,2.937461716135913448e-01,1.256603092909681085e-01,1.536397650601454279e-01,-2.246613222699659143e-02,1.160059804902426189e-01,2.818739005481121079e-02,2.918924694270619291e-01,-3.173434835503959744e-02,2.524924464691362669e-01,4.653060264475294971e-02,2.344282356919124843e-01,7.107091186952727013e-02,-3.484865950654599809e-01,-4.418894458185376045e-02,1.416449362596638485e-02,1.873128586914880878e-01,2.162404779053080373e-01,2.707876098962556585e-02,1.622643368595465818e-01,7.313690154732616078e-02,8.918109716130415143e-02
2.104255873959463563e-01,2.188036837481688313e-01,3.856133804389336173e-01,1.917783430246504939e-01,1.229494687856470536e-01,8.630770342183845256e-02,6.887984747770524441e-02,3.688953415839886230e-01,5.883876463927335126e-02,3.173782255104971584e-01,4.092737048976123893e-01,3.991719700296096351e-01,1.773382557336435073e-01,3.975570559072589272e-01,6.116047313843963051e-01,1.590993979647443990e-01,1.377165610625813719e-01,3.261868156218649673e-01,2.995056288971630898e-01,6.568066154452564254e-01,2.460482823584070888e-01,5.982494405547944538e-01,2.056068699960164337e-01,2.549848352567115062e-01,2.583859952276390971e-03,3.534587990142148417e-01,1.884425796333642211e-01,8.476616621269345009e-01,3.939909615883420146e-01,2.311988479935035423e-01,3.272750433660786551e-01,7.615941559557648510e-01,7.054806053547411082e-01,5.100893637908930911e-01,2.881289235067505117e-01,3.841991267173328617e-01,4.106983117070999167e-01,2.094988687309671804e-01,4.734144525305558626e-03,-2.860926840485516348e-02,3.847638686312307432e-01,-3.971789997147752438e-02,3.608487199024896785e-01,5.056609594279303233e-01,2.490697156669307577e-01,2.970214901860437351e-01,3.191101473681046685e-01,5.716287479852154574e-01,1.821214143028787591e-01,1.754776859770557085e-01,1.399115222430435401e-01,3.896613962529075770e-01,5.571175555516948430e-01,2.816623594643789530e-01,6.153116380450074363e-01,2.771344535288107758e-01,2.855459243718338480e-01,-1.084483382387830229e-02,3.745271288234720553e-01,2.245313013757188614e-02,8.249735562546751666e-01,3.197096068074009589e-01,2.451958499657197754e-01,9.821827245073667945e-02,8.778632197456617270e-01,7.251556885076555492e-01,-3.515755417402318186e-03,-4.823044386107404324e-02,-1.874826775536072021e-01,8.550486984007216185e-02,1.306127737945694811e-01,3.016637838732747490e-01,2.293042162033137876e-01,1.660473661252207800e-01,5.199848435352319997e-01,-4.712853439025660451e-01,3.079134617696124149e-02,-2.146356651586514286e-01,-2.320481026939438807e-01,4.611606606777377687e-02,1.916830402206643469e-01,3.041345973160249905e-01,2.901972797471216725e-01,1.944580956403446359e-01
-2.279868578454113254e-02,5.972165550058201600e-01,1.956938459014787302e-01,1.487543463949403399e-01,1.550176835587417368e-01,4.006282576947432783e-02,1.645128795857574433e-01,3.258896585326812589e-01,5.609712752597884738e-02,4.450560545841513171e-01,1.956609441066263777e-01,5.505320160974258581e-01,6.894490844623631098e-02,4.705183557030673258e-01,4.572924284033803022e-01,1.536980307621075292e-01,2.271948087081643586e-01,3.508665479503084161e-01,4.350334008021780607e-02,5.102167843522599222e-01,3.782872457488784534e-01,4.664050134349902454e-01,1.611204239952682415e-01,5.195222475245204752e-01,1.230899268785971418e-01,3.581671030365164987e-01,8.225397496899958250e-02,4.416507214599339481e-01,2.762953195436101961e-01,2.295743169272048967e-01,1.698471458878476614e-01,7.054806053547411082e-01,7.615941559557648510e-01,1.170218029168860613e-01,6.296216247268759947e-01,2.828645537852270686e-01,2.772331288506763580e-01,1.699287792542512054e-01,-7.855894017710872423e-02,7.910423402430512285e-03,2.977303358506446229e-01,-6.590467670652654097e-02,4.420076983048360497e-01,2.375892736687226225e-01,3.991587965740889254e-01,3.051421804027081019e-02,3.249589839898550103e-01,4.193440168223522835e-01,9.653944231016808875e-02,2.148451501130243801e-01,1.370977592671519529e-01,1.479777765207846707e-01,3.296655077302704795e-01,4.171846221609133432e-01,3.819604378718550186e-01,2.080231227256370552e-01,5.284339176813220851e-01,1.071888710519652843e-01,2.461457385354902383e-01,-1.666326379724960560e-01,3.929732441283591560e-01,1.774390285444201465e-01,1.075812388235600353e-01,6.068215481270147760e-02,4.934665169629657844e-01,8.793619599949956678e-01,-1.550106574375906543e-01,-2.160107974548451104e-01,2.677985616878161487e-02,1.539919372782578011e-01,5.832316921457825903e-02,3.409831699868705601e-01,1.629458931502826280e-01,2.902049857980343872e-01,5.015727941193541817e-01,-3.494752790856194280e-01,8.789810215479820776e-02,-2.767309372008011081e-01,-1.763774734682385312e-02,8.166673412694584744e-02,1.997806183025634397e-01,3.918104250521366461e-01,1.539387740156975271e-01,3.927030313100361991e-01
1.518880294326408475e-01,8.291055814430228765e-02,3.027962957471683203e-01,2.974115466295886717e-03,8.025346641263232661e-02,-4.136272393775010381e-02,3.534257567888295787e-02,7.275133639701779342e-02,1.309550979926728947e-02,-2.514747391242297056e-02,1.198045315999435728e-01,-4.032535247034474413e-02,-2.252703752686973076e-03,1.592440439741049374e-01,2.786876680115601412e-01,8.919047573247515515e-02,-5.056992488937086389e-02,1.622527114201878784e-01,1.100185045753679369e-02,1.129213886844417508e-01,-6.168234203534717075e-02,1.131708333282696599e-01,2.367254059296253904e-02,6.471095129102810749e-04,-5.489163857711601424e-03,5.051985329992667723e-02,7.307601252079611032e-02,5.537300235012984073e-01,1.616624058490048477e-01,-1.045182867289379605e-02,1.767493765425900698e-01,5.100893637908932021e-01,1.170218029168860058e-01,7.615941559557648510e-01,1.694470195528624823e-01,2.265636756542765140e-01,4.206277989055062089e-02,1.515025290310019201e-01,3.923134399538941858e-02,1.511539633126583460e-01,1.239882600396426948e-01,-6.881111888872711024e-02,8.939092980613665140e-02,1.953806663529961407e-01,-1.379658811404616547e-01,5.538235412901996169e-01,1.572516233137670194e-01,2.019039290452198376e-01,5.764629562458215561e-01,-3.562957147068598895e-02,4.511603882183998770e-01,7.406270677666018654e-02,3.392802398434642541e-02,3.522250607363557051e-02,1.885302021946513307e-01,1.062593375902099874e-01,3.117751671042689326e-02,2.008094368953055320e-01,2.925876508703040835e-01,6.375341873019822747e-03,7.642263534952663528e-01,3.022537444046609623e-01,-2.629333112061371658e-01,7.319629425293477931e-02,1.748706452494656893e-01,1.481994693040831479e-01,9.672765257769870562e-02,-1.975340430167062122e-01,8.449975945037731251e-02,6.496419055521023000e-02,1.158167677926570799e-01,9.436339854148449724e-02,3.732948334463467594e-03,1.247027465066841284e-01,1.361083395274685359e-01,-2.185346588765562925e-01,-7.366579081176877208e-02,-3.113598945558478381e-01,1.239686213738966647e-01,1.302744992088462894e-01,2.034017632917856921e-01,7.615035643945428090e-02,-6.102896851874505674e-02,1.915730354460334905e-01
-1.034914661896456228e-01,8.698656361326718711e-01,1.780060781200671072e-01,9.833396200899556516e-02,9.593788618069275242e-02,1.879591733481910179e-02,-1.252763411521948533e-01,5.000377213517754882e-01,8.581509438614538798e-02,2.387554437379199590e-01,1.617380227340634580e-01,3.873381777547784122e-01,-1.203115123704299044e-01,3.109784737030562018e-01,4.879845347714377168e-01,5.105736687074529517e-02,-1.928405246977488441e-01,1.127182164523074515e-01,8.763846114951998056e-02,1.686609524806071403e-01,6.580819579590511115e-01,3.833603119548988913e-01,3.743836530031837140e-01,5.667877603388312702e-01,7.114900841978374565e-03,5.589418814592737039e-01,-1.290455254069857241e-02,1.706129993081924867e-01,2.635358428539687561e-02,3.167578068312548178e-01,1.534755068146053947e-01,2.881289235067504562e-01,6.296216247268758837e-01,1.694470195528624268e-01,7.615941559557648510e-01,1.675754946076302154e-01,2.023133487944805409e-01,1.520308017490254460e-01,1.156383917443004096e-02,-1.839164493185508065e-01,4.649459691630868363e-01,-2.249294310692192406e-02,1.515968185570193694e-01,2.370553784549335741e-01,2.904512145490046326e-01,-1.273677971981810042e-01,2.993075683852634006e-01,5.539247235077855436e-01,6.218805259541413527e-02,-1.816261352027518372e-01,-1.167452842156983936e-03,1.171604950790881977e-01,1.674859116826965533e-01,7.592114585128004745e-01,4.158564099785755364e-01,4.340727683896170586e-01,6.741718813624720807e-01,1.742401586656606993e-01,6.538392969027689849e-01,-9.804987468525858119e-02,3.875398542323658935e-02,1.038179460118809766e-01,1.692446638659685643e-01,1.322670634998286965e-01,2.342607466224038149e-01,5.128340878115865697e-01,6.649773873696325499e-02,1.250164019567195917e-01,2.371690393105956307e-01,1.665394427851174253e-01,2.751613075214638382e-01,4.278695759650666397e-01,1.195678681561885420e-02,4.393861898489731521e-01,5.238997775536049506e-01,-3.048408077326313914e-01,1.168667529800498928e-01,-8.083053151322176777e-03,1.925576099217853887e-01,2.380826830333915012e-01,1.911480562984836651e-01,4.587193091135366996e-01,1.935056291476186519e-01,4.973008140003242206e-01
1.156566992888608258e-01,1.299068725516398515e-01,9.193714211772079370e-01,4.507708505627194134e-02,4.814446244664084551e-01,-1.858487850313427989e-02,2.828595821498613994e-01,3.621979992450701791e-01,4.956600842808623897e-01,2.737779557977330566e-02,8.011335550085498802e-01,4.125365994797494662e-02,6.198369345141852005e-02,4.510335787447193323e-01,6.311785101843992996e-01,-1.713412536810386966e-01,6.046097702569409177e-02,1.306123598563410475e-02,4.943858053651949414e-01,4.387228490115402391e-01,-3.293204610811154790e-03,3.214034170530679635e-01,1.878820356692644800e-01,-1.825345268907479779e-01,-1.124114223194662143e-01,4.700147169513745060e-02,3.788435145837845131e-01,4.375731958799572996e-01,5.571594577236380075e-02,1.019438386180705342e-01,1.895978036099103259e-01,3.841991267173329172e-01,2.828645537852270686e-01,2.265636756542765140e-01,1.675754946076302709e-01,7.615941559557648510e-01,5.587202135100056977e-02,5.214498878854498809e-01,-4.615593215833907470e-02,2.199947029293718992e-01,4.124434791957059532e-01,4.276676599698083781e-01,-1.316829024568833828e-01,8.457414723778025056e-01,-1.531960874106124970e-01,1.654756522235135974e-01,1.550989865558307090e-01,4.462247821518391944e-01,-9.441821769235871076e-02,4.889858795381122475e-02,-1.244593295133904903e-01,5.234545645295968219e-01,5.404639933705991384e-01,1.178641636559776412e-01,4.429809159135224550e-01,3.946892991379537530e-01,-1.520012692464741411e-01,-2.241890011880907224e-02,6.431940245032233792e-03,3.370164165314217253e-01,1.766453558382739264e-01,1.941764586670967352e-01,1.601659027794685719e-01,8.648795415332836967e-02,6.707123920389115868e-02,1.390171860322014230e-01,-2.062812480376640615e-03,-1.426112857724668725e-01,-3.962460746491235919e-01,-8.347951968147070134e-02,-8.779393705423814420e-02,5.530807107263344125e-02,1.647916022103143863e-01,2.273543249986505546e-02,3.107067125473778058e-01,-1.666637511429493734e-01,7.134190320904148196e-03,-2.134158850399234530e-01,-2.664316142513917240e-01,-9.454970290746880779e-02,-8.616950459726821498e-02,-2.224582007381273874e-01,-1.545067275354871650e-01,-7.802920710920668856e-02
-4.982425272974953107e-02,1.489173318613305763e-01,2.603756107742822082e-02,1.587155769105288439e-01,2.581211772271448934e-01,3.229400873006697120e-02,2.637809831655394954e-01,1.625501977879540982e-01,1.785905194990773937e-01,3.220566599730961266e-01,1.131263401630399484e-01,3.576898700655909979e-01,2.629982883228800250e-01,2.782317681744128079e-01,2.643264902263848387e-02,1.528211039069402311e-01,1.870516642151913433e-01,4.716457958110338577e-02,9.276849279977812668e-02,6.852980461333443851e-02,9.766523249729379408e-02,4.047578112505920839e-02,6.166107367092761582e-02,5.373376884281335503e-02,4.087078273441547421e-02,6.478687397047187824e-02,2.547367803945229103e-01,2.193271899864373820e-01,2.964708013158187314e-02,2.077128084649406681e-01,9.871717368892352074e-02,4.106983117070999167e-01,2.772331288506763025e-01,4.206277989055062089e-02,2.023133487944805131e-01,5.587202135100047262e-02,7.615941559557648510e-01,2.950453434600696645e-01,9.179284739017588846e-02,3.509213900477333170e-01,2.571162960168550948e-01,1.973885580236720005e-01,4.424922164988512874e-01,1.345629898206946451e-01,1.745980936627408164e-01,3.161705260766481396e-01,1.105682535782344933e-01,3.691011905039953689e-02,2.623374385512530216e-01,2.225276365411108237e-01,1.386908225326921318e-01,9.618714927761866373e-02,5.679729978114971684e-02,7.603593035462670457e-02,7.336839684907861536e-02,1.522362536773047836e-01,2.350467561907777780e-01,1.887037832922026093e-01,1.545805455718466670e-01,2.261569070122473324e-01,2.168640370237913395e-01,1.510523360452395158e-01,3.524456164074000197e-01,3.921746039794161143e-01,1.458400137915838168e-01,2.150381873531135302e-01,-1.315434801607546500e-01,-1.368588363682421982e-01,4.629586395707161600e-02,2.333018378998468478e-01,-1.045661790161546145e-01,3.817118082061549678e-01,3.876435083954242189e-01,3.641422358405813076e-01,-4.191160570267198071e-02,-2.794333854358228564e-01,-1.648996577748943204e-01,-5.176362992446162901e-03,1.201121521229766703e-01,1.096540217687215074e-01,5.334753819482065951e-02,4.026365405206616122e-01,2.647238893715372909e-01,2.029456350043173651e-01
8.556543158405227611e-02,1.161745278339307436e-01,4.735663729799949873e-01,6.804709557712014523e-02,9.472914633068908463e-01,2.447088651276235760e-01,4.629856247360809585e-01,4.053495681545774554e-01,7.487195246992675024e-01,2.963571488990328073e-01,7.170815225379636448e-01,4.079683019247090092e-01,3.437219736277536408e-01,6.388952881495506553e-01,5.524960903802499379e-01,2.034355877851684417e-03,1.101154618724357326e-01,-2.182240319204374265e-02,4.234032360297059761e-01,3.804814284069933383e-01,9.663833588780980366e-02,4.482157126244044054e-01,2.096157228981140874e-01,4.159039623509289824e-02,1.317932115445943561e-02,2.251546664818680488e-01,6.036047090156752004e-01,1.829529783774101193e-01,1.893149543513398814e-01,4.190175894947794077e-01,2.861730764075010036e-01,2.094988687309670139e-01,1.699287792542512332e-01,1.515025290310019757e-01,1.520308017490254460e-01,5.214498878854498809e-01,2.950453434600696645e-01,7.615941559557648510e-01,1.083882567619286336e-01,5.121154846263351601e-01,4.640689483914229307e-01,8.114243482991876366e-01,8.384501778204292433e-02,7.476790617968379626e-01,1.237021621617216405e-01,1.445337351759674871e-01,5.846315193769063834e-01,4.753754905870582470e-01,-1.024195765283165693e-01,7.285957257934395914e-02,-2.687964430020540196e-01,4.318211965843342104e-01,4.184076435823703699e-01,7.685722560357481636e-02,4.920780632698174006e-01,3.911798753148703622e-01,-1.082426178980434583e-01,-1.466168206792228638e-03,1.473988304366746216e-01,6.697635382888685873e-01,6.195532604999205370e-03,2.379899609338031186e-01,5.476523396330946758e-01,3.487250426712674156e-01,-1.575476735108049808e-01,7.944942063451308767e-02,-1.091017783306890837e-01,-2.242606375311339273e-01,-3.572192463562905429e-01,1.656057344420522603e-01,4.972722220288279538e-02,3.023512019131456285e-01,3.928611542242607668e-01,2.151729144241187885e-01,2.984392331899148321e-01,-2.105494631431527042e-01,-1.606110934687411951e-01,-2.058358465308879337e-01,-2.241364769621085606e-01,1.388284906915323302e-01,-5.100199912760085535e-04,4.781689286974499103e-02,-1.102036468735219515e-01,2.992553130206555001e-01
-1.997017578720457764e-01,1.005561198047936478e-01,7.546151664573390316e-02,-3.843527693116917388e-02,7.782353446326845114e-02,5.581423008903363403e-01,5.212072870342113196e-02,4.559226820616931741e-01,1.043048540245605227e-01,-1.830457790356594949e-01,-6.794864694271628147e-02,1.609992509539940053e-01,1.748925493728838432e-01,1.119367500450608455e-01,2.371186933439789202e-01,3.980141212563582248e-02,-6.982622058810026254e-03,-1.834874891270421859e-01,-3.117416388411122299e-02,-1.735996416422731434e-02,3.641271442406777692e-01,-7.184766457348093494e-02,5.325378215185392339e-01,-5.247344000329334356e-04,3.636942810699675954e-01,2.856952297315003553e-01,3.411867228486063497e-01,5.195200627454162057e-03,1.728993485151786302e-01,-1.511391050700514049e-02,1.328187920065986016e-01,4.734144525305544748e-03,-7.855894017710868260e-02,3.923134399538950184e-02,1.156383917443004096e-02,-4.615593215833907470e-02,9.179284739017584682e-02,1.083882567619286058e-01,7.615941559557648510e-01,1.010578760391000336e-01,5.047185647980164669e-01,5.044112937538103303e-02,7.053099994917405580e-03,-1.508700897362360294e-01,5.566705028755784129e-02,5.425493789602490180e-01,-1.602627270843573828e-02,1.756319463332879638e-01,3.926400228159684369e-01,2.504430857851592390e-02,2.197335422498687407e-01,-2.746001712984653606e-02,1.706349613211010918e-01,4.291934880196836555e-01,1.673108158267358481e-01,5.394499274457766891e-01,6.915604532451753717e-02,6.467814666425681924e-01,6.511981178489996136e-01,4.883919059290955378e-01,5.438252921416843189e-03,5.553011483585138519e-01,3.488700045058851229e-01,4.401296207108562064e-01,-3.992761924291311944e-03,1.925997658614266722e-02,7.007210251378022114e-01,1.401911164161163958e-01,1.198265420514240814e-01,8.030895976525491420e-02,2.358969331587486840e-01,1.421213513086304336e-01,-6.426759998244112315e-02,2.057131531506382893e-01,2.374353970398814795e-01,1.501097927977231294e-01,4.016351256012764548e-01,2.323974758312647160e-01,1.926717287991079053e-01,4.618998353415743052e-02,3.361575825039015974e-01,-7.884803016023846089e-02,-7.347370979419151626e-02,7.135030151821883382e-02
3.471298416913623508e-02,-1.901965126207491863e-01,2.296319307426498701e-01,3.346363957961184799e-01,4.852957203912170447e-01,2.954703881605145743e-01,6.759188768408855852e-01,2.495614103078996615e-01,5.041219486497020563e-01,2.088151219312274764e-01,3.389481008978336152e-01,1.604932420176323482e-01,4.989192296918161240e-01,9.713813638853280308e-02,5.624685260310312573e-01,-2.100741314845289143e-02,1.033238024000180250e-01,-1.254677256327209611e-01,4.528873195186513406e-02,5.111375839255195563e-01,4.562458205301894026e-02,4.956235624952305407e-01,8.144171563783436651e-02,-8.032157752525795336e-02,1.295885965263711415e-01,3.975457002716805688e-01,7.713094927686418023e-01,3.028132614388327065e-02,3.564026540410670796e-01,2.667810897790741653e-01,1.533510199569960986e-01,-2.860926840485509409e-02,7.910423402430512285e-03,1.511539633126583182e-01,-1.839164493185509175e-01,2.199947029293718992e-01,3.509213900477333725e-01,5.121154846263352711e-01,1.010578760391000058e-01,7.615941559557648510e-01,2.065233214311532894e-01,5.671998969089502296e-01,-2.947189947716694070e-02,2.713787140242950313e-01,-4.713783536280986841e-02,2.696121573668109894e-01,-2.741484537950234640e-02,4.055383806178023409e-01,-1.078336906471141429e-02,-9.874067507546550881e-02,-1.747737563837093167e-01,4.481718477916350751e-02,5.767548896739380648e-01,-2.792900155468464041e-02,5.683554212924688542e-01,1.984201109019882170e-01,-2.307252865632761774e-01,8.331903453113820301e-02,1.924570227803847622e-01,8.102427609008796550e-01,5.034521729192811823e-02,4.569880145836466290e-01,3.613490424363664522e-01,3.151634473601093167e-01,-2.304715553208282752e-01,1.117132599080731918e-02,2.375333550008808768e-03,-4.037229326010904895e-01,-1.647909533536530413e-01,9.795127232485217883e-02,1.557198021426524914e-01,4.305337909490213333e-01,2.853976799699060596e-01,8.845620799721666538e-02,-4.795643087933654236e-02,-1.363178994267729982e-01,7.222030893542506769e-02,-3.597231557035133198e-01,-9.403469134185343803e-02,-9.090342830088476642e-03,3.273467480325686907e-02,2.843493428435995840e-01,-1.270202672099582375e-01,-3.580888588219413582e-02
-2.778262024489603146e-02,4.822864437658592185e-01,4.094968284807473657e-01,1.327586490949085596e-02,4.205996071697110650e-01,2.313036564017393604e-01,1.223934498283508199e-01,8.682642698052152053e-01,3.189223562577762072e-01,1.991672105348925026e-01,4.626615625930449172e-01,4.939133854887304276e-01,1.834110695736017316e-01,6.249620758857049596e-01,4.330596370089889180e-01,-5.885079385336601521e-02,-5.450709119348065568e-02,-2.803443207482548064e-02,5.762487966225209313e-01,1.852723786949016516e-01,6.271541593477770737e-01,2.198217938712046793e-01,7.654338764984873755e-01,4.102671560983994214e-01,1.785567193134220965e-01,4.180681227960860724e-01,3.744817631862020768e-01,4.593193044341416509e-01,8.410467345229347136e-02,3.860329961689374922e-01,2.948793640708342600e-01,3.847638686312307432e-01,2.977303358506444564e-01,1.239882600396426671e-01,4.649459691630868363e-01,4.124434791957059532e-01,2.571162960168549838e-01,4.640689483914229307e-01,5.047185647980163559e-01,2.065233214311531784e-01,7.615941559557648510e-01,2.462168486781936283e-01,1.921551462812351729e-01,4.179246552806910597e-01,3.552924483608641548e-01,4.652653879049201135e-01,4.118031984667733236e-01,2.994682696042065828e-01,1.090856170827666505e-01,4.566235648275143721e-02,9.684300441753590505e-02,5.221630568415447371e-01,3.447932875987765322e-01,6.037907969981420875e-01,2.671606239405049932e-01,8.230888776731353218e-01,4.227073019793516351e-01,3.694515040581627940e-01,5.656345516187292199e-01,4.310180686665429639e-01,2.724748010439547730e-01,3.740066168482711340e-01,7.048419825296596830e-01,3.622971557072061644e-01,2.169525406514168642e-01,2.813412821168840838e-01,5.071113497252197622e-01,2.280989042799505262e-01,1.295260699168877122e-02,2.323767197043343502e-01,1.162726852741272909e-01,2.642071891519413018e-01,1.699562610179578825e-01,3.751222991639893145e-01,4.576687323260765217e-01,1.207492967425144587e-01,3.099119602650897698e-01,2.904676031939733560e-01,1.290123834265288760e-01,7.877791987773949400e-02,2.753140824917886254e-01,1.814653876110004782e-01,7.475595865801999695e-02,4.070360288392247394e-01
2.337846225441837233e-01,-1.197935875687703017e-01,4.063290554910797270e-01,9.670904391154111490e-02,7.177012945665033339e-01,2.778724012115708075e-01,5.226099291659487278e-01,2.319046101607905586e-01,9.549294169775058849e-01,1.004422327382646779e-01,5.075871813687534706e-01,1.785019510651594254e-01,3.253063671962422299e-01,3.223246520185658048e-01,5.601647616147139574e-01,-1.543921484733044164e-02,1.305790624621588729e-02,3.640040535093547192e-02,2.606334043339282314e-01,3.611854453792917585e-01,-3.772832212353683518e-02,3.441599370882945652e-01,-4.986013177786561418e-02,-1.197380585963024463e-01,4.252658825018541637e-03,2.083843817638529328e-01,6.697664014411907063e-01,7.511152671805941539e-02,8.467637968271381210e-02,3.918334403481545936e-01,1.911757444079976720e-01,-3.971789997147746887e-02,-6.590467670652648546e-02,-6.881111888872716575e-02,-2.249294310692181303e-02,4.276676599698084336e-01,1.973885580236720283e-01,8.114243482991876366e-01,5.044112937538103303e-02,5.671998969089502296e-01,2.462168486781937393e-01,7.615941559557648510e-01,-1.603426955677385024e-01,5.087557647310341213e-01,-1.012556493323255730e-01,1.319262338039777771e-01,2.206386535736835630e-01,4.814610465034862563e-01,-1.531141993128063428e-01,-4.913501078781605524e-02,-2.493212419532308821e-01,2.023994411704302387e-01,4.802661506285330062e-01,4.212889998790324969e-02,4.121711917824734117e-01,1.600129258231713369e-01,-2.266404542299857994e-01,3.278841265553394946e-02,9.711986323710826430e-02,7.441944752264409990e-01,-1.483339278839571340e-01,2.259492292015090331e-01,3.076728687432545573e-01,2.384110582593860772e-01,-3.623573667405433629e-01,-1.317307188155663888e-01,-6.236638097629719490e-02,-1.111670834875705116e-01,-2.828353539136306827e-01,5.964506425926490579e-02,-9.169871456517708630e-02,1.499584605838716334e-01,1.945613678686007597e-01,2.269958835273474251e-01,2.486287339226355697e-01,-1.810595451853878046e-01,3.162103678996844303e-02,-1.954480324161335381e-01,-2.243034821542589652e-01,7.795767380193067975e-02,1.610596668837475237e-02,-1.202469305773073288e-01,-2.951955574858925457e-01,2.137821410761837904e-01
-1.394729998911309332e-01,5.015802921823075099e-03,-1.739554745407208003e-01,-8.394930863993577130e-02,-1.149624499534609851e-01,-1.261853300330336991e-01,-4.785095464314480934e-02,2.067260174735788270e-01,-2.089313553152552239e-01,5.926409396155114528e-01,-9.017146194992900488e-02,6.812099344100627230e-01,5.681092637200808870e-02,2.043449453862142273e-01,2.748181369318453693e-01,1.849793438249237865e-01,3.308960529965936370e-01,3.182044908736245126e-01,-1.265242922462853636e-01,2.276807298267938262e-01,-1.375062429620170779e-01,9.524236670269534133e-02,-1.772241789173517046e-01,4.864933795984900389e-01,8.710691515035406951e-02,2.476744493247738654e-01,-1.899025755182815189e-01,3.151117972668228684e-01,-1.413669339470721154e-01,-7.183209822070296680e-02,-6.437198777773364688e-02,3.608487199024896230e-01,4.420076983048359942e-01,8.939092980613665140e-02,1.515968185570193694e-01,-1.316829024568836048e-01,4.424922164988513429e-01,8.384501778204292433e-02,7.053099994917391702e-03,-2.947189947716699621e-02,1.921551462812351729e-01,-1.603426955677384469e-01,7.615941559557648510e-01,-5.866494475802953162e-02,7.227521091749358195e-01,1.669247730603620195e-01,1.433811649162426982e-01,2.273467493862268984e-01,2.782422689795231996e-01,6.053070422716843035e-01,4.358032438444211509e-01,-5.067402708681970069e-02,1.539234396069265876e-01,-6.231999070934497731e-02,1.542840451859006090e-01,-7.956275936703437190e-02,4.107163369318524992e-01,2.572030717282829393e-01,3.569125819648260034e-01,-2.065491298065997572e-01,3.474124894228337035e-01,3.230773766207991476e-02,-3.022294955647396655e-02,2.035623247836291227e-01,3.380368949352278718e-01,3.497838083369110840e-01,-7.324839088960395650e-02,-4.967029341514921925e-01,-8.549545286254307125e-03,7.945405588437362554e-02,-3.647402400680158779e-02,1.626258227813477397e-01,2.610851897670621313e-02,1.515874976400438112e-01,9.067641519331934297e-02,-3.551478621510419931e-01,-1.593288383481412940e-01,-4.114132690228025635e-01,4.559245394415722963e-02,3.792774892016997912e-02,1.098797268178216685e-01,2.527273866247352063e-01,5.444211456058272586e-02,2.819465300755000792e-01
1.439990336502047774e-01,8.829664466799502787e-02,8.313228201508590098e-01,7.414308920755557919e-02,7.026856841708148949e-01,5.377041328736328462e-04,2.936148557787948143e-01,4.067942792515434891e-01,6.510010333405166216e-01,1.058523529230214477e-01,9.587688527648182690e-01,1.839023223022334952e-01,1.286444150060223890e-01,6.726647216538065299e-01,5.910024210635331787e-01,-1.493121089585336680e-01,-4.713544122132755365e-02,-2.206868655171740842e-02,6.587095511572850226e-01,3.498268778641783761e-01,-1.172534911713022342e-02,3.575059539967409550e-01,1.185518489282309795e-01,-7.541850637662692036e-02,-2.172699404929839817e-01,1.482135896461996873e-02,3.468269503417968358e-01,4.783736977267507018e-01,4.695877404438195124e-02,3.214522810992785362e-01,1.724746926078231379e-01,5.056609594279303233e-01,2.375892736687227058e-01,1.953806663529961685e-01,2.370553784549335186e-01,8.457414723778028387e-01,1.345629898206946173e-01,7.476790617968378516e-01,-1.508700897362359739e-01,2.713787140242950313e-01,4.179246552806910597e-01,5.087557647310338993e-01,-5.866494475802955938e-02,7.615941559557648510e-01,-2.335454063922686591e-02,4.100191761401396351e-02,5.561722290148177761e-01,4.472774392162913171e-01,-2.358410439078823806e-01,5.615975922688339625e-04,-2.536484358995307886e-01,7.229884642790123106e-01,4.696789410794193209e-01,3.209410042713650713e-02,4.616054328518906513e-01,3.215756599453969411e-01,-7.960045964381612382e-02,-2.059696280657634659e-01,-2.459039512534706012e-02,3.546839733300070630e-01,1.810311285218436372e-01,2.602042512139775277e-02,3.323107366964763165e-01,8.427226789039926613e-02,1.061056429953230879e-01,1.682671783550094280e-01,-2.329359237255002602e-01,-1.502866703872866305e-01,-4.764502391098273115e-01,-5.942251507227706148e-02,-6.725335579878138903e-02,2.740285057919280010e-01,2.852536993984312597e-01,1.265070941338920507e-01,4.563724653709623214e-01,-3.468211663659628297e-01,-2.762799305560866836e-01,-2.804737946013408645e-01,-3.619737804722824581e-01,-7.420403156608351702e-02,5.058525653365142372e-02,-1.307623516308405454e-01,-1.144108209116628527e-01,9.373668217746281006e-02
-2.207329781943942471e-01,2.126555547266846535e-01,-1.830181715842492118e-01,-1.845032163027666983e-01,3.649810759897658546e-02,-1.608740741162722199e-01,-1.394449024740742615e-01,3.296832661054713842e-01,-1.619814234126955854e-01,5.699705142007557290e-01,-2.597187325446896969e-02,8.392292951660161870e-01,-1.801829594621969302e-02,4.726620735126298434e-01,1.781821036854552287e-01,4.145879815995587303e-02,1.672104980920517403e-01,1.603781058300417783e-01,1.423306463658743359e-01,1.759150141023838876e-01,1.525842785371938348e-01,3.816714398742900027e-02,4.222211455689663107e-02,8.171752872786330890e-01,-3.864506160336812768e-02,2.988805137479567664e-01,-7.908657720019378334e-02,2.352176139818454303e-01,-6.485131083365194837e-02,-3.142003175618329064e-02,-1.072589386677750140e-01,2.490697156669307577e-01,3.991587965740888699e-01,-1.379658811404617103e-01,2.904512145490046326e-01,-1.531960874106124970e-01,1.745980936627408719e-01,1.237021621617217237e-01,5.566705028755786905e-02,-4.713783536280991004e-02,3.552924483608641548e-01,-1.012556493323255730e-01,7.227521091749359305e-01,-2.335454063922682427e-02,7.615941559557648510e-01,1.441158416170749135e-01,3.917396544293982319e-01,1.486092184931840088e-01,1.354998361807933094e-01,3.938875208234201564e-01,1.536109773606113560e-01,9.773009074799045293e-02,1.255656141445915530e-01,4.935695627656761647e-02,1.005038027801232747e-01,1.605766293622484520e-01,7.049066021114134273e-01,2.850611509939421015e-02,3.421079280898720043e-01,-6.916771911769693804e-02,1.992464053861901507e-01,1.060955163625435307e-02,2.155624263153544384e-01,-1.074714323680175387e-01,2.397032124583158008e-01,3.911960148925122116e-01,-2.256727836862936973e-02,-3.156580878425624404e-01,-6.082420844233066975e-02,2.248108551600763380e-02,4.041070621986955769e-02,1.326274070675594330e-01,9.856511464920318655e-02,1.317259632176830397e-01,2.130123143169205258e-01,-1.885328385092772396e-01,-3.474908588270626125e-02,-2.076564852587950705e-01,1.709154946206179262e-02,-1.162298340759952558e-01,1.233116154260701092e-01,3.514540456556765058e-01,1.215338814703865664e-02,3.566865196358193213e-01
3.353701163492718296e-01,-1.596138697292983633e-01,2.637457785925418352e-01,-7.013207558727557744e-02,-1.193654575285518771e-02,3.986409874332964010e-01,3.830237366095519402e-02,3.870512383845149951e-01,7.174044076657681845e-02,4.004336117620035072e-03,5.377876544239042211e-02,3.459677112013004319e-01,4.629760040604192217e-01,2.858586031524624343e-02,3.450687924820255437e-01,3.046597380232876073e-01,2.455207013829635854e-01,1.901957410431514284e-01,8.771117307334258539e-02,1.830040607459436086e-01,4.222547599022350578e-02,2.982267369896137929e-02,2.288296467650175470e-01,1.834605849579320214e-01,2.603693135224207089e-01,3.720639768746009657e-01,3.432418970925002477e-01,4.524610802880060789e-01,2.952421195036432355e-02,8.414276197785662548e-02,3.274155323660020156e-01,2.970214901860437906e-01,3.051421804027081019e-02,5.538235412901996169e-01,-1.273677971981808932e-01,1.654756522235135974e-01,3.161705260766481951e-01,1.445337351759673761e-01,5.425493789602491290e-01,2.696121573668108229e-01,4.652653879049200580e-01,1.319262338039777216e-01,1.669247730603619362e-01,4.100191761401401902e-02,1.441158416170748580e-01,7.615941559557648510e-01,5.265276761827246410e-02,2.851413105486423905e-01,5.650975475110397994e-01,1.711291179230531867e-01,4.493243717600541864e-01,1.256036018327257031e-01,2.115620127653731752e-01,6.418987371730096314e-02,2.298415679461551508e-01,2.821450079413171386e-01,1.281528199856862837e-01,5.134600491194798444e-01,5.588599748579677895e-01,4.526914596433568860e-01,5.621084587979513492e-01,3.580943348311521612e-01,5.024084930138539989e-02,4.992007291510913158e-01,7.826393945465483226e-02,1.508182037999545033e-01,3.174434657749377053e-01,-1.102961135507144613e-01,6.683877198599035008e-02,-1.497271655239095119e-02,3.253058656810655092e-01,3.753909767438257106e-01,1.155335953113535985e-01,2.887929061708880418e-01,3.867673545969404353e-02,-7.103911860479497631e-02,1.173330565506520151e-01,-1.845789179135587377e-01,9.767004941358434222e-02,-4.991283898712639555e-02,2.545400667761847924e-01,2.225041916356442218e-01,-1.783913221646144659e-02,1.267033907881460475e-01
8.261700214402792342e-02,2.509507774844131345e-01,2.346888916218615728e-01,3.765160066147112128e-02,5.673065355786571784e-01,-4.288499202521885156e-02,-1.162268587836688682e-01,3.417478985808419245e-01,2.715009638282579463e-01,2.027024084255180936e-01,5.693187984072960450e-01,4.893395005437287115e-01,1.050564064789588914e-01,7.083653986762677990e-01,4.404697387364383543e-01,6.195160037505050704e-02,-1.876205817549186222e-02,8.184763882810672242e-02,4.646001466896054755e-01,2.936467634702830676e-01,1.270505634160645492e-01,3.879044746526148502e-01,2.511275700410864342e-01,2.438167827191048964e-01,-2.191359100300072638e-01,1.786048312148671158e-01,1.884977583716042071e-01,2.957682113483612873e-01,3.079815404772028031e-02,1.983476360880179201e-01,8.178566891057063859e-02,3.191101473681046685e-01,3.249589839898549548e-01,1.572516233137670472e-01,2.993075683852634006e-01,1.550989865558307645e-01,1.105682535782345766e-01,5.846315193769062724e-01,-1.602627270843575563e-02,-2.741484537950229089e-02,4.118031984667733791e-01,2.206386535736836740e-01,1.433811649162426705e-01,5.561722290148178871e-01,3.917396544293982319e-01,5.265276761827249186e-02,7.615941559557648510e-01,4.009177856167210896e-01,8.181488415604230846e-02,-4.351156573637406794e-02,-3.305304491474809342e-02,4.252826782737231803e-01,3.254205727567876516e-01,4.878513012240024566e-02,4.060584685938388172e-01,3.608708144380720628e-01,2.348668972987409953e-01,-2.045700008834893668e-01,2.741980305323438727e-01,3.680978017065948404e-01,2.392633739135038573e-01,1.183584650259173754e-01,4.778070492424897342e-01,1.413123227602697263e-01,1.602136990690622709e-01,3.330142845358629589e-01,-2.605195890547094134e-02,9.794213229380908936e-02,-1.823297167699728383e-01,1.325379073944625286e-01,5.539098893127455958e-02,5.176995074953650855e-01,2.961867916590243399e-01,2.848468409166767315e-02,3.925319457154310410e-01,-1.774582431676443315e-03,-2.799385481104997853e-01,1.368704475313435587e-01,-1.189407974881065005e-01,7.725718841448583896e-02,1.193165915106094432e-01,5.035912816664638303e-01,2.890852929663849102e-01,2.714170024530633274e-01
2.969660010979567333e-01,3.839610360229085972e-01,4.268204280438960829e-01,1.540831238523738267e-01,4.417221846707846677e-01,2.248196184580145141e-01,3.630191980249211636e-01,4.468626846652197782e-01,4.438322895650895217e-01,1.973704294206296006e-01,4.391345207226540759e-01,2.965824751061704179e-01,4.372776428550296246e-01,4.071980604881024202e-01,8.771836107015759110e-01,1.048693209596650716e-01,1.061085687449440235e-01,3.602461859533134803e-02,2.867290453727396882e-01,5.114910384539755883e-01,4.838965705738694778e-01,5.604850683161777258e-01,2.587049584227634202e-01,2.631510422860299236e-01,-2.200659747173598288e-02,5.001487847331664849e-01,2.967317311266837732e-01,4.600293900389793023e-01,4.945533462120333401e-01,2.746822171539448076e-01,1.693934102136351871e-01,5.716287479852154574e-01,4.193440168223522835e-01,2.019039290452198931e-01,5.539247235077855436e-01,4.462247821518391944e-01,3.691011905039956464e-02,4.753754905870582470e-01,1.756319463332879638e-01,4.055383806178024519e-01,2.994682696042066938e-01,4.814610465034861453e-01,2.273467493862269262e-01,4.472774392162913171e-01,1.486092184931840365e-01,2.851413105486423349e-01,4.009177856167210896e-01,7.615941559557648510e-01,-7.123654832276506144e-02,6.821699253230248394e-02,-5.760388772064515411e-02,3.247973730775755574e-01,5.346283446352398938e-01,6.038616470054736229e-01,6.924614389285113081e-01,3.879014159227484049e-01,2.337183978488007741e-01,-1.300918170861781534e-02,5.262388069713678229e-01,3.848795139845291313e-01,2.691364169772406667e-01,3.800811870390678471e-01,1.951521145599047491e-01,4.311638509616525644e-02,3.745899958053130474e-01,3.351993673968893805e-01,2.475239024150212019e-01,-8.746084533262847571e-02,-1.021481222059803240e-01,5.667427665690781546e-02,5.169893681841739030e-02,2.412161310979648310e-01,-5.306823383382777704e-02,2.243214280145260364e-01,3.790734804929752899e-01,-2.253794319591183315e-01,4.081793162064376035e-01,-5.603291038855323647e-02,1.388262259599190585e-02,1.228688432043269496e-01,-1.779718902175956782e-02,1.840388340010059021e-01,-2.710652267429327147e-02,9.851688260690157073e-02
1.030839820255076561e-01,2.110894083509907981e-02,-2.957661626341405101e-02,-8.342530883111366757e-02,-1.171705345569818563e-01,1.590656689492183640e-01,-1.764456815903196474e-01,7.041380742384874269e-02,-8.487989941891607715e-02,1.532643773671198695e-01,-2.437394780958827833e-01,2.862606701578669366e-01,1.212185934979816970e-01,1.597683815324002221e-01,-1.479656098423564811e-02,3.471408235815373611e-01,3.406119044573897026e-01,6.341106454703554496e-01,-2.715478808177718695e-01,-3.796148616216294958e-01,1.197987537491287668e-01,-2.109586449158588062e-01,-1.868040737987002086e-03,3.206451722654873882e-01,3.672630372828843970e-01,2.656857780582917994e-01,-2.778810146154569449e-01,1.709735244398791487e-01,-3.819422142769003381e-01,-1.564594043534393505e-02,9.017517786849560402e-02,1.821214143028788979e-01,9.653944231016786670e-02,5.764629562458215561e-01,6.218805259541419078e-02,-9.441821769235858586e-02,2.623374385512530771e-01,-1.024195765283165416e-01,3.926400228159684369e-01,-1.078336906471140041e-02,1.090856170827668170e-01,-1.531141993128064538e-01,2.782422689795233106e-01,-2.358410439078824639e-01,1.354998361807933649e-01,5.650975475110397994e-01,8.181488415604223907e-02,-7.123654832276503368e-02,7.615941559557648510e-01,3.358494423112810545e-01,9.174338677773637984e-01,-2.033218185774473274e-01,-3.296194182932952743e-01,1.716763896218259089e-01,-1.284109203721962578e-01,1.019327391160251561e-01,3.136761873846580229e-01,7.060800775442016564e-01,5.330413417688913968e-01,-3.532042646918983619e-01,4.515397212984498809e-01,2.948632723215644305e-02,-5.078815508297597481e-02,1.490385240089916151e-02,8.173016543666118683e-02,1.122309624738419276e-01,2.650576445465074316e-01,1.254475447965328339e-01,6.169443344843252852e-01,2.024683702576762501e-01,1.126738599169236771e-01,4.138478213745221956e-01,1.316328001436026796e-01,2.813194947693023473e-01,2.162843628552353903e-01,9.140179974361806181e-02,1.396404169860719635e-01,1.577442942193623687e-01,5.594548326276767014e-01,3.144840685482131470e-01,2.009471987909605684e-01,4.023912224711788665e-01,1.064416700912197561e-01,3.468324332150139466e-01
-1.061485800803626811e-01,-3.231396652758186105e-01,4.966240625220450438e-05,-2.896546955615770802e-01,-5.935424455477095879e-02,1.156732050307632403e-01,-1.536353122210645517e-01,1.175511824533258948e-02,-1.783678429253996583e-02,3.843379916201457025e-01,1.271429249172690082e-02,4.833636080277652347e-01,2.216233941864416412e-01,8.909176695562268100e-02,1.334684871213216162e-01,3.479437123051246084e-01,7.074362752775021912e-01,3.719716751366608509e-01,2.817951914496040836e-02,1.556067890904461182e-01,-2.487380464859529350e-01,-4.497645385838330151e-02,-2.867885252665350326e-01,2.984984532429729720e-01,1.961533106876199861e-01,1.044129176782919166e-01,-1.444952492216488860e-01,1.670774605562805326e-01,-8.701012291863446935e-02,-3.333917679422322422e-01,-1.072658209507942884e-01,1.754776859770556530e-01,2.148451501130244634e-01,-3.562957147068598895e-02,-1.816261352027518927e-01,4.889858795381128026e-02,2.225276365411107404e-01,7.285957257934393139e-02,2.504430857851586839e-02,-9.874067507546548106e-02,4.566235648275127762e-02,-4.913501078781605524e-02,6.053070422716843035e-01,5.615975922689727404e-04,3.938875208234201564e-01,1.711291179230529369e-01,-4.351156573637406794e-02,6.821699253230247006e-02,3.358494423112810545e-01,7.615941559557648510e-01,4.270201978545489774e-01,1.063430933709353099e-01,1.721261975448168946e-01,-2.452876808598447034e-01,3.759340844376778817e-02,-2.238488683749149943e-01,2.840557524663298583e-01,3.793878394686491795e-01,2.690351744244233734e-01,-9.240315629872247749e-02,2.378774249032229726e-01,9.872915757218686528e-03,1.156351268158784390e-01,2.812966738451864734e-01,1.839567568464973990e-01,2.651331005120454720e-01,7.044313947281097277e-02,-4.197019810924002559e-01,-5.063787890448866180e-02,-1.280737566789642567e-01,2.537662924153305175e-02,1.860543272476223586e-01,2.145354361066617033e-01,-7.542149173415084451e-02,-7.165970793103576542e-03,-1.903629823673277655e-01,-9.044376355520995781e-02,-3.569733387899965416e-01,-5.114749629088125027e-02,-1.314439674660452251e-01,-1.037019988408600796e-01,2.725941865257406893e-01,1.922822529895761856e-01,-8.211381090897179602e-02
-1.221899911303369474e-01,-1.750172450856157802e-02,-1.155219552972395758e-01,-1.212133046209425830e-01,-2.793999002722546976e-01,-6.785020537827948783e-02,-3.713657976407465644e-01,7.936467496224701434e-02,-1.759405981662826857e-01,1.514449149600262945e-01,-2.533055990945795588e-01,2.212087836929209073e-01,-1.263727278203720661e-01,3.373472715375047670e-02,-6.432476685571489675e-03,2.806070009396773868e-01,2.539286592657463704e-01,4.086378289855801538e-01,-2.623698547425887817e-01,-2.273042427558481515e-01,-1.243824945779926396e-02,-2.222747161282580264e-01,-1.176623373311348336e-01,3.516914086097608916e-01,2.613312760986304939e-01,1.468022719801582721e-01,-3.181309236210432267e-01,1.025162449838297046e-01,-3.534219811303399017e-01,-2.407868000419240151e-01,1.282339679235427743e-01,1.399115222430434846e-01,1.370977592671521195e-01,4.511603882183998770e-01,-1.167452842156956180e-03,-1.244593295133904903e-01,1.386908225326921318e-01,-2.687964430020539641e-01,2.197335422498687130e-01,-1.747737563837093444e-01,9.684300441753590505e-02,-2.493212419532308821e-01,4.358032438444210954e-01,-2.536484358995308441e-01,1.536109773606113837e-01,4.493243717600541864e-01,-3.305304491474809342e-02,-5.760388772064525820e-02,9.174338677773637984e-01,4.270201978545488664e-01,7.615941559557648510e-01,-1.974499169673827326e-01,-2.491620642545313291e-01,2.420862162004091406e-02,-1.510966772417225434e-01,-7.184263703900154938e-03,3.637591427600459504e-01,5.955964928576399364e-01,4.125599257305830880e-01,-3.425228975676664622e-01,3.892388923550419988e-01,1.346083365905862382e-02,-2.345042796048487921e-01,8.300695120940103366e-02,9.105977654471472671e-02,1.570397565023170516e-01,2.805277834513709156e-01,8.165638967499551371e-02,6.054031212739894308e-01,1.684019758030295133e-01,1.737551275025467912e-01,2.768606868420939726e-01,2.918130265792466191e-02,2.536045081748312668e-01,1.084594808151723988e-01,1.502157494285943085e-01,1.113028706288250874e-01,5.760752265385719190e-02,5.697029370435661155e-01,2.082948466368955143e-01,2.664077283013133179e-01,3.611524675022672604e-01,1.356996989934567688e-01,2.458370133402564550e-01
-5.899959959408297011e-02,5.049681005095565250e-02,6.095016074706485210e-01,9.882843438779718992e-02,3.780006258584172607e-01,1.452011797371213220e-01,2.328035719993166719e-01,5.900188143989989475e-01,4.490031032386012089e-01,1.968671801424741463e-01,7.978251738704961182e-01,3.245549986334588799e-01,2.044403168012025873e-01,6.274726045523720819e-01,5.194054881197737172e-01,-8.517602213225002050e-02,2.149006562078364935e-01,5.632639996876457472e-02,9.541480156438963967e-01,1.243585990801553964e-01,1.263983771163574854e-01,1.474911508818885497e-01,2.630476715487305439e-01,-3.868683377927326084e-02,-1.437417366853269499e-02,1.602741825639676099e-01,1.980791376770838219e-01,3.643819396541550515e-01,-7.948523377016696034e-02,2.624714903396134225e-01,2.054167536644019021e-01,3.896613962529075770e-01,1.479777765207846707e-01,7.406270677666018654e-02,1.171604950790880867e-01,5.234545645295969329e-01,9.618714927761869149e-02,4.318211965843342104e-01,-2.746001712984653606e-02,4.481718477916350751e-02,5.221630568415447371e-01,2.023994411704305718e-01,-5.067402708681978396e-02,7.229884642790123106e-01,9.773009074799055007e-02,1.256036018327257031e-01,4.252826782737231803e-01,3.247973730775756129e-01,-2.033218185774473274e-01,1.063430933709354764e-01,-1.974499169673827048e-01,7.615941559557648510e-01,3.466276028479290394e-01,6.247735874443130499e-02,2.541880445366106467e-01,4.135334690157307924e-01,-1.261801437909818024e-01,-1.709877835407638824e-01,3.055048101932063623e-02,1.312804859831740167e-01,5.535620387653606561e-02,-1.603194748655385792e-03,4.421339202140265323e-01,-1.229043705554306622e-02,3.418455410238705611e-02,-8.582079314341006793e-02,1.602649168873427343e-01,-8.997993475275412045e-02,-3.524865594134629077e-01,-5.875562296973126097e-02,9.069569918891746962e-02,1.663463810721619307e-01,2.212531318032864291e-01,1.438004465107661778e-01,4.871618156010755762e-01,-9.416629036903141625e-02,1.453624781091286955e-01,-1.814078803114136940e-01,-2.070859908795704973e-01,-1.263097180835068556e-01,7.778493118299388553e-02,-1.460291256874731991e-01,-1.518034068352951960e-01,2.546187355012693998e-02
2.747591528680746742e-01,-1.110226663218029930e-01,4.799034110897276162e-01,1.583873336098523543e-01,4.558694495783818801e-01,4.405252460317529706e-01,6.213209945946688295e-01,4.700283854326077204e-01,5.023179866292388773e-01,3.140462775856778244e-01,4.589575829642910665e-01,3.608046284759390265e-01,4.913321820536235562e-01,4.277180367244394765e-01,5.947229616015128340e-01,-7.980020429564474438e-02,2.980756774274776477e-01,7.130484618502999639e-02,2.578718247634168015e-01,9.020622681498465800e-01,1.003945471712905657e-01,6.609876698469828726e-01,1.497513382320808384e-01,-1.221341339222086451e-02,4.541964248982496150e-02,3.190162089135903933e-01,3.143055329825430455e-01,4.161603533034060609e-01,5.097698685452042300e-01,5.108097583164482591e-01,2.172054478249176024e-01,5.571175555516949540e-01,3.296655077302704795e-01,3.392802398434638378e-02,1.674859116826965533e-01,5.404639933705991384e-01,5.679729978114977235e-02,4.184076435823704809e-01,1.706349613211010918e-01,5.767548896739378428e-01,3.447932875987765877e-01,4.802661506285330062e-01,1.539234396069266153e-01,4.696789410794194319e-01,1.255656141445915253e-01,2.115620127653730642e-01,3.254205727567877071e-01,5.346283446352401159e-01,-3.296194182932952743e-01,1.721261975448169224e-01,-2.491620642545312736e-01,3.466276028479290394e-01,7.615941559557648510e-01,1.733970454764544866e-01,8.384562602934352293e-01,2.321040521922191346e-01,-1.653454482025386862e-01,-4.469711437612015198e-02,1.323875474722236434e-01,3.052520440839846527e-01,2.188857075251864348e-01,3.584607899462499692e-01,4.520139736408069764e-01,2.887296232608986823e-01,2.623859097446595845e-01,2.575565222027847434e-01,1.114331680337013741e-01,-2.464504058324952229e-01,-2.048862963870034248e-01,1.286545565336311703e-01,-1.143302193688760793e-01,2.641550255518795298e-01,1.060969823747202750e-01,1.811673901557740718e-01,3.101642667704995748e-01,-9.599145854541277223e-02,3.898384158341755001e-01,-2.376632911619468158e-01,-9.838164659084999708e-02,8.251669587761792379e-02,-9.964100293564409627e-02,1.859613445802810183e-01,1.037598583587192036e-01,-4.639547546950612000e-02
-2.109636162639081103e-01,7.315472366292292694e-01,1.619382883977436294e-01,6.515699136988188644e-02,1.236280454111382821e-01,1.902506486688757825e-01,5.712827307696939638e-02,6.777856333807420475e-01,1.081022109753257826e-01,-5.250028297960601664e-02,6.371274030899766461e-02,1.834646777147843077e-01,-8.754325096978493592e-02,1.995926433936690558e-01,6.108107084756689842e-01,4.859783000606342218e-02,-2.422039131178270466e-01,-1.379501951070657637e-02,3.326967638323464344e-02,6.015629367260938443e-02,8.700545790684897085e-01,2.631991873191884546e-01,6.522084151346212444e-01,3.362788969182368692e-01,2.967861567605226125e-01,5.296433096633483828e-01,2.687903343515901100e-01,9.308197666064958742e-02,1.911585973219653289e-01,1.421333646833495279e-01,1.721280031148514633e-01,2.816623594643792305e-01,4.171846221609133432e-01,3.522250607363543173e-02,7.592114585128005855e-01,1.178641636559775857e-01,7.603593035462652416e-02,7.685722560357476085e-02,4.291934880196837665e-01,-2.792900155468455714e-02,6.037907969981419765e-01,4.212889998790347174e-02,-6.231999070934486629e-02,3.209410042713650713e-02,4.935695627656761647e-02,6.418987371730107416e-02,4.878513012240020402e-02,6.038616470054736229e-01,1.716763896218259644e-01,-2.452876808598447034e-01,2.420862162004080304e-02,6.247735874443119397e-02,1.733970454764543756e-01,7.615941559557648510e-01,3.925928384790204895e-01,7.100969336152163081e-01,4.230320602706926225e-01,4.518443089688446435e-01,6.984205478880388673e-01,3.175580251907763607e-01,-3.657707594584450744e-02,5.866376504744736931e-01,3.099949829643612320e-01,1.469763674250238461e-01,1.911523505465094752e-01,2.555375815149291685e-01,4.424975296943701730e-01,6.026210602063065275e-02,2.223803669027724639e-01,2.756640469360632784e-01,2.924964973278759706e-01,2.313937284369531611e-01,-3.427902980424686608e-02,4.298881679439308656e-01,4.952668777045725612e-01,-4.242863194116555658e-02,4.211742287777685556e-01,2.155551516277991742e-01,2.716216442294164812e-01,2.252975062962653541e-01,2.495524444478909309e-01,1.707006636382954468e-01,3.575304566101750181e-03,4.214469521875674474e-01
1.233120388976490928e-01,1.609889842099283819e-01,3.947549851381274566e-01,2.521770536464576495e-01,5.386367963654438151e-01,3.089939639711601349e-01,6.187030824349958325e-01,4.003379910454792912e-01,5.059239627331073574e-01,3.340198725023383330e-01,4.566567826167616251e-01,3.324726954652978961e-01,4.038488551866216691e-01,5.227751773100178800e-01,7.215743077884564372e-01,-6.585422344436168973e-02,1.163169313843417929e-01,7.925150710642224483e-02,2.021147370458850068e-01,7.130699607362933623e-01,2.801764882403143253e-01,8.374338370617063765e-01,9.885311136781646524e-02,9.130072970133314147e-02,1.836451265384322212e-02,4.215958533923043761e-01,2.470860671958470534e-01,4.209816876000599395e-01,6.200588520279085580e-01,4.026400717499810655e-01,2.002586158309156150e-01,6.153116380450074363e-01,3.819604378718549631e-01,1.885302021946513029e-01,4.158564099785755364e-01,4.429809159135223995e-01,7.336839684907865700e-02,4.920780632698172896e-01,1.673108158267359036e-01,5.683554212924689653e-01,2.671606239405049377e-01,4.121711917824733007e-01,1.542840451859005813e-01,4.616054328518905958e-01,1.005038027801232886e-01,2.298415679461551786e-01,4.060584685938388172e-01,6.924614389285113081e-01,-1.284109203721961467e-01,3.759340844376776042e-02,-1.510966772417224879e-01,2.541880445366105912e-01,8.384562602934352293e-01,3.925928384790203785e-01,7.615941559557648510e-01,2.422020379944524460e-01,-2.697718656853910230e-03,1.407679638656384249e-02,4.449709184481374091e-01,2.647386742649492919e-01,3.021742032842309467e-01,5.007848732176265472e-01,4.089979629841631881e-01,6.405418744106046447e-02,3.283311996725942206e-01,3.318784985130998622e-01,2.601910672959687476e-01,-2.180940565442072432e-01,-7.745261386959804983e-02,1.979261324875333516e-01,-9.596859219073521075e-02,3.808554324020740900e-01,1.778255179899381755e-01,1.829413185018032573e-01,4.692854313980682202e-01,-1.133381898666951243e-01,4.153715311653669029e-01,-1.775494835905715718e-01,9.266758075302004155e-03,2.164814663849717880e-01,-3.554586305046040368e-02,2.391829877467089027e-01,4.753090663136203681e-02,4.353250176812888811e-02
-1.836380364486119021e-01,4.516388577528782644e-01,4.614010290032246053e-01,1.450594698265815496e-01,3.790825358633087006e-01,1.997541326904645476e-01,2.052399197823941146e-01,8.136543480710954901e-01,2.346018415131899126e-01,-4.647338530791932792e-02,3.925092443279302179e-01,3.038986992766349315e-01,3.825070568481029470e-02,5.537332459605189827e-01,4.463422919769001185e-01,-1.470748547528472894e-01,-1.641635538557938701e-01,-1.356681627941210833e-01,4.265813151119074442e-01,4.100052073161711795e-03,6.824037700416657470e-01,1.239276109362609235e-01,9.128658734567008937e-01,1.970342310703563915e-01,2.351101414253892463e-01,4.097826241334165398e-01,4.942494576733941769e-01,3.180121200659708491e-01,1.688587509036094947e-01,2.224654275035995166e-01,2.746068940175335205e-01,2.771344535288107758e-01,2.080231227256370274e-01,1.062593375902100151e-01,4.340727683896168920e-01,3.946892991379537530e-01,1.522362536773048114e-01,3.911798753148703622e-01,5.394499274457770222e-01,1.984201109019881060e-01,8.230888776731353218e-01,1.600129258231712259e-01,-7.956275936703438578e-02,3.215756599453968856e-01,1.605766293622484797e-01,2.821450079413171386e-01,3.608708144380720628e-01,3.879014159227484049e-01,1.019327391160251284e-01,-2.238488683749149943e-01,-7.184263703900265960e-03,4.135334690157307369e-01,2.321040521922190791e-01,7.100969336152164191e-01,2.422020379944523905e-01,7.615941559557648510e-01,2.096248101226385330e-01,4.081310367729313326e-01,5.320764574563005000e-01,5.285987721667100292e-01,1.176094543941413745e-01,5.460076237239592789e-01,4.444188480471799041e-01,3.946583056687814062e-01,9.931875089662269007e-02,1.694944596741269072e-01,6.232268101107634184e-01,2.165777184435414005e-01,1.499807531755645851e-01,2.794565650394512657e-01,2.374301878137266841e-01,1.913888414895792145e-01,8.696381454626414542e-02,3.921316722793349308e-01,4.714109452001829514e-01,1.502633934977492813e-01,5.065906963642792249e-01,2.910028575461802713e-01,2.296875637846590712e-01,1.837105421479647838e-01,3.037086341553550950e-01,6.620258006072981052e-03,7.973029064826702567e-03,3.576999847159916812e-01
-1.422940212995561504e-01,5.613944111103523760e-01,-2.176700118682041163e-01,-1.401459777937024143e-01,-2.308776000680593521e-01,-1.394831431631012031e-01,-2.645626437148185794e-01,2.928519664605754302e-01,-2.690289098589943029e-01,3.499036020396413815e-01,-2.364513744129941586e-01,5.997204022716626781e-01,-1.035861005365750764e-01,2.658099443376967241e-01,1.345978476123435297e-01,1.798474214870367793e-01,1.079828726459305527e-01,2.171399267063607585e-01,-1.305995079161655914e-01,-1.509999750427549192e-01,3.398490102828218840e-01,-7.592082555883275519e-02,1.095856372007915219e-01,8.572842305141812336e-01,1.878653541215844283e-02,3.130519535881159388e-01,-2.546338097815740720e-01,2.474977497692966433e-01,-1.322037628089011430e-01,-1.126696825490393905e-01,1.038618249668523952e-01,2.855459243718338480e-01,5.284339176813219741e-01,3.117751671042683775e-02,6.741718813624720807e-01,-1.520012692464740856e-01,2.350467561907777503e-01,-1.082426178980434583e-01,6.915604532451745390e-02,-2.307252865632761496e-01,4.227073019793515796e-01,-2.266404542299857994e-01,4.107163369318529433e-01,-7.960045964381612382e-02,7.049066021114134273e-01,1.281528199856863115e-01,2.348668972987409953e-01,2.337183978488007186e-01,3.136761873846579118e-01,2.840557524663299138e-01,3.637591427600459504e-01,-1.261801437909818024e-01,-1.653454482025386862e-01,4.230320602706926225e-01,-2.697718656853937986e-03,2.096248101226385885e-01,7.615941559557648510e-01,2.704691184982955798e-01,5.597970245068620843e-01,-2.888094480118853502e-01,2.412003874643204870e-01,1.390800776642527221e-02,-5.304639279141826202e-02,-1.346914732802865222e-01,2.281254707686300176e-01,4.944823564292744056e-01,6.682489424557086499e-02,6.822220562763266216e-02,1.590251377510880360e-01,-1.867906344525181034e-02,-7.161490753410285938e-03,1.737128974911425205e-01,6.033585435926967083e-02,3.478498683848961770e-01,2.444740978970469381e-01,-1.957505617359948935e-01,3.936882470493466291e-02,-3.716031822055479439e-02,1.899042409851838531e-01,-1.657052806221091523e-01,-3.666847797778064605e-02,4.426564794476610665e-01,1.097482901791265592e-01,4.230655008542961171e-01
-1.068362240405343333e-01,1.753087370586539073e-01,8.168566048468510823e-03,-1.228556739598191672e-01,-1.513971212493617213e-01,3.613110742204254655e-01,-1.059851738504407614e-01,2.844665908248409369e-01,3.949005285374011104e-02,1.064584857382210592e-01,-2.352203052676112571e-01,1.484102482452735183e-01,1.296228505331797898e-01,-6.941521169781293688e-02,9.435852598406978264e-02,3.550325099410623353e-01,2.926190002193818085e-01,3.799518035714545827e-01,-2.407313599268975923e-01,-2.975483965816279053e-01,3.496591628583273770e-01,-1.670896765899614056e-01,2.647050424281390812e-01,1.766246381410183919e-01,6.458026865427272112e-01,2.105152418117859914e-01,4.811841901693975077e-02,-2.331775034891713297e-02,-4.732760322469624359e-02,-9.064834890642137211e-03,5.755195818953889875e-02,-1.084483382387821902e-02,1.071888710519652843e-01,2.008094368953055875e-01,1.742401586656607548e-01,-2.241890011880885020e-02,1.887037832922026648e-01,-1.466168206792228638e-03,6.467814666425680814e-01,8.331903453113820301e-02,3.694515040581627940e-01,3.278841265553400497e-02,2.572030717282829393e-01,-2.059696280657632439e-01,2.850611509939422056e-02,5.134600491194799554e-01,-2.045700008834893113e-01,-1.300918170861777370e-02,7.060800775442016564e-01,3.793878394686491240e-01,5.955964928576398254e-01,-1.709877835407638824e-01,-4.469711437612017974e-02,4.518443089688446990e-01,1.407679638656378698e-02,4.081310367729313326e-01,2.704691184982956353e-01,7.615941559557648510e-01,5.597905391329767166e-01,8.394906788256761843e-02,7.616521930035337340e-02,5.169795175238743878e-01,2.558466168024112752e-01,2.576763039976444625e-01,-1.063243900561910565e-01,1.556611715070150281e-01,6.593177366261162575e-01,1.562846862660544900e-01,5.220894382098696385e-01,2.203085112653141442e-01,2.637970924455010358e-01,2.092909853778633922e-01,1.082973651076235971e-01,3.630636742952294549e-01,3.309711917752363175e-01,2.829774580941134543e-01,4.528790009058330512e-01,3.041235342567980560e-01,4.865300443532842301e-01,2.611541259367526902e-01,3.095315262035696069e-01,7.262941470269587696e-02,-4.243470893680410111e-03,2.506889924924105006e-01
-2.823834694226528413e-02,4.558166284509381216e-01,2.638015645087793057e-02,9.907215533701917154e-02,6.377666133473886001e-02,3.302197691052877193e-01,4.239867943369304143e-02,5.644141406203740940e-01,4.942759726642759199e-02,2.109623404594974383e-01,-1.945398707905224549e-04,4.381532817777732403e-01,3.100305119179943003e-01,3.181359751986104767e-01,4.151611771395642969e-01,3.021006421955673704e-01,1.394919805815966474e-01,1.496329674406055577e-01,4.351811780637294957e-02,-1.542414719288783542e-01,6.022839117965470557e-01,1.320897729648689845e-01,4.009341100677934477e-01,4.384615749161149822e-01,1.600722277573060071e-01,6.861450740131285198e-01,-2.277324741985021442e-03,3.379358472416418291e-01,2.617668196796948399e-01,1.701023234327131706e-01,2.775632018464475048e-01,3.745271288234720553e-01,2.461457385354902938e-01,2.925876508703040835e-01,6.538392969027689849e-01,6.431940245032233792e-03,1.545805455718466115e-01,1.473988304366744828e-01,6.511981178489996136e-01,1.924570227803847622e-01,5.656345516187291089e-01,9.711986323710826430e-02,3.569125819648260034e-01,-2.459039512534700461e-02,3.421079280898718933e-01,5.588599748579679005e-01,2.741980305323438727e-01,5.262388069713678229e-01,5.330413417688913968e-01,2.690351744244233734e-01,4.125599257305830880e-01,3.055048101932063623e-02,1.323875474722236434e-01,6.984205478880388673e-01,4.449709184481374091e-01,5.320764574563003890e-01,5.597970245068620843e-01,5.597905391329767166e-01,7.615941559557648510e-01,2.772090166646785647e-01,2.910131154426418565e-01,6.018558372386590971e-01,2.922256142351115638e-01,2.841189912991297084e-01,2.689579826208287061e-01,3.175645618341849663e-01,5.823325677402468870e-01,-7.521398313433542981e-02,2.926345236231138736e-01,1.388472476206052686e-01,2.574870207497793606e-01,3.108406195803966598e-01,1.188422897701337834e-02,3.601848193058143077e-01,4.076004109631184424e-01,-3.669580172862723505e-02,3.366637589300781053e-01,1.719273579934835761e-01,4.418233713859071043e-01,1.878966483934081111e-01,2.149202809101126710e-01,3.489402824586168572e-01,5.112553039125749405e-02,2.418505386099108201e-01
1.137135525617394283e-01,-1.700470837390052059e-01,3.551022454281154705e-01,3.583899860098646584e-01,6.711855996768075761e-01,5.560065498186971267e-01,7.423510529833065030e-01,4.878508822071461748e-01,7.370201966479904554e-01,8.527917788956423939e-03,4.015892336388687256e-01,1.102444368930655672e-01,5.381694641713199445e-01,4.396400489077351148e-01,4.843138347442357272e-01,-2.620891770611813443e-01,-3.642058293333123170e-02,-1.794436454304110251e-01,8.161294012704585488e-02,7.145705556493710253e-02,1.709037927541827151e-01,1.510135322538544156e-01,3.447254811175399780e-01,-1.460639995946971803e-01,1.560212611382035507e-02,3.115673577526907878e-01,8.891197932978023299e-01,1.051903971397510351e-01,2.511504692967327368e-01,5.427116376477141291e-01,3.065404597195328651e-01,2.245313013757184450e-02,-1.666326379724960560e-01,6.375341873019767236e-03,-9.804987468525852568e-02,3.370164165314216143e-01,2.261569070122473601e-01,6.697635382888685873e-01,4.883919059290955378e-01,8.102427609008796550e-01,4.310180686665429639e-01,7.441944752264409990e-01,-2.065491298065997294e-01,3.546839733300071185e-01,-6.916771911769692416e-02,4.526914596433568305e-01,3.680978017065948960e-01,3.848795139845291313e-01,-3.532042646918985285e-01,-9.240315629872253300e-02,-3.425228975676664622e-01,1.312804859831741278e-01,3.052520440839846527e-01,3.175580251907765272e-01,2.647386742649492919e-01,5.285987721667098072e-01,-2.888094480118853502e-01,8.394906788256750740e-02,2.772090166646788423e-01,7.615941559557648510e-01,-8.428692556603098462e-02,4.345998221706586229e-01,4.763275115261526582e-01,4.052839382915516264e-01,-3.728505260004666977e-01,-3.602345949236303579e-01,4.920642061504456599e-01,-7.482202122637103547e-02,1.483765168749892616e-02,9.037226383055994893e-04,2.823665850609713424e-02,4.544745869343745359e-01,1.944419984161036841e-01,3.299673062645504529e-01,3.657537785257803931e-01,4.418020127866038177e-02,5.445179221781737411e-01,1.217439979286380827e-02,5.013570152820889109e-02,3.031034538256951669e-02,-1.760038588243095226e-01,1.006890341911501063e-01,-1.022070590908068927e-01,1.383676555585035550e-01
2.492062931403856707e-01,4.378166436156391561e-02,1.860701485125424715e-01,3.071333917703340105e-02,-2.164604314446752845e-02,7.763502377968292678e-02,7.589416324889532162e-02,2.631347889885747304e-01,-8.823306321521964812e-02,3.031964606636305404e-01,3.553914973363683089e-02,3.863897541837423844e-01,2.298510672689298151e-01,2.988127318115914033e-01,3.439825646520801028e-01,2.600483791597806849e-01,2.707811178772753236e-01,4.765057928129141085e-01,-7.154449566276342883e-03,3.165763044598085552e-01,-4.363168484334212227e-02,2.306201768879805047e-01,9.892480265490657954e-02,2.645823081737141980e-01,8.986934217943841341e-02,2.936932473090612117e-01,9.150845553934185139e-02,8.531546073019250498e-01,1.854757565574068623e-01,1.162637511587482630e-01,3.271629459640515991e-01,8.249735562546752776e-01,3.929732441283591005e-01,7.642263534952664639e-01,3.875398542323658935e-02,1.766453558382739819e-01,2.168640370237913395e-01,6.195532604999149859e-03,5.438252921416843189e-03,5.034521729192820844e-02,2.724748010439548285e-01,-1.483339278839571340e-01,3.474124894228335370e-01,1.810311285218436650e-01,1.992464053861902062e-01,5.621084587979513492e-01,2.392633739135039406e-01,2.691364169772407222e-01,4.515397212984498809e-01,2.378774249032229726e-01,3.892388923550419988e-01,5.535620387653612112e-02,2.188857075251864071e-01,-3.657707594584434091e-02,3.021742032842309467e-01,1.176094543941413467e-01,2.412003874643203483e-01,7.616521930035337340e-02,2.910131154426419120e-01,-8.428692556603098462e-02,7.615941559557648510e-01,1.786127893160059099e-01,-5.464817708425898785e-02,7.765023070059885735e-02,6.058471448220702493e-01,4.159124431188195303e-01,6.201732156729038853e-02,-1.799032179188158054e-01,2.760551925086280473e-02,9.621272262331453939e-02,1.207440971070194574e-01,2.506950813506372278e-01,1.335554117830858867e-01,2.814866568287620052e-01,2.952497332089661919e-01,-2.212098923636474368e-01,1.021033114695582833e-01,-4.257735999379231306e-01,1.557816195528535438e-02,6.863133560427735202e-02,1.576207570583285922e-01,2.167935070608479897e-01,1.032222406133572051e-01,2.009195078190532113e-01
4.750166446267044956e-02,1.358531848463382374e-01,2.450009968874726496e-01,1.586644645549264432e-01,2.770411776824877048e-01,5.177073783913906935e-01,5.096652926285371032e-01,4.096391934922815614e-01,2.556030922515945547e-01,6.899830950991117651e-02,7.395757841838625224e-02,2.711005475177464819e-01,4.260162603430132644e-01,3.060689428660780531e-01,4.893615801519066721e-01,-1.341995142970993093e-01,7.857758369220774891e-03,1.022501275870272980e-01,-5.110386494121324508e-02,2.743981365858084720e-01,4.216624616051007912e-01,3.728064752755597122e-01,4.448952165939092929e-01,1.545250012727059363e-01,3.969940778740019827e-01,5.041001712507787724e-01,4.975048458317562483e-01,1.982148234254675623e-01,5.865669306425700391e-01,3.407469004136343682e-01,1.927945685938410592e-01,3.197096068074009589e-01,1.774390285444200910e-01,3.022537444046609068e-01,1.038179460118809766e-01,1.941764586670967352e-01,1.510523360452395158e-01,2.379899609338031186e-01,5.553011483585139629e-01,4.569880145836466290e-01,3.740066168482710784e-01,2.259492292015089221e-01,3.230773766207994252e-02,2.602042512139786379e-02,1.060955163625443634e-02,3.580943348311523278e-01,1.183584650259174031e-01,3.800811870390680136e-01,2.948632723215655407e-02,9.872915757218672650e-03,1.346083365905862382e-02,-1.603194748655385792e-03,3.584607899462499692e-01,5.866376504744736931e-01,5.007848732176265472e-01,5.460076237239592789e-01,1.390800776642524446e-02,5.169795175238743878e-01,6.018558372386590971e-01,4.345998221706586229e-01,1.786127893160058822e-01,7.615941559557648510e-01,2.533770023584008824e-01,2.376972207594685582e-01,9.790383554130570321e-02,7.906235242250868323e-02,4.046252592758287636e-01,-1.630091438095701839e-01,2.248214332262710446e-01,2.197019405048981078e-01,2.159131422896830299e-01,2.550710869414804516e-01,-6.699804476696154948e-03,3.399998417335118317e-01,4.103514316354870406e-01,-7.220629211722374985e-02,4.376070206186938316e-01,-8.195854580758972843e-03,1.767393227964873803e-01,2.810096017203799756e-01,2.149151635614604816e-01,1.483234751233578619e-01,-1.565705100628866087e-01,2.579639921179653350e-01
-8.589879994470643598e-02,1.920741936560126095e-01,1.808823734479215739e-01,2.330781924714910025e-01,4.684470799624244619e-01,4.708125335908588949e-01,4.195770943809495335e-01,7.507652301566372088e-01,3.303514248924884766e-01,1.544965866005386934e-01,3.947732710867515316e-01,4.948468396502155864e-01,2.534007185183627109e-01,5.776593990015947977e-01,3.643080536318785145e-01,1.052739170774919519e-01,1.960329696508176234e-01,4.315889403779207822e-02,4.568402243231104443e-01,2.200691514301701956e-01,4.369336102709999725e-01,2.270234603910118720e-01,5.251884982288756998e-01,-9.269786588923609877e-03,3.516047534521064555e-01,4.342995787616177883e-01,3.886075165025333344e-01,1.586281406399172311e-01,1.226269328466095127e-01,6.238357142798854893e-01,1.929355014509253341e-01,2.451958499657198032e-01,1.075812388235599243e-01,-2.629333112061371658e-01,1.692446638659686198e-01,1.601659027794685719e-01,3.524456164074000197e-01,5.476523396330945648e-01,3.488700045058851784e-01,3.613490424363665077e-01,7.048419825296596830e-01,3.076728687432545017e-01,-3.022294955647407758e-02,3.323107366964763720e-01,2.155624263153545495e-01,5.024084930138539989e-02,4.778070492424897342e-01,1.951521145599047768e-01,-5.078815508297597481e-02,1.156351268158784112e-01,-2.345042796048486811e-01,4.421339202140266433e-01,4.520139736408070319e-01,3.099949829643613985e-01,4.089979629841631881e-01,4.444188480471800706e-01,-5.304639279141833141e-02,2.558466168024112752e-01,2.922256142351114527e-01,4.763275115261524917e-01,-5.464817708425898785e-02,2.533770023584009379e-01,7.615941559557648510e-01,4.220270032074250888e-01,9.789494233689086111e-02,3.096715039050130028e-02,5.048141550255776933e-01,8.975863120712806661e-03,2.674641544411939242e-01,4.726523458333403704e-01,2.354418755592369017e-01,3.072424340143122823e-01,2.432698296721023390e-01,1.126681643069838840e-01,3.767474327771282994e-01,1.891216930961852616e-01,5.712844004081237825e-01,2.445831359592919585e-01,4.455631827873051676e-01,3.546215147667057810e-01,2.295580209065694599e-01,1.568644363545754206e-01,2.377757622374362598e-02,3.088184110475077349e-01
-3.880216207602153744e-02,1.176069157195706039e-01,1.338324599723206554e-01,1.328135212748102201e-01,2.864405017930922726e-01,1.894442735228735186e-01,4.199492315384842356e-01,2.653872320728402068e-01,1.438390802319375328e-01,-5.040899293220863116e-03,8.498119726935617069e-02,7.320629272710876823e-02,3.013043500940082442e-01,1.308414066327094616e-01,3.933761715617780513e-02,3.228604871473763488e-02,1.500675077569036953e-01,7.343860613460209685e-02,-4.309492414179492276e-02,3.469365007983334359e-01,1.667743594376553395e-01,5.809585959625539198e-02,3.042350735496179848e-01,-1.744671063551552492e-01,5.708727002187524019e-02,1.612279518974821246e-01,4.251251289639045305e-01,5.890946108614141669e-02,2.316285310894087845e-01,3.395123040229384714e-01,2.937461716135914003e-01,9.821827245073667945e-02,6.068215481270153311e-02,7.319629425293470992e-02,1.322670634998286965e-01,8.648795415332836967e-02,3.921746039794161698e-01,3.487250426712674156e-01,4.401296207108563174e-01,3.151634473601093167e-01,3.622971557072061644e-01,2.384110582593860772e-01,2.035623247836290950e-01,8.427226789039925225e-02,-1.074714323680174555e-01,4.992007291510913158e-01,1.413123227602696708e-01,4.311638509616531195e-02,1.490385240089913375e-02,2.812966738451864734e-01,8.300695120940103366e-02,-1.229043705554303846e-02,2.887296232608986268e-01,1.469763674250240126e-01,6.405418744106046447e-02,3.946583056687813507e-01,-1.346914732802865222e-01,2.576763039976444625e-01,2.841189912991297084e-01,4.052839382915516264e-01,7.765023070059888510e-02,2.376972207594685582e-01,4.220270032074251443e-01,7.615941559557648510e-01,-1.157619891376079346e-01,1.041396984520386454e-01,3.760342525984760043e-01,-1.920718849515534454e-01,-4.089256825965468384e-02,1.003024996360652593e-01,1.081070920886322839e-01,1.933301010472445458e-01,1.224350691504386690e-01,5.071511517692087016e-03,1.521071272609122726e-01,5.014554448399646119e-02,2.372333721876445367e-01,-6.802912281936741856e-02,7.018753584477563368e-02,5.227239730192918127e-02,5.872402372518167185e-02,1.882150050491293858e-01,2.498911054549356747e-01,-9.091898637796314020e-02
3.951886616869215024e-02,1.874534765334035236e-01,1.414737086876849577e-02,-4.002564078260867353e-02,-1.239455762093610997e-01,-5.816053210110566814e-03,-8.860627828325104427e-02,1.952627252020412707e-01,-2.360244432039420581e-01,1.764524704148385248e-01,5.738423700360693880e-02,3.264531601069646238e-01,7.433609094612707302e-02,3.285993886863453617e-01,3.660850958308237701e-01,2.154759186666140372e-02,1.512739631818732500e-01,1.096256710881938906e-01,2.944780306838201689e-02,3.122831797487499172e-01,1.669679025312358067e-01,2.667088907535047348e-01,7.566162275233032086e-02,2.565209088918926628e-01,-5.466352411609688711e-02,2.865611835025140275e-01,-2.596188018777615403e-01,5.862984740314762799e-01,1.665718298957834520e-01,3.205548751726222667e-01,1.256603092909679698e-01,8.778632197456617270e-01,4.934665169629657844e-01,1.748706452494656338e-01,2.342607466224037871e-01,6.707123920389126970e-02,1.458400137915838168e-01,-1.575476735108049253e-01,-3.992761924291309342e-03,-2.304715553208282752e-01,2.169525406514168642e-01,-3.623573667405433629e-01,3.380368949352278163e-01,1.061056429953231434e-01,2.397032124583157453e-01,7.826393945465483226e-02,1.602136990690622709e-01,3.745899958053129364e-01,8.173016543666115907e-02,1.839567568464973990e-01,9.105977654471472671e-02,3.418455410238702835e-02,2.623859097446595845e-01,1.911523505465095030e-01,3.283311996725942761e-01,9.931875089662264844e-02,2.281254707686300176e-01,-1.063243900561910010e-01,2.689579826208287061e-01,-3.728505260004667532e-01,6.058471448220702493e-01,9.790383554130570321e-02,9.789494233689087499e-02,-1.157619891376079346e-01,7.615941559557648510e-01,6.744491788233466512e-01,-1.600441131763626623e-01,-2.376486615617978693e-01,-1.871079665486290455e-01,-6.369330521843884207e-02,-2.422467155028149022e-02,1.131821729400311199e-01,-5.716629440680084939e-02,1.712193888206477999e-01,4.114432904234072153e-01,-4.686512935396286994e-01,-1.706682561500725837e-01,-3.705844082457407374e-01,-2.455040999751709196e-01,6.293521173865207485e-02,1.620169168617034416e-01,1.438033035741413668e-01,2.820946613394742508e-02,-1.237474466749896931e-02
-3.121291887255859751e-02,3.884268408615146884e-01,5.038343158945502581e-02,1.864051453340038744e-01,5.213229468949340945e-02,1.106156362486065969e-01,2.665589826317235622e-02,2.967127322362885233e-01,-8.911378335762659697e-02,2.812850938336932671e-01,-5.885063476977568826e-03,5.014452090742583801e-01,7.656515824591876573e-02,4.506822616360749434e-01,3.700500982061858957e-01,7.689831837314475838e-02,1.887247300062444566e-01,3.027162693047911191e-01,-1.529993066148116754e-01,3.794282535175166893e-01,2.410526153143496830e-01,2.928103959228087749e-01,1.288096984158871861e-01,5.089368043041966327e-01,4.902928917052432056e-02,3.127244604233324066e-01,-2.198956645191455506e-01,3.760182835513031785e-01,7.947635601353038315e-02,2.190202874263393329e-01,1.536397650601454279e-01,7.251556885076554382e-01,8.793619599949956678e-01,1.481994693040830924e-01,5.128340878115865697e-01,1.390171860322014230e-01,2.150381873531135579e-01,7.944942063451297665e-02,1.925997658614265334e-02,1.117132599080733306e-02,2.813412821168841393e-01,-1.317307188155664444e-01,3.497838083369109174e-01,1.682671783550094280e-01,3.911960148925122116e-01,1.508182037999542813e-01,3.330142845358629589e-01,3.351993673968894916e-01,1.122309624738419276e-01,2.651331005120454720e-01,1.570397565023170239e-01,-8.582079314341006793e-02,2.575565222027847434e-01,2.555375815149291130e-01,3.318784985130999732e-01,1.694944596741269072e-01,4.944823564292744056e-01,1.556611715070150281e-01,3.175645618341849108e-01,-3.602345949236304690e-01,4.159124431188195303e-01,7.906235242250846118e-02,3.096715039050130028e-02,1.041396984520385899e-01,6.744491788233465401e-01,7.615941559557648510e-01,-2.746228781358495477e-02,-1.806990721022681268e-01,1.322871047631132002e-01,8.539394807831061918e-02,1.043273976111105950e-01,3.857587419121746297e-01,1.862789500752587424e-01,2.374900701587978058e-01,4.916357229665047623e-01,-2.235253014910143221e-01,1.313649574543309939e-01,-2.046791600735000938e-01,6.158364897201974025e-02,6.944796376144959926e-02,5.186116230129429738e-02,4.661191580346180086e-01,2.910711044229693512e-01,2.484479964739314817e-01
-1.983981962495846504e-02,-3.345610070633998206e-02,1.050668726350472981e-01,-4.583160330533032206e-02,-2.388376647837124056e-01,5.357985120646395760e-01,-4.868871997652211153e-02,5.240210637738245136e-01,-2.893911570653051601e-02,-1.371036083574550535e-01,-9.704293664455537760e-02,1.690980080579500555e-01,9.699551215194364417e-02,5.854922058764358561e-02,3.125311940216440321e-01,5.829214003966497193e-02,9.032919208873284311e-02,6.887245353197893848e-03,1.235109371030656544e-01,-4.088395709034137876e-02,4.275184438660210029e-01,3.807833116446372734e-02,5.591833148294991229e-01,7.098740752415080846e-02,3.805591350454814448e-01,3.084270340187217907e-01,3.360153372593984722e-01,2.996430853923898185e-02,2.047996290491361018e-02,2.402468729409318049e-01,-2.246613222699648041e-02,-3.515755417402335967e-03,-1.550106574375907376e-01,9.672765257769873337e-02,6.649773873696325499e-02,-2.062812480376640615e-03,-1.315434801607547055e-01,-1.091017783306890837e-01,7.007210251378022114e-01,2.375333550008586724e-03,5.071113497252197622e-01,-6.236638097629708388e-02,-7.324839088960397038e-02,-2.329359237255003157e-01,-2.256727836862939054e-02,3.174434657749377608e-01,-2.605195890547077481e-02,2.475239024150210909e-01,2.650576445465074316e-01,7.044313947281102828e-02,2.805277834513708046e-01,1.602649168873427343e-01,1.114331680337013741e-01,4.424975296943700620e-01,2.601910672959687476e-01,6.232268101107634184e-01,6.682489424557089275e-02,6.593177366261162575e-01,5.823325677402468870e-01,4.920642061504456599e-01,6.201732156729038853e-02,4.046252592758288191e-01,5.048141550255776933e-01,3.760342525984760598e-01,-1.600441131763626901e-01,-2.746228781358501028e-02,7.615941559557648510e-01,1.757472155857304208e-01,3.848567943794482527e-01,2.722462467536818087e-01,4.011843664202586202e-01,3.297990604644497337e-01,1.201566525546909729e-02,2.514943803274656831e-01,4.188465942467195502e-01,3.704044075973572103e-01,7.040812775119030809e-01,2.493629654239872262e-01,4.918108694186880125e-01,3.085855180965387801e-01,4.171488896938101987e-01,3.236876160047827411e-02,-6.088097603625804155e-02,2.735063775215313964e-01
-1.508319950132333276e-01,8.786124290189967212e-02,-1.512999779710117731e-01,-2.141778903512621957e-01,-1.274680039429842981e-01,9.817309669603364874e-02,-3.969399503374861915e-01,2.561661424831928602e-01,2.560265841934919462e-02,-3.683776369621970526e-01,-4.168339990557706071e-02,4.297290030911604664e-02,-2.158889799798117404e-01,7.205220983746728203e-02,-9.226911090082473565e-03,4.650924294421718980e-02,-2.055796485737961532e-01,-1.068460618486398866e-01,-1.080655067920073403e-01,-3.698098758954994625e-01,1.164035785547548468e-01,-2.494515812599986393e-01,2.405435958578266697e-01,1.801666995089844792e-01,9.119092554178553911e-02,1.205397288793118651e-02,-1.494824860965802693e-01,-1.495283043966572634e-01,-3.529747772388682203e-01,1.595360850412949338e-01,1.160059804902426744e-01,-4.823044386107407100e-02,-2.160107974548451104e-01,-1.975340430167061567e-01,1.250164019567196749e-01,-1.426112857724669836e-01,-1.368588363682421982e-01,-2.242606375311337608e-01,1.401911164161163958e-01,-4.037229326010904895e-01,2.280989042799504429e-01,-1.111670834875705116e-01,-4.967029341514920815e-01,-1.502866703872866028e-01,-3.156580878425625514e-01,-1.102961135507144613e-01,9.794213229380917263e-02,-8.746084533262842020e-02,1.254475447965328339e-01,-4.197019810924002559e-01,8.165638967499545819e-02,-8.997993475275398167e-02,-2.464504058324952229e-01,6.026210602063065275e-02,-2.180940565442071877e-01,2.165777184435414560e-01,6.822220562763263441e-02,1.562846862660546010e-01,-7.521398313433576288e-02,-7.482202122637106323e-02,-1.799032179188157499e-01,-1.630091438095701839e-01,8.975863120712723395e-03,-1.920718849515534732e-01,-2.376486615617978693e-01,-1.806990721022682378e-01,1.757472155857304208e-01,7.615941559557648510e-01,5.373260648182670574e-01,2.231128924838822747e-01,2.054424431933997708e-01,2.539112435569277904e-01,-3.444918225194813083e-02,1.676535115141303545e-01,2.797122192980295852e-01,3.147381185818715066e-01,1.968803016354499780e-01,7.985230612289681007e-01,3.859790788273383400e-01,1.152253215890493149e-01,2.255704128724361213e-01,1.079611237723052813e-01,3.359974548513331490e-03,2.004878836055874192e-01
-2.717787336820236543e-01,1.981384453411510482e-01,-4.516838744068266132e-01,-1.236979923100723494e-01,-4.656013040906890610e-01,-2.382001651463602418e-02,-3.476355982917144760e-01,3.152070729079033823e-02,-2.726955187174373574e-01,6.230153443507363553e-02,-4.549708768898124145e-01,1.079234566658449496e-01,-2.587423326128055479e-01,-1.866799391379024009e-01,4.482404854842379771e-02,4.008594081370177586e-01,5.958017286647331739e-02,3.447654964152460644e-01,-3.467895240564755621e-01,-3.122092669043384783e-01,2.819305434837000579e-01,-1.517166435367076627e-01,8.735072348127004283e-02,2.786986897625317594e-01,4.788904160485059069e-01,2.168507067335894711e-01,-4.344527083299919851e-02,-2.114635160156701776e-01,4.896802002712557188e-03,1.335936633163344045e-01,2.818739005481122467e-02,-1.874826775536072021e-01,2.677985616878165651e-02,8.449975945037734026e-02,2.371690393105956307e-01,-3.962460746491235919e-01,4.629586395707161600e-02,-3.572192463562905429e-01,1.198265420514240259e-01,-1.647909533536530413e-01,1.295260699168871571e-02,-2.828353539136305161e-01,-8.549545286254272430e-03,-4.764502391098275336e-01,-6.082420844233062812e-02,6.683877198599035008e-02,-1.823297167699728105e-01,-1.021481222059803240e-01,6.169443344843253962e-01,-5.063787890448866180e-02,6.054031212739893197e-01,-3.524865594134627966e-01,-2.048862963870034248e-01,2.223803669027725471e-01,-7.745261386959795269e-02,1.499807531755645573e-01,1.590251377510880360e-01,5.220894382098696385e-01,2.926345236231139291e-01,1.483765168749895391e-02,2.760551925086280473e-02,2.248214332262710446e-01,2.674641544411939242e-01,-4.089256825965476710e-02,-1.871079665486290178e-01,1.322871047631132002e-01,3.848567943794483082e-01,5.373260648182669463e-01,7.615941559557648510e-01,5.040567699973415028e-01,6.101840557649153007e-01,1.445842429615298574e-01,-1.174987248283524827e-01,5.113718829179509928e-01,3.310355069567423314e-01,3.591293663795850355e-01,3.451408353685196384e-01,4.234880075781061182e-01,6.965347994943977827e-01,3.852000884117543489e-01,4.283552907226493289e-01,1.705674251007381348e-01,-1.340663216720048012e-01,3.887325389084300697e-01
-2.226572094374832111e-01,3.937533668427689038e-01,-1.944980030627139755e-01,4.992964931761681435e-02,2.809991027427193380e-02,9.323069098700847990e-02,1.521800619686008299e-02,3.122517413552097776e-01,8.382275244947837156e-02,2.528465032660675571e-01,-3.188758425242184391e-02,3.442876195909128079e-01,-5.593834546311110545e-02,1.603054761292055652e-01,2.108708150202706910e-01,1.713170821195558469e-01,-3.839627140088348878e-02,2.584525111043211587e-01,-7.193026977617290874e-02,5.558974912664185752e-02,3.873165002759624276e-01,2.299726556833977531e-01,3.067895641095667036e-01,2.609915458667902977e-01,3.753449698032332860e-01,3.765712181975081618e-01,7.596625889614286309e-02,-6.235443581786873773e-02,2.161148384118680710e-01,5.707262145797438180e-01,2.918924694270618736e-01,8.550486984007218960e-02,1.539919372782578288e-01,6.496419055521028552e-02,1.665394427851173698e-01,-8.347951968147070134e-02,2.333018378998468201e-01,1.656057344420521771e-01,8.030895976525494195e-02,9.795127232485217883e-02,2.323767197043344057e-01,5.964506425926493355e-02,7.945405588437359778e-02,-5.942251507227697821e-02,2.248108551600762686e-02,-1.497271655239092343e-02,1.325379073944625841e-01,5.667427665690773220e-02,2.024683702576763333e-01,-1.280737566789642567e-01,1.684019758030296243e-01,-5.875562296973114995e-02,1.286545565336310870e-01,2.756640469360633339e-01,1.979261324875333794e-01,2.794565650394512657e-01,-1.867906344525182422e-02,2.203085112653141719e-01,1.388472476206053241e-01,9.037226383055994893e-04,9.621272262331458103e-02,2.197019405048981078e-01,4.726523458333403704e-01,1.003024996360653148e-01,-6.369330521843884207e-02,8.539394807831061918e-02,2.722462467536817532e-01,2.231128924838823580e-01,5.040567699973415028e-01,7.615941559557648510e-01,3.153273313976892034e-01,1.851112933404699401e-01,2.314456108574185558e-02,3.696645961244887646e-01,4.916313662907803028e-01,1.316374903276427977e-01,3.834574739432056179e-01,1.178938608043944292e-01,3.470254601747004841e-01,7.741442835949430279e-01,3.314084820544858090e-01,6.268866990782845372e-02,-4.957405110376592039e-02,3.781251270110980167e-01
7.655937759094443018e-02,2.761330778309648570e-01,-5.905847238855263526e-02,1.839270566561906628e-01,2.484843062910561257e-02,2.718357723455480102e-01,1.035030973813858141e-01,1.710950777974542536e-01,-2.599038299367257762e-02,4.974144740406482440e-03,-4.048125948208145669e-02,9.988859045512538115e-02,2.529751000716258802e-01,1.005987571732735730e-01,8.105940165883654749e-03,1.293093581850153495e-01,1.208267046461218297e-01,2.385777258845040716e-01,1.966903226284575854e-02,-2.123634690509440537e-01,2.940121285594770040e-01,-1.707900703713355339e-01,1.887669054972952731e-01,3.921925329561550683e-02,2.743636421499101030e-01,1.489086489885328712e-01,-6.741231300842592811e-02,1.246104515324821943e-01,1.553108804898518658e-01,1.713209498090157434e-01,-3.173434835503962520e-02,1.306127737945695089e-01,5.832316921457830067e-02,1.158167677926570660e-01,2.751613075214638937e-01,-8.779393705423814420e-02,-1.045661790161546006e-01,4.972722220288280925e-02,2.358969331587486284e-01,1.557198021426524914e-01,1.162726852741273187e-01,-9.169871456517704467e-02,-3.647402400680157392e-02,-6.725335579878140291e-02,4.041070621986957156e-02,3.253058656810655092e-01,5.539098893127455264e-02,5.169893681841739030e-02,1.126738599169236632e-01,2.537662924153302052e-02,1.737551275025467912e-01,9.069569918891745575e-02,-1.143302193688760515e-01,2.924964973278759151e-01,-9.596859219073518299e-02,2.374301878137267119e-01,-7.161490753410285938e-03,2.637970924455010358e-01,2.574870207497793606e-01,2.823665850609721750e-02,1.207440971070194852e-01,2.159131422896829466e-01,2.354418755592369017e-01,1.081070920886322978e-01,-2.422467155028147634e-02,1.043273976111105533e-01,4.011843664202585646e-01,2.054424431933997430e-01,6.101840557649153007e-01,3.153273313976892034e-01,7.615941559557648510e-01,1.267306241115682686e-01,1.745541243028040646e-01,3.055005812600001813e-01,4.365035010344210931e-01,2.876000600183907796e-01,3.012941342181010840e-01,3.465925464375404497e-01,5.901779451550243083e-01,3.247496660161133808e-01,4.789739563700606828e-01,8.769786978323883611e-03,2.181832641184507093e-02,3.039827040144812420e-01
3.456302899474793244e-02,2.725717489285984785e-01,9.664957815677621689e-02,4.017681096366517157e-01,3.356263848819843187e-01,2.794318943722062243e-01,3.807873465908108157e-01,3.282227345898754423e-01,1.571723336352255640e-01,2.904781928333222130e-01,2.497877539311245676e-01,3.811520994082740477e-01,2.436978151380117807e-01,4.813087372286368182e-01,3.252917602732822711e-01,3.957894019782553507e-01,2.128412312860724076e-01,2.823928661078963787e-01,2.290500410914680096e-01,1.496346415594029811e-01,2.244411234683607870e-01,3.212953221330440146e-01,2.188654265628929285e-01,2.016825109383104109e-01,2.215801182467039554e-01,3.487188296014704925e-01,3.444854358477820733e-01,2.880210760769920109e-01,2.191137582942543349e-01,1.143202580439764832e-01,2.524924464691362669e-01,3.016637838732748045e-01,3.409831699868705046e-01,9.436339854148448336e-02,4.278695759650666397e-01,5.530807107263341349e-02,3.817118082061549678e-01,3.023512019131456285e-01,1.421213513086304336e-01,4.305337909490213333e-01,2.642071891519414129e-01,1.499584605838718554e-01,1.626258227813478230e-01,2.740285057919280010e-01,1.326274070675592942e-01,3.753909767438257106e-01,5.176995074953649745e-01,2.412161310979648310e-01,4.138478213745221401e-01,1.860543272476223031e-01,2.768606868420939726e-01,1.663463810721619307e-01,2.641550255518795298e-01,2.313937284369531611e-01,3.808554324020741455e-01,1.913888414895792145e-01,1.737128974911425483e-01,2.092909853778634199e-01,3.108406195803966598e-01,4.544745869343745359e-01,2.506950813506372278e-01,2.550710869414804516e-01,3.072424340143123378e-01,1.933301010472444348e-01,1.131821729400310644e-01,3.857587419121745742e-01,3.297990604644496782e-01,2.539112435569277904e-01,1.445842429615298574e-01,1.851112933404699401e-01,1.267306241115682408e-01,7.615941559557648510e-01,6.139570494017094759e-01,2.262181282031282548e-01,3.926894533126073505e-01,6.205406374243797180e-02,2.731630811929646740e-01,1.408675858278407023e-01,3.206237732452966727e-01,1.252757212957518185e-01,-3.369592324561199170e-02,8.394940275411604258e-01,5.863984712422578571e-01,1.725126665723581143e-01
-9.124250536047204263e-02,-8.617836658097059732e-02,1.856649235076834326e-01,1.778759898151921481e-01,3.792770861087917389e-01,5.867760744101945675e-02,2.321733237011052164e-01,1.530328589620520430e-01,2.120785607092816050e-01,1.009192696849511850e-02,3.301434473667095859e-01,2.937120842713383251e-01,9.200825104777583807e-02,3.800952016249966037e-01,7.464766178117465678e-02,6.939739052256488350e-02,1.332733341707998398e-01,4.932669020317703018e-02,2.736910606262762946e-01,1.760417200005668092e-01,-8.280664842252266622e-02,1.616279512403248075e-01,1.163772869014736561e-01,1.190479967228603997e-01,-3.035616532521387065e-02,2.221251255668512184e-02,1.928705739824531362e-01,1.358931173843326845e-01,3.140043705698773030e-02,2.233648513180000184e-01,4.653060264475294971e-02,2.293042162033138154e-01,1.629458931502825725e-01,3.732948334463453716e-03,1.195678681561874318e-02,1.647916022103144418e-01,3.876435083954241634e-01,3.928611542242607668e-01,-6.426759998244113703e-02,2.853976799699060041e-01,1.699562610179578825e-01,1.945613678686007597e-01,2.610851897670621313e-02,2.852536993984312597e-01,9.856511464920318655e-02,1.155335953113536124e-01,2.961867916590242844e-01,-5.306823383382780479e-02,1.316328001436026796e-01,2.145354361066617588e-01,2.918130265792463415e-02,2.212531318032864014e-01,1.060969823747202334e-01,-3.427902980424686608e-02,1.778255179899381200e-01,8.696381454626415930e-02,6.033585435926967083e-02,1.082973651076235833e-01,1.188422897701335058e-02,1.944419984161036286e-01,1.335554117830859699e-01,-6.699804476696113315e-03,2.432698296721023112e-01,1.224350691504385857e-01,-5.716629440680080082e-02,1.862789500752587424e-01,1.201566525546909729e-02,-3.444918225194813083e-02,-1.174987248283524272e-01,2.314456108574185558e-02,1.745541243028041201e-01,6.139570494017094759e-01,7.615941559557648510e-01,1.403758740349086986e-01,1.228088557518997453e-01,-8.004936376499356687e-02,-4.033128054642209220e-02,-2.255558710732444988e-02,-2.022269282921156791e-02,2.093634652521636150e-02,-5.581392217530718042e-02,5.235965781903941796e-01,6.720296176884035244e-01,-2.610683317277384674e-02
-9.664547154969491127e-02,4.275802251756861128e-01,-7.096964982105144482e-03,-6.113236543766169262e-02,5.035651560273193827e-02,-2.569703986973403617e-02,-7.082904495025031666e-02,2.891651445703755652e-01,1.891455224028140980e-01,2.462653812339265225e-01,9.673940013333030830e-02,3.481905420324398204e-01,-1.712717127394978306e-02,1.518601857790848053e-01,2.946405347094119276e-01,1.428325776986955065e-01,-7.971611737044566326e-02,1.187321290511580557e-01,1.987756623693580638e-01,8.785184605684695502e-02,3.437738926581629939e-01,1.132893443245612253e-01,2.935139325824764334e-01,3.771982349726508699e-01,3.213013648920043375e-01,3.404232947935166842e-01,3.194410272311103416e-01,2.208916023213578772e-01,4.405341158068133700e-02,2.875756717787809613e-01,2.344282356919124288e-01,1.660473661252207245e-01,2.902049857980343872e-01,1.247027465066841284e-01,4.393861898489732076e-01,2.273543249986505546e-02,3.641422358405813631e-01,2.151729144241188163e-01,2.057131531506382338e-01,8.845620799721666538e-02,3.751222991639892035e-01,2.269958835273474251e-01,1.515874976400440610e-01,1.265070941338920785e-01,1.317259632176830397e-01,2.887929061708880973e-01,2.848468409166778417e-02,2.243214280145260087e-01,2.813194947693023473e-01,-7.542149173415084451e-02,2.536045081748312668e-01,1.438004465107662333e-01,1.811673901557740718e-01,4.298881679439308101e-01,1.829413185018032018e-01,3.921316722793348752e-01,3.478498683848962325e-01,3.630636742952295659e-01,3.601848193058143077e-01,3.299673062645505639e-01,2.814866568287620607e-01,3.399998417335118317e-01,1.126681643069837452e-01,5.071511517692032373e-03,1.712193888206477999e-01,2.374900701587977503e-01,2.514943803274657386e-01,1.676535115141304100e-01,5.113718829179508818e-01,3.696645961244887646e-01,3.055005812600001813e-01,2.262181282031281437e-01,1.403758740349086709e-01,7.615941559557648510e-01,3.100414042748722565e-01,-1.931556142493807970e-01,2.016098632491034603e-01,2.309163390296120888e-01,4.835160871318284204e-01,2.487985809446044694e-01,9.505442206238851055e-02,2.457192386601624312e-01,-1.360435012634317970e-03,6.620962933947277529e-01
-3.698411676789829794e-02,4.621274316592796638e-01,3.436229769085792918e-01,1.074015773523220307e-01,2.476599372631857754e-01,1.367915660722951454e-01,6.974657038579704094e-02,4.723122131002918112e-01,3.132396129581801469e-01,1.282292007587406968e-01,4.712266384853478485e-01,4.199885416014249029e-01,-9.708536405825944626e-02,4.130104686174755901e-01,4.677820845503661840e-01,1.272200306637807643e-01,-1.744273892953636940e-01,3.587902862397366471e-02,4.132561136824856041e-01,3.642427499027448001e-01,5.426440880823728552e-01,4.846350015473328554e-01,4.765480090211853814e-01,3.154831173685880841e-01,2.542971572410842596e-01,3.615955499995243683e-01,3.911336623690566117e-01,3.546504187432722444e-01,4.011709467286685982e-01,2.742148133189500347e-01,7.107091186952715911e-02,5.199848435352319997e-01,5.015727941193541817e-01,1.361083395274685082e-01,5.238997775536048396e-01,3.107067125473777502e-01,-4.191160570267192520e-02,2.984392331899148321e-01,2.374353970398815905e-01,-4.795643087933665338e-02,4.576687323260765217e-01,2.486287339226356252e-01,9.067641519331934297e-02,4.563724653709623214e-01,2.130123143169205813e-01,3.867673545969396026e-02,3.925319457154310410e-01,3.790734804929752899e-01,2.162843628552354736e-01,-7.165970793103576542e-03,1.084594808151724404e-01,4.871618156010756318e-01,3.101642667704995748e-01,4.952668777045725612e-01,4.692854313980682202e-01,4.714109452001828959e-01,2.444740978970470768e-01,3.309711917752363175e-01,4.076004109631184424e-01,3.657537785257803931e-01,2.952497332089661919e-01,4.103514316354870406e-01,3.767474327771282994e-01,1.521071272609123837e-01,4.114432904234072153e-01,4.916357229665047623e-01,4.188465942467195502e-01,2.797122192980295297e-01,3.310355069567423314e-01,4.916313662907802473e-01,4.365035010344211486e-01,3.926894533126073505e-01,1.228088557518997037e-01,3.100414042748723120e-01,7.615941559557648510e-01,2.183199758238276583e-02,3.129763303385921236e-01,1.599387583882823372e-01,4.196519675657590098e-01,3.681201161601309613e-01,5.301060956640144539e-01,1.799052775380642344e-01,1.731251693778828871e-01,3.860964281022810085e-01
-9.995739458581055781e-02,-1.633872820495324008e-01,-4.269741999142607353e-02,-2.912222764972481892e-01,-2.566568867747568983e-01,2.852797306093791674e-01,-9.254051988083583646e-02,1.868825902743194989e-01,-1.199709834481707815e-01,-2.848201809754739577e-01,-1.821021086206635053e-01,-6.866292958080243147e-02,2.363801232400316102e-02,-8.392394974655624507e-02,-1.666547002160785607e-01,1.814564189659786109e-01,9.648673018882784891e-02,1.713884338587849387e-01,-7.684600871240798887e-03,-2.320004925900518433e-01,-3.322964267694120122e-02,-1.782524860509834552e-01,2.273768356009816249e-01,-5.191187432470766722e-02,3.145640923618396867e-01,7.590403814617464884e-02,1.115096533852722727e-01,-2.919516430301654641e-01,-1.338113682834018991e-01,1.039669875826630327e-02,-3.484865950654599809e-01,-4.712853439025660451e-01,-3.494752790856194280e-01,-2.185346588765563203e-01,-3.048408077326314469e-01,-1.666637511429494567e-01,-2.794333854358228564e-01,-2.105494631431526764e-01,1.501097927977231294e-01,-1.363178994267730815e-01,1.207492967425144587e-01,-1.810595451853878046e-01,-3.551478621510419931e-01,-3.468211663659628852e-01,-1.885328385092772396e-01,-7.103911860479503182e-02,-1.774582431676443098e-03,-2.253794319591183870e-01,9.140179974361806181e-02,-1.903629823673277932e-01,1.502157494285943362e-01,-9.416629036903137462e-02,-9.599145854541279999e-02,-4.242863194116550107e-02,-1.133381898666951243e-01,1.502633934977492813e-01,-1.957505617359948658e-01,2.829774580941136208e-01,-3.669580172862723505e-02,4.418020127866035401e-02,-2.212098923636474368e-01,-7.220629211722374985e-02,1.891216930961852893e-01,5.014554448399642650e-02,-4.686512935396286994e-01,-2.235253014910143499e-01,3.704044075973570993e-01,3.147381185818714511e-01,3.591293663795851465e-01,1.316374903276428254e-01,2.876000600183906686e-01,6.205406374243797180e-02,-8.004936376499349748e-02,-1.931556142493807693e-01,2.183199758238268257e-02,7.615941559557648510e-01,4.674876130102441074e-01,1.491622945139316481e-01,3.538865405496937622e-01,2.215709858156715839e-01,3.740011537256530127e-01,6.994611585646080820e-02,-3.305978468418176164e-02,-1.005170584173657039e-01
2.511098799240256141e-01,8.802771146103999245e-02,8.206492585599622913e-02,-9.645303603321642161e-02,-2.585900284988777442e-01,6.806802699920749822e-01,1.772837204554638668e-01,4.806382206622795139e-01,6.411707598681386233e-02,1.970841934180082022e-01,-1.060742925412048454e-01,1.804411312978465576e-01,3.548429837082840987e-01,-1.198778294865192745e-01,4.704321283170045387e-01,4.264149233693074748e-01,3.279436592204784118e-01,2.610901044052541531e-01,1.525859539383142005e-01,2.999855165169236226e-01,5.003097867400180254e-01,4.590436617681997178e-01,5.483907204911653288e-01,1.414336134451633920e-01,5.922330405645829243e-01,5.525105128961169676e-01,5.783889841844707114e-01,1.926403920720957119e-01,4.617492767573188606e-01,4.066124468985503060e-01,-4.418894458185370494e-02,3.079134617696126577e-02,8.789810215479829103e-02,-7.366579081176877208e-02,1.168667529800499066e-01,7.134190320904092684e-03,-1.648996577748944870e-01,-1.606110934687413061e-01,4.016351256012764548e-01,7.222030893542506769e-02,3.099119602650900474e-01,3.162103678996833200e-02,-1.593288383481413217e-01,-2.762799305560866281e-01,-3.474908588270633758e-02,1.173330565506518069e-01,-2.799385481104996187e-01,4.081793162064376035e-01,1.396404169860719913e-01,-9.044376355520995781e-02,1.113028706288251429e-01,1.453624781091286955e-01,3.898384158341755557e-01,4.211742287777685556e-01,4.153715311653669029e-01,5.065906963642790029e-01,3.936882470493462127e-02,4.528790009058329957e-01,3.366637589300781053e-01,5.445179221781738521e-01,1.021033114695582417e-01,4.376070206186939426e-01,5.712844004081237825e-01,2.372333721876444534e-01,-1.706682561500725837e-01,1.313649574543310494e-01,7.040812775119028588e-01,1.968803016354499780e-01,3.451408353685196939e-01,3.834574739432057289e-01,3.012941342181010840e-01,2.731630811929646185e-01,-4.033128054642209220e-02,2.016098632491034603e-01,3.129763303385919571e-01,4.674876130102441074e-01,7.615941559557648510e-01,1.019748289247917050e-01,4.281329689550379403e-01,2.561059468498412262e-01,4.727801457358314363e-01,1.745263273230468482e-02,-1.394888616476182286e-01,2.641252780865501748e-01
-4.434166637089716478e-01,-1.684361075678374869e-02,-2.253244118553575648e-01,-2.129086447027918882e-01,-1.796311824855570394e-01,4.516713496261626909e-02,-3.754313383905560353e-01,2.293550383135415927e-01,-3.736022254945333548e-02,-3.124292939329533225e-01,-1.718410510331422336e-01,2.931346924161246786e-02,-3.145186642096796659e-01,1.210923785841742234e-01,6.273033662697728718e-02,-1.538795955584449093e-01,-3.001735669880644108e-01,-2.351932369444007243e-01,-2.361950737699572700e-01,-3.349566582940778359e-01,2.105672961669032561e-01,-3.281080656456847877e-01,2.050890426148189727e-01,9.190546568349433620e-02,5.003271519824992880e-02,1.307852614992787398e-02,-5.252194596903247276e-02,-4.043236654863748836e-01,-3.495117078557138379e-01,2.006634361669946687e-01,1.416449362596641261e-02,-2.146356651586514841e-01,-2.767309372008011081e-01,-3.113598945558478381e-01,-8.083053151322121266e-03,-2.134158850399234530e-01,-5.176362992446162901e-03,-2.058358465308878782e-01,2.323974758312647160e-01,-3.597231557035133198e-01,2.904676031939734115e-01,-1.954480324161335381e-01,-4.114132690228023970e-01,-2.804737946013408645e-01,-2.076564852587950705e-01,-1.845789179135587377e-01,1.368704475313435309e-01,-5.603291038855315320e-02,1.577442942193623687e-01,-3.569733387899966526e-01,5.760752265385708087e-02,-1.814078803114138050e-01,-2.376632911619468436e-01,2.155551516277990076e-01,-1.775494835905715441e-01,2.910028575461802158e-01,-3.716031822055479439e-02,3.041235342567979449e-01,1.719273579934836316e-01,1.217439979286375276e-02,-4.257735999379231306e-01,-8.195854580758972843e-03,2.445831359592920695e-01,-6.802912281936743244e-02,-3.705844082457408484e-01,-2.046791600735001493e-01,2.493629654239872817e-01,7.985230612289679897e-01,4.234880075781061182e-01,1.178938608043944292e-01,3.465925464375403942e-01,1.408675858278404802e-01,-2.255558710732456090e-02,2.309163390296119778e-01,1.599387583882823094e-01,1.491622945139315648e-01,1.019748289247915940e-01,7.615941559557648510e-01,2.948286668316850156e-01,7.307483934844109796e-02,3.636035407765822458e-01,-2.621311112786707878e-02,-3.008863922568937553e-03,1.680216218745776424e-01
-1.611437046517924521e-01,1.901585195255142136e-01,-3.223263196136190722e-01,-1.925819368347371843e-02,-3.424761545587979295e-01,1.671608338592067700e-01,-2.202455642271543557e-01,2.256016356344738294e-01,-2.172955955863883626e-01,8.700088918828327578e-02,-2.946597278745353155e-01,1.320139524940709130e-01,-2.572635831233351794e-02,-6.905228417112725670e-02,9.014063158187210489e-02,4.649822463680999829e-01,1.800099492778284849e-01,4.180308106462505280e-01,-2.405362757280228581e-01,-2.413269725397401699e-01,3.235707202748511202e-01,-1.242827318967998224e-01,2.135385383998470443e-01,1.690252444135793009e-01,4.475961128349066898e-01,4.101305388630797633e-01,6.276702587224700092e-02,-1.873960237571112020e-01,-2.764192810623416346e-02,2.736359733380328008e-01,1.873128586914880878e-01,-2.320481026939438529e-01,-1.763774734682388087e-02,1.239686213738966647e-01,1.925576099217853887e-01,-2.664316142513916685e-01,1.201121521229767258e-01,-2.241364769621085606e-01,1.926717287991079053e-01,-9.403469134185343803e-02,1.290123834265289315e-01,-2.243034821542589652e-01,4.559245394415721575e-02,-3.619737804722825691e-01,1.709154946206173017e-02,9.767004941358445325e-02,-1.189407974881065005e-01,1.388262259599190585e-02,5.594548326276768124e-01,-5.114749629088125027e-02,5.697029370435661155e-01,-2.070859908795705806e-01,-9.838164659085005259e-02,2.716216442294165367e-01,9.266758075301920888e-03,2.296875637846591267e-01,1.899042409851837976e-01,4.865300443532842301e-01,4.418233713859071599e-01,5.013570152820889109e-02,1.557816195528535438e-02,1.767393227964874636e-01,4.455631827873051676e-01,7.018753584477555041e-02,-2.455040999751709196e-01,6.158364897201974025e-02,4.918108694186880125e-01,3.859790788273381734e-01,6.965347994943976717e-01,3.470254601747002621e-01,5.901779451550243083e-01,3.206237732452965061e-01,-2.022269282921156791e-02,4.835160871318284204e-01,4.196519675657590098e-01,3.538865405496938177e-01,4.281329689550378292e-01,2.948286668316851822e-01,7.615941559557648510e-01,3.761154508660950468e-01,4.393054305163968110e-01,1.484389353170900150e-01,-1.146999154502618690e-01,4.562867365501900863e-01
-2.686284466611136290e-01,3.547846440179884819e-01,-1.568651013371015202e-01,1.150616814685164781e-02,-3.278160917110720107e-02,2.741253287130051078e-02,-1.411407957427231463e-01,1.495206727212212983e-01,9.743424173191161941e-02,7.583898111764460215e-02,-5.996394954788842463e-02,2.058143270450974727e-01,-1.295034475171727151e-01,5.332137828010898029e-02,1.603232061268419495e-01,6.818064028474674076e-02,-6.764534661007425009e-02,1.073998923459787425e-01,-1.540454514439462130e-01,-6.909448022452958915e-02,2.343146791835014897e-01,5.048684353536450620e-02,1.821434590540916831e-01,9.319746534129094706e-02,2.350817777801461617e-01,2.042551686276974920e-01,-1.747415655519819408e-02,-7.722683279332039075e-02,4.007135688442849120e-02,3.509519691839037558e-01,2.162404779053080373e-01,4.611606606777376299e-02,8.166673412694590295e-02,1.302744992088463449e-01,2.380826830333914734e-01,-9.454970290746880779e-02,1.096540217687215074e-01,1.388284906915324413e-01,4.618998353415743052e-02,-9.090342830088421130e-03,7.877791987773938298e-02,7.795767380193067975e-02,3.792774892017004851e-02,-7.420403156608351702e-02,-1.162298340759952558e-01,-4.991283898712639555e-02,7.725718841448589447e-02,1.228688432043268802e-01,3.144840685482132026e-01,-1.314439674660452251e-01,2.082948466368954865e-01,-1.263097180835071331e-01,8.251669587761793767e-02,2.252975062962652153e-01,2.164814663849717880e-01,1.837105421479647838e-01,-1.657052806221091801e-01,2.611541259367527457e-01,1.878966483934081666e-01,3.031034538256951669e-02,6.863133560427731039e-02,2.810096017203798091e-01,3.546215147667057810e-01,5.227239730192923678e-02,6.293521173865211649e-02,6.944796376144957151e-02,3.085855180965388356e-01,1.152253215890493704e-01,3.852000884117544599e-01,7.741442835949429169e-01,3.247496660161134363e-01,1.252757212957518185e-01,2.093634652521643089e-02,2.487985809446044139e-01,3.681201161601309613e-01,2.215709858156715839e-01,2.561059468498412262e-01,7.307483934844115347e-02,3.761154508660950468e-01,7.615941559557648510e-01,2.233816243889776287e-01,7.194595275049923966e-02,8.387304482587393251e-02,2.744650348285781472e-01
6.182045233495959274e-02,2.569905705278874852e-01,1.317526359471638334e-02,6.545296528919009038e-02,-5.444336118263057300e-02,3.575721311491943388e-01,6.751882472446860128e-02,3.816372350462932661e-01,1.083328791268822616e-01,2.318813061819914867e-01,4.018733764644718404e-02,1.718761054500733410e-01,1.857233188468230545e-01,4.976048467184802926e-02,5.608448758796085593e-02,1.577480603324205033e-01,7.692434602195791227e-02,1.989869258260663076e-01,-2.250497306598165867e-02,-1.082503073760883033e-01,3.250564775557356345e-01,-9.017941452222777432e-02,3.189964388674955131e-01,7.991551237460495227e-02,3.835488343277112522e-01,2.211594316167041219e-01,3.340688317720039852e-02,1.142063149455891102e-01,1.942560909946563497e-01,3.588886410841352625e-01,2.707876098962555197e-02,1.916830402206643469e-01,1.997806183025634397e-01,2.034017632917856921e-01,1.911480562984836651e-01,-8.616950459726818723e-02,5.334753819482063869e-02,-5.100199912760085535e-04,3.361575825039017085e-01,3.273467480325688989e-02,2.753140824917886254e-01,1.610596668837478013e-02,1.098797268178217240e-01,5.058525653365142372e-02,1.233116154260700537e-01,2.545400667761847924e-01,1.193165915106094294e-01,-1.779718902175948456e-02,2.009471987909605961e-01,-1.037019988408600518e-01,2.664077283013132624e-01,7.778493118299388553e-02,-9.964100293564409627e-02,2.495524444478911252e-01,-3.554586305046034816e-02,3.037086341553549840e-01,-3.666847797778067380e-02,3.095315262035696069e-01,2.149202809101126710e-01,-1.760038588243095226e-01,1.576207570583285367e-01,2.149151635614605926e-01,2.295580209065694322e-01,5.872402372518171348e-02,1.620169168617034694e-01,5.186116230129429044e-02,4.171488896938102542e-01,2.255704128724360935e-01,4.283552907226492179e-01,3.314084820544858090e-01,4.789739563700606828e-01,-3.369592324561197783e-02,-5.581392217530724287e-02,9.505442206238849667e-02,5.301060956640144539e-01,3.740011537256530127e-01,4.727801457358314363e-01,3.636035407765822458e-01,4.393054305163968665e-01,2.233816243889776842e-01,7.615941559557648510e-01,-1.568014630726002334e-01,-3.012497258518271118e-02,1.199002646644454217e-01
-2.152323511115408761e-02,3.032007770729305274e-01,-2.005352028463259495e-01,2.590182931032049551e-01,2.276124612993217500e-02,-5.204081792028676656e-02,1.588997026598872042e-01,1.465622853787468260e-01,-1.542789277145265592e-01,3.108669218566130765e-01,-1.756962609496113270e-01,4.734208877767739354e-01,1.313438184328178104e-01,3.737072112558287862e-01,3.084568285030390711e-01,4.030926430491142964e-01,2.693494364137574704e-01,3.746906849225739577e-01,-8.880528393772865736e-02,6.582732678061177511e-02,1.486292400262258784e-01,1.657108168874533716e-01,-1.774281728557163679e-02,4.593907306416575298e-01,6.875083905292411757e-02,3.102030516084129941e-01,-1.014433740496474600e-03,2.462190944167773898e-01,8.916887009689981880e-02,8.909563443124737803e-02,1.622643368595465818e-01,3.041345973160249905e-01,3.918104250521367016e-01,7.615035643945428090e-02,4.587193091135366441e-01,-2.224582007381273319e-01,4.026365405206616122e-01,4.781689286974493552e-02,-7.884803016023846089e-02,2.843493428435996950e-01,1.814653876110004227e-01,-1.202469305773072733e-01,2.527273866247351508e-01,-1.307623516308406009e-01,3.514540456556763948e-01,2.225041916356442218e-01,5.035912816664638303e-01,1.840388340010059576e-01,4.023912224711789776e-01,2.725941865257406893e-01,3.611524675022673159e-01,-1.460291256874731436e-01,1.859613445802810183e-01,1.707006636382954745e-01,2.391829877467089027e-01,6.620258006073008808e-03,4.426564794476610665e-01,7.262941470269584920e-02,3.489402824586169127e-01,1.006890341911501480e-01,2.167935070608480175e-01,1.483234751233578341e-01,1.568644363545753928e-01,1.882150050491293580e-01,1.438033035741413113e-01,4.661191580346179530e-01,3.236876160047835738e-02,1.079611237723052813e-01,1.705674251007381070e-01,6.268866990782848148e-02,8.769786978323835039e-03,8.394940275411604258e-01,5.235965781903940686e-01,2.457192386601624312e-01,1.799052775380642899e-01,6.994611585646083596e-02,1.745263273230462930e-02,-2.621311112786691225e-02,1.484389353170900983e-01,7.194595275049923966e-02,-1.568014630726002334e-01,7.615941559557648510e-01,6.954973328256022214e-01,2.315476873139340475e-01
-1.796967709935222701e-01,3.915244300507274983e-02,-1.073201398286064284e-01,8.180330801612348268e-02,-7.443263224745765017e-02,-1.234857030024092417e-01,-1.573742230512948648e-01,-1.537472917931950039e-02,-2.164302891446617527e-01,-3.987774926546364812e-02,-9.182131232848099456e-02,1.351602427045140442e-01,-2.084428766772711827e-01,5.922615127131444779e-02,5.074005573267839631e-02,8.147321029865006725e-02,8.912763637520469684e-02,6.462255471418149044e-02,-1.639591738534326992e-01,1.267499076274381797e-01,-2.057858838825087078e-02,-7.617502254929359694e-03,3.098158854223817901e-05,1.363773578229802719e-01,-1.449145868864805398e-01,-9.296828764087897157e-02,-6.805189324536323192e-02,6.152036963955753723e-02,-1.554745316789651610e-01,1.801015856034861584e-01,7.313690154732618853e-02,2.901972797471217280e-01,1.539387740156975271e-01,-6.102896851874505674e-02,1.935056291476186796e-01,-1.545067275354871650e-01,2.647238893715372909e-01,-1.102036468735218960e-01,-7.347370979419154402e-02,-1.270202672099582097e-01,7.475595865801999695e-02,-2.951955574858924902e-01,5.444211456058276749e-02,-1.144108209116628805e-01,1.215338814703859939e-02,-1.783913221646139108e-02,2.890852929663849102e-01,-2.710652267429333045e-02,1.064416700912197561e-01,1.922822529895761579e-01,1.356996989934567965e-01,-1.518034068352952237e-01,1.037598583587192869e-01,3.575304566101819570e-03,4.753090663136203681e-02,7.973029064826742465e-03,1.097482901791265453e-01,-4.243470893680382355e-03,5.112553039125745935e-02,-1.022070590908069065e-01,1.032222406133572051e-01,-1.565705100628866364e-01,2.377757622374357047e-02,2.498911054549357580e-01,2.820946613394748059e-02,2.910711044229694067e-01,-6.088097603625797216e-02,3.359974548513331490e-03,-1.340663216720049122e-01,-4.957405110376592039e-02,2.181832641184502930e-02,5.863984712422578571e-01,6.720296176884033024e-01,-1.360435012634345726e-03,1.731251693778828316e-01,-3.305978468418167837e-02,-1.394888616476181176e-01,-3.008863922568937553e-03,-1.146999154502618551e-01,8.387304482587394638e-02,-3.012497258518268342e-02,6.954973328256022214e-01,7.615941559557648510e-01,-2.019191539637471555e-01
-3.109747380406096065e-02,4.266231281701806100e-01,-8.699310358981633684e-02,-2.229184842228198737e-01,1.868427513265866480e-01,3.226668873988239013e-04,-7.650361051388120115e-02,3.377597522024116117e-01,2.172401928540984295e-01,3.177805055391151878e-01,5.291424643901709857e-02,4.235670222070100910e-01,-1.237073743959715179e-02,3.135543713619768358e-01,4.541359893868564257e-02,1.802223121580429355e-01,-5.950283725193838968e-02,2.167345225766215966e-01,-1.857432995421644598e-02,-3.624007976289832927e-02,3.180892239132712684e-01,4.583039172535622457e-02,2.714178187647262042e-01,5.198363498485714107e-01,1.017162957850502036e-01,3.095372079730586701e-01,1.640946962315703028e-01,2.125728707553472541e-01,3.486864424520216138e-02,2.076303681783187582e-01,8.918109716130415143e-02,1.944580956403446359e-01,3.927030313100361436e-01,1.915730354460334905e-01,4.973008140003242206e-01,-7.802920710920685510e-02,2.029456350043173929e-01,2.992553130206555001e-01,7.135030151821883382e-02,-3.580888588219402480e-02,4.070360288392247949e-01,2.137821410761838736e-01,2.819465300755002457e-01,9.373668217746281006e-02,3.566865196358193213e-01,1.267033907881459920e-01,2.714170024530633274e-01,9.851688260690154297e-02,3.468324332150139466e-01,-8.211381090897185153e-02,2.458370133402564550e-01,2.546187355012705100e-02,-4.639547546950603674e-02,4.214469521875674474e-01,4.353250176812886035e-02,3.576999847159916812e-01,4.230655008542961171e-01,2.506889924924104451e-01,2.418505386099108478e-01,1.383676555585034995e-01,2.009195078190532113e-01,2.579639921179652795e-01,3.088184110475077349e-01,-9.091898637796316796e-02,-1.237474466749902482e-02,2.484479964739314817e-01,2.735063775215313964e-01,2.004878836055872249e-01,3.887325389084301253e-01,3.781251270110979612e-01,3.039827040144812420e-01,1.725126665723581143e-01,-2.610683317277384674e-02,6.620962933947276419e-01,3.860964281022809530e-01,-1.005170584173656761e-01,2.641252780865501193e-01,1.680216218745776979e-01,4.562867365501900863e-01,2.744650348285782027e-01,1.199002646644454356e-01,2.315476873139340197e-01,-2.019191539637471000e-01,7.615941559557648510e-01
