7.615941559557648510e-01,4.942260117380580242e-01,3.621807162159227517e-02,2.270495157428355226e-01,3.161415807480608131e-01,1.166905743706400794e-01,5.389597918440865998e-01,-1.427360021306784410e-01,1.785393275896630660e-01,5.196454259685252541e-01,1.077048241594427136e-01,-1.136234512757179765e-01,6.088842076795093483e-01,-3.243979645484837970e-01,2.554903360634922516e-01,4.598452627170804830e-01,3.936767704094437104e-01,6.727960873044322998e-01,-7.819376172102628086e-02,-7.194888533563492672e-02,5.085616697095466376e-01,2.098132497382665940e-01,-1.678000592831132842e-01,2.202445567568054874e-01,4.060647685552804531e-01,4.526795016699557972e-01,1.469085046313268472e-01,4.238629442980137996e-01,8.240132546868654817e-01,4.771943783838664827e-02,-7.189321672474589808e-02,6.580358744793599057e-02,4.972024017856346290e-01,7.369672133722396934e-01,5.743195314307072419e-01,5.038732872421438670e-03,-4.329751667458217601e-02,2.145633374764910617e-01,7.184944785397560929e-02,2.638140865370092736e-01,-2.791033210420719723e-01,2.036983622170106256e-01,3.054036733124504410e-01,8.897293163224537227e-02,-5.682411966861714014e-02,5.824762425141584155e-01,-2.980792314192996506e-01,1.890298030366457938e-01,5.847234156990441800e-01,1.609973751013357157e-01,5.050141984852469790e-01,-8.098264377946312598e-02,-1.564988105005830563e-02,4.519511076761223989e-01,1.277816718359697512e-01,-2.559524119183728130e-01,2.998310978357416334e-01,3.965044611700739852e-01,4.277837897924572919e-01,1.103706824121619273e-01,4.065676217958998362e-01,6.471657650528424011e-01,-1.681784507642994364e-01,3.580619292341286619e-01,6.718470605392327932e-02,4.885621849963276975e-01,4.026261847349668632e-01,6.904212462981802745e-02,3.231533903337228675e-01,4.201741195618582392e-01,7.560225781965292102e-02,-7.712338451687124341e-02,1.566139665365975653e-01,2.882000351026086093e-01,3.509676307240668924e-01,-1.852154425369312296e-01,4.576140968369393214e-01,6.434784834602777503e-02,5.238874153397828914e-01,4.642561963965369798e-01,2.275593142735352625e-01,7.977738773043971388e-02,2.401676063926463101e-01,3.774149642394193371e-01
4.942260117380580242e-01,7.615941559557648510e-01,1.363854729699120194e-01,3.036075954900556151e-01,3.076542293022095365e-01,1.576518628984185377e-01,3.404121532080322532e-01,1.031857310180341047e-01,1.213981042212073924e-01,2.488992680135412305e-01,3.830947321767150943e-02,3.783648264740640393e-02,3.849041406458201253e-01,1.185166414215460262e-01,3.224461513622164377e-01,3.214409915140243323e-01,-3.861165168138609022e-02,4.016186938058364242e-01,-1.349197670879997701e-01,-1.112140145377108064e-01,5.593347503979764213e-01,2.524072595181699463e-01,1.626736405982984190e-01,4.259706647217267328e-01,2.727947332976440875e-01,4.289781467777912249e-01,1.887049877229672601e-01,2.597197299744741783e-01,4.877316013668603900e-01,1.045674827561227510e-01,-5.595484963119660982e-02,1.972260080715835251e-01,5.457889268409356065e-01,4.726923907495262922e-01,7.650529402700249060e-01,1.478902076598800353e-01,5.431963763312867843e-02,3.113183656092384233e-01,2.413421243974110120e-01,1.877045435998676570e-01,5.584154799051892909e-02,2.196394288740828316e-01,2.651990037451101290e-01,1.399609557862739329e-01,5.844517016818763511e-02,3.179457107229918811e-01,3.707653110966933896e-02,3.932823478528684746e-01,2.791982520848592664e-01,-1.418143774379611033e-01,2.693894872634937099e-01,-8.544406496296448605e-02,-1.213849544942216946e-01,5.758485040466987392e-01,8.792234287551839444e-02,1.912829371655571098e-01,4.883982781200170153e-01,3.215649371651289057e-01,5.129733884215835760e-01,2.192573913179799716e-01,4.133380754283706437e-01,4.210587239233776757e-01,-6.623750981078613265e-02,3.377167152235961423e-01,2.475709455415202598e-01,4.186689367152243713e-01,3.267695637058913860e-01,1.857163936694921913e-01,2.557059679235425542e-01,3.259722428965553531e-01,1.176362752092357522e-01,1.886433637163194010e-01,1.719958276899409000e-01,2.687380197751900734e-01,4.119632851741384938e-01,-1.478737301374640489e-01,3.302177154263922221e-01,1.225895335323346491e-01,3.155949153529858386e-01,4.292051207243712252e-01,3.780772709385222807e-01,1.882729199136300713e-01,2.787163650977584894e-01,2.731609161927953111e-01
3.621807162159224741e-02,1.363854729699119916e-01,7.615941559557648510e-01,6.981458657819955560e-02,4.310321352360663716e-01,-9.905935675405817820e-02,1.151157431245074247e-01,1.169661833528516104e-01,6.941491182361422263e-01,3.389640162822197822e-01,7.889491060665435596e-01,4.341852653085535862e-02,5.140450590318773431e-04,3.638435457262435835e-02,4.210368932393420138e-01,-8.637016651768276987e-02,2.514688762921959420e-01,4.431955622854753113e-02,7.607953388710152476e-01,5.134113458037280475e-01,-1.223760856219365395e-01,3.349189283603164480e-01,6.467313420878569030e-02,-1.225846476410677038e-01,-5.542933136979497077e-02,8.235676738835549793e-02,2.805368769052244970e-01,4.464365546086295211e-01,1.389374985430705213e-03,3.017429853915849502e-01,1.122217557403408644e-01,4.518695147899257636e-01,3.366569361918545500e-01,7.637420618794155125e-02,3.264092182389240204e-02,9.422632328140376767e-01,5.202522277332351230e-02,5.297775996520268649e-01,-2.678388899882925833e-01,9.653029521616601771e-02,1.439605542057850462e-01,6.971990810126638127e-01,8.907644934342805187e-02,7.681328465695095309e-01,-1.385433043447398260e-01,-5.846066800150021003e-02,1.834656680283617280e-01,3.051784372582320715e-01,-7.257604105275765327e-02,-6.090962006935819739e-02,-1.583357449744239587e-01,6.866658402132698180e-01,5.367550871300502680e-01,-1.676409174924150744e-02,4.588914551535856479e-01,1.167495907237822012e-01,-1.722087574669393661e-01,-2.198637936810808324e-01,-9.580605708768247242e-02,2.857588137547147911e-01,3.319834756178720037e-01,1.201876930372381413e-01,2.514522404069733930e-01,1.168252241917308309e-01,3.233427080553674116e-01,2.979711771652677199e-01,-2.341927699955335118e-01,-2.389937172790488062e-01,-2.873457907583666926e-01,-2.017470035830704750e-02,-1.675236476622362636e-01,1.274357865895505149e-01,3.594898369122641046e-01,9.463719090661791566e-02,8.825070131420523212e-02,4.458390417159439900e-02,-1.792514800321589330e-01,-2.302863208923013882e-01,-3.373534902783221212e-01,-9.439231728030877955e-03,4.780339583613314736e-02,-8.172884243125370365e-04,4.782237312536018886e-02,-1.951251965571673685e-01
2.270495157428354949e-01,3.036075954900556706e-01,6.981458657819958336e-02,7.615941559557648510e-01,3.588836457136110880e-01,2.487450458054639157e-01,5.486441716990120288e-01,-2.467346469807235945e-02,2.142908791916172118e-01,2.224245812010544332e-01,7.151521492739162933e-02,1.480265597435880820e-01,4.402861137281985360e-01,2.510561917449073976e-01,5.301727920544907491e-01,1.326746067151743647e-01,2.312399730276845644e-01,2.662262531296197832e-01,1.721855335722588254e-01,2.694171325952031681e-01,1.560170111823110661e-01,4.074129649731422220e-01,4.328498685936167656e-02,2.138156076010848117e-01,2.592837950931189961e-01,4.278601905302977237e-01,4.787356087563368057e-01,2.215605383615510959e-01,3.283809634724829118e-01,4.891958243022033470e-02,8.083583681438154256e-02,2.440391355183556543e-01,3.459804128808559032e-01,1.640008195266307311e-01,4.198925578083343990e-01,1.203440291477177737e-01,5.300461889140554161e-01,3.282681859318002937e-01,3.139912531547716101e-01,4.651118701888917739e-01,2.941170355171168066e-02,2.462013266225840380e-01,3.642668581565221553e-01,8.588383150987796699e-02,9.805004807177268578e-02,3.487151081157769394e-01,2.795426784742358062e-01,5.441528280277321272e-01,2.257779777135758281e-01,1.820490156131209514e-01,1.730705847043179091e-01,1.333305792009808477e-01,3.315987053079193503e-01,1.758228466372083187e-01,3.378073007947847706e-01,1.465582384505114688e-01,2.478547715061545087e-01,3.256308709295474002e-01,5.339789839431960949e-01,5.793355984598742570e-01,1.772949155308170821e-01,3.284781119987068565e-01,2.213256757459656221e-01,2.219242382437866534e-01,1.841446445828258116e-01,3.214475333524655642e-01,5.247427449836415958e-01,3.990535995323462454e-02,-1.394999787512427730e-02,-1.548846121780932117e-01,2.137528906685260549e-02,3.367182257322116623e-01,1.639008572151130494e-01,-7.044824064513029171e-02,3.620694401306738253e-01,-1.551816978632496735e-01,5.133184492077255134e-01,8.156114302692465956e-02,1.390113995108267775e-01,9.159672067778430737e-02,2.340250426277889206e-01,2.484861707540447218e-01,3.088873999716478802e-01,-5.564549389643073940e-02
3.161415807480608131e-01,3.076542293022095365e-01,4.310321352360663716e-01,3.588836457136110325e-01,7.615941559557648510e-01,2.181872576946973230e-01,5.313732921472335002e-01,2.069194228585040651e-01,7.943883236789661684e-01,5.454498799636223749e-01,6.819025269826320956e-01,2.579743707778180406e-01,4.673237916002223047e-01,1.492509782385824935e-01,5.857936960131442383e-01,1.814706434714537242e-01,4.555204719719142537e-01,4.269471366360991227e-01,4.693997756629593177e-01,4.517117387851703469e-01,2.238245967758983879e-01,4.793413634689813740e-01,2.130742444816769721e-01,1.716915208923220082e-01,2.161593924347589013e-01,2.935444574187340838e-01,5.242666624304569423e-01,5.555517936168813398e-01,3.428676511717086428e-01,4.872648730348949631e-01,-1.514195573956422236e-01,5.043994723620950360e-01,5.735780433506048048e-01,3.176412244374726135e-01,1.910915718882811865e-01,5.107938789857697781e-01,2.154123169474831678e-01,9.225994920569828839e-01,1.909793655879550023e-01,5.462886330733783824e-01,2.594294579688812274e-01,8.010772866955421234e-01,4.726204925321108585e-01,7.297504163156685042e-01,2.238051332131668347e-01,3.919679769934354963e-01,2.598096246958190303e-01,5.272079069937536389e-01,9.722547124424289755e-02,2.552728355997332943e-01,1.959764964512565322e-01,4.775044919865360504e-01,5.250746870315360360e-01,2.365737603427103819e-01,4.655926565673433881e-01,2.433425511779557515e-01,1.652360508185795607e-01,-4.157685501644692999e-02,2.968473956041074446e-01,6.389826973445650315e-01,5.662503975718694571e-01,3.297552041641174658e-01,3.414312789556050443e-01,4.551114217856648825e-01,3.566465251296238037e-01,6.014991987760970327e-01,1.744973258067537003e-01,-6.515956382548172832e-02,-1.180231024089350295e-01,1.814006211197916746e-02,8.725851407746378074e-02,3.666225922112756885e-01,5.333207160358935939e-01,2.875526082096355185e-01,5.054569777231049388e-01,-7.054069204536822513e-02,1.518752070371055807e-01,-7.279817682254215161e-02,4.747625700845064384e-02,2.401478439316270114e-02,2.344382701413069148e-01,3.717074307984538084e-01,5.065317290658473137e-01,2.593991582703590315e-01
1.166905743706400933e-01,1.576518628984185377e-01,-9.905935675405823371e-02,2.487450458054638602e-01,2.181872576946972953e-01,7.615941559557648510e-01,2.390087753842605467e-01,5.207987305919756782e-01,-1.747277870169989047e-02,2.240056517195347374e-01,-7.680682957656951443e-03,5.106333380083644125e-01,5.571616345099922318e-01,2.998283654894265959e-01,6.337848489831460208e-02,5.129919540385006194e-01,4.266030930695541290e-01,2.659586165020137449e-01,5.331981738506418739e-02,1.086579917780276447e-02,3.465698131968792395e-01,2.140379252437256963e-01,5.891905275540160192e-01,3.987040715625347342e-01,7.384163974088789884e-01,6.990448920663021593e-01,2.139828683121525466e-01,2.793526241274061350e-01,3.047980137839569892e-01,4.686336222752007785e-01,-1.084136892736936725e-01,1.720131522399040713e-01,2.393332580948932531e-01,4.916955920115467088e-02,1.783935133066036627e-01,-6.669329620939565273e-02,1.053947387793279372e-01,6.565847255833133500e-02,4.657496110999188588e-01,1.747249819009119021e-01,3.741482898213948083e-01,-9.637977576169238017e-03,1.618213908655428412e-01,-4.576228149872274553e-02,3.355875505218156585e-01,2.264172230064973868e-01,1.777323307970793687e-01,8.161089816375466377e-02,-2.023963772858820148e-02,1.716165324669189363e-01,-9.459509339003391304e-02,3.126350027869521236e-02,1.916020563317442083e-01,2.921780810108052240e-01,1.056661705014157598e-01,3.416122500430895936e-01,2.352558473522663729e-01,2.717845783622843125e-01,3.394118163788563680e-01,2.101149869669157733e-01,1.790806321250376920e-01,1.444696304000326337e-01,3.699297458563332586e-01,1.914869660523679795e-01,2.092847055733744188e-01,2.963065622594467374e-01,2.360689177812290429e-01,2.711140027676912645e-01,2.941641009319510558e-01,1.216472818464608419e-01,8.105729359654187394e-02,3.697813869439904311e-01,2.064384746196020470e-01,1.177065505468212619e-01,2.697329593970138051e-01,-2.772760193505643261e-02,4.726894677028143366e-01,1.141585321386983792e-01,3.039236464887926092e-01,6.881759749647904656e-02,1.841429045508883033e-01,1.349713885257648738e-01,1.717639090963387904e-01,1.298606063811099665e-01
5.389597918440865998e-01,3.404121532080323087e-01,1.151157431245074386e-01,5.486441716990120288e-01,5.313732921472336113e-01,2.390087753842605744e-01,7.615941559557648510e-01,-1.043872652835849679e-01,2.750111565393532076e-01,3.960525311329267106e-01,2.381851949711523975e-01,-6.406608097140825686e-02,5.478728139506550132e-01,-1.754899588704452590e-02,4.438823254203602131e-01,5.293610215667606811e-01,4.354833944350817165e-01,6.893807702551858485e-01,1.834595826800761997e-01,1.701307504071216670e-01,2.360362884874739886e-01,4.936459999744506888e-01,-1.166766163258307898e-01,-7.846648491935837022e-02,3.393463776345053140e-01,4.618213467398358252e-01,5.570284117055438466e-01,2.682002689523771410e-01,5.250401358105558636e-01,4.372048452249458622e-02,-4.591692475568261850e-02,2.543927630781230853e-01,4.389447492007282348e-01,3.744474888665343948e-01,3.911925126545389708e-01,1.701871246051864517e-01,2.263502513790836279e-01,5.370644412357457043e-01,2.293351127757694841e-01,7.175686498472968466e-01,-1.158729947408494859e-01,3.555690979168865673e-01,3.300288050614391677e-01,2.954221914507583757e-01,-3.028781232908853149e-02,4.583394562543302020e-01,6.944868403091337961e-02,4.426156107930513950e-01,4.409215540004789435e-01,3.366179872570960185e-01,5.433754606196478099e-01,2.269791434830307764e-01,2.979484281543375301e-01,2.079581210548036574e-01,3.873637341513108123e-01,-1.128301947498048102e-01,5.343851252028805621e-02,1.539118748976548712e-01,4.063851101457635617e-01,6.081598109232314586e-01,3.240571301689429418e-01,5.215234082995537923e-01,3.838390620001805656e-03,4.155127973221363624e-01,3.098812806342177151e-01,3.778568741063857428e-01,4.555999721717025053e-01,4.131269899629884390e-02,8.102379375993117028e-02,5.653837716654876167e-02,2.009390647908504413e-01,3.344803145479647299e-01,2.310566008788963455e-01,9.575671546242750520e-02,4.462376149954697668e-01,1.024387090633870345e-01,4.573337679350935603e-01,1.071045242520895363e-01,3.197852474948800205e-01,1.495988965951112470e-01,2.368736345321364178e-01,2.601500497933358358e-01,3.479421326590487751e-01,8.281542617868445366e-02
-1.427360021306784132e-01,1.031857310180340909e-01,1.169661833528516243e-01,-2.467346469807233864e-02,2.069194228585040651e-01,5.207987305919755672e-01,-1.043872652835849540e-01,7.615941559557648510e-01,5.181723474586875933e-02,1.782012980375674571e-01,3.617600368643380526e-01,6.053926871931569753e-01,8.808700847112506394e-02,4.698399625752015529e-01,-2.770541896484569194e-02,1.262014258021219859e-01,5.082978031465488350e-03,5.743706380862146493e-02,3.817220968078704479e-01,-2.544543598406242765e-02,4.322904824626108700e-01,-3.362660654649516495e-02,8.749262554586135776e-01,4.654848038746632888e-01,3.226169249371588221e-01,2.762414557709550467e-01,-6.162726037866921025e-02,4.316528074464710540e-01,-2.159383821523930824e-01,5.097991212793734350e-01,-1.302037590532117983e-01,3.797041914685634345e-01,2.185730517451338617e-01,-9.166641119570613505e-03,1.251382477902571178e-01,1.979783888301588357e-01,4.781839878391922621e-02,1.224089983542315518e-01,2.677449720620593276e-01,-2.092997755577213556e-02,9.072176351711606079e-01,2.017670738426946206e-02,1.971337920826203571e-01,2.651943816768468909e-01,4.853517610170705598e-01,7.330555035041941281e-02,3.867327145608155381e-01,5.563476708076864341e-02,-2.028266746708181911e-01,-1.529414867213748919e-01,-6.485040788349320795e-02,2.884181758513584271e-01,1.303185592363803082e-02,4.069010729869526610e-01,-2.478506647841942009e-02,7.480733168573264757e-01,4.759243361274895778e-01,2.589608233037531820e-02,1.072879913902888838e-01,-2.577783939437140043e-02,4.121504622127260542e-01,-2.147196903249160571e-01,4.228653470981861284e-01,1.025051008003623199e-01,3.587943100281280606e-01,2.772669554907992717e-01,5.416445730266641195e-02,5.021735019870534611e-01,2.161334196994578807e-02,-8.918330012585141964e-02,2.393333819278928298e-02,6.101690819606652161e-01,1.865229945864560479e-01,7.486953460694778517e-02,1.561713111338016713e-01,1.818740227631139295e-01,1.016813972354730089e-01,2.887703779657047054e-01,3.291656670185176548e-02,-1.959353414523527237e-01,1.321480427368604826e-01,4.327361256071968199e-01,9.054281614361005606e-03,1.581467508618117357e-01
1.785393275896630938e-01,1.213981042212073508e-01,6.941491182361422263e-01,2.142908791916172118e-01,7.943883236789661684e-01,-1.747277870169983496e-02,2.750111565393531521e-01,5.181723474586875933e-02,7.615941559557648510e-01,5.653722893843337038e-01,7.965004476939847589e-01,1.700343181199641396e-01,2.323236728429949882e-01,-9.629542035566439340e-02,5.366033174003044248e-01,-3.922529717867557358e-02,4.867769472009193521e-01,2.482905748434013626e-01,6.780973520679329791e-01,6.195114459850721289e-01,-2.535085702006911745e-02,4.615017649103239084e-01,3.803161287060106803e-03,4.995889446810537066e-02,1.120440940442366112e-01,1.556073272672695018e-01,4.073727413749946291e-01,5.009513979892720181e-01,1.997834429593040861e-01,4.528587452089599674e-01,-1.248187747619599192e-01,4.588047100429771818e-01,4.359816091813967232e-01,1.711363224190333709e-01,1.504781182776632024e-02,7.171491613416717259e-01,1.397185000355450069e-01,7.967348177207754789e-01,-1.431891610759465638e-01,2.766583105499176298e-01,9.539006130883334600e-02,9.548723354288619625e-01,3.559580820879509333e-01,8.418394352165630146e-01,5.020409762702986167e-02,1.390325563223549776e-01,4.003238253833016347e-02,4.387142386790361948e-01,-5.640407473426369001e-02,1.757374493283832551e-01,2.054186353605378431e-03,6.510676853393972952e-01,6.582912437414375484e-01,1.000704329929087352e-02,5.703911429783382614e-01,6.521040470056875538e-02,-4.113456506404193636e-02,-1.365014565670484292e-01,5.221589081416051770e-02,5.196283630139250098e-01,4.636082711813680479e-01,2.204953376317569658e-01,3.778174026567006072e-01,3.078610120737332867e-01,3.247682876731399215e-01,4.551898979845260262e-01,3.343812920570058550e-02,-2.296105652204882830e-01,-1.975273783498388003e-01,3.217336141861119880e-02,9.531144488689798078e-02,1.350364343651372923e-01,4.881526952635323324e-01,2.775995145697064403e-01,3.268143894397038673e-01,-5.867397279786005365e-02,4.273462198062899509e-02,-1.994124654244068817e-01,-1.441110043531770857e-01,5.351305619703995708e-02,2.466213924797891199e-01,1.568744980198985839e-01,3.580031373641492376e-01,7.416158998241723088e-02
5.196454259685252541e-01,2.488992680135412305e-01,3.389640162822197822e-01,2.224245812010544610e-01,5.454498799636224859e-01,2.240056517195347652e-01,3.960525311329266551e-01,1.782012980375674571e-01,5.653722893843337038e-01,7.615941559557648510e-01,4.666226122217969063e-01,3.974577540020090560e-01,5.674253585578259429e-01,-8.182415981360718904e-02,5.399321475250704605e-01,4.639664802568933544e-01,7.135595846241564733e-01,6.097272275848399925e-01,3.840806171404873015e-01,3.779804084907638639e-01,2.457227510375883939e-01,4.700389670625010341e-01,1.315095686689659316e-01,3.953460323788466901e-01,4.914968801864612047e-01,5.983612722449488386e-01,3.494769428614326601e-01,6.497747836594958137e-01,5.591743305955586552e-01,4.611665383363218740e-01,-1.892926853772513573e-01,4.629290318889979217e-01,5.681219945757541856e-01,4.499639543257402674e-01,2.163844276838077507e-01,2.844607564665346811e-01,4.832012804475279560e-02,5.152804378214138614e-01,1.853732611229074734e-01,3.616378073721974729e-01,6.057825071236576375e-02,5.627012208991358788e-01,6.835717450305072163e-01,5.018098913421296103e-01,3.626801852324520459e-01,3.899307328581627652e-01,-4.138308623979698037e-02,3.781376576038613102e-01,2.270106193395221017e-01,3.837270903021905988e-01,4.068854003129944719e-01,3.567253759360943799e-01,4.004507541058034414e-01,2.263244820411100811e-01,4.698806461504452803e-01,2.091383751789851336e-02,3.650702093551657090e-01,3.156058849366299990e-01,4.293703030956138589e-01,3.276022721079954181e-01,6.760125212135886796e-01,3.010627228608033779e-01,4.016916815886446002e-01,5.821201369372990264e-01,3.535855229194929672e-01,4.065050226312777459e-01,3.644948311279199715e-01,-1.042555296964475936e-01,2.809177232223253884e-01,3.240159341121700010e-01,3.516667082378450715e-01,2.251510616285459232e-01,3.337764742187516176e-01,6.471520934249883616e-01,5.701009902027722731e-01,-4.212092102646110975e-02,4.797726451370438183e-01,-1.223040827737441327e-01,3.630626912976371856e-01,2.338974930449193856e-01,3.249243218190959737e-01,2.668683124820372954e-01,3.141611793339707526e-01,4.936005642246621417e-01
1.077048241594427552e-01,3.830947321767149555e-02,7.889491060665436706e-01,7.151521492739160157e-02,6.819025269826320956e-01,-7.680682957656951443e-03,2.381851949711523420e-01,3.617600368643379971e-01,7.965004476939844258e-01,4.666226122217969063e-01,7.615941559557648510e-01,2.588687652840697129e-01,1.532309541419265564e-01,2.154979347738019135e-01,3.959242086527517968e-01,-4.013895227605033394e-02,3.830675852155803751e-01,2.024040075901470948e-01,8.676655961863370958e-01,4.335296116886738216e-01,-1.280051070680320383e-02,2.463526704640410236e-01,2.019902204296507575e-01,2.003263543379793510e-02,-4.502741264874482452e-02,4.781884606988498487e-02,2.155261607780049327e-01,5.640756104193586085e-01,-8.019810083837309103e-03,4.933590627999144829e-01,-1.719419322397015004e-01,5.303519653846257009e-01,3.822571579193608238e-01,1.293346821883183118e-01,-1.923602331807661853e-02,8.195450147775733551e-01,1.088145236836655927e-01,7.408872845537951557e-01,-1.299144985388770712e-01,2.415537410074589109e-01,4.045723021039490108e-01,7.587336590944049330e-01,2.558775845285713446e-01,9.533258273424296547e-01,5.407506733318225706e-02,1.005903032411361586e-01,3.555038833872483095e-01,3.023064435763452296e-01,-8.380042761311615185e-02,7.177159963253822161e-02,3.196896307410938831e-02,8.293543594389709561e-01,4.430803094173406675e-01,4.638582491139318920e-02,3.677693590270403878e-01,2.605133191434026996e-01,1.291785190408081645e-02,-2.687781455506806361e-01,-4.370925966039593963e-02,2.838850693575823425e-01,5.300460547810126322e-01,2.510280655578780301e-02,3.721262458844538101e-01,1.772925589810622482e-01,4.431237156243897357e-01,3.840598109531603299e-01,-8.996630824685160344e-02,-3.560147521449801705e-02,-1.904828074675869454e-01,-3.582620996693665349e-02,-1.337943988922423583e-02,3.911039876040974805e-01,4.688615189804795635e-01,1.795449984783434871e-01,3.685229152870189706e-01,-5.143119716117421081e-02,-1.476990417967821434e-01,-8.788081435611701242e-02,-1.263474277052147043e-01,-8.188555687510243319e-02,1.004572053914762619e-01,2.535781589525236135e-01,2.023885809082566212e-01,2.022336812503398515e-02
-1.136234512757179765e-01,3.783648264740639006e-02,4.341852653085537250e-02,1.480265597435881098e-01,2.579743707778180406e-01,5.106333380083644125e-01,-6.406608097140825686e-02,6.053926871931570863e-01,1.700343181199640563e-01,3.974577540020090560e-01,2.588687652840697129e-01,7.615941559557648510e-01,4.051737181263120879e-01,2.860846383342793287e-01,3.840707514577390569e-01,-2.699771844899042858e-02,2.205863153833020618e-01,5.825570845505401857e-02,3.316566321509144544e-01,3.797521129743056112e-01,1.985213213909009788e-01,2.837871687211349081e-01,6.569936582374802381e-01,7.756193798051048693e-01,3.575832773684343713e-01,4.886476130009433372e-01,2.014147671705234233e-01,4.162675701701576414e-01,9.988963197059276544e-02,5.918155064573052959e-01,4.534766538933389379e-02,4.013726273156520419e-01,2.278731501796405767e-01,-7.138426281062874856e-02,2.118054121980513307e-02,6.445257836063342238e-02,2.524249518328515740e-01,1.836834878092910017e-01,4.404140673176915044e-01,2.265286969960719488e-01,5.637339670082226473e-01,1.768481155058031218e-01,5.612446873842605877e-01,1.827689168838649014e-01,8.591070694516940165e-01,3.652251488389759437e-01,2.668496661522885560e-01,2.622991016802663222e-01,-1.802987326179084637e-01,2.136978570713431447e-01,1.754984474917832202e-02,2.224832903297538911e-01,4.595292675002468075e-01,1.555322066686648241e-01,3.473641424681566670e-01,5.589378700313453185e-01,6.625573369999727680e-01,1.917095976329674378e-01,4.158117972931910100e-01,2.341776084047145490e-01,4.544269069560132879e-01,2.886786089183273479e-02,7.829706935068052598e-01,3.475974250786553754e-01,3.639539680160518431e-01,2.641806184778391353e-01,3.583580726278720596e-01,2.091076091629727185e-01,1.436571335178384867e-01,3.631418749784173089e-02,3.080497058426797663e-01,4.673913556890995635e-01,2.400838982296963908e-01,3.967332406048814653e-01,3.852627602538811202e-01,-1.561639732820335920e-02,4.124237831042639746e-01,1.032580160886251847e-01,5.834600939195706826e-02,-4.717464412521162054e-02,2.881408547122714658e-01,4.632714468145087139e-01,1.614551725030550222e-01,2.898290131274607884e-01
6.088842076795093483e-01,3.849041406458200698e-01,5.140450590318773431e-04,4.402861137281985360e-01,4.673237916002221937e-01,5.571616345099923429e-01,5.478728139506550132e-01,8.808700847112505006e-02,2.323236728429949882e-01,5.674253585578259429e-01,1.532309541419265841e-01,4.051737181263120879e-01,7.615941559557648510e-01,-1.651774456161735072e-01,4.566354910855737748e-01,2.215428208137626143e-01,4.984163229960779096e-01,3.505757568128698987e-01,9.086291916397308543e-02,2.008635623559376637e-01,3.847827587497300028e-01,3.571274847575153233e-01,1.328045948441641533e-01,5.580064210789634771e-01,5.700750173870108295e-01,6.598593416451654647e-01,3.636965632894549327e-01,5.450881882975316950e-01,7.496113838816503838e-01,3.609858050300863153e-01,1.016388527398298935e-01,3.568553845735841779e-01,4.338420120367286192e-01,3.205354878720698131e-01,3.986596581932966288e-01,-1.108010696384400043e-02,1.266065755042924956e-01,3.577783104375362733e-01,5.740321073080278946e-01,5.751768575051877663e-01,6.527923613558851224e-04,2.965102453845234742e-01,4.613977827696233436e-01,1.513780050747491335e-01,4.644508007262783678e-01,7.721130009874955791e-01,-9.188979535841464152e-02,3.437023249119641188e-01,2.502482337173291826e-01,3.840087664437436543e-01,2.319035668657637717e-01,8.337183184577091899e-02,3.688592851660087990e-01,3.782735049292387242e-01,3.845329011138896580e-01,8.764823077154190734e-02,4.966032232822006343e-01,4.033323046103384768e-01,7.036162730731069237e-01,4.800815837539392783e-01,5.377000116976825561e-01,5.873408799540908998e-01,3.210094083341472615e-01,5.196174777310702542e-01,3.824806132856087282e-01,4.489939375903315710e-01,6.516267446277135278e-01,1.045177947385926148e-01,3.149889317742283201e-01,3.078405019067425030e-01,2.589592624096251350e-01,1.770833411725764861e-01,4.154336942436807067e-01,3.870670432732201127e-01,5.406814365747333317e-01,-1.871485501982212973e-01,6.901997511314967859e-01,1.893501396451560126e-01,5.132901213595275625e-01,3.550537706741201949e-01,3.700140736773844807e-01,2.399932279464719320e-01,4.484297628166575289e-01,3.312896256538552797e-01
-3.243979645484837970e-01,1.185166414215459985e-01,3.638435457262435835e-02,2.510561917449073976e-01,1.492509782385824380e-01,2.998283654894266514e-01,-1.754899588704458141e-02,4.698399625752015529e-01,-9.629542035566439340e-02,-8.182415981360721680e-02,2.154979347738019413e-01,2.860846383342793287e-01,-1.651774456161734794e-01,7.615941559557648510e-01,2.243292999406547028e-01,1.060040221914372582e-01,-9.464845049909578756e-02,9.039941856560375702e-03,2.690623881498379055e-01,1.620207191426587534e-01,2.989346368365996057e-02,2.053245881953141838e-01,4.039984467088779674e-01,1.287003541534628703e-01,1.072813931894654460e-01,1.602914946708675625e-01,1.394251258425460716e-01,3.723188653055373859e-02,-2.707899199484393726e-01,1.157961598504435828e-02,-1.076108746642456641e-02,1.571712690122620548e-01,8.094506791224226339e-02,-2.204747626923113657e-01,5.669222134434881433e-02,9.275173582006683570e-02,1.153052236440258449e-01,1.233276642488266434e-01,1.001375542593601758e-01,-6.064397362451186269e-02,4.743520597276042472e-01,-9.979555401330614250e-02,2.254718501140122108e-02,1.693147506860627483e-01,1.614590267337046858e-01,-1.601592644842022573e-01,7.986579714047208345e-01,2.552392202163518697e-01,-1.209034405216191099e-01,-3.824704274076624888e-02,-2.247638793541260546e-02,2.519446112076269007e-01,2.213940008473910537e-01,2.924392428415981127e-02,1.576092638963800807e-01,3.615673961693446903e-01,5.392315786476945677e-02,-6.141127321553413454e-02,1.487514376229071289e-01,2.563709736502771674e-01,1.159560227962104506e-01,-1.746461482928514386e-01,2.562473433206909901e-01,-1.193952398915679725e-01,1.764458733991749184e-01,1.799355174546145020e-01,5.213057783397319345e-03,9.578584445108895284e-02,-9.920239567952739146e-02,-2.657821043361875968e-01,2.024805237253300000e-02,5.154110222461059099e-01,1.246315567431855870e-01,5.038877670523111973e-02,1.477359621371844844e-01,9.180499967576787046e-02,-2.718452790346814057e-02,4.354534791460403648e-02,-1.336837608467083827e-01,-2.110146736569660231e-01,-3.332918728426169461e-03,2.586757134061947738e-01,7.441066578472628479e-02,2.290428414408183719e-02
2.554903360634922516e-01,3.224461513622164377e-01,4.210368932393420138e-01,5.301727920544908601e-01,5.857936960131442383e-01,6.337848489831460208e-02,4.438823254203602131e-01,-2.770541896484565031e-02,5.366033174003044248e-01,5.399321475250703495e-01,3.959242086527517968e-01,3.840707514577390569e-01,4.566354910855737748e-01,2.243292999406546195e-01,7.615941559557648510e-01,9.564293718746110992e-03,4.168457834696062680e-01,2.266807485294035363e-01,4.183815747938564589e-01,6.343139470610194008e-01,1.027307504331731874e-01,6.990761496423447685e-01,-1.913303517545485860e-02,3.374069920143346057e-01,9.409321206558221573e-02,4.285640764682093762e-01,6.053745930684105714e-01,4.921742978834952043e-01,4.449284401446316761e-01,3.441772913304118608e-01,2.427777130190598431e-01,6.253806090511567772e-01,5.703618301430389836e-01,1.719934116005884250e-01,3.932624327945934972e-01,3.323915812076279064e-01,3.387677061337130424e-01,5.076440522184222370e-01,1.869494437748779048e-01,5.412492966538630101e-01,-3.769514213760438021e-02,5.403231583578547159e-01,6.546101645023102433e-01,4.059347815145599170e-01,4.271272340074760976e-01,4.182339920115445975e-01,3.152793934815701360e-01,8.642443778835769974e-01,1.031318373666718496e-01,3.625766673024483633e-01,1.454415145674705645e-01,3.705454628505068793e-01,5.939294727528051654e-01,2.680538963333627400e-01,6.505726788545445061e-01,9.260596285825159479e-02,3.630882525727349708e-01,1.711172275102821050e-01,4.806863348671512326e-01,5.314434118499319348e-01,4.953763952115995961e-01,2.612743952045383788e-01,4.090163962992373059e-01,4.767046980961984204e-01,4.855717281581438116e-01,5.354196249565053023e-01,5.428237051511720646e-01,-2.941935135187897024e-02,7.746959925695172389e-02,1.467443603748000425e-01,-7.871206464944346948e-02,2.881476668825700416e-01,2.985641437340288418e-01,3.628444019370931639e-01,4.900953058548752073e-01,-1.860070725865459740e-01,5.828481522148184490e-01,9.071171980382028432e-02,1.617291939801853429e-01,2.308655856996701394e-01,3.011582253097140338e-01,3.276779901403678030e-01,4.507465978865326517e-01,1.435160844818063330e-01
4.598452627170804830e-01,3.214409915140243323e-01,-8.637016651768276987e-02,1.326746067151743924e-01,1.814706434714537242e-01,5.129919540385005083e-01,5.293610215667606811e-01,1.262014258021219582e-01,-3.922529717867557358e-02,4.639664802568933544e-01,-4.013895227605033394e-02,-2.699771844899048409e-02,2.215428208137626420e-01,1.060040221914372582e-01,9.564293718746124870e-03,7.615941559557648510e-01,4.755352698267021339e-01,7.912577031112038028e-01,-5.815771146060712271e-02,-2.765526437471029220e-01,3.787153733507530040e-01,1.896276862185529155e-01,1.236346294171872806e-01,1.104371996820106561e-01,5.490475630711860733e-01,6.070255027512363455e-01,1.342595897485849010e-01,1.846850772006041752e-01,4.086357121736100551e-01,9.899485417862194381e-02,-2.226795559150488157e-01,1.403384924386164578e-01,5.208809391336006733e-01,4.578516226179990545e-01,4.908138204420324224e-01,-2.516835484000292528e-02,3.974221877216115029e-02,9.294801914761342820e-02,1.101763873306709079e-01,1.985474684504944243e-01,-1.466476993639082883e-02,-3.297207973943667297e-02,2.501567504314697876e-01,2.072977217737620795e-02,-4.095166544204981857e-02,1.757023381486257363e-01,6.920272026720289404e-02,9.622941052075854873e-02,4.601687034873518378e-01,2.499300726515901183e-01,4.098059383971276448e-01,2.354293386380000574e-02,-3.063610778314818650e-01,3.998826990823128313e-01,-7.781063313556459138e-02,-6.911983013972855527e-02,1.170636300310848726e-01,4.270451614648716476e-01,2.763925136464999155e-01,-2.470151525056018746e-02,2.074634116841510556e-01,2.834396676751741451e-01,-1.138199079567451671e-01,1.845948039209926173e-01,1.416666670802221861e-01,3.321204565043593404e-01,1.943077486745282412e-01,1.884764892656753676e-01,3.656568112282410077e-01,2.539546188801617421e-01,4.027626521244380420e-02,1.645826628144606008e-01,-2.702793336157444104e-02,5.945810407002048020e-02,2.792812123166086846e-01,7.881247834605641100e-02,4.032033604761527390e-01,1.396476391647045179e-01,4.543982559527361964e-01,2.420399060862403473e-01,1.803869383193843212e-01,7.034958721317789709e-02,7.486583819744750679e-02,2.296830149705300639e-01
3.936767704094436549e-01,-3.861165168138603471e-02,2.514688762921959420e-01,2.312399730276845644e-01,4.555204719719141426e-01,4.266030930695540180e-01,4.354833944350817165e-01,5.082978031465502228e-03,4.867769472009194631e-01,7.135595846241565843e-01,3.830675852155803751e-01,2.205863153833020340e-01,4.984163229960779096e-01,-9.464845049909577368e-02,4.168457834696062680e-01,4.755352698267021339e-01,7.615941559557648510e-01,5.556467293041644773e-01,3.871866719832040005e-01,3.607208839213007501e-01,1.733810500379488750e-01,4.423512971404561234e-01,-4.663037713949012147e-02,8.336674246084338491e-02,4.645882551488557666e-01,5.697291185033613869e-01,3.233418424159600346e-01,3.419439166943938901e-01,4.647981711063089993e-01,4.034400802408540376e-01,-1.456310509015593391e-01,2.822958917294727810e-01,4.476037149555500694e-01,1.941858736485791992e-01,3.269020517271852694e-02,1.708285902500968345e-01,2.863561227279148302e-01,4.106056422464444133e-01,9.176267238583243890e-02,3.393407639983225255e-01,-6.156752889569206549e-02,4.374269675846455541e-01,5.252763756642589987e-01,3.909229082517328147e-01,2.193788658014552695e-01,2.581525875964635897e-01,1.766990029942521259e-02,3.260608720715875153e-01,1.596927454465673080e-01,5.003507804164116779e-01,2.546799045897072955e-01,3.389956509043626220e-01,4.231768926825870136e-01,5.305674031455621942e-02,3.388795308877270429e-01,-1.882691492759997476e-01,6.671646462136959777e-02,2.160188485114450108e-01,2.411225049832780021e-01,2.373545340848489948e-01,3.069094116562141039e-01,2.409312877451079971e-01,3.166137362459783278e-01,4.324215193077143304e-01,3.786977506383621406e-01,3.278947071817810421e-01,2.856661005891321103e-01,-3.084303406729021688e-02,1.752044267003263212e-01,9.394366860209517334e-02,2.532482604985260011e-01,2.575482445139774534e-01,2.686693848375319438e-01,3.546751291762911262e-01,3.405907686687660862e-01,-7.544938487704658248e-02,4.133925071276108865e-01,-1.009669348205077394e-01,2.530764229618760464e-01,7.497002690758763910e-02,1.425334826157802770e-01,1.733409148087710627e-01,1.825587568713825659e-01,1.718163717166398263e-01
6.727960873044324108e-01,4.016186938058364242e-01,4.431955622854751725e-02,2.662262531296197832e-01,4.269471366360991782e-01,2.659586165020137449e-01,6.893807702551857375e-01,5.743706380862145106e-02,2.482905748434013626e-01,6.097272275848399925e-01,2.024040075901470948e-01,5.825570845505399081e-02,3.505757568128697321e-01,9.039941856560375702e-03,2.266807485294035363e-01,7.912577031112038028e-01,5.556467293041644773e-01,7.615941559557648510e-01,1.276965087869931237e-01,-8.600877330947714894e-02,5.251110960443980957e-01,3.396926511266753490e-01,-7.326400210324190976e-02,1.583656419075554767e-01,4.787114721572723330e-01,5.775516184467698322e-01,2.675144242439556619e-01,3.488026196396558087e-01,6.177964640634984184e-01,9.285420423246379396e-02,-1.347053953711518370e-01,2.460608128393141913e-01,5.748016034162135579e-01,5.210862172015957583e-01,5.389173580402059072e-01,1.369746471535498444e-01,5.748680506593161627e-02,3.499701819825059568e-01,8.439199612280741392e-02,4.015758989481605368e-01,-6.593767922736008813e-02,2.629205510182571204e-01,4.201600934962074207e-01,2.661249941576283584e-01,7.586285322609814807e-02,3.698400115011398204e-01,9.849123996078571180e-04,2.790718255335256082e-01,5.376371611082981783e-01,3.934368299572333361e-01,6.505800757417953273e-01,1.582541703518713372e-01,-3.009256858190370240e-02,4.384530428272798708e-01,1.235201053255973180e-01,-1.903289347451168068e-01,2.091249588823146655e-01,4.055511633832370455e-01,3.791617932155630921e-01,2.024451907673598949e-01,3.419458103617645239e-01,4.980675713571107721e-01,-6.527114726689751956e-02,3.639640768379986957e-01,3.067759113646168490e-01,4.389125245888492732e-01,4.290143906309785149e-01,1.409137790161704429e-01,3.090190896835998124e-01,3.119978463482602771e-01,2.055659597047776455e-01,2.410458980550903296e-01,2.046348578555654690e-02,1.582250608776622214e-01,3.709104151039001596e-01,1.060609620396243784e-02,4.625645249443833817e-01,1.437002223503887621e-01,5.818107432150267933e-01,3.182579638056267646e-01,3.622169357143979473e-01,2.506472599801812806e-01,1.833321847697630402e-01,2.926881567198222345e-01
-7.819376172102625311e-02,-1.349197670879998256e-01,7.607953388710152476e-01,1.721855335722587976e-01,4.693997756629593177e-01,5.331981738506421514e-02,1.834595826800761997e-01,3.817220968078705035e-01,6.780973520679329791e-01,3.840806171404873015e-01,8.676655961863370958e-01,3.316566321509145099e-01,9.086291916397309931e-02,2.690623881498379055e-01,4.183815747938564589e-01,-5.815771146060717822e-02,3.871866719832040560e-01,1.276965087869931237e-01,7.615941559557648510e-01,4.821694706501768457e-01,-1.835005751933594109e-01,2.479127927117700803e-01,1.796396580988944558e-01,-5.566102699806863702e-02,-5.923221509684358649e-02,8.787465610197560395e-02,2.087121559970861739e-01,4.212238205955576298e-01,-2.029245319448774731e-01,4.612293146792059706e-01,-4.375091265422670502e-04,5.193454807855725219e-01,2.864956727034494444e-01,-8.525730026220469659e-02,-1.086514721654006921e-01,7.901119210492913991e-01,1.586751206360669797e-01,5.686940597993488389e-01,-1.808574968642165937e-01,1.431746448596096510e-01,3.906867403431434904e-01,6.446123642791291575e-01,2.331612708035222525e-01,8.687458142145506601e-01,1.419655577375898425e-01,2.675779834185242068e-02,4.177326337762845010e-01,3.305608722893739748e-01,-2.144441949296231609e-01,1.020598292000377411e-01,-7.590352463078589573e-02,9.657036300332212386e-01,4.873528019088577135e-01,-1.140062135412014122e-01,3.722287098931842397e-01,2.010962461770799681e-01,-3.237813586738764321e-02,-3.404887207580516439e-01,-9.100361445762993051e-02,2.242202988965679711e-01,3.827056268833698982e-01,-1.235920517936104635e-01,3.886848836983491373e-01,1.665242633517123594e-01,4.787054132403890661e-01,2.666078115833923068e-01,-2.863583732906326701e-02,3.099944615660698774e-02,-1.898248012110684280e-01,-1.840267783693568526e-01,-3.742127191538955743e-03,4.063953751372620937e-01,3.543173944793872043e-01,1.794838346226931558e-01,2.668437572795906987e-01,1.079913684120506392e-03,-2.495658307877035575e-02,-1.348465789009041516e-02,-1.477180892738311491e-01,-2.451895930836157367e-01,7.343568802957430031e-02,2.039896128106371276e-01,1.016549290012555146e-01,-7.481102363346578410e-02
-7.194888533563495447e-02,-1.112140145377108064e-01,5.134113458037280475e-01,2.694171325952032237e-01,4.517117387851703469e-01,1.086579917780275753e-02,1.701307504071216115e-01,-2.544543598406243459e-02,6.195114459850721289e-01,3.779804084907638639e-01,4.335296116886736550e-01,3.797521129743055002e-01,2.008635623559376360e-01,1.620207191426587534e-01,6.343139470610194008e-01,-2.765526437471029220e-01,3.607208839213007501e-01,-8.600877330947716282e-02,4.821694706501768457e-01,7.615941559557648510e-01,-3.636484864447033782e-01,7.202288545251203100e-01,-3.971074021860262343e-02,1.362246971796187422e-01,-1.994855929260704319e-01,9.191293642685563481e-02,3.107337627066071861e-01,3.702986105738258482e-01,6.650979650782123942e-02,4.584004163922806852e-01,2.810406286087882011e-01,6.036536294651611012e-01,3.754210763350457891e-01,-9.948624218142908260e-02,-1.421195243297289079e-01,4.993796584632675395e-01,2.396067708656642592e-01,4.498113710807108978e-01,-3.837442311952837110e-02,3.363954046945173970e-01,3.581852062486289012e-02,5.702687371624235446e-01,4.983615940908331932e-01,4.523111205723464590e-01,3.315380886553713768e-01,1.357769458432398491e-01,2.392329490169363693e-01,5.462914721587913691e-01,-3.197082958174423672e-01,2.144565587513292682e-01,-1.726209456006090048e-01,4.653377894163670536e-01,8.811441081495061667e-01,-2.235146005120028645e-01,7.148873060961623560e-01,5.841269706648143795e-02,5.201176367997974170e-02,-2.318574825793337790e-01,-1.511272281726642672e-02,2.706702491938027810e-01,4.041571519167868609e-01,-3.533769806595912083e-02,4.858940122954883423e-01,3.516016349369493477e-01,3.930603764990346360e-01,4.471971065960075875e-01,1.811525593914762866e-01,-2.119213199402145975e-01,-2.183399057273808230e-01,-4.801164973572217415e-02,-1.050005490300954664e-01,2.067481747725321839e-01,4.076386677406048653e-01,2.551705364944141796e-01,2.793039869566043554e-01,-7.927110922402404170e-02,2.560279911220448290e-01,-2.423380644682762153e-01,-2.808426612673809442e-01,-4.308338068505442736e-02,1.355322553013882936e-01,1.013076946437621029e-01,3.046701601215547339e-01,-5.734541063650436948e-02
5.085616697095465266e-01,5.593347503979763102e-01,-1.223760856219365395e-01,1.560170111823110939e-01,2.238245967758984156e-01,3.465698131968792395e-01,2.360362884874739609e-01,4.322904824626108700e-01,-2.535085702006911745e-02,2.457227510375884494e-01,-1.280051070680321770e-02,1.985213213909009788e-01,3.847827587497300028e-01,2.989346368365996057e-02,1.027307504331731458e-01,3.787153733507530040e-01,1.733810500379488473e-01,5.251110960443978737e-01,-1.835005751933594109e-01,-3.636484864447034338e-01,7.615941559557648510e-01,-9.529995524757625680e-03,2.944786588491612456e-01,5.179115679115864346e-01,5.236803491780612774e-01,4.533946080255008559e-01,-6.862433048983895834e-02,3.474274134416875381e-01,5.012945020908449179e-01,1.582302321928553690e-01,-3.084553709918474440e-01,1.471954528098939341e-01,4.440294523729884091e-01,4.910164443704820858e-01,6.622306480902583337e-01,-5.154222818654578819e-02,4.781216940352689404e-02,1.065520450770623961e-01,2.862245848397408921e-01,4.514365307679993333e-02,2.207596214196500539e-01,2.699991386584240163e-02,1.664742617029829064e-01,-2.609030611867366178e-02,7.906833145579778011e-02,3.177839155925593073e-01,-1.321921483183401136e-01,1.791254361515794702e-01,2.061408193843348446e-01,2.472809825782304807e-02,2.644716999357474285e-01,-1.638688807848629192e-01,-3.204159669377152908e-01,8.523544401202495235e-01,-1.377264863643779258e-01,1.321000181132068740e-01,5.693550506876082773e-01,4.546664776042780298e-01,3.363838540885634165e-01,-1.379505684062186932e-01,3.521884128128730529e-01,3.498687595152122354e-01,-4.756941919044786748e-02,2.970530545659538779e-01,2.117022487007612641e-01,3.234162087050156953e-01,2.749022209172460873e-01,2.803247532248787088e-01,3.262108547860234076e-01,2.636200037763590243e-01,1.084033606364004088e-01,2.691121937662919184e-01,-1.070993682183930540e-01,2.111740957495157889e-01,2.292762095131693489e-01,-1.247733211118365187e-01,3.731932485350387685e-01,1.777870049330082247e-01,3.952025293229010083e-01,2.161751219727177931e-01,2.699510278974694977e-01,2.749936424836237348e-01,-5.748397448976104267e-03,4.066384282749133106e-01
2.098132497382666495e-01,2.524072595181700573e-01,3.349189283603164480e-01,4.074129649731422220e-01,4.793413634689813740e-01,2.140379252437257240e-01,4.936459999744508553e-01,-3.362660654649519271e-02,4.615017649103238528e-01,4.700389670625010341e-01,2.463526704640410792e-01,2.837871687211348526e-01,3.571274847575153233e-01,2.053245881953142116e-01,6.990761496423447685e-01,1.896276862185530265e-01,4.423512971404561234e-01,3.396926511266753490e-01,2.479127927117700803e-01,7.202288545251204210e-01,-9.529995524757618741e-03,7.615941559557648510e-01,3.298510898335890035e-02,2.324740206220677063e-01,1.686096220402399093e-01,4.611338422574587370e-01,5.566392652906699823e-01,3.177611509944334167e-01,4.412962627385170200e-01,3.928116717161000970e-01,7.216307524762378967e-02,5.712325628052504767e-01,6.019827860656549179e-01,1.355482738105697749e-01,3.046420766240230948e-01,3.337870113567266150e-01,3.066926197730323045e-01,4.411908581157643616e-01,3.687936757856476178e-02,5.570499523922513019e-01,-5.326302485752993504e-02,4.426242626591478380e-01,5.451413647123900530e-01,2.944425499998701845e-01,2.886695566006987623e-01,2.980282161304764199e-01,2.082297619654384646e-01,6.782858735796961636e-01,9.403393955951919181e-02,1.839351794910796811e-01,1.104937260469377319e-01,2.909359817808190307e-01,6.336750298113299484e-01,1.150971431242198972e-01,8.072910477491975767e-01,7.980013917233522158e-02,1.390880257643690165e-01,2.557408656956512011e-02,3.199806919893699031e-01,4.431007920866963934e-01,3.627954612171087612e-01,3.312923716298452059e-01,3.083552939265102322e-01,4.187862628691474409e-01,4.619380971752709564e-01,5.360656292420000746e-01,3.964507760530835978e-01,-7.486160089904704551e-02,-2.275653474776877239e-02,1.665244137285642190e-01,-4.884944142297305975e-02,2.377006991589600271e-01,3.742590345041419408e-01,2.206789244243090309e-01,4.343481739401291453e-01,-8.323999074152585442e-02,5.225781251856774778e-01,-9.511261384495393878e-02,2.306543294753518950e-02,2.101065588201449230e-01,3.320037344298198967e-01,8.552907314941940453e-02,4.109876737624253429e-01,2.582019859573897805e-02
-1.678000592831132842e-01,1.626736405982984468e-01,6.467313420878571806e-02,4.328498685936162799e-02,2.130742444816769721e-01,5.891905275540159082e-01,-1.166766163258307898e-01,8.749262554586135776e-01,3.803161287060120681e-03,1.315095686689659316e-01,2.019902204296508408e-01,6.569936582374802381e-01,1.328045948441641810e-01,4.039984467088779674e-01,-1.913303517545488636e-02,1.236346294171872390e-01,-4.663037713949010760e-02,-7.326400210324190976e-02,1.796396580988946223e-01,-3.971074021860265119e-02,2.944786588491612456e-01,3.298510898335896974e-02,7.615941559557648510e-01,4.917772598539165707e-01,4.286432632944618404e-01,3.138549747557301539e-01,6.189774504964869195e-02,3.456358745927985421e-01,-1.455781152631635822e-01,4.837525976416336415e-01,-1.461646666793769145e-01,3.111256068710585021e-01,1.867242157309783879e-01,6.088381311386295569e-03,1.197637884836970368e-01,1.301374994373428184e-01,4.943446940415163748e-02,7.319621023103758950e-02,2.743828213035131025e-01,-4.860857250660544082e-03,7.759239731041175370e-01,-1.323700779352133053e-02,9.885580164218879529e-02,1.364973922643410442e-01,4.773374808336237063e-01,1.173257386110868571e-02,3.252131996632622868e-01,5.608467100280349615e-02,-2.393919007840621394e-01,-2.690494244776730492e-01,-2.404415629194344706e-01,1.264103901932578933e-01,1.919682158433000038e-02,3.020207803770717514e-01,4.581741654488551314e-03,8.797100871665726185e-01,3.981676087783862505e-01,6.614051216799201986e-03,1.381113985020080981e-01,4.556229598271824277e-02,3.000097691575149828e-01,-1.824579873129388852e-01,3.627605079246716269e-01,8.690124525494646868e-02,2.199581574886926849e-01,1.824552056870649142e-01,1.140957006265492929e-01,4.260637660053965270e-01,3.719475137146217164e-02,-8.319922551131948233e-04,4.428303952308293434e-02,3.819548917148504197e-01,2.271031770762329538e-01,1.205475461418167443e-01,1.941123568821612744e-01,1.052328108991072153e-01,2.639358518548042265e-01,2.115890357288668644e-01,-5.966868792146332208e-03,-1.309994742037218496e-01,1.560610760178301748e-01,1.897309469501273771e-01,1.111423434922151482e-01,1.326388398817150427e-01
2.202445567568055151e-01,4.259706647217267328e-01,-1.225846476410677038e-01,2.138156076010848394e-01,1.716915208923220360e-01,3.987040715625345677e-01,-7.846648491935834246e-02,4.654848038746633998e-01,4.995889446810538453e-02,3.953460323788466346e-01,2.003263543379790734e-02,7.756193798051048693e-01,5.580064210789632551e-01,1.287003541534628703e-01,3.374069920143346057e-01,1.104371996820107116e-01,8.336674246084342654e-02,1.583656419075554767e-01,-5.566102699806863702e-02,1.362246971796187422e-01,5.179115679115864346e-01,2.324740206220678174e-01,4.917772598539165152e-01,7.615941559557648510e-01,5.563740354541609756e-01,6.140012261011876804e-01,6.043568687667408984e-02,5.278655022402196639e-01,3.341883309767893495e-01,4.257425903286703450e-01,-8.118955034305040327e-03,3.426088390385518823e-01,3.876029346422603661e-01,3.007660329619927797e-01,4.399147929176757676e-01,-7.970163181336867297e-02,2.083167840767060491e-02,1.017440625402210724e-01,4.727113269853521760e-01,1.522358423908522218e-01,3.299822212928471554e-01,1.189953680726290597e-01,4.635860723552338580e-01,-1.309594491506401240e-02,7.485906125576142767e-01,4.582340338921850331e-01,-1.206549675535532884e-02,2.844870138347587174e-01,2.962129362999608648e-02,5.410989198617822266e-02,1.416755637753595309e-01,-9.072454814643333976e-02,2.561815255332912655e-01,5.032294950912198361e-01,2.759774405455730495e-01,3.707346436724380245e-01,8.890760538152365777e-01,4.241491801806088202e-01,5.692598799178565372e-01,1.603667112293359620e-01,5.534951704465265188e-01,2.448795381541346294e-01,4.573762615333070158e-01,2.637254068139874841e-01,3.457653994669455666e-01,3.630526483807811067e-01,4.635433344201821959e-01,3.032100287584780784e-01,3.871111883759592032e-01,2.364568753025177716e-01,3.029612810444889393e-01,2.894172587331617641e-01,2.229872892434988929e-01,4.684722345483409711e-01,3.619428955434174089e-01,-1.204744736890130674e-01,5.688466677353194445e-01,2.360208180091457886e-01,2.455061121065541530e-01,1.578778367221203571e-01,3.390038070422846661e-01,2.868227636759413390e-01,2.789780041391570764e-01,4.515078180097997218e-01
4.060647685552803976e-01,2.727947332976440875e-01,-5.542933136979498465e-02,2.592837950931189961e-01,2.161593924347589291e-01,7.384163974088789884e-01,3.393463776345053140e-01,3.226169249371588221e-01,1.120440940442366112e-01,4.914968801864611492e-01,-4.502741264874488003e-02,3.575832773684344823e-01,5.700750173870108295e-01,1.072813931894654738e-01,9.409321206558224349e-02,5.490475630711858512e-01,4.645882551488557666e-01,4.787114721572723330e-01,-5.923221509684366975e-02,-1.994855929260704042e-01,5.236803491780612774e-01,1.686096220402398538e-01,4.286432632944618959e-01,5.563740354541609756e-01,7.615941559557648510e-01,7.486830283818743936e-01,3.087995614116922360e-01,2.251669882888372443e-01,4.755771560577931600e-01,4.136775708503241389e-01,-3.810371280191445220e-01,7.818026676836715982e-02,3.665046079352006214e-01,3.714599900248290454e-01,3.984422323262635235e-01,3.979049407815927336e-02,1.920932639754190097e-01,1.317480055940923878e-01,3.217290060050741474e-01,2.424673168859239336e-01,7.655810100465036683e-02,1.273504773457280193e-01,2.691738018037484470e-01,2.896687348225956277e-02,2.598505788946088857e-01,3.609390812243578051e-01,-1.220740442877268558e-02,3.587160879872196978e-02,1.365560223072513901e-01,1.372563761597751231e-01,1.121665079150535593e-01,3.288520007455286026e-02,-5.140905147827729005e-02,4.226358451657865611e-01,1.429451727934350456e-02,1.948116583635795540e-01,3.398527671905505754e-01,5.019493100879383052e-01,3.630707585891782552e-01,2.163107258725560644e-01,2.330343529915749889e-01,3.887413175165148060e-01,2.230874333182121805e-01,3.000302942563362052e-01,1.589882781886143848e-01,1.121796309421584092e-01,3.976942949724102117e-01,1.851605730331874755e-01,4.473802180449260590e-01,2.501777488508471481e-01,2.072454051165766586e-01,2.234464900458316972e-01,4.161508942706751424e-02,2.912203607538975114e-01,3.250540618464018428e-01,-9.726621142972723122e-02,6.278220603038269232e-01,2.869502988912564848e-02,3.638561362446289249e-01,2.174768028525377594e-01,2.680166152369793942e-01,3.959647701597327624e-02,1.212593083434883867e-01,2.546459084332643452e-01
4.526795016699556862e-01,4.289781467777912805e-01,8.235676738835544242e-02,4.278601905302977237e-01,2.935444574187340283e-01,6.990448920663021593e-01,4.618213467398357697e-01,2.762414557709551022e-01,1.556073272672695018e-01,5.983612722449488386e-01,4.781884606988504038e-02,4.886476130009432817e-01,6.598593416451654647e-01,1.602914946708675625e-01,4.285640764682093207e-01,6.070255027512363455e-01,5.697291185033611649e-01,5.775516184467698322e-01,8.787465610197561783e-02,9.191293642685564869e-02,4.533946080255009115e-01,4.611338422574587370e-01,3.138549747557300984e-01,6.140012261011876804e-01,7.486830283818745047e-01,7.615941559557648510e-01,3.996198247379074697e-01,5.197267268975234167e-01,5.480120839375176578e-01,4.815576915862416207e-01,-2.137305108925413935e-02,4.129880921983778430e-01,5.545316683835598282e-01,4.386500112073660751e-01,5.871092115562890346e-01,1.146006218447652159e-01,2.476471286926181237e-01,2.801027568492076014e-01,4.278532478587049881e-01,4.466754389256583635e-01,1.465982161751487323e-01,2.105355637679270919e-01,5.149156846415061661e-01,1.243376069330368733e-01,5.032546183778040527e-01,5.319964347780946623e-01,2.070924461800278948e-01,4.218737312199219436e-01,2.605086760268514046e-01,3.575975264307568180e-01,2.851057725925632558e-01,1.449900092443915378e-01,2.227897787243141303e-01,4.205913916578845613e-01,3.180716489173788242e-01,1.702777351806568917e-01,4.735675078770488766e-01,4.417290468362554123e-01,6.982619257568879467e-01,3.855195574594436625e-01,4.571943459132291609e-01,4.006213866242036570e-01,2.610375210115549738e-01,4.342303903235059104e-01,4.164950268058839056e-01,4.157765804345892047e-01,5.418435875874711982e-01,2.563197185801171507e-01,4.818043782192951707e-01,3.143864835335746233e-01,3.133699929325704098e-02,3.285463271863720003e-01,1.763867983989161614e-01,3.627262488221175141e-01,3.549460007498085878e-01,-5.839169275167153256e-02,7.954069954025306810e-01,1.714191118220892152e-01,5.170906763623280833e-01,3.708415544176110745e-01,2.807113799718172764e-01,1.752051132391517496e-01,2.033614025137618908e-01,3.297022446381666638e-01
1.469085046313267917e-01,1.887049877229672601e-01,2.805368769052244970e-01,4.787356087563368612e-01,5.242666624304569423e-01,2.139828683121526298e-01,5.570284117055437356e-01,-6.162726037866922413e-02,4.073727413749946291e-01,3.494769428614326601e-01,2.155261607780049604e-01,2.014147671705234233e-01,3.636965632894549327e-01,1.394251258425461271e-01,6.053745930684105714e-01,1.342595897485849010e-01,3.233418424159600346e-01,2.675144242439556619e-01,2.087121559970862572e-01,3.107337627066072971e-01,-6.862433048983899997e-02,5.566392652906698713e-01,6.189774504964869195e-02,6.043568687667408984e-02,3.087995614116922360e-01,3.996198247379074697e-01,7.615941559557648510e-01,1.195639951100302134e-01,3.318118735610448011e-01,3.300317680325861036e-01,1.218550255050576542e-01,3.507545518191845790e-01,3.454875517031911758e-01,1.219319580572483658e-01,2.237027694768007335e-01,3.098810017505920777e-01,4.297410408539449889e-01,4.626844069044045993e-01,4.490012914352668749e-02,6.148512239409367197e-01,-1.092031833200842184e-01,3.937549118932956449e-01,3.405660472336466960e-01,2.912776338967191792e-01,1.545228164781008995e-01,2.834215393561272389e-01,2.610315596910527947e-01,4.941871126243608248e-01,1.130773487842122310e-01,1.052706047898988029e-01,4.403471823324240503e-02,2.863001433069627955e-01,4.243829489530454024e-01,-5.212495995391799863e-02,5.125285163917436826e-01,1.062095964431827300e-01,-5.300395394955931261e-02,1.778389929010361012e-02,3.441165554284968398e-01,8.657927764447467256e-01,1.568723883905324967e-01,4.203738801177716589e-01,1.983782205637857066e-01,4.230178514054293570e-01,1.839238489655506126e-01,1.736639897476195127e-01,3.572193793080630786e-01,-1.355048495291403809e-01,-6.257558585542533081e-02,2.982632091416807796e-02,-1.380747232902780341e-01,1.802073723513906434e-01,3.150861472748822667e-01,1.523615818789109955e-01,3.507413772086108716e-01,-9.123723280697318416e-02,4.278558829052395707e-01,-3.666786460810957798e-02,1.055797145560340156e-01,6.074760301955049041e-02,2.196081856287306899e-01,-1.693737277589893453e-02,2.855802208801641595e-01,-5.998251086447901892e-02
4.238629442980138551e-01,2.597197299744741783e-01,4.464365546086295211e-01,2.215605383615510127e-01,5.555517936168813398e-01,2.793526241274061350e-01,2.682002689523771966e-01,4.316528074464711651e-01,5.009513979892721292e-01,6.497747836594957027e-01,5.640756104193587195e-01,4.162675701701576969e-01,5.450881882975316950e-01,3.723188653055373859e-02,4.921742978834952598e-01,1.846850772006041752e-01,3.419439166943938901e-01,3.488026196396557532e-01,4.212238205955575743e-01,3.702986105738257927e-01,3.474274134416874826e-01,3.177611509944334167e-01,3.456358745927985421e-01,5.278655022402196639e-01,2.251669882888372165e-01,5.197267268975234167e-01,1.195639951100301995e-01,7.615941559557648510e-01,3.875044786210690706e-01,4.641966772408934738e-01,7.838799221848193055e-02,7.436430049289987076e-01,6.322291942596696135e-01,3.818576591862606340e-01,3.117653455433072596e-01,4.001028274520511685e-01,-2.949628867146480635e-02,4.580601703694558990e-01,1.843871816098722194e-01,1.594718815845072302e-01,3.685782816218678426e-01,4.688476328865898712e-01,4.954458807340905713e-01,5.134018659608630131e-01,3.386413948481994951e-01,4.142114044247700577e-01,1.541291067997945519e-01,4.180419674479597947e-01,8.211320996309576237e-02,2.187183639274843383e-01,1.809804152275938383e-01,3.561011313280978419e-01,3.415691204447077189e-01,4.647848198582136825e-01,3.655092632498225247e-01,2.667099509701160720e-01,5.887955745161921328e-01,1.673569294446326239e-01,4.468060800592512094e-01,1.440633253528045832e-01,9.013289074859781591e-01,2.223244634241545448e-01,3.324442494283503802e-01,2.267717321910363015e-01,5.446777870283835421e-01,6.858593677700015601e-01,2.941627329788035761e-01,1.441573776948396057e-01,1.257173042538817787e-01,2.982863492936612126e-01,1.533758653615573675e-01,3.673920404235894166e-01,5.024458241279757820e-01,3.943266383411169751e-01,4.841122824526241653e-01,-4.640612406904198045e-02,4.324439695007911144e-01,1.407739353682834205e-01,1.587212061861648094e-01,2.954143415525272154e-01,2.562269165719152086e-01,4.137861216943656273e-01,3.588616541495970313e-01,3.360430309743143718e-01
8.240132546868654817e-01,4.877316013668603900e-01,1.389374985430705213e-03,3.283809634724829674e-01,3.428676511717086428e-01,3.047980137839569337e-01,5.250401358105556415e-01,-2.159383821523930269e-01,1.997834429593039751e-01,5.591743305955586552e-01,-8.019810083837309103e-03,9.988963197059282095e-02,7.496113838816503838e-01,-2.707899199484393726e-01,4.449284401446317316e-01,4.086357121736100551e-01,4.647981711063088883e-01,6.177964640634984184e-01,-2.029245319448774731e-01,6.650979650782125330e-02,5.012945020908449179e-01,4.412962627385169090e-01,-1.455781152631636099e-01,3.341883309767894605e-01,4.755771560577931600e-01,5.480120839375175468e-01,3.318118735610445236e-01,3.875044786210690706e-01,7.615941559557648510e-01,1.934024393179707701e-01,-3.928450803195899371e-02,2.292281117116459488e-01,4.915140698221744930e-01,6.356121201522164643e-01,5.345515532038527251e-01,1.215500946813919715e-02,1.119092403419406634e-01,2.704081385227847245e-01,3.622047688002497101e-01,4.431270914939797190e-01,-3.307650859724785009e-01,2.249582582778558992e-01,4.545402159472123338e-01,5.061695027328244612e-02,1.240455989277057525e-01,6.584669304307785298e-01,-2.549664172345086910e-01,3.479615389436683803e-01,3.666295041591162152e-01,3.973997057376836839e-01,3.930106968036332638e-01,-1.136323494986727078e-01,9.082181700977109973e-02,4.272571177505855577e-01,2.802367372788524547e-01,-1.963398621828290891e-01,3.201054957385618405e-01,5.227058425093946692e-01,5.382672399685770603e-01,1.786217623056476078e-01,4.513501891087677298e-01,7.129904669210952450e-01,-8.477595944487189075e-03,5.395544023514665666e-01,2.180890644750631546e-01,3.250212931636650149e-01,5.151050808721114871e-01,-7.019373478938092936e-02,3.234736971652010240e-01,4.191608942128502990e-01,8.457855661115327994e-02,9.744355338998193783e-02,2.585793790379206092e-01,3.514951409094254631e-01,4.385010377831459194e-01,-2.338710475743941974e-01,5.998438724911402398e-01,4.153751219444847681e-02,5.068608998795869347e-01,4.453982407040784630e-01,3.120258193695914506e-01,1.427618134347625189e-01,3.913859181573943746e-01,2.937378689169518053e-01
4.771943783838663439e-02,1.045674827561227510e-01,3.017429853915849502e-01,4.891958243022032776e-02,4.872648730348949631e-01,4.686336222752008895e-01,4.372048452249459316e-02,5.097991212793734350e-01,4.528587452089598564e-01,4.611665383363218740e-01,4.933590627999145939e-01,5.918155064573052959e-01,3.609858050300863153e-01,1.157961598504435828e-02,3.441772913304118608e-01,9.899485417862197156e-02,4.034400802408540376e-01,9.285420423246378008e-02,4.612293146792059706e-01,4.584004163922806296e-01,1.582302321928553690e-01,3.928116717161000970e-01,4.837525976416337525e-01,4.257425903286703450e-01,4.136775708503240834e-01,4.815576915862416207e-01,3.300317680325861036e-01,4.641966772408934738e-01,1.934024393179708257e-01,7.615941559557648510e-01,-1.876292133181032551e-01,3.376978206152337902e-01,3.160209175804979953e-01,1.008881105268612660e-01,-1.612160358638864768e-02,3.205671869712292676e-01,1.191292939661465350e-01,4.471985981930568510e-01,4.374830181535990098e-02,1.612670206653645522e-01,3.976572571432084868e-01,4.878868174617850273e-01,3.081705636560324035e-01,4.886951700290342870e-01,4.578285658317844398e-01,1.288613809033160307e-01,5.973758340655607041e-02,2.696149383025685520e-01,-1.848740328270789823e-01,1.367819555378555624e-02,-1.680109582058414430e-01,4.081314491236971986e-01,5.169359815106289169e-01,3.558475802395490856e-02,4.645689708607834145e-01,3.147063463270450834e-01,2.562998091802776712e-01,-1.787152429767108475e-01,1.537107163447218316e-01,3.795392988734394568e-01,3.954748384545616058e-01,-1.900819181788905229e-02,5.414995151165101772e-01,3.405461963029631778e-01,3.219469412302113365e-01,2.795900654017328679e-01,1.072421353302348834e-01,2.243524784659496965e-02,-3.524138670734759671e-02,1.169206801623038222e-01,1.916027609063842840e-01,2.387309271385492371e-01,4.717550896625985479e-01,3.511833644736541693e-01,3.251545182921702914e-01,-1.344222003267222035e-02,2.450302525788646824e-01,-1.457116857836749380e-01,1.790981761730417454e-02,-3.391802061268804624e-02,2.743602521020594986e-01,1.860067246604841240e-01,3.928447540860401932e-01,1.447206179062576759e-01
-7.189321672474588421e-02,-5.595484963119659594e-02,1.122217557403408644e-01,8.083583681438144541e-02,-1.514195573956422514e-01,-1.084136892736936725e-01,-4.591692475568262544e-02,-1.302037590532117706e-01,-1.248187747619598914e-01,-1.892926853772513296e-01,-1.719419322397015559e-01,4.534766538933388685e-02,1.016388527398298935e-01,-1.076108746642453866e-02,2.427777130190597876e-01,-2.226795559150488157e-01,-1.456310509015593946e-01,-1.347053953711518648e-01,-4.375091265423156225e-04,2.810406286087882566e-01,-3.084553709918474440e-01,7.216307524762381742e-02,-1.461646666793769145e-01,-8.118955034304998694e-03,-3.810371280191445775e-01,-2.137305108925418098e-02,1.218550255050576819e-01,7.838799221848197218e-02,-3.928450803195903535e-02,-1.876292133181032551e-01,7.615941559557648510e-01,2.272072674966805206e-01,-9.454134483516627233e-03,-2.268239063417568369e-01,-1.009658368638298720e-01,-5.052439631489142463e-02,-1.753519369945923667e-01,-1.656035900436326758e-01,8.008031750293240214e-02,7.688505859712145216e-03,-2.279349197564623473e-03,-1.550322310060017472e-01,3.928573697005355303e-02,-2.305855693840108134e-01,1.271282311596527437e-01,4.828977639145855261e-02,9.743198069623705548e-02,1.458100888938397843e-01,-4.481122912451097201e-02,1.704196356908651844e-01,1.245787523350365932e-02,6.349821107241778242e-03,2.294290311422990392e-01,-1.914867653197856179e-01,9.303463568821465635e-02,-6.339750914524716618e-02,1.281725874704716939e-01,-1.086693685961923894e-01,2.406527851129983131e-02,3.526593612068364830e-02,8.618827989225088040e-03,-1.227381968997381528e-01,1.521547066110369439e-01,-1.785357354732829971e-01,1.719333060957461135e-01,2.832411398402437039e-02,-4.369018837846119080e-02,4.220092587901743547e-02,-1.444638936008579011e-01,-5.607997121874407770e-02,-2.169122423677685152e-01,9.540143961440299136e-02,-1.023071359000729125e-01,-8.339189094548986325e-02,-2.651112856544224003e-02,-2.216291903839981599e-03,-2.935163830154439643e-02,1.281753445224926291e-01,-7.024734768137855245e-02,7.823069273423365055e-02,-3.713102101387006498e-02,1.033814628620094017e-01,-6.584033100768310609e-02,-1.402266956157324218e-01
6.580358744793594894e-02,1.972260080715835251e-01,4.518695147899258191e-01,2.440391355183555988e-01,5.043994723620950360e-01,1.720131522399040713e-01,2.543927630781230853e-01,3.797041914685634345e-01,4.588047100429771818e-01,4.629290318889979217e-01,5.303519653846255899e-01,4.013726273156520419e-01,3.568553845735841779e-01,1.571712690122620548e-01,6.253806090511567772e-01,1.403384924386164301e-01,2.822958917294727255e-01,2.460608128393142469e-01,5.193454807855726330e-01,6.036536294651611012e-01,1.471954528098939063e-01,5.712325628052503657e-01,3.111256068710585021e-01,3.426088390385518823e-01,7.818026676836714595e-02,4.129880921983777875e-01,3.507545518191845235e-01,7.436430049289987076e-01,2.292281117116459210e-01,3.376978206152337902e-01,2.272072674966805206e-01,7.615941559557648510e-01,6.526842209528775918e-01,3.312638318959246903e-02,2.324761378578400761e-01,4.012743609876909812e-01,1.428182723189417580e-01,4.676662298917271809e-01,1.204120554848607527e-01,3.394859154898502429e-01,3.628256755191996419e-01,3.829123292766364872e-01,5.349392360017484194e-01,5.042291457804930488e-01,4.048275216898681306e-01,3.226846944792112759e-01,2.938692669481955955e-01,6.252294115596555013e-01,9.148758285945726709e-02,2.224234291097972605e-01,1.456542473137533156e-01,4.955838554925550143e-01,5.600930038122681198e-01,3.374230924575125079e-01,5.676030458455124661e-01,3.133040075141095837e-01,4.307665852939348006e-01,9.091506047816341751e-02,4.002841934479147712e-01,2.540190495614862431e-01,7.577107777988281168e-01,1.908285379438624529e-01,4.249025743020763968e-01,2.612070273669540033e-01,8.895755329305821135e-01,7.057123881711772073e-01,2.655007390929934319e-01,2.737560562190011759e-01,-5.581421190383473174e-02,2.091270825152262702e-01,2.086404638511140108e-01,4.234820796233601525e-01,4.564787066617385092e-01,2.580540749211645002e-01,4.690848288033839797e-01,-1.522612287872379677e-01,3.087653124753129696e-01,3.327943337059375839e-01,-3.491588163080319544e-03,1.863188583345618543e-01,3.728102376143538899e-01,3.887422377626638115e-01,3.622372225768715759e-01,1.555015805770594284e-01
4.972024017856346290e-01,5.457889268409356065e-01,3.366569361918545500e-01,3.459804128808558477e-01,5.735780433506048048e-01,2.393332580948932531e-01,4.389447492007282348e-01,2.185730517451338895e-01,4.359816091813968342e-01,5.681219945757541856e-01,3.822571579193607683e-01,2.278731501796405767e-01,4.338420120367285637e-01,8.094506791224223563e-02,5.703618301430388726e-01,5.208809391336006733e-01,4.476037149555501804e-01,5.748016034162135579e-01,2.864956727034494444e-01,3.754210763350457891e-01,4.440294523729883536e-01,6.019827860656549179e-01,1.867242157309783879e-01,3.876029346422603661e-01,3.665046079352006214e-01,5.545316683835598282e-01,3.454875517031911758e-01,6.322291942596695025e-01,4.915140698221744930e-01,3.160209175804979953e-01,-9.454134483516613355e-03,6.526842209528775918e-01,7.615941559557648510e-01,4.433995925839754326e-01,6.090753828440524931e-01,3.086678890472924763e-01,1.956900767292397147e-01,4.526227076501407875e-01,2.148782722477264040e-01,2.997755142278214491e-01,1.843473185636926581e-01,4.339809597712336320e-01,5.995133945818557075e-01,3.728427027355779022e-01,2.278173716522366721e-01,3.945954173150424404e-01,1.328153771023027063e-01,5.964473420152959227e-01,2.583221277247514935e-01,2.827808060428030901e-01,3.703075647780716406e-01,2.958782067271386040e-01,2.793356052861709626e-01,5.889309632275210316e-01,3.921453243021186807e-01,1.817201775968309008e-01,5.310320560332130180e-01,3.749406278595941444e-01,4.260255484191007858e-01,2.023667665784086300e-01,6.823512539166407542e-01,3.136460398596230270e-01,2.127887867457607385e-01,3.654113964540413595e-01,5.608279066365362553e-01,7.684821108062085404e-01,3.476237967873826995e-01,2.287302329659384459e-01,2.317798811470013487e-01,2.532552690512009930e-01,1.868020101734690075e-01,3.002626667446762765e-01,3.029166251731147397e-01,3.388076820639319142e-01,4.691537508190493089e-01,-1.386869824615673819e-01,4.627997158029930613e-01,2.093509628119768762e-01,2.381058898691796322e-01,2.864111607537729309e-01,3.935223382931682945e-01,2.825220444082996996e-01,3.110978306016413120e-01,3.809397935463476603e-01
7.369672133722396934e-01,4.726923907495262922e-01,7.637420618794149574e-02,1.640008195266307311e-01,3.176412244374726690e-01,4.916955920115472639e-02,3.744474888665343948e-01,-9.166641119570606566e-03,1.711363224190333709e-01,4.499639543257402674e-01,1.293346821883183118e-01,-7.138426281062879020e-02,3.205354878720697576e-01,-2.204747626923113657e-01,1.719934116005884528e-01,4.578516226179990545e-01,1.941858736485791714e-01,5.210862172015957583e-01,-8.525730026220469659e-02,-9.948624218142902709e-02,4.910164443704820858e-01,1.355482738105698026e-01,6.088381311386295569e-03,3.007660329619928352e-01,3.714599900248290454e-01,4.386500112073660751e-01,1.219319580572483103e-01,3.818576591862605230e-01,6.356121201522164643e-01,1.008881105268612660e-01,-2.268239063417568646e-01,3.312638318959249678e-02,4.433995925839753216e-01,7.615941559557648510e-01,5.773013507628972363e-01,8.669169269070473027e-02,-4.682880053660323089e-02,2.382857611616658600e-01,1.416303489697631202e-01,2.156487552269898966e-01,-1.349193641261446641e-01,1.744096206331720855e-01,3.588864665395593012e-01,6.161166970246596819e-02,-8.377826040162628107e-02,5.086131169029695087e-01,-2.110413488310914909e-01,1.608747442551486662e-01,6.567988919256367852e-01,1.127660457671148114e-01,5.779161485008722510e-01,-7.562498864252169273e-02,-1.359193748869146068e-01,5.233959256122754367e-01,1.306563223148638209e-01,-6.543143374694715408e-02,3.365272328478814412e-01,5.547364495935973583e-01,4.982133898417617779e-01,2.767602309319296822e-02,4.522874238556264803e-01,5.678597505225835285e-01,-1.475320600189912734e-01,3.663051484360237420e-01,-3.717123097920906061e-02,4.032074567597341841e-01,3.861305238785286420e-01,3.107852633979073589e-02,2.815405809402506399e-01,4.081745065711239184e-01,3.270346394182174071e-02,-1.042098084629519278e-01,1.608206105041952994e-01,2.558456669710010845e-01,1.826571542645170632e-01,-4.332202455340877084e-02,4.122354635674734258e-01,1.149858010300750105e-01,4.617402785551176780e-01,5.284195581887294324e-01,2.910116204819723773e-01,2.232999144080424422e-02,1.573367972472503040e-01,3.923006911422393661e-01
5.743195314307071309e-01,7.650529402700249060e-01,3.264092182389242980e-02,4.198925578083344545e-01,1.910915718882811587e-01,1.783935133066036904e-01,3.911925126545389708e-01,1.251382477902570900e-01,1.504781182776632024e-02,2.163844276838077507e-01,-1.923602331807656995e-02,2.118054121980516083e-02,3.986596581932966288e-01,5.669222134434884902e-02,3.932624327945934972e-01,4.908138204420323114e-01,3.269020517271848530e-02,5.389173580402060182e-01,-1.086514721654007476e-01,-1.421195243297288524e-01,6.622306480902583337e-01,3.046420766240230948e-01,1.197637884836970229e-01,4.399147929176758232e-01,3.984422323262635790e-01,5.871092115562890346e-01,2.237027694768007335e-01,3.117653455433072596e-01,5.345515532038527251e-01,-1.612160358638864768e-02,-1.009658368638298720e-01,2.324761378578399929e-01,6.090753828440524931e-01,5.773013507628972363e-01,7.615941559557648510e-01,8.211341897103778542e-02,1.658233199998745966e-01,2.235187400089552467e-01,3.317001933416846016e-01,3.011359664906677058e-01,1.008133846618326640e-01,9.137454451277998713e-02,2.815952202386092229e-01,2.472751408872495005e-02,5.398823468131432740e-02,4.850905613381994441e-01,7.304806579895686824e-02,5.392919529084627683e-01,5.410727746916210723e-01,2.394732812375268208e-02,4.702322645033886195e-01,-8.365051815245232170e-02,-1.031344778437052884e-01,7.812908179769699757e-01,2.066863787295435129e-01,1.783081584778390127e-01,5.680133619481038121e-01,6.063632014347711818e-01,6.852078732780927384e-01,1.850598408360473179e-01,3.424706981797815963e-01,6.211014555933579429e-01,-1.406997661106949016e-01,3.755983321153841814e-01,2.582455534746802006e-01,4.473425437424867201e-01,4.846467436880299573e-01,3.166364019668808649e-01,4.236896574714525965e-01,3.176086307791560204e-01,5.479547590333747747e-02,2.418743417555117292e-01,4.368151152057243858e-02,1.597927547319507036e-01,3.202814950128581861e-01,-1.578134138904915829e-01,4.706878482361264715e-01,3.976829591726859237e-01,5.116131251551618853e-01,5.497570646736417155e-01,4.108803294781339099e-01,2.776154111729314256e-01,1.754707006966675364e-01,3.286026083455555469e-01
5.038732872421480304e-03,1.478902076598800353e-01,9.422632328140375657e-01,1.203440291477177598e-01,5.107938789857697781e-01,-6.669329620939565273e-02,1.701871246051864517e-01,1.979783888301588357e-01,7.171491613416717259e-01,2.844607564665346811e-01,8.195450147775733551e-01,6.445257836063340851e-02,-1.108010696384397267e-02,9.275173582006679407e-02,3.323915812076279064e-01,-2.516835484000288364e-02,1.708285902500968900e-01,1.369746471535498722e-01,7.901119210492913991e-01,4.993796584632674840e-01,-5.154222818654578125e-02,3.337870113567266150e-01,1.301374994373428740e-01,-7.970163181336871461e-02,3.979049407815927336e-02,1.146006218447651465e-01,3.098810017505920777e-01,4.001028274520512795e-01,1.215500946813921103e-02,3.205671869712292676e-01,-5.052439631489143851e-02,4.012743609876909812e-01,3.086678890472924763e-01,8.669169269070474415e-02,8.211341897103784093e-02,7.615941559557648510e-01,9.274764189014399196e-02,6.216158916486650421e-01,-2.270981058473119374e-01,1.783038396380615953e-01,2.436717577953076141e-01,7.401579793365322679e-01,9.947536756958243187e-02,8.316223548444956482e-01,-1.582054979369623138e-01,-1.842767140449027424e-02,2.242246570315850618e-01,2.641535333511485506e-01,-8.249722876014525808e-02,-8.791592891004182397e-02,-9.997888124989041947e-02,7.789041615787949402e-01,5.059263167895506896e-01,2.727731546771699697e-02,4.297986538429848791e-01,1.751457581423545573e-01,-1.316785348571876679e-01,-1.892192707080916636e-01,-5.784316387200331283e-02,3.464947352931947999e-01,3.078203575883309839e-01,1.681016031208963368e-01,2.674508817961167018e-01,1.235512912836658206e-01,2.742601340187245662e-01,2.955599338679041344e-01,-1.501497554214767660e-01,-1.238494485339522166e-01,-2.033480107597437081e-01,-3.122243747114590573e-02,-1.400683449669921088e-01,1.618629670945870291e-01,3.247402824988997461e-01,7.692064877850583737e-02,1.160921263964435068e-01,9.017346446044915281e-03,-1.007592884532952787e-01,-1.380154857933429680e-01,-2.675159064060242398e-01,-2.880629860611779239e-02,5.748999728083110938e-02,1.838296272097341560e-02,4.664578471375998431e-02,-1.788489836322690318e-01
-4.329751667458216213e-02,5.431963763312868537e-02,5.202522277332354006e-02,5.300461889140553051e-01,2.154123169474831678e-01,1.053947387793279511e-01,2.263502513790836557e-01,4.781839878391919846e-02,1.397185000355450069e-01,4.832012804475279560e-02,1.088145236836655788e-01,2.524249518328515185e-01,1.266065755042925511e-01,1.153052236440258727e-01,3.387677061337130424e-01,3.974221877216115029e-02,2.863561227279148302e-01,5.748680506593163014e-02,1.586751206360669797e-01,2.396067708656642870e-01,4.781216940352688016e-02,3.066926197730323045e-01,4.943446940415164442e-02,2.083167840767057716e-02,1.920932639754190097e-01,2.476471286926181237e-01,4.297410408539450999e-01,-2.949628867146482022e-02,1.119092403419406773e-01,1.191292939661465489e-01,-1.753519369945923667e-01,1.428182723189417858e-01,1.956900767292397147e-01,-4.682880053660323089e-02,1.658233199998745966e-01,9.274764189014395033e-02,7.615941559557648510e-01,2.056311753015062638e-01,8.495698929816782041e-02,2.655213511199766008e-01,8.682691702264415390e-02,1.781165588888725115e-01,1.922628063268986276e-01,1.441616302624914858e-01,5.342592849265939692e-02,1.119371612020311768e-01,3.155672113439043081e-01,3.268631022990394208e-01,9.249293681968645542e-02,7.375779936802345782e-02,-2.046127504605297839e-02,1.190840082929496002e-01,2.163552814011108216e-01,2.908219116198805174e-02,2.441544287671037206e-01,9.878889092620565804e-02,9.589954068085379535e-02,1.224102271853765578e-01,2.711415586437032621e-01,3.967805725344551449e-01,-1.760709598777268278e-02,1.575364190480775528e-01,2.051561311115659703e-01,3.121319436512619006e-01,1.491061274616912735e-01,1.269126466366472528e-01,1.817625057029218782e-01,-1.582371557356621397e-02,5.385542553873862680e-03,-1.672130690070216807e-01,-4.818853142900270808e-02,2.230838129161467343e-01,1.025089697631865887e-01,-3.034940509953939353e-02,2.945268349601949942e-01,-2.871291253818745726e-01,2.180353442991830870e-01,-3.999672164978754912e-02,5.674678470440854688e-02,-2.856947119935723117e-02,1.363398843282505601e-01,1.538161314515809064e-01,1.012485465209064933e-01,-1.690846354226812065e-01
2.145633374764909507e-01,3.113183656092384788e-01,5.297775996520268649e-01,3.282681859318002937e-01,9.225994920569828839e-01,6.565847255833139051e-02,5.370644412357457043e-01,1.224089983542315657e-01,7.967348177207753679e-01,5.152804378214136394e-01,7.408872845537951557e-01,1.836834878092909740e-01,3.577783104375362178e-01,1.233276642488266989e-01,5.076440522184222370e-01,9.294801914761341433e-02,4.106056422464444133e-01,3.499701819825059568e-01,5.686940597993488389e-01,4.498113710807110088e-01,1.065520450770623961e-01,4.411908581157643061e-01,7.319621023103753399e-02,1.017440625402210863e-01,1.317480055940924155e-01,2.801027568492076014e-01,4.626844069044045993e-01,4.580601703694558990e-01,2.704081385227847245e-01,4.471985981930568510e-01,-1.656035900436326758e-01,4.676662298917271809e-01,4.526227076501407875e-01,2.382857611616658877e-01,2.235187400089552745e-01,6.216158916486650421e-01,2.056311753015062360e-01,7.615941559557648510e-01,5.191625356532370006e-02,5.571727464955907871e-01,2.224704031969790552e-01,8.615408833720171744e-01,3.881400353419258709e-01,8.313451587041233992e-01,1.345056086518852112e-01,3.286063770848912102e-01,2.634557512948433877e-01,4.858309513556505754e-01,5.188921152048482643e-02,1.987067448409155224e-01,1.654275664342283181e-01,5.858296877470222652e-01,5.197472014589182843e-01,1.292299287239427330e-01,4.970816782859744376e-01,1.453088812514435613e-01,1.101156850537057669e-01,-1.166467084525970588e-01,2.681379024937029509e-01,6.107900992070690593e-01,4.703560599269744902e-01,3.054061691250918309e-01,3.605215498269033203e-01,4.614229831585908714e-01,3.106513080348408673e-01,4.886924010202335911e-01,1.591854258158579838e-01,-1.141064637605035542e-01,-1.386817682748331115e-01,-1.644655549457454610e-02,4.202799599013352927e-02,3.572960764047130033e-01,5.496936756534246404e-01,2.307665090293750110e-01,4.038592446051030294e-01,-1.912065874740825466e-03,1.143035898959198909e-01,-6.697387129298167097e-02,2.441401673785064536e-02,3.778011364262332666e-02,3.029969929985806831e-01,3.724226303199316135e-01,4.092851121068907250e-01,1.549073411195887595e-01
7.184944785397549827e-02,2.413421243974110675e-01,-2.678388899882925833e-01,3.139912531547716101e-01,1.909793655879549190e-01,4.657496110999189698e-01,2.293351127757694286e-01,2.677449720620593832e-01,-1.431891610759465361e-01,1.853732611229075289e-01,-1.299144985388770435e-01,4.404140673176916154e-01,5.740321073080278946e-01,1.001375542593601758e-01,1.869494437748779603e-01,1.101763873306709079e-01,9.176267238583243890e-02,8.439199612280730289e-02,-1.808574968642166492e-01,-3.837442311952835722e-02,2.862245848397408365e-01,3.687936757856475484e-02,2.743828213035132135e-01,4.727113269853521760e-01,3.217290060050740919e-01,4.278532478587049881e-01,4.490012914352668749e-02,1.843871816098721639e-01,3.622047688002497101e-01,4.374830181535987322e-02,8.008031750293238826e-02,1.204120554848607527e-01,2.148782722477263762e-01,1.416303489697631479e-01,3.317001933416846016e-01,-2.270981058473119374e-01,8.495698929816777878e-02,5.191625356532370006e-02,7.615941559557648510e-01,3.741155451982054458e-01,3.729576710510813520e-01,-1.182547954936595397e-01,3.815007492542504264e-01,-1.572590181757628769e-01,5.285075568954051839e-01,6.848877935756902957e-01,1.297607184281232284e-01,1.922381277734376004e-01,2.381767172282151235e-01,5.443643833781874886e-01,2.552701572975840660e-01,-1.932803753097892818e-01,1.177477309161211877e-01,4.723231795799744392e-01,1.607533893746921627e-01,4.258157523408018785e-01,5.215909881739803078e-01,5.669578293003281200e-01,7.224807317391329642e-01,2.493577809803576850e-01,1.297642505798337897e-01,3.641810083555938049e-01,2.678449860475332067e-01,4.286883494785946325e-01,1.870480718058520342e-01,2.524994881315030804e-01,6.120886243966111584e-01,1.604551514857924521e-01,2.445838261968440452e-01,-9.222055668958246966e-02,-3.308668521388033403e-05,3.321183953155550372e-01,1.817394240805481898e-01,2.688805228484649201e-01,3.803430429041302352e-01,-1.136255420127405824e-01,3.858190893904295260e-01,3.077652954681854847e-01,4.541743905569068374e-01,6.806455748033482522e-02,2.911533222972356172e-01,3.562513937044420320e-01,3.244930875932842684e-01,2.810270373611122863e-01
2.638140865370092736e-01,1.877045435998677125e-01,9.653029521616603159e-02,4.651118701888917184e-01,5.462886330733783824e-01,1.747249819009119021e-01,7.175686498472968466e-01,-2.092997755577211474e-02,2.766583105499176853e-01,3.616378073721974729e-01,2.415537410074589386e-01,2.265286969960719210e-01,5.751768575051877663e-01,-6.064397362451189044e-02,5.412492966538631212e-01,1.985474684504944520e-01,3.393407639983225810e-01,4.015758989481605923e-01,1.431746448596097065e-01,3.363954046945173970e-01,4.514365307679993333e-02,5.570499523922513019e-01,-4.860857250660544082e-03,1.522358423908521941e-01,2.424673168859240169e-01,4.466754389256583635e-01,6.148512239409368307e-01,1.594718815845072302e-01,4.431270914939798300e-01,1.612670206653645522e-01,7.688505859712166032e-03,3.394859154898502429e-01,2.997755142278213936e-01,2.156487552269898689e-01,3.011359664906677058e-01,1.783038396380615953e-01,2.655213511199766008e-01,5.571727464955907871e-01,3.741155451982054458e-01,7.615941559557648510e-01,4.405038183960449660e-02,3.489868496596031378e-01,4.896729862460059146e-01,2.578881324606743242e-01,3.518442880344413992e-01,6.848275532057309656e-01,5.744679147764993749e-02,5.043759934835894132e-01,3.743424372318709392e-01,3.913571535572184512e-01,4.100253575871034006e-01,2.079590762662641146e-01,4.484021186504068557e-01,1.221346822337199267e-01,6.054444679286573594e-01,1.176106052114216788e-01,1.750556248658986791e-01,2.529976093880750287e-01,5.772601353179318551e-01,6.992140739204327771e-01,2.324171367940647270e-01,5.724667810026404791e-01,3.576713594998118806e-01,5.790804510499352187e-01,3.850185916962902688e-01,2.650599166871995260e-01,5.651194355487626497e-01,-4.911145423848924801e-02,7.176359401114620895e-02,3.747689556811801409e-02,1.788161959569025405e-01,3.420946799306940345e-01,3.398764760536371887e-01,2.360028518704637146e-01,4.209803800156384224e-01,-1.253993095725983442e-01,3.826341659815852281e-01,1.281725580238911866e-01,2.832808549091419548e-01,2.017534283261474826e-01,4.873653450689388045e-01,3.422939826291329091e-01,3.891846743594534752e-01,1.576604691746722187e-01
-2.791033210420719723e-01,5.584154799051891521e-02,1.439605542057850185e-01,2.941170355171169454e-02,2.594294579688811719e-01,3.741482898213948083e-01,-1.158729947408495137e-01,9.072176351711606079e-01,9.539006130883331824e-02,6.057825071236572212e-02,4.045723021039490663e-01,5.637339670082226473e-01,6.527923613558851224e-04,4.743520597276041917e-01,-3.769514213760438714e-02,-1.466476993639087047e-02,-6.156752889569210019e-02,-6.593767922736014364e-02,3.906867403431434349e-01,3.581852062486288318e-02,2.207596214196500539e-01,-5.326302485752994198e-02,7.759239731041175370e-01,3.299822212928471554e-01,7.655810100465035295e-02,1.465982161751487878e-01,-1.092031833200842045e-01,3.685782816218678426e-01,-3.307650859724785564e-01,3.976572571432084868e-01,-2.279349197564554085e-03,3.628256755191996974e-01,1.843473185636926026e-01,-1.349193641261446919e-01,1.008133846618326362e-01,2.436717577953075864e-01,8.682691702264409839e-02,2.224704031969790552e-01,3.729576710510815185e-01,4.405038183960449660e-02,7.615941559557648510e-01,8.205365595041565208e-02,1.532112235391382693e-01,3.530616990894998586e-01,4.708363730500794708e-01,1.099617739804422817e-01,5.011943184910793159e-01,8.538887095851746545e-02,-2.207302376141235811e-01,-2.745638623778906551e-02,-4.795143240347668478e-02,2.951591155261767407e-01,4.587804151851651580e-02,2.903480725079944369e-01,-5.655370991672229418e-03,7.945444784487645240e-01,4.703158673049122052e-01,-3.208027338139918250e-02,1.434307091341952278e-01,-1.666312415069587730e-02,3.019772202572723052e-01,-2.929671041958388233e-01,4.303174794369386547e-01,1.168103435217373171e-01,3.201671102336806629e-01,2.489115026584594048e-01,8.362313023883558016e-02,4.439855136378985656e-01,-6.983925897806807226e-02,-2.513962897433036359e-01,-4.306502681779971614e-02,6.616801676818504507e-01,1.925661266416120176e-01,7.280273698266842564e-02,1.945243213493632328e-01,1.972786434181690030e-01,2.193733627736637812e-02,3.131097813032215349e-01,-4.078588463003243042e-02,-2.833437541151169747e-01,9.279949662499087371e-02,5.301819834373072693e-01,3.872356987819417645e-02,1.197041510767650058e-01
2.036983622170105979e-01,2.196394288740828871e-01,6.971990810126638127e-01,2.462013266225840935e-01,8.010772866955422344e-01,-9.637977576169182506e-03,3.555690979168865118e-01,2.017670738426948981e-02,9.548723354288621845e-01,5.627012208991356568e-01,7.587336590944049330e-01,1.768481155058030940e-01,2.965102453845234187e-01,-9.979555401330614250e-02,5.403231583578547159e-01,-3.297207973943667297e-02,4.374269675846454986e-01,2.629205510182571204e-01,6.446123642791291575e-01,5.702687371624234336e-01,2.699991386584237388e-02,4.426242626591477825e-01,-1.323700779352135828e-02,1.189953680726290874e-01,1.273504773457281025e-01,2.105355637679270642e-01,3.937549118932956449e-01,4.688476328865899267e-01,2.249582582778558715e-01,4.878868174617850273e-01,-1.550322310060017750e-01,3.829123292766365982e-01,4.339809597712337430e-01,1.744096206331720578e-01,9.137454451278000100e-02,7.401579793365322679e-01,1.781165588888725393e-01,8.615408833720171744e-01,-1.182547954936595397e-01,3.489868496596031933e-01,8.205365595041565208e-02,7.615941559557648510e-01,3.431984317068837442e-01,8.452322049252989355e-01,5.843570089885810614e-02,1.772868340941665122e-01,1.572979285904746449e-02,4.590743161941389094e-01,-8.090171078150766582e-02,8.816405640372429464e-02,-1.277104057697443958e-02,6.174572728906549957e-01,6.128117141105809962e-01,6.794778123525267721e-02,5.389403294202999017e-01,6.388977466304260333e-02,6.384248503165587674e-02,-1.384214894162421883e-01,1.230750122696833010e-01,5.401824882452809229e-01,4.480798095761716060e-01,2.437896892385492953e-01,3.886405057404851981e-01,3.804191395489758820e-01,2.066618738554265866e-01,4.445743100160211014e-01,5.088638201136413963e-02,-2.478639917339114929e-01,-1.141967520708110639e-01,9.550157192519322102e-02,9.104624716310619204e-02,1.387700693615089576e-01,4.795987226237302670e-01,3.144695132446151398e-01,3.835815756637396823e-01,-1.279452201851499771e-01,6.225766831108268257e-02,-2.500510641165005765e-01,-1.111065463192679181e-01,8.900812889223344571e-02,2.500675024143649283e-01,1.684806514507120601e-01,3.242152837719065595e-01,1.153286640075484870e-01
3.054036733124504410e-01,2.651990037451101290e-01,8.907644934342801024e-02,3.642668581565221553e-01,4.726204925321108585e-01,1.618213908655428135e-01,3.300288050614391122e-01,1.971337920826203571e-01,3.559580820879509333e-01,6.835717450305073273e-01,2.558775845285713446e-01,5.612446873842605877e-01,4.613977827696233436e-01,2.254718501140123149e-02,6.546101645023102433e-01,2.501567504314697876e-01,5.252763756642589987e-01,4.201600934962073652e-01,2.331612708035222525e-01,4.983615940908330821e-01,1.664742617029828509e-01,5.451413647123900530e-01,9.885580164218883692e-02,4.635860723552338580e-01,2.691738018037484470e-01,5.149156846415061661e-01,3.405660472336466960e-01,4.954458807340905713e-01,4.545402159472123893e-01,3.081705636560323480e-01,3.928573697005352527e-02,5.349392360017484194e-01,5.995133945818557075e-01,3.588864665395592457e-01,2.815952202386092229e-01,9.947536756958237636e-02,1.922628063268986276e-01,3.881400353419258709e-01,3.815007492542503709e-01,4.896729862460057481e-01,1.532112235391382693e-01,3.431984317068837442e-01,7.615941559557648510e-01,2.825915951589764163e-01,5.903251075371992451e-01,5.151011282624216037e-01,9.661281903318473530e-02,5.887282457308129491e-01,2.405333009556685497e-01,5.072408430983138539e-01,4.729563289640839607e-01,2.269263600561514937e-01,5.382581402941659654e-01,2.639816319597168559e-01,5.575749717421398799e-01,1.140517022634617572e-01,5.062500345777132260e-01,4.276631690110991313e-01,5.562119711583531911e-01,3.105094687838541034e-01,5.740551509663150975e-01,3.779107058533461294e-01,5.095336170226453243e-01,7.219772654574646564e-01,5.268965393865193692e-01,5.455093298932200963e-01,5.166195342604512630e-01,2.668624581539871463e-02,2.179444903875473460e-01,1.774620126388123664e-01,2.922179169081362549e-01,3.706554714515656879e-01,2.939483126048066941e-01,5.432107341070098183e-01,4.443557383430666308e-01,-8.067009609107539392e-02,4.740464634251357889e-01,1.187870566972603903e-01,3.475867982559230907e-01,2.095445322332952498e-01,5.135900747882244932e-01,4.315395646129147611e-01,4.120071404066544263e-01,4.505348250792632903e-01
8.897293163224531676e-02,1.399609557862739329e-01,7.681328465695095309e-01,8.588383150987799475e-02,7.297504163156685042e-01,-4.576228149872269002e-02,2.954221914507583757e-01,2.651943816768468909e-01,8.418394352165632366e-01,5.018098913421296103e-01,9.533258273424296547e-01,1.827689168838649292e-01,1.513780050747491612e-01,1.693147506860627760e-01,4.059347815145599170e-01,2.072977217737619407e-02,3.909229082517328147e-01,2.661249941576283584e-01,8.687458142145506601e-01,4.523111205723464590e-01,-2.609030611867367566e-02,2.944425499998702955e-01,1.364973922643411275e-01,-1.309594491506404709e-02,2.896687348225956277e-02,1.243376069330368455e-01,2.912776338967192347e-01,5.134018659608630131e-01,5.061695027328239060e-02,4.886951700290343981e-01,-2.305855693840108134e-01,5.042291457804930488e-01,3.728427027355779577e-01,6.161166970246595431e-02,2.472751408872493617e-02,8.316223548444957592e-01,1.441616302624914581e-01,8.313451587041231772e-01,-1.572590181757628214e-01,2.578881324606743242e-01,3.530616990894998586e-01,8.452322049252989355e-01,2.825915951589764163e-01,7.615941559557648510e-01,3.651660164030207101e-02,8.166808847017227591e-02,3.213717013353551977e-01,3.347069802354095125e-01,-9.120561428403396731e-02,9.597999308163777943e-02,7.973051304963442443e-02,8.624152915051223056e-01,4.844039223875182820e-01,2.021350014854996283e-02,3.944257444291349723e-01,2.048076161869154255e-01,1.459909175371487504e-02,-2.461741191419062891e-01,4.839376522397939411e-03,3.822917452943658811e-01,4.825938064193642241e-01,6.710538963581277883e-02,3.577298955911800138e-01,2.113744909605513311e-01,3.635684846386944558e-01,3.790099222013978419e-01,-5.051778577299794598e-02,-9.614250408770450007e-02,-2.095006360987568261e-01,-8.342676868177349714e-02,-2.528611322962441565e-02,3.553160912643764657e-01,4.311058240517893214e-01,1.849113129774018760e-01,3.489368867521537854e-01,-1.543411841492841295e-02,-1.033872247970924751e-01,-1.344641928034497336e-01,-1.503443491959904621e-01,-1.256453752206874441e-01,1.308505133429161693e-01,2.148302138311867782e-01,1.954425289769500251e-01,-4.470118978041061689e-03
-5.682411966861714014e-02,5.844517016818760735e-02,-1.385433043447397983e-01,9.805004807177268578e-02,2.238051332131668347e-01,3.355875505218154364e-01,-3.028781232908850027e-02,4.853517610170705043e-01,5.020409762702980616e-02,3.626801852324521014e-01,5.407506733318227787e-02,8.591070694516939055e-01,4.644508007262783678e-01,1.614590267337046858e-01,4.271272340074761531e-01,-4.095166544204987408e-02,2.193788658014552695e-01,7.586285322609814807e-02,1.419655577375898425e-01,3.315380886553713768e-01,7.906833145579779398e-02,2.886695566006987623e-01,4.773374808336237063e-01,7.485906125576143877e-01,2.598505788946088857e-01,5.032546183778040527e-01,1.545228164781009272e-01,3.386413948481994951e-01,1.240455989277057802e-01,4.578285658317844398e-01,1.271282311596527714e-01,4.048275216898681306e-01,2.278173716522366166e-01,-8.377826040162629495e-02,5.398823468131431352e-02,-1.582054979369623138e-01,5.342592849265943855e-02,1.345056086518852390e-01,5.285075568954051839e-01,3.518442880344412882e-01,4.708363730500793598e-01,5.843570089885812002e-02,5.903251075371992451e-01,3.651660164030208489e-02,7.615941559557648510e-01,4.679424923330572361e-01,1.348637500698927627e-01,3.424000408134348916e-01,-1.098215829277512240e-01,2.823215851276371646e-01,1.157375897692431155e-01,5.974176036576851062e-02,4.245650880195542820e-01,1.055893999752064161e-01,3.909918042527236182e-01,4.972992909562775066e-01,6.864722146911163003e-01,2.423955068662397294e-01,5.540942085644767756e-01,2.377452093390750865e-01,3.701477687779901049e-01,-4.457161684603420243e-03,7.566576348913703898e-01,4.083600098294578040e-01,3.632858736814557621e-01,2.139599243256069538e-01,4.452594811377949546e-01,2.065784882703179948e-01,1.699103341772867926e-01,5.344721723589202639e-02,2.726553814038244483e-01,4.062170350952598041e-01,2.947571474398719138e-01,4.410560154294622115e-01,4.077799291891803790e-01,-4.402226920201074423e-02,4.717186406604899629e-01,2.106030771947406399e-01,1.751973473139050441e-01,-2.670954306881811319e-02,3.600991936657962911e-01,5.033776125584845662e-01,3.070554350309735447e-01,3.691630655241038839e-01
5.824762425141585265e-01,3.179457107229918256e-01,-5.846066800150021003e-02,3.487151081157769394e-01,3.919679769934354407e-01,2.264172230064973590e-01,4.583394562543302575e-01,7.330555035041941281e-02,1.390325563223548944e-01,3.899307328581627652e-01,1.005903032411361447e-01,3.652251488389759437e-01,7.721130009874954681e-01,-1.601592644842022017e-01,4.182339920115445420e-01,1.757023381486257640e-01,2.581525875964635897e-01,3.698400115011398204e-01,2.675779834185242068e-02,1.357769458432398491e-01,3.177839155925593073e-01,2.980282161304764199e-01,1.173257386110860244e-02,4.582340338921849221e-01,3.609390812243578051e-01,5.319964347780946623e-01,2.834215393561272389e-01,4.142114044247700577e-01,6.584669304307785298e-01,1.288613809033160029e-01,4.828977639145856648e-02,3.226846944792112759e-01,3.945954173150424404e-01,5.086131169029695087e-01,4.850905613381994441e-01,-1.842767140449030894e-02,1.119371612020311491e-01,3.286063770848912657e-01,6.848877935756902957e-01,6.848275532057311876e-01,1.099617739804422262e-01,1.772868340941665122e-01,5.151011282624216037e-01,8.166808847017233142e-02,4.679424923330571806e-01,7.615941559557648510e-01,-5.096097839769166138e-02,3.676740429844227442e-01,4.992458843244179101e-01,5.304114459781165136e-01,4.986359566523438924e-01,4.381273544011909937e-02,2.376541071507429215e-01,4.498339025891458509e-01,4.041885152786995339e-01,1.237986380206667070e-01,5.160952067487555306e-01,6.126886988379353083e-01,8.025217937898874165e-01,3.937656160818246986e-01,4.736457259240463014e-01,6.757647038488776570e-01,2.456804914371048532e-01,6.173156649224178505e-01,3.728085257524676455e-01,4.382234765326972203e-01,7.702233793093148373e-01,8.016804772003513491e-02,2.683602433446141688e-01,1.605078327113074466e-01,2.109222208031759083e-01,1.942526891389945998e-01,2.603740490519106388e-01,3.728510392129283924e-01,4.488668911615705248e-01,-2.054614134619416332e-01,5.707064464656791403e-01,2.874401983785801473e-01,5.596311246666973993e-01,3.659304842767891475e-01,5.467682971142220349e-01,3.107962085237241934e-01,3.985615709848076560e-01,4.229973415296865991e-01
-2.980792314192997616e-01,3.707653110966939447e-02,1.834656680283617003e-01,2.795426784742357507e-01,2.598096246958190303e-01,1.777323307970793687e-01,6.944868403091337961e-02,3.867327145608155381e-01,4.003238253833014959e-02,-4.138308623979700118e-02,3.555038833872483095e-01,2.668496661522885560e-01,-9.188979535841464152e-02,7.986579714047208345e-01,3.152793934815700805e-01,6.920272026720286629e-02,1.766990029942520218e-02,9.849123996078987513e-04,4.177326337762845010e-01,2.392329490169363415e-01,-1.321921483183401136e-01,2.082297619654385201e-01,3.252131996632623423e-01,-1.206549675535537394e-02,-1.220740442877268558e-02,2.070924461800279504e-01,2.610315596910527947e-01,1.541291067997945519e-01,-2.549664172345086910e-01,5.973758340655609123e-02,9.743198069623702773e-02,2.938692669481955955e-01,1.328153771023026786e-01,-2.110413488310914354e-01,7.304806579895688212e-02,2.242246570315850618e-01,3.155672113439043081e-01,2.634557512948433877e-01,1.297607184281232562e-01,5.744679147765002075e-02,5.011943184910793159e-01,1.572979285904753388e-02,9.661281903318469366e-02,3.213717013353551422e-01,1.348637500698927627e-01,-5.096097839769165444e-02,7.615941559557648510e-01,2.951479675440336070e-01,-2.510880154608653367e-02,8.390923943354233749e-02,3.738515115821011703e-02,3.932538099456405201e-01,2.732496430059055958e-01,-9.119966056462928961e-02,2.042150433263514586e-01,3.832827469317686142e-01,7.377875712713451162e-02,-8.287065007643616699e-02,2.673548102932785664e-01,3.675235313167892204e-01,1.719187673144914608e-01,-1.292194176878315448e-01,2.794786432226794015e-01,-1.104667678968542094e-01,2.810829891847976270e-01,2.977471917609588181e-01,7.437378041264514072e-02,1.122529220229249308e-01,-3.486584863837589865e-02,-2.444976241045421772e-01,-1.706500808652148538e-01,6.062166584705165340e-01,2.061587795559608471e-01,-4.850033951396146015e-02,1.665454977847770079e-01,1.046220255030479440e-01,-5.444889379712881256e-02,1.756148452321090181e-01,-2.564138773196318610e-02,-1.476975266481917182e-01,-3.872985676879159289e-02,3.992542318591518202e-01,1.352852974605563974e-01,-1.193042805917175903e-01
1.890298030366457938e-01,3.932823478528684746e-01,3.051784372582321270e-01,5.441528280277321272e-01,5.272079069937536389e-01,8.161089816375469153e-02,4.426156107930513395e-01,5.563476708076862953e-02,4.387142386790362503e-01,3.781376576038614212e-01,3.023064435763452296e-01,2.622991016802663777e-01,3.437023249119641743e-01,2.552392202163518697e-01,8.642443778835767754e-01,9.622941052075850710e-02,3.260608720715875153e-01,2.790718255335254971e-01,3.305608722893739193e-01,5.462914721587912581e-01,1.791254361515794424e-01,6.782858735796961636e-01,5.608467100280352391e-02,2.844870138347586619e-01,3.587160879872199754e-02,4.218737312199218326e-01,4.941871126243608248e-01,4.180419674479599057e-01,3.479615389436682693e-01,2.696149383025685520e-01,1.458100888938397566e-01,6.252294115596555013e-01,5.964473420152959227e-01,1.608747442551487494e-01,5.392919529084627683e-01,2.641535333511485506e-01,3.268631022990393653e-01,4.858309513556504644e-01,1.922381277734376004e-01,5.043759934835895242e-01,8.538887095851747933e-02,4.590743161941389094e-01,5.887282457308129491e-01,3.347069802354095125e-01,3.424000408134349471e-01,3.676740429844228553e-01,2.951479675440336070e-01,7.615941559557648510e-01,1.102695242652487473e-01,2.571327195618830497e-01,2.147789116364959283e-01,2.682260426643783280e-01,5.330657846730263438e-01,4.023670222247399675e-01,5.963043267582396334e-01,2.011142247140495776e-01,3.880756024932929260e-01,1.351990605042135418e-01,4.917077935496824703e-01,4.591449565636755992e-01,4.027029949312302404e-01,2.497626252914924572e-01,2.472413884809178120e-01,3.975649916167517395e-01,5.219632015764140709e-01,6.151530890264326201e-01,4.708919969759169932e-01,1.165013707270422388e-01,-9.658237134502634796e-03,2.377724408699327663e-02,-1.329935145636065019e-01,3.366343630323020975e-01,2.436127301517485577e-01,1.829592808145301397e-01,4.188718082359105255e-01,-2.526432006728683843e-01,5.160562691188036455e-01,1.889571396070830467e-01,1.158989455843070504e-01,1.764509488510910828e-01,3.495970436061669462e-01,3.251383283641139932e-01,3.968758294467146786e-01,9.253870454220093633e-02
5.847234156990442910e-01,2.791982520848591554e-01,-7.257604105275765327e-02,2.257779777135758836e-01,9.722547124424289755e-02,-2.023963772858819454e-02,4.409215540004789990e-01,-2.028266746708181911e-01,-5.640407473426367613e-02,2.270106193395221017e-01,-8.380042761311612409e-02,-1.802987326179085470e-01,2.502482337173291826e-01,-1.209034405216190822e-01,1.031318373666718496e-01,4.601687034873517823e-01,1.596927454465673080e-01,5.376371611082981783e-01,-2.144441949296231054e-01,-3.197082958174424783e-01,2.061408193843349002e-01,9.403393955951913630e-02,-2.393919007840621394e-01,2.962129362999600321e-02,1.365560223072514179e-01,2.605086760268514046e-01,1.130773487842122726e-01,8.211320996309576237e-02,3.666295041591162707e-01,-1.848740328270790101e-01,-4.481122912451096507e-02,9.148758285945729485e-02,2.583221277247514935e-01,6.567988919256367852e-01,5.410727746916210723e-01,-8.249722876014523032e-02,9.249293681968646930e-02,5.188921152048484031e-02,2.381767172282151235e-01,3.743424372318709392e-01,-2.207302376141235534e-01,-8.090171078150767969e-02,2.405333009556685497e-01,-9.120561428403402282e-02,-1.098215829277512101e-01,4.992458843244179656e-01,-2.510880154608656142e-02,1.102695242652487473e-01,7.615941559557648510e-01,3.222744416227689146e-01,7.756908659825406671e-01,-1.298609562186816835e-01,-3.393509636663337714e-01,3.185328400987939568e-01,1.047488584226066027e-01,-1.652236630658839300e-01,1.259351542945965907e-01,6.603375232686260476e-01,4.947114115106593379e-01,-5.084616945819811495e-02,1.707144927330938033e-01,5.782247738108988733e-01,-2.055362155271957258e-01,2.466861696359987643e-01,1.528047658684717758e-01,1.406599914538870510e-01,4.181619863577477059e-01,-1.887095983127757767e-02,2.123479728741990702e-01,2.005918859169788793e-01,-1.403317233075092596e-01,8.137966896565591857e-02,3.343972711969877415e-02,-3.307103321922570671e-02,2.637186205232009417e-01,-4.171409926181893213e-02,2.802637288275457439e-01,2.489282757969066007e-01,5.240771193089813762e-01,3.940879777776291615e-01,2.666481050135757203e-01,9.909838224806812035e-02,1.088355592518056858e-01,1.677810171169320241e-01
1.609973751013357157e-01,-1.418143774379611033e-01,-6.090962006935819739e-02,1.820490156131209514e-01,2.552728355997333498e-01,1.716165324669189640e-01,3.366179872570961851e-01,-1.529414867213748919e-01,1.757374493283833106e-01,3.837270903021907098e-01,7.177159963253823549e-02,2.136978570713432002e-01,3.840087664437437098e-01,-3.824704274076623500e-02,3.625766673024483633e-01,2.499300726515901183e-01,5.003507804164115669e-01,3.934368299572333361e-01,1.020598292000377827e-01,2.144565587513292682e-01,2.472809825782306195e-02,1.839351794910796811e-01,-2.690494244776731603e-01,5.410989198617822266e-02,1.372563761597751786e-01,3.575975264307568180e-01,1.052706047898987751e-01,2.187183639274843383e-01,3.973997057376837949e-01,1.367819555378552848e-02,1.704196356908651289e-01,2.224234291097972882e-01,2.827808060428030901e-01,1.127660457671148669e-01,2.394732812375269596e-02,-8.791592891004179622e-02,7.375779936802343006e-02,1.987067448409154946e-01,5.443643833781874886e-01,3.913571535572183957e-01,-2.745638623778909326e-02,8.816405640372432240e-02,5.072408430983138539e-01,9.597999308163783494e-02,2.823215851276370536e-01,5.304114459781165136e-01,8.390923943354233749e-02,2.571327195618830497e-01,3.222744416227688591e-01,7.615941559557648510e-01,5.868134885529008304e-01,1.028331744521261276e-01,3.067558056214612083e-01,1.003214519941866972e-01,2.495380183025185938e-01,-1.538124372626231973e-01,1.386539097367054107e-01,4.738798581829810619e-01,4.316003332407526427e-01,1.668093193972275401e-01,2.428071682873685078e-01,3.055226930273650665e-01,3.288694076851805814e-01,4.083825985848212325e-01,3.511861397668051277e-01,3.043511952909459528e-01,5.194309141179725975e-01,-1.172714039626448906e-01,1.915803572791660858e-01,-4.581508152735248168e-02,8.733735074818191335e-02,2.539742553707226569e-01,1.013846193230023007e-01,1.788165467043312251e-01,2.892623307588142456e-01,-5.338818680157831481e-03,3.807051907254037082e-01,6.196198300735055592e-02,4.001506944155678869e-01,1.023200885646355640e-01,1.935793766602042221e-01,2.828952530311618085e-01,1.769646080365791518e-01,1.939868885193774539e-01
5.050141984852469790e-01,2.693894872634937099e-01,-1.583357449744239864e-01,1.730705847043179646e-01,1.959764964512565322e-01,-9.459509339003385753e-02,5.433754606196478099e-01,-6.485040788349324958e-02,2.054186353605378431e-03,4.068854003129945274e-01,3.196896307410938137e-02,1.754984474917832202e-02,2.319035668657637717e-01,-2.247638793541266097e-02,1.454415145674705645e-01,4.098059383971276448e-01,2.546799045897072955e-01,6.505800757417953273e-01,-7.590352463078589573e-02,-1.726209456006089493e-01,2.644716999357474840e-01,1.104937260469377319e-01,-2.404415629194344151e-01,1.416755637753595309e-01,1.121665079150536148e-01,2.851057725925632558e-01,4.403471823324241891e-02,1.809804152275937827e-01,3.930106968036332638e-01,-1.680109582058414153e-01,1.245787523350365238e-02,1.456542473137532878e-01,3.703075647780716406e-01,5.779161485008722510e-01,4.702322645033886195e-01,-9.997888124989044722e-02,-2.046127504605298533e-02,1.654275664342283458e-01,2.552701572975840660e-01,4.100253575871034006e-01,-4.795143240347668478e-02,-1.277104057697445345e-02,4.729563289640839607e-01,7.973051304963438279e-02,1.157375897692431155e-01,4.986359566523438924e-01,3.738515115821008233e-02,2.147789116364959283e-01,7.756908659825406671e-01,5.868134885529008304e-01,7.615941559557648510e-01,-1.190269420441695744e-02,-1.602107279999835376e-01,3.226244760214798668e-01,1.301351185703692737e-01,-1.599169422798916163e-01,3.524496125327740703e-01,5.105711970268855815e-01,4.435648899353992758e-01,-2.478758887471174330e-02,2.789367877288272402e-01,4.706041996994551058e-01,-1.329043892472047961e-01,3.326992221531899774e-01,3.033880303341900952e-01,2.865401181423272159e-01,5.151882567278869285e-01,1.032867371296055103e-01,2.558421634056881611e-01,1.083940371770029387e-01,3.388847070616196611e-02,2.643692816272686930e-01,-2.411807137849803981e-02,7.676399177763798543e-02,1.951209910562025363e-01,1.344407072038099893e-01,3.567046310957513455e-01,2.807173393768130909e-01,5.857197796059467887e-01,2.378545975342462870e-01,3.322454667468164868e-01,3.255384389735258011e-01,1.033640206965013297e-01,2.664874229623122037e-01
-8.098264377946312598e-02,-8.544406496296448605e-02,6.866658402132698180e-01,1.333305792009808477e-01,4.775044919865360504e-01,3.126350027869518461e-02,2.269791434830307764e-01,2.884181758513584271e-01,6.510676853393975172e-01,3.567253759360943799e-01,8.293543594389709561e-01,2.224832903297538633e-01,8.337183184577090511e-02,2.519446112076269007e-01,3.705454628505068793e-01,2.354293386380003350e-02,3.389956509043626220e-01,1.582541703518713927e-01,9.657036300332212386e-01,4.653377894163670536e-01,-1.638688807848629470e-01,2.909359817808190307e-01,1.264103901932579488e-01,-9.072454814643342302e-02,3.288520007455286026e-02,1.449900092443914823e-01,2.863001433069627955e-01,3.561011313280978419e-01,-1.136323494986726801e-01,4.081314491236973097e-01,6.349821107241799059e-03,4.955838554925549588e-01,2.958782067271386595e-01,-7.562498864252172048e-02,-8.365051815245234945e-02,7.789041615787948292e-01,1.190840082929496280e-01,5.858296877470220432e-01,-1.932803753097893096e-01,2.079590762662640591e-01,2.951591155261766852e-01,6.174572728906552177e-01,2.269263600561514937e-01,8.624152915051224166e-01,5.974176036576852450e-02,4.381273544011909937e-02,3.932538099456405756e-01,2.682260426643783280e-01,-1.298609562186816835e-01,1.028331744521261831e-01,-1.190269420441691581e-02,7.615941559557648510e-01,4.684229112927738581e-01,-1.381504304931323035e-01,3.699268511570019125e-01,1.369048773925945761e-01,-1.061071325889319517e-01,-2.678914082886687531e-01,-7.222979447133290321e-02,2.869825778536728156e-01,3.544842335939268341e-01,-2.581243158661382722e-02,3.652296480281498892e-01,1.744538795291667999e-01,4.551997176983153537e-01,2.275336596574124293e-01,5.521526060645032263e-02,3.050087563289326578e-02,-1.437008428701793128e-01,-1.448388989324466691e-01,1.480281619535633864e-02,3.692035623480657835e-01,3.153832722233272379e-01,1.804717091395257045e-01,2.492750206939721991e-01,1.421620481862190602e-02,3.410749998053966281e-02,1.685228212013431537e-02,-8.813700885626278569e-02,-2.041248762431766561e-01,6.182475971994194630e-02,1.506938092229937465e-01,8.541521550633630888e-02,-5.752153947819407809e-02
-1.564988105005830910e-02,-1.213849544942217223e-01,5.367550871300502680e-01,3.315987053079193503e-01,5.250746870315360360e-01,1.916020563317442083e-01,2.979484281543375301e-01,1.303185592363803082e-02,6.582912437414375484e-01,4.004507541058034970e-01,4.430803094173406120e-01,4.595292675002468630e-01,3.688592851660089100e-01,2.213940008473910537e-01,5.939294727528052764e-01,-3.063610778314818650e-01,4.231768926825870136e-01,-3.009256858190372322e-02,4.873528019088577135e-01,8.811441081495060557e-01,-3.204159669377152908e-01,6.336750298113297264e-01,1.919682158433000038e-02,2.561815255332913210e-01,-5.140905147827729005e-02,2.227897787243141581e-01,4.243829489530454580e-01,3.415691204447077745e-01,9.082181700977116912e-02,5.169359815106288059e-01,2.294290311422990392e-01,5.600930038122681198e-01,2.793356052861710181e-01,-1.359193748869146068e-01,-1.031344778437053161e-01,5.059263167895506896e-01,2.163552814011108494e-01,5.197472014589182843e-01,1.177477309161211877e-01,4.484021186504069112e-01,4.587804151851652273e-02,6.128117141105811072e-01,5.382581402941659654e-01,4.844039223875183930e-01,4.245650880195542820e-01,2.376541071507428937e-01,2.732496430059055958e-01,5.330657846730263438e-01,-3.393509636663337714e-01,3.067558056214612083e-01,-1.602107279999834821e-01,4.684229112927738581e-01,7.615941559557648510e-01,-2.011464592149428687e-01,7.778692650881902093e-01,9.373325601688456410e-02,8.356587463430552309e-02,-1.558672205944764688e-01,1.614708399866982003e-01,4.968554809825843077e-01,3.545629020274609355e-01,6.146753977728386387e-02,5.769090521185199494e-01,3.780933255607620835e-01,3.917144449003376327e-01,4.231481653836865475e-01,2.819045416918075642e-01,-2.556228180279110362e-01,-1.783181334914605287e-01,-1.146373788098685870e-01,-3.828615493682650806e-02,2.551239138315415378e-01,4.711201258331784159e-01,2.801331730841571388e-01,2.351207922733578592e-01,-9.737484352285129263e-02,3.222639304918045178e-01,-2.797143674813143410e-01,-2.184924166004522383e-01,-3.189728697661391860e-02,1.898125414704701919e-01,2.244416811260177280e-01,4.188188654650101816e-01,-5.911504613384734041e-02
4.519511076761223989e-01,5.758485040466988503e-01,-1.676409174924149009e-02,1.758228466372082910e-01,2.365737603427104374e-01,2.921780810108052240e-01,2.079581210548034909e-01,4.069010729869526610e-01,1.000704329929083189e-02,2.263244820411100811e-01,4.638582491139314756e-02,1.555322066686647964e-01,3.782735049292386686e-01,2.924392428415983208e-02,2.680538963333627400e-01,3.998826990823128313e-01,5.305674031455623330e-02,4.384530428272798708e-01,-1.140062135412014122e-01,-2.235146005120028645e-01,8.523544401202494125e-01,1.150971431242198417e-01,3.020207803770716959e-01,5.032294950912198361e-01,4.226358451657866167e-01,4.205913916578846723e-01,-5.212495995391804027e-02,4.647848198582136825e-01,4.272571177505855022e-01,3.558475802395485305e-02,-1.914867653197855901e-01,3.374230924575125079e-01,5.889309632275208095e-01,5.233959256122754367e-01,7.812908179769700867e-01,2.727731546771698309e-02,2.908219116198801010e-02,1.292299287239426497e-01,4.723231795799744392e-01,1.221346822337199267e-01,2.903480725079944369e-01,6.794778123525273272e-02,2.639816319597169114e-01,2.021350014854994895e-02,1.055893999752064161e-01,4.498339025891456844e-01,-9.119966056462933124e-02,4.023670222247400230e-01,3.185328400987940123e-01,1.003214519941867250e-01,3.226244760214799223e-01,-1.381504304931322757e-01,-2.011464592149428965e-01,7.615941559557648510e-01,4.009931036735608217e-02,2.970765592973264035e-01,6.648253919344565555e-01,5.341303208144977388e-01,4.816846023629860474e-01,-5.181246092106973206e-02,4.466131359057989858e-01,3.979632970397250502e-01,-2.759361988360029688e-02,3.078447912783703888e-01,3.630979197158581417e-01,4.906208013413084212e-01,3.333504834007804396e-01,2.712123124661185991e-01,3.318798369384542424e-01,2.044980039653759296e-01,5.223636117623408487e-02,3.389133300660281956e-01,-2.626889660773693014e-02,2.372117213518028234e-01,2.643063599510995232e-01,-1.601651991004835740e-01,3.476752049572339187e-01,3.097654955114435560e-01,4.150709248052784073e-01,2.719535082083064381e-01,3.294326257068300179e-01,4.078557358618836726e-01,4.409821717642613270e-02,4.465075981990884180e-01
1.277816718359697790e-01,8.792234287551847771e-02,4.588914551535856479e-01,3.378073007947847706e-01,4.655926565673433881e-01,1.056661705014157321e-01,3.873637341513108678e-01,-2.478506647841942703e-02,5.703911429783382614e-01,4.698806461504453913e-01,3.677693590270403878e-01,3.473641424681566670e-01,3.845329011138897135e-01,1.576092638963800807e-01,6.505726788545445061e-01,-7.781063313556459138e-02,3.388795308877270984e-01,1.235201053255973458e-01,3.722287098931841287e-01,7.148873060961623560e-01,-1.377264863643779258e-01,8.072910477491975767e-01,4.581741654488634581e-03,2.759774405455731050e-01,1.429451727934350456e-02,3.180716489173788797e-01,5.125285163917436826e-01,3.655092632498225247e-01,2.802367372788524547e-01,4.645689708607834145e-01,9.303463568821464247e-02,5.676030458455124661e-01,3.921453243021186252e-01,1.306563223148638209e-01,2.066863787295435129e-01,4.297986538429848236e-01,2.441544287671037206e-01,4.970816782859744376e-01,1.607533893746921350e-01,6.054444679286573594e-01,-5.655370991672243296e-03,5.389403294202999017e-01,5.575749717421399909e-01,3.944257444291349168e-01,3.909918042527236737e-01,4.041885152786995339e-01,2.042150433263514586e-01,5.963043267582396334e-01,1.047488584226066721e-01,2.495380183025185383e-01,1.301351185703693014e-01,3.699268511570019125e-01,7.778692650881902093e-01,4.009931036735608911e-02,7.615941559557648510e-01,1.241039832379970814e-01,1.576617529624202707e-01,6.189525617918710532e-02,4.181678940383893872e-01,5.393748620263661975e-01,4.030618423875368950e-01,3.391524040264366491e-01,4.517372660480202806e-01,4.457430932720408134e-01,4.431437425190871138e-01,4.362388217580930316e-01,4.550159311500935888e-01,-1.942997376110145447e-01,-5.326318278695804653e-02,1.206991510333682571e-02,-1.891858313557111607e-02,2.671034841963612627e-01,5.144763469063342587e-01,2.880279997070731013e-01,4.068014097129505902e-01,-4.234673561890833771e-02,4.126119682067757033e-01,-1.612713736053992819e-01,7.496342614210013819e-04,1.661278387624594843e-01,3.745368702277249717e-01,2.523093503469834853e-01,4.606569186381360703e-01,1.841052874763869987e-02
-2.559524119183728685e-01,1.912829371655570820e-01,1.167495907237821873e-01,1.465582384505114966e-01,2.433425511779557515e-01,3.416122500430895936e-01,-1.128301947498047825e-01,7.480733168573263647e-01,6.521040470056881089e-02,2.091383751789855500e-02,2.605133191434026996e-01,5.589378700313450965e-01,8.764823077154187958e-02,3.615673961693446903e-01,9.260596285825162255e-02,-6.911983013972854140e-02,-1.882691492759997198e-01,-1.903289347451168068e-01,2.010962461770799681e-01,5.841269706648141019e-02,1.321000181132068463e-01,7.980013917233519383e-02,8.797100871665725075e-01,3.707346436724380245e-01,1.948116583635795540e-01,1.702777351806568917e-01,1.062095964431827438e-01,2.667099509701160720e-01,-1.963398621828290613e-01,3.147063463270450834e-01,-6.339750914524719394e-02,3.133040075141096392e-01,1.817201775968309285e-01,-6.543143374694715408e-02,1.783081584778390127e-01,1.751457581423545296e-01,9.878889092620567192e-02,1.453088812514435890e-01,4.258157523408019340e-01,1.176106052114216233e-01,7.945444784487645240e-01,6.388977466304260333e-02,1.140517022634617433e-01,2.048076161869153422e-01,4.972992909562772845e-01,1.237986380206667347e-01,3.832827469317685587e-01,2.011142247140494943e-01,-1.652236630658839023e-01,-1.538124372626231973e-01,-1.599169422798916440e-01,1.369048773925945206e-01,9.373325601688455022e-02,2.970765592973264035e-01,1.241039832379970953e-01,7.615941559557648510e-01,4.195558441078249823e-01,4.627498938590417915e-02,2.728539879041075866e-01,1.748199926237742341e-01,2.294459973056022506e-01,-1.536774775852377539e-01,3.487571916718217313e-01,1.774510689316499412e-01,2.264676321049791663e-01,1.944127282518276767e-01,2.303412689356418019e-01,3.644341278725581335e-01,-2.269180211873447154e-03,-1.163810542502143885e-01,-4.404662187885498292e-02,3.779735611683056051e-01,2.469663480990269000e-01,1.241091471080914138e-01,2.073277452499647788e-01,1.249632940755154853e-02,2.036849438258257206e-01,3.085707779853055222e-01,5.027217472378050361e-03,-1.604852780625351527e-01,1.949281821368091250e-01,2.586328543235104638e-01,1.922694121026977954e-01,9.868861585782774670e-02
2.998310978357416334e-01,4.883982781200170153e-01,-1.722087574669393661e-01,2.478547715061544532e-01,1.652360508185795607e-01,2.352558473522662896e-01,5.343851252028807008e-02,4.759243361274895223e-01,-4.113456506404197799e-02,3.650702093551657645e-01,1.291785190408080951e-02,6.625573369999725459e-01,4.966032232822006343e-01,5.392315786476948453e-02,3.630882525727350263e-01,1.170636300310848726e-01,6.671646462136954225e-02,2.091249588823146655e-01,-3.237813586738768484e-02,5.201176367997979028e-02,5.693550506876081663e-01,1.390880257643690165e-01,3.981676087783863061e-01,8.890760538152365777e-01,3.398527671905505754e-01,4.735675078770488766e-01,-5.300395394955931261e-02,5.887955745161920218e-01,3.201054957385618405e-01,2.562998091802776712e-01,1.281725874704716661e-01,4.307665852939348006e-01,5.310320560332130180e-01,3.365272328478813857e-01,5.680133619481039231e-01,-1.316785348571876679e-01,9.589954068085378147e-02,1.101156850537058224e-01,5.215909881739801968e-01,1.750556248658987069e-01,4.703158673049122607e-01,6.384248503165587674e-02,5.062500345777133370e-01,1.459909175371487504e-02,6.864722146911163003e-01,5.160952067487555306e-01,7.377875712713449774e-02,3.880756024932928150e-01,1.259351542945965630e-01,1.386539097367054107e-01,3.524496125327740148e-01,-1.061071325889319517e-01,8.356587463430549534e-02,6.648253919344564444e-01,1.576617529624202430e-01,4.195558441078249268e-01,7.615941559557648510e-01,4.051840428739844624e-01,5.614552727802644139e-01,3.035900725146254038e-03,6.033702875085451556e-01,2.028353856961293278e-01,3.467364621198940622e-01,3.081977105404861139e-01,4.259508558565432423e-01,4.668560248604448626e-01,4.799627269184436051e-01,4.300572363147105448e-01,3.777199419958588988e-01,1.888276360904785622e-01,2.602489473891320126e-01,4.618422139119041647e-01,1.392200804513979151e-01,3.754094496853740970e-01,3.732841003971894556e-01,-6.481773371615476287e-02,5.097404555710022267e-01,3.616636126503087745e-01,3.243383509048388680e-01,1.291312319798638142e-01,3.125960311241218759e-01,4.664961252429681293e-01,1.969478425885549111e-01,4.424304967338087424e-01
3.965044611700739852e-01,3.215649371651289057e-01,-2.198637936810808047e-01,3.256308709295474002e-01,-4.157685501644692999e-02,2.717845783622843125e-01,1.539118748976549267e-01,2.589608233037527657e-02,-1.365014565670484570e-01,3.156058849366299990e-01,-2.687781455506806361e-01,1.917095976329673546e-01,4.033323046103385323e-01,-6.141127321553414148e-02,1.711172275102821050e-01,4.270451614648715921e-01,2.160188485114450385e-01,4.055511633832370455e-01,-3.404887207580516995e-01,-2.318574825793337790e-01,4.546664776042780298e-01,2.557408656956509235e-02,6.614051216799299131e-03,4.241491801806088202e-01,5.019493100879383052e-01,4.417290468362554678e-01,1.778389929010361012e-02,1.673569294446326239e-01,5.227058425093946692e-01,-1.787152429767108752e-01,-1.086693685961923755e-01,9.091506047816344527e-02,3.749406278595941444e-01,5.547364495935973583e-01,6.063632014347711818e-01,-1.892192707080915526e-01,1.224102271853765578e-01,-1.166467084525970310e-01,5.669578293003281200e-01,2.529976093880750287e-01,-3.208027338139917556e-02,-1.384214894162421605e-01,4.276631690110991313e-01,-2.461741191419061781e-01,2.423955068662397294e-01,6.126886988379353083e-01,-8.287065007643615311e-02,1.351990605042135696e-01,6.603375232686259366e-01,4.738798581829810619e-01,5.105711970268855815e-01,-2.678914082886687531e-01,-1.558672205944764688e-01,5.341303208144977388e-01,6.189525617918707756e-02,4.627498938590420691e-02,4.051840428739844624e-01,7.615941559557648510e-01,6.137659763109423183e-01,-3.844610085582389480e-02,1.748559721378187826e-01,6.303852334669391988e-01,6.584306691473304496e-02,4.168879157794370127e-01,1.740563495170069364e-01,2.151035897467992453e-01,5.761988302469605028e-01,5.004329978835721920e-02,4.116392912176859431e-01,1.992098951161030695e-01,-3.145659748755606083e-02,1.312422064993362392e-01,-1.006466492914830924e-01,2.104519667482195044e-01,2.107703649287328285e-01,-1.059083585631731134e-01,4.689569532631372439e-01,2.996487012312139542e-01,5.344759132979385319e-01,3.974633719186455583e-01,3.802209259190734159e-01,1.422244412803946034e-01,1.426824970175547269e-01,3.147842121929074755e-01
4.277837897924572363e-01,5.129733884215835760e-01,-9.580605708768244466e-02,5.339789839431958729e-01,2.968473956041075001e-01,3.394118163788562570e-01,4.063851101457634507e-01,1.072879913902889254e-01,5.221589081416040667e-02,4.293703030956138589e-01,-4.370925966039588412e-02,4.158117972931910100e-01,7.036162730731067017e-01,1.487514376229071567e-01,4.806863348671512326e-01,2.763925136464999155e-01,2.411225049832779466e-01,3.791617932155630921e-01,-9.100361445762988888e-02,-1.511272281726650998e-02,3.363838540885633610e-01,3.199806919893698476e-01,1.381113985020081536e-01,5.692598799178565372e-01,3.630707585891783107e-01,6.982619257568880577e-01,3.441165554284968953e-01,4.468060800592512094e-01,5.382672399685770603e-01,1.537107163447218316e-01,2.406527851129987294e-02,4.002841934479147712e-01,4.260255484191007858e-01,4.982133898417617779e-01,6.852078732780927384e-01,-5.784316387200331283e-02,2.711415586437032066e-01,2.681379024937028954e-01,7.224807317391329642e-01,5.772601353179319661e-01,1.434307091341952833e-01,1.230750122696833010e-01,5.562119711583531911e-01,4.839376522397967166e-03,5.540942085644766646e-01,8.025217937898874165e-01,2.673548102932785109e-01,4.917077935496825258e-01,4.947114115106593935e-01,4.316003332407526982e-01,4.435648899353992758e-01,-7.222979447133290321e-02,1.614708399866982280e-01,4.816846023629860474e-01,4.181678940383893317e-01,2.728539879041075311e-01,5.614552727802644139e-01,6.137659763109424294e-01,7.615941559557648510e-01,4.947366563779889148e-01,4.228819830169021077e-01,5.959563841535285844e-01,1.244965917193932570e-01,5.113447788987220965e-01,3.412417154347072157e-01,3.804132222643601957e-01,7.921605074634369137e-01,1.628426467236932518e-01,3.799694768541848067e-01,1.530363707047045496e-01,-3.578461327410559223e-02,2.511213166162360455e-01,2.624848915486772127e-01,3.077092262624915309e-01,4.728631174224766087e-01,-2.012605432777311021e-01,6.988991560847616080e-01,3.387870854191731285e-01,5.686784851816886199e-01,3.832753802330293724e-01,4.226375367546467698e-01,2.803105327365747468e-01,3.859164438253858687e-01,2.495269064259054703e-01
1.103706824121619412e-01,2.192573913179800826e-01,2.857588137547147911e-01,5.793355984598742570e-01,6.389826973445651426e-01,2.101149869669158010e-01,6.081598109232314586e-01,-2.577783939437135879e-02,5.196283630139251208e-01,3.276022721079954181e-01,2.838850693575823425e-01,2.341776084047145767e-01,4.800815837539392783e-01,2.563709736502771674e-01,5.314434118499317128e-01,-2.470151525056021521e-02,2.373545340848490226e-01,2.024451907673598949e-01,2.242202988965679711e-01,2.706702491938027255e-01,-1.379505684062186655e-01,4.431007920866965044e-01,4.556229598271824277e-02,1.603667112293359898e-01,2.163107258725560089e-01,3.855195574594436070e-01,8.657927764447466146e-01,1.440633253528045277e-01,1.786217623056476633e-01,3.795392988734394568e-01,3.526593612068364830e-02,2.540190495614861321e-01,2.023667665784086300e-01,2.767602309319296128e-02,1.850598408360473179e-01,3.464947352931947444e-01,3.967805725344552004e-01,6.107900992070691704e-01,2.493577809803576850e-01,6.992140739204328881e-01,-1.666312415069587730e-02,5.401824882452810339e-01,3.105094687838541034e-01,3.822917452943658811e-01,2.377452093390750865e-01,3.937656160818246986e-01,3.675235313167891649e-01,4.591449565636755992e-01,-5.084616945819819822e-02,1.668093193972275123e-01,-2.478758887471175718e-02,2.869825778536728156e-01,4.968554809825843077e-01,-5.181246092106975981e-02,5.393748620263660865e-01,1.748199926237741508e-01,3.035900725146240160e-03,-3.844610085582386705e-02,4.947366563779890258e-01,7.615941559557648510e-01,1.049785350744152357e-01,3.333300774894126794e-01,2.608165461884242031e-01,4.402767493655046493e-01,9.229270360742447554e-02,9.308108159963648931e-02,4.878532405666052840e-01,-1.721632824305087406e-01,-4.154887859087624813e-02,-1.656724011716143585e-01,-1.523061906451968206e-01,3.125659921106348493e-01,3.769899876565585006e-01,2.125997068812323088e-01,4.368207674858244349e-01,-1.068157865164309495e-01,4.339545194603824374e-01,-1.038032468657692359e-01,7.819349014077554838e-02,-7.096249015848966890e-02,1.452593937789386502e-01,1.638486473114159347e-01,4.165058722965925275e-01,-3.913093701179524292e-02
4.065676217958998362e-01,4.133380754283705882e-01,3.319834756178719481e-01,1.772949155308170543e-01,5.662503975718694571e-01,1.790806321250376920e-01,3.240571301689429418e-01,4.121504622127260542e-01,4.636082711813680479e-01,6.760125212135886796e-01,5.300460547810126322e-01,4.544269069560133434e-01,5.377000116976825561e-01,1.159560227962104506e-01,4.953763952115995961e-01,2.074634116841511111e-01,3.069094116562141039e-01,3.419458103617645794e-01,3.827056268833698982e-01,4.041571519167868054e-01,3.521884128128730529e-01,3.627954612171087612e-01,3.000097691575149272e-01,5.534951704465266298e-01,2.330343529915749612e-01,4.571943459132291609e-01,1.568723883905324690e-01,9.013289074859781591e-01,4.513501891087679518e-01,3.954748384545616613e-01,8.618827989225094979e-03,7.577107777988280057e-01,6.823512539166407542e-01,4.522874238556264803e-01,3.424706981797815963e-01,3.078203575883309839e-01,-1.760709598777272789e-02,4.703560599269744902e-01,1.297642505798337620e-01,2.324171367940647548e-01,3.019772202572723052e-01,4.480798095761716060e-01,5.740551509663149865e-01,4.825938064193642241e-01,3.701477687779901049e-01,4.736457259240461348e-01,1.719187673144915163e-01,4.027029949312302404e-01,1.707144927330938033e-01,2.428071682873684800e-01,2.789367877288271846e-01,3.544842335939268341e-01,3.545629020274609355e-01,4.466131359057989858e-01,4.030618423875368395e-01,2.294459973056021951e-01,6.033702875085451556e-01,1.748559721378187271e-01,4.228819830169021077e-01,1.049785350744151941e-01,7.615941559557648510e-01,2.532876357924087052e-01,3.591316423396640478e-01,3.198868070586762258e-01,6.276441269986442473e-01,7.375155341711827628e-01,3.488972314819260845e-01,1.516862045770891454e-01,1.778696653487554791e-01,3.737432405311665318e-01,1.859203579726632638e-01,3.579582867957472048e-01,5.297296737841477032e-01,5.123720694387520203e-01,4.989299300406050408e-01,-5.123577807591452732e-02,4.325339721968698425e-01,1.633424146048864378e-01,2.343256671194411112e-01,3.443488328864721670e-01,3.510846772856596743e-01,3.977969031003474876e-01,4.032684241023679061e-01,4.471913490319204265e-01
6.471657650528424011e-01,4.210587239233776757e-01,1.201876930372381275e-01,3.284781119987068565e-01,3.297552041641173548e-01,1.444696304000326892e-01,5.215234082995537923e-01,-2.147196903249160294e-01,2.204953376317569380e-01,3.010627228608032668e-01,2.510280655578780301e-02,2.886786089183279030e-02,5.873408799540907888e-01,-1.746461482928514108e-01,2.612743952045384344e-01,2.834396676751741451e-01,2.409312877451079971e-01,4.980675713571106611e-01,-1.235920517936104912e-01,-3.533769806595921797e-02,3.498687595152122354e-01,3.312923716298452059e-01,-1.824579873129388574e-01,2.448795381541346017e-01,3.887413175165148616e-01,4.006213866242036570e-01,4.203738801177717699e-01,2.223244634241545170e-01,7.129904669210954671e-01,-1.900819181788905923e-02,-1.227381968997381528e-01,1.908285379438624529e-01,3.136460398596230825e-01,5.678597505225835285e-01,6.211014555933580539e-01,1.681016031208963091e-01,1.575364190480775251e-01,3.054061691250918309e-01,3.641810083555938049e-01,5.724667810026404791e-01,-2.929671041958389344e-01,2.437896892385492953e-01,3.779107058533461849e-01,6.710538963581284821e-02,-4.457161684603385549e-03,6.757647038488776570e-01,-1.292194176878315448e-01,2.497626252914925959e-01,5.782247738108988733e-01,3.055226930273650665e-01,4.706041996994551058e-01,-2.581243158661378559e-02,6.146753977728387774e-02,3.979632970397249392e-01,3.391524040264367046e-01,-1.536774775852377262e-01,2.028353856961293278e-01,6.303852334669391988e-01,5.959563841535284734e-01,3.333300774894127905e-01,2.532876357924087052e-01,7.615941559557648510e-01,-7.809241957309194515e-02,4.673157646959230083e-01,1.924937468024673082e-01,2.295866182232905728e-01,5.432517261115495932e-01,-1.005923677994090826e-01,2.601834365512221137e-01,2.327787017474796938e-01,-4.205462265248387232e-02,6.615775533595233404e-02,1.201863708894494592e-01,1.847133465070513458e-01,3.038132608618836494e-01,-1.968072718994280657e-01,4.635995024736711545e-01,1.042222985278639796e-01,4.672003450852886264e-01,4.802040593894045251e-01,4.377167945706224583e-01,1.703603363018999506e-01,2.609719438710645933e-01,2.089372228562175748e-01
-1.681784507642994364e-01,-6.623750981078611877e-02,2.514522404069734485e-01,2.213256757459656221e-01,3.414312789556049887e-01,3.699297458563333141e-01,3.838390620001764023e-03,4.228653470981860729e-01,3.778174026567006072e-01,4.016916815886446002e-01,3.721262458844538656e-01,7.829706935068052598e-01,3.210094083341472060e-01,2.562473433206909901e-01,4.090163962992373059e-01,-1.138199079567451949e-01,3.166137362459783833e-01,-6.527114726689751956e-02,3.886848836983491373e-01,4.858940122954884533e-01,-4.756941919044786748e-02,3.083552939265102322e-01,3.627605079246716269e-01,4.573762615333069048e-01,2.230874333182121805e-01,2.610375210115549738e-01,1.983782205637857066e-01,3.324442494283503802e-01,-8.477595944487202953e-03,5.414995151165101772e-01,1.521547066110369439e-01,4.249025743020763968e-01,2.127887867457607940e-01,-1.475320600189912457e-01,-1.406997661106948738e-01,2.674508817961167018e-01,2.051561311115659425e-01,3.605215498269033203e-01,2.678449860475333177e-01,3.576713594998118806e-01,4.303174794369387102e-01,3.886405057404851426e-01,5.095336170226453243e-01,3.577298955911800138e-01,7.566576348913705008e-01,2.456804914371049642e-01,2.794786432226794015e-01,2.472413884809177009e-01,-2.055362155271957258e-01,3.288694076851805814e-01,-1.329043892472047683e-01,3.652296480281498336e-01,5.769090521185199494e-01,-2.759361988360024137e-02,4.517372660480202806e-01,3.487571916718217868e-01,3.467364621198941177e-01,6.584306691473303108e-02,1.244965917193931737e-01,2.608165461884242031e-01,3.591316423396640478e-01,-7.809241957309200066e-02,7.615941559557648510e-01,4.544937210291716267e-01,4.219075199351154382e-01,1.738256479309646385e-01,1.886968479096511608e-01,-1.520138426969660783e-01,-2.491557638130330668e-02,-2.366965909528619474e-02,2.452413730193713504e-01,3.737235059739811849e-01,2.898634559425150026e-01,3.788533136259754630e-01,2.920611992960751579e-01,-1.088054235012114873e-01,2.154128499929509333e-01,-4.002316218345967208e-02,6.857482773976866786e-03,-5.339105367971254401e-02,4.042918902757710597e-01,3.499880628066510679e-01,1.588567057572062569e-01,2.925229047590067188e-01
3.580619292341286619e-01,3.377167152235961978e-01,1.168252241917308171e-01,2.219242382437867089e-01,4.551114217856648825e-01,1.914869660523680350e-01,4.155127973221363624e-01,1.025051008003623337e-01,3.078610120737332867e-01,5.821201369372988044e-01,1.772925589810622482e-01,3.475974250786554864e-01,5.196174777310702542e-01,-1.193952398915679725e-01,4.767046980961982539e-01,1.845948039209925895e-01,4.324215193077143859e-01,3.639640768379986957e-01,1.665242633517123316e-01,3.516016349369494032e-01,2.970530545659537669e-01,4.187862628691474409e-01,8.690124525494645480e-02,2.637254068139874841e-01,3.000302942563362052e-01,4.342303903235059659e-01,4.230178514054293570e-01,2.267717321910363015e-01,5.395544023514665666e-01,3.405461963029631778e-01,-1.785357354732829971e-01,2.612070273669540033e-01,3.654113964540414150e-01,3.663051484360237420e-01,3.755983321153841259e-01,1.235512912836658345e-01,3.121319436512619561e-01,4.614229831585908714e-01,4.286883494785946880e-01,5.790804510499352187e-01,1.168103435217373171e-01,3.804191395489759375e-01,7.219772654574646564e-01,2.113744909605513034e-01,4.083600098294578595e-01,6.173156649224178505e-01,-1.104667678968542233e-01,3.975649916167517395e-01,2.466861696359987643e-01,4.083825985848212325e-01,3.326992221531899774e-01,1.744538795291668276e-01,3.780933255607620835e-01,3.078447912783703888e-01,4.457430932720408689e-01,1.774510689316499412e-01,3.081977105404861694e-01,4.168879157794369572e-01,5.113447788987220965e-01,4.402767493655046493e-01,3.198868070586762813e-01,4.673157646959230083e-01,4.544937210291716267e-01,7.615941559557648510e-01,2.385611055845259509e-01,2.441019673407723578e-01,5.076867880209370298e-01,-7.394440177067418407e-02,2.132535390867535685e-01,1.320571121144861748e-01,1.127313945205299511e-01,1.465956568234655366e-01,1.319525287644552625e-01,4.281380957932772735e-01,3.324072251736408523e-01,-4.440881145818417752e-02,4.405890288268346500e-01,6.407460861665437157e-02,3.931836627463198841e-01,1.732564301229006509e-01,3.952492533430272958e-01,2.531875893128316957e-01,3.068842291868818517e-01,4.282080852755105194e-01
6.718470605392325157e-02,2.475709455415202598e-01,3.233427080553674671e-01,1.841446445828258116e-01,3.566465251296238037e-01,2.092847055733743911e-01,3.098812806342177151e-01,3.587943100281280606e-01,3.247682876731399215e-01,3.535855229194930782e-01,4.431237156243897357e-01,3.639539680160518431e-01,3.824806132856087282e-01,1.764458733991749184e-01,4.855717281581438671e-01,1.416666670802221861e-01,3.786977506383621406e-01,3.067759113646167934e-01,4.787054132403890661e-01,3.930603764990346916e-01,2.117022487007612086e-01,4.619380971752709564e-01,2.199581574886926572e-01,3.457653994669455111e-01,1.589882781886143848e-01,4.164950268058839056e-01,1.839238489655506126e-01,5.446777870283834311e-01,2.180890644750630991e-01,3.219469412302113365e-01,1.719333060957460024e-01,8.895755329305822245e-01,5.608279066365363663e-01,-3.717123097920906061e-02,2.582455534746802006e-01,2.742601340187246217e-01,1.491061274616912458e-01,3.106513080348409228e-01,1.870480718058520342e-01,3.850185916962902688e-01,3.201671102336806629e-01,2.066618738554266421e-01,5.268965393865194802e-01,3.635684846386945113e-01,3.632858736814558176e-01,3.728085257524676455e-01,2.810829891847976270e-01,5.219632015764140709e-01,1.528047658684717203e-01,3.511861397668050166e-01,3.033880303341900952e-01,4.551997176983154647e-01,3.917144449003376327e-01,3.630979197158581417e-01,4.431437425190871138e-01,2.264676321049791663e-01,4.259508558565431868e-01,1.740563495170069919e-01,3.412417154347071602e-01,9.229270360742450330e-02,6.276441269986441363e-01,1.924937468024673082e-01,4.219075199351153826e-01,2.385611055845259509e-01,7.615941559557648510e-01,6.480770807248098508e-01,3.541863074133850819e-01,3.175424754226446322e-01,1.592281111048656286e-02,7.300777656659469816e-02,9.321492915706257321e-02,4.672493130223927538e-01,3.070281312856525391e-01,1.464559764451127677e-01,4.435588826867336021e-01,5.435627636858682277e-03,3.542033112799274908e-01,3.773872326373102215e-01,1.194153516443684088e-01,2.016836016120396036e-01,4.827903320089849681e-01,4.602296318077927495e-01,2.520227105203422524e-01,7.065348633179052706e-02
4.885621849963277530e-01,4.186689367152244268e-01,2.979711771652677199e-01,3.214475333524656198e-01,6.014991987760970327e-01,2.963065622594466819e-01,3.778568741063857428e-01,2.772669554907992717e-01,4.551898979845260262e-01,4.065050226312776904e-01,3.840598109531603854e-01,2.641806184778390798e-01,4.489939375903315710e-01,1.799355174546144742e-01,5.354196249565051913e-01,3.321204565043593959e-01,3.278947071817810421e-01,4.389125245888492732e-01,2.666078115833923068e-01,4.471971065960076430e-01,3.234162087050156398e-01,5.360656292420000746e-01,1.824552056870648864e-01,3.630526483807811067e-01,1.121796309421584370e-01,4.157765804345893157e-01,1.736639897476195404e-01,6.858593677700015601e-01,3.250212931636651259e-01,2.795900654017328679e-01,2.832411398402435651e-02,7.057123881711772073e-01,7.684821108062085404e-01,4.032074567597341841e-01,4.473425437424867757e-01,2.955599338679041344e-01,1.269126466366472528e-01,4.886924010202335356e-01,2.524994881315030248e-01,2.650599166871995260e-01,2.489115026584594326e-01,4.445743100160210459e-01,5.455093298932200963e-01,3.790099222013978419e-01,2.139599243256070094e-01,4.382234765326972203e-01,2.977471917609587626e-01,6.151530890264326201e-01,1.406599914538869400e-01,3.043511952909459528e-01,2.865401181423271049e-01,2.275336596574124293e-01,4.231481653836866585e-01,4.906208013413084212e-01,4.362388217580930871e-01,1.944127282518277045e-01,4.668560248604448626e-01,2.151035897467992453e-01,3.804132222643601957e-01,9.308108159963640604e-02,7.375155341711827628e-01,2.295866182232905173e-01,1.738256479309646385e-01,2.441019673407723578e-01,6.480770807248098508e-01,7.615941559557648510e-01,3.031609307180332391e-01,1.647061640284348538e-01,1.150350994703308039e-01,1.258490066854440204e-01,8.560318495148344642e-02,4.000412626108578729e-01,4.896869027069042368e-01,2.284104724851321322e-01,4.641923197796385958e-01,-8.693810244221257533e-02,3.866252571063690802e-01,2.197056500736414286e-01,2.054210463708626699e-01,2.555860658823834175e-01,3.836970830017760736e-01,4.151616586652869811e-01,4.844909761323447639e-01,2.456106052307883425e-01
4.026261847349666412e-01,3.267695637058913860e-01,-2.341927699955335118e-01,5.247427449836415958e-01,1.744973258067538391e-01,2.360689177812290707e-01,4.555999721717026718e-01,5.416445730266641195e-02,3.343812920570058550e-02,3.644948311279200270e-01,-8.996630824685156180e-02,3.583580726278721151e-01,6.516267446277134168e-01,5.213057783397291589e-03,5.428237051511721756e-01,1.943077486745282412e-01,2.856661005891322214e-01,4.290143906309785704e-01,-2.863583732906329476e-02,1.811525593914762866e-01,2.749022209172460318e-01,3.964507760530835423e-01,1.140957006265492790e-01,4.635433344201821959e-01,3.976942949724102117e-01,5.418435875874711982e-01,3.572193793080631341e-01,2.941627329788035761e-01,5.151050808721114871e-01,1.072421353302348696e-01,-4.369018837846117692e-02,2.655007390929934319e-01,3.476237967873826440e-01,3.861305238785286975e-01,4.846467436880299573e-01,-1.501497554214767660e-01,1.817625057029218227e-01,1.591854258158579560e-01,6.120886243966111584e-01,5.651194355487626497e-01,8.362313023883555241e-02,5.088638201136419514e-02,5.166195342604512630e-01,-5.051778577299794598e-02,4.452594811377949546e-01,7.702233793093148373e-01,7.437378041264518236e-02,4.708919969759168822e-01,4.181619863577477614e-01,5.194309141179725975e-01,5.151882567278865954e-01,5.521526060645030876e-02,2.819045416918075642e-01,3.333504834007803841e-01,4.550159311500935888e-01,2.303412689356418019e-01,4.799627269184436051e-01,5.761988302469606138e-01,7.921605074634369137e-01,4.878532405666052840e-01,3.488972314819260845e-01,5.432517261115495932e-01,1.886968479096511053e-01,5.076867880209370298e-01,3.541863074133849709e-01,3.031609307180332946e-01,7.615941559557648510e-01,1.951327908170593650e-01,3.024859197728403393e-01,5.826945522219013907e-02,1.391523244530107062e-01,2.316853407538621845e-01,1.941035801554323592e-01,2.828218410387896564e-01,4.163887472721734540e-01,8.689991526279784717e-02,7.662347409210583660e-01,3.365958909192326431e-01,5.893613809016253757e-01,2.811001982697741708e-01,4.990555790805182856e-01,2.872702567979189547e-01,4.724348914124313348e-01,3.101125601540168364e-01
6.904212462981809684e-02,1.857163936694921635e-01,-2.389937172790488340e-01,3.990535995323459678e-02,-6.515956382548172832e-02,2.711140027676913200e-01,4.131269899629889941e-02,5.021735019870534611e-01,-2.296105652204882830e-01,-1.042555296964475936e-01,-3.560147521449803093e-02,2.091076091629727463e-01,1.045177947385926565e-01,9.578584445108899448e-02,-2.941935135187895636e-02,1.884764892656753121e-01,-3.084303406729018912e-02,1.409137790161703596e-01,3.099944615660698774e-02,-2.119213199402145420e-01,2.803247532248788199e-01,-7.486160089904701775e-02,4.260637660053964715e-01,3.032100287584780784e-01,1.851605730331874755e-01,2.563197185801171507e-01,-1.355048495291403809e-01,1.441573776948395502e-01,-7.019373478938092936e-02,2.243524784659499741e-02,4.220092587901744241e-02,2.737560562190011204e-01,2.287302329659384459e-01,3.107852633979076365e-02,3.166364019668809204e-01,-1.238494485339522583e-01,-1.582371557356617234e-02,-1.141064637605035542e-01,1.604551514857924521e-01,-4.911145423848922026e-02,4.439855136378985101e-01,-2.478639917339114374e-01,2.668624581539871463e-02,-9.614250408770447232e-02,2.065784882703179670e-01,8.016804772003513491e-02,1.122529220229249308e-01,1.165013707270422388e-01,-1.887095983127759155e-02,-1.172714039626449184e-01,1.032867371296054132e-01,3.050087563289332129e-02,-2.556228180279110362e-01,2.712123124661185991e-01,-1.942997376110144891e-01,3.644341278725581890e-01,4.300572363147106558e-01,5.004329978835723308e-02,1.628426467236930852e-01,-1.721632824305087406e-01,1.516862045770891732e-01,-1.005923677994090687e-01,-1.520138426969660783e-01,-7.394440177067421183e-02,3.175424754226445767e-01,1.647061640284348261e-01,1.951327908170593650e-01,7.615941559557648510e-01,3.928548313075690968e-01,1.058174389784698743e-01,-2.014110902388809715e-02,4.037760487048158708e-01,-5.853342367893515918e-02,-1.288886765437797510e-01,1.046777050319207779e-02,2.693467922906448986e-01,3.235861672373902542e-01,8.279212154129046430e-01,3.354340337036315622e-01,8.825485369735944219e-02,2.491207735867202386e-02,3.206816382390255682e-01,-8.601887465420426926e-02,4.459847496092320118e-02
3.231533903337227565e-01,2.557059679235426097e-01,-2.873457907583666371e-01,-1.394999787512426342e-02,-1.180231024089350295e-01,2.941641009319511113e-01,8.102379375993122579e-02,2.161334196994577420e-02,-1.975273783498388003e-01,2.809177232223253884e-01,-1.904828074675869731e-01,1.436571335178384867e-01,3.149889317742283201e-01,-9.920239567952741921e-02,7.746959925695177940e-02,3.656568112282410077e-01,1.752044267003263767e-01,3.090190896835998124e-01,-1.898248012110684280e-01,-2.183399057273808230e-01,3.262108547860234076e-01,-2.275653474776868912e-02,3.719475137146214389e-02,3.871111883759593142e-01,4.473802180449260035e-01,4.818043782192950597e-01,-6.257558585542533081e-02,1.257173042538817787e-01,3.234736971652009130e-01,-3.524138670734755507e-02,-1.444638936008579289e-01,-5.581421190383473174e-02,2.317798811470013487e-01,2.815405809402506954e-01,4.236896574714525965e-01,-2.033480107597436803e-01,5.385542553873869619e-03,-1.386817682748331115e-01,2.445838261968441008e-01,7.176359401114626446e-02,-6.983925897806807226e-02,-1.141967520708110362e-01,2.179444903875474016e-01,-2.095006360987568261e-01,1.699103341772867370e-01,2.683602433446141688e-01,-3.486584863837587783e-02,-9.658237134502607041e-03,2.123479728741990702e-01,1.915803572791660581e-01,2.558421634056881055e-01,-1.437008428701792573e-01,-1.783181334914605287e-01,3.318798369384543534e-01,-5.326318278695802572e-02,-2.269180211873426337e-03,3.777199419958588988e-01,4.116392912176858876e-01,3.799694768541848067e-01,-4.154887859087626201e-02,1.778696653487554513e-01,2.601834365512221137e-01,-2.491557638130328586e-02,2.132535390867536795e-01,1.592281111048659062e-02,1.150350994703308316e-01,3.024859197728403393e-01,3.928548313075691523e-01,7.615941559557648510e-01,5.993520839243153819e-01,3.148313589072829211e-01,-1.266846948424774826e-04,-1.278480931000054444e-01,4.430956614112691039e-01,2.146418549109485874e-01,-3.172271835761252684e-02,4.051176780518744303e-01,3.617634588905293547e-01,7.068577649360140436e-01,5.396062425544354557e-01,1.346166022217896996e-02,-8.625709053109179014e-03,-9.573396035568554341e-02,5.363478134428578681e-01
4.201741195618582947e-01,3.259722428965552976e-01,-2.017470035830701974e-02,-1.548846121780932117e-01,1.814006211197913970e-02,1.216472818464608280e-01,5.653837716654878942e-02,-8.918330012585137800e-02,3.217336141861119880e-02,3.240159341121700010e-01,-3.582620996693662574e-02,3.631418749784173089e-02,3.078405019067425585e-01,-2.657821043361875968e-01,1.467443603748000425e-01,2.539546188801617421e-01,9.394366860209518721e-02,3.119978463482602771e-01,-1.840267783693568526e-01,-4.801164973572217415e-02,2.636200037763589688e-01,1.665244137285642190e-01,-8.319922551131670677e-04,2.364568753025177439e-01,2.501777488508471481e-01,3.143864835335746233e-01,2.982632091416813347e-02,2.982863492936611571e-01,4.191608942128504101e-01,1.169206801623038222e-01,-5.607997121874407770e-02,2.091270825152262702e-01,2.532552690512009930e-01,4.081745065711240295e-01,3.176086307791560759e-01,-3.122243747114590573e-02,-1.672130690070216807e-01,-1.644655549457455998e-02,-9.222055668958242802e-02,3.747689556811802103e-02,-2.513962897433036359e-01,9.550157192519319327e-02,1.774620126388123664e-01,-8.342676868177349714e-02,5.344721723589201945e-02,1.605078327113075021e-01,-2.444976241045421772e-01,2.377724408699324887e-02,2.005918859169789348e-01,-4.581508152735247474e-02,1.083940371770029248e-01,-1.448388989324466691e-01,-1.146373788098686147e-01,2.044980039653759296e-01,1.206991510333689510e-02,-1.163810542502143608e-01,1.888276360904786177e-01,1.992098951161030695e-01,1.530363707047045496e-01,-1.656724011716143585e-01,3.737432405311664763e-01,2.327787017474796938e-01,-2.366965909528621556e-02,1.320571121144861471e-01,7.300777656659468429e-02,1.258490066854440204e-01,5.826945522219010437e-02,1.058174389784699021e-01,5.993520839243153819e-01,7.615941559557648510e-01,1.421824854926669879e-01,-1.367339605529117874e-01,2.718268095020478711e-02,2.909163459642943317e-01,2.535824447162771111e-01,-6.700309967332920835e-02,2.447958980835993059e-01,1.024633440125252148e-01,4.750370381097962502e-01,8.300161190788595267e-01,1.299448200295519051e-01,-1.871400145369297996e-01,-9.643955681863698726e-02,3.880261825240579610e-01
7.560225781965293490e-02,1.176362752092357383e-01,-1.675236476622362636e-01,2.137528906685260549e-02,8.725851407746385013e-02,8.105729359654186006e-02,2.009390647908504690e-01,2.393333819278927604e-02,9.531144488689798078e-02,3.516667082378450160e-01,-1.337943988922420807e-02,3.080497058426798218e-01,2.589592624096251350e-01,2.024805237253300694e-02,-7.871206464944346948e-02,4.027626521244377644e-02,2.532482604985259456e-01,2.055659597047775899e-01,-3.742127191538955743e-03,-1.050005490300954386e-01,1.084033606364004088e-01,-4.884944142297305975e-02,4.428303952308296210e-02,3.029612810444889393e-01,2.072454051165766586e-01,3.133699929325704098e-02,-1.380747232902780341e-01,1.533758653615573953e-01,8.457855661115327994e-02,1.916027609063843118e-01,-2.169122423677685152e-01,2.086404638511140663e-01,1.868020101734690352e-01,3.270346394182172683e-02,5.479547590333751217e-02,-1.400683449669921088e-01,-4.818853142900270808e-02,4.202799599013354315e-02,-3.308668521388033403e-05,1.788161959569025683e-01,-4.306502681779970226e-02,9.104624716310621979e-02,2.922179169081362549e-01,-2.528611322962444341e-02,2.726553814038244483e-01,2.109222208031759083e-01,-1.706500808652148538e-01,-1.329935145636065852e-01,-1.403317233075093151e-01,8.733735074818191335e-02,3.388847070616196611e-02,1.480281619535636639e-02,-3.828615493682648030e-02,5.223636117623410569e-02,-1.891858313557114382e-02,-4.404662187885498986e-02,2.602489473891320682e-01,-3.145659748755607471e-02,-3.578461327410557835e-02,-1.523061906451967651e-01,1.859203579726632916e-01,-4.205462265248394171e-02,2.452413730193713504e-01,1.127313945205299650e-01,9.321492915706257321e-02,8.560318495148344642e-02,1.391523244530107062e-01,-2.014110902388811797e-02,3.148313589072829766e-01,1.421824854926669879e-01,7.615941559557648510e-01,1.898932110650934646e-02,2.961311239433465636e-01,4.679653187295524930e-01,3.754838833729916003e-01,1.171210406472628952e-02,1.274584063351424656e-01,-8.760797853214735698e-02,1.711314681854938791e-01,-1.798534715510750545e-02,3.248262566030473697e-01,1.025403063630284245e-01,3.986737029546562616e-01,3.762027188865521010e-01
-7.712338451687125729e-02,1.886433637163193733e-01,1.274357865895505149e-01,3.367182257322116623e-01,3.666225922112756885e-01,3.697813869439904866e-01,3.344803145479647299e-01,6.101690819606652161e-01,1.350364343651372645e-01,2.251510616285459787e-01,3.911039876040974250e-01,4.673913556890995635e-01,1.770833411725765416e-01,5.154110222461057988e-01,2.881476668825700416e-01,1.645826628144606285e-01,2.575482445139773979e-01,2.410458980550903296e-01,4.063953751372621492e-01,2.067481747725321561e-01,2.691121937662919184e-01,2.377006991589600271e-01,3.819548917148504197e-01,2.894172587331617641e-01,2.234464900458317527e-01,3.285463271863720558e-01,1.802073723513906711e-01,3.673920404235894166e-01,9.744355338998193783e-02,2.387309271385491816e-01,9.540143961440300524e-02,4.234820796233601525e-01,3.002626667446762765e-01,-1.042098084629519139e-01,2.418743417555117570e-01,1.618629670945869181e-01,2.230838129161467343e-01,3.572960764047130033e-01,3.321183953155550928e-01,3.420946799306940345e-01,6.616801676818503397e-01,1.387700693615089853e-01,3.706554714515657434e-01,3.553160912643765768e-01,4.062170350952598041e-01,1.942526891389945998e-01,6.062166584705165340e-01,3.366343630323020419e-01,8.137966896565583530e-02,2.539742553707226569e-01,2.643692816272686930e-01,3.692035623480657835e-01,2.551239138315414823e-01,3.389133300660280845e-01,2.671034841963612627e-01,3.779735611683057162e-01,4.618422139119041647e-01,1.312422064993362669e-01,2.511213166162361010e-01,3.125659921106348493e-01,3.579582867957472048e-01,6.615775533595236180e-02,3.737235059739811849e-01,1.465956568234654811e-01,4.672493130223927538e-01,4.000412626108578729e-01,2.316853407538621568e-01,4.037760487048158708e-01,-1.266846948424774826e-04,-1.367339605529117597e-01,1.898932110650930483e-02,7.615941559557648510e-01,2.878962503046489929e-01,-2.413133476998970128e-02,3.415629373467927721e-01,1.875610944616653286e-01,2.558648458142117055e-01,2.779371343821275264e-01,1.256395874091102427e-01,-8.456163903880346833e-02,1.268044379407996802e-01,8.503012008233626906e-01,2.319489558870244661e-01,7.430491227822051681e-02
1.566139665365976485e-01,1.719958276899409277e-01,3.594898369122641046e-01,1.639008572151129939e-01,5.333207160358937049e-01,2.064384746196020470e-01,2.310566008788963455e-01,1.865229945864560479e-01,4.881526952635323324e-01,3.337764742187516176e-01,4.688615189804795635e-01,2.400838982296963631e-01,4.154336942436808733e-01,1.246315567431856008e-01,2.985641437340287307e-01,-2.702793336157444104e-02,2.686693848375318883e-01,2.046348578555655731e-02,3.543173944793872043e-01,4.076386677406048653e-01,-1.070993682183930540e-01,3.742590345041419408e-01,2.271031770762330093e-01,2.229872892434988929e-01,4.161508942706750036e-02,1.763867983989161614e-01,3.150861472748822667e-01,5.024458241279758930e-01,2.585793790379205537e-01,4.717550896625985479e-01,-1.023071359000729125e-01,4.564787066617384537e-01,3.029166251731147397e-01,1.608206105041952716e-01,4.368151152057244552e-02,3.247402824988997461e-01,1.025089697631865887e-01,5.496936756534246404e-01,1.817394240805483008e-01,3.398764760536371332e-01,1.925661266416120176e-01,4.795987226237304335e-01,2.939483126048066941e-01,4.311058240517893214e-01,2.947571474398719138e-01,2.603740490519106388e-01,2.061587795559608194e-01,2.436127301517486132e-01,3.343972711969873252e-02,1.013846193230023285e-01,-2.411807137849805716e-02,3.153832722233271824e-01,4.711201258331784159e-01,-2.626889660773693014e-02,5.144763469063342587e-01,2.469663480990269000e-01,1.392200804513979429e-01,-1.006466492914830924e-01,2.624848915486772127e-01,3.769899876565585561e-01,5.297296737841477032e-01,1.201863708894494731e-01,2.898634559425150026e-01,1.319525287644552347e-01,3.070281312856525391e-01,4.896869027069042368e-01,1.941035801554323592e-01,-5.853342367893514531e-02,-1.278480931000054166e-01,2.718268095020481487e-02,2.961311239433465636e-01,2.878962503046489929e-01,7.615941559557648510e-01,2.343715705438606522e-01,4.051192486366093082e-01,4.003986370219108498e-02,1.804925414518532001e-01,-4.283707933014785363e-02,-3.725155407907581456e-02,7.724299114713879810e-02,2.625743249109831479e-01,3.452474281269839462e-01,7.082737745671927598e-01,1.126697825600155717e-02
2.882000351026086093e-01,2.687380197751901290e-01,9.463719090661792954e-02,-7.044824064513034723e-02,2.875526082096354630e-01,1.177065505468212758e-01,9.575671546242750520e-02,7.486953460694778517e-02,2.775995145697064403e-01,6.471520934249883616e-01,1.795449984783434871e-01,3.967332406048815208e-01,3.870670432732201127e-01,5.038877670523110586e-02,3.628444019370932749e-01,5.945810407002047326e-02,3.546751291762911262e-01,1.582250608776622491e-01,1.794838346226931836e-01,2.551705364944142351e-01,2.111740957495157889e-01,2.206789244243090864e-01,1.205475461418167443e-01,4.684722345483410821e-01,2.912203607538975114e-01,3.627262488221174586e-01,1.523615818789109955e-01,3.943266383411169751e-01,3.514951409094255741e-01,3.511833644736541693e-01,-8.339189094548991876e-02,2.580540749211645002e-01,3.388076820639319142e-01,2.558456669710010845e-01,1.597927547319507036e-01,7.692064877850578186e-02,-3.034940509953938312e-02,2.307665090293750110e-01,2.688805228484649201e-01,2.360028518704637146e-01,7.280273698266842564e-02,3.144695132446151398e-01,5.432107341070098183e-01,1.849113129774019593e-01,4.410560154294622115e-01,3.728510392129284479e-01,-4.850033951396143933e-02,1.829592808145300564e-01,-3.307103321922573447e-02,1.788165467043312806e-01,7.676399177763801318e-02,1.804717091395257322e-01,2.801331730841570833e-01,2.372117213518028234e-01,2.880279997070731013e-01,1.241091471080914138e-01,3.754094496853740970e-01,2.104519667482195600e-01,3.077092262624915309e-01,2.125997068812323365e-01,5.123720694387520203e-01,1.847133465070513458e-01,3.788533136259754630e-01,4.281380957932772735e-01,1.464559764451128232e-01,2.284104724851320767e-01,2.828218410387896009e-01,-1.288886765437797233e-01,4.430956614112689929e-01,2.909163459642943317e-01,4.679653187295524930e-01,-2.413133476998974986e-02,2.343715705438606522e-01,7.615941559557648510e-01,4.728975597791810759e-01,-2.563331938059169590e-01,2.922246432332766264e-01,-1.564927188060313279e-01,2.657501770576314870e-01,2.407667375638405383e-01,2.004523368882288603e-01,7.408864909483998951e-02,1.713917248683966832e-01,7.876038109328101777e-01
3.509676307240668924e-01,4.119632851741384938e-01,8.825070131420523212e-02,3.620694401306738808e-01,5.054569777231049388e-01,2.697329593970138051e-01,4.462376149954697668e-01,1.561713111338016713e-01,3.268143894397038673e-01,5.701009902027722731e-01,3.685229152870190261e-01,3.852627602538811202e-01,5.406814365747333317e-01,1.477359621371844844e-01,4.900953058548752073e-01,2.792812123166086846e-01,3.405907686687659752e-01,3.709104151039000485e-01,2.668437572795906432e-01,2.793039869566043554e-01,2.292762095131692934e-01,4.343481739401291453e-01,1.941123568821613021e-01,3.619428955434174644e-01,3.250540618464018428e-01,3.549460007498085878e-01,3.507413772086108716e-01,4.841122824526241653e-01,4.385010377831457529e-01,3.251545182921702914e-01,-2.651112856544229554e-02,4.690848288033839797e-01,4.691537508190493089e-01,1.826571542645170632e-01,3.202814950128581306e-01,1.160921263964434930e-01,2.945268349601949942e-01,4.038592446051030294e-01,3.803430429041302907e-01,4.209803800156384224e-01,1.945243213493632051e-01,3.835815756637396823e-01,4.443557383430665753e-01,3.489368867521537854e-01,4.077799291891804345e-01,4.488668911615705248e-01,1.665454977847770079e-01,4.188718082359105810e-01,2.637186205232009417e-01,2.892623307588142456e-01,1.951209910562025363e-01,2.492750206939721436e-01,2.351207922733578315e-01,2.643063599510995232e-01,4.068014097129505346e-01,2.073277452499648343e-01,3.732841003971895111e-01,2.107703649287328285e-01,4.728631174224765532e-01,4.368207674858244349e-01,4.989299300406050408e-01,3.038132608618836494e-01,2.920611992960751579e-01,3.324072251736409633e-01,4.435588826867336021e-01,4.641923197796385958e-01,4.163887472721734540e-01,1.046777050319202228e-02,2.146418549109485874e-01,2.535824447162771111e-01,3.754838833729916003e-01,3.415629373467927721e-01,4.051192486366091972e-01,4.728975597791810759e-01,7.615941559557648510e-01,-2.297726666332844392e-01,3.268031293909740009e-01,-1.378808511715615415e-01,3.921323012828564214e-01,1.844479615339201517e-01,4.264992526477431878e-01,2.669815946673279039e-01,5.216073072676122857e-01,4.933479353243686027e-01
-1.852154425369311741e-01,-1.478737301374640489e-01,4.458390417159439900e-02,-1.551816978632496735e-01,-7.054069204536819737e-02,-2.772760193505644996e-02,1.024387090633870345e-01,1.818740227631139295e-01,-5.867397279786008141e-02,-4.212092102646108199e-02,-5.143119716117421081e-02,-1.561639732820337308e-02,-1.871485501982212696e-01,9.180499967576787046e-02,-1.860070725865459462e-01,7.881247834605645264e-02,-7.544938487704658248e-02,1.060609620396246212e-02,1.079913684120528943e-03,-7.927110922402402782e-02,-1.247733211118365187e-01,-8.323999074152590993e-02,1.052328108991072153e-01,-1.204744736890130674e-01,-9.726621142972725897e-02,-5.839169275167156031e-02,-9.123723280697318416e-02,-4.640612406904197351e-02,-2.338710475743941974e-01,-1.344222003267221167e-02,-2.216291903839981599e-03,-1.522612287872379677e-01,-1.386869824615673819e-01,-4.332202455340877084e-02,-1.578134138904915829e-01,9.017346446044897934e-03,-2.871291253818745726e-01,-1.912065874740832404e-03,-1.136255420127405963e-01,-1.253993095725983997e-01,1.972786434181689752e-01,-1.279452201851499771e-01,-8.067009609107540780e-02,-1.543411841492844071e-02,-4.402226920201074423e-02,-2.054614134619416610e-01,1.046220255030479440e-01,-2.526432006728683843e-01,-4.171409926181892519e-02,-5.338818680157824542e-03,1.344407072038099338e-01,1.421620481862194071e-02,-9.737484352285132039e-02,-1.601651991004835740e-01,-4.234673561890835158e-02,1.249632940755154506e-02,-6.481773371615473511e-02,-1.059083585631730717e-01,-2.012605432777311021e-01,-1.068157865164309495e-01,-5.123577807591452732e-02,-1.968072718994280657e-01,-1.088054235012114734e-01,-4.440881145818418446e-02,5.435627636858675338e-03,-8.693810244221256145e-02,8.689991526279784717e-02,2.693467922906448431e-01,-3.172271835761248521e-02,-6.700309967332922223e-02,1.171210406472628952e-02,1.875610944616653286e-01,4.003986370219110580e-02,-2.563331938059169590e-01,-2.297726666332844669e-01,7.615941559557648510e-01,2.091567433714224267e-01,1.282059628037721388e-01,6.784669037772778077e-02,-2.442927145623043084e-02,-2.114465653566655057e-02,2.301246773086943198e-01,-1.347961148701323081e-02,-2.512875260428467650e-01
4.576140968369393214e-01,3.302177154263922776e-01,-1.792514800321588775e-01,5.133184492077254024e-01,1.518752070371055529e-01,4.726894677028143366e-01,4.573337679350935048e-01,1.016813972354730505e-01,4.273462198062896733e-02,4.797726451370438183e-01,-1.476990417967821989e-01,4.124237831042639746e-01,6.901997511314967859e-01,-2.718452790346816833e-02,5.828481522148184490e-01,4.032033604761527390e-01,4.133925071276109975e-01,4.625645249443833817e-01,-2.495658307877041127e-02,2.560279911220448290e-01,3.731932485350387685e-01,5.225781251856775889e-01,2.639358518548042265e-01,5.688466677353193335e-01,6.278220603038268122e-01,7.954069954025306810e-01,4.278558829052395152e-01,4.324439695007910589e-01,5.998438724911402398e-01,2.450302525788646824e-01,-2.935163830154439643e-02,3.087653124753130252e-01,4.627997158029930058e-01,4.122354635674734258e-01,4.706878482361264715e-01,-1.007592884532952787e-01,2.180353442991830593e-01,1.143035898959198632e-01,3.858190893904295260e-01,3.826341659815851171e-01,2.193733627736648220e-02,6.225766831108271032e-02,4.740464634251356779e-01,-1.033872247970924751e-01,4.717186406604899629e-01,5.707064464656791403e-01,-5.444889379712878480e-02,5.160562691188035345e-01,2.802637288275457439e-01,3.807051907254037082e-01,3.567046310957513455e-01,3.410749998053963505e-02,3.222639304918045178e-01,3.476752049572339187e-01,4.126119682067758143e-01,2.036849438258257206e-01,5.097404555710022267e-01,4.689569532631371329e-01,6.988991560847616080e-01,4.339545194603823819e-01,4.325339721968697870e-01,4.635995024736710990e-01,2.154128499929509055e-01,4.405890288268346500e-01,3.542033112799275463e-01,3.866252571063690802e-01,7.662347409210583660e-01,3.235861672373902542e-01,4.051176780518744303e-01,2.447958980835993059e-01,1.274584063351424379e-01,2.558648458142116500e-01,1.804925414518532001e-01,2.922246432332765709e-01,3.268031293909740564e-01,2.091567433714224267e-01,7.615941559557648510e-01,2.755646567995565510e-01,5.373527875322096081e-01,3.473353229162889910e-01,3.132073689221381851e-01,1.941106533112248456e-01,3.409931627760705020e-01,3.049607030045181078e-01
6.434784834602783055e-02,1.225895335323346769e-01,-2.302863208923014438e-01,8.156114302692470119e-02,-7.279817682254219324e-02,1.141585321386983792e-01,1.071045242520895363e-01,2.887703779657047054e-01,-1.994124654244068817e-01,-1.223040827737441050e-01,-8.788081435611701242e-02,1.032580160886251847e-01,1.893501396451560681e-01,4.354534791460402954e-02,9.071171980382031208e-02,1.396476391647045456e-01,-1.009669348205077394e-01,1.437002223503887899e-01,-1.348465789009044291e-02,-2.423380644682762153e-01,1.777870049330082247e-01,-9.511261384495399429e-02,2.115890357288668089e-01,2.360208180091457608e-01,2.869502988912555133e-02,1.714191118220892152e-01,-3.666786460810957798e-02,1.407739353682833927e-01,4.153751219444853232e-02,-1.457116857836749657e-01,1.281753445224926291e-01,3.327943337059375284e-01,2.093509628119768484e-01,1.149858010300750799e-01,3.976829591726859237e-01,-1.380154857933429957e-01,-3.999672164978754912e-02,-6.697387129298169872e-02,3.077652954681855402e-01,1.281725580238911866e-01,3.131097813032215349e-01,-2.500510641165005765e-01,1.187870566972604736e-01,-1.344641928034497058e-01,2.106030771947406399e-01,2.874401983785800918e-01,1.756148452321090181e-01,1.889571396070830744e-01,2.489282757969066562e-01,6.196198300735051429e-02,2.807173393768130354e-01,1.685228212013428761e-02,-2.797143674813143965e-01,3.097654955114436115e-01,-1.612713736053992819e-01,3.085707779853055222e-01,3.616636126503087745e-01,2.996487012312139542e-01,3.387870854191731285e-01,-1.038032468657692498e-01,1.633424146048864656e-01,1.042222985278639796e-01,-4.002316218345965820e-02,6.407460861665435770e-02,3.773872326373101660e-01,2.197056500736413454e-01,3.365958909192326431e-01,8.279212154129046430e-01,3.617634588905293547e-01,1.024633440125252704e-01,-8.760797853214744024e-02,2.779371343821275264e-01,-4.283707933014786751e-02,-1.564927188060313279e-01,-1.378808511715615137e-01,1.282059628037721388e-01,2.755646567995565510e-01,7.615941559557648510e-01,4.319534112794365388e-01,2.250265879757576415e-01,1.945576806752210564e-01,2.828530447273194248e-01,1.539006816447222644e-03,-1.857980388328310875e-02
5.238874153397828914e-01,3.155949153529858386e-01,-3.373534902783221767e-01,1.390113995108267775e-01,4.747625700845075486e-02,3.039236464887926092e-01,3.197852474948800761e-01,3.291656670185175854e-02,-1.441110043531770857e-01,3.630626912976370746e-01,-1.263474277052147599e-01,5.834600939195708214e-02,5.132901213595275625e-01,-1.336837608467084104e-01,1.617291939801853706e-01,4.543982559527361964e-01,2.530764229618761019e-01,5.818107432150269043e-01,-1.477180892738310936e-01,-2.808426612673809997e-01,3.952025293229011194e-01,2.306543294753516174e-02,-5.966868792146304452e-03,2.455061121065541530e-01,3.638561362446289804e-01,5.170906763623278612e-01,1.055797145560340572e-01,1.587212061861648649e-01,5.068608998795869347e-01,1.790981761730418148e-02,-7.024734768137856633e-02,-3.491588163080319544e-03,2.381058898691795767e-01,4.617402785551176780e-01,5.116131251551618853e-01,-2.675159064060242398e-01,5.674678470440858852e-02,2.441401673785064536e-02,4.541743905569067818e-01,2.832808549091419548e-01,-4.078588463003241654e-02,-1.111065463192679598e-01,3.475867982559230907e-01,-1.503443491959904899e-01,1.751973473139050441e-01,5.596311246666975103e-01,-2.564138773196318610e-02,1.158989455843070504e-01,5.240771193089813762e-01,4.001506944155678869e-01,5.857197796059467887e-01,-8.813700885626278569e-02,-2.184924166004523216e-01,4.150709248052784628e-01,7.496342614209181151e-04,5.027217472378050361e-03,3.243383509048388680e-01,5.344759132979385319e-01,5.686784851816886199e-01,7.819349014077557614e-02,2.343256671194411112e-01,4.672003450852887374e-01,6.857482773976852908e-03,3.931836627463199396e-01,1.194153516443683949e-01,2.054210463708626699e-01,5.893613809016254868e-01,3.354340337036315622e-01,7.068577649360140436e-01,4.750370381097962502e-01,1.711314681854939346e-01,1.256395874091102149e-01,-3.725155407907582844e-02,2.657501770576314870e-01,3.921323012828564214e-01,6.784669037772780853e-02,5.373527875322096081e-01,4.319534112794365388e-01,7.615941559557648510e-01,5.559098241473772184e-01,3.212129069587429386e-01,1.134190978947074713e-01,9.625733566508351546e-02,5.240202735643392229e-01
4.642561963965370908e-01,4.292051207243712252e-01,-9.439231728030877955e-03,9.159672067778427962e-02,2.401478439316270114e-02,6.881759749647904656e-02,1.495988965951112748e-01,-1.959353414523526959e-01,5.351305619703995708e-02,2.338974930449194134e-01,-8.188555687510243319e-02,-4.717464412521164829e-02,3.550537706741201949e-01,-2.110146736569660231e-01,2.308655856996701394e-01,2.420399060862402640e-01,7.497002690758759746e-02,3.182579638056267646e-01,-2.451895930836157367e-01,-4.308338068505438573e-02,2.161751219727178486e-01,2.101065588201449508e-01,-1.309994742037218496e-01,1.578778367221203571e-01,2.174768028525377594e-01,3.708415544176110745e-01,6.074760301955046266e-02,2.954143415525271044e-01,4.453982407040784075e-01,-3.391802061268799073e-02,7.823069273423365055e-02,1.863188583345618543e-01,2.864111607537728754e-01,5.284195581887294324e-01,5.497570646736417155e-01,-2.880629860611776463e-02,-2.856947119935725199e-02,3.778011364262336830e-02,6.806455748033482522e-02,2.017534283261474826e-01,-2.833437541151169747e-01,8.900812889223344571e-02,2.095445322332952776e-01,-1.256453752206874441e-01,-2.670954306881811319e-02,3.659304842767892030e-01,-1.476975266481917459e-01,1.764509488510910828e-01,3.940879777776292725e-01,1.023200885646355085e-01,2.378545975342463148e-01,-2.041248762431767672e-01,-3.189728697661393247e-02,2.719535082083063826e-01,1.661278387624595121e-01,-1.604852780625350972e-01,1.291312319798638142e-01,3.974633719186456138e-01,3.832753802330293724e-01,-7.096249015848965502e-02,3.443488328864721115e-01,4.802040593894045251e-01,-5.339105367971254401e-02,1.732564301229006232e-01,2.016836016120396313e-01,2.555860658823834175e-01,2.811001982697741708e-01,8.825485369735946994e-02,5.396062425544355667e-01,8.300161190788594157e-01,-1.798534715510747770e-02,-8.456163903880346833e-02,7.724299114713879810e-02,2.407667375638405105e-01,1.844479615339200962e-01,-2.442927145623041002e-02,3.473353229162889910e-01,2.250265879757576415e-01,5.559098241473769964e-01,7.615941559557648510e-01,2.472328027775674841e-01,-3.010161189805802759e-02,-7.752791987682887062e-03,3.509660775739638083e-01
2.275593142735352348e-01,3.780772709385222807e-01,4.780339583613318899e-02,2.340250426277889206e-01,2.344382701413069425e-01,1.841429045508883033e-01,2.368736345321364734e-01,1.321480427368604549e-01,2.466213924797891199e-01,3.249243218190960292e-01,1.004572053914762897e-01,2.881408547122714658e-01,3.700140736773844807e-01,-3.332918728426202421e-03,3.011582253097140338e-01,1.803869383193842657e-01,1.425334826157802492e-01,3.622169357143978918e-01,7.343568802957427255e-02,1.355322553013882658e-01,2.699510278974693867e-01,3.320037344298197857e-01,1.560610760178302026e-01,3.390038070422847216e-01,2.680166152369793942e-01,2.807113799718172764e-01,2.196081856287306899e-01,2.562269165719152086e-01,3.120258193695915061e-01,2.743602521020594986e-01,-3.713102101387005111e-02,3.728102376143538343e-01,3.935223382931682945e-01,2.910116204819723218e-01,4.108803294781339099e-01,5.748999728083113714e-02,1.363398843282505601e-01,3.029969929985807386e-01,2.911533222972356172e-01,4.873653450689388045e-01,9.279949662499087371e-02,2.500675024143649838e-01,5.135900747882243822e-01,1.308505133429161693e-01,3.600991936657962356e-01,5.467682971142220349e-01,-3.872985676879159983e-02,3.495970436061669462e-01,2.666481050135757203e-01,1.935793766602042221e-01,3.322454667468163758e-01,6.182475971994194630e-02,1.898125414704702196e-01,3.294326257068299624e-01,3.745368702277248607e-01,1.949281821368090695e-01,3.125960311241219314e-01,3.802209259190735269e-01,4.226375367546467143e-01,1.452593937789386502e-01,3.510846772856595077e-01,4.377167945706224583e-01,4.042918902757710042e-01,3.952492533430272958e-01,4.827903320089849681e-01,3.836970830017760736e-01,4.990555790805184522e-01,2.491207735867202733e-02,1.346166022217895608e-02,1.299448200295519051e-01,3.248262566030473142e-01,1.268044379407996802e-01,2.625743249109830924e-01,2.004523368882288603e-01,4.264992526477432433e-01,-2.114465653566650893e-02,3.132073689221381851e-01,1.945576806752210286e-01,3.212129069587429386e-01,2.472328027775675396e-01,7.615941559557648510e-01,1.863717474986386347e-01,4.570992517818638357e-01,2.019684560186564837e-01
7.977738773043968612e-02,1.882729199136301268e-01,-8.172884243125647921e-04,2.484861707540447773e-01,3.717074307984538639e-01,1.349713885257648738e-01,2.601500497933358358e-01,4.327361256071968199e-01,1.568744980198986116e-01,2.668683124820372954e-01,2.535781589525236135e-01,4.632714468145087139e-01,2.399932279464719043e-01,2.586757134061948293e-01,3.276779901403678030e-01,7.034958721317789709e-02,1.733409148087710905e-01,2.506472599801812806e-01,2.039896128106371553e-01,1.013076946437621029e-01,2.749936424836237348e-01,8.552907314941937678e-02,1.897309469501273771e-01,2.868227636759412835e-01,3.959647701597327624e-02,1.752051132391517496e-01,-1.693737277589894841e-02,4.137861216943655718e-01,1.427618134347624912e-01,1.860067246604840130e-01,1.033814628620094017e-01,3.887422377626638115e-01,2.825220444082997551e-01,2.232999144080425810e-02,2.776154111729314811e-01,1.838296272097338785e-02,1.538161314515809064e-01,3.724226303199315580e-01,3.562513937044421430e-01,3.422939826291329091e-01,5.301819834373072693e-01,1.684806514507120878e-01,4.315395646129147056e-01,2.148302138311867227e-01,5.033776125584845662e-01,3.107962085237241934e-01,3.992542318591518202e-01,3.251383283641140487e-01,9.909838224806817586e-02,2.828952530311618641e-01,3.255384389735257455e-01,1.506938092229937465e-01,2.244416811260176725e-01,4.078557358618836171e-01,2.523093503469834853e-01,2.586328543235105193e-01,4.664961252429681293e-01,1.422244412803945479e-01,2.803105327365748023e-01,1.638486473114159070e-01,3.977969031003474876e-01,1.703603363018998951e-01,3.499880628066510124e-01,2.531875893128316402e-01,4.602296318077926385e-01,4.151616586652869811e-01,2.872702567979190102e-01,3.206816382390256792e-01,-8.625709053109192892e-03,-1.871400145369297996e-01,1.025403063630283829e-01,8.503012008233626906e-01,3.452474281269840017e-01,7.408864909483998951e-02,2.669815946673280149e-01,2.301246773086943476e-01,1.941106533112248456e-01,2.828530447273194803e-01,1.134190978947074713e-01,-3.010161189805803453e-02,1.863717474986386069e-01,7.615941559557648510e-01,3.533544377934724201e-01,1.907962823199730318e-01
2.401676063926463101e-01,2.787163650977584894e-01,4.782237312536014723e-02,3.088873999716478802e-01,5.065317290658473137e-01,1.717639090963387627e-01,3.479421326590487751e-01,9.054281614361005606e-03,3.580031373641492376e-01,3.141611793339708636e-01,2.023885809082565379e-01,1.614551725030550222e-01,4.484297628166574734e-01,7.441066578472625703e-02,4.507465978865327072e-01,7.486583819744749291e-02,1.825587568713825382e-01,1.833321847697629570e-01,1.016549290012554591e-01,3.046701601215547339e-01,-5.748397448976104267e-03,4.109876737624253984e-01,1.111423434922151482e-01,2.789780041391570764e-01,1.212593083434882479e-01,2.033614025137619186e-01,2.855802208801641040e-01,3.588616541495970869e-01,3.913859181573943746e-01,3.928447540860403042e-01,-6.584033100768307833e-02,3.622372225768714649e-01,3.110978306016413120e-01,1.573367972472503595e-01,1.754707006966675920e-01,4.664578471375998431e-02,1.012485465209065211e-01,4.092851121068907805e-01,3.244930875932842129e-01,3.891846743594534752e-01,3.872356987819416951e-02,3.242152837719065595e-01,4.120071404066544818e-01,1.954425289769500251e-01,3.070554350309735447e-01,3.985615709848076560e-01,1.352852974605563974e-01,3.968758294467146786e-01,1.088355592518056442e-01,1.769646080365791518e-01,1.033640206965013297e-01,8.541521550633626725e-02,4.188188654650101816e-01,4.409821717642621597e-02,4.606569186381360703e-01,1.922694121026978231e-01,1.969478425885549666e-01,1.426824970175547269e-01,3.859164438253858131e-01,4.165058722965925275e-01,4.032684241023677951e-01,2.609719438710645933e-01,1.588567057572062569e-01,3.068842291868819072e-01,2.520227105203422524e-01,4.844909761323447639e-01,4.724348914124313348e-01,-8.601887465420425538e-02,-9.573396035568554341e-02,-9.643955681863695950e-02,3.986737029546562616e-01,2.319489558870244938e-01,7.082737745671926488e-01,1.713917248683966832e-01,5.216073072676122857e-01,-1.347961148701320999e-02,3.409931627760705575e-01,1.539006816447236522e-03,9.625733566508352934e-02,-7.752791987682845429e-03,4.570992517818637801e-01,3.533544377934723646e-01,7.615941559557648510e-01,3.385528735258154769e-03
3.774149642394194482e-01,2.731609161927952556e-01,-1.951251965571673408e-01,-5.564549389643079491e-02,2.593991582703590315e-01,1.298606063811099387e-01,8.281542617868445366e-02,1.581467508618117357e-01,7.416158998241723088e-02,4.936005642246621417e-01,2.022336812503402678e-02,2.898290131274607884e-01,3.312896256538551687e-01,2.290428414408185107e-02,1.435160844818063053e-01,2.296830149705300916e-01,1.718163717166398263e-01,2.926881567198222345e-01,-7.481102363346582573e-02,-5.734541063650442499e-02,4.066384282749133106e-01,2.582019859573903356e-02,1.326388398817150704e-01,4.515078180097997218e-01,2.546459084332642897e-01,3.297022446381666638e-01,-5.998251086447900504e-02,3.360430309743144273e-01,2.937378689169516388e-01,1.447206179062576759e-01,-1.402266956157323941e-01,1.555015805770594284e-01,3.809397935463476048e-01,3.923006911422393661e-01,3.286026083455556024e-01,-1.788489836322690596e-01,-1.690846354226811787e-01,1.549073411195887595e-01,2.810270373611122863e-01,1.576604691746723019e-01,1.197041510767650058e-01,1.153286640075484870e-01,4.505348250792634013e-01,-4.470118978041061689e-03,3.691630655241038839e-01,4.229973415296868211e-01,-1.193042805917176319e-01,9.253870454220086694e-02,1.677810171169320241e-01,1.939868885193773984e-01,2.664874229623121482e-01,-5.752153947819407809e-02,-5.911504613384731266e-02,4.465075981990883625e-01,1.841052874763869293e-02,9.868861585782773282e-02,4.424304967338087979e-01,3.147842121929074199e-01,2.495269064259054703e-01,-3.913093701179526374e-02,4.471913490319205375e-01,2.089372228562176304e-01,2.925229047590067188e-01,4.282080852755106304e-01,7.065348633179047155e-02,2.456106052307883425e-01,3.101125601540168919e-01,4.459847496092313179e-02,5.363478134428578681e-01,3.880261825240579610e-01,3.762027188865521010e-01,7.430491227822051681e-02,1.126697825600155717e-02,7.876038109328101777e-01,4.933479353243686027e-01,-2.512875260428467650e-01,3.049607030045181078e-01,-1.857980388328308793e-02,5.240202735643393339e-01,3.509660775739638638e-01,2.019684560186564837e-01,1.907962823199730040e-01,3.385528735258182525e-03,7.615941559557648510e-01
