7.615941559557648510e-01,-6.316881494287585053e-02,1.786541170698956738e-01,9.556655874114321214e-02,1.252769873055396554e-01,-8.837204767469333810e-02,6.888078707449553362e-02,1.842899434615523704e-02,1.711010714345677086e-01,-4.982699049915831346e-02,1.257102004313354060e-01,-2.429971545295755431e-01,1.304181690755818468e-01,-1.781786035678619984e-01,-8.751401676598604198e-03,1.099537399695794948e-01,-7.555074026654837183e-02,3.037312066944085620e-01,4.879266686325887253e-02,1.188263706049502016e-01,-1.828643428817023908e-01,1.854582211151284965e-01,-6.840629146514808946e-04,-1.256470047269817869e-01,-1.056618294949242809e-01,-7.768716451454238392e-02,2.350899177215688973e-01,5.632024309288475861e-01,4.211988341109536987e-02,5.505386432360721144e-02,3.583508031622135714e-01,1.484747566421303344e-01,-4.727258080585241412e-02,6.139715569860860755e-01,-1.328077796423413892e-01,1.878909301422545808e-01,2.509353244047740281e-02,2.097417798694576618e-01,-3.060871055737663937e-01,2.337042001806404479e-01,-6.962529242474091440e-02,2.550699418716012024e-01,-2.087344238010872266e-01,2.495550365810052795e-01,-1.580248358941039877e-01,5.743660094658945697e-02,-2.890166165830258121e-02,8.519365133712668292e-02,-2.121988453563230376e-02,-3.415966431489948496e-01,-9.319265205901244853e-02,9.686682982659094998e-02,1.378650517734072434e-01,-3.222092602275337114e-01,1.361484166484733249e-01,-5.331639739324208621e-02,-1.485090082973647418e-01,-3.018344354412206831e-01,-3.392916613622576905e-01,1.373752715948381442e-01,6.144954197491822034e-01,-9.398390019449742727e-02,-1.383356375096422286e-01,2.263650852194655505e-01,1.070053557664696342e-01,-1.658842789900470960e-01,1.263946056067052036e-02,-2.707333113519009848e-01,-2.255846398393263064e-01,4.474059797039968422e-02,-3.697438361113929844e-02,-1.363679687927584969e-02,-4.116383673111838337e-02,-1.177835889813165504e-02,2.416101465167145787e-02,-1.032780556364918875e-02,1.694097056776401322e-01,-4.201481149945965887e-01,-1.626499622727934080e-01,-1.098274834944969192e-01,8.677568165859042559e-02,3.205629319821805268e-02,-4.231025494541157395e-02,-1.934031687880826203e-02
-6.316881494287585053e-02,7.615941559557648510e-01,1.332523481960472093e-02,-3.573838522399683248e-02,-2.010790906709228054e-01,1.193159595136237573e-02,-3.649378319829560402e-01,3.246690355236019412e-03,-9.830841804794933358e-02,-2.419446161689678410e-01,-1.436757736061072543e-01,-6.912161792756417455e-02,-2.629680273529872991e-01,-1.461996493231793870e-01,2.327258576604130935e-01,3.474717781284180629e-01,-2.802964917914975707e-01,6.296997167646069260e-02,-2.298150558805588661e-01,-3.245898018968206705e-02,4.646434240903271617e-01,1.600173172751231110e-01,1.560120282500978284e-01,1.866589274114096308e-01,5.896681008288467279e-02,2.270431806489856819e-01,-5.259460187980930651e-02,-2.293099873504936270e-02,4.663037533983585559e-01,-3.187854853976407887e-01,-1.783862836198828183e-01,1.924797133217335046e-02,6.110487174597626359e-01,5.332526777082472608e-02,7.761968283234891297e-01,-4.268639777026833615e-02,-3.343195505326081451e-01,-8.760602964251357205e-02,-2.902865864959376929e-01,-4.138761102227171973e-01,-5.632074718474033848e-02,-6.217533660686489633e-02,-1.227906237888794910e-01,-1.054852962433732722e-01,-3.341617663442096875e-01,-5.022970923390440712e-01,-3.503946465931780385e-01,3.033056993041990390e-01,5.755678618651770551e-01,-4.558245804029643633e-01,4.288964924071933527e-01,-1.906871552111104318e-01,-9.961506317286632217e-02,4.666844245390554535e-01,1.436374044552423193e-03,-3.274151211901364655e-02,1.042601827810338555e-01,1.072419488520519881e-01,2.657567194945386624e-01,-1.389916631571921080e-01,-9.017519261513437523e-02,2.824451598203955305e-01,-3.767726597840590497e-01,-1.890309999223162007e-01,1.581409092178531484e-01,5.327429915458987697e-01,-3.598972326313109038e-01,4.422717251359517890e-03,-1.694270530379610173e-02,1.788046254926755618e-01,-5.974584332621888511e-02,-2.587314192924615175e-01,-2.225240970579815403e-01,-1.371422795988254673e-01,-3.229869143971753065e-02,-1.401186223901590422e-01,-2.305607711759324052e-01,-2.485204655196562307e-01,-2.016511122025965719e-01,2.556941028988631848e-01,1.053802215910396023e-01,-4.094799033429145640e-01,-4.358189138367478677e-01,-2.008381501697886068e-02
1.786541170698956738e-01,1.332523481960468624e-02,7.615941559557648510e-01,-5.619215544123200290e-02,3.432031151050266571e-01,-1.147572355218824669e-01,-2.447439416568610027e-01,5.414930211599815468e-01,5.448993380675026810e-01,-1.217630100901377216e-01,8.594448386754622859e-01,1.329357085212357625e-01,-1.380891813288644410e-01,3.800727163697138478e-01,1.151189799127675245e-01,-8.146862936182337755e-02,-2.000081591848100193e-01,9.290751842470634791e-02,8.651869323657250810e-01,4.576518667786432237e-01,-1.327721414381520804e-01,4.927238892323602681e-01,3.174002918073568491e-01,-1.176510706845576709e-01,-1.871890552028116772e-01,-7.467333226694272685e-02,5.046816335131395492e-01,3.768125123768134022e-01,-1.230228044189004555e-01,3.273072481120026245e-02,9.496704640728603763e-02,9.296563512548830510e-02,-1.744997859231305418e-02,5.723671492193849880e-02,-1.783707434198317510e-01,9.421317571485823272e-01,1.613827354936115954e-01,5.277769982989772846e-01,-7.432717706043129313e-02,1.417893637943119511e-01,4.876034629166801637e-01,4.342738992966048706e-01,-2.662071540287245797e-01,8.663157603874966917e-01,-1.218108881451582665e-01,-1.443612762062692345e-01,3.216964382158012947e-01,1.344709704656731897e-01,-1.442494140314284357e-01,-2.677163055570974670e-01,-3.419639851185676260e-01,7.716658930102741065e-01,6.068069234550104163e-01,-2.121501194900028420e-01,6.141407756704212462e-01,4.416361444566051508e-01,-3.101102446015188696e-01,-3.386970374111227255e-01,-2.354825728336115698e-01,4.354607472193284812e-01,2.884560480866439347e-01,-3.057296227546601464e-01,-1.158428480678386913e-02,2.296968026359948178e-01,1.243004799544310812e-01,-1.810469794365286988e-01,-3.089784118214560782e-01,-4.786025319423953817e-01,-5.476581978913274140e-01,-2.457043718099115592e-01,-1.628285403136973397e-01,1.367470979081929494e-01,9.223626762929275358e-02,-7.762329284206219426e-02,7.990662664250242075e-02,-1.733032047315154478e-01,-8.647462149889495464e-02,-5.430354869817948238e-01,-6.762007966852914276e-01,-2.775840239520647179e-01,1.888671080686090895e-02,5.704408346091464216e-02,9.508686158736688598e-02,-1.022008363521000052e-01
9.556655874114321214e-02,-3.573838522399681167e-02,-5.619215544123198208e-02,7.615941559557648510e-01,1.488905674969315251e-01,5.690750861163586249e-03,1.777925766134959562e-01,-1.857062239908995327e-01,9.297367122746102996e-02,1.501142575649275224e-01,7.024324650338652221e-02,-1.548855826021567905e-01,1.050228634893082130e-01,-3.863542101141459548e-03,-4.790874919184698322e-02,-4.743655125900975850e-02,1.828217889205721314e-01,5.274876115910891866e-02,-4.249554644387871366e-02,6.215312987208303913e-02,-6.540425589830169140e-02,-1.062286088205012177e-02,-2.165125787797219925e-01,-1.348324688371096702e-01,-5.504442437049730796e-02,-1.145811383257273747e-01,1.104591458444467988e-01,4.261239856884509875e-02,4.651279149167871635e-02,9.887728091927892871e-02,4.143519022619445158e-01,8.814563881933626388e-02,-2.090260126540725155e-02,-3.994190391122561662e-02,-5.796598830042939965e-02,-1.154062320394124708e-01,2.715726911466645466e-01,2.073288046867275691e-01,-1.086778027567368576e-01,5.144139362582800939e-02,-2.591472971261972735e-01,8.911622198173077547e-02,1.933332325943821761e-01,-1.896312920983617492e-02,-2.617995637203005682e-02,6.719006220915069161e-02,4.083585473936984789e-02,-1.053392539453107818e-01,6.165001610675683447e-02,3.394843836003971771e-02,1.349256207757556225e-01,-1.686484099095143241e-01,-1.970697659262797986e-03,-1.228458031685461110e-01,-5.105523922851933072e-02,-2.518023968763969389e-01,-5.030959704403854121e-02,-1.913459674337068539e-01,-1.856092462538685151e-01,1.593755164285700077e-01,1.460883606764031561e-01,5.563782976232336391e-02,3.595033021656132144e-01,-1.168303034208555968e-01,3.107923281708340271e-02,-1.845237103206177204e-02,-1.092106074432234730e-01,-2.735791795185291142e-01,-6.309513284297278701e-02,-7.896742546749033198e-02,1.671657847792538676e-01,2.650166723536594993e-01,9.893880586870569538e-02,1.772942581398731787e-01,-9.915626449951014248e-03,4.146459891402150266e-02,-1.770886303703760045e-01,-3.328777864316818658e-01,-1.645761295187000419e-03,1.014092145065892403e-02,4.509318018562154425e-03,4.235703484019562315e-02,1.393531535886884665e-01,2.291322738100464440e-01
1.252769873055397110e-01,-2.010790906709228332e-01,3.432031151050266571e-01,1.488905674969314974e-01,7.615941559557648510e-01,7.765920808704730727e-02,3.046385410213718337e-01,2.339113168604065596e-01,7.386088715157518303e-01,6.320071120093621875e-02,5.066040540097864753e-01,7.286668806410102894e-02,1.125232168786183540e-01,3.856321125510902559e-01,1.544023591615147351e-01,-3.646479299555628328e-01,7.776176341838413053e-02,-1.386505289460796819e-01,2.685408086266304339e-01,5.354516074281107096e-01,-2.516389519472872482e-01,3.429188526157885275e-01,1.148846735152294352e-01,-3.085983665787920827e-01,-4.310055083190263980e-01,-3.324136652914352896e-01,6.343398345129991345e-01,1.182185640564889090e-01,-2.101183147549433028e-01,2.029550183302008259e-01,2.014145086169992771e-01,1.026906739780729938e-01,-2.960386145709170136e-01,3.031608089374273132e-02,-2.512907457185687421e-01,3.610309588644319834e-01,3.153684425847814166e-01,8.865728926444554903e-01,1.632720966824041942e-01,6.807017165267680303e-01,2.857553285546725608e-01,6.450411893110571393e-01,-4.783488000655484323e-02,5.681855504079135200e-01,6.187624811408540260e-02,2.410354458397874489e-01,5.402022610656871393e-01,1.718480636929663741e-01,-1.798811749002613147e-01,-8.079721418755161921e-02,-3.570578107949087809e-01,2.106087837285980924e-01,4.540105906371606492e-01,-2.575896290366773145e-01,3.975401066138823380e-01,2.141566303168135343e-01,-3.757645464420401593e-01,-4.097487577875856268e-01,-2.410046988865550410e-01,6.175491151963802272e-01,2.640235003077569531e-01,-2.163406575653831487e-01,7.261378554525550755e-02,2.670890513008628009e-01,2.816943265644981931e-02,-2.310263794386720748e-01,-1.806603460398123751e-01,-5.287302063767034266e-01,-3.674003786245886860e-01,-1.402421122219727478e-01,-2.161737585769960557e-01,2.796182615767586754e-01,3.274416468411439074e-01,2.205339286277148148e-01,1.917479361839171670e-01,-1.208931004681793042e-01,-1.300789567524748835e-01,-3.702483470332281756e-01,-4.921497383636272982e-01,-5.446768409876757283e-02,-8.895569319539382847e-02,3.785751957617515817e-01,2.568219732358535956e-01,1.372933094952282496e-01
-8.837204767469336586e-02,1.193159595136235492e-02,-1.147572355218825224e-01,5.690750861163544616e-03,7.765920808704729339e-02,7.615941559557648510e-01,4.402800140925660494e-02,4.143921749012577926e-01,4.576682605140033021e-03,-6.483036706080851086e-02,-6.952998468610660510e-02,2.326540744066084021e-01,5.203284734861525207e-01,5.249710568276128031e-02,-8.824533377628698827e-02,5.151809933989023316e-01,2.362246365923496016e-01,3.139309486671196803e-01,-7.376454630040575611e-02,1.614049518882503531e-01,4.211288079862757217e-01,2.032132427617063808e-01,5.106659151986679968e-01,-5.944561673457535167e-02,5.439133733077516908e-01,3.614246683321192255e-01,2.053853592526826699e-01,-1.239884892797143978e-01,3.259027343316832082e-01,-1.918348144354893869e-01,-2.311071840553206025e-01,-1.648244596060682299e-01,-4.831356993324389948e-02,-1.835293429774821905e-01,-9.613276703021429725e-02,-1.423863388663875462e-01,-2.071435457341467001e-01,-1.237112932738684314e-02,3.700877186364460725e-01,8.002887212376456894e-03,1.637966307702699298e-01,3.923824980779926086e-02,-8.937484455390473648e-02,-1.273244551472383357e-01,-7.951941667116280144e-02,1.113915333848355255e-02,-9.906363805403661793e-02,-1.434597043254862703e-01,1.384263158748578679e-02,-7.153387382732309674e-02,-6.796252671159883074e-02,-1.425099954962265603e-01,1.202130297320981589e-01,4.089713616193153822e-02,5.066763897756889484e-02,9.407328678183658754e-02,-1.597081799010233727e-01,6.269033926570792559e-02,-1.903999516153270510e-01,1.281772255834708052e-01,-3.239132739993019761e-01,-6.255758978568493056e-02,-1.712522048154326015e-01,-1.011095153556987453e-01,-2.454446851362638293e-01,-2.146448606128729675e-01,-4.948059668575310877e-02,2.930296884027946969e-01,-3.990655337036849715e-02,-1.600236848738171083e-02,-7.528128316712737189e-02,-3.552055563812432648e-02,-1.418055850242459781e-01,-5.134073531434232840e-02,-1.929820148048853878e-02,2.418347837104065645e-01,2.337726734253200433e-01,1.852728645611121869e-02,-1.016702719522997594e-01,8.835046638747087386e-03,1.450954913274598856e-01,-1.777928519869420854e-01,-2.029891673174591127e-01,-1.697001508854681373e-01
6.888078707449551974e-02,-3.649378319829559847e-01,-2.447439416568609749e-01,1.777925766134959840e-01,3.046385410213718892e-01,4.402800140925663269e-02,7.615941559557648510e-01,-3.227054512688570242e-01,2.279358831622334269e-02,5.510920462838700962e-01,-2.314462603526048767e-01,-3.931631727024638943e-03,4.103204679893497908e-01,-2.369962403357336878e-01,1.238876802114210335e-01,-1.236372624198503051e-01,3.616762780995057547e-01,3.439959792117899123e-02,-2.493759406441007909e-01,1.203307691397982743e-01,-3.722029391959367217e-01,-7.936212032729451915e-02,-2.731034765234741091e-01,-8.214563075077062348e-02,-1.239736981638732416e-01,-1.557915298473670218e-01,1.956452068843330117e-01,3.131662020257420381e-02,-9.440313205207455372e-02,1.142503153804736160e-01,2.743175498232947596e-01,5.999218938912284638e-02,-1.337587372247899531e-01,1.386241737864396251e-01,-1.767075750319982430e-01,-1.654034955093310610e-01,2.656270794870848051e-01,9.074318080095682137e-02,-1.015119723204692057e-02,6.678578124997763821e-01,-3.390417386637007979e-01,7.200685720494240383e-02,3.742972821176671627e-01,-1.839326547323592576e-01,1.078485682559055109e-01,4.171732006157811701e-01,6.615997240716858796e-02,1.010309740339870310e-01,-1.459762024245997714e-01,2.674123093123675909e-01,-1.397931676228446884e-01,-1.892090071880068725e-01,-5.908709714556037440e-02,-3.520070566067121653e-01,-1.225145583146251271e-01,-3.126521741251654940e-01,-1.881023526619396702e-01,-1.219438435032241530e-01,-2.240721464899191606e-01,1.626373167395677999e-01,1.835940687584801667e-01,1.293659371143603652e-02,-3.360442065214252344e-02,1.502492661908900184e-01,2.757360329481654826e-02,-1.675110872659076044e-01,3.657256652925655049e-01,-1.813026532674951175e-01,-8.324843074309321023e-02,-1.405621591365866230e-01,-2.140417377712606761e-01,2.939108318100285278e-01,4.007102690894909780e-01,2.887064355803276028e-01,2.503490242914671593e-01,1.563500794451039011e-01,3.215619580824249923e-01,-1.723404677876076013e-02,-4.068224582922606858e-02,-1.473177771879213838e-01,-1.526594399852057582e-01,4.127380184769094407e-01,2.786806407757368986e-01,-4.624313659736706272e-02
1.842899434615525786e-02,3.246690355235991657e-03,5.414930211599815468e-01,-1.857062239908995327e-01,2.339113168604065596e-01,4.143921749012577371e-01,-3.227054512688570242e-01,7.615941559557648510e-01,3.061405591008952154e-01,-3.569837462319113558e-02,5.519906839643125007e-01,5.527872434464687901e-01,1.500040370165078574e-01,4.812650378400682438e-01,-5.030330359949539837e-02,8.882388932390167247e-02,-1.420686547697838920e-01,1.054504264900468502e-01,4.287597838512111070e-01,3.923283279856275563e-01,3.838072860672325226e-01,3.615889269974377762e-01,8.022173670231311782e-01,4.011205244338884035e-01,1.390365380531429218e-01,1.916926100339839956e-01,2.650995737660076235e-01,2.833749116157910364e-01,-6.738244290049941188e-02,8.718161954443011050e-03,-1.794170209521368797e-01,5.550618697800618201e-02,5.061416333877065410e-02,-1.364770605358181788e-01,-1.851953014319950575e-01,4.543713616865796001e-01,4.019045784826770495e-02,2.324227253407361860e-01,2.634900590772774054e-01,-6.306135448646453534e-02,8.480511427355508225e-01,1.103828006320645982e-01,-1.086066757232690277e-01,4.525369343236465003e-01,3.467594854408476146e-01,-3.164546304000350613e-02,3.386137569249878521e-01,-8.024648787859436916e-02,-2.770550965185170633e-01,-2.332733497920713994e-01,-3.367381844187005147e-01,2.789548664649781906e-01,3.919140720096851993e-01,1.201942463077660811e-01,3.415363199227116064e-01,6.931219500410666923e-01,1.358052602278468357e-01,-1.645396142228193193e-01,-1.597415493412238374e-01,1.911623101768168687e-01,1.297899677021757681e-01,-3.332848927716875465e-01,1.571037222762489138e-01,1.105151281248292761e-01,-1.141934343267881624e-01,-6.121752759336317185e-02,-1.731747409293297457e-01,-1.765279085052631758e-02,-2.302982948295854981e-01,-6.940011283456663793e-02,-1.026986579674615818e-02,1.875180305320866547e-01,-1.471815301371353912e-01,1.146661942204786483e-01,1.824567248022039845e-01,9.717615175428911609e-03,5.176222112082298071e-02,-7.481921677952213523e-02,-3.370587243058134619e-01,-1.453416871627016826e-01,1.902773901660384515e-01,1.653082660913727520e-01,2.403971167798373346e-02,6.275810972007786481e-02
1.711010714345676809e-01,-9.830841804794934746e-02,5.448993380675026810e-01,9.297367122746105772e-02,7.386088715157518303e-01,4.576682605140060776e-03,2.279358831622332535e-02,3.061405591008952709e-01,7.615941559557648510e-01,-2.573879867717802084e-01,7.050323742386132020e-01,-4.059792915179250700e-02,-4.577109882973663668e-02,3.173774612056047273e-01,2.632440580272612518e-01,-2.312394680585544426e-01,-1.454333055855807355e-01,-2.567993593313394607e-02,5.734560308477210100e-01,6.539888940610916190e-01,-1.754138044086394621e-01,6.180811405569901495e-01,1.279060987686776729e-01,-3.764152883902850966e-01,-2.751712549862628809e-01,-1.444651107564616233e-01,7.314686947062959410e-01,1.641079628201828622e-01,-1.088032558226205149e-01,4.224733471623230707e-02,2.570423307750127617e-02,1.462297308237283516e-02,-2.404792511993216753e-01,-7.476361684095145232e-02,-1.961186210086242054e-01,5.465505325595944042e-01,1.376318722351640711e-01,7.479742001664241302e-01,-1.224649897031107465e-01,4.124384362264492676e-01,3.015968459034785720e-01,8.415772768849065777e-01,-3.323018715718012439e-01,7.365745095976808932e-01,-2.890659509897895441e-01,-1.398652516942702484e-01,2.432198058919337047e-01,3.081396183754273599e-01,-1.379714691366747403e-01,-3.330876294385621827e-01,-3.566897516551374436e-01,5.289267146271743325e-01,6.701934254886430242e-01,-2.557316794453466380e-01,6.806116832541111439e-01,1.972189735983593817e-01,-4.207735423751085557e-01,-4.536467287210516064e-01,-2.904893292917319902e-01,6.781095637345631033e-01,1.670618898076573766e-01,-2.268482976112086713e-01,-8.764740029805107024e-02,2.076492364857510375e-01,2.764845622597233640e-02,-3.297395590153941458e-01,-1.223358077098556096e-01,-4.091324326478867346e-01,-3.551125288505153632e-01,-1.012690047191130843e-01,-1.852042840635489407e-01,8.897913976734952990e-02,8.802703434044951980e-02,-1.637293372229445265e-02,-1.161314460336106656e-02,-1.927451951763614613e-01,6.860556850540697194e-02,-4.045846608680864764e-01,-4.886653827393740435e-01,-4.300289113223101922e-02,-3.930169615419583200e-03,1.325636286166189948e-01,1.153932360468269136e-01,-6.650935941943642016e-02
-4.982699049915832040e-02,-2.419446161689678687e-01,-1.217630100901377077e-01,1.501142575649275224e-01,6.320071120093619099e-02,-6.483036706080851086e-02,5.510920462838700962e-01,-3.569837462319113558e-02,-2.573879867717802084e-01,7.615941559557648510e-01,-9.315187274010609808e-02,3.738867099600258204e-01,2.706618465704240251e-01,8.897699358345638465e-02,-1.043049295750960864e-01,1.630087805765212117e-01,6.248259821679649217e-01,3.512139197365500842e-01,-1.375738168155242191e-01,-1.799245955414188747e-01,-4.929557633185579490e-01,-1.616456411984841524e-01,-2.014242979466520922e-01,2.112270160822868059e-01,1.472293072683495685e-01,1.370674008645921815e-01,-1.943898626904506099e-01,2.048708658357631662e-01,-3.356654575425744857e-01,3.452849033224025810e-01,3.772994856871672575e-01,1.675197415605874374e-01,-4.187672888325861403e-02,-4.713248096590195329e-04,-1.628791696731742566e-01,-1.597566739502367661e-01,9.984228239118675408e-02,-1.064202967257276908e-02,-2.020730097340117104e-01,8.168677261159509873e-02,-2.077762064909588202e-01,-2.550403345280467526e-01,5.630826589875992383e-01,-1.017840756056548057e-01,4.060752520361995965e-01,4.448043735933181891e-02,2.239740425412531655e-01,-1.189083462371226391e-01,-1.358144237767381357e-01,3.451368686638662253e-01,1.085685331777459378e-01,-1.481150067298339090e-01,-2.051424338549715509e-01,-4.441686228581945839e-01,-2.284722583348151315e-01,-2.901423630799611075e-01,6.096174960043246327e-02,2.561421178274589372e-02,-2.297142960044778748e-01,-3.535394668294875586e-01,3.130761637224291349e-01,-3.756632687544890770e-01,1.455070082570307233e-01,-3.249973965451601055e-02,3.347800325867876514e-02,-2.873591443917639446e-02,2.081066396461029311e-01,-7.424896318462377576e-02,1.709073869769876797e-01,1.180017212064389670e-01,-8.713089053084940860e-02,3.465799670092851170e-01,1.910398782347351165e-01,4.855964649851162718e-01,4.138201112565836337e-01,3.151978097956006919e-02,2.604251412478473249e-01,-1.428503689620847228e-01,8.459697867403755123e-02,-5.117228183608686989e-03,-9.488350413697109464e-02,3.389927150374867360e-01,2.752867012138135450e-01,2.768909105521780156e-01
1.257102004313354060e-01,-1.436757736061072543e-01,8.594448386754623970e-01,7.024324650338648057e-02,5.066040540097868083e-01,-6.952998468610660510e-02,-2.314462603526049045e-01,5.519906839643123897e-01,7.050323742386132020e-01,-9.315187274010608420e-02,7.615941559557648510e-01,2.074137271951984607e-01,-8.327549219517153822e-02,5.701984029522072506e-01,7.028753668753215389e-02,-1.140197768629991060e-01,-8.014785063157128797e-02,1.187630984475406271e-01,8.733608738108787906e-01,3.988181988179626547e-01,-2.501592851622494451e-01,4.110513146308484300e-01,2.259654168191382317e-01,-2.298998131703963166e-01,-3.006817645436307695e-01,-1.468097662613070398e-01,5.128636634881562628e-01,3.517193408184625669e-01,-2.811137044104009552e-01,1.859545637550246988e-01,-2.418522227836893135e-02,1.582126574594545088e-01,-1.064856803852724521e-01,-1.129247211614778368e-01,-3.287913685110109285e-01,7.581106163704377510e-01,1.810466524310356540e-01,6.327883538668999108e-01,-1.036804403367025673e-01,1.151889363249494341e-01,4.740279302267372263e-01,5.294226903319420030e-01,-2.772729820158301717e-01,9.413450452794410728e-01,-1.173971415936656965e-01,-2.402438061118175316e-01,4.126149872508966254e-01,8.618865540581611973e-02,-2.859108593152437372e-01,-2.630440091340501829e-01,-4.071138984435042074e-01,7.352156218768156615e-01,5.715292098069547633e-01,-3.680799025782047762e-01,5.326593116749245294e-01,3.209735377365746656e-01,-3.774501508038808906e-01,-5.148215608606644400e-01,-3.981781058609143442e-01,5.068150427939867031e-01,2.359659441379850509e-01,-4.308884624209486369e-01,4.805164205706209668e-02,1.951357428704448282e-01,1.036703051903458406e-01,-3.123765722548701440e-01,-3.356545318676631418e-01,-3.787921875390863335e-01,-4.181508630504783830e-01,-1.537270936584680114e-01,-2.133995291600414845e-01,2.896187809818913661e-01,1.401918654419211652e-01,7.780681437795844424e-02,1.243194885319647558e-01,-1.296141224797304203e-01,-1.451264273387793957e-01,-5.013177793019982786e-01,-5.842184445837802498e-01,-1.189623845484202164e-01,4.121129018625823565e-02,1.195297945321739108e-01,1.616333802293717925e-01,-4.968694482783144600e-02
-2.429971545295755431e-01,-6.912161792756421619e-02,1.329357085212357903e-01,-1.548855826021567628e-01,7.286668806410101507e-02,2.326540744066083743e-01,-3.931631727024640678e-03,5.527872434464689011e-01,-4.059792915179251394e-02,3.738867099600257093e-01,2.074137271951984329e-01,7.615941559557648510e-01,2.889728272556782440e-01,1.918294404380244123e-01,-1.622370314288994753e-01,9.358675361472676424e-02,1.564377937370422245e-01,2.991141303442568233e-01,1.575083082766370879e-01,1.228930478870735588e-01,1.286202239540331915e-01,1.161707397723238111e-01,3.513108859585730159e-01,5.213456860244345403e-01,1.292618414216042400e-01,2.570623007715888142e-01,-8.039453286219526429e-02,3.103920812708059196e-01,-1.158257314704174562e-01,7.345165872187212064e-02,-2.327363222002463428e-01,6.431285727321932322e-02,2.203626002754061619e-01,-1.493684704932039531e-01,-1.166013626911154982e-01,1.387977150929142756e-01,2.332235878542845975e-01,7.314086045660192666e-03,1.683346916471318011e-01,-9.699573621895776765e-02,4.412768771123815048e-01,-5.461270587584748232e-02,4.823905542270979230e-01,1.236011960197161558e-01,6.348417169690632189e-01,1.069509774349845926e-01,2.189643981686309471e-01,-2.511860473072086708e-01,-8.033159622562911772e-02,2.897971909141776603e-01,2.632090880202372918e-01,1.422834230715840365e-01,8.380502865185636419e-02,-5.331981852279395022e-03,7.487792703809609263e-02,2.740546361290179811e-01,4.055591810636796635e-01,1.502112259266450978e-01,1.072064647450793329e-02,-1.659221060951528715e-01,1.744394161395379783e-01,-2.396188936282722393e-01,2.056801240850537893e-01,1.760061257698633808e-01,-2.896344796668888777e-01,8.076073952070571271e-02,1.515692404229269652e-01,1.253680319649156105e-01,2.236645967601434137e-01,1.701147917759245343e-01,1.328463285595613830e-01,4.203078745375073977e-01,2.584247913084072867e-01,4.034243064920587374e-01,4.907735401226636096e-01,9.709396259421066572e-03,1.191823935938322865e-01,1.104163523458140533e-01,9.495421310659392378e-02,1.686395160194828213e-01,1.105612552950534372e-01,3.603884988733089823e-01,2.549199299416615161e-01,3.136737291583718279e-01
1.304181690755818468e-01,-2.629680273529872436e-01,-1.380891813288644410e-01,1.050228634893081991e-01,1.125232168786182985e-01,5.203284734861526317e-01,4.103204679893497908e-01,1.500040370165078019e-01,-4.577109882973663668e-02,2.706618465704239695e-01,-8.327549219517151047e-02,2.889728272556782440e-01,7.615941559557648510e-01,-6.326230042547666133e-02,-2.674197823353201553e-01,1.450674379792099566e-01,5.671769983124195225e-01,4.511815890759849901e-01,-6.776516226034572099e-02,-5.581742470707789366e-02,-2.523649377079822398e-01,-3.829096706102227965e-02,7.071254706091812531e-03,-1.009627961082640302e-01,1.231938150787130482e-01,2.177073671146365352e-01,3.099129058620909288e-02,2.804940047392278091e-01,5.034393704920216844e-02,2.407895866881538394e-01,2.919021103132335981e-01,2.469516835415637088e-02,-1.173588200879637500e-01,-1.196578061751053454e-02,-2.160473845472548338e-01,-1.559661355058295507e-01,1.605420214918742983e-01,5.880755137433680418e-02,-1.307682493939554998e-02,2.184236866544368993e-01,-8.247586816424841427e-02,6.447054024991654385e-03,-4.218181341860050004e-02,-5.059385144224608916e-02,1.698162981967275831e-02,2.890768816626381188e-01,-8.130790615169086744e-02,-1.352058291654784639e-01,-1.563188557240463572e-01,1.011418961495113289e-01,-1.874804148857578678e-01,-2.472059479281859748e-02,-4.539610609541960828e-02,-4.339029168646478252e-01,-1.124162338379878778e-01,-2.713407702331623317e-01,-1.637069296535168528e-01,-1.784018205374462707e-01,-2.038111789733031698e-01,3.350012629924679908e-02,1.699269820887505944e-01,-1.417340155436809523e-01,1.136372972764732869e-01,1.470670908930683807e-02,-1.148827353455655342e-01,-2.231141189686328963e-01,7.901167448000341598e-02,1.124273201733574090e-01,-6.677631300783362645e-02,6.056066409651330792e-03,1.203391174223903959e-01,1.148400450086458913e-01,6.162842690443671306e-02,2.172427239589330705e-01,2.125842067976398686e-01,1.473848112947888089e-01,2.408603533886466141e-01,-2.178978782205996667e-02,-2.229665979609569276e-02,3.255461066141485376e-03,-2.785803792234891815e-02,2.504840401650541837e-02,-3.085947421490795387e-02,-1.023621961906782604e-02
-1.781786035678620261e-01,-1.461996493231794425e-01,3.800727163697137923e-01,-3.863542101141480365e-03,3.856321125510901449e-01,5.249710568276130807e-02,-2.369962403357337155e-01,4.812650378400681328e-01,3.173774612056047273e-01,8.897699358345635690e-02,5.701984029522072506e-01,1.918294404380243845e-01,-6.326230042547663357e-02,7.615941559557648510e-01,3.341397505363470632e-02,-1.102418776910835535e-01,6.130784427686701565e-02,2.448836087194436462e-02,4.893710353478173958e-01,2.421380538856574560e-01,-1.220641209794972731e-01,1.678082794972406144e-01,2.811369250418233601e-01,3.441278987176499271e-03,-1.372977883652538311e-01,-9.727356329105034394e-02,2.717786158147440512e-01,3.126294426418973343e-02,-2.495234195841913860e-01,7.676790855820013471e-02,-1.234918240148498436e-01,1.550784995014319878e-01,-6.473150819852460658e-02,-1.806067012527003413e-01,-9.725701542778199260e-02,2.905027326718437330e-01,1.504928136946324935e-01,3.632186660852853022e-01,2.045701159115241030e-01,-3.553932370468374652e-02,4.679193398881992261e-01,1.017915126634951484e-01,-7.510467615888354043e-02,4.632843519856734704e-01,1.911380648848827468e-01,-6.065268516757082833e-03,7.192541993403932521e-01,1.286454333340649424e-02,-1.328979013447304514e-01,-7.231959219589355337e-02,-2.770309100225124554e-01,2.973689316754650758e-01,2.164175858746551218e-01,-1.707982953878322552e-01,2.101352739761846722e-01,3.831107305907287541e-01,-1.223702291107518353e-01,-2.103385607161815107e-01,-9.720114855550322785e-02,2.695167124635172717e-01,1.082953337041057118e-01,-2.878878060612874989e-01,3.649706717476400991e-02,1.553698998003989751e-01,-1.128358898869192967e-01,-9.807595149421635683e-02,-4.097757042396865668e-02,-1.459481068090112132e-01,-1.357874713700780826e-02,-3.399694718144335992e-02,7.370350260479677229e-02,3.491265706193711349e-01,7.382569985318918060e-02,2.651894641103048067e-01,3.648421885771182538e-01,-4.915383002929160638e-02,-7.179506357046409881e-02,3.286206688054475050e-02,-2.057507272031276202e-01,3.481418745569167528e-02,1.480283744513779809e-01,4.212327256091440431e-01,2.200345598892940735e-01,9.970691418207316969e-02
-8.751401676598607668e-03,2.327258576604131213e-01,1.151189799127675661e-01,-4.790874919184698322e-02,1.544023591615147073e-01,-8.824533377628700215e-02,1.238876802114210612e-01,-5.030330359949535673e-02,2.632440580272611963e-01,-1.043049295750960448e-01,7.028753668753216777e-02,-1.622370314288995308e-01,-2.674197823353201553e-01,3.341397505363467857e-02,7.615941559557648510e-01,-8.051025575261860912e-02,2.975538873875753498e-02,-1.566562743736942265e-01,6.700215598331678291e-02,2.011305654041483926e-01,2.854415797113313835e-01,3.160050510620061037e-01,1.069989505132982188e-01,-5.427111114033209699e-02,1.181208093536719878e-01,2.675315437236522875e-01,2.881066312250660788e-01,2.842925541257097788e-02,2.630790424066705713e-01,-7.706287919353294047e-02,-1.899014746037859871e-02,2.964885712476631463e-01,8.923895291630894178e-02,2.376889177594601957e-02,3.460914214452419091e-01,9.120131817986458500e-02,-1.619023082693712701e-01,1.557610687639001679e-01,2.064145862975479834e-02,1.431936983593727619e-01,-2.268194873950950263e-02,2.961687272787640879e-01,4.950161853301506681e-02,8.308372708224606717e-02,-1.371364013644423840e-01,-1.757375452866796750e-01,6.914958972166175555e-02,9.001556133891454037e-01,6.368643485091712853e-02,-1.927003620511885673e-02,8.676044890690451372e-02,5.329586308772017722e-02,2.439099386910345002e-01,3.800324021446497280e-01,3.352232289815863520e-01,1.545233661930017488e-01,-2.916972941123890245e-02,1.360166644916713241e-01,2.507552249771461406e-01,1.729823974704098322e-01,6.511686230992222435e-02,2.355086986340289290e-01,-1.170774117510189338e-01,-1.028751885324699494e-01,2.534337837166945051e-01,1.069248360537498471e-01,3.596542543196424302e-01,-8.953347738318642723e-02,4.162866306127942922e-02,1.074376419301483893e-01,-2.745413555075498779e-01,-1.193754094935653015e-01,-2.157397221267603471e-01,-2.037015869026708448e-01,-2.446934991079233179e-01,-1.110391178805977541e-01,4.901143370780943753e-01,-1.349374981522530326e-01,-1.023626147235351391e-01,8.070022584341085548e-02,8.823608704092805732e-02,3.009162760532627448e-02,6.687737022111753249e-02,-1.866034346928698850e-01
1.099537399695794671e-01,3.474717781284181184e-01,-8.146862936182337755e-02,-4.743655125900975850e-02,-3.646479299555627773e-01,5.151809933989023316e-01,-1.236372624198503190e-01,8.882388932390163083e-02,-2.312394680585544426e-01,1.630087805765212394e-01,-1.140197768629991060e-01,9.358675361472673648e-02,1.450674379792099289e-01,-1.102418776910835535e-01,-8.051025575261859524e-02,7.615941559557648510e-01,1.698884931921755548e-01,7.308564155919992089e-01,-7.135210406235854320e-03,-2.735798160552010971e-01,3.482983851338941617e-01,8.441660214897793446e-02,1.075092934580606369e-01,9.702533232703644539e-02,6.897894876141303921e-01,6.380805856374471841e-01,-6.398279119868388598e-02,4.335401377484984081e-02,3.315622945811284028e-01,6.272169113330615907e-03,-5.040697195139860060e-02,1.718914408016979922e-01,2.738000286707042985e-01,-1.546796477279906712e-01,2.288516650339799396e-01,-9.072526964360426438e-02,-4.544563378710613777e-01,-2.913001192680323981e-01,-2.672590397008561269e-01,-3.543481600261274012e-01,-2.865197363616118764e-01,-1.413701695089627786e-01,-1.724081498851097460e-02,-1.073915588569944179e-01,-3.188609854978796121e-01,-5.320701357357328076e-01,-3.804354583992723970e-01,-1.035612213337157028e-01,2.593583105785436937e-01,-3.097491272578146160e-01,1.487663967009362209e-01,2.784644370378291239e-02,-1.823696410419509972e-01,3.758845167523233027e-02,-1.497615083675399306e-01,-2.720761196249251723e-01,-1.330602914655954483e-01,-1.559482758291443755e-02,-1.545503979667366135e-01,-1.519660980279060603e-01,-2.151882024977408714e-01,-7.880529145245354639e-02,-3.533497241931810029e-01,-2.462170561988170359e-01,-4.042851520804606469e-02,-1.162608459766208274e-01,-1.843451671130818259e-01,4.048891884312540990e-01,3.054878654784386541e-02,1.173697212034612719e-01,-1.477597973257841757e-01,-2.939068745311415043e-01,-2.960694110697523196e-01,-1.615952925591624123e-01,-4.531051453788235983e-02,9.318456456542589805e-02,2.933866141288956619e-01,-2.278153699098625640e-01,-1.998171661832119639e-02,5.388066044419153461e-02,5.787700855968695712e-02,-4.502688808146201316e-01,-4.670855549780538740e-01,-2.496634182701360782e-01
-7.555074026654841346e-02,-2.802964917914974596e-01,-2.000081591848100193e-01,1.828217889205721591e-01,7.776176341838413053e-02,2.362246365923495461e-01,3.616762780995058102e-01,-1.420686547697838920e-01,-1.454333055855807078e-01,6.248259821679648107e-01,-8.014785063157126022e-02,1.564377937370422522e-01,5.671769983124195225e-01,6.130784427686701565e-02,2.975538873875755233e-02,1.698884931921755270e-01,7.615941559557648510e-01,4.267127936139526456e-01,5.719110151812470053e-03,-2.067713964189884790e-01,-2.993651449671715925e-01,-2.405480092951027271e-01,-2.024032596076532353e-01,3.697609473578064923e-03,2.900238466242491819e-01,2.938985801123121799e-01,-2.470910628906921036e-01,8.304282280259793481e-02,-1.092843867520610773e-01,4.090010698623333663e-01,2.509849381785179134e-01,2.440791337935708030e-02,-1.664293311177912349e-01,-1.673121116020289678e-01,-1.671518095716089392e-01,-2.056186088056583539e-01,-2.061026409025559433e-02,-3.702216659690422441e-03,4.851854212918908782e-02,2.398813278247190206e-02,-2.229073541949953274e-01,-1.274534164751055798e-01,2.374141725029460248e-01,-1.049270208616429750e-01,1.131609475077446081e-01,1.155800094633885056e-01,7.979250711128858808e-02,4.498189851290457231e-02,-1.301598335767198134e-01,4.912006057264213243e-01,-5.768351732004441124e-02,-2.239522623795655795e-02,-1.187276394840699190e-01,-3.156371948011628126e-01,-2.512930387517509079e-01,-3.238151218880084281e-01,-4.039391702954776842e-02,1.486961858738737041e-01,-5.616824293118422712e-02,-1.447504022159836201e-01,2.317407827573114351e-02,-9.636138956050281645e-02,5.897261897529630648e-02,-1.363263475684974579e-01,1.216175391603872419e-01,-1.135135323648270439e-01,3.061533257418215803e-01,2.058883832014946624e-01,2.592716711230470539e-01,2.841618344432803381e-02,-2.883940058268087692e-02,2.598841931802571836e-01,1.404546851124391371e-01,4.279467937864551152e-01,8.230132023554838361e-02,1.935374528632667623e-01,3.271608724037973759e-01,1.326006691802011639e-01,1.717687915169503199e-01,4.250754013407415099e-02,-5.818989440033923988e-02,1.323600458033287464e-01,1.656882501186162093e-01,3.458521069765716632e-02
3.037312066944085620e-01,6.296997167646067872e-02,9.290751842470633404e-02,5.274876115910892560e-02,-1.386505289460796264e-01,3.139309486671196248e-01,3.439959792117899817e-02,1.054504264900468224e-01,-2.567993593313394607e-02,3.512139197365500842e-01,1.187630984475406409e-01,2.991141303442568233e-01,4.511815890759849346e-01,2.448836087194432992e-02,-1.566562743736942265e-01,7.308564155919992089e-01,4.267127936139526456e-01,7.615941559557648510e-01,1.893759483295432422e-01,-1.677062409599919812e-01,-6.084933727316915730e-02,1.138771760803490157e-01,-8.989834763952936000e-03,1.093535231855270601e-01,5.098697964612443068e-01,5.990760188768550210e-01,-5.891037483941385933e-02,4.339208955208948004e-01,2.352349997800461112e-02,1.491461627072835916e-01,1.686660688985256173e-01,2.306729639666023901e-01,2.108201581221610110e-01,-3.548735086553773954e-02,3.379453052463474855e-02,1.348501381715474234e-01,-1.791745857586756197e-01,-9.921757533056065059e-02,-3.947264979575719757e-01,-1.422880183424479472e-01,-2.940292387188807588e-01,5.355797638110558478e-02,7.192919048948757943e-02,1.290388410651511775e-01,-1.375630099241187121e-01,-3.298796546081438352e-01,-1.508271735794610158e-01,-9.623320482176778157e-02,7.652127394476557209e-02,-7.916251838635876559e-02,-5.859166008098761966e-03,2.396347095205755284e-01,-8.541175040723079925e-02,-3.804458347980939070e-01,-9.600276029609433603e-02,-3.536331341755698521e-01,-1.202169461301679648e-01,-1.366324189808511835e-01,-2.268995839078646048e-01,-1.261369913190675818e-01,9.579545928579304148e-02,-3.360589696404154836e-01,-2.192140833664991961e-01,-1.187373081957946025e-01,-4.171685416964725918e-02,-1.761157652107049609e-01,4.879921140475304564e-02,2.894542306637983842e-01,1.102384856908208977e-01,1.367500213167225642e-01,-1.814470372431856854e-02,-5.819308679624229756e-03,-1.072323281383763018e-02,1.034383902739047234e-01,1.857381251714039505e-01,1.178698187339600745e-01,4.220933174564018842e-01,-3.185983713790820904e-01,1.141314307422220398e-01,5.196021856937566019e-02,3.042413833508509496e-02,-1.447019844708499203e-01,-1.193386114097204215e-01,-1.576493386220931825e-01
4.879266686325890029e-02,-2.298150558805589216e-01,8.651869323657250810e-01,-4.249554644387874142e-02,2.685408086266304339e-01,-7.376454630040568672e-02,-2.493759406441008464e-01,4.287597838512111070e-01,5.734560308477210100e-01,-1.375738168155242469e-01,8.733608738108786795e-01,1.575083082766371712e-01,-6.776516226034570711e-02,4.893710353478173958e-01,6.700215598331682454e-02,-7.135210406235882076e-03,5.719110151812497808e-03,1.893759483295433255e-01,7.615941559557648510e-01,1.866789242033027318e-01,-2.979287844495026594e-01,2.232562588420417271e-01,6.611166680832161746e-02,-2.978210574740560168e-01,-1.655957140500166902e-01,-7.153944867608429126e-02,3.089116847807203969e-01,2.622446851382716493e-01,-3.245902628604561135e-01,2.928608259015210158e-01,4.930658364392944727e-03,7.329766449417736418e-02,-9.904517773674190173e-02,-1.323941639860591601e-01,-3.692429052586816418e-01,8.279595154611496532e-01,2.377988958070276215e-02,4.116502920967742840e-01,-1.057100467300702840e-01,2.676005240664888762e-02,3.446771711915939673e-01,4.868227584851877454e-01,-3.064418174213108248e-01,8.581042133605408795e-01,-1.783038021957888131e-01,-2.244233710051016517e-01,2.980913791889303610e-01,6.772853777747671333e-02,-2.495230169973255696e-01,-1.951326757407658707e-01,-3.981331462284674050e-01,9.113300660789275254e-01,4.442858107570489268e-01,-4.489340218801116666e-01,3.948228444918222557e-01,1.738560508669789451e-01,-4.477481688664942117e-01,-4.475313357600156361e-01,-3.751848250497184512e-01,3.838982940231530638e-01,1.070870961038473679e-01,-4.450511986521373253e-01,-5.443664946608676178e-04,5.974447165742013954e-02,9.822772344652297427e-02,-3.359531070448784074e-01,-2.275051158003392193e-01,-3.114445693948034166e-01,-4.486024419144503672e-01,-3.388451631264451369e-01,-1.903479406950339126e-01,1.549688827203404562e-01,6.406837028746016627e-02,-1.130076513889285844e-01,2.533750073728744182e-02,-8.014006238272393390e-02,1.090530613763851086e-03,-4.645983785415357392e-01,-6.067693272178280584e-01,-3.386936264899463311e-01,-6.222566579364933320e-02,3.275744640114006817e-02,1.186607453345943086e-01,-3.334320136129244050e-01
1.188263706049501461e-01,-3.245898018968206705e-02,4.576518667786431682e-01,6.215312987208304607e-02,5.354516074281107096e-01,1.614049518882502976e-01,1.203307691397982188e-01,3.923283279856275563e-01,6.539888940610916190e-01,-1.799245955414188192e-01,3.988181988179626547e-01,1.228930478870735726e-01,-5.581742470707788673e-02,2.421380538856574560e-01,2.011305654041484203e-01,-2.735798160552010416e-01,-2.067713964189885067e-01,-1.677062409599920090e-01,1.866789242033027596e-01,7.615941559557648510e-01,6.733426772114664560e-02,8.049870490276623824e-01,2.724962105230028242e-01,-1.553371381396072108e-02,-2.624513440330399350e-01,-4.450880043970336514e-02,5.959318400274364880e-01,1.069772862188965862e-01,1.304443456680110247e-01,-8.974517781248063375e-02,-4.978048881462007053e-02,7.718823314125566881e-02,-2.906808087372673988e-02,-5.759525187417673109e-02,-1.570173098543826973e-02,3.943950658385196872e-01,1.713895830752528160e-01,5.330377395798752138e-01,7.476591922353201247e-02,4.069654212575128382e-01,3.791248021045361405e-01,4.660435463654713506e-01,1.465299375746746333e-02,4.141706081910369042e-01,2.377444286486139757e-02,2.049751797810260567e-02,2.977088725905859823e-01,2.786635210544753938e-01,-1.764977725728550106e-01,-1.948506724774736187e-01,-1.271392146483364682e-01,1.667928363350094090e-01,8.210739399495644575e-01,3.388315322549891560e-03,8.061326777383233111e-01,3.176942408742672863e-01,-1.081920700079842534e-01,-3.144276927525203047e-01,-5.310138577173082602e-02,3.578150459089400326e-01,2.145432744784357693e-01,-1.190394463294081467e-01,-6.901305061645453265e-02,1.509997975284954608e-01,2.061339155818582569e-01,-1.070376731673618881e-01,1.086109145372640000e-01,-4.066858084552206765e-01,-3.127771572659825416e-01,-5.334351221608509691e-02,-4.206721686251020387e-01,1.589005638289356093e-01,4.421707579282706246e-02,6.369680377621785017e-02,6.811609922532958772e-02,-1.548361704052215460e-01,2.780646919884984247e-01,-3.795549043231685737e-01,-3.715509069602222492e-01,-8.492451175211337966e-02,-2.711785112907773646e-02,1.488251002816300406e-01,6.674712381096371827e-02,3.203031873550118286e-02
-1.828643428817024186e-01,4.646434240903271617e-01,-1.327721414381520526e-01,-6.540425589830169140e-02,-2.516389519472871927e-01,4.211288079862757217e-01,-3.722029391959367217e-01,3.838072860672324116e-01,-1.754138044086394621e-01,-4.929557633185579490e-01,-2.501592851622494451e-01,1.286202239540331638e-01,-2.523649377079822398e-01,-1.220641209794972731e-01,2.854415797113313280e-01,3.482983851338942172e-01,-2.993651449671715925e-01,-6.084933727316919894e-02,-2.979287844495027149e-01,6.733426772114661785e-02,7.615941559557648510e-01,2.369091972760400955e-01,5.577930463006453010e-01,3.257670166262837119e-01,5.012766252096731989e-01,3.553633040434524548e-01,8.809148760938460831e-03,-1.872770295484438297e-01,4.738403743286995207e-01,-3.499817849867662423e-01,-3.325520986465348994e-01,-6.244105066250594388e-02,1.909673514230185720e-01,-1.520928092407070054e-01,3.657119081620778256e-01,-1.305297529826392189e-01,-3.248244225807813135e-01,-2.523679732550841992e-01,2.085023816928844864e-01,-3.639281805880703047e-01,3.196281762134403626e-01,-1.613946997735287159e-01,-1.650436842327756837e-01,-2.451009980204220950e-01,-7.176426400877485012e-02,-3.523862220974253168e-01,-2.329390982289852308e-01,1.871092656000196419e-01,1.742012906682808560e-01,-2.547368847462774810e-01,2.252279656512477801e-01,-2.580666811858280396e-01,1.871716421914324663e-02,7.754837710004733875e-01,1.387853141702521942e-01,3.333904433124334488e-01,3.168171802475369114e-01,3.335903108237214254e-01,2.809314624694525531e-01,-5.661503558477015002e-02,-3.527108603827140976e-01,2.908623879047231853e-01,-1.079971585026341802e-01,-2.091701270656854683e-01,-1.173571123513663522e-01,1.001239941696982771e-01,-3.312139543185459167e-02,2.026782626765488149e-01,5.535524968861813694e-02,2.339377184638803675e-02,-1.525016641993773119e-02,-2.569142106087913824e-01,-3.989132552337375515e-01,-3.012754028155717467e-01,-2.929940619848641070e-01,3.065519894587577163e-02,1.357288509316108005e-01,7.539051002442657967e-02,-2.389861608289566008e-02,3.290643629738460724e-02,1.370532925247005818e-01,-3.717260947739701171e-01,-3.994001879046578662e-01,-1.974792472500034590e-01
1.854582211151285243e-01,1.600173172751231943e-01,4.927238892323603792e-01,-1.062286088205012177e-02,3.429188526157884720e-01,2.032132427617062698e-01,-7.936212032729449140e-02,3.615889269974377207e-01,6.180811405569901495e-01,-1.616456411984842634e-01,4.110513146308484300e-01,1.161707397723237833e-01,-3.829096706102226577e-02,1.678082794972406144e-01,3.160050510620061592e-01,8.441660214897798997e-02,-2.405480092951027826e-01,1.138771760803489602e-01,2.232562588420417549e-01,8.049870490276624935e-01,2.369091972760400955e-01,7.615941559557648510e-01,2.874092193382288274e-01,-8.263379071941972728e-03,-9.785518241628975503e-03,2.480991755519902919e-01,6.333220820180149868e-01,1.606341167114260504e-01,3.232991231137291033e-01,-9.398700820531646904e-02,-1.712327495029970087e-02,2.373679389527216521e-01,9.085753782493218023e-02,-5.902586616254952567e-02,1.781605191552533274e-01,4.280188937959272244e-01,-2.331833059694487370e-03,4.301059987158031839e-01,-1.803415187196048264e-01,1.734426529926788862e-01,2.053541393534318582e-01,4.888903413745864235e-01,-1.594339749113896434e-02,4.333080845702646511e-01,-1.685468080009559777e-01,-3.083607976270084094e-01,9.119917395709101204e-02,3.743998038979446941e-01,4.641714288675614225e-02,-4.245098758544505468e-01,-4.957738441786423839e-02,2.502751389981140995e-01,7.232023158938922780e-01,7.311639445735217124e-02,8.519337078359583426e-01,2.295870590143626322e-01,-1.717848885669361336e-01,-3.265509382147721018e-01,-4.441003594910197805e-02,3.054090687596034970e-01,1.741977200562678518e-01,-9.760971020753435312e-02,-2.203447002833209267e-01,-1.514165606890283990e-02,1.677740522816965341e-01,-6.988884292194699754e-02,7.606154437700385872e-03,-2.757283652414653230e-01,-3.132915822480697998e-01,1.374737921436332555e-01,-3.680970207526086391e-01,-4.769987357568648140e-02,-8.719258622286324423e-02,-5.766768313516801997e-02,8.181267417211716964e-02,-2.058333245071280460e-01,3.959173760318005497e-01,-4.801024749599187014e-01,-3.788160959948667639e-01,7.079299261411424460e-02,-7.247250001901746341e-02,-4.134108069186413770e-02,-1.289056582188621292e-01,-5.362776658562547032e-03
-6.840629146514739557e-04,1.560120282500978561e-01,3.174002918073569046e-01,-2.165125787797221035e-01,1.148846735152294629e-01,5.106659151986678857e-01,-2.731034765234741091e-01,8.022173670231311782e-01,1.279060987686777284e-01,-2.014242979466520644e-01,2.259654168191382595e-01,3.513108859585730714e-01,7.071254706091868042e-03,2.811369250418234156e-01,1.069989505132982188e-01,1.075092934580605952e-01,-2.024032596076532353e-01,-8.989834763952936000e-03,6.611166680832163134e-02,2.724962105230027687e-01,5.577930463006451900e-01,2.874092193382289384e-01,7.615941559557648510e-01,2.900901693826821726e-01,3.072882209622178618e-01,2.059145679485983871e-01,2.821251776870850048e-01,1.048950207912623112e-01,1.206783537067892959e-01,-2.695024266338183483e-01,-2.782575281570063286e-01,-8.140821572278106322e-02,5.828091729142722416e-02,1.155329202771294000e-01,9.900935333999967558e-02,2.820578107791035238e-01,-5.520828510596091643e-03,9.413071658366621575e-02,3.739753289189929331e-01,-9.325261378030730297e-02,6.946476650736960190e-01,4.031008274001147279e-02,-1.478228205842552490e-01,1.455329652539260887e-01,1.623905511279828129e-01,-6.205438513001346884e-02,2.447528916616694694e-01,1.017288765539191425e-01,-7.961169216768876344e-02,-2.668053971426171955e-01,-1.281428485676957829e-01,-1.386258856337451578e-02,2.196873784777234051e-01,3.959353918591579924e-01,2.344444031561330188e-01,8.190777684624214183e-01,2.075404073937722749e-01,6.326547246773447930e-02,-7.802711085355280504e-03,6.288347838130918521e-02,1.214567968922659544e-02,-1.160788428307870518e-01,-7.442055862746718709e-02,7.702382446797578774e-02,-1.946801077675153757e-01,3.161180581191483374e-02,-7.175479840726668723e-02,-1.837417688445690603e-02,-1.112618497549620056e-01,4.237615257416906672e-02,4.871810754419447775e-02,-7.298893878976107918e-03,-2.428024034851125057e-01,-6.601440707071003396e-03,7.117470045989966743e-02,-2.216814818843020410e-02,1.423908400133959140e-01,-5.748788822487994887e-02,-2.605006592767542539e-01,-1.132382691113901010e-02,2.336463241407553959e-01,1.528240782501365767e-02,-4.551920360175115698e-02,6.996662904483844092e-02
-1.256470047269817591e-01,1.866589274114096308e-01,-1.176510706845576709e-01,-1.348324688371096702e-01,-3.085983665787920827e-01,-5.944561673457535167e-02,-8.214563075077059573e-02,4.011205244338884035e-01,-3.764152883902851521e-01,2.112270160822868059e-01,-2.298998131703962888e-01,5.213456860244345403e-01,-1.009627961082640302e-01,3.441278987176490597e-03,-5.427111114033211781e-02,9.702533232703652866e-02,3.697609473578099618e-03,1.093535231855270323e-01,-2.978210574740560168e-01,-1.553371381396073496e-02,3.257670166262837119e-01,-8.263379071941903339e-03,2.900901693826821726e-01,7.615941559557648510e-01,2.876040524703358803e-01,3.427243272414814967e-01,-2.315250285225525784e-01,1.826998297918790426e-01,9.480222334696711273e-02,-1.726397815975476147e-01,-1.813414061731872251e-01,7.778701456680250925e-02,3.007188337421603519e-01,8.429592737873314867e-02,2.778224990930659444e-01,-1.096085329707774808e-01,-1.300450424616420020e-01,-3.289430986473774743e-01,4.752135064864623781e-02,-2.003358807919100038e-01,3.778332226105553526e-01,-4.242786402869787032e-01,3.343326450028890617e-01,-2.528260058420244150e-01,5.564626875746386814e-01,1.108662425552753034e-03,1.136395535766912962e-01,-7.497664912479135024e-02,6.876056318837932280e-02,1.388336831288612960e-01,2.368859894767829932e-01,-2.947173629097368797e-01,-5.764181665396204274e-02,3.160852993856222981e-01,-9.498689863119655005e-03,2.517252802479463258e-01,7.404748043778366373e-01,3.348491738043770094e-01,2.257607653199477094e-01,-2.661248469732408473e-01,1.400780321129452832e-01,1.052694404576593051e-01,6.785096072580788784e-02,-6.862144416844280503e-02,-1.154760624633773686e-01,2.926194738054173627e-01,1.822930908146758733e-01,1.626925277562626670e-01,2.762229894838781341e-01,1.346706369301305939e-01,3.677266755578815355e-02,1.668730766261143916e-01,-7.612459474020873140e-02,3.022164104403838869e-01,2.820028175640276191e-01,-9.608838802894034692e-02,1.225398480332936108e-01,1.984867607203977258e-01,1.890162091799046373e-01,1.054861889518626666e-01,3.043027719852397506e-01,1.269653976804032691e-01,1.952600404172941942e-03,2.732585235979119176e-01
-1.056618294949243086e-01,5.896681008288464504e-02,-1.871890552028116772e-01,-5.504442437049730796e-02,-4.310055083190263980e-01,5.439133733077516908e-01,-1.239736981638732416e-01,1.390365380531429773e-01,-2.751712549862628809e-01,1.472293072683495685e-01,-3.006817645436308251e-01,1.292618414216043232e-01,1.231938150787130620e-01,-1.372977883652537756e-01,1.181208093536720016e-01,6.897894876141303921e-01,2.900238466242492930e-01,5.098697964612444178e-01,-1.655957140500167457e-01,-2.624513440330399905e-01,5.012766252096731989e-01,-9.785518241628947747e-03,3.072882209622179173e-01,2.876040524703358803e-01,7.615941559557648510e-01,6.542464825985389032e-01,-1.811920213073470176e-01,4.774570804590615863e-02,2.219233049773199351e-01,-7.227237084955757951e-02,-1.461666995879473130e-01,1.043825638167009545e-01,1.707292135817067499e-02,-1.469896644786507778e-01,1.407682951360268997e-01,-1.655458838967321933e-01,-3.504240780527661525e-01,-4.267548252822422894e-01,1.697326800238893943e-02,-4.222565461696712319e-01,-1.249949733585764416e-01,-2.244739379556963677e-01,9.416400479462878892e-02,-2.945185469829779135e-01,-1.449501061253699319e-01,-3.764599974072609379e-01,-3.192750489232244471e-01,2.162997926239215859e-04,1.186163282674548014e-01,1.773825134625834840e-02,2.278386546992861028e-01,-1.195555633558474523e-01,-1.521665650049153218e-01,2.814736897978198926e-01,-1.643031406188474042e-01,-3.679064512986113256e-02,1.590644029942243076e-01,3.735539107422676253e-01,-3.400068882684329635e-02,-2.643193107801230513e-01,-2.577392760926562887e-01,9.631473849550301189e-04,-2.022114879327185089e-01,-2.402796587731781675e-01,-1.255151712352359783e-01,-2.030808225744353268e-01,1.769400674076078983e-01,5.024123573478764815e-01,3.578446370912284347e-01,2.406188502340928237e-01,-3.535426731048982307e-02,-1.868188812318140879e-01,-2.940886001080393330e-01,-3.739079522321600568e-02,-7.932978622471739683e-02,1.207024556632109585e-01,5.164942492879357472e-01,-4.490462407129112987e-02,2.452481905614529167e-01,2.092702814285891666e-01,1.538345899345797685e-01,-3.152745133604202832e-01,-2.245936792114971436e-01,-2.000818916499026434e-01
-7.768716451454242555e-02,2.270431806489856263e-01,-7.467333226694275461e-02,-1.145811383257274024e-01,-3.324136652914352896e-01,3.614246683321192255e-01,-1.557915298473669941e-01,1.916926100339840788e-01,-1.444651107564616233e-01,1.370674008645921538e-01,-1.468097662613069843e-01,2.570623007715888142e-01,2.177073671146365630e-01,-9.727356329105034394e-02,2.675315437236522875e-01,6.380805856374471841e-01,2.938985801123121244e-01,5.990760188768550210e-01,-7.153944867608427738e-02,-4.450880043970336514e-02,3.553633040434525103e-01,2.480991755519902919e-01,2.059145679485983593e-01,3.427243272414815523e-01,6.542464825985387922e-01,7.615941559557648510e-01,-1.158045643519241413e-01,1.494564851116389759e-01,3.734622152410798646e-01,1.145874351363625337e-01,-7.557549745274774397e-03,2.818085721406906607e-01,2.156761360392832061e-01,-1.964717792713787936e-01,3.304282782875515578e-01,-8.348648215775215931e-02,-4.987089529476547711e-01,-2.719701736593888031e-01,-1.717437621500184086e-01,-3.132242121893794029e-01,-1.166964152472135530e-01,-6.501021055166772422e-02,3.054351969664960073e-02,-1.556541106330416036e-01,-1.185192012268035666e-01,-3.590261966358610501e-01,-2.180178241876516432e-01,2.351688630787150402e-01,2.751985744148993662e-01,-1.769905704697934401e-01,2.432520613599092607e-01,-2.157707234682926592e-02,1.078995511308695060e-01,1.229316521836487236e-01,1.161183708193545688e-01,-1.250775920392015461e-01,1.305814017086996126e-01,3.295561991300660631e-02,2.092980471433970036e-01,-9.339238263581652044e-02,-1.349304834064261605e-01,6.645092514187331267e-02,-1.271653003638658075e-01,-4.156409247762622439e-01,-1.946788933457179469e-03,-1.123535443747350482e-02,9.264426214360740874e-02,3.263087133660309003e-01,1.808675392648554092e-01,2.827690670340098356e-01,-1.137679375108696656e-01,-3.145324288219350506e-01,-4.115713444934766541e-01,-8.153067324690585482e-02,-2.029568978624748110e-01,-5.878643890019930041e-02,3.927875420599286627e-01,-1.602586247081651261e-01,1.543402710584017845e-01,1.595689941577321802e-01,2.850174397341116370e-02,-3.496074274298484053e-01,-2.951029798385204073e-01,-1.255801645346645845e-01
2.350899177215688973e-01,-5.259460187980919549e-02,5.046816335131395492e-01,1.104591458444468127e-01,6.343398345129990235e-01,2.053853592526826699e-01,1.956452068843330394e-01,2.650995737660077345e-01,7.314686947062960520e-01,-1.943898626904506099e-01,5.128636634881562628e-01,-8.039453286219520878e-02,3.099129058620907554e-02,2.717786158147441067e-01,2.881066312250660233e-01,-6.398279119868388598e-02,-2.470910628906921036e-01,-5.891037483941385933e-02,3.089116847807205635e-01,5.959318400274364880e-01,8.809148760938419198e-03,6.333220820180148758e-01,2.821251776870848937e-01,-2.315250285225525506e-01,-1.811920213073470176e-01,-1.158045643519241413e-01,7.615941559557648510e-01,8.178064705138080037e-02,2.923556561141743559e-01,-6.525432678603819425e-02,1.313413365224450624e-01,1.237929394971277741e-01,-1.211466361807785053e-01,1.285845741179317270e-01,-4.719584461975425880e-04,4.776226367754450863e-01,1.565059864960164082e-01,6.612933098028092038e-01,4.574013051548432574e-02,5.489542745900688470e-01,2.060724845492022672e-01,6.237771244400334147e-01,-1.827953549760312768e-01,5.501595524500694223e-01,-2.282953081833150599e-01,3.057946159564241262e-02,2.807587053396390919e-01,3.256424363209288186e-01,2.153628901466759019e-02,-3.591594759870397335e-01,-2.160027068993499999e-01,2.954651016877857250e-01,5.347337129334418515e-01,-7.759507020647032904e-02,5.511433172610695763e-01,3.244661736706188071e-01,-4.084287358561696779e-01,-3.256254300116319667e-01,-1.678019021320439619e-01,8.119183704259179679e-01,2.283612066612017155e-01,6.084486459122014079e-02,-2.033863798187699190e-01,2.798469331520421211e-01,-3.719566631871743662e-02,-2.115895284494744844e-01,-3.466051362569936428e-02,-4.460895980327410082e-01,-3.806206797028776623e-01,-1.758811632811389525e-01,-2.835215718877217017e-01,3.797113023034488083e-02,7.979882332286705737e-02,-2.428085794433188296e-02,1.117499079389208255e-01,-1.293453031689262567e-01,2.515472212309427524e-01,-4.112798095255357222e-01,-4.632884937368712541e-01,-1.562361843850110510e-01,2.225188826302022804e-02,9.639395536201811332e-02,3.016570462809866834e-02,-2.201296785371685202e-02
5.632024309288474750e-01,-2.293099873504934882e-02,3.768125123768134022e-01,4.261239856884502936e-02,1.182185640564889922e-01,-1.239884892797143978e-01,3.131662020257423157e-02,2.833749116157910919e-01,1.641079628201829177e-01,2.048708658357631385e-01,3.517193408184625114e-01,3.103920812708059196e-01,2.804940047392278091e-01,3.126294426418973343e-02,2.842925541257097441e-02,4.335401377484984081e-02,8.304282280259787929e-02,4.339208955208947449e-01,2.622446851382716493e-01,1.069772862188965723e-01,-1.872770295484438852e-01,1.606341167114260504e-01,1.048950207912623667e-01,1.826998297918790426e-01,4.774570804590614476e-02,1.494564851116390036e-01,8.178064705138078649e-02,7.615941559557648510e-01,-2.230797761355055309e-01,2.109276235006677658e-01,3.359341891385999035e-01,5.635299851299541141e-01,5.948504197769815399e-02,2.620391617475248958e-01,-9.118018680718044389e-02,3.819982563328510605e-01,2.410085033475836414e-01,1.676318226595224503e-01,-3.290893374622672063e-01,7.578396470442749777e-02,1.484595145443050324e-01,1.669167336789444123e-01,9.255665871891299856e-02,4.332868091247254472e-01,7.559047466467325171e-02,-8.562050376124205608e-02,5.789118655331176866e-02,1.406106680215485072e-01,-1.024505739247430075e-01,-9.569846728459832641e-02,7.298127220356470223e-04,3.317738079780596649e-01,1.935488506965472033e-01,-2.384163880385131717e-01,1.940661874293625466e-01,4.231152037196261179e-02,8.751063623765899246e-02,-1.464134848092856211e-01,-1.692066200066143222e-01,3.932846958062965331e-02,7.436257928911604864e-01,-2.321136576239031524e-01,6.092840455524450860e-02,2.412973375682813393e-01,2.234726634503625964e-01,-2.842284526939110531e-02,1.247438697696191812e-01,-2.384727488506627191e-01,8.813262242941053218e-03,2.139067082749714077e-01,7.068693668515164952e-02,2.366183725311828967e-01,1.672505429552450518e-01,2.519238954476338277e-01,2.868761568284079466e-01,-2.047597754552265836e-01,3.369230217685708628e-01,-3.976286268648654976e-01,-3.128031532550182986e-02,2.040278901661473909e-01,6.812344813261721199e-02,1.655005951900232475e-01,1.381621706363636293e-01,1.664148754527643714e-01
4.211988341109538375e-02,4.663037533983585559e-01,-1.230228044189004277e-01,4.651279149167875104e-02,-2.101183147549433028e-01,3.259027343316832637e-01,-9.440313205207460923e-02,-6.738244290049934249e-02,-1.088032558226205704e-01,-3.356654575425744857e-01,-2.811137044104009552e-01,-1.158257314704174007e-01,5.034393704920215457e-02,-2.495234195841914415e-01,2.630790424066705713e-01,3.315622945811284583e-01,-1.092843867520610773e-01,2.352349997800456255e-02,-3.245902628604561135e-01,1.304443456680110525e-01,4.738403743286995207e-01,3.232991231137289923e-01,1.206783537067892681e-01,9.480222334696711273e-02,2.219233049773200184e-01,3.734622152410798646e-01,2.923556561141743004e-01,-2.230797761355055864e-01,7.615941559557648510e-01,-9.585587427469466348e-02,-2.818818138154681810e-02,-5.415621229792109970e-02,1.672840306075380479e-01,3.743802510350708462e-02,5.108524664177100938e-01,-1.566659752879512868e-01,-2.231106732184503783e-01,-1.458542546903646708e-01,-1.310639964810883518e-02,-1.598431006100649865e-01,-1.449377091000507434e-01,-1.078351775109023664e-01,-1.881248016522734101e-01,-2.114335394039977556e-01,-3.551706866962365261e-01,-2.431715092245021470e-01,-3.226845855007616226e-01,2.865876655069354850e-01,4.013265534837006654e-01,-3.117140359645292902e-01,2.378507551179391000e-01,-2.329953043607803642e-01,1.721257739591964264e-01,4.201615440348385189e-01,1.699285765503226464e-01,-9.986986351018113661e-02,8.262215024350517967e-02,1.083641710072563435e-01,3.815875880724111102e-01,1.645403502481360691e-01,-1.306664229418373624e-01,6.120942974333288822e-01,-1.129121750866323159e-01,-1.488931493120101979e-01,4.788910523654113516e-02,1.450952455682660847e-01,-7.763831670772694538e-02,-1.443606722231911138e-02,-1.034170564086892286e-01,2.352856854897657571e-02,-4.386039315353088691e-02,-3.453312959679324945e-01,-3.411657457277387784e-01,-2.328793527780455563e-01,-1.851579598303108587e-01,-2.427528586865274896e-01,4.521532327128822276e-02,-1.014047908663986558e-01,-9.832731749831598311e-02,3.671619705573105075e-02,8.750443684390338261e-02,-4.560812060977526561e-01,-4.888831067670691422e-01,-1.421726345522786872e-01
5.505386432360719062e-02,-3.187854853976407887e-01,3.273072481120028326e-02,9.887728091927891483e-02,2.029550183302008259e-01,-1.918348144354893592e-01,1.142503153804736299e-01,8.718161954443017989e-03,4.224733471623230013e-02,3.452849033224025810e-01,1.859545637550246711e-01,7.345165872187209288e-02,2.407895866881537561e-01,7.676790855820013471e-02,-7.706287919353298210e-02,6.272169113330629785e-03,4.090010698623333663e-01,1.491461627072835916e-01,2.928608259015210158e-01,-8.974517781248066151e-02,-3.499817849867662423e-01,-9.398700820531646904e-02,-2.695024266338184038e-01,-1.726397815975476424e-01,-7.227237084955760726e-02,1.145874351363625060e-01,-6.525432678603819425e-02,2.109276235006677380e-01,-9.585587427469466348e-02,7.615941559557648510e-01,3.574493473705988578e-01,2.106962959082173403e-01,-1.469177165401959750e-01,2.974959486502580866e-02,-3.133116880381195402e-01,6.653060772415991808e-02,-2.087769299787453278e-02,8.167386957402228420e-02,-9.103101487834160122e-02,2.656912797971308290e-02,2.376835677437702521e-02,1.934069273385446291e-02,-3.705315759658704688e-02,1.968533215205536535e-01,4.326510155150111586e-02,1.368014438304626379e-01,5.004772527646506736e-02,-3.788416470528024882e-02,-1.171500193312438876e-01,-4.633863759736937815e-02,-2.799156497816592259e-01,2.363444697744990219e-01,8.896287782488854212e-02,-3.761227709291882215e-01,-1.924495693009631260e-03,-1.758491091927647798e-01,-1.659102385722505957e-01,-2.351145165455623409e-01,-5.856591227360263829e-02,1.170770914912615257e-01,1.613647642279242012e-01,-9.741896810980597843e-02,4.360735625676033789e-01,3.826007741517226286e-03,1.520547641244269499e-01,-1.291217481882366291e-01,1.903060834157605241e-01,-3.707738449790405622e-02,-8.653071072474399772e-02,1.082658930537065411e-01,1.402462666887737408e-01,-4.759321541580417703e-02,-5.702713746041134651e-02,6.365476377554084297e-02,-6.605214157079855077e-03,-1.795271237227813801e-02,8.901176387637690923e-02,-8.723703072337843367e-02,-5.567230291831749139e-02,-9.753062999611357420e-02,-2.317565317812579975e-02,3.537908606808191914e-02,1.734037488402741245e-01,-2.483145366172955296e-02
3.583508031622136270e-01,-1.783862836198828183e-01,9.496704640728603763e-02,4.143519022619444603e-01,2.014145086169992216e-01,-2.311071840553206858e-01,2.743175498232947040e-01,-1.794170209521368797e-01,2.570423307750129352e-02,3.772994856871673131e-01,-2.418522227836897298e-02,-2.327363222002463428e-01,2.919021103132335981e-01,-1.234918240148498436e-01,-1.899014746037863341e-02,-5.040697195139859366e-02,2.509849381785178579e-01,1.686660688985256173e-01,4.930658364392903094e-03,-4.978048881462008440e-02,-3.325520986465350104e-01,-1.712327495029969046e-02,-2.782575281570063286e-01,-1.813414061731871696e-01,-1.461666995879472852e-01,-7.557549745274816030e-03,1.313413365224450624e-01,3.359341891385999590e-01,-2.818818138154685279e-02,3.574493473705988578e-01,7.615941559557648510e-01,3.492271430858350234e-01,-2.746597546451072791e-01,2.009857411678644679e-01,-1.233489557522443464e-01,1.334343215000074849e-02,1.847101722195422790e-01,2.627367587946084493e-01,-1.654812762796696868e-01,1.853627544795065640e-01,-2.788019927438490364e-01,5.425352223920718031e-02,1.516128935962751112e-01,-8.553079053606947005e-05,5.341301456556147610e-03,2.801684399601522824e-01,1.365959052711183952e-01,3.336479079559854372e-02,-8.417392938265480171e-03,-5.159155516815955300e-02,-4.200027700107260287e-02,-2.823488734600557853e-02,3.910787057886696422e-02,-2.999909588220521228e-01,-3.052611116294166524e-02,-2.679072583639107163e-01,-1.559253981306803483e-01,-2.533261525141954906e-01,-3.986230060219021071e-02,1.049150618775260696e-01,5.354969510602849425e-01,-2.462720602092155139e-02,2.995549519994475385e-01,-1.305964307447696482e-01,2.154501907996947130e-01,-1.303849112315614567e-01,-1.148908431611005317e-02,-3.408051258795963823e-01,-2.330371398784729098e-01,-6.659484257680055308e-02,1.065417375353812091e-01,-6.594191399630465467e-02,-5.573563637980104291e-02,4.634416974360181657e-02,-3.730723684807760870e-02,-1.025007555721538094e-01,3.014468517745166540e-02,-3.170866949372529442e-01,-1.171626479091596312e-01,-6.619363632551353294e-02,-5.119564518950548565e-02,1.476859126263804431e-02,2.000954693167670828e-01,2.326277578383532940e-01
1.484747566421302789e-01,1.924797133217334699e-02,9.296563512548834673e-02,8.814563881933623612e-02,1.026906739780729938e-01,-1.648244596060682576e-01,5.999218938912286719e-02,5.550618697800619589e-02,1.462297308237276577e-02,1.675197415605874374e-01,1.582126574594545365e-01,6.431285727321932322e-02,2.469516835415636741e-02,1.550784995014319878e-01,2.964885712476630908e-01,1.718914408016979367e-01,2.440791337935707336e-02,2.306729639666023624e-01,7.329766449417736418e-02,7.718823314125566881e-02,-6.244105066250598551e-02,2.373679389527215411e-01,-8.140821572278111873e-02,7.778701456680253701e-02,1.043825638167008990e-01,2.818085721406906052e-01,1.237929394971277602e-01,5.635299851299542251e-01,-5.415621229792114133e-02,2.106962959082173681e-01,3.492271430858350234e-01,7.615941559557648510e-01,4.467072606372175098e-02,6.604177706388091387e-03,9.640929564445881172e-02,6.018238540591370339e-02,-8.603828334692720584e-03,6.560225583021858653e-02,-2.130656268153331145e-01,-1.850172975470739181e-02,-1.006347892270534339e-01,-3.194606382456057631e-02,9.565365084831146947e-02,1.592239984689092225e-01,-6.591714145605304109e-02,-1.608702722171253263e-01,1.364656197950506467e-01,3.455682926728181892e-01,1.652701461981176401e-01,-2.092246130463719933e-01,1.240861294735275816e-02,3.118171113173078338e-02,1.275894562743648264e-01,5.809025277440068441e-02,1.689856114247660634e-01,-4.607268083407568826e-02,-7.830946306061041529e-02,-6.821959337018031200e-02,1.433091827596225387e-01,1.430845887699650487e-01,5.406595596685983551e-01,3.399742960183352314e-02,3.566204863749131149e-02,-7.321339531348630691e-02,4.970876658421740646e-01,1.463079564302194602e-01,6.090794682252294312e-02,-2.005054623573159500e-01,-1.547116912427170532e-01,1.580305549466486104e-01,9.279427940502234240e-02,-8.251417174494272977e-02,-1.706815216563855112e-02,-3.100811808110118251e-02,2.061471232985113977e-01,-2.307120548112544522e-01,2.671629527948767846e-01,-2.916782186286698830e-01,-1.790055945679335792e-01,2.304421346079257860e-01,4.570382295605984746e-02,3.890100914231597613e-03,-5.794283230262890078e-02,-5.262866413254950818e-03
-4.727258080585240718e-02,6.110487174597626359e-01,-1.744997859231305418e-02,-2.090260126540727237e-02,-2.960386145709170136e-01,-4.831356993324385785e-02,-1.337587372247900086e-01,5.061416333877069573e-02,-2.404792511993217030e-01,-4.187672888325865567e-02,-1.064856803852724798e-01,2.203626002754061064e-01,-1.173588200879637916e-01,-6.473150819852464821e-02,8.923895291630894178e-02,2.738000286707044095e-01,-1.664293311177912071e-01,2.108201581221610388e-01,-9.904517773674190173e-02,-2.906808087372669824e-02,1.909673514230185443e-01,9.085753782493218023e-02,5.828091729142723804e-02,3.007188337421603519e-01,1.707292135817068887e-02,2.156761360392832894e-01,-1.211466361807784914e-01,5.948504197769820950e-02,1.672840306075380479e-01,-1.469177165401959750e-01,-2.746597546451072791e-01,4.467072606372172322e-02,7.615941559557648510e-01,-8.121020310487818417e-02,5.540654105459387191e-01,-1.063014697831978911e-01,-6.738152296837800204e-02,-2.513098632578495417e-01,-3.808074430441014679e-01,-3.201672732215220529e-01,-1.518845741855497089e-01,-2.465660422246097605e-01,-1.904239152217666528e-02,-1.608356572763273984e-01,-9.027018616059151457e-02,-4.899345399001203138e-01,-2.678353575646905127e-01,1.457714046234109273e-01,3.384936917289887437e-01,-2.319221494530382122e-01,3.452487864009898266e-01,-8.413761545958395316e-02,-9.829854624425883591e-02,1.869179093825734939e-01,-7.489126371599881538e-02,-1.468784104256852796e-01,1.979692463044594453e-01,-6.884780245203474779e-03,5.840529549267178128e-02,-3.146665309089836104e-01,-5.481779707289834158e-02,2.934430941478778209e-03,-1.351512081497304729e-01,-2.150736057894738207e-01,4.348879313984193445e-02,5.599012321497197631e-01,-1.251650803657747557e-01,-8.928201248215908437e-02,5.315661546190858337e-03,1.779010666326943102e-01,-2.257662771133645274e-01,-2.267788107547880766e-02,-6.640550177036988466e-02,-3.672431407469034514e-02,1.887309708648979012e-01,-2.035742563228263580e-01,-1.226111704483727888e-01,-2.906835365195932219e-01,-5.600964336038210395e-02,9.143894419244251448e-02,4.141518491820571357e-02,-2.753348252405684038e-01,-3.462305496059668308e-01,-5.416801514213480384e-02
6.139715569860860755e-01,5.332526777082475383e-02,5.723671492193847798e-02,-3.994190391122560968e-02,3.031608089374275908e-02,-1.835293429774821627e-01,1.386241737864396251e-01,-1.364770605358181510e-01,-7.476361684095145232e-02,-4.713248096590334107e-04,-1.129247211614778507e-01,-1.493684704932039808e-01,-1.196578061751056229e-02,-1.806067012527003690e-01,2.376889177594599875e-02,-1.546796477279906712e-01,-1.673121116020289956e-01,-3.548735086553769791e-02,-1.323941639860591601e-01,-5.759525187417668945e-02,-1.520928092407070054e-01,-5.902586616254951873e-02,1.155329202771294000e-01,8.429592737873314867e-02,-1.469896644786507778e-01,-1.964717792713788491e-01,1.285845741179316992e-01,2.620391617475247847e-01,3.743802510350709850e-02,2.974959486502581213e-02,2.009857411678644679e-01,6.604177706388119143e-03,-8.121020310487815641e-02,7.615941559557648510e-01,1.525005812636635039e-01,1.689541598214640561e-01,1.332697789124631105e-01,7.296780946065159479e-02,7.756819109737776718e-02,3.710298759245102551e-01,-2.232830046825300466e-02,2.007182154218802722e-02,4.721780201224128753e-02,-2.507880591906045190e-02,8.451852851914434805e-02,4.290841751529589354e-01,3.730511544689617265e-02,1.289829475069932674e-01,2.186542776261477805e-01,-1.722392445821866597e-02,3.038181632503608731e-01,-1.864690646729688997e-02,-4.721433755520922093e-02,-1.936202130389241220e-03,4.924426192875954594e-02,2.151707358427689676e-01,1.468714994626609538e-01,2.535945875032236119e-01,2.041710196399391664e-01,2.954444230863453869e-02,5.836199586907986347e-01,1.718101371720782145e-01,-4.387944268086820671e-02,3.515254169457633360e-01,-1.546176811257749147e-02,3.016264375240429452e-02,3.041431887488184604e-01,-3.016013848645108797e-01,-1.413371772492117984e-01,-5.109323182105916317e-04,8.035903246353202911e-02,-6.201123866740038820e-02,6.210984672779655547e-02,-7.032892518411747347e-03,4.955431929182278067e-02,-1.662700324144085195e-01,8.071874921975770445e-02,-1.583349116046819383e-01,-1.097581756915792239e-01,-1.501480409003652823e-02,5.605189780638273472e-02,8.535264780003964935e-02,4.199713453593528767e-02,2.595862537368473846e-02
-1.328077796423414170e-01,7.761968283234891297e-01,-1.783707434198317232e-01,-5.796598830042940659e-02,-2.512907457185687421e-01,-9.613276703021429725e-02,-1.767075750319982430e-01,-1.851953014319950575e-01,-1.961186210086242054e-01,-1.628791696731742566e-01,-3.287913685110108730e-01,-1.166013626911154843e-01,-2.160473845472548338e-01,-9.725701542778196484e-02,3.460914214452419091e-01,2.288516650339799952e-01,-1.671518095716089392e-01,3.379453052463472079e-02,-3.692429052586817528e-01,-1.570173098543822809e-02,3.657119081620778811e-01,1.781605191552532996e-01,9.900935333999967558e-02,2.778224990930659444e-01,1.407682951360269830e-01,3.304282782875515023e-01,-4.719584461975564658e-04,-9.118018680718041613e-02,5.108524664177100938e-01,-3.133116880381195402e-01,-1.233489557522443464e-01,9.640929564445877009e-02,5.540654105459386081e-01,1.525005812636635039e-01,7.615941559557648510e-01,-1.794331643912119301e-01,-1.999393973580631534e-01,-1.796463732443974171e-01,-2.087887078871490110e-01,-3.075953555446619969e-01,-2.236717466303533020e-01,-1.665429645681721638e-01,1.566161847169252400e-02,-3.191691418376693123e-01,-2.673788872705445407e-01,-3.238968315363258132e-01,-1.942521076736375141e-01,4.673227950964381483e-01,6.879181333346591209e-01,-2.712542604396513402e-01,5.029281886405705393e-01,-3.102972621167849887e-01,-9.182112658901205038e-02,5.540572983009389718e-01,6.036195579838512376e-02,-6.573073610168360392e-02,3.565992817629191625e-01,2.926685995272653162e-01,5.664845720575351073e-01,-1.030460013775361117e-01,-3.262095229677048486e-02,5.243750806652823782e-01,-3.233061508324916455e-01,-1.227807460970436054e-01,2.093251608090258009e-01,6.029070303694373800e-01,-7.988572137831626008e-02,-9.441811897361435113e-02,8.997773006169891563e-02,1.395350498533514949e-01,-7.251771333706687195e-02,-2.550274187252303815e-01,-2.664546009834080076e-01,-5.437062457274086102e-02,1.603562396693043388e-02,-2.592963751814020834e-01,-9.902669759187063270e-02,-1.324662902712974710e-01,-8.875407039257706548e-03,2.824441088446928427e-01,8.352715336841100291e-02,-2.529575894348668474e-01,-3.942165367119024322e-01,5.017832299173316524e-02
1.878909301422545530e-01,-4.268639777026834309e-02,9.421317571485822162e-01,-1.154062320394124985e-01,3.610309588644319279e-01,-1.423863388663875740e-01,-1.654034955093310610e-01,4.543713616865797666e-01,5.465505325595944042e-01,-1.597566739502367383e-01,7.581106163704377510e-01,1.387977150929142756e-01,-1.559661355058295507e-01,2.905027326718437330e-01,9.120131817986462663e-02,-9.072526964360423662e-02,-2.056186088056582428e-01,1.348501381715474512e-01,8.279595154611498753e-01,3.943950658385197428e-01,-1.305297529826392189e-01,4.280188937959272244e-01,2.820578107791035238e-01,-1.096085329707774947e-01,-1.655458838967321933e-01,-8.348648215775218706e-02,4.776226367754450863e-01,3.819982563328511160e-01,-1.566659752879512590e-01,6.653060772415989033e-02,1.334343215000073461e-02,6.018238540591371727e-02,-1.063014697831978633e-01,1.689541598214641116e-01,-1.794331643912119023e-01,7.615941559557648510e-01,1.799382400134969529e-01,5.266510641545711913e-01,2.755736489817549317e-02,2.639996651458754728e-01,4.985514844171231585e-01,5.379439794968282618e-01,-1.951024555741183719e-01,8.528164598011880315e-01,-1.133578502653654480e-01,-3.408350952431527664e-02,2.779585305346257695e-01,1.378308023641341140e-01,-1.321377295287062270e-01,-1.706200933498503713e-01,-2.560991944862317515e-01,8.406037944882148727e-01,5.301573133751862343e-01,-1.898689194606381636e-01,5.746055666286206121e-01,4.655789323515744371e-01,-2.377621348006189461e-01,-2.234731968507273903e-01,-1.773163646759984835e-01,4.612903794774074751e-01,2.879635617803430470e-01,-2.907037439002065904e-01,-5.877738287057966346e-03,2.547804338243788158e-01,5.413787242334242023e-02,-1.983612563845392751e-01,-2.076146956480830474e-01,-4.417527031722322528e-01,-4.842594969043886310e-01,-2.538140604312817405e-01,-1.752370804880680477e-01,9.472776978771338396e-02,1.170824748171063329e-01,-1.266382136096002864e-01,8.242907167159224668e-02,-2.047698978629374500e-01,-2.779233638869515327e-02,-4.565079667815138964e-01,-6.454484915849486582e-01,-2.872739176254301974e-01,-1.301952755246953662e-02,7.609190890741651669e-02,1.118783796505489897e-01,-1.919030607082307938e-01
2.509353244047743056e-02,-3.343195505326081451e-01,1.613827354936115954e-01,2.715726911466647131e-01,3.153684425847813610e-01,-2.071435457341466446e-01,2.656270794870848606e-01,4.019045784826766332e-02,1.376318722351640433e-01,9.984228239118675408e-02,1.810466524310356540e-01,2.332235878542846808e-01,1.605420214918743538e-01,1.504928136946324935e-01,-1.619023082693712978e-01,-4.544563378710612667e-01,-2.061026409025564984e-02,-1.791745857586755919e-01,2.377988958070278991e-02,1.713895830752528160e-01,-3.248244225807813690e-01,-2.331833059694530738e-03,-5.520828510596081234e-03,-1.300450424616420575e-01,-3.504240780527661525e-01,-4.987089529476547711e-01,1.565059864960163805e-01,2.410085033475836136e-01,-2.231106732184503505e-01,-2.087769299787451890e-02,1.847101722195423068e-01,-8.603828334692706706e-03,-6.738152296837800204e-02,1.332697789124631660e-01,-1.999393973580631256e-01,1.799382400134969251e-01,7.615941559557648510e-01,3.127366478548685991e-01,7.139382273573767479e-02,3.351817545097617868e-01,1.097209321297384632e-01,1.628567385667573919e-01,2.136068436679146310e-01,2.152158569875709249e-01,2.851503830170654674e-01,3.052236585921112022e-01,2.615648452408911306e-01,-1.243113768636306127e-01,-1.869416906832424563e-01,2.556497451976317281e-01,-7.551749940703608721e-02,8.133622661703265866e-02,6.135735125282452268e-02,-2.108879708491877281e-01,5.743200669700836147e-02,1.206003690689750607e-01,6.599014743371152403e-02,4.946688482989523676e-03,-2.072041253971810548e-01,2.582446819054993667e-02,3.192921649368160586e-01,-1.710036608412143777e-01,3.425527128760879059e-01,6.000567023151044399e-01,-7.845472205656946196e-02,-7.826332812304374886e-02,1.087003426672975143e-01,-4.075233926797920958e-01,-5.946549738568209648e-02,3.599612679438188301e-02,2.210835686900299302e-01,5.888982016677464237e-01,5.402857609507366599e-01,3.897408489799025211e-01,4.148814368102316519e-01,-1.266283651715366110e-01,-1.209503099331591947e-01,-1.197406261890304330e-01,-8.676449429501717492e-02,1.930954068727867151e-02,6.455733393916919527e-02,5.123223745762207626e-01,4.945749286927222377e-01,3.436603066531004336e-01
2.097417798694576063e-01,-8.760602964251354430e-02,5.277769982989771735e-01,2.073288046867275691e-01,8.865728926444553792e-01,-1.237112932738684314e-02,9.074318080095679362e-02,2.324227253407361860e-01,7.479742001664241302e-01,-1.064202967257277428e-02,6.327883538668999108e-01,7.314086045660210013e-03,5.880755137433674867e-02,3.632186660852854132e-01,1.557610687639001679e-01,-2.913001192680324536e-01,-3.702216659690405094e-03,-9.921757533056067835e-02,4.116502920967743395e-01,5.330377395798749918e-01,-2.523679732550841992e-01,4.301059987158032949e-01,9.413071658366618799e-02,-3.289430986473773633e-01,-4.267548252822422894e-01,-2.719701736593888031e-01,6.612933098028092038e-01,1.676318226595224226e-01,-1.458542546903646431e-01,8.167386957402227032e-02,2.627367587946084493e-01,6.560225583021857265e-02,-2.513098632578495417e-01,7.296780946065162254e-02,-1.796463732443973615e-01,5.266510641545711913e-01,3.127366478548685991e-01,7.615941559557648510e-01,4.400132780636035329e-02,5.643349402662705128e-01,2.714412218188127501e-01,7.739561025461443311e-01,-8.641308651508981808e-02,7.327275290617891734e-01,-6.074175957346567706e-02,1.309540033300606310e-01,4.676950100034170665e-01,1.947595364566094556e-01,-1.471169226100201843e-01,-1.662570777558333990e-01,-3.495517353950321482e-01,3.917475691690436301e-01,4.889647897096049967e-01,-2.978930525518942440e-01,4.966339124860884580e-01,2.058976970587094724e-01,-3.766288860897805679e-01,-4.452157039398499383e-01,-2.490113610794892351e-01,6.501316919270132555e-01,2.922920686288635883e-01,-2.264982995657666698e-01,1.072101892927530553e-01,2.975596435296540276e-01,3.687473749396047440e-02,-2.318315616302410453e-01,-2.818424538802169477e-01,-6.231142746965514512e-01,-4.285875381346187507e-01,-1.446527125013669646e-01,-1.405713943689506362e-01,1.821042068444923556e-01,2.862749422567113511e-01,1.465848087724740401e-01,1.475100120816522364e-01,-9.822053201104390119e-02,-1.865175653684918999e-01,-4.354328990654650622e-01,-5.691759029430092376e-01,-8.240072697429560999e-02,4.449103667804847617e-02,2.258424885723414044e-01,1.765834211147420119e-01,1.652590936884034689e-01
-3.060871055737664492e-01,-2.902865864959376929e-01,-7.432717706043132089e-02,-1.086778027567368438e-01,1.632720966824040831e-01,3.700877186364460725e-01,-1.015119723204694832e-02,2.634900590772774609e-01,-1.224649897031107187e-01,-2.020730097340116826e-01,-1.036804403367025396e-01,1.683346916471319399e-01,-1.307682493939549447e-02,2.045701159115241030e-01,2.064145862975485385e-02,-2.672590397008561269e-01,4.851854212918910170e-02,-3.947264979575720312e-01,-1.057100467300702840e-01,7.476591922353204023e-02,2.085023816928844032e-01,-1.803415187196048264e-01,3.739753289189928775e-01,4.752135064864616149e-02,1.697326800238888392e-02,-1.717437621500183809e-01,4.574013051548432574e-02,-3.290893374622672618e-01,-1.310639964810887681e-02,-9.103101487834162897e-02,-1.654812762796696868e-01,-2.130656268153331145e-01,-3.808074430441014679e-01,7.756819109737782270e-02,-2.087887078871490110e-01,2.755736489817546542e-02,7.139382273573763316e-02,4.400132780636032553e-02,7.615941559557648510e-01,1.582087726164538299e-01,4.653098945918382467e-01,-2.059364443782676218e-02,5.143552337166114319e-02,-1.075220875199752735e-01,3.380368092198546837e-01,5.050813927663412306e-01,2.940858712554854648e-01,-4.439461924696553458e-02,-7.607962230518514057e-02,2.830525641982292728e-01,-1.001711376247524515e-01,-1.353502252632473035e-01,6.057821532967708200e-02,2.999614413037062222e-01,7.376982583730367672e-03,4.936534131468022779e-01,1.811168704154621778e-01,4.463200078464307219e-01,3.369433908695809166e-01,2.521756611995721875e-01,-2.536527181815532161e-01,1.794376965684080782e-01,1.701408810104851621e-01,2.189104861972095972e-01,-2.368328764548368881e-01,-1.859729174633120152e-01,8.639263941698177574e-02,-1.543466895011710305e-01,-1.470550366342170123e-01,-3.243479863933562135e-01,8.343252002379442089e-02,1.094777554046324070e-01,-1.058240235020348474e-01,-4.800478564743708432e-02,-5.820582989493647968e-03,2.897999992117403570e-02,-1.332455939891438457e-01,2.315716383518083565e-01,-2.837125971572445615e-01,-1.997176697027150671e-01,2.062561403310635977e-01,1.496503983062060783e-01,-4.182328515322907003e-02,-7.615843960281939995e-02
2.337042001806403368e-01,-4.138761102227171973e-01,1.417893637943119511e-01,5.144139362582802327e-02,6.807017165267680303e-01,8.002887212376470771e-03,6.678578124997763821e-01,-6.306135448646452146e-02,4.124384362264493231e-01,8.168677261159511260e-02,1.151889363249494619e-01,-9.699573621895780928e-02,2.184236866544368438e-01,-3.553932370468374652e-02,1.431936983593728174e-01,-3.543481600261273456e-01,2.398813278247192982e-02,-1.422880183424479472e-01,2.676005240664897089e-02,4.069654212575128382e-01,-3.639281805880703047e-01,1.734426529926788862e-01,-9.325261378030730297e-02,-2.003358807919100315e-01,-4.222565461696711764e-01,-3.132242121893794029e-01,5.489542745900688470e-01,7.578396470442755328e-02,-1.598431006100649865e-01,2.656912797971308290e-02,1.853627544795065640e-01,-1.850172975470739181e-02,-3.201672732215221640e-01,3.710298759245102551e-01,-3.075953555446619969e-01,2.639996651458754728e-01,3.351817545097618423e-01,5.643349402662705128e-01,1.582087726164538299e-01,7.615941559557648510e-01,2.546541824759986430e-02,4.709513790005467881e-01,7.353282596321458753e-02,2.276499056495625839e-01,5.838815628397987095e-02,5.900140160902641595e-01,3.280067284273777695e-01,1.396892903389075069e-01,-3.853730515497915537e-02,1.522610867814850333e-01,-2.136829166059273921e-01,9.160374508989427289e-02,2.922653396408658732e-01,-3.477979454199779386e-01,2.673639693717096977e-01,2.607246563497951294e-02,-2.668576179526545578e-01,-1.745800880375368014e-01,-1.018610505358773372e-01,5.715879149703392281e-01,3.211942186164112867e-01,-2.220590824117016360e-02,5.975777768278393853e-02,2.645864006133792357e-01,-4.341203673346775288e-02,-2.130986978692700207e-01,1.441992387864716452e-01,-5.652592174643004119e-01,-3.605848369189739167e-01,-2.501305295022390740e-01,-7.571151093670773491e-02,1.885533004272938185e-01,3.674096755249141033e-01,6.742452566339561526e-02,4.796969412861885190e-02,-9.687309780963955508e-02,-2.343765743478412947e-02,-2.374825515181890057e-01,-3.514624071009869732e-01,-2.666721941380361116e-01,-9.945272061607886294e-02,4.112559236878890467e-01,2.984479749397117576e-01,-1.027813678236225436e-01
-6.962529242474092828e-02,-5.632074718474035235e-02,4.876034629166801637e-01,-2.591472971261971625e-01,2.857553285546725608e-01,1.637966307702700131e-01,-3.390417386637007979e-01,8.480511427355508225e-01,3.015968459034785720e-01,-2.077762064909588480e-01,4.740279302267373929e-01,4.412768771123814493e-01,-8.247586816424842815e-02,4.679193398881990595e-01,-2.268194873950950610e-02,-2.865197363616119319e-01,-2.229073541949953274e-01,-2.940292387188808698e-01,3.446771711915939673e-01,3.791248021045361405e-01,3.196281762134404181e-01,2.053541393534318305e-01,6.946476650736961300e-01,3.778332226105553526e-01,-1.249949733585764416e-01,-1.166964152472134836e-01,2.060724845492023227e-01,1.484595145443050879e-01,-1.449377091000507989e-01,2.376835677437705990e-02,-2.788019927438490364e-01,-1.006347892270533784e-01,-1.518845741855497922e-01,-2.232830046825303935e-02,-2.236717466303533575e-01,4.985514844171231585e-01,1.097209321297384216e-01,2.714412218188127501e-01,4.653098945918382467e-01,2.546541824759986430e-02,7.615941559557648510e-01,1.225734014315431886e-01,-1.310354195994038462e-01,4.621552586343669056e-01,4.201487433695358931e-01,1.570215307998784615e-01,4.420752777581724580e-01,-6.041843273637817480e-02,-3.632854088858735175e-01,-6.724229473611725849e-02,-3.741081900360905266e-01,2.656475991248984370e-01,3.568664086643001387e-01,2.025150280718053808e-01,2.917703568804341785e-01,8.273166362528414641e-01,3.092802539559151853e-01,-3.358444408247282520e-02,-2.808324682373013539e-02,2.134618942741342285e-01,9.990835227750437253e-02,-2.381379860336258203e-01,1.955352223360729835e-01,2.754130544619216026e-01,-7.908351789799319964e-02,-5.328438125788425433e-02,-1.038789408340910353e-01,-1.436840979038581378e-01,-2.615456130512645583e-01,-2.184514064866259486e-01,-1.145779792058619281e-02,2.735129957472624551e-01,-6.436804213070991543e-02,1.336088885920368730e-01,1.488730866329035230e-01,-6.135090913469885138e-02,-1.010733802462631947e-01,7.491029921723493801e-02,-3.987138814832488776e-01,-2.337186367167390366e-01,2.306734453290786024e-01,3.173259763836363545e-01,1.241373390942204918e-01,1.143358840022944689e-01
2.550699418716012024e-01,-6.217533660686484082e-02,4.342738992966050371e-01,8.911622198173077547e-02,6.450411893110572503e-01,3.923824980779931637e-02,7.200685720494238995e-02,1.103828006320646260e-01,8.415772768849069108e-01,-2.550403345280467526e-01,5.294226903319420030e-01,-5.461270587584744762e-02,6.447054024991598874e-03,1.017915126634951484e-01,2.961687272787640879e-01,-1.413701695089627786e-01,-1.274534164751056076e-01,5.355797638110552927e-02,4.868227584851877454e-01,4.660435463654712396e-01,-1.613946997735287159e-01,4.888903413745862570e-01,4.031008274001138952e-02,-4.242786402869787032e-01,-2.244739379556963677e-01,-6.501021055166775198e-02,6.237771244400334147e-01,1.669167336789444123e-01,-1.078351775109023247e-01,1.934069273385448373e-02,5.425352223920715949e-02,-3.194606382456056243e-02,-2.465660422246097050e-01,2.007182154218799947e-02,-1.665429645681721360e-01,5.379439794968282618e-01,1.628567385667573919e-01,7.739561025461444421e-01,-2.059364443782676218e-02,4.709513790005467881e-01,1.225734014315431886e-01,7.615941559557648510e-01,-2.967285415965352779e-01,6.781836970821316646e-01,-3.208383819861928554e-01,-3.844993753419063270e-02,8.001342162847303874e-02,3.345465134668667018e-01,-8.818322973423520228e-02,-3.211925233777846445e-01,-2.240733091520447640e-01,5.344959297924334329e-01,4.673198251221415966e-01,-2.376294133977458756e-01,5.311424979627900056e-01,1.090804421697252335e-01,-3.995541586951756874e-01,-3.290648136542227986e-01,-1.896100475461778012e-01,6.437691242473271291e-01,7.938117584543279148e-02,-2.073491439396420999e-01,-8.532120024761119526e-02,2.814914277747471161e-01,-1.668775892562388841e-01,-3.651512236789605792e-01,-1.612726131135574781e-01,-4.518135329352455098e-01,-3.198126400952430171e-01,-1.240319958819063734e-01,-1.791970781615649655e-01,-3.644888985330193426e-02,1.304271389848959128e-01,-1.778371417384555508e-01,-2.493758237106549758e-02,-1.641237200459277623e-01,4.745486714687371932e-02,-4.365225695813875761e-01,-4.772797479512264629e-01,-1.368373373890602041e-01,-3.795653609992492156e-02,-6.637043236930678875e-04,1.391431335361236789e-02,-1.498753386887603789e-01
-2.087344238010872266e-01,-1.227906237888795465e-01,-2.662071540287245797e-01,1.933332325943821484e-01,-4.783488000655485017e-02,-8.937484455390473648e-02,3.742972821176671072e-01,-1.086066757232690277e-01,-3.323018715718013549e-01,5.630826589875995714e-01,-2.772729820158301717e-01,4.823905542270978675e-01,-4.218181341860050004e-02,-7.510467615888352655e-02,4.950161853301509457e-02,-1.724081498851096766e-02,2.374141725029459693e-01,7.192919048948757943e-02,-3.064418174213108248e-01,1.465299375746749108e-02,-1.650436842327757114e-01,-1.594339749113898516e-02,-1.478228205842552212e-01,3.343326450028890617e-01,9.416400479462880280e-02,3.054351969664961461e-02,-1.827953549760312491e-01,9.255665871891302632e-02,-1.881248016522733824e-01,-3.705315759658705382e-02,1.516128935962750834e-01,9.565365084831146947e-02,-1.904239152217669304e-02,4.721780201224126672e-02,1.566161847169252747e-02,-1.951024555741184552e-01,2.136068436679147142e-01,-8.641308651508984584e-02,5.143552337166112237e-02,7.353282596321458753e-02,-1.310354195994038462e-01,-2.967285415965352224e-01,7.615941559557648510e-01,-2.451944763381912473e-01,5.561067892153261916e-01,1.145803281374489641e-01,2.741097355640182420e-01,-6.022605871392318344e-02,1.105002728315965660e-01,5.473180937185269102e-01,5.248530900418068024e-01,-2.389928707251331996e-01,-1.142269053915581783e-01,-5.313212924956142724e-02,-4.433333949297124654e-02,-1.493085345017398369e-01,3.421265376471883113e-01,3.970234700221688118e-01,1.284730447409740406e-01,-3.034280393682939891e-01,1.885475057130930887e-01,-1.150132396402408497e-01,6.320705986039652780e-02,1.699076923807755490e-01,-1.962040563672590512e-02,4.505730287507043325e-02,3.260149916240543955e-01,-1.103232496928430312e-01,1.864500856645921190e-01,1.125075362985014510e-01,-4.688265303621400731e-02,2.974727264022293816e-01,2.333703176505706745e-01,4.485361992065480252e-01,3.817613385617432131e-01,-8.182457729719964934e-02,1.439417159847226624e-01,1.195165486287232473e-02,1.134360759020332371e-01,1.671382539694372393e-01,3.364418538040898909e-02,3.197307980327571686e-01,3.493204590378800600e-01,4.784818395492693166e-01
2.495550365810052795e-01,-1.054852962433732722e-01,8.663157603874966917e-01,-1.896312920983615757e-02,5.681855504079135200e-01,-1.273244551472383079e-01,-1.839326547323592298e-01,4.525369343236465558e-01,7.365745095976808932e-01,-1.017840756056548057e-01,9.413450452794408507e-01,1.236011960197162113e-01,-5.059385144224608916e-02,4.632843519856734704e-01,8.308372708224605330e-02,-1.073915588569944179e-01,-1.049270208616429750e-01,1.290388410651512052e-01,8.581042133605408795e-01,4.141706081910368487e-01,-2.451009980204220950e-01,4.333080845702645401e-01,1.455329652539261442e-01,-2.528260058420244150e-01,-2.945185469829778580e-01,-1.556541106330416313e-01,5.501595524500694223e-01,4.332868091247253917e-01,-2.114335394039977833e-01,1.968533215205536813e-01,-8.553079053606947005e-05,1.592239984689091947e-01,-1.608356572763273429e-01,-2.507880591906045190e-02,-3.191691418376693123e-01,8.528164598011880315e-01,2.152158569875708694e-01,7.327275290617891734e-01,-1.075220875199752180e-01,2.276499056495625839e-01,4.621552586343669056e-01,6.781836970821317756e-01,-2.451944763381912473e-01,7.615941559557648510e-01,-1.536656103846507360e-01,-1.582983683662848584e-01,3.445576219284749442e-01,1.278218915459868599e-01,-2.488923298886370206e-01,-2.561991344240263091e-01,-3.512125445437103699e-01,8.332415979624890889e-01,5.812946927433951805e-01,-3.685567113770409908e-01,5.584995460759044628e-01,2.938713019505056478e-01,-3.713049104990239768e-01,-4.570241170019886390e-01,-3.672078110509610638e-01,5.501906130461134969e-01,3.077541449637551385e-01,-3.782207376290794842e-01,4.240815691706077001e-02,2.375655170933090587e-01,8.221530438427634979e-02,-2.899141166122821134e-01,-3.033300493072024762e-01,-4.591343752580130388e-01,-4.138373152640398844e-01,-1.521304995298422558e-01,-2.188145328843721094e-01,2.305210875391748016e-01,1.457791481938139622e-01,3.190877914880811683e-02,1.690932755448185387e-01,-2.191666338543709069e-01,-1.169206243277783885e-01,-4.802434392581976796e-01,-6.042126086071243352e-01,-1.573874809804137465e-01,4.733734757288368677e-02,8.513252550537731000e-02,1.170961573890664936e-01,-5.927660568490761978e-02
-1.580248358941039877e-01,-3.341617663442096875e-01,-1.218108881451582387e-01,-2.617995637203005682e-02,6.187624811408540954e-02,-7.951941667116284307e-02,1.078485682559055664e-01,3.467594854408476146e-01,-2.890659509897895441e-01,4.060752520361995965e-01,-1.173971415936656826e-01,6.348417169690632189e-01,1.698162981967273055e-02,1.911380648848827468e-01,-1.371364013644423563e-01,-3.188609854978796121e-01,1.131609475077445526e-01,-1.375630099241187121e-01,-1.783038021957888408e-01,2.377444286486137676e-02,-7.176426400877485012e-02,-1.685468080009560055e-01,1.623905511279828406e-01,5.564626875746386814e-01,-1.449501061253698764e-01,-1.185192012268035666e-01,-2.282953081833150044e-01,7.559047466467321008e-02,-3.551706866962365261e-01,4.326510155150109505e-02,5.341301456556161488e-03,-6.591714145605305497e-02,-9.027018616059154232e-02,8.451852851914430642e-02,-2.673788872705445407e-01,-1.133578502653654480e-01,2.851503830170655229e-01,-6.074175957346565624e-02,3.380368092198546837e-01,5.838815628397982932e-02,4.201487433695359486e-01,-3.208383819861928554e-01,5.561067892153261916e-01,-1.536656103846507360e-01,7.615941559557648510e-01,4.089111294107863892e-01,4.239169220981272579e-01,-2.744676930289614569e-01,-1.963908733674159524e-01,4.658349735914918410e-01,2.148013928149332952e-01,-2.155324319536560396e-01,-7.607581296306417662e-02,-2.720446045521635395e-02,-6.802739724030862356e-02,3.103329101633192644e-01,5.278585393759186450e-01,2.455295308877126770e-01,1.520362830536203802e-01,-2.609404501974152968e-01,2.064657726020285022e-01,-2.529386165095670047e-01,3.766651078970817412e-01,2.460420425949476908e-01,-2.914667236150632612e-01,3.022530290861699664e-02,2.300741927711572044e-01,-1.805741682665402414e-01,1.618449621722325704e-01,6.599479958965866200e-02,1.498759114321619457e-01,4.224307034337634881e-01,1.533062392168508814e-01,4.163495975502942148e-01,4.157151433257483264e-01,-9.431431297962861171e-02,-5.595742285401402588e-02,1.614478197099580292e-01,9.722913620535524049e-02,1.795965764819786731e-02,1.235163286061030652e-01,5.585909055621643970e-01,4.434910487341065521e-01,5.115558059503410027e-01
5.743660094658941534e-02,-5.022970923390440712e-01,-1.443612762062692345e-01,6.719006220915071936e-02,2.410354458397872823e-01,1.113915333848346928e-02,4.171732006157812256e-01,-3.164546304000349225e-02,-1.398652516942702484e-01,4.448043735933181891e-02,-2.402438061118175316e-01,1.069509774349845649e-01,2.890768816626382298e-01,-6.065268516757068955e-03,-1.757375452866796195e-01,-5.320701357357328076e-01,1.155800094633884639e-01,-3.298796546081438907e-01,-2.244233710051016517e-01,2.049751797810261955e-02,-3.523862220974253168e-01,-3.083607976270084094e-01,-6.205438513001356599e-02,1.108662425552753034e-03,-3.764599974072609379e-01,-3.590261966358609946e-01,3.057946159564242650e-02,-8.562050376124205608e-02,-2.431715092245021193e-01,1.368014438304625824e-01,2.801684399601522824e-01,-1.608702722171252986e-01,-4.899345399001202583e-01,4.290841751529589354e-01,-3.238968315363258132e-01,-3.408350952431530440e-02,3.052236585921112022e-01,1.309540033300606587e-01,5.050813927663412306e-01,5.900140160902641595e-01,1.570215307998784615e-01,-3.844993753419063270e-02,1.145803281374488808e-01,-1.582983683662848029e-01,4.089111294107862782e-01,7.615941559557648510e-01,3.376937097078905325e-01,-1.420042757699400415e-01,-1.272085249442745924e-01,4.196534620365585111e-01,-1.270290842390373043e-01,-1.575304999617818669e-01,-4.683967423325647444e-02,-2.226092003096060701e-01,-8.910945878604782655e-02,7.103709265611166113e-02,1.246627766622864786e-01,2.004616067305599325e-01,2.192001342849085599e-01,1.809088109078104412e-01,2.194162621621520426e-01,5.726696420894987483e-02,3.063512902650024627e-01,3.014728273567423567e-01,-1.930488064910861057e-01,-1.654617709366358880e-01,2.223574935456647528e-01,-3.695895834156518456e-01,-2.647706966067763790e-01,-3.995680714141766066e-01,1.866961667952947990e-01,2.438961483300855770e-01,1.928376311508116225e-01,9.725860276335897281e-02,1.612522643639005271e-01,-1.188659800208175521e-01,-1.370663537920191188e-01,7.839355624976308834e-02,-2.273564284182664763e-01,-3.196162910997083495e-01,-5.666048343731635954e-03,3.422519190187570670e-01,2.322186538425124180e-01,4.087010328652701530e-02
-2.890166165830259509e-02,-3.503946465931780385e-01,3.216964382158012392e-01,4.083585473936983401e-02,5.402022610656871393e-01,-9.906363805403661793e-02,6.615997240716858796e-02,3.386137569249878521e-01,2.432198058919337047e-01,2.239740425412531377e-01,4.126149872508966809e-01,2.189643981686309471e-01,-8.130790615169086744e-02,7.192541993403932521e-01,6.914958972166170004e-02,-3.804354583992724526e-01,7.979250711128857421e-02,-1.508271735794609880e-01,2.980913791889303610e-01,2.977088725905859823e-01,-2.329390982289852863e-01,9.119917395709105368e-02,2.447528916616694972e-01,1.136395535766912407e-01,-3.192750489232245026e-01,-2.180178241876516432e-01,2.807587053396390364e-01,5.789118655331176866e-02,-3.226845855007615671e-01,5.004772527646508817e-02,1.365959052711184230e-01,1.364656197950506189e-01,-2.678353575646905682e-01,3.730511544689617959e-02,-1.942521076736375141e-01,2.779585305346257695e-01,2.615648452408911862e-01,4.676950100034170665e-01,2.940858712554854648e-01,3.280067284273776584e-01,4.420752777581725135e-01,8.001342162847310813e-02,2.741097355640181865e-01,3.445576219284748332e-01,4.239169220981272579e-01,3.376937097078905325e-01,7.615941559557648510e-01,-6.727197989771929211e-03,-1.901248995194820268e-01,1.180950863663619982e-01,-2.426412566911522184e-01,1.443104887011817106e-01,2.029792087859768057e-01,-1.630020401747788450e-01,1.883662996359215525e-01,4.529471209755843719e-01,2.724953872296843188e-02,-1.788111821682405733e-01,-1.075895217661088261e-02,3.125932675766810442e-01,3.007740272854952934e-01,-2.221682078382630487e-01,1.780378769747141821e-01,3.032406817618668038e-01,-7.279086126996402173e-02,-1.166384445707154688e-01,4.691687194387237497e-02,-3.973903502028546808e-01,-1.074542665256070784e-01,-7.037977891915511708e-02,4.663315621923579818e-02,4.297561252576261315e-01,1.844088797249178457e-01,4.387037824667553987e-01,4.341495220465287352e-01,-4.581994480238683193e-02,-1.847163856529099590e-01,-2.015929624502134105e-03,-1.523056137214064965e-01,-4.420568781051872898e-02,1.580602961826728936e-01,6.493370444781964013e-01,3.884657704012966506e-01,3.717742674816126303e-01
8.519365133712672455e-02,3.033056993041990945e-01,1.344709704656732174e-01,-1.053392539453107540e-01,1.718480636929664018e-01,-1.434597043254862148e-01,1.010309740339870310e-01,-8.024648787859435528e-02,3.081396183754274154e-01,-1.189083462371226391e-01,8.618865540581614748e-02,-2.511860473072086153e-01,-1.352058291654784083e-01,1.286454333340649424e-02,9.001556133891455147e-01,-1.035612213337157306e-01,4.498189851290457925e-02,-9.623320482176783708e-02,6.772853777747669946e-02,2.786635210544753938e-01,1.871092656000196419e-01,3.743998038979447496e-01,1.017288765539191703e-01,-7.497664912479139188e-02,2.162997926239077081e-04,2.351688630787151513e-01,3.256424363209288741e-01,1.406106680215485072e-01,2.865876655069353740e-01,-3.788416470528019331e-02,3.336479079559852984e-02,3.455682926728181892e-01,1.457714046234109828e-01,1.289829475069933229e-01,4.673227950964381483e-01,1.378308023641340863e-01,-1.243113768636305988e-01,1.947595364566094001e-01,-4.439461924696555539e-02,1.396892903389075347e-01,-6.041843273637815398e-02,3.345465134668667573e-01,-6.022605871392314875e-02,1.278218915459868599e-01,-2.744676930289615124e-01,-1.420042757699400415e-01,-6.727197989771943089e-03,7.615941559557648510e-01,8.935336689100760454e-02,-1.040140211498474521e-01,2.911306435852930447e-02,9.285976724090107270e-02,3.043053574388234761e-01,3.273377410299518897e-01,3.849168199330100237e-01,1.365746712701415011e-01,-4.971174753949519909e-02,2.747696493049259225e-02,2.954697885608346120e-01,2.390421424735625910e-01,2.169619248391159994e-01,2.771939982106325639e-01,-2.291935779311327914e-01,-2.211508918002428603e-01,4.134443649317354197e-01,2.374015277053549422e-01,2.672340830294843705e-01,-1.928597376761699012e-01,-9.908338904545704873e-02,-5.950346827432931307e-02,-3.413075732966409093e-01,-1.803349497259141010e-01,-1.900334766142388887e-01,-2.231766106675968087e-01,-2.565994729909757410e-01,-1.452569323787169242e-01,4.153405346406234266e-01,-2.728683324912384300e-01,-2.481647502468499744e-01,-3.054071720352870625e-02,7.338771291093864300e-03,-6.411820771283040232e-02,-2.663427980664362024e-02,-2.486596639596234115e-01
-2.121988453563230029e-02,5.755678618651769440e-01,-1.442494140314284357e-01,6.165001610675685528e-02,-1.798811749002613425e-01,1.384263158748580066e-02,-1.459762024245997714e-01,-2.770550965185171188e-01,-1.379714691366747403e-01,-1.358144237767381357e-01,-2.859108593152436817e-01,-8.033159622562922875e-02,-1.563188557240463572e-01,-1.328979013447304514e-01,6.368643485091710077e-02,2.593583105785437493e-01,-1.301598335767198134e-01,7.652127394476554434e-02,-2.495230169973256251e-01,-1.764977725728550662e-01,1.742012906682809115e-01,4.641714288675612837e-02,-7.961169216768873569e-02,6.876056318837922565e-02,1.186163282674548569e-01,2.751985744148993662e-01,2.153628901466763182e-02,-1.024505739247430075e-01,4.013265534837007764e-01,-1.171500193312439431e-01,-8.417392938265473232e-03,1.652701461981176401e-01,3.384936917289886882e-01,2.186542776261477805e-01,6.879181333346591209e-01,-1.321377295287061993e-01,-1.869416906832424286e-01,-1.471169226100201843e-01,-7.607962230518516833e-02,-3.853730515497913456e-02,-3.632854088858734620e-01,-8.818322973423521616e-02,1.105002728315965799e-01,-2.488923298886370761e-01,-1.963908733674159246e-01,-1.272085249442745092e-01,-1.901248995194821378e-01,8.935336689100759067e-02,7.615941559557648510e-01,-1.370672329651778376e-01,7.191019174940248559e-01,-1.750855837398887505e-01,-1.130485267752740913e-01,3.337434493447590800e-01,4.416965290503698655e-02,-2.230801706266302142e-01,3.061872090431017393e-02,3.842724492095119793e-01,6.148912867737102994e-01,5.047216211797066199e-02,-6.941484247418149012e-02,5.924190023415777384e-01,-1.945256223977058496e-01,-1.021748020882629060e-01,1.126356113758173322e-01,4.073757460185599699e-01,8.206111757121653874e-03,-1.937763197539283389e-01,9.819088047217478313e-03,1.801224854240624784e-01,-9.736327425351030962e-02,-3.732983832627545517e-01,-2.341955824583941137e-01,-1.925135392014862556e-01,-7.857519822427365408e-02,-3.413194296822097962e-01,-1.004238944605822248e-01,-7.912089067857873415e-02,1.189127131975681838e-02,3.015706802106860041e-01,-4.283950013392039124e-02,-3.382738437540613874e-01,-3.546668261964618929e-01,-3.852253829127212648e-02
-3.415966431489948496e-01,-4.558245804029643633e-01,-2.677163055570974670e-01,3.394843836003972465e-02,-8.079721418755157758e-02,-7.153387382732306898e-02,2.674123093123675909e-01,-2.332733497920713994e-01,-3.330876294385621827e-01,3.451368686638661143e-01,-2.630440091340501274e-01,2.897971909141777158e-01,1.011418961495113428e-01,-7.231959219589355337e-02,-1.927003620511884632e-02,-3.097491272578145050e-01,4.912006057264213799e-01,-7.916251838635871008e-02,-1.951326757407658707e-01,-1.948506724774736187e-01,-2.547368847462774810e-01,-4.245098758544505468e-01,-2.668053971426172510e-01,1.388336831288612960e-01,1.773825134625839003e-02,-1.769905704697935234e-01,-3.591594759870397335e-01,-9.569846728459832641e-02,-3.117140359645292902e-01,-4.633863759736940591e-02,-5.159155516815955300e-02,-2.092246130463719656e-01,-2.319221494530382122e-01,-1.722392445821866597e-02,-2.712542604396513402e-01,-1.706200933498503436e-01,2.556497451976317281e-01,-1.662570777558333990e-01,2.830525641982292728e-01,1.522610867814850333e-01,-6.724229473611727237e-02,-3.211925233777845889e-01,5.473180937185266881e-01,-2.561991344240263091e-01,4.658349735914915635e-01,4.196534620365584556e-01,1.180950863663619982e-01,-1.040140211498474798e-01,-1.370672329651778376e-01,7.615941559557648510e-01,2.176591774355859099e-01,-1.210971169796390551e-01,-1.329004693192419873e-01,-1.280178167652918364e-01,-2.484129121431395415e-01,-1.831125043251354279e-01,3.036313702277012583e-01,5.697327021463227670e-01,1.690766968031880424e-01,-2.281610075419038264e-01,1.415332128510238740e-03,-1.305977515022166023e-03,2.154388346812968480e-01,1.449456567414990349e-01,3.362076133351307727e-02,1.885897281578110055e-02,4.057980326503664581e-01,-4.105196655405906475e-02,1.825140957687265697e-01,-1.452917471784108683e-01,-9.867500469462001100e-02,4.123384450591770500e-01,3.552257478773330202e-01,2.314262258992195731e-01,2.356054429831603014e-01,-3.446884828242591930e-02,2.130248436153625233e-02,2.004329769894954705e-01,1.226817212511647354e-01,-6.576371324182199440e-02,-6.733149739619317953e-02,3.598202821966709486e-01,4.513899870619993981e-01,5.419293090552718822e-02
-9.319265205901242077e-02,4.288964924071933527e-01,-3.419639851185675705e-01,1.349256207757556503e-01,-3.570578107949087254e-01,-6.796252671159877523e-02,-1.397931676228446884e-01,-3.367381844187006257e-01,-3.566897516551374436e-01,1.085685331777459794e-01,-4.071138984435042074e-01,2.632090880202372918e-01,-1.874804148857578401e-01,-2.770309100225124554e-01,8.676044890690451372e-02,1.487663967009362487e-01,-5.768351732004444593e-02,-5.859166008098817477e-03,-3.981331462284674050e-01,-1.271392146483364960e-01,2.252279656512477801e-01,-4.957738441786424533e-02,-1.281428485676957274e-01,2.368859894767830210e-01,2.278386546992861583e-01,2.432520613599092885e-01,-2.160027068993499721e-01,7.298127220356192667e-04,2.378507551179390722e-01,-2.799156497816592259e-01,-4.200027700107260981e-02,1.240861294735273734e-02,3.452487864009898266e-01,3.038181632503608731e-01,5.029281886405704283e-01,-2.560991944862317515e-01,-7.551749940703610109e-02,-3.495517353950321482e-01,-1.001711376247524793e-01,-2.136829166059274199e-01,-3.741081900360905821e-01,-2.240733091520447640e-01,5.248530900418068024e-01,-3.512125445437103699e-01,2.148013928149332952e-01,-1.270290842390373043e-01,-2.426412566911522461e-01,2.911306435852927671e-02,7.191019174940247449e-01,2.176591774355859654e-01,7.615941559557648510e-01,-2.488524560109127148e-01,-1.158493156221609838e-01,3.195301489688742724e-01,-1.094509375019657969e-02,-2.695454494148929458e-01,3.574802774120233173e-01,5.725661463529609918e-01,5.272687438951627614e-01,-2.400664629360974023e-01,-1.745919445767349712e-02,4.371449116486597619e-01,-1.640847218268870478e-01,5.283361787663248821e-02,-2.673033230069850330e-02,3.692127632297005357e-01,2.313619072769529939e-01,-3.840828117117237733e-02,3.335231773101117736e-01,2.732311571151153640e-01,3.962185083608726205e-02,-1.831270735456644594e-01,-2.633253840079781416e-02,4.182642138425589351e-02,2.873442444748210492e-02,-1.487123994537659644e-01,2.119879410683881554e-02,3.136110153704880360e-02,3.404105106802464142e-01,3.803627082586450436e-01,5.675391667881703878e-02,-2.330152194624146578e-01,-8.982856718516418759e-02,2.265605166999146158e-01
9.686682982659094998e-02,-1.906871552111104595e-01,7.716658930102741065e-01,-1.686484099095143241e-01,2.106087837285981479e-01,-1.425099954962266435e-01,-1.892090071880069280e-01,2.789548664649781906e-01,5.289267146271744435e-01,-1.481150067298339090e-01,7.352156218768156615e-01,1.422834230715840087e-01,-2.472059479281861483e-02,2.973689316754650758e-01,5.329586308772014253e-02,2.784644370378295403e-02,-2.239522623795654407e-02,2.396347095205755839e-01,9.113300660789275254e-01,1.667928363350094367e-01,-2.580666811858280396e-01,2.502751389981140995e-01,-1.386258856337446027e-02,-2.947173629097369907e-01,-1.195555633558474523e-01,-2.157707234682924510e-02,2.954651016877856140e-01,3.317738079780596649e-01,-2.329953043607803365e-01,2.363444697744991052e-01,-2.823488734600555078e-02,3.118171113173085277e-02,-8.413761545958391153e-02,-1.864690646729693160e-02,-3.102972621167850442e-01,8.406037944882148727e-01,8.133622661703268641e-02,3.917475691690436301e-01,-1.353502252632473035e-01,9.160374508989427289e-02,2.656475991248984370e-01,5.344959297924334329e-01,-2.389928707251331996e-01,8.332415979624890889e-01,-2.155324319536560396e-01,-1.575304999617818669e-01,1.443104887011817383e-01,9.285976724090110046e-02,-1.750855837398887782e-01,-1.210971169796389996e-01,-2.488524560109127148e-01,7.615941559557648510e-01,4.311411216697518811e-01,-4.240278068599758199e-01,3.881536822698125611e-01,1.094327598604610957e-01,-3.872817264921630254e-01,-3.327476209938544649e-01,-3.026269713324020172e-01,3.756498330278923992e-01,1.593863185840967145e-01,-3.525355754508378014e-01,-4.201612136428071326e-02,1.321958537085352325e-01,7.773244713814243811e-02,-2.900975326543850374e-01,-9.623779897382532533e-02,-2.985154298916702365e-01,-3.776079643232535532e-01,-3.302954988457026952e-01,-1.880683537903750369e-01,1.120854707074927931e-01,1.267777296421206956e-01,-1.625511454268184774e-01,3.764297280130043249e-02,-2.285314194179564606e-01,7.276782507439655268e-02,-3.880314376495492823e-01,-5.195633939136415913e-01,-3.530872723404001601e-01,-8.336279314824143749e-02,9.130048473123911559e-03,1.157999038914366147e-01,-3.410396467265239262e-01
1.378650517734072434e-01,-9.961506317286634993e-02,6.068069234550104163e-01,-1.970697659262803190e-03,4.540105906371607047e-01,1.202130297320981867e-01,-5.908709714556034664e-02,3.919140720096851993e-01,6.701934254886429132e-01,-2.051424338549715232e-01,5.715292098069547633e-01,8.380502865185639194e-02,-4.539610609541958747e-02,2.164175858746551218e-01,2.439099386910345835e-01,-1.823696410419509972e-01,-1.187276394840699190e-01,-8.541175040723082701e-02,4.442858107570489268e-01,8.210739399495643465e-01,1.871716421914324663e-02,7.232023158938920560e-01,2.196873784777233773e-01,-5.764181665396201498e-02,-1.521665650049153218e-01,1.078995511308695338e-01,5.347337129334420736e-01,1.935488506965472033e-01,1.721257739591964264e-01,8.896287782488852824e-02,3.910787057886696422e-02,1.275894562743648541e-01,-9.829854624425884979e-02,-4.721433755520922787e-02,-9.182112658901207813e-02,5.301573133751863454e-01,6.135735125282452268e-02,4.889647897096049967e-01,6.057821532967708200e-02,2.922653396408658177e-01,3.568664086643001387e-01,4.673198251221416522e-01,-1.142269053915581783e-01,5.812946927433951805e-01,-7.607581296306417662e-02,-4.683967423325650914e-02,2.029792087859768057e-01,3.043053574388234761e-01,-1.130485267752740913e-01,-1.329004693192418762e-01,-1.158493156221609838e-01,4.311411216697518256e-01,7.615941559557648510e-01,-5.781105225483752080e-02,9.178553195500716022e-01,2.362824169960703879e-01,-1.313310418141005187e-01,-2.376887243840951069e-01,1.021714049280638414e-01,5.233062719402307161e-01,2.473740743513113127e-01,-1.065864378005265678e-02,1.284862526256606019e-01,5.075149041219240847e-02,3.066751415967902683e-01,-9.205348939428810440e-02,1.365669474149729112e-01,-3.778525579383243960e-01,-3.167693105422771382e-01,-8.605983041005477174e-02,-3.607281173652975848e-01,4.704703910566047226e-02,-1.481546159314110211e-01,-6.982114369714825797e-02,-2.082284880762367285e-01,-2.640275401737832706e-01,2.140034243115897516e-01,-4.454210733763586116e-01,-3.896653652870750162e-01,-2.331786930843154568e-02,-2.440896803024170808e-02,3.803556116996629349e-02,7.077093007124095336e-02,-7.336902987637461404e-02
-3.222092602275337114e-01,4.666844245390554535e-01,-2.121501194900028420e-01,-1.228458031685461249e-01,-2.575896290366773145e-01,4.089713616193151047e-02,-3.520070566067121653e-01,1.201942463077660811e-01,-2.557316794453467490e-01,-4.441686228581945284e-01,-3.680799025782048872e-01,-5.331981852279401961e-03,-4.339029168646478252e-01,-1.707982953878322552e-01,3.800324021446497280e-01,3.758845167523233721e-02,-3.156371948011628126e-01,-3.804458347980939070e-01,-4.489340218801116666e-01,3.388315322549933194e-03,7.754837710004731655e-01,7.311639445735210185e-02,3.959353918591579924e-01,3.160852993856222981e-01,2.814736897978199481e-01,1.229316521836487514e-01,-7.759507020647037068e-02,-2.384163880385132273e-01,4.201615440348385189e-01,-3.761227709291882770e-01,-2.999909588220521228e-01,5.809025277440073992e-02,1.869179093825735494e-01,-1.936202130389282853e-03,5.540572983009389718e-01,-1.898689194606381914e-01,-2.108879708491877558e-01,-2.978930525518942440e-01,2.999614413037062777e-01,-3.477979454199779386e-01,2.025150280718053808e-01,-2.376294133977458478e-01,-5.313212924956135785e-02,-3.685567113770409908e-01,-2.720446045521635395e-02,-2.226092003096060146e-01,-1.630020401747788450e-01,3.273377410299519452e-01,3.337434493447591910e-01,-1.280178167652918086e-01,3.195301489688743279e-01,-4.240278068599758199e-01,-5.781105225483754856e-02,7.615941559557648510e-01,5.767539007432263137e-02,3.513724038955392537e-01,4.946834437681498775e-01,5.324070880750857437e-01,5.855463703981519386e-01,-2.837530222095702506e-02,-2.518569309769241316e-01,5.857090763146322043e-01,-7.167700646608463066e-02,-1.169975539609081905e-01,-4.002672569793765123e-02,3.248847005191173309e-01,-3.179106665718681862e-02,-1.022033367367155415e-01,1.754012061607925638e-02,-4.876470796614837400e-02,4.576509169278292211e-02,-2.867113429508801326e-01,-4.089789908471633817e-01,-2.488437471570823512e-01,-3.009890353134490049e-01,-1.602211099546356488e-01,-1.033729460191454563e-01,1.513165123083007046e-01,-5.014317161465310646e-02,4.861289324082210261e-02,1.503321612372204852e-01,-2.602655167086929122e-01,-3.948149323112647435e-01,-7.932527213601948957e-02
1.361484166484733249e-01,1.436374044552506460e-03,6.141407756704211351e-01,-5.105523922851931684e-02,3.975401066138823380e-01,5.066763897756887403e-02,-1.225145583146251271e-01,3.415363199227116064e-01,6.806116832541110329e-01,-2.284722583348151870e-01,5.326593116749244183e-01,7.487792703809609263e-02,-1.124162338379878778e-01,2.101352739761846999e-01,3.352232289815863520e-01,-1.497615083675399028e-01,-2.512930387517510189e-01,-9.600276029609430828e-02,3.948228444918221447e-01,8.061326777383233111e-01,1.387853141702521942e-01,8.519337078359583426e-01,2.344444031561331021e-01,-9.498689863119599494e-03,-1.643031406188474042e-01,1.161183708193545688e-01,5.511433172610696873e-01,1.940661874293625744e-01,1.699285765503226464e-01,-1.924495693009686771e-03,-3.052611116294167218e-02,1.689856114247660634e-01,-7.489126371599884313e-02,4.924426192875953900e-02,6.036195579838512376e-02,5.746055666286205010e-01,5.743200669700836841e-02,4.966339124860884580e-01,7.376982583730352060e-03,2.673639693717096977e-01,2.917703568804341230e-01,5.311424979627900056e-01,-4.433333949297124654e-02,5.584995460759043517e-01,-6.802739724030865132e-02,-8.910945878604782655e-02,1.883662996359215525e-01,3.849168199330100237e-01,4.416965290503706287e-02,-2.484129121431396525e-01,-1.094509375019656582e-02,3.881536822698125055e-01,9.178553195500716022e-01,5.767539007432262443e-02,7.615941559557648510e-01,2.899247296699599130e-01,-1.079583094829735246e-01,-1.872029840697412295e-01,1.854111591363735989e-01,4.035087177814692949e-01,2.505688359028770962e-01,-3.517737104529922165e-02,-3.112441446295459435e-02,3.441757627197822300e-02,2.347933892229397412e-01,-8.718411189490611612e-02,1.297484818491349001e-01,-4.241218776814132951e-01,-2.964705343808568538e-01,1.527687138015783319e-02,-3.313856725205550635e-01,2.760569115635705048e-02,-8.586230759671056867e-02,-7.394157238062391835e-02,-6.100220648250918171e-02,-2.660841518953437901e-01,2.649962718105368098e-01,-4.554805798661499261e-01,-4.000176883438386066e-01,8.127402681983030008e-02,-3.716950350849772267e-02,5.424491184612090927e-02,5.149204367283138212e-02,-3.503717498792546098e-02
-5.331639739324208621e-02,-3.274151211901367431e-02,4.416361444566050953e-01,-2.518023968763969389e-01,2.141566303168135621e-01,9.407328678183664306e-02,-3.126521741251654940e-01,6.931219500410665812e-01,1.972189735983594094e-01,-2.901423630799611075e-01,3.209735377365746656e-01,2.740546361290179811e-01,-2.713407702331624427e-01,3.831107305907286986e-01,1.545233661930017766e-01,-2.720761196249251723e-01,-3.238151218880084836e-01,-3.536331341755698521e-01,1.738560508669789173e-01,3.176942408742672308e-01,3.333904433124334488e-01,2.295870590143626322e-01,8.190777684624215293e-01,2.517252802479462703e-01,-3.679064512986111868e-02,-1.250775920392015461e-01,3.244661736706188071e-01,4.231152037196261873e-02,-9.986986351018110886e-02,-1.758491091927647798e-01,-2.679072583639107163e-01,-4.607268083407566744e-02,-1.468784104256852241e-01,2.151707358427689676e-01,-6.573073610168363168e-02,4.655789323515743261e-01,1.206003690689750468e-01,2.058976970587094169e-01,4.936534131468022779e-01,2.607246563497949907e-02,8.273166362528414641e-01,1.090804421697252335e-01,-1.493085345017398369e-01,2.938713019505055923e-01,3.103329101633192644e-01,7.103709265611168888e-02,4.529471209755842054e-01,1.365746712701414178e-01,-2.230801706266301865e-01,-1.831125043251354279e-01,-2.695454494148930014e-01,1.094327598604609986e-01,2.362824169960703602e-01,3.513724038955392537e-01,2.899247296699599130e-01,7.615941559557648510e-01,2.018436559101188521e-01,6.247053178999873585e-02,4.751826758681454432e-02,1.819826979231617403e-01,9.597623410748494510e-02,-1.708741620373044334e-01,-4.146671506164860410e-02,3.115075619901282455e-01,-1.545971879281116679e-01,-3.357611004468145921e-02,-6.337558328284936815e-02,-2.200145477102416758e-01,-1.777836328724756998e-01,-1.129974923873195564e-01,6.464940947383514269e-02,1.021631289006251636e-01,-1.423002697807332906e-01,3.379742082456384245e-02,1.271834931263527702e-01,-1.145820060171944266e-01,2.734896503240883542e-02,2.142163323000656483e-02,-3.803465719884158158e-01,-1.505894127571583418e-01,2.504475484652231021e-01,2.241818594116570529e-01,6.699322693135882634e-02,1.243184116153729230e-01
-1.485090082973647418e-01,1.042601827810338555e-01,-3.101102446015188141e-01,-5.030959704403857591e-02,-3.757645464420400483e-01,-1.597081799010234282e-01,-1.881023526619396702e-01,1.358052602278468357e-01,-4.207735423751086112e-01,6.096174960043249103e-02,-3.774501508038809461e-01,4.055591810636795524e-01,-1.637069296535168528e-01,-1.223702291107518214e-01,-2.916972941123889204e-02,-1.330602914655954483e-01,-4.039391702954782393e-02,-1.202169461301679371e-01,-4.477481688664942672e-01,-1.081920700079841979e-01,3.168171802475368559e-01,-1.717848885669361336e-01,2.075404073937722194e-01,7.404748043778367483e-01,1.590644029942242799e-01,1.305814017086996126e-01,-4.084287358561696224e-01,8.751063623765888144e-02,8.262215024350517967e-02,-1.659102385722505957e-01,-1.559253981306804038e-01,-7.830946306061042916e-02,1.979692463044594453e-01,1.468714994626609260e-01,3.565992817629192180e-01,-2.377621348006189461e-01,6.599014743371151015e-02,-3.766288860897805679e-01,1.811168704154621500e-01,-2.668576179526545578e-01,3.092802539559151853e-01,-3.995541586951756874e-01,3.421265376471883668e-01,-3.713049104990240323e-01,5.278585393759187561e-01,1.246627766622864786e-01,2.724953872296842494e-02,-4.971174753949519909e-02,3.061872090431016005e-02,3.036313702277013138e-01,3.574802774120233173e-01,-3.872817264921630254e-01,-1.313310418141005742e-01,4.946834437681498775e-01,-1.079583094829735107e-01,2.018436559101189076e-01,7.615941559557648510e-01,4.616075177077247349e-01,4.135274098838985224e-01,-3.764250172208335465e-01,9.597503729596673638e-02,2.059639115190406433e-01,2.337514040532590875e-01,1.576627209514969152e-01,-7.263126602758775141e-02,3.222706503651064924e-01,2.492693964106900695e-01,2.712049778767113700e-02,1.766340187912024406e-01,-3.408574570747253951e-02,2.229204025855491544e-01,1.592997588475139059e-01,-1.237578062253461147e-01,1.816476889288073382e-01,5.549293405143870817e-02,-1.830695974462066000e-01,-8.484560670254635839e-02,2.295940980072800897e-01,2.136150153475207258e-01,-2.852960258566481291e-02,2.801901500041925619e-01,7.277079708383309142e-02,-3.440646386917527860e-03,2.927799622152281733e-01
-3.018344354412206831e-01,1.072419488520519881e-01,-3.386970374111227255e-01,-1.913459674337068817e-01,-4.097487577875856268e-01,6.269033926570791171e-02,-1.219438435032241252e-01,-1.645396142228193193e-01,-4.536467287210516619e-01,2.561421178274587637e-02,-5.148215608606644400e-01,1.502112259266450700e-01,-1.784018205374462984e-01,-2.103385607161815107e-01,1.360166644916713241e-01,-1.559482758291447224e-02,1.486961858738737041e-01,-1.366324189808511558e-01,-4.475313357600156916e-01,-3.144276927525203047e-01,3.335903108237214254e-01,-3.265509382147721573e-01,6.326547246773456257e-02,3.348491738043769539e-01,3.735539107422675698e-01,3.295561991300664795e-02,-3.256254300116320222e-01,-1.464134848092856211e-01,1.083641710072562880e-01,-2.351145165455623687e-01,-2.533261525141954906e-01,-6.821959337018028424e-02,-6.884780245203467840e-03,2.535945875032236674e-01,2.926685995272653162e-01,-2.234731968507272792e-01,4.946688482989537554e-03,-4.452157039398499383e-01,4.463200078464306664e-01,-1.745800880375368014e-01,-3.358444408247282520e-02,-3.290648136542227431e-01,3.970234700221688673e-01,-4.570241170019885835e-01,2.455295308877126215e-01,2.004616067305599603e-01,-1.788111821682405178e-01,2.747696493049259919e-02,3.842724492095118682e-01,5.697327021463226560e-01,5.725661463529608808e-01,-3.327476209938544649e-01,-2.376887243840951347e-01,5.324070880750857437e-01,-1.872029840697412295e-01,6.247053178999876361e-02,4.616075177077247349e-01,7.615941559557648510e-01,5.892489575947357228e-01,-2.946719400914351583e-01,-1.690004555683849163e-01,4.203253337416752444e-01,-2.640140567527783644e-02,1.428570336392824547e-01,-1.120893054512049763e-01,2.359788045991721983e-01,3.783069473649010583e-01,9.851914029417664642e-02,3.066537972518795230e-01,1.296933531607700335e-02,-5.609287370665562607e-03,-4.981757561163793063e-02,-3.539135086684847692e-02,-7.000746560607975372e-03,6.315321701558181122e-02,-7.920987879027263645e-02,1.080124178491943393e-01,2.679787220058844621e-01,1.798187490631865670e-01,1.772122769013377008e-01,1.611144680313284783e-01,-6.492188941326179630e-02,-5.259627152408381801e-02,4.903768806595068530e-02
-3.392916613622576905e-01,2.657567194945386624e-01,-2.354825728336115698e-01,-1.856092462538685428e-01,-2.410046988865550410e-01,-1.903999516153271343e-01,-2.240721464899191884e-01,-1.597415493412238097e-01,-2.904893292917320458e-01,-2.297142960044778748e-01,-3.981781058609142887e-01,1.072064647450791941e-02,-2.038111789733031420e-01,-9.720114855550321398e-02,2.507552249771461406e-01,-1.545503979667366135e-01,-5.616824293118427569e-02,-2.268995839078645771e-01,-3.751848250497184512e-01,-5.310138577173088154e-02,2.809314624694525531e-01,-4.441003594910199193e-02,-7.802711085355197237e-03,2.257607653199476816e-01,-3.400068882684329635e-02,2.092980471433971978e-01,-1.678019021320440174e-01,-1.692066200066143222e-01,3.815875880724111102e-01,-5.856591227360263829e-02,-3.986230060219018989e-02,1.433091827596225110e-01,5.840529549267179515e-02,2.041710196399391664e-01,5.664845720575351073e-01,-1.773163646759984835e-01,-2.072041253971811103e-01,-2.490113610794892907e-01,3.369433908695808610e-01,-1.018610505358773372e-01,-2.808324682373011111e-02,-1.896100475461778012e-01,1.284730447409740128e-01,-3.672078110509610638e-01,1.520362830536203247e-01,2.192001342849085599e-01,-1.075895217661091037e-02,2.954697885608346120e-01,6.148912867737102994e-01,1.690766968031880424e-01,5.272687438951626504e-01,-3.026269713324020172e-01,1.021714049280638414e-01,5.855463703981519386e-01,1.854111591363735989e-01,4.751826758681444718e-02,4.135274098838984114e-01,5.892489575947357228e-01,7.615941559557648510e-01,9.592540343005283299e-02,-4.059667246305264515e-02,6.725634381234696368e-01,7.360789159968879336e-02,-1.348008118327887195e-01,3.201667618530030374e-02,3.908376471505260463e-01,2.242803988766893519e-01,-2.671086744245942390e-01,-2.170466964540828519e-03,-6.948583304100398872e-02,2.971302701845650318e-02,-3.932265246202839015e-01,-4.091612391411259542e-01,-2.630517906014026019e-01,-2.388398900100233702e-01,-3.635067026330474071e-01,-1.866281026411654720e-01,7.270375791090798179e-02,-3.399939181909977098e-02,7.284730028473665464e-02,9.460110088745689316e-02,-2.089325744044124578e-01,-2.547692700658990561e-01,-7.214140354806983235e-02
1.373752715948381720e-01,-1.389916631571920524e-01,4.354607472193284812e-01,1.593755164285700077e-01,6.175491151963801162e-01,1.281772255834708607e-01,1.626373167395677999e-01,1.911623101768168964e-01,6.781095637345632143e-01,-3.535394668294876697e-01,5.068150427939867031e-01,-1.659221060951528715e-01,3.350012629924676438e-02,2.695167124635172717e-01,1.729823974704097767e-01,-1.519660980279060880e-01,-1.447504022159836479e-01,-1.261369913190675818e-01,3.838982940231531749e-01,3.578150459089399771e-01,-5.661503558477015002e-02,3.054090687596036635e-01,6.288347838130915746e-02,-2.661248469732407917e-01,-2.643193107801229957e-01,-9.339238263581654820e-02,8.119183704259179679e-01,3.932846958062961168e-02,1.645403502481361246e-01,1.170770914912615257e-01,1.049150618775260835e-01,1.430845887699650487e-01,-3.146665309089836104e-01,2.954444230863452481e-02,-1.030460013775361117e-01,4.612903794774074195e-01,2.582446819054995402e-02,6.501316919270133665e-01,2.521756611995721875e-01,5.715879149703393391e-01,2.134618942741342285e-01,6.437691242473271291e-01,-3.034280393682938781e-01,5.501906130461133859e-01,-2.609404501974152968e-01,1.809088109078104134e-01,3.125932675766810442e-01,2.390421424735625910e-01,5.047216211797055097e-02,-2.281610075419038541e-01,-2.400664629360974578e-01,3.756498330278922881e-01,5.233062719402306051e-01,-2.837530222095702506e-02,4.035087177814692949e-01,1.819826979231616570e-01,-3.764250172208335465e-01,-2.946719400914351583e-01,9.592540343005290238e-02,7.615941559557648510e-01,5.558806055761114640e-02,2.123962328807144084e-01,-1.230849626220189078e-02,1.632438863514431848e-01,2.492161501331123172e-02,-2.889533081683924309e-01,-5.084473317299686296e-02,-4.113457936925634106e-01,-3.787332299459669760e-01,-3.564997983711353791e-01,-2.544034275834001768e-01,-1.302272134622410940e-02,-1.371900706128748315e-01,-1.400762296830785347e-01,-1.790432098784291159e-01,-2.392664071648238078e-01,2.613400509194191423e-02,-2.406164164532871574e-01,-4.947042863821395353e-01,-2.142742296316677286e-01,-1.510908153197131759e-02,1.609474796524325638e-02,-1.242290707764233393e-01,-1.975907846624505582e-01
6.144954197491820924e-01,-9.017519261513436135e-02,2.884560480866438792e-01,1.460883606764031561e-01,2.640235003077569531e-01,-3.239132739993019761e-01,1.835940687584801667e-01,1.297899677021757681e-01,1.670618898076574044e-01,3.130761637224291349e-01,2.359659441379851064e-01,1.744394161395380061e-01,1.699269820887506499e-01,1.082953337041057118e-01,6.511686230992225211e-02,-2.151882024977408714e-01,2.317407827573115045e-02,9.579545928579306924e-02,1.070870961038473262e-01,2.145432744784357693e-01,-3.527108603827140976e-01,1.741977200562678241e-01,1.214567968922656768e-02,1.400780321129453110e-01,-2.577392760926563997e-01,-1.349304834064261327e-01,2.283612066612016600e-01,7.436257928911604864e-01,-1.306664229418373624e-01,1.613647642279242289e-01,5.354969510602849425e-01,5.406595596685983551e-01,-5.481779707289832770e-02,5.836199586907985237e-01,-3.262095229677049874e-02,2.879635617803430470e-01,3.192921649368160586e-01,2.922920686288635883e-01,-2.536527181815532161e-01,3.211942186164112867e-01,9.990835227750434477e-02,7.938117584543281924e-02,1.885475057130930332e-01,3.077541449637551385e-01,2.064657726020285022e-01,2.194162621621520703e-01,3.007740272854953489e-01,2.169619248391161104e-01,-6.941484247418150400e-02,1.415332128510224862e-03,-1.745919445767353875e-02,1.593863185840966867e-01,2.473740743513113682e-01,-2.518569309769240760e-01,2.505688359028770962e-01,9.597623410748491735e-02,9.597503729596668087e-02,-1.690004555683849441e-01,-4.059667246305267291e-02,5.558806055761114640e-02,7.615941559557648510e-01,-1.009141801479341433e-01,1.178593004382284815e-01,3.207930960709836632e-01,3.705953133920396603e-01,1.206389238894674670e-01,1.889714667549702021e-01,-5.117791345082896015e-01,-1.595546915921783604e-01,-2.838567230213470856e-03,1.357527747315608047e-01,2.391663857180928165e-01,2.170397307845982893e-01,2.626946020201954557e-01,3.042880270781620489e-01,-1.992172866120908159e-01,2.102119898813160637e-01,-4.216753502541807364e-01,-1.572648030128581675e-01,-4.980359537856382871e-03,2.224985749819910139e-02,3.390262948832758472e-01,2.763579301530826871e-01,2.664717697862062362e-01
-9.398390019449741339e-02,2.824451598203955860e-01,-3.057296227546601464e-01,5.563782976232337779e-02,-2.163406575653832320e-01,-6.255758978568487505e-02,1.293659371143600877e-02,-3.332848927716874909e-01,-2.268482976112086713e-01,-3.756632687544890215e-01,-4.308884624209485814e-01,-2.396188936282721837e-01,-1.417340155436809801e-01,-2.878878060612874434e-01,2.355086986340289013e-01,-7.880529145245356026e-02,-9.636138956050280258e-02,-3.360589696404155391e-01,-4.450511986521373808e-01,-1.190394463294082578e-01,2.908623879047231853e-01,-9.760971020753433924e-02,-1.160788428307869963e-01,1.052694404576593051e-01,9.631473849550439966e-04,6.645092514187325716e-02,6.084486459122011998e-02,-2.321136576239031801e-01,6.120942974333287712e-01,-9.741896810980600618e-02,-2.462720602092154099e-02,3.399742960183353008e-02,2.934430941478833720e-03,1.718101371720781312e-01,5.243750806652823782e-01,-2.907037439002065904e-01,-1.710036608412143222e-01,-2.264982995657666698e-01,1.794376965684081060e-01,-2.220590824117019135e-02,-2.381379860336257925e-01,-2.073491439396420444e-01,-1.150132396402408080e-01,-3.782207376290794842e-01,-2.529386165095670047e-01,5.726696420894994422e-02,-2.221682078382631598e-01,2.771939982106325639e-01,5.924190023415779605e-01,-1.305977515022152145e-03,4.371449116486597619e-01,-3.525355754508377459e-01,-1.065864378005264290e-02,5.857090763146322043e-01,-3.517737104529920777e-02,-1.708741620373044057e-01,2.059639115190406156e-01,4.203253337416752999e-01,6.725634381234695258e-01,2.123962328807143529e-01,-1.009141801479341433e-01,7.615941559557648510e-01,3.077781990405341339e-02,-1.167323047294834132e-01,1.091985478180083485e-01,3.030230876440415111e-01,3.953939864104436680e-02,-2.196639977087776474e-01,-4.096309190531579464e-02,-9.840231664586759908e-02,-7.715768181874364806e-02,-3.042545828794115392e-01,-3.944623250136415349e-01,-2.806548443580744179e-01,-3.533698334725208778e-01,-3.209553642322627298e-01,-1.894140298838092873e-01,8.331796252056103413e-02,-4.671911199777309767e-04,4.633905592366055481e-02,-2.442684353304059794e-02,-3.041999805001383561e-01,-4.315867981985594404e-01,-1.284962449874057222e-01
-1.383356375096422286e-01,-3.767726597840591052e-01,-1.158428480678385872e-02,3.595033021656132699e-01,7.261378554525547979e-02,-1.712522048154325460e-01,-3.360442065214255813e-02,1.571037222762488583e-01,-8.764740029805105637e-02,1.455070082570306400e-01,4.805164205706215913e-02,2.056801240850537338e-01,1.136372972764732869e-01,3.649706717476405848e-02,-1.170774117510189338e-01,-3.533497241931810584e-01,5.897261897529632035e-02,-2.192140833664991684e-01,-5.443664946608676178e-04,-6.901305061645454653e-02,-1.079971585026341802e-01,-2.203447002833209267e-01,-7.442055862746721484e-02,6.785096072580786009e-02,-2.022114879327185089e-01,-1.271653003638657797e-01,-2.033863798187699745e-01,6.092840455524453636e-02,-1.129121750866323437e-01,4.360735625676034344e-01,2.995549519994475940e-01,3.566204863749129761e-02,-1.351512081497304729e-01,-4.387944268086819977e-02,-3.233061508324916455e-01,-5.877738287057966346e-03,3.425527128760879059e-01,1.072101892927530414e-01,1.701408810104851344e-01,5.975777768278395241e-02,1.955352223360729558e-01,-8.532120024761118138e-02,6.320705986039651392e-02,4.240815691706077001e-02,3.766651078970817967e-01,3.063512902650025183e-01,1.780378769747141821e-01,-2.291935779311327914e-01,-1.945256223977058496e-01,2.154388346812968480e-01,-1.640847218268870478e-01,-4.201612136428071326e-02,1.284862526256606019e-01,-7.167700646608458903e-02,-3.112441446295459435e-02,-4.146671506164857635e-02,2.337514040532590320e-01,-2.640140567527787113e-02,7.360789159968875173e-02,-1.230849626220191853e-02,1.178593004382284537e-01,3.077781990405335094e-02,7.615941559557648510e-01,8.489419906489771572e-02,-1.001296956974493668e-01,-9.872835860855261325e-02,3.149697150618304547e-02,-3.706044688154406797e-01,-1.570190906373790662e-01,3.723088154707320657e-02,3.811781135264697973e-01,6.191062832969258800e-02,-8.840576819090834038e-02,-5.156458001971848948e-03,-5.196576651187585077e-02,9.009725710865654213e-03,-2.671721766040989210e-01,-9.789353755711521776e-02,-1.677151692423427265e-02,-1.218663404300725644e-01,1.108807537706495427e-01,1.201364721130317517e-02,1.055576439675644379e-01,3.073543167286091338e-01
2.263650852194656060e-01,-1.890309999223162007e-01,2.296968026359947901e-01,-1.168303034208556246e-01,2.670890513008627454e-01,-1.011095153556987453e-01,1.502492661908900462e-01,1.105151281248292761e-01,2.076492364857510098e-01,-3.249973965451609381e-02,1.951357428704448282e-01,1.760061257698633530e-01,1.470670908930681031e-02,1.553698998003989751e-01,-1.028751885324699633e-01,-2.462170561988170359e-01,-1.363263475684974024e-01,-1.187373081957946303e-01,5.974447165742008403e-02,1.509997975284955163e-01,-2.091701270656854961e-01,-1.514165606890283643e-02,7.702382446797575999e-02,-6.862144416844283279e-02,-2.402796587731782507e-01,-4.156409247762621884e-01,2.798469331520421211e-01,2.412973375682813670e-01,-1.488931493120101979e-01,3.826007741517217613e-03,-1.305964307447696204e-01,-7.321339531348630691e-02,-2.150736057894737652e-01,3.515254169457632805e-01,-1.227807460970436609e-01,2.547804338243788713e-01,6.000567023151043289e-01,2.975596435296540276e-01,2.189104861972095972e-01,2.645864006133792912e-01,2.754130544619216026e-01,2.814914277747471161e-01,1.699076923807755768e-01,2.375655170933090310e-01,2.460420425949476908e-01,3.014728273567424122e-01,3.032406817618667483e-01,-2.211508918002428603e-01,-1.021748020882629199e-01,1.449456567414990349e-01,5.283361787663246739e-02,1.321958537085352325e-01,5.075149041219239460e-02,-1.169975539609081905e-01,3.441757627197822994e-02,3.115075619901282455e-01,1.576627209514969152e-01,1.428570336392824547e-01,-1.348008118327887472e-01,1.632438863514431571e-01,3.207930960709837187e-01,-1.167323047294833854e-01,8.489419906489770185e-02,7.615941559557648510e-01,-3.151445096611019681e-01,-1.012122740503077767e-01,1.770030856648817930e-01,-2.632141394373421206e-01,1.096124208661506394e-01,-8.701467630903204908e-02,1.771027145396697755e-01,3.594748661937000045e-01,3.280097219785187423e-01,2.209673086137665665e-01,3.408173836207012419e-01,-2.642779271642096139e-01,-2.350346558603821218e-02,4.412181875915226897e-02,6.278929587183437744e-02,-1.215010853095830658e-02,3.314733461364402500e-01,4.510550914814649426e-01,2.994130445853324107e-01,3.006052184572233776e-01
1.070053557664696064e-01,1.581409092178531206e-01,1.243004799544310812e-01,3.107923281708339577e-02,2.816943265644984706e-02,-2.454446851362638293e-01,2.757360329481654826e-02,-1.141934343267881763e-01,2.764845622597225314e-02,3.347800325867882065e-02,1.036703051903458267e-01,-2.896344796668888777e-01,-1.148827353455655204e-01,-1.128358898869193383e-01,2.534337837166945606e-01,-4.042851520804605775e-02,1.216175391603872419e-01,-4.171685416964728693e-02,9.822772344652294652e-02,2.061339155818582292e-01,-1.173571123513663522e-01,1.677740522816964786e-01,-1.946801077675154035e-01,-1.154760624633773408e-01,-1.255151712352359505e-01,-1.946788933457151713e-03,-3.719566631871743662e-02,2.234726634503624576e-01,4.788910523654109352e-02,1.520547641244269499e-01,2.154501907996946852e-01,4.970876658421740646e-01,4.348879313984196221e-02,-1.546176811257743595e-02,2.093251608090257732e-01,5.413787242334247574e-02,-7.845472205656947584e-02,3.687473749396052991e-02,-2.368328764548368603e-01,-4.341203673346775288e-02,-7.908351789799319964e-02,-1.668775892562388841e-01,-1.962040563672593288e-02,8.221530438427636367e-02,-2.914667236150632612e-01,-1.930488064910861057e-01,-7.279086126996402173e-02,4.134443649317354197e-01,1.126356113758173183e-01,3.362076133351307727e-02,-2.673033230069850330e-02,7.773244713814243811e-02,3.066751415967902683e-01,-4.002672569793766510e-02,2.347933892229397690e-01,-1.545971879281116679e-01,-7.263126602758780692e-02,-1.120893054512049347e-01,3.201667618530030374e-02,2.492161501331125947e-02,3.705953133920396603e-01,1.091985478180083485e-01,-1.001296956974493807e-01,-3.151445096611019681e-01,7.615941559557648510e-01,3.269817519119942451e-01,-3.211448904903894757e-04,-2.884951858191671104e-01,-3.945348382319756042e-01,-2.112685650335911769e-01,-3.181708628319503407e-01,3.585773822885304080e-02,-9.672800859893988801e-02,-1.355866004349111642e-01,-7.997914659869083398e-02,-5.181090664844321264e-02,-1.409539487078330898e-02,-3.714198282382314420e-01,-4.532764424769343825e-01,-2.775670619276030329e-02,-5.925413614545426561e-02,-5.499502552183542503e-02,-1.192252519223192531e-01,-2.554796570174210912e-01
-1.658842789900470960e-01,5.327429915458987697e-01,-1.810469794365286988e-01,-1.845237103206173734e-02,-2.310263794386720748e-01,-2.146448606128729952e-01,-1.675110872659075767e-01,-6.121752759336321348e-02,-3.297395590153940903e-01,-2.873591443917641874e-02,-3.123765722548700885e-01,8.076073952070565720e-02,-2.231141189686328963e-01,-9.807595149421638459e-02,1.069248360537498610e-01,-1.162608459766207719e-01,-1.135135323648270578e-01,-1.761157652107050164e-01,-3.359531070448784074e-01,-1.070376731673618326e-01,1.001239941696983049e-01,-6.988884292194702530e-02,3.161180581191482680e-02,2.926194738054173627e-01,-2.030808225744352435e-01,-1.123535443747346318e-02,-2.115895284494744844e-01,-2.842284526939107756e-02,1.450952455682660847e-01,-1.291217481882366291e-01,-1.303849112315614567e-01,1.463079564302195712e-01,5.599012321497197631e-01,3.016264375240423901e-02,6.029070303694373800e-01,-1.983612563845392751e-01,-7.826332812304374886e-02,-2.318315616302410176e-01,-1.859729174633119875e-01,-2.130986978692700207e-01,-5.328438125788419882e-02,-3.651512236789606347e-01,4.505730287507039161e-02,-2.899141166122821134e-01,3.022530290861702440e-02,-1.654617709366359157e-01,-1.166384445707154827e-01,2.374015277053548867e-01,4.073757460185599699e-01,1.885897281578109014e-02,3.692127632297004802e-01,-2.900975326543850374e-01,-9.205348939428814603e-02,3.248847005191173865e-01,-8.718411189490613000e-02,-3.357611004468142452e-02,3.222706503651064924e-01,2.359788045991721983e-01,3.908376471505259353e-01,-2.889533081683924864e-01,1.206389238894675087e-01,3.030230876440415111e-01,-9.872835860855259937e-02,-1.012122740503078183e-01,3.269817519119941895e-01,7.615941559557648510e-01,-1.112974743229734192e-01,-3.227382513159836597e-01,-1.335419462346560393e-01,-1.202772192815043106e-01,-1.725870401597329740e-01,-7.111888614837789425e-03,-6.303544794582427446e-02,-1.828130448817009424e-01,1.015074921955959608e-01,-2.663374917024082800e-01,-2.521192217746618947e-01,-1.547589367615010425e-01,-1.703525700763040829e-01,-4.435535827416040196e-03,-6.021052332423444675e-02,-1.051804821063989370e-01,-2.444221456711249407e-01,-8.536550818604418667e-02
1.263946056067050648e-02,-3.598972326313109593e-01,-3.089784118214560782e-01,-1.092106074432234730e-01,-1.806603460398123473e-01,-4.948059668575308101e-02,3.657256652925655049e-01,-1.731747409293297457e-01,-1.223358077098556373e-01,2.081066396461029311e-01,-3.356545318676630862e-01,1.515692404229270485e-01,7.901167448000336047e-02,-4.097757042396868443e-02,3.596542543196424302e-01,-1.843451671130818259e-01,3.061533257418216358e-01,4.879921140475308033e-02,-2.275051158003392748e-01,1.086109145372640000e-01,-3.312139543185454310e-02,7.606154437700368524e-03,-7.175479840726670111e-02,1.822930908146758455e-01,1.769400674076078983e-01,9.264426214360736711e-02,-3.466051362569941285e-02,1.247438697696191257e-01,-7.763831670772694538e-02,1.903060834157604964e-01,-1.148908431611002715e-02,6.090794682252294312e-02,-1.251650803657747835e-01,3.041431887488185160e-01,-7.988572137831626008e-02,-2.076146956480830474e-01,1.087003426672974865e-01,-2.818424538802170032e-01,8.639263941698181737e-02,1.441992387864715897e-01,-1.038789408340910631e-01,-1.612726131135574226e-01,3.260149916240545065e-01,-3.033300493072025317e-01,2.300741927711572044e-01,2.223574935456647805e-01,4.691687194387244436e-02,2.672340830294843705e-01,8.206111757121674691e-03,4.057980326503664026e-01,2.313619072769529661e-01,-9.623779897382533921e-02,1.365669474149729112e-01,-3.179106665718688801e-02,1.297484818491349001e-01,-6.337558328284936815e-02,2.492693964106900972e-01,3.783069473649010583e-01,2.242803988766894074e-01,-5.084473317299687684e-02,1.889714667549702021e-01,3.953939864104434598e-02,3.149697150618299690e-02,1.770030856648819040e-01,-3.211448904903929451e-04,-1.112974743229734609e-01,7.615941559557648510e-01,3.868095501871643416e-02,3.438741351495907539e-01,1.873812825241794877e-01,-5.917144740515611900e-02,6.775799253715168724e-02,6.076331319637102990e-02,3.020400545167087336e-01,1.328252926889742502e-01,-5.438635743140107087e-02,5.758556646319317185e-01,1.131890984438643083e-01,3.700181205135502638e-01,1.225791538818462589e-01,5.530899931506222389e-02,2.009294306458394574e-01,3.277822812051301438e-01,9.725497538080252191e-02
-2.707333113519009293e-01,4.422717251359490134e-03,-4.786025319423953817e-01,-2.735791795185291697e-01,-5.287302063767034266e-01,2.930296884027946969e-01,-1.813026532674950897e-01,-1.765279085052633146e-02,-4.091324326478866791e-01,-7.424896318462377576e-02,-3.787921875390864446e-01,1.253680319649155828e-01,1.124273201733574229e-01,-1.459481068090112132e-01,-8.953347738318641336e-02,4.048891884312540435e-01,2.058883832014946347e-01,2.894542306637983842e-01,-3.114445693948033611e-01,-4.066858084552206765e-01,2.026782626765489814e-01,-2.757283652414653230e-01,-1.837417688445693031e-02,1.626925277562626393e-01,5.024123573478764815e-01,3.263087133660309558e-01,-4.460895980327410082e-01,-2.384727488506627469e-01,-1.443606722231908362e-02,-3.707738449790403540e-02,-3.408051258795962712e-01,-2.005054623573159778e-01,-8.928201248215911212e-02,-3.016013848645108797e-01,-9.441811897361430950e-02,-4.417527031722323083e-01,-4.075233926797920958e-01,-6.231142746965514512e-01,-1.543466895011710305e-01,-5.652592174643004119e-01,-1.436840979038581656e-01,-4.518135329352455654e-01,-1.103232496928430034e-01,-4.591343752580130388e-01,-1.805741682665402692e-01,-3.695895834156518456e-01,-3.973903502028546808e-01,-1.928597376761699012e-01,-1.937763197539283389e-01,-4.105196655405907863e-02,-3.840828117117240509e-02,-2.985154298916701809e-01,-3.778525579383243960e-01,-1.022033367367155415e-01,-4.241218776814132396e-01,-2.200145477102417313e-01,2.712049778767119251e-02,9.851914029417663254e-02,-2.671086744245943501e-01,-4.113457936925634106e-01,-5.117791345082897125e-01,-2.196639977087777029e-01,-3.706044688154406797e-01,-2.632141394373421206e-01,-2.884951858191671104e-01,-3.227382513159837152e-01,3.868095501871643416e-02,7.615941559557648510e-01,3.461615184290099401e-01,-3.309669091526368928e-02,-1.266501843424767126e-01,-1.553179193965344429e-01,-2.559394566492604328e-01,-7.880850569663372385e-02,-5.045336460173763249e-02,1.677770361847266967e-01,2.491934203704359585e-01,3.690476963760965790e-01,3.089969872774167570e-01,-3.781768383181782767e-02,1.317094519469493852e-01,-3.346697201686797407e-01,-1.869064499557827608e-01,-2.545926980016519625e-01
-2.255846398393263064e-01,-1.694270530379610173e-02,-5.476581978913274140e-01,-6.309513284297278701e-02,-3.674003786245886305e-01,-3.990655337036846939e-02,-8.324843074309321023e-02,-2.302982948295854981e-01,-3.551125288505153632e-01,1.709073869769877352e-01,-4.181508630504783830e-01,2.236645967601434415e-01,-6.677631300783362645e-02,-1.357874713700782908e-02,4.162866306127949861e-02,3.054878654784389316e-02,2.592716711230470539e-01,1.102384856908208699e-01,-4.486024419144503672e-01,-3.127771572659825416e-01,5.535524968861816469e-02,-3.132915822480696888e-01,-1.112618497549620611e-01,2.762229894838781896e-01,3.578446370912284347e-01,1.808675392648553260e-01,-3.806206797028776623e-01,8.813262242941025462e-03,-1.034170564086892563e-01,-8.653071072474395609e-02,-2.330371398784729375e-01,-1.547116912427170532e-01,5.315661546190858337e-03,-1.413371772492117706e-01,8.997773006169892951e-02,-4.842594969043886310e-01,-5.946549738568208954e-02,-4.285875381346187507e-01,-1.470550366342170678e-01,-3.605848369189739167e-01,-2.615456130512645583e-01,-3.198126400952429615e-01,1.864500856645921190e-01,-4.138373152640398844e-01,1.618449621722325427e-01,-2.647706966067763790e-01,-1.074542665256070645e-01,-9.908338904545706260e-02,9.819088047217464435e-03,1.825140957687265697e-01,3.335231773101118291e-01,-3.776079643232534977e-01,-3.167693105422771382e-01,1.754012061607927025e-02,-2.964705343808567983e-01,-1.777836328724756720e-01,1.766340187912024406e-01,3.066537972518795230e-01,-2.170466964540828519e-03,-3.787332299459669205e-01,-1.595546915921783604e-01,-4.096309190531578076e-02,-1.570190906373790107e-01,1.096124208661505978e-01,-3.945348382319756042e-01,-1.335419462346560393e-01,3.438741351495907539e-01,3.461615184290099956e-01,7.615941559557648510e-01,4.604520177389666569e-01,2.036012008718924848e-01,2.428076202708695508e-02,-4.458984971885448373e-02,5.589601420336470783e-01,2.824810575114455324e-01,6.275709249154119707e-02,2.891642434500233394e-01,2.745736689761496541e-01,8.114418166092597362e-01,4.263023768450732165e-01,2.096314567930899764e-01,-8.130590709151114259e-02,6.889050738500009097e-02,3.692327459107819232e-01
4.474059797039969810e-02,1.788046254926755341e-01,-2.457043718099115592e-01,-7.896742546749033198e-02,-1.402421122219727478e-01,-1.600236848738172471e-02,-1.405621591365865952e-01,-6.940011283456661018e-02,-1.012690047191130843e-01,1.180017212064389948e-01,-1.537270936584679837e-01,1.701147917759245620e-01,6.056066409651357681e-03,-3.399694718144335992e-02,1.074376419301483893e-01,1.173697212034612580e-01,2.841618344432801993e-02,1.367500213167225365e-01,-3.388451631264451369e-01,-5.334351221608508303e-02,2.339377184638799512e-02,1.374737921436332555e-01,4.237615257416908754e-02,1.346706369301305661e-01,2.406188502340928237e-01,2.827690670340098356e-01,-1.758811632811389247e-01,2.139067082749714910e-01,2.352856854897658959e-02,1.082658930537065411e-01,-6.659484257680055308e-02,1.580305549466486104e-01,1.779010666326942547e-01,-5.109323182105638761e-04,1.395350498533514672e-01,-2.538140604312817405e-01,3.599612679438187607e-02,-1.446527125013669646e-01,-3.243479863933561580e-01,-2.501305295022391295e-01,-2.184514064866260319e-01,-1.240319958819063734e-01,1.125075362985014371e-01,-1.521304995298422558e-01,6.599479958965867588e-02,-3.995680714141765510e-01,-7.037977891915510320e-02,-5.950346827432934083e-02,1.801224854240625894e-01,-1.452917471784108683e-01,2.732311571151153640e-01,-3.302954988457026952e-01,-8.605983041005481338e-02,-4.876470796614841563e-02,1.527687138015786095e-02,-1.129974923873195286e-01,-3.408574570747255339e-02,1.296933531607700682e-02,-6.948583304100397484e-02,-3.564997983711354901e-01,-2.838567230213443100e-03,-9.840231664586758520e-02,3.723088154707319269e-02,-8.701467630903200745e-02,-2.112685650335911769e-01,-1.202772192815042968e-01,1.873812825241794044e-01,-3.309669091526364765e-02,4.604520177389666569e-01,7.615941559557648510e-01,1.863109304164449476e-01,-8.705983584917785512e-02,-1.043105564839994504e-01,2.608916772658890215e-01,2.787756595075714383e-01,-5.255833200213073236e-02,2.440562844929730635e-01,-1.939614526576018128e-01,4.228239392012343445e-01,7.489986280493953208e-01,1.556758651994328765e-02,-1.686411029184780863e-01,-5.796945289061293527e-02,3.366569911941271753e-01
-3.697438361113929151e-02,-5.974584332621882959e-02,-1.628285403136973675e-01,1.671657847792538676e-01,-2.161737585769959724e-01,-7.528128316712738577e-02,-2.140417377712606761e-01,-1.026986579674617900e-02,-1.852042840635489407e-01,-8.713089053084943636e-02,-2.133995291600414568e-01,1.328463285595613830e-01,1.203391174223904098e-01,7.370350260479678617e-02,-2.745413555075498779e-01,-1.477597973257842034e-01,-2.883940058268087692e-02,-1.814470372431856160e-02,-1.903479406950338848e-01,-4.206721686251020387e-01,-1.525016641993773292e-02,-3.680970207526085280e-01,4.871810754419450551e-02,3.677266755578813273e-02,-3.535426731048982307e-02,-1.137679375108696378e-01,-2.835215718877217017e-01,7.068693668515167727e-02,-4.386039315353084528e-02,1.402462666887737686e-01,1.065417375353811952e-01,9.279427940502235628e-02,-2.257662771133644997e-01,8.035903246353202911e-02,-7.251771333706684419e-02,-1.752370804880680477e-01,2.210835686900299302e-01,-1.405713943689506085e-01,8.343252002379442089e-02,-7.571151093670769328e-02,-1.145779792058616506e-02,-1.791970781615649377e-01,-4.688265303621400037e-02,-2.188145328843721094e-01,1.498759114321619734e-01,1.866961667952947435e-01,4.663315621923579818e-02,-3.413075732966409093e-01,-9.736327425351035125e-02,-9.867500469462002488e-02,3.962185083608725511e-02,-1.880683537903750091e-01,-3.607281173652975848e-01,4.576509169278295680e-02,-3.313856725205551190e-01,6.464940947383519820e-02,2.229204025855491544e-01,-5.609287370665576485e-03,2.971302701845651706e-02,-2.544034275834001213e-01,1.357527747315608324e-01,-7.715768181874367582e-02,3.811781135264697418e-01,1.771027145396697755e-01,-3.181708628319503407e-01,-1.725870401597329740e-01,-5.917144740515612594e-02,-1.266501843424767126e-01,2.036012008718925403e-01,1.863109304164449198e-01,7.615941559557648510e-01,-1.212438710920890478e-01,1.096993976320519322e-02,1.523190785399726188e-01,1.695591865168037671e-01,-1.351063557969634510e-01,-1.271799554385147080e-01,4.311257358740096246e-02,2.146689627523286348e-01,1.572825072126393942e-01,1.733962395023524172e-01,-1.192041217033640854e-01,6.855890572035357178e-02,4.676810882286311921e-01
-1.363679687927586356e-02,-2.587314192924614620e-01,1.367470979081929772e-01,2.650166723536594993e-01,2.796182615767586754e-01,-3.552055563812432648e-02,2.939108318100285278e-01,1.875180305320866547e-01,8.897913976734951602e-02,3.465799670092851170e-01,2.896187809818913661e-01,4.203078745375072867e-01,1.148400450086458913e-01,3.491265706193711349e-01,-1.193754094935653015e-01,-2.939068745311414488e-01,2.598841931802571836e-01,-5.819308679624257512e-03,1.549688827203404562e-01,1.589005638289355815e-01,-2.569142106087913824e-01,-4.769987357568649528e-02,-7.298893878976052407e-03,1.668730766261144194e-01,-1.868188812318140324e-01,-3.145324288219350506e-01,3.797113023034488083e-02,2.366183725311829245e-01,-3.453312959679324390e-01,-4.759321541580423948e-02,-6.594191399630464079e-02,-8.251417174494270201e-02,-2.267788107547880766e-02,-6.201123866740037432e-02,-2.550274187252303260e-01,9.472776978771338396e-02,5.888982016677464237e-01,1.821042068444923556e-01,1.094777554046324347e-01,1.885533004272938185e-01,2.735129957472625106e-01,-3.644888985330187875e-02,2.974727264022293816e-01,2.305210875391748848e-01,4.224307034337634881e-01,2.438961483300856048e-01,4.297561252576260205e-01,-1.803349497259141287e-01,-3.732983832627545517e-01,4.123384450591769945e-01,-1.831270735456644594e-01,1.120854707074928069e-01,4.704703910566044450e-02,-2.867113429508801326e-01,2.760569115635707824e-02,1.021631289006252191e-01,1.592997588475139059e-01,-4.981757561163793063e-02,-3.932265246202838460e-01,-1.302272134622412328e-02,2.391663857180927888e-01,-3.042545828794116503e-01,6.191062832969260882e-02,3.594748661936999490e-01,3.585773822885301998e-02,-7.111888614837817181e-03,6.775799253715165948e-02,-1.553179193965344429e-01,2.428076202708696202e-02,-8.705983584917779960e-02,-1.212438710920890894e-01,7.615941559557648510e-01,6.215221197043701018e-01,3.734251332469425422e-01,4.052592276725399678e-01,4.291131251073303232e-02,5.707255727765535823e-03,-1.101322068996778980e-01,-7.594779049557118245e-02,-8.824396884803530766e-03,7.922318577761219838e-02,8.148691734532347297e-01,5.902730850147274166e-01,2.492151607792938983e-01
-4.116383673111835562e-02,-2.225240970579815680e-01,9.223626762929275358e-02,9.893880586870572313e-02,3.274416468411439629e-01,-1.418055850242459781e-01,4.007102690894911445e-01,-1.471815301371353912e-01,8.802703434044950592e-02,1.910398782347351165e-01,1.401918654419211374e-01,2.584247913084072867e-01,6.162842690443679633e-02,7.382569985318922223e-02,-2.157397221267604026e-01,-2.960694110697523196e-01,1.404546851124391094e-01,-1.072323281383763365e-02,6.406837028746015239e-02,4.421707579282706940e-02,-3.989132552337375515e-01,-8.719258622286324423e-02,-2.428024034851125057e-01,-7.612459474020871752e-02,-2.940886001080393330e-01,-4.115713444934766541e-01,7.979882332286705737e-02,1.672505429552450240e-01,-3.411657457277388339e-01,-5.702713746041134651e-02,-5.573563637980104291e-02,-1.706815216563857193e-02,-6.640550177036989854e-02,6.210984672779654159e-02,-2.664546009834079521e-01,1.170824748171063329e-01,5.402857609507366599e-01,2.862749422567114066e-01,-1.058240235020348613e-01,3.674096755249140478e-01,-6.436804213070991543e-02,1.304271389848959684e-01,2.333703176505707300e-01,1.457791481938139344e-01,1.533062392168508814e-01,1.928376311508116225e-01,1.844088797249177902e-01,-1.900334766142388887e-01,-2.341955824583941415e-01,3.552257478773330202e-01,-2.633253840079783151e-02,1.267777296421206679e-01,-1.481546159314109934e-01,-4.089789908471633817e-01,-8.586230759671056867e-02,-1.423002697807332628e-01,-1.237578062253461425e-01,-3.539135086684848386e-02,-4.091612391411259542e-01,-1.371900706128748038e-01,2.170397307845982893e-01,-3.944623250136415349e-01,-8.840576819090835425e-02,3.280097219785186868e-01,-9.672800859893988801e-02,-6.303544794582427446e-02,6.076331319637102990e-02,-2.559394566492604883e-01,-4.458984971885445597e-02,-1.043105564839994504e-01,1.096993976320519322e-02,6.215221197043701018e-01,7.615941559557648510e-01,2.217304200927923685e-01,3.500106953312673852e-01,9.624271756644710296e-02,4.417606795475054193e-02,-2.114216466322103027e-01,-9.205608012298530096e-02,-8.515899427306897196e-02,-4.294068451251742413e-02,5.048386216802265292e-01,6.137006247670134806e-01,1.299229429219509735e-01
-1.177835889813165504e-02,-1.371422795988254117e-01,-7.762329284206218039e-02,1.772942581398730955e-01,2.205339286277148148e-01,-5.134073531434230758e-02,2.887064355803276028e-01,1.146661942204786344e-01,-1.637293372229445265e-02,4.855964649851162718e-01,7.780681437795841648e-02,4.034243064920587929e-01,2.172427239589330705e-01,2.651894641103047512e-01,-2.037015869026708170e-01,-1.615952925591624401e-01,4.279467937864550597e-01,1.034383902739047512e-01,-1.130076513889285567e-01,6.369680377621783629e-02,-3.012754028155717467e-01,-5.766768313516803385e-02,-6.601440707071017273e-03,3.022164104403839424e-01,-3.739079522321601956e-02,-8.153067324690585482e-02,-2.428085794433190031e-02,2.519238954476337722e-01,-2.328793527780454731e-01,6.365476377554081522e-02,4.634416974360178881e-02,-3.100811808110118944e-02,-3.672431407469034514e-02,-7.032892518411740408e-03,-5.437062457274086102e-02,-1.266382136096002864e-01,3.897408489799025211e-01,1.465848087724740401e-01,-4.800478564743711901e-02,6.742452566339564302e-02,1.336088885920368730e-01,-1.778371417384556064e-01,4.485361992065480252e-01,3.190877914880815847e-02,4.163495975502941593e-01,9.725860276335897281e-02,4.387037824667553987e-01,-2.231766106675968364e-01,-1.925135392014862834e-01,2.314262258992196286e-01,4.182642138425591433e-02,-1.625511454268184497e-01,-6.982114369714825797e-02,-2.488437471570823512e-01,-7.394157238062386284e-02,3.379742082456383551e-02,1.816476889288073382e-01,-7.000746560607933738e-03,-2.630517906014026575e-01,-1.400762296830785347e-01,2.626946020201954557e-01,-2.806548443580744179e-01,-5.156458001971890581e-03,2.209673086137665388e-01,-1.355866004349111087e-01,-1.828130448817009979e-01,3.020400545167086781e-01,-7.880850569663370997e-02,5.589601420336470783e-01,2.608916772658890215e-01,1.523190785399726188e-01,3.734251332469424867e-01,2.217304200927923685e-01,7.615941559557648510e-01,5.478361143811654177e-01,-4.535378614289372473e-02,1.999159853131116105e-01,3.436343811535741422e-02,4.024524857049920357e-01,3.098865352145815377e-01,2.006759032416891575e-01,2.650255313260435064e-01,2.895739244192597206e-01,7.544112909780613663e-01
2.416101465167143011e-02,-3.229869143971753065e-02,7.990662664250242075e-02,-9.915626449950944860e-03,1.917479361839171670e-01,-1.929820148048853184e-02,2.503490242914671593e-01,1.824567248022040122e-01,-1.161314460336106136e-02,4.138201112565836337e-01,1.243194885319647419e-01,4.907735401226637206e-01,2.125842067976398686e-01,3.648421885771183093e-01,-2.446934991079233457e-01,-4.531051453788238759e-02,8.230132023554835585e-02,1.857381251714038950e-01,2.533750073728742794e-02,6.811609922532958772e-02,-2.929940619848641625e-01,8.181267417211716964e-02,7.117470045989969518e-02,2.820028175640276746e-01,-7.932978622471738295e-02,-2.029568978624748388e-01,1.117499079389208533e-01,2.868761568284080021e-01,-1.851579598303109142e-01,-6.605214157079839464e-03,-3.730723684807765034e-02,2.061471232985113700e-01,1.887309708648979012e-01,4.955431929182277373e-02,1.603562396693037836e-02,8.242907167159224668e-02,4.148814368102316519e-01,1.475100120816522364e-01,-5.820582989493647968e-03,4.796969412861879639e-02,1.488730866329035230e-01,-2.493758237106551146e-02,3.817613385617432131e-01,1.690932755448185110e-01,4.157151433257482709e-01,1.612522643639004993e-01,4.341495220465286797e-01,-2.565994729909757410e-01,-7.857519822427368184e-02,2.356054429831603014e-01,2.873442444748213268e-02,3.764297280130041862e-02,-2.082284880762367285e-01,-3.009890353134490049e-01,-6.100220648250922334e-02,1.271834931263527979e-01,5.549293405143873592e-02,6.315321701558183898e-02,-2.388398900100233702e-01,-1.790432098784290882e-01,3.042880270781621044e-01,-3.533698334725209333e-01,-5.196576651187583690e-02,3.408173836207012974e-01,-7.997914659869083398e-02,1.015074921955959608e-01,1.328252926889742225e-01,-5.045336460173768800e-02,2.824810575114455324e-01,2.787756595075714938e-01,1.695591865168038226e-01,4.052592276725400233e-01,3.500106953312673852e-01,5.478361143811654177e-01,7.615941559557648510e-01,-2.845011897070223728e-02,1.915527682453320168e-01,-1.037262799043124767e-01,1.609952817869249320e-01,1.979993843526290653e-01,2.267774214295857071e-01,3.478327443587260204e-01,3.080920791992032837e-01,4.946063309231331084e-01
-1.032780556364918875e-02,-1.401186223901590422e-01,-1.733032047315155311e-01,4.146459891402150266e-02,-1.208931004681792903e-01,2.418347837104065368e-01,1.563500794451039289e-01,9.717615175428911609e-03,-1.927451951763614335e-01,3.151978097956009001e-02,-1.296141224797304481e-01,9.709396259421052694e-03,1.473848112947888089e-01,-4.915383002929159945e-02,-1.110391178805977264e-01,9.318456456542592581e-02,1.935374528632667623e-01,1.178698187339601022e-01,-8.014006238272392002e-02,-1.548361704052215182e-01,3.065519894587577163e-02,-2.058333245071281015e-01,-2.216814818843020410e-02,-9.608838802894033304e-02,1.207024556632109308e-01,-5.878643890019932816e-02,-1.293453031689263122e-01,-2.047597754552265836e-01,-2.427528586865274340e-01,-1.795271237227813108e-02,-1.025007555721538094e-01,-2.307120548112544522e-01,-2.035742563228263857e-01,-1.662700324144085473e-01,-2.592963751814020834e-01,-2.047698978629374778e-01,-1.266283651715366110e-01,-9.822053201104391507e-02,2.897999992117402182e-02,-9.687309780963961059e-02,-6.135090913469887913e-02,-1.641237200459277623e-01,-8.182457729719966322e-02,-2.191666338543709069e-01,-9.431431297962862559e-02,-1.188659800208175382e-01,-4.581994480238684581e-02,-1.452569323787169242e-01,-3.413194296822096852e-01,-3.446884828242590543e-02,-1.487123994537659644e-01,-2.285314194179564329e-01,-2.640275401737833261e-01,-1.602211099546356488e-01,-2.660841518953437901e-01,-1.145820060171944543e-01,-1.830695974462066000e-01,-7.920987879027260870e-02,-3.635067026330473516e-01,-2.392664071648238078e-01,-1.992172866120908159e-01,-3.209553642322626743e-01,9.009725710865668091e-03,-2.642779271642096139e-01,-5.181090664844321958e-02,-2.663374917024082245e-01,-5.438635743140107781e-02,1.677770361847266689e-01,6.275709249154122482e-02,-5.255833200213071155e-02,-1.351063557969634232e-01,4.291131251073303232e-02,9.624271756644713072e-02,-4.535378614289371085e-02,-2.845011897070227544e-02,7.615941559557648510e-01,1.905150626602654940e-01,-8.396607486443463664e-02,1.167467393708503387e-01,-5.486446888068416405e-02,8.267329149573919567e-02,-8.221755126014808346e-02,-1.626605025215860367e-01,-1.862251788348747716e-01
1.694097056776401877e-01,-2.305607711759323775e-01,-8.647462149889489913e-02,-1.770886303703760323e-01,-1.300789567524749113e-01,2.337726734253200156e-01,3.215619580824248813e-01,5.176222112082303622e-02,6.860556850540702745e-02,2.604251412478473804e-01,-1.451264273387794512e-01,1.191823935938322865e-01,2.408603533886466974e-01,-7.179506357046409881e-02,4.901143370780943753e-01,2.933866141288955509e-01,3.271608724037974314e-01,4.220933174564018842e-01,1.090530613763809453e-03,2.780646919884984247e-01,1.357288509316107727e-01,3.959173760318004387e-01,1.423908400133959140e-01,1.225398480332936108e-01,5.164942492879357472e-01,3.927875420599287182e-01,2.515472212309427524e-01,3.369230217685708073e-01,4.521532327128823664e-02,8.901176387637690923e-02,3.014468517745165152e-02,2.671629527948768956e-01,-1.226111704483727749e-01,8.071874921975770445e-02,-9.902669759187063270e-02,-2.779233638869513939e-02,-1.209503099331592224e-01,-1.865175653684919832e-01,-1.332455939891438734e-01,-2.343765743478407396e-02,-1.010733802462630976e-01,4.745486714687366381e-02,1.439417159847226346e-01,-1.169206243277783885e-01,-5.595742285401405364e-02,-1.370663537920191744e-01,-1.847163856529099035e-01,4.153405346406234266e-01,-1.004238944605821554e-01,2.130248436153626274e-02,2.119879410683883636e-02,7.276782507439655268e-02,2.140034243115897794e-01,-1.033729460191454841e-01,2.649962718105368653e-01,2.734896503240883542e-02,-8.484560670254633064e-02,1.080124178491943115e-01,-1.866281026411654165e-01,2.613400509194193852e-02,2.102119898813160637e-01,-1.894140298838092873e-01,-2.671721766040989210e-01,-2.350346558603821218e-02,-1.409539487078329510e-02,-2.521192217746619502e-01,5.758556646319316075e-01,2.491934203704359585e-01,2.891642434500233394e-01,2.440562844929730635e-01,-1.271799554385147635e-01,5.707255727765563579e-03,4.417606795475054193e-02,1.999159853131116382e-01,1.915527682453320168e-01,1.905150626602654940e-01,7.615941559557648510e-01,-1.483517443981391681e-01,2.252528340846724764e-01,1.603554375156714673e-01,1.170245561456400157e-01,8.550493032125873472e-02,1.798299604375806771e-01,-1.816346434858848516e-02
-4.201481149945965887e-01,-2.485204655196562307e-01,-5.430354869817947128e-01,-3.328777864316818103e-01,-3.702483470332282312e-01,1.852728645611121869e-02,-1.723404677876076013e-02,-7.481921677952213523e-02,-4.045846608680864764e-01,-1.428503689620846950e-01,-5.013177793019982786e-01,1.104163523458140533e-01,-2.178978782205991116e-02,3.286206688054475050e-02,-1.349374981522530326e-01,-2.278153699098625640e-01,1.326006691802011639e-01,-3.185983713790820904e-01,-4.645983785415358502e-01,-3.795549043231685737e-01,7.539051002442660743e-02,-4.801024749599187569e-01,-5.748788822488001132e-02,1.984867607203977535e-01,-4.490462407129119926e-02,-1.602586247081651261e-01,-4.112798095255357222e-01,-3.976286268648654976e-01,-1.014047908663985448e-01,-8.723703072337846143e-02,-3.170866949372529442e-01,-2.916782186286698830e-01,-2.906835365195932219e-01,-1.583349116046819105e-01,-1.324662902712974433e-01,-4.565079667815137854e-01,-1.197406261890304330e-01,-4.354328990654650622e-01,2.315716383518084676e-01,-2.374825515181890057e-01,7.491029921723495189e-02,-4.365225695813875761e-01,1.195165486287239412e-02,-4.802434392581976796e-01,1.614478197099579737e-01,7.839355624976310222e-02,-2.015929624502153187e-03,-2.728683324912383745e-01,-7.912089067857872027e-02,2.004329769894954150e-01,3.136110153704874809e-02,-3.880314376495493378e-01,-4.454210733763587227e-01,1.513165123083005936e-01,-4.554805798661499261e-01,2.142163323000653707e-02,2.295940980072800619e-01,2.679787220058844066e-01,7.270375791090802342e-02,-2.406164164532871574e-01,-4.216753502541807364e-01,8.331796252056103413e-02,-9.789353755711519001e-02,4.412181875915226203e-02,-3.714198282382314975e-01,-1.547589367615010703e-01,1.131890984438643222e-01,3.690476963760965790e-01,2.745736689761496541e-01,-1.939614526576018128e-01,4.311257358740088613e-02,-1.101322068996779535e-01,-2.114216466322103027e-01,3.436343811535742115e-02,-1.037262799043124489e-01,-8.396607486443463664e-02,-1.483517443981391681e-01,7.615941559557648510e-01,2.335569094921363387e-01,-1.269017359046553661e-01,1.014142043983778246e-01,-7.992217894152769952e-02,-1.155397773429713559e-01,-5.029457410471183804e-02
-1.626499622727934635e-01,-2.016511122025965719e-01,-6.762007966852916496e-01,-1.645761295187007358e-03,-4.921497383636271872e-01,-1.016702719522998011e-01,-4.068224582922601307e-02,-3.370587243058134064e-01,-4.886653827393740435e-01,8.459697867403759286e-02,-5.842184445837802498e-01,9.495421310659393765e-02,-2.229665979609570664e-02,-2.057507272031276480e-01,-1.023626147235351252e-01,-1.998171661832119639e-02,1.717687915169503754e-01,1.141314307422221230e-01,-6.067693272178281694e-01,-3.715509069602221937e-01,-2.389861608289557682e-02,-3.788160959948667084e-01,-2.605006592767542539e-01,1.890162091799045818e-01,2.452481905614529722e-01,1.543402710584017845e-01,-4.632884937368712541e-01,-3.128031532550180210e-02,-9.832731749831598311e-02,-5.567230291831748445e-02,-1.171626479091596451e-01,-1.790055945679335792e-01,-5.600964336038213170e-02,-1.097581756915792239e-01,-8.875407039257706548e-03,-6.454484915849486582e-01,-8.676449429501713329e-02,-5.691759029430092376e-01,-2.837125971572445615e-01,-3.514624071009869732e-01,-3.987138814832489331e-01,-4.772797479512263519e-01,1.134360759020332371e-01,-6.042126086071243352e-01,9.722913620535522661e-02,-2.273564284182664763e-01,-1.523056137214065520e-01,-2.481647502468500299e-01,1.189127131975681144e-02,1.226817212511647631e-01,3.404105106802464698e-01,-5.195633939136415913e-01,-3.896653652870750717e-01,-5.014317161465305095e-02,-4.000176883438387732e-01,-3.803465719884158158e-01,2.136150153475207814e-01,1.798187490631865670e-01,-3.399939181909972935e-02,-4.947042863821395353e-01,-1.572648030128581675e-01,-4.671911199777032211e-04,-1.677151692423427265e-02,6.278929587183436356e-02,-4.532764424769343825e-01,-1.703525700763040551e-01,3.700181205135502638e-01,3.089969872774167570e-01,8.114418166092597362e-01,4.228239392012342335e-01,2.146689627523286903e-01,-7.594779049557122408e-02,-9.205608012298530096e-02,4.024524857049919802e-01,1.609952817869249042e-01,1.167467393708503803e-01,2.252528340846724486e-01,2.335569094921363387e-01,7.615941559557648510e-01,3.719823573248196569e-01,1.552950160468728469e-01,-1.515255369858843071e-01,-2.326022196616205073e-02,2.977931411590812316e-01
-1.098274834944968775e-01,2.556941028988631293e-01,-2.775840239520646624e-01,1.014092145065890321e-02,-5.446768409876759365e-02,8.835046638747090855e-03,-1.473177771879213838e-01,-1.453416871627016549e-01,-4.300289113223101922e-02,-5.117228183608693928e-03,-1.189623845484201886e-01,1.686395160194827936e-01,3.255461066141489713e-03,3.481418745569170303e-02,8.070022584341079996e-02,5.388066044419150685e-02,4.250754013407407467e-02,5.196021856937567407e-02,-3.386936264899462201e-01,-8.492451175211332415e-02,3.290643629738460724e-02,7.079299261411424460e-02,-1.132382691113901010e-02,1.054861889518626666e-01,2.092702814285890833e-01,1.595689941577321802e-01,-1.562361843850110510e-01,2.040278901661473909e-01,3.671619705573103687e-02,-9.753062999611357420e-02,-6.619363632551353294e-02,2.304421346079258970e-01,9.143894419244248672e-02,-1.501480409003651435e-02,2.824441088446928427e-01,-2.872739176254301974e-01,1.930954068727865763e-02,-8.240072697429558224e-02,-1.997176697027150671e-01,-2.666721941380361116e-01,-2.337186367167390644e-01,-1.368373373890602041e-01,1.671382539694372116e-01,-1.573874809804137465e-01,1.795965764819786731e-02,-3.196162910997084050e-01,-4.420568781051873591e-02,-3.054071720352873401e-02,3.015706802106860041e-01,-6.576371324182199440e-02,3.803627082586450436e-01,-3.530872723404002711e-01,-2.331786930843155262e-02,4.861289324082199159e-02,8.127402681983030008e-02,-1.505894127571583141e-01,-2.852960258566479904e-02,1.772122769013377286e-01,7.284730028473666852e-02,-2.142742296316677286e-01,-4.980359537856410626e-03,4.633905592366058257e-02,-1.218663404300725644e-01,-1.215010853095830658e-02,-2.775670619276027901e-02,-4.435535827416067951e-03,1.225791538818462867e-01,-3.781768383181781379e-02,4.263023768450732720e-01,7.489986280493953208e-01,1.572825072126393942e-01,-8.824396884803527297e-03,-8.515899427306895808e-02,3.098865352145815377e-01,1.979993843526290653e-01,-5.486446888068415711e-02,1.603554375156714396e-01,-1.269017359046553661e-01,3.719823573248196014e-01,7.615941559557648510e-01,1.873797673816324505e-01,-1.359752082772803239e-01,2.783172827109343462e-04,3.912333880953393073e-01
8.677568165859042559e-02,1.053802215910396023e-01,1.888671080686096446e-02,4.509318018562152690e-03,-8.895569319539380071e-02,1.450954913274598856e-01,-1.526594399852057304e-01,1.902773901660384515e-01,-3.930169615419569322e-03,-9.488350413697106689e-02,4.121129018625823565e-02,1.105612552950534372e-01,-2.785803792234891121e-02,1.480283744513779809e-01,8.823608704092807120e-02,5.787700855968696406e-02,-5.818989440033926763e-02,3.042413833508507068e-02,-6.222566579364927769e-02,-2.711785112907770870e-02,1.370532925247006373e-01,-7.247250001901746341e-02,2.336463241407553959e-01,3.043027719852397506e-01,1.538345899345797685e-01,2.850174397341114982e-02,2.225188826302022804e-02,6.812344813261723975e-02,8.750443684390336874e-02,-2.317565317812582751e-02,-5.119564518950547177e-02,4.570382295605984052e-02,4.141518491820569969e-02,5.605189780638272778e-02,8.352715336841105842e-02,-1.301952755246952274e-02,6.455733393916918139e-02,4.449103667804846923e-02,2.062561403310636254e-01,-9.945272061607884906e-02,2.306734453290786024e-01,-3.795653609992492156e-02,3.364418538040900991e-02,4.733734757288368677e-02,1.235163286061030513e-01,-5.666048343731622076e-03,1.580602961826728936e-01,7.338771291093905934e-03,-4.283950013392037043e-02,-6.733149739619317953e-02,5.675391667881701796e-02,-8.336279314824143749e-02,-2.440896803024169420e-02,1.503321612372204852e-01,-3.716950350849770185e-02,2.504475484652229911e-01,2.801901500041925619e-01,1.611144680313285060e-01,9.460110088745686541e-02,-1.510908153197131759e-02,2.224985749819907363e-02,-2.442684353304061182e-02,1.108807537706495289e-01,3.314733461364401945e-01,-5.925413614545426561e-02,-6.021052332423442593e-02,5.530899931506222389e-02,1.317094519469493574e-01,2.096314567930899486e-01,1.556758651994330153e-02,1.733962395023523617e-01,7.922318577761218450e-02,-4.294068451251748658e-02,2.006759032416891575e-01,2.267774214295857071e-01,8.267329149573922342e-02,1.170245561456400296e-01,1.014142043983778524e-01,1.552950160468728469e-01,1.873797673816324505e-01,7.615941559557648510e-01,-9.166905388556960410e-02,7.325695593136156980e-02,2.771804711341673833e-01
3.205629319821804574e-02,-4.094799033429144530e-01,5.704408346091458665e-02,4.235703484019565090e-02,3.785751957617515817e-01,-1.777928519869420854e-01,4.127380184769094962e-01,1.653082660913727520e-01,1.325636286166190225e-01,3.389927150374866804e-01,1.195297945321738831e-01,3.603884988733089267e-01,2.504840401650541837e-02,4.212327256091440431e-01,3.009162760532626407e-02,-4.502688808146201316e-01,1.323600458033287464e-01,-1.447019844708499203e-01,3.275744640114008205e-02,1.488251002816300406e-01,-3.717260947739701726e-01,-4.134108069186413770e-02,1.528240782501365767e-02,1.269653976804032691e-01,-3.152745133604202832e-01,-3.496074274298483497e-01,9.639395536201809944e-02,1.655005951900232475e-01,-4.560812060977527116e-01,3.537908606808187750e-02,1.476859126263804431e-02,3.890100914231596745e-03,-2.753348252405684038e-01,8.535264780003966323e-02,-2.529575894348668474e-01,7.609190890741651669e-02,5.123223745762207626e-01,2.258424885723414322e-01,1.496503983062060783e-01,4.112559236878890467e-01,3.173259763836363545e-01,-6.637043236930262541e-04,3.197307980327571686e-01,8.513252550537726837e-02,5.585909055621643970e-01,3.422519190187569560e-01,6.493370444781964013e-01,-6.411820771283037457e-02,-3.382738437540611653e-01,3.598202821966709486e-01,-2.330152194624146578e-01,9.130048473123932376e-03,3.803556116996625880e-02,-2.602655167086929677e-01,5.424491184612090927e-02,2.241818594116571361e-01,7.277079708383307755e-02,-6.492188941326183793e-02,-2.089325744044124022e-01,1.609474796524327372e-02,3.390262948832758472e-01,-3.041999805001383561e-01,1.201364721130316476e-02,4.510550914814651091e-01,-5.499502552183543891e-02,-1.051804821063989370e-01,2.009294306458395130e-01,-3.346697201686797407e-01,-8.130590709151114259e-02,-1.686411029184780586e-01,-1.192041217033641132e-01,8.148691734532347297e-01,5.048386216802265292e-01,2.650255313260435064e-01,3.478327443587260759e-01,-8.221755126014805570e-02,8.550493032125867920e-02,-7.992217894152767177e-02,-1.515255369858843071e-01,-1.359752082772803239e-01,-9.166905388556961798e-02,7.615941559557648510e-01,6.463725315023228779e-01,1.943330413828110448e-01
-4.231025494541156007e-02,-4.358189138367479232e-01,9.508686158736684435e-02,1.393531535886884387e-01,2.568219732358535956e-01,-2.029891673174591127e-01,2.786806407757368986e-01,2.403971167798372652e-02,1.153932360468269136e-01,2.752867012138135450e-01,1.616333802293717092e-01,2.549199299416615716e-01,-3.085947421490803713e-02,2.200345598892941013e-01,6.687737022111749086e-02,-4.670855549780539295e-01,1.656882501186162926e-01,-1.193386114097204215e-01,1.186607453345942809e-01,6.674712381096370439e-02,-3.994001879046578662e-01,-1.289056582188621014e-01,-4.551920360175115698e-02,1.952600404172928064e-03,-2.245936792114972269e-01,-2.951029798385203518e-01,3.016570462809866141e-02,1.381621706363636570e-01,-4.888831067670691977e-01,1.734037488402741800e-01,2.000954693167671106e-01,-5.794283230262887302e-02,-3.462305496059668863e-01,4.199713453593531542e-02,-3.942165367119024322e-01,1.118783796505489758e-01,4.945749286927222377e-01,1.765834211147420119e-01,-4.182328515322908391e-02,2.984479749397117576e-01,1.241373390942204780e-01,1.391431335361236789e-02,3.493204590378801710e-01,1.170961573890664936e-01,4.434910487341065521e-01,2.322186538425124458e-01,3.884657704012967061e-01,-2.663427980664364800e-02,-3.546668261964618929e-01,4.513899870619993981e-01,-8.982856718516415984e-02,1.157999038914365869e-01,7.077093007124098112e-02,-3.948149323112647435e-01,5.149204367283138212e-02,6.699322693135884021e-02,-3.440646386917541738e-03,-5.259627152408380413e-02,-2.547692700658990561e-01,-1.242290707764233393e-01,2.763579301530826871e-01,-4.315867981985594404e-01,1.055576439675644240e-01,2.994130445853324662e-01,-1.192252519223192114e-01,-2.444221456711249130e-01,3.277822812051301438e-01,-1.869064499557827608e-01,6.889050738500003546e-02,-5.796945289061293527e-02,6.855890572035355790e-02,5.902730850147274166e-01,6.137006247670133696e-01,2.895739244192597206e-01,3.080920791992032837e-01,-1.626605025215860090e-01,1.798299604375807048e-01,-1.155397773429713421e-01,-2.326022196616205073e-02,2.783172827109759795e-04,7.325695593136154204e-02,6.463725315023228779e-01,7.615941559557648510e-01,2.000402985230137487e-01
-1.934031687880826203e-02,-2.008381501697891619e-02,-1.022008363521000052e-01,2.291322738100464440e-01,1.372933094952282496e-01,-1.697001508854681373e-01,-4.624313659736706272e-02,6.275810972007786481e-02,-6.650935941943642016e-02,2.768909105521779601e-01,-4.968694482783141825e-02,3.136737291583718279e-01,-1.023621961906782604e-02,9.970691418207319745e-02,-1.866034346928698850e-01,-2.496634182701361337e-01,3.458521069765716632e-02,-1.576493386220931547e-01,-3.334320136129245160e-01,3.203031873550114123e-02,-1.974792472500034313e-01,-5.362776658562491520e-03,6.996662904483845480e-02,2.732585235979119176e-01,-2.000818916499026434e-01,-1.255801645346645845e-01,-2.201296785371683121e-02,1.664148754527643714e-01,-1.421726345522786872e-01,-2.483145366172955296e-02,2.326277578383532940e-01,-5.262866413254936940e-03,-5.416801514213482466e-02,2.595862537368473846e-02,5.017832299173317911e-02,-1.919030607082308215e-01,3.436603066531004891e-01,1.652590936884034689e-01,-7.615843960281939995e-02,-1.027813678236224743e-01,1.143358840022944689e-01,-1.498753386887603789e-01,4.784818395492693166e-01,-5.927660568490761978e-02,5.115558059503412247e-01,4.087010328652695978e-02,3.717742674816125747e-01,-2.486596639596234115e-01,-3.852253829127212648e-02,5.419293090552713271e-02,2.265605166999146436e-01,-3.410396467265239262e-01,-7.336902987637458629e-02,-7.932527213601944793e-02,-3.503717498792546792e-02,1.243184116153729091e-01,2.927799622152281733e-01,4.903768806595066448e-02,-7.214140354806979072e-02,-1.975907846624505859e-01,2.664717697862062362e-01,-1.284962449874057500e-01,3.073543167286091338e-01,3.006052184572232666e-01,-2.554796570174211467e-01,-8.536550818604418667e-02,9.725497538080254967e-02,-2.545926980016520180e-01,3.692327459107820342e-01,3.366569911941271198e-01,4.676810882286312476e-01,2.492151607792938983e-01,1.299229429219509180e-01,7.544112909780614773e-01,4.946063309231329974e-01,-1.862251788348747716e-01,-1.816346434858850598e-02,-5.029457410471181722e-02,2.977931411590811761e-01,3.912333880953393628e-01,2.771804711341674943e-01,1.943330413828110448e-01,2.000402985230137765e-01,7.615941559557648510e-01
