7.615941559557648510e-01,7.315119028984554128e-02,5.152048276663725446e-01,-1.110848154677648164e-01,6.358337933746079917e-01,1.542406971971495289e-01,3.460362715767788533e-01,1.001933541162332159e-01,5.445066988155600196e-01,1.961613874255210832e-01,4.426302210111617286e-01,1.699461542896925359e-01,3.728203636594438208e-01,-1.894458583659045792e-01,1.981082052826286799e-01,1.515125856282406036e-01,3.596379602299074607e-01,5.862758084977977013e-01,-8.598511357061595917e-02,4.678681332656406400e-01,1.216045227270689394e-01,2.374783492227552639e-01,-6.279987547419184357e-02,7.898883177816390377e-02,6.120305287718880854e-02,1.750495617044013907e-01,2.793418924600059028e-01,7.013063644249249995e-01,2.487599318794232461e-01,7.746709114196598245e-02,5.654922566559298369e-01,1.097501038514857724e-01,3.446536235338999998e-01,5.370936021613204048e-01,1.034638318615474228e-01,3.822214991494860548e-01,-1.759402905020189256e-01,5.346866082189851710e-01,9.653711349014980694e-03,2.962319500924522897e-01,-1.215223943454576544e-01,5.490489689777379168e-01,8.130382976599191680e-02,4.736427664572815388e-01,8.784173611465206921e-02,3.958575321052419382e-01,-1.648815417023734853e-01,1.525718251629259448e-01,7.162058154574037216e-02,1.776137500804750302e-02,8.257810838212882587e-02,2.374914496273972109e-02,1.499346106199596629e-01,1.486598398797365356e-02,3.624301067277462818e-01,-2.309517130383033356e-01,3.968530655982580729e-02,-1.101099053344342521e-01,-3.093302284045067446e-03,2.825653240495595298e-01,6.920474914544053613e-01,7.060381048411089322e-02,-8.468883289501850931e-02,1.555399810056237453e-01,1.202484026479409690e-01,3.727013008189392074e-01,1.326124510541489554e-01,-7.234662388157045432e-02,-4.315635868145144965e-02,5.053630035397880388e-02,-1.641231376576909318e-01,1.704516678991347678e-01,-8.084195725027162882e-02,1.807717631214344201e-01,8.805841408529946346e-02,1.525050174082263343e-01,2.216112522180101463e-01,-1.895370573901835887e-01,-6.915098981147059509e-02,4.758554079580334939e-02,8.517785912705422291e-02,2.040322350493351533e-01,2.324605579439982528e-01,8.687467831115887329e-02
7.315119028984554128e-02,7.615941559557648510e-01,2.224231964355306290e-01,-2.530198886809495451e-02,2.201707091604582223e-01,-6.640190407539767192e-02,1.899550558930584304e-02,3.069379604877188195e-01,-9.922886258379680358e-02,1.214306027127217830e-01,2.179294528711300805e-01,2.416565168426584032e-01,-1.127869172476928805e-01,3.766208712477097653e-01,2.242384353725723201e-01,4.297216364494985119e-01,-1.415841753114620016e-01,1.594272829371992661e-01,-9.170352166554179840e-02,2.767642845926118755e-01,6.534343734489441724e-01,4.209992212305362358e-01,2.612550329240084790e-01,4.290634498025616694e-01,2.250437441067550670e-01,3.688459594933830576e-01,1.267503182817479035e-01,2.578039561303185900e-01,3.606781432724685543e-01,1.609063609311065235e-01,2.318146634684167540e-01,3.806772136401970208e-01,6.864541838779223415e-01,2.416030162114790603e-01,8.267630652770475708e-01,1.676442612785595532e-01,4.148085732955258398e-01,2.037176933356237840e-01,6.465270468807232662e-02,-1.848145223404139628e-02,2.988966741482522727e-01,-9.884035439945287882e-02,3.412882513833158105e-01,2.496391326382850218e-01,-1.085835797673613545e-02,1.376811771460831613e-01,3.676529938914114282e-01,4.413514435706914485e-01,4.482216793062531179e-01,-1.090179260957692756e-02,4.878434221628158984e-01,-2.193646914565350325e-01,2.523130745025497501e-01,6.702194793824189922e-01,2.679893472686211142e-01,3.395000458564991774e-01,5.989984514647813674e-01,3.126680886410238558e-01,4.665785100115630857e-01,1.185803615784085663e-01,4.075124371838826365e-01,3.303055764358542867e-01,3.011286128318230726e-01,-1.824153660889940576e-01,4.644194684306655052e-01,6.000075316758590738e-01,2.061009642150195553e-01,5.203714026454301367e-01,3.437305727034118408e-01,4.672542804946181461e-01,3.223348377542843424e-01,7.987072143241215338e-02,1.896807923627650827e-01,3.661812081262630914e-01,4.618243738580378177e-01,1.460172376364404778e-01,1.066768398264921064e-01,3.990566446024946812e-01,1.187753051502831864e-01,5.187524914786878494e-01,4.359186599486474800e-01,2.260498502389400935e-02,2.820447695362354179e-01,4.729295526597060428e-01
5.152048276663725446e-01,2.224231964355306013e-01,7.615941559557648510e-01,1.489316749176503030e-01,6.946136008886047986e-01,1.656861957794344697e-01,4.400823307108225890e-01,3.730318825297366803e-01,5.462735323082542616e-01,2.681096870292355439e-01,8.588610275336083788e-01,3.147395233485599242e-01,2.324606520906905283e-01,2.257929328373531330e-01,4.255675876690027115e-01,-2.025750575564269906e-01,2.592568657929953946e-01,1.271941265963944523e-01,4.294593872547423086e-01,3.885861765198425632e-01,3.207276522998212531e-01,2.353316742978457665e-01,1.834391699182444657e-01,2.074569957086577765e-01,-4.789865247156362832e-02,5.053498740834207192e-02,4.567897706379671074e-01,6.114060217999551794e-01,8.606855492716958267e-02,1.280462423676963224e-01,3.951348967633601106e-01,3.197686467264287957e-01,3.085380154986841483e-01,2.374366455370111317e-01,2.511273113113264843e-01,8.648532313326955379e-01,1.101130056695568959e-01,6.848070535646076928e-01,2.937271065866227104e-01,5.374440568173429744e-01,3.658243861613057479e-01,4.576299134487037401e-01,2.480637817475394857e-01,8.312679274629901638e-01,1.642478157981683562e-01,5.338117691154166122e-01,2.193965569606131649e-01,4.682525489774799765e-01,4.811775574445958242e-02,1.656377655982792518e-01,2.035408023810953912e-03,3.582751924564159807e-01,3.000705434697849006e-01,4.290804967959488958e-01,3.820517312593436077e-01,2.902981639200671315e-01,2.135422112125585914e-01,7.826339916488383314e-03,2.183929715045039854e-01,4.483895515220914230e-01,5.290946764250535894e-01,7.795449901488613054e-02,1.826703316743666372e-01,3.136600401181433018e-01,1.542341107993558946e-01,3.369599809069365182e-01,1.961041798642819134e-01,-1.054492234833587089e-01,-8.321683856276693159e-02,-1.782711645467307260e-01,-3.254581625576714043e-01,3.239491652717897963e-01,1.184569251419083646e-01,3.217605328827434219e-01,1.201234403719419336e-01,2.184013476092788730e-01,1.781135928908678667e-01,8.799997375424013779e-02,-9.944236835380590445e-02,-1.261885880454969300e-01,1.635724379312628041e-01,1.979641480518661567e-01,3.944348003967439453e-01,2.115703479983556679e-01
-1.110848154677648025e-01,-2.530198886809494410e-02,1.489316749176503307e-01,7.615941559557648510e-01,1.634708060239880301e-01,1.995747797623778075e-01,6.125609699037134481e-01,9.428343806194837418e-02,8.287348320384016476e-02,2.635961301853373961e-01,1.397422405384667055e-01,3.731942098511321221e-02,3.741314157629438419e-01,1.886658371737879106e-02,-9.049772080278309372e-02,4.110254491263052451e-02,1.761406392575465829e-01,2.976593328309668982e-02,4.658323487471260349e-01,-4.056029377797889385e-02,7.547281785553258682e-02,-2.156450146309408719e-02,-3.456583798925721204e-03,2.390467184396707356e-01,8.950909627349017128e-02,5.741893902527462484e-02,8.253436282526128986e-02,1.125195940546540666e-02,-6.587073801786380578e-02,1.572003855683530849e-01,-1.075922380134318734e-01,5.359412353990668926e-02,8.180049435557226745e-02,-4.965076964160739653e-02,-6.783455191619312298e-03,2.152967682378038872e-01,2.317153727806485486e-01,1.805843745814118273e-01,7.873790671562323762e-02,4.554257548554870860e-01,1.167951311862643199e-01,5.815835653427232216e-02,1.520201446922799515e-01,9.277763120101743810e-02,-5.750121757288648855e-02,2.597019443656440885e-01,1.061772729104055457e-01,-1.581363802444304412e-01,-3.584887874527661802e-03,1.606617207468680197e-01,7.058990178860788389e-02,3.516084690883445885e-01,-1.111534630745272673e-01,3.355586455784576125e-03,-1.045877554935259884e-01,5.293857942256534332e-02,1.221182002536229522e-01,2.834706688523061166e-02,7.994020932822497316e-02,-2.686717815070088777e-02,-7.554213959571545733e-02,-6.937849001019665007e-02,1.684066065033545667e-01,7.792591476731151878e-02,-7.188248137794950310e-02,6.338959126032572833e-02,2.983666356489971805e-01,-1.401896507826225213e-01,8.227103899010067278e-02,-3.414609242936679501e-02,1.066436054610086920e-01,4.962183322691875453e-01,2.484071483584926188e-01,-1.133112471086310420e-02,2.798974144008674059e-01,-1.433607660893454760e-01,2.331021021045536767e-01,-9.474054197218091666e-02,1.845323116163155308e-01,-4.003320958574439759e-03,2.556220710891457526e-01,3.328457863030342967e-01,1.126927076202679096e-01,-2.272003135833506812e-02
6.358337933746081028e-01,2.201707091604582223e-01,6.946136008886047986e-01,1.634708060239880023e-01,7.615941559557648510e-01,1.284650876115066287e-01,5.239607620552575451e-01,7.013588726095969228e-02,7.186988246809394854e-01,1.698694513459802213e-01,7.315466898002598306e-01,1.344492518318781415e-01,2.578026781846133875e-01,-4.208846262528184723e-02,4.373823347358170577e-01,1.045574994916893125e-02,2.454508140537649263e-01,2.320297975985606276e-01,1.121747129599939413e-01,5.232029543889494816e-01,3.718724992742015178e-01,3.247379493539829798e-01,-1.619712067214862383e-02,2.021317285734381686e-01,3.381215019618134116e-02,1.345170499651973661e-02,6.668590803242540055e-01,6.869677159020385337e-01,3.556058683074357352e-01,2.751841591551855704e-01,4.048412811171810954e-01,2.096302500337221819e-01,4.603080700171746642e-01,5.121679021108104246e-01,2.819693324645515808e-01,6.222176734625223249e-01,2.053539718212522291e-01,9.096726519424437329e-01,3.657293753829741756e-01,6.987529860275372151e-01,1.148101715654137878e-01,6.627482088299593288e-01,2.379884330414605842e-01,7.860047553240782081e-01,1.511753343797777316e-01,6.018744739315291525e-01,4.907152570339422953e-02,4.466963928411268325e-01,2.272181450759019339e-01,1.878737732830463025e-01,1.686750854584629922e-01,1.829221543308647557e-01,3.788052156777199087e-01,3.685948244541369379e-01,4.469850661841789918e-01,1.421434948037609558e-01,1.093738040551342633e-01,1.024698346206239785e-01,2.270271681480824366e-01,6.522038620170178547e-01,6.694783699375697061e-01,3.549926777766360120e-01,2.686135305045193600e-01,2.642054351136250423e-01,1.120165431369105902e-01,4.651033372138516087e-01,2.457277831700354909e-01,-6.172022994577583410e-02,-1.047495317839709783e-01,4.234077328628705478e-02,-1.503177454371651123e-01,3.064082106910099856e-01,2.601206185039228180e-01,3.284449556339780196e-01,2.356356764252043601e-01,1.419103285857420127e-01,3.158694715692243055e-02,6.511359099670795125e-02,-1.100388284541652245e-01,9.368257006374033913e-02,1.489011548886807479e-01,1.896260969841675470e-01,5.640089700845875020e-01,2.842854119837272542e-01
1.542406971971495289e-01,-6.640190407539769968e-02,1.656861957794344142e-01,1.995747797623777797e-01,1.284650876115066287e-01,7.615941559557648510e-01,1.387914132227704433e-01,5.124462896935184641e-01,1.306756659242472481e-02,1.826410185044147483e-01,1.694906909606147261e-01,3.760003485673222290e-01,6.985661526913186092e-01,1.836463985802118670e-01,2.352275483877129258e-01,6.632496520466786560e-02,4.732110663999037903e-01,2.370151036343946527e-01,-5.024743305694438431e-03,2.110487235443576082e-01,3.205333388931215777e-01,1.962463688470937051e-01,5.731058625377024596e-01,7.090327228167744855e-02,5.271115207080214748e-01,5.103165864979081201e-01,3.755243796271389572e-02,-1.765473236619710326e-02,-3.631820425474207442e-02,2.673260511566145636e-01,1.577278749814818859e-01,9.649670509532087825e-02,-1.512426003489743542e-01,-5.745921606556384951e-04,-2.100123018044205148e-01,2.989776843467236711e-01,1.010593078582243953e-01,5.283168747406755128e-02,6.668050977542341329e-01,8.244453721255658174e-02,4.330429829754573468e-01,-1.800900841298879590e-02,5.410416055024935139e-02,1.615563931423513733e-01,1.110979821314133781e-01,3.642782234724292745e-01,1.180265128137630848e-01,-6.062867956145429060e-02,-2.614097714069111844e-01,1.926459822920606468e-01,-2.966985085369641117e-01,1.664529162627994552e-01,-1.994594580694211972e-01,1.934205595931093313e-01,1.242309708929389828e-01,2.313580151242047855e-01,-1.452844693484233451e-01,2.913728555096133377e-01,2.836126659725569099e-01,-1.083214438714825284e-01,3.267619329325373995e-02,-1.148466859272206375e-01,1.868460727958551615e-01,2.134000196281561363e-03,1.051344364882157434e-01,6.790264478483962803e-04,2.179299336620717786e-01,-1.064602061789654899e-02,-1.618574924301106333e-01,-5.083916313645926721e-02,-1.485355399133369558e-01,3.031163442977712896e-01,-2.927847664432023725e-02,3.311685945709515883e-02,1.585662618132261531e-02,1.885032220362380107e-01,4.014059462754820951e-01,7.544448146053407689e-02,-1.751528557861203872e-01,-1.433558992379251884e-01,2.034094416200310784e-01,3.810632643026460459e-02,-1.661525100382641937e-02,-8.490782519493848823e-02
3.460362715767788533e-01,1.899550558930587080e-02,4.400823307108225890e-01,6.125609699037135591e-01,5.239607620552575451e-01,1.387914132227704989e-01,7.615941559557648510e-01,-1.253133481426108309e-01,4.787020258302660536e-01,3.917487470689997031e-01,4.152609922762803274e-01,3.605632858645908823e-02,5.289588088961897361e-01,-3.188801829669514198e-01,1.533637083802831536e-01,2.449705089965246996e-01,3.246255754363475132e-01,1.385720898032733184e-01,1.974062611200073647e-01,3.841221369650568151e-01,1.834300833570759737e-01,3.340313907134312421e-01,-2.226347498997285623e-01,1.099260799765966190e-01,2.309338812276788278e-01,1.203083984550772506e-01,6.116821898961031234e-01,4.540815059309505908e-01,3.494586679838754262e-01,2.568473820207983066e-02,1.657319341458493855e-01,9.270255913627117872e-02,3.382184060964022465e-01,2.860614874080564807e-01,1.217520712699225877e-01,4.241464927578328936e-01,1.445441814674527370e-01,5.719812773077725954e-01,9.782889019226191640e-02,8.102587249692124738e-01,-1.786984935280733766e-01,4.671888521371370673e-01,3.084047499369433343e-01,4.168236077742550338e-01,7.575698457849176781e-02,5.222065476153391339e-01,-1.870266132742163523e-01,1.542918876290799990e-01,1.960435751420056272e-01,3.264853062664017092e-01,1.506587961982719659e-01,1.935441463431745723e-01,4.071065346291426468e-01,7.662268337397565299e-02,3.149827696459204240e-01,-1.680329726341473484e-01,-3.738245479666738036e-02,8.206078539225306057e-02,9.134610118198767392e-02,5.039228909943773704e-01,3.794410397887621467e-01,3.573642062569535871e-01,7.280632822542798532e-02,3.952200589235640993e-01,1.520417128853444044e-01,2.342397675332128226e-01,4.021521981960693437e-01,-1.220338212399428440e-01,-3.120542773410261983e-02,5.084207865036891733e-02,4.606165640957109175e-02,3.985789681681922714e-01,2.382878588983617929e-01,3.062239983542939803e-01,3.559427732720946702e-01,2.874702844622752107e-02,3.304057013372139195e-01,1.927837869659052364e-02,1.816783906328973963e-02,1.106788653672527989e-01,1.894555791430937441e-01,1.168460035271477460e-01,3.785235535347397096e-01,1.536710420266292620e-01
1.001933541162332159e-01,3.069379604877188195e-01,3.730318825297367358e-01,9.428343806194840193e-02,7.013588726095970616e-02,5.124462896935186862e-01,-1.253133481426108309e-01,7.615941559557648510e-01,-1.664835131073377494e-01,1.935431438899699597e-01,3.571046800646686115e-01,5.865847352133239934e-01,2.027479551496616517e-01,7.313038702553167347e-01,3.010354703007671606e-01,3.522349924390413833e-02,3.086445502707004240e-01,1.923198478833251512e-01,2.362709241102715074e-01,1.840562553428671810e-01,6.897290773601379987e-01,2.576705300490972905e-01,7.878898772165662256e-01,3.439319687757210198e-01,3.378913967748167768e-01,3.764841750718719848e-01,-1.120960706049205363e-01,1.058092394749176324e-01,-2.147766670602384853e-01,1.179498581099462651e-01,-5.252179906290356526e-02,2.564774004506908955e-01,8.992769526111774048e-02,-1.865281553620283250e-01,1.731567811555840830e-01,4.263109453367879831e-01,2.005424530339296740e-01,-5.545104393922705571e-02,4.531384897304163162e-01,-9.032791768045771164e-02,8.872966620100526391e-01,-2.655364416582247644e-01,1.752076649719988000e-01,2.899995545216899062e-01,3.363758392457819602e-01,1.911733550964728467e-01,5.047571481366905921e-01,7.015302704391887523e-02,-5.123395138794700765e-02,1.806575891113901822e-01,8.368393699656458129e-02,2.472618503663661094e-01,-9.829682183891817748e-02,5.446468290904263876e-01,1.274180426867090876e-01,5.773557049115017881e-01,4.269192876698079120e-01,2.634558742539663823e-01,2.843572048524948270e-01,-7.260892870913110420e-02,1.353516409668197584e-01,-2.117245726765986102e-01,2.000402748403222464e-01,2.230781313643225797e-03,1.550863231059503022e-01,1.833481689001561221e-01,7.572837099310816833e-02,2.852214083651289922e-01,-9.168672183378072382e-02,-9.692034684897644914e-02,-1.472949935972359403e-01,4.268606280111732487e-01,1.357523464978942218e-01,9.963699686513509401e-02,1.374236985742084693e-01,1.316442535812363535e-01,1.924779766538488035e-01,2.640895771029636574e-01,-5.818871820456888999e-02,-1.866262075333608994e-01,2.166024098375019247e-01,3.261754770785509905e-01,4.492683623727508624e-02,-1.440640274500673557e-02
5.445066988155599086e-01,-9.922886258379683133e-02,5.462735323082542616e-01,8.287348320384019251e-02,7.186988246809393743e-01,1.306756659242478032e-02,4.787020258302659981e-01,-1.664835131073377494e-01,7.615941559557648510e-01,2.785222519248874429e-01,5.758835049540941275e-01,-4.586424133856005503e-02,2.615614786575530815e-01,-3.739447398409979639e-01,1.963307622613156278e-01,-2.481800836412938471e-01,2.791518914030990395e-01,2.002140664391854064e-01,2.390630332902649036e-02,2.499262887228937968e-01,-5.289640037960505886e-02,-8.046621126638066335e-02,-3.409547833204997214e-01,1.419350366939210739e-01,-2.057118046177457138e-02,-1.928994586428021130e-01,4.407740047055274668e-01,5.782000871763530725e-01,6.550488965942366515e-02,-5.592396993041467979e-02,5.273445796384461648e-01,-5.716319316032401898e-02,1.975193033116743324e-01,2.889884308774632871e-01,-1.879009455863533962e-02,4.677289923245679382e-01,-1.397435791534213378e-01,6.822144148920089579e-01,9.475478805044816599e-02,5.205534259695387966e-01,-1.775281022237828465e-01,9.266071661736540177e-01,1.416794227432989772e-01,6.155994907055335474e-01,5.752980205359787408e-02,4.546469341270069631e-01,-3.167130599218370146e-01,2.448852930776743986e-01,-1.365939220381517660e-01,1.752949084806599278e-01,-1.567610204110904404e-01,1.509660187941451182e-01,9.629225497694664238e-02,7.166562993454682340e-02,2.003169401273061645e-01,-2.040071630233024902e-01,-7.394512257290604407e-02,-1.289393549619117230e-01,-1.040699960632536086e-01,4.357636018751626095e-01,4.827516016073715721e-01,8.340849424949413338e-02,9.565051080347307388e-02,3.218108030012133414e-01,-8.251617659974321006e-02,1.764591798272243106e-01,-2.247107805332550570e-02,-3.489654993085931078e-01,-1.068492656773254446e-01,-1.481671309379107571e-01,-3.520825482747069191e-01,1.153769037872474507e-01,-3.588695256484532997e-02,3.194979075578250338e-01,9.114995277919896166e-03,7.129840279092584943e-02,-1.717637155943539662e-02,-2.451084235976014603e-01,-1.804561981963085093e-01,-6.667624415062822774e-02,-5.813920045811968307e-02,-7.348047901290793646e-03,2.115379765911371279e-01,1.419137034251725937e-01
1.961613874255210832e-01,1.214306027127217691e-01,2.681096870292355994e-01,2.635961301853373961e-01,1.698694513459801936e-01,1.826410185044147205e-01,3.917487470689997031e-01,1.935431438899699597e-01,2.785222519248874984e-01,7.615941559557648510e-01,2.108653654943974387e-01,5.025217890718826075e-01,4.267754839655650834e-01,-8.358045577822474648e-02,-1.181411891136552456e-01,2.316652336120938183e-01,6.310290835492773365e-01,4.600166352123376545e-01,2.525997980373157481e-01,1.517209822696479748e-01,1.421723262811516175e-01,1.240471939167601956e-01,2.451973764251817386e-02,7.807690284959316607e-01,3.886527624291260530e-01,3.950756569588353972e-01,1.032839514266764014e-01,3.898392876633739457e-01,-3.899249212527467444e-03,5.433650230613547016e-01,2.335052354108094474e-01,1.392101434107592406e-01,2.414900745580551289e-01,1.398719979721578521e-01,6.869715725886346713e-02,2.387602105419681098e-01,-1.962368623347535493e-02,2.884647797455128226e-01,2.015086840200241633e-02,2.289175608424560138e-01,3.093934219154502799e-02,3.840512688412954234e-01,6.616847982314718601e-01,2.294007709737997669e-01,2.735339594022592746e-01,2.799775440710455809e-01,5.799202429069778147e-02,-7.383407646697558169e-02,-5.824011548416250378e-02,2.023325650136763854e-01,5.950500171236928343e-02,2.615905720091097342e-01,-6.555639876103433461e-02,9.075642692250447674e-02,4.508198475835312191e-02,-8.562199059601853512e-02,2.921940336874555011e-01,1.269142662757417328e-01,1.057768785004204459e-01,-7.988785002550244374e-02,2.956336133519618659e-01,-8.789911156331840780e-02,5.442732922480290059e-01,-7.710143200377604644e-02,1.688137782102837325e-01,2.260551077630622852e-01,2.697391464748163381e-01,-7.583721242921721839e-02,3.094717008103224365e-01,1.811213360266877292e-01,2.223914592197984430e-01,4.455659708422179399e-01,9.223534577688806413e-02,5.692783156698164593e-01,4.147108344601105889e-01,2.287183171065752252e-01,4.309844624288270420e-01,-1.449647238468817212e-01,1.803388801108533335e-01,6.452169185677833485e-02,4.126161852991363510e-01,1.100875258702316839e-01,1.629767245309515222e-01,6.063518219442730617e-01
4.426302210111617286e-01,2.179294528711300805e-01,8.588610275336084898e-01,1.397422405384666499e-01,7.315466898002598306e-01,1.694906909606146705e-01,4.152609922762803274e-01,3.571046800646685559e-01,5.758835049540941275e-01,2.108653654943974387e-01,7.615941559557648510e-01,2.685715624055421413e-01,2.318639228016154408e-01,2.693481166577109120e-01,4.709459737498830068e-01,-8.544744349886113088e-02,2.257070423429013428e-01,2.004092990102105953e-01,4.132182517423432233e-01,4.044273519270477624e-01,3.251920400499302977e-01,2.472288965039761421e-01,1.235991788436615058e-01,2.283078297828184666e-01,9.568022908946222094e-02,1.304083994123711732e-01,4.927831746204819896e-01,5.839336832947409350e-01,1.256322245550022532e-01,2.306698188402003524e-01,3.588854379771274639e-01,3.127454064533555234e-01,3.016998603215990671e-01,2.242929088918350078e-01,2.204995649213505049e-01,7.485132251647531598e-01,1.176341097258407908e-01,6.621153600456991528e-01,3.451435152286861929e-01,5.367850910214632121e-01,3.589139298666498279e-01,4.409255564817060047e-01,2.319785441416602478e-01,9.334465846884577589e-01,1.860881833724891965e-01,5.026952016412605806e-01,2.562403413583503320e-01,4.588150299606235105e-01,8.095360831788946110e-02,1.482288985055034980e-01,9.918527546285341168e-02,4.089791211454198439e-01,2.698303207729749742e-01,4.051931939602530508e-01,3.819839668248398157e-01,2.268817645994964105e-01,2.944732649188822604e-01,6.110628797201299311e-02,3.096436632849057236e-01,4.770513884942648164e-01,5.325454621886001050e-01,1.125198446823819504e-01,2.942279099473774640e-01,2.784620505415730807e-01,1.526257488283917774e-01,3.201555564754048899e-01,2.983484665150388238e-01,8.480821295491972056e-02,6.409993139596290024e-02,-2.174918501464423448e-02,-2.175937621651087561e-01,2.572979021355867868e-01,1.233910768515582845e-01,3.026393313949217179e-01,2.498257801648921250e-01,1.821663341966821004e-01,2.619085380341812930e-01,2.362169559747887837e-01,4.097023617793309896e-02,1.565257235323690502e-02,1.404944853048925579e-01,1.155241069722510866e-01,3.834325998336966523e-01,1.386885491868391773e-01
1.699461542896925359e-01,2.416565168426584309e-01,3.147395233485599242e-01,3.731942098511325384e-02,1.344492518318781415e-01,3.760003485673222290e-01,3.605632858645908823e-02,5.865847352133239934e-01,-4.586424133856006197e-02,5.025217890718826075e-01,2.685715624055421968e-01,7.615941559557648510e-01,3.496949590856863188e-01,3.860286842374536231e-01,1.387229121198351733e-01,4.909818291136945623e-02,4.567909616025617181e-01,3.941879630924894906e-01,1.939584758593854430e-01,2.043852375566946600e-01,3.531522912166166761e-01,2.646217655802795554e-01,3.972069981562603713e-01,5.194530346030755696e-01,2.872762766058210571e-01,4.837875371283704151e-01,-1.112761954253953939e-01,2.560309937451207829e-01,-1.811926066965273696e-01,4.300694011306609443e-01,1.448835965295870443e-01,1.740818396366357323e-01,1.094720106727224002e-01,8.095658283837377234e-02,-1.893238407454635348e-03,2.918528697717241438e-01,9.491775967699021821e-02,1.378290169630960460e-01,4.510624299185384545e-01,-3.103885387071305541e-02,5.622840776203311686e-01,1.265145453742421225e-02,5.682957466109378464e-01,2.080907549627991626e-01,4.802361566037247065e-01,3.556328791702437764e-01,4.292502287560182594e-01,-5.487503255319108042e-02,9.424911152882445645e-03,3.300273918019713815e-01,1.102847422928862620e-01,1.856110255716143242e-01,-6.265327113341677412e-02,2.113224748583205359e-01,1.413492459634757004e-01,2.852802777178929938e-01,2.378161986379159210e-01,3.006832848963029159e-01,3.037328864481087520e-01,-7.797983805456133732e-02,2.842340247340653381e-01,-1.533768284625829925e-01,3.887266827986632367e-01,-6.288984264929760315e-02,2.092274706347715396e-01,1.974086224352306351e-01,1.389980618558211700e-01,9.860091965532678804e-02,7.352029540595206303e-02,1.458116460832582506e-01,2.941815832076911247e-02,3.590206482728956483e-01,1.234004915842884936e-01,3.645843654655969712e-01,3.914836178393114041e-01,3.245136998600052780e-01,2.846392780386742261e-01,2.144428311283712307e-02,-4.360350764268667439e-02,8.052808328502235671e-03,3.781791378016119975e-01,1.511969293927598879e-01,7.125036343625711088e-02,2.979415045440854670e-01
3.728203636594438208e-01,-1.127869172476928805e-01,2.324606520906904172e-01,3.741314157629437864e-01,2.578026781846133875e-01,6.985661526913187203e-01,5.289588088961897361e-01,2.027479551496616517e-01,2.615614786575530815e-01,4.267754839655650279e-01,2.318639228016154685e-01,3.496949590856863188e-01,7.615941559557648510e-01,-1.845791453179952135e-01,3.028110403029922806e-02,5.312246676932928791e-02,5.994372649930614916e-01,4.377668282094833718e-01,1.459633005528267469e-01,2.520604157729814387e-01,1.935150998191373928e-01,1.385705613959802296e-01,9.242656918823413670e-02,2.485297827595988329e-01,4.750353712748905388e-01,4.854648356119701247e-01,1.260279253760039908e-01,1.933529365384124010e-01,8.622049922973162861e-03,2.510006613860218949e-01,4.639710089070140930e-01,-6.907590837878699319e-02,-5.607368203477541835e-02,1.929092097660856375e-01,-2.426017369759508602e-01,2.928182712599032289e-01,-5.917893764783128258e-02,2.338950323212968530e-01,3.735384520491733529e-01,3.484062353238255860e-01,8.495986459682702829e-02,2.964950579944006792e-01,1.791873752569511091e-01,2.732207365638534280e-01,1.315916836109785326e-01,5.742359848040541337e-01,-1.118479652079276410e-01,-1.804176956004438781e-01,-2.759579053203239929e-01,2.889680892005098700e-01,-2.161591053311222033e-01,2.653167093200777260e-01,-1.583030753546870728e-01,3.980502788337348524e-02,1.164374913868766043e-01,-1.442051982689757650e-01,-1.665895088122348322e-01,1.863411594177206698e-01,1.409896228716087663e-01,2.396746047692610571e-02,1.732664354662420969e-01,-3.932077528542771150e-02,1.238401440905610301e-01,8.728633815832682885e-02,6.890349789843522310e-02,-1.754235384238970324e-02,2.186607684613824931e-01,-1.509907045867964759e-01,-1.369801964636900848e-01,9.365334828603461351e-03,-3.667091818743256626e-02,2.660522064081199400e-01,2.350350870462607905e-02,1.008751293039824581e-01,4.359216996154315765e-02,1.715420015684514243e-01,4.105493365383340865e-01,-1.390792379736545126e-01,-1.487276502160733427e-01,-8.798041063148283325e-02,2.019817504913914152e-01,-1.454595060205056758e-02,-1.400746521555686769e-02,2.169621662182736211e-03
-1.894458583659046347e-01,3.766208712477097098e-01,2.257929328373531330e-01,1.886658371737877718e-02,-4.208846262528191662e-02,1.836463985802118948e-01,-3.188801829669514198e-01,7.313038702553166237e-01,-3.739447398409980194e-01,-8.358045577822480199e-02,2.693481166577109120e-01,3.860286842374535676e-01,-1.845791453179951858e-01,7.615941559557648510e-01,3.237761422361436492e-01,2.143528168642732379e-01,1.402519673357950636e-01,7.581121161933945807e-02,2.596189564439415065e-01,3.454061651031609670e-01,6.169535320685460844e-01,4.644399436326652753e-01,5.974230863526941437e-01,2.307529684756145782e-01,1.631337870700005632e-01,2.529404615206825579e-01,-2.113755421318380331e-02,-9.409741859733156133e-02,3.373220582181144650e-02,-2.067572486385140310e-02,-3.850764150238557004e-01,2.135549659900760344e-01,1.899808473698247624e-01,-2.185282926223605648e-01,2.867139281896627923e-01,3.640330094633979496e-01,3.094199990983189097e-01,-9.387231197563461471e-02,3.615410148619412345e-01,-2.338447216082131519e-01,7.724029884356843345e-01,-4.220840717395062947e-01,7.968366053452900777e-02,2.042969723010925887e-01,7.489814836803725118e-02,1.654766744079998186e-02,8.019531406645993288e-01,1.976076254769152940e-01,3.230293571369926564e-01,2.257730406565531811e-01,4.694772110932713405e-01,2.419353988346581996e-01,2.478296798649995136e-01,5.065633162406870671e-01,3.057354647475740705e-01,6.101235847122248313e-01,3.780611142992212903e-01,3.475494949259166910e-01,3.354138927205855270e-01,1.226476471982047567e-01,4.852867453170004591e-02,1.234580627948372450e-01,1.703734127583109714e-01,-2.350739262612123459e-01,2.289817099328514405e-01,2.253710966593477638e-01,2.063293622839617453e-02,3.960416538127793373e-01,-6.442366028927064281e-02,3.123886100578049038e-02,1.974247269599465615e-01,3.806323391712126969e-01,3.801755934822080851e-01,-8.183479745511709758e-02,1.339038900965800472e-01,1.040320654521225130e-01,-5.718423566932595570e-02,5.029907206759418603e-01,-1.516164801959933063e-02,-9.013341118082411271e-03,2.212245905496997012e-01,3.795563496979510454e-01,1.992881297456957079e-01,-7.486965958286875833e-02
1.981082052826286799e-01,2.242384353725724311e-01,4.255675876690027670e-01,-9.049772080278309372e-02,4.373823347358170577e-01,2.352275483877129258e-01,1.533637083802831813e-01,3.010354703007671606e-01,1.963307622613156556e-01,-1.181411891136552178e-01,4.709459737498828957e-01,1.387229121198351733e-01,3.028110403029924194e-02,3.237761422361435937e-01,7.615941559557648510e-01,1.124061920948297433e-01,-7.374029636357852524e-02,-5.978593669699969887e-03,-5.939898060828371212e-02,6.114824808572156822e-01,4.568634343405479359e-01,6.322688456201087659e-01,2.925841613281734976e-01,8.502164373161974487e-02,1.296453182247860880e-01,3.986637632996778979e-01,5.163150070740194497e-01,2.033388650838384715e-01,4.060663407479153109e-01,1.705592697446816353e-01,2.503715502301207541e-01,4.034186026111576395e-01,3.592785707547043184e-01,2.538621966803085162e-01,4.021866726039863282e-01,3.987039558160186403e-01,1.932086438649162352e-01,3.686491095807640228e-01,3.573405587864726396e-01,3.740433052418596360e-01,2.819026505150768469e-01,1.823475623611185426e-01,2.449168625470999477e-02,4.808860822248382516e-01,1.440478861816388012e-01,2.534612141119182982e-01,3.352027477557865121e-01,8.097240051654250870e-01,2.072407431942985268e-01,-2.197940547195825073e-02,1.600582019418682334e-01,-2.962759100528990566e-02,3.201381358294478896e-01,5.453932849798469595e-01,6.781169500196327915e-01,3.281847813923062240e-01,2.335748984304040210e-01,1.202140652767658413e-01,6.801931538824917967e-01,4.748000516809905980e-01,4.088856233549492680e-01,3.146589359166145350e-01,6.693365216063384970e-02,-4.537162291502307501e-03,3.628071228675797677e-01,3.512795899985349246e-01,3.743598334301798669e-01,3.449637874093330336e-01,1.381520808723905001e-02,6.252881955755484888e-02,-1.653222877641394861e-01,2.564421747797279369e-02,-1.144971327199487826e-01,-3.643955466238982949e-02,8.467428744413527109e-02,1.348994830707723469e-01,4.504896666695009655e-01,4.815845257931580248e-01,4.305211242652677225e-03,4.143670233364980110e-02,-7.659550819825997059e-02,1.513952263670527987e-01,2.766652044756484630e-01,-1.239430505550806888e-01
1.515125856282405759e-01,4.297216364494986229e-01,-2.025750575564269906e-01,4.110254491263051757e-02,1.045574994916891737e-02,6.632496520466783785e-02,2.449705089965246441e-01,3.522349924390409670e-02,-2.481800836412938471e-01,2.316652336120938738e-01,-8.544744349886114476e-02,4.909818291136942847e-02,5.312246676932926709e-02,2.143528168642732379e-01,1.124061920948297572e-01,7.615941559557648510e-01,2.027119707262122761e-01,6.197797586942965786e-01,-1.580737139842999239e-01,1.189842831690595265e-01,3.403577493946758903e-01,3.843498772490055448e-01,-1.656659089210487171e-02,1.059840278963892074e-01,3.803932672143355842e-01,5.223347969810892000e-01,7.007778450323773334e-02,9.543216415111428763e-02,4.404668174754286514e-01,7.712576071706582492e-02,4.206060307299503559e-02,1.989486007475446960e-01,4.269946324141657978e-01,2.634828091883125167e-01,4.727828023741013630e-01,-1.279469957674665426e-01,1.846890783414767701e-01,-2.972106063790865699e-02,-1.631887815391634966e-01,8.677028639520290021e-02,-1.951977431272707841e-01,-1.687401826678001093e-01,8.635695251366291847e-02,1.011395092026513669e-02,-1.949171140820026293e-01,-4.708078598730097708e-02,1.360611104115536929e-01,4.513205362250679448e-02,3.071134611847754492e-01,2.321806924505057657e-01,5.655494475846590818e-01,-1.589861564048518916e-01,1.409900683941595068e-01,1.950636332837122344e-01,1.096695938981725876e-01,-1.807530738281083182e-01,1.076968040481730560e-01,2.158653910005407517e-01,2.552721559552804664e-01,3.408892437442544165e-02,1.843213235673462347e-01,2.667103223849172644e-01,-6.254929383316966407e-02,-9.780508265436727022e-02,2.058927507626269748e-01,2.723557978094246490e-01,2.173705139038275280e-01,4.269144368347808083e-01,2.847866253299933814e-01,2.590856728865232883e-01,2.459463249688110253e-01,1.088522558611430685e-01,2.108321066229182639e-01,4.060200797390779021e-02,1.979435216669659381e-01,7.687832558724666532e-02,3.016304404299666175e-01,2.844540093979078255e-01,2.217669832939276331e-01,2.129880644533863610e-01,2.825117300312263158e-02,1.123731827083617740e-01,1.692846821347077091e-01,1.280700110598220198e-01
3.596379602299073497e-01,-1.415841753114619739e-01,2.592568657929953946e-01,1.761406392575465829e-01,2.454508140537649263e-01,4.732110663999037903e-01,3.246255754363474577e-01,3.086445502707004240e-01,2.791518914030990395e-01,6.310290835492773365e-01,2.257070423429013428e-01,4.567909616025616626e-01,5.994372649930613806e-01,1.402519673357950913e-01,-7.374029636357849748e-02,2.027119707262122206e-01,7.615941559557648510e-01,5.256073197089924376e-01,2.473333430598913252e-01,2.864999381169306969e-01,3.001140041246483925e-01,1.100266043365368124e-01,7.319219748761010558e-02,5.291242406096204887e-01,3.882467758596349072e-01,3.343208296748216846e-01,3.823845075655504799e-02,3.789067239158529499e-01,4.412108595714641507e-02,2.642299460017174528e-01,1.054703194849654774e-01,2.120585930813147224e-01,1.885311151380289207e-01,2.237079094483254010e-02,-1.197788823054874163e-01,3.089998880931760228e-01,-1.712249883126659711e-01,2.676235250279558331e-01,2.441669638707870682e-01,1.312949997359467991e-01,8.865192091323194357e-02,3.247626597629511558e-01,3.146518958305285496e-01,2.437296170873847201e-01,3.128765703531817821e-01,3.309844838129524236e-01,1.001447295779469698e-01,-1.938460442168227216e-01,-7.941738622992683405e-02,5.136362543105770229e-01,1.211286506605531964e-02,3.781248434705251626e-01,-4.374568600488649983e-02,6.423531294683203219e-02,1.093196618965783379e-01,-1.638173104335113317e-01,2.019897186056736089e-03,1.706963444418300446e-01,2.028097234788161021e-02,-4.149970360327459584e-02,3.463929623907878730e-01,-7.228945499611817704e-02,1.812956062037426874e-01,1.170830097181237012e-01,3.486721811462991094e-01,2.214438416295189949e-01,2.372302233527140980e-01,-3.906734195931960141e-02,-2.883287164826631947e-03,-7.189927187151907984e-02,6.540796531066257746e-02,6.327941252922612003e-01,2.529243999986243718e-01,2.729355098931832702e-01,2.405043159831075916e-01,1.560913625564152307e-01,3.845145298868984929e-01,-4.638098417778849930e-02,-1.351981798828443861e-02,-4.177140756970202512e-02,8.663151124100360034e-02,3.389598999056681605e-01,2.220334858142587464e-01,1.443575838729880267e-01
5.862758084977977013e-01,1.594272829371992384e-01,1.271941265963944523e-01,2.976593328309668982e-02,2.320297975985606553e-01,2.370151036343947082e-01,1.385720898032733184e-01,1.923198478833251512e-01,2.002140664391854619e-01,4.600166352123376545e-01,2.004092990102106231e-01,3.941879630924893796e-01,4.377668282094833163e-01,7.581121161933943031e-02,-5.978593669699971622e-03,6.197797586942965786e-01,5.256073197089923266e-01,7.615941559557648510e-01,5.632711827904546449e-03,1.825505492653087258e-01,2.287060113102670766e-01,1.811347614679937601e-01,4.737564777892476486e-02,3.227690370361832595e-01,2.914752128058934466e-01,5.562909929826134192e-01,-1.782345725418884794e-02,4.562492923171397874e-01,1.164726058057778957e-01,1.868512798323118951e-01,3.577882359421548086e-01,1.313603112536590178e-01,2.512893665592103587e-01,4.957610723130558839e-01,1.350105652974742942e-01,1.736915903989498799e-01,-8.950550800422633901e-02,1.576529859525051258e-01,-2.602843102739982664e-02,-4.460575030235167798e-02,-6.827931785331371739e-02,2.826605146438887495e-01,1.901516268370157525e-01,2.783052748914821017e-01,9.587169838681817990e-02,1.158399300424730882e-01,3.212134627210322391e-02,-1.640715055253588461e-01,-1.058686114093512348e-01,2.821999444769625054e-01,7.793854165165409187e-02,1.368357766725845637e-01,-6.380363842152014797e-02,3.853779440832666436e-02,2.999521033022005401e-02,-1.927106888037916077e-01,6.911267742335221176e-02,1.171172685938233760e-01,5.323683049756993552e-02,-1.458822955153603329e-02,4.317987744193164668e-01,-4.598409910854908689e-02,-2.012936158345170201e-03,-3.477306367809793880e-02,1.166735401774603442e-01,1.477695595640756698e-01,1.204215239281542366e-01,5.078832593556779906e-02,1.218834046993982068e-01,1.138975600720960324e-01,9.508384218628374018e-02,2.392560832051308650e-01,9.800971609477404645e-02,1.114749179467179052e-01,1.440493245774378817e-01,2.403236344232251298e-01,3.073062311757480125e-01,-1.385293905173827500e-01,-6.193856144449878809e-02,4.098602186054617347e-02,-3.180946623076962715e-02,1.948623884572785181e-01,8.015750613553716819e-02,8.622001818372822257e-02
-8.598511357061590366e-02,-9.170352166554179840e-02,4.294593872547423641e-01,4.658323487471260349e-01,1.121747129599939413e-01,-5.024743305694355164e-03,1.974062611200073647e-01,2.362709241102715074e-01,2.390630332902649036e-02,2.525997980373157481e-01,4.132182517423432233e-01,1.939584758593855263e-01,1.459633005528267469e-01,2.596189564439415065e-01,-5.939898060828367743e-02,-1.580737139842999794e-01,2.473333430598913807e-01,5.632711827904588082e-03,7.615941559557648510e-01,-1.020100479689102779e-01,-1.419847178925778552e-01,-1.438259487239582912e-01,4.519218809928720638e-03,1.664293145117835271e-01,-9.500875952902004817e-02,-4.316539693790756582e-02,-1.766004109196884220e-01,2.408110418531006214e-01,-3.007389898968665376e-01,3.156302933799730592e-01,-1.751251303910276169e-01,2.711127288151392589e-01,5.453800865892220739e-02,-7.087983924781725287e-02,-1.420637811005518170e-01,4.210901910750613486e-01,9.025995159537922308e-02,-6.991501481528306083e-02,-2.071135422489360500e-01,-2.798743036096434586e-02,1.712170398992579334e-01,-7.933526421431656706e-02,6.705001307071838113e-02,3.738717373207590677e-01,-2.119875593178982900e-02,1.308998764205506204e-01,2.955321745347675999e-01,-6.983638117578983007e-02,-2.318937176897545027e-01,-1.155272422919566555e-01,-1.167854789740850191e-01,8.687725716141356802e-01,-1.126815422876796813e-01,-1.640344450087526940e-01,-1.326543164992080581e-01,-2.039557454655694518e-02,1.726214359301624368e-01,-2.318104966329606054e-01,-5.298365177656447211e-02,-2.636302419475124448e-01,3.585192509492397817e-02,-3.073720609919607383e-01,2.351393240015387520e-01,6.558645471755918110e-02,9.565362734187314586e-02,-3.300117207868135533e-02,1.592920206843584652e-01,1.751817792567406107e-02,-9.285967951147680588e-02,-1.513903599563521385e-01,2.217665446591036288e-02,2.627817019005656562e-01,1.188143928830886625e-01,1.649586122892843232e-02,2.715095002440675032e-01,1.297697871597824903e-01,1.018077557799997451e-01,-3.266345146915860479e-03,3.177643352536401507e-03,-1.424955244544538757e-01,8.447900920760359478e-02,9.983292062493322183e-02,-2.671517683257632059e-02,4.133566026275032473e-02
4.678681332656406400e-01,2.767642845926118755e-01,3.885861765198425077e-01,-4.056029377797889385e-02,5.232029543889494816e-01,2.110487235443576082e-01,3.841221369650568151e-01,1.840562553428671533e-01,2.499262887228937691e-01,1.517209822696479748e-01,4.044273519270475958e-01,2.043852375566946600e-01,2.520604157729814387e-01,3.454061651031610225e-01,6.114824808572154602e-01,1.189842831690595820e-01,2.864999381169306969e-01,1.825505492653087258e-01,-1.020100479689103196e-01,7.615941559557648510e-01,4.040878844717362139e-01,8.179847934933242026e-01,-8.145765578730368439e-02,2.324553489939659989e-01,-4.002148547103179244e-02,2.222138961088908626e-01,3.442530368706133159e-01,5.738208528445664092e-01,4.801245067208561590e-01,2.714601415132303908e-01,3.461630177770799732e-01,5.783374093422224416e-01,5.836984762563459661e-01,3.918904576837399234e-01,3.760295825624966337e-01,4.363648587740231455e-01,2.918850506741830220e-01,4.939078956870443515e-01,3.459869949913532694e-01,4.883478543036903763e-01,1.826527376871798225e-01,2.560650866624599731e-01,2.625609559403838666e-01,3.772438419672956567e-01,2.265627092851065782e-01,4.462903383097487908e-01,3.795211982635237069e-01,6.147990008889168134e-01,3.161647659967302681e-01,2.090269184724307394e-01,3.008329222770861344e-01,-4.517994685815381051e-02,4.880722202000113974e-01,4.325981884068439420e-01,9.288762852415221039e-01,4.697900573736168983e-02,2.539256549772512250e-01,-3.928982118802999690e-02,4.728849347568867545e-01,3.699468336799456303e-01,7.511899388325985472e-01,2.885506732863086787e-01,1.782809322073147795e-01,1.931186684712219714e-01,6.438630485061099806e-01,6.831999741946439553e-01,3.699017326367395886e-01,2.233069415314236916e-01,-7.453521231245399670e-02,6.148525284380484957e-02,-2.725958704742041938e-01,1.395907004709301957e-01,8.911818800473475521e-02,8.424461370877298072e-02,1.810749236354532998e-01,1.458662148866259334e-01,3.684038724178905766e-01,3.399876260058143362e-01,-1.197570639152876620e-01,9.606456608660166041e-02,-1.674235320906333480e-01,1.392745531534552716e-01,4.822963437517238661e-01,8.827673366132281207e-02
1.216045227270688978e-01,6.534343734489442834e-01,3.207276522998212531e-01,7.547281785553258682e-02,3.718724992742015178e-01,3.205333388931215222e-01,1.834300833570759182e-01,6.897290773601379987e-01,-5.289640037960505886e-02,1.421723262811516453e-01,3.251920400499304087e-01,3.531522912166166761e-01,1.935150998191374205e-01,6.169535320685460844e-01,4.568634343405478804e-01,3.403577493946759458e-01,3.001140041246483925e-01,2.287060113102670211e-01,-1.419847178925778830e-01,4.040878844717360474e-01,7.615941559557648510e-01,5.704815912303545788e-01,4.981268545087218502e-01,4.490072204027194536e-01,3.763339325965843196e-01,4.954606804877917381e-01,3.554260899286037501e-01,2.112791259205688554e-01,3.385088271543946203e-01,1.190809253325415470e-02,1.415786516573937226e-01,3.575182244806234810e-01,5.176970282012240965e-01,-1.297958176690382041e-02,6.232053048192872646e-01,3.693462399317146705e-01,4.436840201416438201e-01,3.046711058823343143e-01,2.964131307171655738e-01,1.721310265685606078e-01,5.978924999090736714e-01,-1.092875019668077957e-01,1.747051454145137628e-01,4.097919394948266736e-01,1.000753423157602906e-01,2.183112739127184010e-01,5.158993311563001560e-01,4.225177538264612842e-01,2.896616701996882481e-01,2.768845807324045172e-01,2.453477708636103427e-01,-9.835831167344206982e-02,2.563789454384566846e-01,8.093087332929380651e-01,4.574380019843826140e-01,4.461179508638090097e-01,5.192514354054506009e-01,2.944419409341304528e-01,4.949124064994965266e-01,2.757271206547905473e-01,3.080607138656352717e-01,2.872617727701061718e-01,1.300822443983120913e-01,-1.546084245730684759e-01,4.788824802802163494e-01,5.190331241267726048e-01,2.809679404725838880e-01,4.950783325693060011e-01,7.435200578843981223e-02,1.242004827065958245e-01,9.954337580220563864e-02,4.196953939751250084e-01,2.463641805950733676e-01,2.353796090593930357e-01,3.697473921344258119e-01,9.417840541286685851e-02,3.906902513912097197e-01,4.339416698112757986e-01,-7.230555902664748125e-02,8.448958491852978647e-02,1.345529967624985446e-01,3.244304629059935330e-01,3.421736113323625705e-01,2.321156148168106170e-01
2.374783492227553194e-01,4.209992212305362358e-01,2.353316742978457665e-01,-2.156450146309408719e-02,3.247379493539829798e-01,1.962463688470937329e-01,3.340313907134312976e-01,2.576705300490972350e-01,-8.046621126638073274e-02,1.240471939167601539e-01,2.472288965039761977e-01,2.646217655802795554e-01,1.385705613959803129e-01,4.644399436326652753e-01,6.322688456201087659e-01,3.843498772490054893e-01,1.100266043365367846e-01,1.811347614679937601e-01,-1.438259487239582357e-01,8.179847934933243137e-01,5.704815912303545788e-01,7.615941559557648510e-01,7.352827919816246061e-02,2.583321135804805269e-01,1.076115694644658310e-01,4.316952555158514726e-01,2.801962601022435218e-01,3.141242935431419192e-01,5.020907096746638487e-01,2.782326529976205665e-01,1.485924735295827692e-01,5.170297750414024618e-01,5.555676094159653911e-01,3.082983411016606556e-01,5.530827920523734287e-01,2.767646948603121326e-01,3.700096270375594076e-01,2.972026885618229697e-01,2.530933392639203583e-01,3.945056978915398305e-01,2.131777294863462513e-01,-3.317578480941597852e-02,1.961430760924124661e-01,2.650253901557945713e-01,1.432882147873930090e-01,2.750259847588167883e-01,5.056698936142577372e-01,5.885858762329713167e-01,4.719343380475528593e-01,7.387498562442881833e-02,3.824777959546806216e-01,-1.023408416752313865e-01,4.492708703026386252e-01,5.337970355006953493e-01,7.997816195683833396e-01,1.630375005924121212e-01,3.239816618716880869e-01,1.163421240494876829e-01,6.375720330708360972e-01,2.701063200827227284e-01,4.902491008372840131e-01,3.660223542099464988e-01,1.524026905392112663e-01,4.735121091068385246e-02,5.744937636962313965e-01,6.373588157255751785e-01,4.570611863282522114e-01,4.313775135578156728e-01,7.843787147517691793e-02,2.735534582816806504e-01,-6.056505979869618306e-02,1.542743156710284225e-01,2.500609767145099416e-01,8.493715415573278860e-02,3.502378744777939201e-01,1.513213601860282920e-01,4.899419480988747022e-01,4.552313617796636680e-01,3.841044990724568065e-02,2.703675451797460383e-01,-6.807308870709558035e-02,1.109665623410140411e-01,4.101844771432779924e-01,1.401576806494261307e-01
-6.279987547419182969e-02,2.612550329240084790e-01,1.834391699182445212e-01,-3.456583798925783654e-03,-1.619712067214861689e-02,5.731058625377022375e-01,-2.226347498997286456e-01,7.878898772165662256e-01,-3.409547833204997214e-01,2.451973764251818774e-02,1.235991788436615335e-01,3.972069981562603158e-01,9.242656918823416445e-02,5.974230863526941437e-01,2.925841613281733866e-01,-1.656659089210491334e-02,7.319219748761010558e-02,4.737564777892476486e-02,4.519218809928776150e-03,-8.145765578730372602e-02,4.981268545087217392e-01,7.352827919816251612e-02,7.615941559557648510e-01,1.750879662375461887e-01,3.324195818209469966e-01,3.729893015868587236e-01,-9.685643662085734185e-02,-1.376287569779517383e-01,-1.959075462446016602e-01,2.291989560086136191e-01,-7.291594558093626721e-02,1.962532950093432704e-01,-4.665543844820391195e-02,-1.177929521441358207e-01,7.654308862257819257e-02,2.604411555417179280e-01,2.035168428375734861e-01,-1.709788058890957252e-01,4.815733912392897165e-01,-2.353472797803894678e-01,7.635178923315631971e-01,-3.945229959957508026e-01,-1.656439053194089586e-02,9.711178005943665870e-02,6.703175159702288999e-02,3.161443048244257786e-02,4.473685066151804057e-01,1.309892295461919376e-01,-1.701457377506937485e-01,-1.648878640618297031e-01,-1.572932369544449427e-01,3.648949287794909374e-02,-2.591423935290450564e-01,4.600911158911623611e-01,-6.668738769957532897e-02,8.059249768265906999e-01,2.538953803190066028e-01,2.556038006990078437e-01,2.513872215733223836e-01,-1.628003392937710236e-01,-7.476180416809288798e-02,-1.727503139353997463e-01,1.473583624976241291e-01,-2.371928147273302534e-01,-5.356409224252810025e-04,-5.769222080114059549e-03,1.270849314449110923e-01,2.230607053405531115e-01,-1.070674639186629945e-01,-1.423074155821836030e-02,-6.674046995861604437e-02,1.464514102043616706e-01,6.589932580434645915e-02,5.887979337217959935e-02,8.129780913170070455e-02,2.252230177258986721e-01,2.490959139808454070e-01,2.376283051053342532e-01,-1.005670635431863552e-01,-8.913493906251483689e-02,2.842932539726240049e-01,1.075241988738394189e-01,-4.526508356791082710e-02,2.378391570996655699e-02
7.898883177816391765e-02,4.290634498025616694e-01,2.074569957086577765e-01,2.390467184396706801e-01,2.021317285734381686e-01,7.090327228167744855e-02,1.099260799765967300e-01,3.439319687757210198e-01,1.419350366939211294e-01,7.807690284959318827e-01,2.283078297828184389e-01,5.194530346030755696e-01,2.485297827595988329e-01,2.307529684756145782e-01,8.502164373161973099e-02,1.059840278963892768e-01,5.291242406096204887e-01,3.227690370361832595e-01,1.664293145117835271e-01,2.324553489939659989e-01,4.490072204027194536e-01,2.583321135804805824e-01,1.750879662375461610e-01,7.615941559557648510e-01,2.388772851187001278e-01,3.793055204482755904e-01,-7.575325765215940900e-03,3.935055729126361590e-01,6.233062901910085829e-02,4.197187677187980692e-01,1.657207355367607549e-01,2.928930325512487665e-01,4.413616130466121446e-01,1.677875113314551969e-01,3.329266055706252003e-01,3.368370927489466315e-01,2.605886523004673494e-01,2.569691404502226773e-01,1.931433734608915542e-01,1.565405521989049198e-01,3.405870959650117435e-01,2.440276207427491406e-01,6.834009633445570220e-01,2.612184011595261035e-01,4.820934357854452790e-01,3.802126257274734411e-01,4.380788026260674095e-01,7.387245919986626386e-02,1.668947753275928925e-01,2.572129767411161505e-01,2.595132589031244330e-01,2.140730166078361474e-01,5.916572354766438946e-02,3.822300581161877098e-01,2.450842055908936390e-01,1.575594269934122715e-01,7.268086113220457722e-01,2.433181748698355351e-01,2.884886334406907560e-01,-1.783180882547537663e-02,3.510717129553308502e-01,1.104548034564726833e-01,4.405669336485168452e-01,-2.572503560534667999e-01,4.084597731562150669e-01,4.501355009673151941e-01,3.232569234660086499e-01,2.088809374465301072e-01,2.598374792946763767e-01,1.745451009254738728e-01,1.930868753103156810e-01,4.348210606708360348e-01,2.673945083204226636e-01,5.321718454199247939e-01,4.648325089535298993e-01,2.645955899602003836e-01,3.091060923902986812e-01,1.331818532897852958e-01,5.831303982438564709e-02,7.899326631607639371e-02,4.105927083248219200e-01,2.816715194224181373e-01,2.849258758931346169e-01,5.168531863719219022e-01
6.120305287718876691e-02,2.250437441067551780e-01,-4.789865247156365607e-02,8.950909627349017128e-02,3.381215019618135503e-02,5.271115207080214748e-01,2.309338812276789110e-01,3.378913967748167768e-01,-2.057118046177457138e-02,3.886527624291260530e-01,9.568022908946216543e-02,2.872762766058211126e-01,4.750353712748905388e-01,1.631337870700005632e-01,1.296453182247861158e-01,3.803932672143355842e-01,3.882467758596349072e-01,2.914752128058934466e-01,-9.500875952902013144e-02,-4.002148547103184795e-02,3.763339325965842641e-01,1.076115694644658588e-01,3.324195818209471631e-01,2.388772851187001556e-01,7.615941559557648510e-01,6.850167420400014029e-01,1.848498237037149716e-01,8.581200330207974791e-02,1.055093415176487359e-01,1.962280257190140431e-01,1.923241714525243951e-01,3.152109241087816538e-02,1.167906373326196290e-01,4.330908140482561675e-02,1.480108229893272453e-01,-1.286270322447783006e-02,3.896275385871703772e-02,1.531890856444312159e-02,2.607569161220844034e-01,4.958981118392349202e-02,1.377401139593739110e-01,-7.954717325152636798e-02,1.951580380644161172e-01,1.449700578254471406e-01,1.178949129645721350e-01,2.932485007485879369e-01,4.784256939815256099e-02,1.066245265279702065e-02,-1.594577996307284390e-02,3.233529838156478098e-01,7.208819053824168377e-02,-6.997972981862499164e-02,-2.198587933460788638e-02,3.751173651619446603e-01,-3.587369311511520720e-02,1.367164375114857389e-01,1.393785350692942626e-01,5.353437905619006232e-01,3.014540379006520054e-01,-4.600643967265101442e-02,1.215600959101303807e-01,1.288095628343069732e-01,3.643533145875001988e-01,-1.097837726667793001e-01,1.733957749426100203e-01,7.770284497340641805e-02,3.802137489981818330e-01,2.915492353812882964e-01,3.442432641564619478e-01,3.803830409926996503e-01,2.991294646995827922e-01,1.693811568610716911e-01,5.507696483531364373e-02,2.040232602388154237e-01,2.196022803151155001e-01,1.922225357303095628e-01,6.230408805254324944e-01,1.853585377326668893e-01,1.665278831781032698e-01,2.427292625717183683e-01,2.064929577474912958e-01,-1.886479285520492599e-01,2.686639357419867008e-02,1.780820421013266652e-01
1.750495617044013352e-01,3.688459594933831132e-01,5.053498740834203723e-02,5.741893902527461790e-02,1.345170499651973661e-02,5.103165864979081201e-01,1.203083984550772645e-01,3.764841750718719848e-01,-1.928994586428021130e-01,3.950756569588353972e-01,1.304083994123712009e-01,4.837875371283704151e-01,4.854648356119701802e-01,2.529404615206825579e-01,3.986637632996778979e-01,5.223347969810892000e-01,3.343208296748216846e-01,5.562909929826134192e-01,-4.316539693790756582e-02,2.222138961088908626e-01,4.954606804877917381e-01,4.316952555158514171e-01,3.729893015868587236e-01,3.793055204482755904e-01,6.850167420400012919e-01,7.615941559557648510e-01,3.844517590668494050e-02,2.301676552255413899e-01,1.645028135825666871e-01,3.962195364767565620e-01,2.761998666510573353e-01,2.279732624781773964e-01,2.114957967344915646e-01,3.605761114973588533e-01,3.020504155542553248e-01,1.191962761519720915e-01,1.006380850686743045e-01,1.865521038340486534e-02,3.175443808263719303e-01,5.056586210631257294e-02,2.712690704874700653e-01,-7.608275591435167962e-02,3.093775291206281031e-01,1.964418875562148059e-01,2.030437603927410239e-01,3.223921687607171349e-01,3.108013960226318484e-01,2.086003454396994083e-01,7.240036197883462088e-02,2.396459603067863375e-01,2.132855371716256554e-01,5.429525045794906385e-02,1.267696110370962817e-02,3.646764959152132279e-01,2.483672883797333475e-01,1.926110693557559206e-01,2.256352191788039141e-01,4.419605776929667051e-01,6.576932077788943953e-01,-5.566167200525299480e-02,2.848439833662290144e-01,4.895926347893857222e-02,3.025127487835843065e-01,-2.098853942614387069e-01,3.462922501673331155e-01,2.319266537414374219e-01,3.844153465703358807e-01,4.378519922759622207e-01,3.201703459004657248e-01,3.837478179230157105e-01,1.547904652565616768e-01,6.196273338885343457e-02,1.512357622683469481e-02,1.363243249665740953e-01,2.360311718977516071e-01,2.713845136982967476e-01,5.994351269508757518e-01,2.755333494046856568e-01,7.104107038534916707e-02,1.724808010514664869e-01,2.200518580416739034e-01,-1.240764524885392267e-01,-2.587974366900500697e-03,1.962194758256329830e-01
2.793418924600057918e-01,1.267503182817478480e-01,4.567897706379671074e-01,8.253436282526130374e-02,6.668590803242540055e-01,3.755243796271381246e-02,6.116821898961031234e-01,-1.120960706049205641e-01,4.407740047055275223e-01,1.032839514266764291e-01,4.927831746204819896e-01,-1.112761954253953245e-01,1.260279253760039631e-01,-2.113755421318375127e-02,5.163150070740194497e-01,7.007778450323778885e-02,3.823845075655504799e-02,-1.782345725418886181e-02,-1.766004109196883387e-01,3.442530368706133159e-01,3.554260899286036945e-01,2.801962601022433552e-01,-9.685643662085736960e-02,-7.575325765215927022e-03,1.848498237037149439e-01,3.844517590668494050e-02,7.615941559557648510e-01,4.417280805217828621e-01,6.570901492939674737e-01,1.158078697306105659e-01,4.002463054549347254e-01,2.550655976620624932e-01,4.882531469069683050e-01,2.713899436062165438e-01,4.527720743266719916e-01,3.630307334660695107e-01,2.509187566372519940e-01,6.852387404574117324e-01,1.891673685252807935e-01,7.036521379895135375e-01,-1.014093690454506702e-01,3.706278343853069979e-01,1.316726196829065831e-01,5.750798675841994889e-01,-1.840946174709312197e-02,4.358393085314699600e-01,-2.278390993376223569e-02,6.729590003445542479e-01,3.480682686441898266e-01,1.129401502820223252e-01,1.547493229238315893e-01,-9.905378080202989488e-02,5.755368693445532813e-01,4.829968577103958549e-01,3.778087261977146616e-01,1.286978477412998867e-01,4.963707023677268321e-02,1.770967119618255536e-01,2.932103951566502054e-01,8.634878457452498379e-01,5.134620692487349425e-01,6.538344787245656820e-01,2.196237655110424569e-01,2.435611444786069391e-01,2.318203083329958281e-01,4.575135006607393695e-01,4.801010623055590454e-01,5.140221692314757979e-02,5.232606868814534962e-02,1.254059167582384782e-01,-6.324691943157038920e-02,7.601614736978488940e-02,1.723188173035873627e-01,2.724717662349395164e-01,2.481006054711896169e-01,2.747928846006760240e-01,3.970838409305381678e-01,3.146291477863862873e-01,7.860342860708911805e-02,1.806628673048282230e-01,-7.104805705351316392e-02,-1.459328076314407889e-03,5.176671302991219248e-01,2.452510824901189546e-01
7.013063644249249995e-01,2.578039561303185900e-01,6.114060217999550684e-01,1.125195940546533380e-02,6.869677159020386448e-01,-1.765473236619713102e-02,4.540815059309506463e-01,1.058092394749177156e-01,5.782000871763531835e-01,3.898392876633739457e-01,5.839336832947409350e-01,2.560309937451208384e-01,1.933529365384124010e-01,-9.409741859733156133e-02,2.033388650838384715e-01,9.543216415111428763e-02,3.789067239158529499e-01,4.562492923171396764e-01,2.408110418531005659e-01,5.738208528445662981e-01,2.112791259205687722e-01,3.141242935431419192e-01,-1.376287569779516828e-01,3.935055729126361590e-01,8.581200330207973404e-02,2.301676552255413899e-01,4.417280805217827511e-01,7.615941559557648510e-01,3.817716762418739695e-01,2.027237509141922023e-01,4.637180387925000091e-01,5.356742080649004034e-01,5.554322630534813676e-01,4.499001201413601603e-01,2.994460497895528595e-01,5.388468475990838558e-01,-1.155933716259115347e-02,6.287710849658219026e-01,1.278815741498419943e-02,3.984721505110719875e-01,-6.122211923639639397e-03,5.636474013034531438e-01,4.490879954083665249e-01,5.722757183602242836e-01,1.868386209026099698e-01,4.356295411928304828e-01,6.045730546498941614e-04,3.424556119162561751e-01,1.915846520481761239e-01,2.276053533550354835e-01,3.212148653775768747e-01,2.615091328222877154e-01,4.287473169503890902e-01,2.287385922145996064e-01,5.109440501787566591e-01,-1.342159478022349750e-01,2.817126933488365292e-01,7.354572577411844225e-02,1.947563692203301833e-01,4.501434572038366388e-01,8.892383843449250813e-01,2.838078679437985308e-01,2.230181679947722539e-01,8.767640027304680894e-02,5.359154988085463867e-01,5.831221017958243547e-01,3.140747213193088583e-01,7.843959799348848572e-03,3.468625979368345630e-02,3.621884788993502691e-02,8.875111669048198551e-03,2.200857393533903472e-01,-1.088690450476473108e-02,3.054904529414720349e-01,3.480817736946609231e-01,2.065890223776174206e-01,2.772858633854942689e-01,-3.643314099548361495e-02,-6.488047577706038127e-02,1.744060706913360959e-01,1.134011585994790100e-01,1.634675309353425254e-01,3.901851462260729764e-01,3.029190825086122141e-01
2.487599318794233016e-01,3.606781432724685543e-01,8.606855492716966594e-02,-6.587073801786377802e-02,3.556058683074357352e-01,-3.631820425474204667e-02,3.494586679838753707e-01,-2.147766670602383743e-01,6.550488965942363739e-02,-3.899249212527439688e-03,1.256322245550023087e-01,-1.811926066965272031e-01,8.622049922973162861e-03,3.373220582181146038e-02,4.060663407479152553e-01,4.404668174754287069e-01,4.412108595714641507e-02,1.164726058057778263e-01,-3.007389898968665376e-01,4.801245067208561590e-01,3.385088271543945648e-01,5.020907096746639597e-01,-1.959075462446016602e-01,6.233062901910087217e-02,1.055093415176488608e-01,1.645028135825666038e-01,6.570901492939674737e-01,3.817716762418739140e-01,7.615941559557648510e-01,7.288226428645794286e-02,2.366936566156146449e-01,4.813636049645191317e-01,7.488444882494068588e-01,2.266725072448942391e-01,5.962769233920723888e-01,4.190589410337889481e-02,2.146654579719951272e-01,3.524371924033062320e-01,-8.549531895595033348e-02,3.010659235659918775e-01,-2.797573766565564779e-01,8.774972098198631498e-02,2.892301148492500834e-02,2.113305497663916510e-01,-1.805503142907987912e-01,6.262257984073195394e-02,2.551376861150991132e-02,6.218377494432439923e-01,5.456582409578459858e-01,4.669802267309618171e-02,3.534196185326558548e-01,-3.251891901036525478e-01,7.563640245038948384e-01,3.093785329350800528e-01,5.506474721970758823e-01,-1.201190988172196883e-01,2.128688265266297230e-01,-4.839781150957965516e-02,2.445128266657289606e-01,5.214612957923514536e-01,5.745168438977843461e-01,7.255735341874046673e-01,-5.141192388410168596e-02,6.066496346103186776e-02,5.570299297907060909e-01,7.133288926555585441e-01,2.021492400549218249e-01,2.264833122459899983e-01,9.809426993684755569e-02,2.803730756520599332e-01,1.808571784495925927e-01,3.197108068376104673e-02,1.156673938250415284e-01,1.453426827634320961e-01,3.368905315585513649e-01,1.340030941513151164e-01,2.023771219085938600e-01,2.553430581616561446e-01,7.970587006291943166e-02,3.970404546025984027e-01,-2.732815222209387246e-02,8.176476466251313829e-03,3.662582662160795977e-01,1.718700323149470466e-01
7.746709114196596857e-02,1.609063609311065235e-01,1.280462423676963224e-01,1.572003855683530849e-01,2.751841591551855704e-01,2.673260511566146747e-01,2.568473820207985148e-02,1.179498581099462790e-01,-5.592396993041468672e-02,5.433650230613547016e-01,2.306698188402003524e-01,4.300694011306608888e-01,2.510006613860218949e-01,-2.067572486385140310e-02,1.705592697446816353e-01,7.712576071706582492e-02,2.642299460017174528e-01,1.868512798323118396e-01,3.156302933799730037e-01,2.714601415132303908e-01,1.190809253325414083e-02,2.782326529976205109e-01,2.291989560086136191e-01,4.197187677187979582e-01,1.962280257190140154e-01,3.962195364767566175e-01,1.158078697306105798e-01,2.027237509141921745e-01,7.288226428645799837e-02,7.615941559557648510e-01,2.280613440148223092e-01,2.733232468026350892e-01,2.381472499212681504e-01,1.605172463860784493e-01,2.918731333526376412e-02,1.392940180818755536e-01,1.127514851891526781e-01,1.990241903832266346e-01,3.806430048205018679e-02,8.625974887805004654e-03,7.168841303353414018e-02,1.113005166215817882e-01,3.930643809892137019e-01,2.163402479655117117e-01,1.180254916857152586e-01,1.172491268690409316e-01,1.527001972786359574e-01,1.566803765825272032e-01,7.062258809807569170e-03,-2.584829590944995870e-01,-1.818475528101358152e-01,3.000035111765365081e-01,1.034388666089727793e-01,-1.024736611687844662e-01,2.419763896443081208e-01,7.817962658812212251e-02,7.485805208231446906e-02,-6.915851449898099967e-02,2.202144735789781926e-01,5.419309962563328281e-02,1.062054683187951126e-01,-1.528625795309001764e-02,5.615347916900730318e-01,-1.281741400227521810e-01,2.132986458258536722e-01,2.690425417172146449e-01,3.331976742436918437e-01,-5.589833341510921233e-02,9.011601666670153443e-02,3.919472131980848983e-01,3.179391555018865612e-01,1.214457791691992382e-02,1.116166337614514226e-01,3.739589903304511576e-01,3.532653489853025408e-01,4.107467438907408952e-01,4.192107452687842128e-01,-2.631701091143259352e-03,1.077102346080361372e-01,2.680843582909044898e-01,3.347940279534581953e-01,-3.290499132529238480e-02,3.533337148576093378e-01,5.016706609022998364e-01
5.654922566559297259e-01,2.318146634684167817e-01,3.951348967633601106e-01,-1.075922380134320122e-01,4.048412811171810399e-01,1.577278749814818859e-01,1.657319341458493855e-01,-5.252179906290353750e-02,5.273445796384460538e-01,2.335052354108094474e-01,3.588854379771274639e-01,1.448835965295869888e-01,4.639710089070140930e-01,-3.850764150238556449e-01,2.503715502301206430e-01,4.206060307299504947e-02,1.054703194849654219e-01,3.577882359421548086e-01,-1.751251303910276724e-01,3.461630177770799177e-01,1.415786516573937504e-01,1.485924735295827692e-01,-7.291594558093626721e-02,1.657207355367608381e-01,1.923241714525244228e-01,2.761998666510572797e-01,4.002463054549347810e-01,4.637180387925001201e-01,2.366936566156146171e-01,2.280613440148223092e-01,7.615941559557648510e-01,-8.010462941891326183e-02,1.651171239391006906e-01,4.142685297109294229e-01,2.029217354441697485e-01,2.559343787513758128e-01,-1.322735368217079766e-01,4.897003767759931514e-01,2.100782649012693792e-01,2.733270673056036881e-01,-4.145640026308703568e-02,5.989143459247626700e-01,2.421184950546327319e-01,3.693847860751083290e-01,1.533350390870837354e-01,5.061086101038383411e-01,-2.506798372818273002e-01,2.822361651313583519e-01,5.472048113752137760e-02,1.351200257187155085e-01,4.860893684448982371e-02,-1.417550173882993481e-01,1.598769209821463144e-01,2.463796493466784143e-01,2.193216417110179506e-01,-1.489845819420005345e-02,7.884864212569187014e-02,1.997713285888123858e-02,2.394276503351484287e-01,3.328893621213330212e-01,4.952909787770302663e-01,1.778087049500641503e-01,2.099648432041212875e-01,-2.204249233100785688e-01,-3.911670332331480121e-02,2.160248446317045157e-01,-8.373487371898188231e-03,-1.252065794872426752e-01,6.471705421442848494e-02,6.925426025897064852e-02,-1.480381622090931604e-01,-1.425824136773504724e-01,-1.421397075959209000e-01,2.649893637214637554e-01,-3.799945009151402958e-02,1.876347515410603239e-01,4.695254542600022646e-02,-7.477464922816903781e-02,3.947629862809309484e-03,9.246790295184095787e-02,7.529861374046617484e-02,-9.401966120856818099e-02,2.572000411798563424e-01,2.625028977133532226e-01
1.097501038514857447e-01,3.806772136401970763e-01,3.197686467264287957e-01,5.359412353990666844e-02,2.096302500337221819e-01,9.649670509532087825e-02,9.270255913627119260e-02,2.564774004506909511e-01,-5.716319316032406062e-02,1.392101434107592128e-01,3.127454064533555234e-01,1.740818396366357323e-01,-6.907590837878702095e-02,2.135549659900760344e-01,4.034186026111575840e-01,1.989486007475446405e-01,2.120585930813147224e-01,1.313603112536590178e-01,2.711127288151392589e-01,5.783374093422224416e-01,3.575182244806234255e-01,5.170297750414024618e-01,1.962532950093432704e-01,2.928930325512488220e-01,3.152109241087811681e-02,2.279732624781773409e-01,2.550655976620624377e-01,5.356742080649005144e-01,4.813636049645191317e-01,2.733232468026350892e-01,-8.010462941891324795e-02,7.615941559557648510e-01,6.077158579662589322e-01,1.797919051132870066e-02,4.186015649472363265e-01,3.117171309319930472e-01,2.111061401211441757e-01,1.442473740997617659e-01,8.317621510184679268e-02,2.496884492720855692e-02,2.449881256435872678e-01,-8.130617783856775027e-02,2.292300223155774863e-01,2.416842920881173695e-01,2.816270928860770476e-02,5.881893650838736914e-02,2.221619645992760628e-01,4.795926079694099453e-01,3.428220703247396028e-01,-9.903546819724599881e-03,3.089696454495248212e-01,2.225703247219336378e-01,4.651135094713859663e-01,3.895960363661525316e-01,6.072445419547064516e-01,2.265085602098855788e-01,4.512250124362426340e-01,5.926280328079272519e-02,3.501088225482653637e-01,2.052773612051853047e-01,6.496300104907974937e-01,3.110540131219199922e-01,2.019282366119394545e-01,5.260721944184126170e-02,8.513559828446802813e-01,7.091062379855386233e-01,3.397763982187999576e-01,2.636183626190385931e-01,-1.059561288811100566e-01,8.737378110430134293e-02,1.272238035671190981e-01,1.631540781043460397e-01,1.263651141287851776e-01,-3.615759303778349337e-02,4.387120336613842819e-01,5.746238145102101902e-02,1.747580819103920213e-01,3.264444488330757732e-01,-8.206820662727445925e-02,3.417148164413263967e-01,2.487286929655272705e-01,1.585897468911115493e-01,3.306185597614318961e-01,1.092113542144736160e-01
3.446536235338999998e-01,6.864541838779223415e-01,3.085380154986841483e-01,8.180049435557225357e-02,4.603080700171746087e-01,-1.512426003489743265e-01,3.382184060964022465e-01,8.992769526111778211e-02,1.975193033116744157e-01,2.414900745580550456e-01,3.016998603215990116e-01,1.094720106727223724e-01,-5.607368203477546692e-02,1.899808473698247346e-01,3.592785707547043184e-01,4.269946324141657978e-01,1.885311151380289485e-01,2.512893665592103587e-01,5.453800865892220739e-02,5.836984762563459661e-01,5.176970282012240965e-01,5.555676094159653911e-01,-4.665543844820390501e-02,4.413616130466121446e-01,1.167906373326196567e-01,2.114957967344915923e-01,4.882531469069684160e-01,5.554322630534812566e-01,7.488444882494068588e-01,2.381472499212681504e-01,1.651171239391005796e-01,6.077158579662589322e-01,7.615941559557648510e-01,2.612330043618154574e-01,7.619629280494670809e-01,2.474633918676311106e-01,2.298871102769649288e-01,3.679488278694261205e-01,-1.094926132160755211e-01,2.298834641846150550e-01,-1.589042830133741840e-02,2.071983460300785562e-01,3.436052043168333903e-01,2.798574920924158937e-01,-1.927585440449236173e-02,1.601681796483913345e-01,1.910228957598586463e-01,5.451562538173714278e-01,5.156908916004548926e-01,8.015138945722417863e-02,5.049722184112327428e-01,-3.972931602567153497e-02,5.598310939851238732e-01,5.262371941846103462e-01,5.763244037308618006e-01,1.436331289265609622e-02,5.045013203981586480e-01,2.611403176216853250e-02,2.771128304501936923e-01,3.535283528095203298e-01,6.921810785170319225e-01,5.177452142450214012e-01,1.704074355486212555e-01,-8.661381601410021724e-02,6.633768692637284081e-01,8.869735294796979863e-01,2.431192953378564781e-01,2.886178708299270146e-01,9.601483910999766835e-02,2.249294320971817751e-01,1.967912708047183379e-01,2.169404793224707362e-01,1.613821958012228441e-01,2.784537815188588006e-01,4.843547691499583974e-01,1.600514231193131409e-01,1.507660928951849721e-01,2.585342483347141673e-01,1.730462277196420998e-02,3.908369656495841449e-01,2.801878899101875042e-01,1.675282942147259535e-01,4.620296858876601354e-01,3.715165910302682395e-01
5.370936021613204048e-01,2.416030162114790880e-01,2.374366455370111317e-01,-4.965076964160738959e-02,5.121679021108103136e-01,-5.745921606555829840e-04,2.860614874080565917e-01,-1.865281553620283250e-01,2.889884308774633981e-01,1.398719979721578244e-01,2.242929088918350078e-01,8.095658283837374458e-02,1.929092097660855543e-01,-2.185282926223605926e-01,2.538621966803084606e-01,2.634828091883125167e-01,2.237079094483248459e-02,4.957610723130558839e-01,-7.087983924781728062e-02,3.918904576837400344e-01,-1.297958176690380654e-02,3.082983411016606556e-01,-1.177929521441358207e-01,1.677875113314551969e-01,4.330908140482558899e-02,3.605761114973588533e-01,2.713899436062165438e-01,4.499001201413602713e-01,2.266725072448942391e-01,1.605172463860784493e-01,4.142685297109293674e-01,1.797919051132872842e-02,2.612330043618154574e-01,7.615941559557648510e-01,1.776722694735273222e-01,2.323000478980835337e-01,2.523264668263040453e-02,4.673788753868064472e-01,8.031573532962545114e-02,3.585014719475427825e-01,-2.291251077148619975e-01,3.919144883097214205e-01,1.943084057571244083e-01,3.149200185837864874e-01,-1.292643958304111676e-02,3.626645732084047280e-01,-4.870520602510368391e-02,1.951274242783034851e-01,3.454109310255511905e-02,-8.464343398310816835e-02,2.206257464068419605e-01,5.758884275507619027e-03,8.207264235845329603e-02,-2.424794782061046039e-02,3.667200061097974917e-01,-1.288307218220435535e-01,1.115270636717477677e-02,6.364667109266122780e-02,3.780255323645339005e-01,2.379995088419132043e-01,4.533572464890967546e-01,1.026976250005723068e-01,-1.003247509720481094e-02,8.933631801856282972e-02,2.823750499695178856e-02,1.668495794992376213e-01,2.598853791310388184e-01,1.074164546037549017e-01,4.829381334513282997e-02,1.520140581767927823e-01,4.003106908724059915e-02,-3.550903480951598211e-03,-1.698781722544562972e-02,5.898600180858139252e-02,6.240982624277671698e-02,2.466377155419028078e-01,2.886127340446080769e-01,-1.105924455251779993e-02,-9.497118138558088840e-02,3.086949408791215405e-02,1.288803711630445159e-01,-1.817610255709245851e-02,1.476182632708214482e-01,1.444754398945078122e-01
1.034638318615473396e-01,8.267630652770474597e-01,2.511273113113265398e-01,-6.783455191619310563e-03,2.819693324645515253e-01,-2.100123018044205148e-01,1.217520712699225460e-01,1.731567811555840553e-01,-1.879009455863532574e-02,6.869715725886349489e-02,2.204995649213505882e-01,-1.893238407454614532e-03,-2.426017369759508879e-01,2.867139281896627923e-01,4.021866726039863282e-01,4.727828023741014185e-01,-1.197788823054874441e-01,1.350105652974743220e-01,-1.420637811005518725e-01,3.760295825624965782e-01,6.232053048192872646e-01,5.530827920523734287e-01,7.654308862257820645e-02,3.329266055706252003e-01,1.480108229893273009e-01,3.020504155542553248e-01,4.527720743266719361e-01,2.994460497895528595e-01,5.962769233920723888e-01,2.918731333526375024e-02,2.029217354441697485e-01,4.186015649472362710e-01,7.619629280494669699e-01,1.776722694735272945e-01,7.615941559557648510e-01,1.830508176952077015e-01,3.628315004109559094e-01,2.909354713614532573e-01,-9.727162377993882336e-02,1.638518041592595120e-01,1.451883630489936572e-01,-2.149951155010905099e-02,2.296891204357233984e-01,2.790823300148819186e-01,-1.251036170585700380e-01,6.963366237144807958e-02,2.632142556703529479e-01,6.289998958309492849e-01,7.005467354193758434e-01,2.453537502378956223e-02,5.838949551994733200e-01,-2.575590827863959986e-01,5.995403985915739309e-01,7.254653198782412549e-01,4.885561363154202197e-01,2.486624399496246141e-01,5.477864101833593846e-01,2.780574226489538336e-01,5.076236137368662638e-01,4.312300863045853139e-01,4.270826247867173797e-01,6.327230758477628836e-01,1.378225807119947133e-01,-5.157898545194138096e-02,5.217520283523892077e-01,7.336473423255440718e-01,2.972713439655996770e-01,4.552331836804267007e-01,3.817282971648572887e-01,4.542186755063129522e-01,3.177780911259260876e-01,9.574798051660925180e-02,2.124200412556913609e-01,3.591637630512731771e-01,4.553259752860736587e-01,9.630071482498001045e-02,1.046279449672010003e-01,3.933364055919817970e-01,2.549718462028087718e-01,5.602656310658715721e-01,3.097866420544745925e-01,1.330619964663867782e-01,3.660191984866651982e-01,4.518742160323672707e-01
3.822214991494859437e-01,1.676442612785596087e-01,8.648532313326956489e-01,2.152967682378038872e-01,6.222176734625223249e-01,2.989776843467236156e-01,4.241464927578328936e-01,4.263109453367879831e-01,4.677289923245679382e-01,2.387602105419680543e-01,7.485132251647530488e-01,2.918528697717241438e-01,2.928182712599031734e-01,3.640330094633978941e-01,3.987039558160187513e-01,-1.279469957674665148e-01,3.089998880931760783e-01,1.736915903989498799e-01,4.210901910750613486e-01,4.363648587740231455e-01,3.693462399317146705e-01,2.767646948603121326e-01,2.604411555417179280e-01,3.368370927489466315e-01,-1.286270322447783006e-02,1.191962761519720637e-01,3.630307334660695107e-01,5.388468475990839668e-01,4.190589410337890869e-02,1.392940180818755258e-01,2.559343787513757573e-01,3.117171309319930472e-01,2.474633918676311106e-01,2.323000478980835337e-01,1.830508176952077570e-01,7.615941559557648510e-01,1.975535282113926039e-01,6.057736387215174600e-01,4.236971747066282656e-01,5.148338951379731743e-01,4.788262518865948891e-01,4.155914310237504017e-01,2.351460265307456776e-01,7.894118899903310727e-01,1.812604332732842272e-01,5.605845916617113733e-01,4.022196164359266302e-01,3.958247824697931350e-01,-6.072134792456757718e-02,1.784177091949362137e-01,4.367399422578320534e-02,4.992931574557878394e-01,2.086652965675445393e-01,4.236129997537692038e-01,4.005539787252095918e-01,3.851768552685488900e-01,2.614529602258299779e-01,1.780755396190337320e-02,3.013681566193437411e-01,3.655173308743416838e-01,4.616567631304007713e-01,-4.154735457611531679e-03,1.756737736388973847e-01,2.491577779505203538e-01,1.454827619167475272e-01,2.724497328263040252e-01,2.009357597508834026e-01,2.641924639722425736e-02,-1.572009031143062341e-01,-2.578125836755076894e-01,-3.171409068180218171e-01,4.021171530190505439e-01,1.725638415156150463e-01,1.657622390299889337e-01,1.255658090626717849e-01,2.027510518756206470e-01,2.095734395011212559e-01,2.016937227867812155e-01,-1.607114890887241798e-01,-2.573486020110768435e-01,1.425516632183346233e-01,2.654198316979596850e-01,3.147446794745287768e-01,8.172594638653932209e-02
-1.759402905020189256e-01,4.148085732955258398e-01,1.101130056695568959e-01,2.317153727806486041e-01,2.053539718212522014e-01,1.010593078582244092e-01,1.445441814674528203e-01,2.005424530339296463e-01,-1.397435791534213101e-01,-1.962368623347535493e-02,1.176341097258407770e-01,9.491775967699019045e-02,-5.917893764783121319e-02,3.094199990983189097e-01,1.932086438649163185e-01,1.846890783414767701e-01,-1.712249883126659988e-01,-8.950550800422633901e-02,9.025995159537922308e-02,2.918850506741830220e-01,4.436840201416439311e-01,3.700096270375593521e-01,2.035168428375735139e-01,2.605886523004672939e-01,3.896275385871705160e-02,1.006380850686743322e-01,2.509187566372519385e-01,-1.155933716259116735e-02,2.146654579719951272e-01,1.127514851891526781e-01,-1.322735368217079766e-01,2.111061401211441757e-01,2.298871102769649011e-01,2.523264668263043228e-02,3.628315004109558539e-01,1.975535282113925206e-01,7.615941559557648510e-01,2.134946734163405413e-01,3.179178080267644479e-01,2.603058864881982459e-01,3.556176859378121780e-01,-1.056774302285450329e-01,2.256537492108143805e-01,1.699014403760041314e-01,-1.508708441855995952e-01,2.247722699393581713e-01,4.172173826191987178e-01,2.506544729099869917e-01,3.208728902733891108e-01,1.408785779720343745e-01,2.374572152182270190e-01,1.280776180299067132e-02,2.052742823480309953e-01,4.937823621206242075e-01,2.842774895809040414e-01,4.295388347903102422e-01,2.930228090644784733e-01,3.709127948906007499e-01,4.188899662994685635e-01,3.035932570330580615e-01,5.737034865886170287e-02,3.904153507002690038e-01,4.078072223799094620e-01,-2.100036771526148649e-01,2.015743360835327846e-01,2.566462951007775217e-01,2.320657033258492485e-01,2.462393524079699303e-01,1.554854975532775352e-01,9.142084716326358274e-02,2.108999434150027330e-01,2.700815011177521985e-01,2.938864302677512974e-01,1.602120749105534758e-01,1.922843016906856939e-01,-6.605843624752862075e-02,4.941008381241557973e-02,3.574015106411961851e-01,5.113994868129569105e-02,1.234509869186974640e-01,1.942105369496678058e-01,2.986864887687146752e-01,4.017417181769027401e-01,1.718940220981107214e-01
5.346866082189849489e-01,2.037176933356238118e-01,6.848070535646076928e-01,1.805843745814117995e-01,9.096726519424436219e-01,5.283168747406757904e-02,5.719812773077725954e-01,-5.545104393922704183e-02,6.822144148920089579e-01,2.884647797455128226e-01,6.621153600456991528e-01,1.378290169630960738e-01,2.338950323212968252e-01,-9.387231197563454532e-02,3.686491095807640228e-01,-2.972106063790868474e-02,2.676235250279558331e-01,1.576529859525050703e-01,-6.991501481528303308e-02,4.939078956870443515e-01,3.046711058823343143e-01,2.972026885618229142e-01,-1.709788058890957807e-01,2.569691404502226217e-01,1.531890856444312159e-02,1.865521038340483759e-02,6.852387404574117324e-01,6.287710849658219026e-01,3.524371924033062320e-01,1.990241903832265791e-01,4.897003767759931514e-01,1.442473740997617382e-01,3.679488278694261760e-01,4.673788753868065582e-01,2.909354713614533128e-01,6.057736387215173490e-01,2.134946734163405413e-01,7.615941559557648510e-01,3.249433921784259938e-01,8.046664037946580361e-01,4.925643161774563572e-02,6.931110044655671709e-01,3.734903747628935955e-01,7.436846651033225397e-01,2.035002404781708907e-01,6.088600266301271713e-01,3.263473452526586410e-02,4.401731574300440930e-01,2.242528580270357064e-01,2.998365726454617075e-01,1.211147941964637875e-01,3.862300660289720577e-02,4.070921584812779437e-01,3.304793937349941868e-01,4.401167987996535969e-01,6.227827521953621659e-02,1.270317570928019557e-01,1.102038225339659339e-01,2.206828910331809224e-01,6.808642702750973275e-01,6.152502453886499190e-01,3.252889810331566212e-01,3.419897196285944796e-01,2.976340427062534877e-01,7.726770343856473322e-02,4.084823364594359352e-01,2.670449591166335623e-01,-1.703535197130029710e-01,-7.546001305575697482e-02,2.486987320163536186e-02,-1.911089496039913849e-01,2.233956715715694485e-01,3.239763257837136035e-01,3.491161500347441660e-01,1.980843430691877072e-01,1.364143009348437185e-01,1.065589856027156918e-01,8.622222821075135532e-03,-1.012971114155152841e-01,7.189926126917504934e-02,1.380722394020402199e-01,1.010562390258603893e-01,5.971767795023577019e-01,3.458674341623204085e-01
9.653711349014980694e-03,6.465270468807227111e-02,2.937271065866225439e-01,7.873790671562323762e-02,3.657293753829741756e-01,6.668050977542341329e-01,9.782889019226186089e-02,4.531384897304163717e-01,9.475478805044816599e-02,2.015086840200241633e-02,3.451435152286861929e-01,4.510624299185385100e-01,3.735384520491734084e-01,3.615410148619413455e-01,3.573405587864726951e-01,-1.631887815391634966e-01,2.441669638707870682e-01,-2.602843102739993766e-02,-2.071135422489360500e-01,3.459869949913532694e-01,2.964131307171655738e-01,2.530933392639203583e-01,4.815733912392897165e-01,1.931433734608915542e-01,2.607569161220842924e-01,3.175443808263719858e-01,1.891673685252807935e-01,1.278815741498414392e-02,-8.549531895595037512e-02,3.806430048205029781e-02,2.100782649012693515e-01,8.317621510184679268e-02,-1.094926132160755211e-01,8.031573532962549278e-02,-9.727162377993882336e-02,4.236971747066282656e-01,3.179178080267643924e-01,3.249433921784259383e-01,7.615941559557648510e-01,2.255445676741030525e-01,6.026048400734077548e-01,9.219328858749663291e-02,2.665768097472268061e-01,3.437783880939566661e-01,3.963501343324290493e-01,5.729668939507599479e-01,3.804361679504343896e-01,1.698157306640376563e-01,-6.717260811416499167e-02,3.688371267464596870e-01,-1.017688901082768882e-01,-6.490349108505424902e-02,4.571321827892196876e-02,3.940829715720262083e-01,2.767901419180214262e-01,5.425541529674787755e-01,1.367232381381232043e-01,5.517310428952839629e-01,4.961331025534559402e-01,2.768801044767104091e-01,1.125047889576754057e-01,1.041141416753116611e-01,2.358018625396417212e-01,9.304784222543945049e-02,9.479358508224275393e-02,3.034832798321189865e-02,3.260000562661636292e-01,-5.873249704662359544e-02,-1.932687698896009831e-01,-1.180018490510345436e-01,-6.712964529629059096e-02,3.094515999920252058e-01,4.881730323589793252e-02,1.499726497259988023e-01,8.569846314780099616e-02,1.363200004415736355e-01,2.724640160855557602e-01,1.866077861746016919e-01,-2.170805908664206196e-01,-9.100942642581456854e-02,8.046683180627595133e-02,1.690676193049289178e-01,1.217935232763238812e-01,-7.827634135379690078e-03
2.962319500924522897e-01,-1.848145223404134077e-02,5.374440568173429744e-01,4.554257548554870860e-01,6.987529860275372151e-01,8.244453721255658174e-02,8.102587249692124738e-01,-9.032791768045768388e-02,5.205534259695389077e-01,2.289175608424560693e-01,5.367850910214632121e-01,-3.103885387071307622e-02,3.484062353238255305e-01,-2.338447216082131797e-01,3.740433052418596360e-01,8.677028639520291409e-02,1.312949997359468823e-01,-4.460575030235170574e-02,-2.798743036096426259e-02,4.883478543036903208e-01,1.721310265685605245e-01,3.945056978915398305e-01,-2.353472797803894956e-01,1.565405521989049475e-01,4.958981118392354753e-02,5.056586210631257294e-02,7.036521379895135375e-01,3.984721505110720430e-01,3.010659235659918775e-01,8.625974887805018532e-03,2.733270673056036326e-01,2.496884492720857079e-02,2.298834641846150550e-01,3.585014719475426714e-01,1.638518041592595120e-01,5.148338951379731743e-01,2.603058864881983014e-01,8.046664037946580361e-01,2.255445676741030248e-01,7.615941559557648510e-01,-1.644736413302175584e-02,5.045167601135266411e-01,2.855746545931675540e-01,5.574854337690360317e-01,9.645058342744732005e-02,6.068783948032399067e-01,-5.340628130807338614e-02,3.548936259525911074e-01,2.796101889356119030e-01,3.339109829414760866e-01,1.532687204546489546e-01,1.971025244402657348e-02,4.981299794487918930e-01,1.730902823317528039e-01,4.196675308204409482e-01,-6.138503274753548920e-03,9.451363967209358563e-02,1.304438825731144558e-01,2.688280484941417137e-01,6.599033184602983715e-01,3.712528748120617617e-01,3.747361644620018084e-01,1.629642094729722435e-01,3.516674374547213433e-01,6.419566887618233242e-02,2.792711112047290833e-01,3.136082118368583305e-01,-1.737803543747298562e-01,-3.221428278385018995e-02,5.492389212435732498e-02,-1.493370234402851583e-02,3.986694313262594824e-01,2.995748910315845781e-01,2.411413001023811342e-01,1.305994160689621930e-01,-5.390849919673409985e-03,1.861824049909324152e-01,5.294910339729285570e-02,4.912914928872757353e-03,3.870269442279229005e-02,1.883404854751392632e-01,1.465072854219398313e-01,5.131805685271174644e-01,1.785436343535179438e-01
-1.215223943454576544e-01,2.988966741482522171e-01,3.658243861613058590e-01,1.167951311862643338e-01,1.148101715654138155e-01,4.330429829754573468e-01,-1.786984935280734044e-01,8.872966620100526391e-01,-1.775281022237828465e-01,3.093934219154498635e-02,3.589139298666499389e-01,5.622840776203310575e-01,8.495986459682700054e-02,7.724029884356843345e-01,2.819026505150768469e-01,-1.951977431272708396e-01,8.865192091323186030e-02,-6.827931785331377290e-02,1.712170398992579057e-01,1.826527376871798503e-01,5.978924999090736714e-01,2.131777294863462235e-01,7.635178923315633082e-01,3.405870959650117435e-01,1.377401139593738555e-01,2.712690704874701209e-01,-1.014093690454506563e-01,-6.122211923639583886e-03,-2.797573766565565334e-01,7.168841303353415406e-02,-4.145640026308695936e-02,2.449881256435872678e-01,-1.589042830133748779e-02,-2.291251077148620252e-01,1.451883630489936572e-01,4.788262518865947781e-01,3.556176859378121224e-01,4.925643161774563572e-02,6.026048400734077548e-01,-1.644736413302176972e-02,7.615941559557648510e-01,-2.460655484350000033e-01,1.829739826064897545e-01,3.030069510283761036e-01,3.588059310630567489e-01,2.804840096859969600e-01,6.734239601583155155e-01,1.111143015066505119e-01,-7.231398188223059353e-02,2.035115223998440470e-01,3.579719975415825996e-04,1.696401628148088148e-01,-5.509707576463147155e-02,5.319608302097369457e-01,1.195227267377492741e-01,7.432964546780007620e-01,4.907416255519946868e-01,3.443677077749009441e-01,3.758880293258895500e-01,1.514027201653167726e-03,5.963292754129813356e-02,-1.723558820690230253e-01,2.464351435781959587e-01,-1.220119816803381593e-02,1.710836186087971722e-01,1.069270820493577884e-01,1.271575835766385887e-01,2.213949847695279860e-01,-1.820367020711853856e-01,-1.939617068790239485e-01,-1.926380756889084500e-01,3.557958722914459360e-01,1.181031342844070797e-01,1.035094327431124173e-01,2.184150898321546852e-01,8.443211011936765931e-02,1.018473550407666406e-01,2.982949795072832311e-01,-2.004422298152593040e-01,-2.450430075364599114e-01,1.721461311679539086e-01,2.803438392108105193e-01,6.758383887622612662e-02,1.456193807098827946e-02
5.490489689777378057e-01,-9.884035439945278168e-02,4.576299134487037401e-01,5.815835653427232910e-02,6.627482088299594398e-01,-1.800900841298871263e-02,4.671888521371370673e-01,-2.655364416582247089e-01,9.266071661736541287e-01,3.840512688412954234e-01,4.409255564817059492e-01,1.265145453742425041e-02,2.964950579944005682e-01,-4.220840717395062947e-01,1.823475623611186258e-01,-1.687401826678001093e-01,3.247626597629511558e-01,2.826605146438886940e-01,-7.933526421431659481e-02,2.560650866624599176e-01,-1.092875019668078096e-01,-3.317578480941595076e-02,-3.945229959957509691e-01,2.440276207427492516e-01,-7.954717325152634022e-02,-7.608275591435167962e-02,3.706278343853069979e-01,5.636474013034532549e-01,8.774972098198637049e-02,1.113005166215817882e-01,5.989143459247626700e-01,-8.130617783856772252e-02,2.071983460300786117e-01,3.919144883097214205e-01,-2.149951155010902323e-02,4.155914310237504017e-01,-1.056774302285450329e-01,6.931110044655671709e-01,9.219328858749663291e-02,5.045167601135266411e-01,-2.460655484350000033e-01,7.615941559557648510e-01,2.451333560481299689e-01,5.570536050127987693e-01,1.389028588965892375e-01,4.618217797948498959e-01,-2.905511598922967953e-01,2.412702626667795058e-01,-1.300336003134111573e-01,1.559365090842749213e-01,-1.658725043999096094e-01,9.705741317608954088e-02,2.343145199031039169e-02,5.451499027654187375e-03,1.863128699568826485e-01,-2.675156188126092682e-01,-4.564429503512115738e-02,-1.533819643674920186e-01,1.319297523069667272e-02,3.736367736467628431e-01,4.745981829101154070e-01,3.693948311065899104e-02,1.788607015302560443e-01,3.069739194412967054e-01,-1.358958394907320844e-01,2.026122934173162637e-01,-1.295915206988413476e-02,-3.739946011007892479e-01,-1.234124844613530281e-01,-1.136588023456717028e-01,-3.450041470877475702e-01,1.569872957762461635e-02,-4.566738886008362905e-03,3.198478219771591080e-01,5.118686347639767042e-02,6.503043870019567518e-02,3.172625098960867376e-03,-2.933866416738566962e-01,-1.828501291960859254e-01,-7.223392818093067602e-02,-8.364080206826055019e-02,-1.096024603124482744e-01,1.702435185239715432e-01,1.901606037634087643e-01
8.130382976599188904e-02,3.412882513833158105e-01,2.480637817475394302e-01,1.520201446922799515e-01,2.379884330414606952e-01,5.410416055024933751e-02,3.084047499369433343e-01,1.752076649719988000e-01,1.416794227432988662e-01,6.616847982314718601e-01,2.319785441416602756e-01,5.682957466109379574e-01,1.791873752569511091e-01,7.968366053452902165e-02,2.449168625471002253e-02,8.635695251366291847e-02,3.146518958305286606e-01,1.901516268370157525e-01,6.705001307071838113e-02,2.625609559403838666e-01,1.747051454145138183e-01,1.961430760924124661e-01,-1.656439053194084729e-02,6.834009633445570220e-01,1.951580380644161172e-01,3.093775291206281031e-01,1.316726196829066109e-01,4.490879954083665804e-01,2.892301148492506385e-02,3.930643809892136464e-01,2.421184950546327319e-01,2.292300223155774863e-01,3.436052043168333903e-01,1.943084057571243806e-01,2.296891204357233984e-01,2.351460265307456221e-01,2.256537492108144360e-01,3.734903747628935955e-01,2.665768097472267506e-01,2.855746545931675540e-01,1.829739826064897545e-01,2.451333560481300244e-01,7.615941559557648510e-01,2.729260958048969066e-01,3.934253460711903405e-01,4.559090838781749699e-01,2.988042700222317549e-01,1.616624369912630088e-01,1.589097750104603857e-01,4.837016263133058769e-01,3.359940901545082625e-01,7.177759531943785076e-02,2.074989554738140007e-01,2.481791924318701159e-01,1.739150343353781103e-01,8.205790985196266540e-02,3.919163520641837373e-01,3.851641992000449100e-01,3.466463116294862257e-01,8.615332093491848142e-02,4.039441667687142523e-01,1.388479712860705984e-01,6.173930853844558087e-01,-2.815652166712197257e-02,3.298729484158264280e-01,3.547495464439351931e-01,3.412769676289353349e-01,2.919995182373216411e-02,2.934869278333742670e-01,1.779560511804853529e-01,1.059228295679992965e-01,3.317762090210361059e-01,1.394253901070689750e-01,5.624688917176562386e-01,5.127069959124013199e-01,2.014013705742322691e-01,2.962804298579474471e-01,8.051884074395913860e-02,9.872207600647699144e-02,1.537485576627731776e-01,3.118008506669895930e-01,3.942883211383703401e-02,3.440505853764632138e-01,6.620160132452178603e-01
4.736427664572815388e-01,2.496391326382850218e-01,8.312679274629901638e-01,9.277763120101746586e-02,7.860047553240782081e-01,1.615563931423514288e-01,4.168236077742549228e-01,2.899995545216899062e-01,6.155994907055335474e-01,2.294007709737997669e-01,9.334465846884576479e-01,2.080907549627992181e-01,2.732207365638534835e-01,2.042969723010925887e-01,4.808860822248382516e-01,1.011395092026513669e-02,2.437296170873847201e-01,2.783052748914821573e-01,3.738717373207590677e-01,3.772438419672956567e-01,4.097919394948266736e-01,2.650253901557946823e-01,9.711178005943671421e-02,2.612184011595261035e-01,1.449700578254470851e-01,1.964418875562147782e-01,5.750798675841993779e-01,5.722757183602242836e-01,2.113305497663915955e-01,2.163402479655117394e-01,3.693847860751083290e-01,2.416842920881173695e-01,2.798574920924159493e-01,3.149200185837864874e-01,2.790823300148819186e-01,7.894118899903309616e-01,1.699014403760040759e-01,7.436846651033225397e-01,3.437783880939567216e-01,5.574854337690358097e-01,3.030069510283762146e-01,5.570536050127988803e-01,2.729260958048969066e-01,7.615941559557648510e-01,1.626465296635463131e-01,5.172690980947223238e-01,1.915130555298827364e-01,4.766107361070510695e-01,9.529680591928663125e-02,1.461610746512335413e-01,1.356388483436783976e-01,4.616501297421512495e-01,2.843745098239006119e-01,4.449410174548623087e-01,3.400541074411065345e-01,2.123030883811450054e-01,2.869677732036811646e-01,1.243762783278876960e-01,3.664268997911273584e-01,5.433537680418988325e-01,5.144915002706732521e-01,1.779955497423510447e-01,2.691462354128826284e-01,2.570711662966048139e-01,6.218385387042230789e-02,3.299765751371663280e-01,2.929562441835365516e-01,7.757299509236316448e-02,1.720698279999689773e-02,-1.963907359780030226e-02,-2.120887190219528928e-01,2.680337778134962989e-01,1.755336951216701913e-01,2.906421380606618587e-01,2.546009929118653314e-01,1.540239597004868510e-01,2.602702803929228814e-01,2.233467916643853968e-01,-6.881674870274019683e-04,-3.622569964149005561e-02,1.390261062633952049e-01,1.226760309833804935e-01,3.575034732200058629e-01,1.427388595755028355e-01
8.784173611465206921e-02,-1.085835797673616321e-02,1.642478157981683007e-01,-5.750121757288648161e-02,1.511753343797777316e-01,1.110979821314133503e-01,7.575698457849179557e-02,3.363758392457819602e-01,5.752980205359779081e-02,2.735339594022592746e-01,1.860881833724892243e-01,4.802361566037245955e-01,1.315916836109785049e-01,7.489814836803723730e-02,1.440478861816388012e-01,-1.949171140820026016e-01,3.128765703531817821e-01,9.587169838681817990e-02,-2.119875593178982207e-02,2.265627092851065505e-01,1.000753423157602906e-01,1.432882147873929812e-01,6.703175159702300101e-02,4.820934357854452790e-01,1.178949129645721905e-01,2.030437603927410239e-01,-1.840946174709308727e-02,1.868386209026099143e-01,-1.805503142907987912e-01,1.180254916857152586e-01,1.533350390870837632e-01,2.816270928860769782e-02,-1.927585440449238602e-02,-1.292643958304114105e-02,-1.251036170585700380e-01,1.812604332732842272e-01,-1.508708441855995397e-01,2.035002404781708907e-01,3.963501343324290493e-01,9.645058342744726454e-02,3.588059310630568044e-01,1.389028588965892930e-01,3.934253460711903960e-01,1.626465296635463409e-01,7.615941559557648510e-01,3.120747850052210115e-01,2.119884921319384607e-01,9.876429387821411207e-03,1.468287270291313007e-02,1.809955021634205574e-01,3.899532948286823369e-02,2.525259274464268164e-02,3.266259565136536702e-02,3.231661933250276619e-02,1.893172244006197935e-01,1.167553142690505169e-01,3.396984645805473657e-01,2.634929276371256179e-01,2.392332378109127689e-01,4.459659018911718564e-02,1.925744594956572686e-01,-1.237276642510906077e-01,3.342639540735601877e-01,-1.429459047777782493e-03,7.819717204991402659e-02,9.867704641968981505e-02,1.316595519797196523e-01,-1.709580489011577054e-01,-5.358840853168416601e-02,-1.930039221991486018e-02,-1.646643791162878678e-01,1.706595576694175664e-01,-1.611873786862598468e-02,1.907585849059455219e-01,3.011414214152446367e-01,1.049204947089680262e-01,1.782573072695989025e-01,-1.120920666673435456e-01,-6.161519319198202616e-02,-4.485483064891158944e-02,8.518234811765529324e-02,5.075144953675533172e-02,6.549493751512507067e-02,1.499310031221451067e-01
3.958575321052418827e-01,1.376811771460831613e-01,5.338117691154166122e-01,2.597019443656441440e-01,6.018744739315290415e-01,3.642782234724291635e-01,5.222065476153391339e-01,1.911733550964728745e-01,4.546469341270071296e-01,2.799775440710455809e-01,5.026952016412606916e-01,3.556328791702438319e-01,5.742359848040541337e-01,1.654766744080000962e-02,2.534612141119182982e-01,-4.708078598730093545e-02,3.309844838129524236e-01,1.158399300424731160e-01,1.308998764205506204e-01,4.462903383097487908e-01,2.183112739127184565e-01,2.750259847588167328e-01,3.161443048244252235e-02,3.802126257274734411e-01,2.932485007485879924e-01,3.223921687607171349e-01,4.358393085314700710e-01,4.356295411928304828e-01,6.262257984073200945e-02,1.172491268690409177e-01,5.061086101038384522e-01,5.881893650838734139e-02,1.601681796483913345e-01,3.626645732084047280e-01,6.963366237144807958e-02,5.605845916617112623e-01,2.247722699393581436e-01,6.088600266301271713e-01,5.729668939507598369e-01,6.068783948032399067e-01,2.804840096859968490e-01,4.618217797948498959e-01,4.559090838781749699e-01,5.172690980947223238e-01,3.120747850052209560e-01,7.615941559557648510e-01,1.652802453594152399e-01,1.916666447619823910e-01,5.766265293052390967e-02,4.937006312711575973e-01,6.238043734765761489e-02,1.820093640931396972e-01,1.955131711853268783e-01,3.120181838241952166e-01,3.448595188647772258e-01,1.562303087266949664e-01,1.454739950775631452e-01,4.861992250948087291e-01,4.676063830041753411e-01,4.255379808284043830e-01,4.404219648120717978e-01,2.443531553998778971e-01,2.843515008852751658e-01,1.883154895760218994e-01,1.689727931484755197e-01,2.323801231326604322e-01,4.286659141741718804e-01,-1.227122974165328617e-01,-3.550994843352189845e-02,5.232682363803844994e-02,7.368823105918742566e-02,3.841846605101989498e-01,1.427017053667181956e-01,3.427745877482213932e-01,1.891804839762694923e-01,1.916348592573215714e-01,3.453333220054470298e-01,5.739929328361401129e-02,-1.039266944149053878e-01,8.190404604023893143e-02,2.479976186881695799e-01,1.029643360598835738e-01,3.528078296764271538e-01,2.435406466651511836e-01
-1.648815417023734853e-01,3.676529938914114837e-01,2.193965569606131372e-01,1.061772729104055180e-01,4.907152570339425035e-02,1.180265128137630848e-01,-1.870266132742163523e-01,5.047571481366904811e-01,-3.167130599218370146e-01,5.799202429069773290e-02,2.562403413583503875e-01,4.292502287560182594e-01,-1.118479652079276687e-01,8.019531406645991067e-01,3.352027477557864565e-01,1.360611104115536929e-01,1.001447295779469421e-01,3.212134627210327248e-02,2.955321745347675444e-01,3.795211982635237069e-01,5.158993311563002671e-01,5.056698936142576262e-01,4.473685066151804057e-01,4.380788026260673540e-01,4.784256939815256099e-02,3.108013960226318484e-01,-2.278390993376225304e-02,6.045730546498906920e-04,2.551376861150991826e-02,1.527001972786360129e-01,-2.506798372818273557e-01,2.221619645992760905e-01,1.910228957598586186e-01,-4.870520602510368391e-02,2.632142556703530034e-01,4.022196164359266302e-01,4.172173826191987178e-01,3.263473452526585716e-02,3.804361679504343896e-01,-5.340628130807335838e-02,6.734239601583155155e-01,-2.905511598922966843e-01,2.988042700222316994e-01,1.915130555298827086e-01,2.119884921319384607e-01,1.652802453594152399e-01,7.615941559557648510e-01,1.787224011926348832e-01,2.714647336401297961e-01,2.374684739646976128e-01,3.775558787290372309e-01,2.954745047208068298e-01,2.905136802625862824e-01,4.045184772424197384e-01,3.543596536210918968e-01,5.776348762321549257e-01,5.674151118267237726e-01,2.981270195927658295e-01,4.876219729187982188e-01,1.686730107341255502e-01,5.359704791893695613e-02,1.062933988939072510e-01,3.490538418534093190e-01,-2.740887694305741973e-01,2.012919779307572599e-01,2.560540457633366240e-01,1.578388354537222094e-01,3.462753870886121077e-01,6.466276188324494856e-02,1.012147623616016373e-01,8.084453187443410571e-02,3.694993289391125812e-01,3.356343147524680215e-01,1.009130205755655874e-01,3.518610526474753031e-01,1.731587983410048381e-01,-1.505978134124880477e-02,4.784996416681506770e-01,4.812384001037622872e-02,-7.316756460579222111e-03,2.736466466917664708e-01,4.035925631520362877e-01,2.875439012759974933e-01,1.458603655773979546e-01
1.525718251629260003e-01,4.413514435706914485e-01,4.682525489774799765e-01,-1.581363802444304412e-01,4.466963928411268880e-01,-6.062867956145423509e-02,1.542918876290799712e-01,7.015302704391887523e-02,2.448852930776744541e-01,-7.383407646697558169e-02,4.588150299606234550e-01,-5.487503255319108042e-02,-1.804176956004438226e-01,1.976076254769152940e-01,8.097240051654248649e-01,4.513205362250676672e-02,-1.938460442168226938e-01,-1.640715055253589294e-01,-6.983638117578988558e-02,6.147990008889168134e-01,4.225177538264612287e-01,5.885858762329714278e-01,1.309892295461919931e-01,7.387245919986622222e-02,1.066245265279696514e-02,2.086003454396993251e-01,6.729590003445543589e-01,3.424556119162561751e-01,6.218377494432439923e-01,1.566803765825272587e-01,2.822361651313582964e-01,4.795926079694098343e-01,5.451562538173714278e-01,1.951274242783035962e-01,6.289998958309492849e-01,3.958247824697931350e-01,2.506544729099869917e-01,4.401731574300440930e-01,1.698157306640376563e-01,3.548936259525911630e-01,1.111143015066505535e-01,2.412702626667794781e-01,1.616624369912630366e-01,4.766107361070511250e-01,9.876429387821432024e-03,1.916666447619823910e-01,1.787224011926348555e-01,7.615941559557648510e-01,3.923192918936061480e-01,-8.021055469336281496e-02,1.697082980636653027e-01,-1.320932225629790624e-01,5.917023046217594340e-01,6.329867078517432688e-01,7.267640073033950765e-01,3.629236747656393591e-01,2.606089985308766566e-01,1.023874898618213347e-01,6.324078863397764039e-01,6.041663627590754260e-01,5.112851058332348320e-01,5.409519894940474360e-01,1.153393400535795421e-01,-8.455632499642208935e-03,4.859654334751208893e-01,5.580205835204526954e-01,3.601132404824267108e-01,2.850702863325150771e-01,2.591573770651683928e-02,1.229342255250151922e-01,-1.393120196975581315e-01,-1.826334428388314002e-01,-1.178656430939098859e-01,1.292208893204873921e-01,1.552709429806732877e-01,4.183007464895008298e-02,3.119959679431909549e-01,4.406021253643748192e-01,1.199383270533324088e-02,2.244199610299398018e-01,-2.371251754462868483e-02,-5.726664663052484505e-02,3.625068398984704343e-01,1.416886135418518045e-01
7.162058154574037216e-02,4.482216793062530624e-01,4.811775574445958242e-02,-3.584887874527630577e-03,2.272181450759019339e-01,-2.614097714069111289e-01,1.960435751420056827e-01,-5.123395138794700765e-02,-1.365939220381517383e-01,-5.824011548416250378e-02,8.095360831788951661e-02,9.424911152882362378e-03,-2.759579053203239929e-01,3.230293571369927119e-01,2.072407431942985268e-01,3.071134611847755602e-01,-7.941738622992686181e-02,-1.058686114093512903e-01,-2.318937176897545027e-01,3.161647659967301016e-01,2.896616701996882481e-01,4.719343380475528593e-01,-1.701457377506937485e-01,1.668947753275928092e-01,-1.594577996307278839e-02,7.240036197883462088e-02,3.480682686441897711e-01,1.915846520481761239e-01,5.456582409578460968e-01,7.062258809807527536e-03,5.472048113752140536e-02,3.428220703247396028e-01,5.156908916004548926e-01,3.454109310255513293e-02,7.005467354193758434e-01,-6.072134792456754943e-02,3.208728902733891108e-01,2.242528580270357064e-01,-6.717260811416500554e-02,2.796101889356119030e-01,-7.231398188223057966e-02,-1.300336003134111573e-01,1.589097750104604134e-01,9.529680591928657574e-02,1.468287270291315783e-02,5.766265293052392354e-02,2.714647336401297406e-01,3.923192918936061480e-01,7.615941559557648510e-01,1.432201531442159337e-01,7.074105607432599196e-01,-3.364474719013696435e-01,7.419260638105911188e-01,3.923520340567377973e-01,4.781501111630421796e-01,-2.101201160339249280e-02,4.009479253590709780e-01,2.619869465339874082e-01,3.813146762310878901e-01,4.613114031075944421e-01,3.070734416397751798e-01,7.353175646412692945e-01,7.082233562501337454e-02,-5.056721190651425335e-02,4.333359685916414739e-01,6.120735140485373815e-01,3.350511802435874320e-01,2.140558724760664444e-01,3.072215713878044818e-01,2.388217065894480129e-01,2.188115350331848452e-01,9.328562778877676209e-02,3.066673410812448264e-01,2.054877980120052849e-01,3.487312675941213191e-01,9.583940703115419180e-03,8.037977852106244214e-02,3.385427588287235889e-01,3.346084402790400203e-01,4.849385010001280305e-01,-4.092562721287276023e-02,2.252420304389593786e-01,4.110272411292840156e-01,2.321952237606715874e-01
1.776137500804755853e-02,-1.090179260957695531e-02,1.656377655982792518e-01,1.606617207468680752e-01,1.878737732830463858e-01,1.926459822920606746e-01,3.264853062664017647e-01,1.806575891113901544e-01,1.752949084806599556e-01,2.023325650136764686e-01,1.482288985055034980e-01,3.300273918019713260e-01,2.889680892005099255e-01,2.257730406565532089e-01,-2.197940547195823685e-02,2.321806924505057379e-01,5.136362543105771339e-01,2.821999444769625609e-01,-1.155272422919566555e-01,2.090269184724307394e-01,2.768845807324045172e-01,7.387498562442881833e-02,-1.648878640618297586e-01,2.572129767411161505e-01,3.233529838156478653e-01,2.396459603067862820e-01,1.129401502820223252e-01,2.276053533550354835e-01,4.669802267309613314e-02,-2.584829590944996425e-01,1.351200257187154530e-01,-9.903546819724572126e-03,8.015138945722420638e-02,-8.464343398310818223e-02,2.453537502378956223e-02,1.784177091949362137e-01,1.408785779720343190e-01,2.998365726454617630e-01,3.688371267464596315e-01,3.339109829414761976e-01,2.035115223998439637e-01,1.559365090842748935e-01,4.837016263133058214e-01,1.461610746512335135e-01,1.809955021634204186e-01,4.937006312711575973e-01,2.374684739646976128e-01,-8.021055469336281496e-02,1.432201531442159337e-01,7.615941559557648510e-01,3.819185019974212225e-01,-7.136231126697042959e-02,2.297339141207874746e-01,2.838965253295941960e-01,8.796972124080429389e-02,-4.271424712601668700e-02,4.772497068040690293e-02,5.585774901421940442e-01,1.787240930288482021e-01,2.192960878991098428e-01,2.476673776151072370e-01,2.234477384464831906e-01,1.209274750000062237e-01,1.988099827943837217e-02,2.661899496493234096e-01,1.024497314764758332e-01,1.657802305768997231e-01,-4.857244250416880432e-02,1.143500698059872617e-01,-1.132120900901412569e-01,-7.848562646718866553e-02,4.240488201946878144e-01,1.435995251693923114e-01,9.760121092492625439e-02,8.396781942894969430e-02,-2.930675469436268971e-02,1.592711440116542920e-01,4.372054464675160373e-02,-8.618608223801306478e-02,-9.558950907091356974e-02,-1.787602870190869719e-01,1.664455016595247083e-01,2.118487385329251294e-01,1.133135526849059216e-02
8.257810838212886750e-02,4.878434221628158984e-01,2.035408023810953912e-03,7.058990178860789777e-02,1.686750854584630477e-01,-2.966985085369640562e-01,1.506587961982719381e-01,8.368393699656453966e-02,-1.567610204110904681e-01,5.950500171236932506e-02,9.918527546285339780e-02,1.102847422928862620e-01,-2.161591053311222588e-01,4.694772110932713405e-01,1.600582019418682334e-01,5.655494475846590818e-01,1.211286506605529188e-02,7.793854165165400860e-02,-1.167854789740850469e-01,3.008329222770861899e-01,2.453477708636104260e-01,3.824777959546806771e-01,-1.572932369544448872e-01,2.595132589031244330e-01,7.208819053824171152e-02,2.132855371716256276e-01,1.547493229238316725e-01,3.212148653775768192e-01,3.534196185326558548e-01,-1.818475528101358152e-01,4.860893684448981678e-02,3.089696454495248212e-01,5.049722184112326318e-01,2.206257464068419327e-01,5.838949551994733200e-01,4.367399422578317758e-02,2.374572152182270190e-01,1.211147941964638014e-01,-1.017688901082769298e-01,1.532687204546489546e-01,3.579719975415825996e-04,-1.658725043999096094e-01,3.359940901545082070e-01,1.356388483436783976e-01,3.899532948286819206e-02,6.238043734765764264e-02,3.775558787290372309e-01,1.697082980636652472e-01,7.074105607432600307e-01,3.819185019974212225e-01,7.615941559557648510e-01,-1.610930456456404203e-01,5.268608605293654268e-01,2.186346710202423105e-01,3.021533332974185027e-01,-8.801591218449358878e-02,4.544714045682756165e-01,3.389947888325869352e-01,3.120233256826778767e-01,2.957218449431232021e-01,3.510892164270547067e-01,4.958930536685391965e-01,-1.252830851545834734e-01,-5.663559613921422681e-02,3.912764479115312111e-01,4.327085179799303183e-01,2.777582953366504182e-01,3.347861543716634247e-01,2.966622784170524496e-01,1.059513159779436886e-01,2.062982246630794270e-01,2.678226319262964061e-01,2.748565390633357364e-01,1.785123338734683623e-02,2.643614707114473883e-01,1.833968082559150614e-01,1.191245999269924943e-01,3.677728212078313352e-01,3.502736639791570461e-01,2.589026433672398375e-01,-4.063975503684474216e-02,3.048654493597105497e-01,2.427231391171967567e-01,1.130799273721631859e-01
2.374914496273972109e-02,-2.193646914565350603e-01,3.582751924564159807e-01,3.516084690883445885e-01,1.829221543308648668e-01,1.664529162627993719e-01,1.935441463431745168e-01,2.472618503663661094e-01,1.509660187941451737e-01,2.615905720091097342e-01,4.089791211454197883e-01,1.856110255716142410e-01,2.653167093200776705e-01,2.419353988346581996e-01,-2.962759100528991954e-02,-1.589861564048518361e-01,3.781248434705252182e-01,1.368357766725846747e-01,8.687725716141356802e-01,-4.517994685815383826e-02,-9.835831167344206982e-02,-1.023408416752313449e-01,3.648949287794917701e-02,2.140730166078360364e-01,-6.997972981862499164e-02,5.429525045794907773e-02,-9.905378080202992264e-02,2.615091328222877154e-01,-3.251891901036524368e-01,3.000035111765366191e-01,-1.417550173882992925e-01,2.225703247219336656e-01,-3.972931602567147946e-02,5.758884275507619027e-03,-2.575590827863960541e-01,4.992931574557878394e-01,1.280776180299069908e-02,3.862300660289719190e-02,-6.490349108505424902e-02,1.971025244402657348e-02,1.696401628148088425e-01,9.705741317608961027e-02,7.177759531943786464e-02,4.616501297421511940e-01,2.525259274464271633e-02,1.820093640931396972e-01,2.954745047208068853e-01,-1.320932225629790346e-01,-3.364474719013696435e-01,-7.136231126697036020e-02,-1.610930456456404203e-01,7.615941559557648510e-01,-1.910207597299651561e-01,-2.051743569339303519e-01,-1.157010965357413157e-01,-4.999758464161376675e-02,1.130412631104039806e-01,-2.388114264702649592e-01,-4.192576643251934299e-02,-2.317543624524219803e-01,6.440383135182992103e-02,-3.806948267437164080e-01,1.879955686510238200e-01,1.105838713365623477e-01,2.200908002196527019e-02,-1.069595663286903864e-01,1.493632055464010067e-01,-4.785988058575062210e-02,-1.646104077711438851e-01,-2.248749625713893641e-01,-7.017552698232022712e-02,3.357417630265952524e-01,1.418831196692102725e-01,-4.313265970104077085e-02,2.393060826650804940e-01,1.703801124020669078e-01,1.694958330659041279e-01,-5.457337992989515912e-02,-6.923696384927442715e-02,-2.928101720396453778e-01,3.172314294643725080e-02,1.846006708775908001e-01,-7.633523181767831733e-02,-8.823099394077722757e-02
1.499346106199596629e-01,2.523130745025496391e-01,3.000705434697849006e-01,-1.111534630745272673e-01,3.788052156777199642e-01,-1.994594580694212527e-01,4.071065346291426468e-01,-9.829682183891817748e-02,9.629225497694664238e-02,-6.555639876103430685e-02,2.698303207729749742e-01,-6.265327113341677412e-02,-1.583030753546870451e-01,2.478296798649994859e-01,3.201381358294478896e-01,1.409900683941595345e-01,-4.374568600488652759e-02,-6.380363842152016185e-02,-1.126815422876796813e-01,4.880722202000112309e-01,2.563789454384567956e-01,4.492708703026387917e-01,-2.591423935290450564e-01,5.916572354766441028e-02,-2.198587933460791413e-02,1.267696110370969756e-02,5.755368693445533923e-01,4.287473169503890902e-01,7.563640245038950605e-01,1.034388666089727515e-01,1.598769209821463144e-01,4.651135094713860774e-01,5.598310939851237622e-01,8.207264235845325440e-02,5.995403985915739309e-01,2.086652965675445670e-01,2.052742823480310230e-01,4.070921584812779992e-01,4.571321827892196876e-02,4.981299794487918930e-01,-5.509707576463147155e-02,2.343145199031036394e-02,2.074989554738140007e-01,2.843745098239007230e-01,3.266259565136536702e-02,1.955131711853267951e-01,2.905136802625862824e-01,5.917023046217593230e-01,7.419260638105911188e-01,2.297339141207875024e-01,5.268608605293654268e-01,-1.910207597299651838e-01,7.615941559557648510e-01,3.872089614297954396e-01,5.842304899652736028e-01,1.546759671689373200e-02,2.830749930478597132e-01,1.693402472819970916e-01,3.359340104840863872e-01,7.022343507792236927e-01,5.375565225965397431e-01,7.582049178931157263e-01,1.539837580396110350e-01,1.669326211696972317e-01,5.431660336437125203e-01,6.921756770890408195e-01,4.210433932057524031e-01,2.058834244187459361e-01,1.314202256460986484e-01,1.582245549118755368e-01,-7.808331780178147732e-03,-1.596359177527240381e-01,2.222744844495843503e-02,1.171382534962110838e-01,1.427554858848815444e-01,1.326080165209249928e-01,2.365251286234376360e-01,3.089773454645769468e-01,1.524086384094721081e-01,3.472256629010198603e-01,-1.497764538476880902e-01,3.528316373620887791e-02,4.610539647546197384e-01,1.609212106708581558e-01
1.486598398797365356e-02,6.702194793824191033e-01,4.290804967959488958e-01,3.355586455784565717e-03,3.685948244541369934e-01,1.934205595931093036e-01,7.662268337397561135e-02,5.446468290904263876e-01,7.166562993454685115e-02,9.075642692250449062e-02,4.051931939602530508e-01,2.113224748583205359e-01,3.980502788337342973e-02,5.065633162406870671e-01,5.453932849798470706e-01,1.950636332837122344e-01,6.423531294683200443e-02,3.853779440832670600e-02,-1.640344450087526940e-01,4.325981884068439975e-01,8.093087332929378430e-01,5.337970355006952383e-01,4.600911158911623611e-01,3.822300581161877098e-01,3.751173651619447713e-01,3.646764959152132279e-01,4.829968577103958549e-01,2.287385922145996064e-01,3.093785329350799973e-01,-1.024736611687845217e-01,2.463796493466784143e-01,3.895960363661526427e-01,5.262371941846104573e-01,-2.424794782061051590e-02,7.254653198782412549e-01,4.236129997537692038e-01,4.937823621206240965e-01,3.304793937349941868e-01,3.940829715720263193e-01,1.730902823317528039e-01,5.319608302097369457e-01,5.451499027654242886e-03,2.481791924318701437e-01,4.449410174548623087e-01,3.231661933250276619e-02,3.120181838241951611e-01,4.045184772424197384e-01,6.329867078517432688e-01,3.923520340567377973e-01,2.838965253295941960e-01,2.186346710202423105e-01,-2.051743569339303797e-01,3.872089614297954396e-01,7.615941559557648510e-01,5.091677339213858122e-01,5.814575679076940951e-01,5.713546660098570706e-01,4.942887848336863788e-01,5.976713658999335266e-01,4.820090977285281797e-01,3.428578074755831984e-01,4.968825978835316182e-01,1.906160606378057842e-01,-2.183597258086208970e-01,4.703683786122138666e-01,5.528577307026129040e-01,3.277077839032894180e-01,2.550718247416299822e-01,1.473086982803273604e-01,1.070480717904382512e-01,9.104766460898737479e-02,2.330805925313828852e-01,1.455077047391706568e-01,3.023276483776218271e-01,2.742187602096998744e-01,1.114582105524704325e-01,3.211943726091160967e-01,3.752440793377817552e-01,-1.443911025126205956e-02,1.537243995412531095e-01,1.266384437577107447e-01,2.037626378972248464e-01,2.735932829203457373e-01,2.915998279589961939e-01
3.624301067277462818e-01,2.679893472686211697e-01,3.820517312593435522e-01,-1.045877554935259884e-01,4.469850661841789918e-01,1.242309708929389689e-01,3.149827696459204240e-01,1.274180426867090876e-01,2.003169401273061923e-01,4.508198475835319130e-02,3.819839668248398157e-01,1.413492459634757004e-01,1.164374913868766043e-01,3.057354647475740705e-01,6.781169500196329025e-01,1.096695938981726154e-01,1.093196618965782962e-01,2.999521033022008870e-02,-1.326543164992081136e-01,9.288762852415221039e-01,4.574380019843826140e-01,7.997816195683832285e-01,-6.668738769957525958e-02,2.450842055908936390e-01,-3.587369311511520720e-02,2.483672883797333475e-01,3.778087261977144951e-01,5.109440501787566591e-01,5.506474721970758823e-01,2.419763896443080653e-01,2.193216417110178673e-01,6.072445419547063405e-01,5.763244037308618006e-01,3.667200061097973807e-01,4.885561363154202197e-01,4.005539787252095918e-01,2.842774895809041524e-01,4.401167987996536524e-01,2.767901419180214817e-01,4.196675308204410593e-01,1.195227267377492603e-01,1.863128699568826763e-01,1.739150343353781103e-01,3.400541074411065345e-01,1.893172244006197935e-01,3.448595188647772258e-01,3.543596536210918968e-01,7.267640073033949655e-01,4.781501111630424572e-01,8.796972124080429389e-02,3.021533332974185027e-01,-1.157010965357413435e-01,5.842304899652736028e-01,5.091677339213858122e-01,7.615941559557648510e-01,8.114038160195516380e-02,3.478904549949877190e-01,2.326813073445162597e-02,6.341491337734367351e-01,4.232981344125851808e-01,7.089221497993775101e-01,4.035412364020246612e-01,1.710805984040526806e-01,1.065398579915180222e-01,6.740983838204518408e-01,7.006982776799671742e-01,3.759892999944012271e-01,2.440862352348551478e-01,-3.141192283677046032e-02,4.304905773166078919e-02,-2.108900557689547262e-01,1.000550850365974076e-01,3.662035513898321409e-02,5.641398698675136741e-02,1.476212709719271210e-01,9.521927712691122259e-02,3.165144313365506612e-01,3.513915221496894392e-01,-9.681210623688865646e-02,1.756532619459021394e-01,-1.144887870197846547e-01,1.586982194211017660e-01,4.383599557080670728e-01,8.359681563174677088e-02
-2.309517130383033634e-01,3.395000458564992329e-01,2.902981639200671315e-01,5.293857942256535026e-02,1.421434948037609836e-01,2.313580151242047300e-01,-1.680329726341473207e-01,5.773557049115017881e-01,-2.040071630233024624e-01,-8.562199059601850737e-02,2.268817645994964383e-01,2.852802777178929383e-01,-1.442051982689758205e-01,6.101235847122247202e-01,3.281847813923062795e-01,-1.807530738281082627e-01,-1.638173104335113317e-01,-1.927106888037916077e-01,-2.039557454655694518e-02,4.697900573736166208e-02,4.461179508638090097e-01,1.630375005924121212e-01,8.059249768265906999e-01,1.575594269934122438e-01,1.367164375114857389e-01,1.926110693557559206e-01,1.286978477412999144e-01,-1.342159478022349473e-01,-1.201190988172196605e-01,7.817962658812212251e-02,-1.489845819420009335e-02,2.265085602098856066e-01,1.436331289265613091e-02,-1.288307218220435535e-01,2.486624399496245585e-01,3.851768552685488900e-01,4.295388347903101867e-01,6.227827521953624434e-02,5.425541529674787755e-01,-6.138503274753548920e-03,7.432964546780004289e-01,-2.675156188126092682e-01,8.205790985196265153e-02,2.123030883811449498e-01,1.167553142690505308e-01,1.562303087266949941e-01,5.776348762321549257e-01,3.629236747656393036e-01,-2.101201160339247892e-02,-4.271424712601671475e-02,-8.801591218449364429e-02,-4.999758464161379451e-02,1.546759671689370425e-02,5.814575679076939840e-01,8.114038160195519156e-02,7.615941559557648510e-01,3.713962929132701429e-01,3.954165180879932184e-01,3.990494400761702698e-01,1.481327880472373126e-01,-4.025849987485390080e-02,2.976291413555780599e-02,2.057098311951559289e-01,-1.471798625579890940e-01,5.746719782127974324e-02,7.797858409625439691e-02,2.410805756130702249e-01,1.828492418946020825e-01,-5.728342267306196778e-02,1.325315583581733458e-02,-6.062105137991603138e-02,8.006904835051714686e-02,1.436401218838940785e-01,1.387911460429000488e-01,8.672081264840669768e-02,1.499693714416983348e-01,1.520672445805656137e-01,3.373522923238961302e-01,-8.442641655619985419e-02,-1.520013309533853503e-02,2.706444385766682559e-01,9.971838251979839307e-02,7.848372760118464686e-02,1.232572943770820079e-01
3.968530655982580729e-02,5.989984514647813674e-01,2.135422112125585914e-01,1.221182002536229105e-01,1.093738040551342633e-01,-1.452844693484234284e-01,-3.738245479666736648e-02,4.269192876698079120e-01,-7.394512257290611346e-02,2.921940336874555011e-01,2.944732649188822049e-01,2.378161986379159210e-01,-1.665895088122348044e-01,3.780611142992212903e-01,2.335748984304040488e-01,1.076968040481730560e-01,2.019897186056680578e-03,6.911267742335218400e-02,1.726214359301623535e-01,2.539256549772513361e-01,5.192514354054506009e-01,3.239816618716880869e-01,2.538953803190066583e-01,7.268086113220457722e-01,1.393785350692942349e-01,2.256352191788039141e-01,4.963707023677268321e-02,2.817126933488364737e-01,2.128688265266296675e-01,7.485805208231448293e-02,7.884864212569187014e-02,4.512250124362426340e-01,5.045013203981587591e-01,1.115270636717472820e-02,5.477864101833594956e-01,2.614529602258299779e-01,2.930228090644784178e-01,1.270317570928019557e-01,1.367232381381231487e-01,9.451363967209361339e-02,4.907416255519946868e-01,-4.564429503512116432e-02,3.919163520641837928e-01,2.869677732036811646e-01,3.396984645805473102e-01,1.454739950775631174e-01,5.674151118267237726e-01,2.606089985308766566e-01,4.009479253590709780e-01,4.772497068040690987e-02,4.544714045682756165e-01,1.130412631104040222e-01,2.830749930478597132e-01,5.713546660098570706e-01,3.478904549949877190e-01,3.713962929132703650e-01,7.615941559557648510e-01,2.911777282466219141e-01,3.799267095944479644e-01,9.541626265752196911e-02,2.965218843482068101e-01,2.782102280879528711e-01,2.153340021612811794e-01,-2.126732614004259170e-01,3.441359952974549774e-01,5.163651104185124074e-01,3.271389774710336540e-01,3.856827497201018584e-01,2.513167867871559102e-01,1.820572560047400146e-01,1.864035373190029155e-01,1.952537694488403752e-01,1.373340644036717129e-01,1.985251583633026728e-01,4.531845005331169851e-01,2.074833350509718843e-01,2.351822920408445927e-01,3.123353500746035571e-01,1.583402851966411728e-01,2.037670753519249256e-01,3.423611197143772156e-01,2.126448617839855892e-01,1.050328017449005114e-01,2.137924947960342104e-01
-1.101099053344342243e-01,3.126680886410238558e-01,7.826339916488383314e-03,2.834706688523061166e-02,1.024698346206239785e-01,2.913728555096133377e-01,8.206078539225314383e-02,2.634558742539662712e-01,-1.289393549619117507e-01,1.269142662757417050e-01,6.110628797201299311e-02,3.006832848963029159e-01,1.863411594177206698e-01,3.475494949259166910e-01,1.202140652767658413e-01,2.158653910005407239e-01,1.706963444418300724e-01,1.171172685938233760e-01,-2.318104966329606054e-01,-3.928982118802999690e-02,2.944419409341304528e-01,1.163421240494875442e-01,2.556038006990080103e-01,2.433181748698354796e-01,5.353437905619007342e-01,4.419605776929667051e-01,1.770967119618255536e-01,7.354572577411845613e-02,-4.839781150957965516e-02,-6.915851449898099967e-02,1.997713285888126633e-02,5.926280328079275989e-02,2.611403176216853250e-02,6.364667109266128331e-02,2.780574226489537781e-01,1.780755396190351197e-02,3.709127948906007499e-01,1.102038225339659477e-01,5.517310428952839629e-01,1.304438825731144835e-01,3.443677077749009441e-01,-1.533819643674920186e-01,3.851641992000449100e-01,1.243762783278877793e-01,2.634929276371256179e-01,4.861992250948087846e-01,2.981270195927657740e-01,1.023874898618213763e-01,2.619869465339872971e-01,5.585774901421940442e-01,3.389947888325870462e-01,-2.388114264702649037e-01,1.693402472819970639e-01,4.942887848336864898e-01,2.326813073445163985e-02,3.954165180879933295e-01,2.911777282466219141e-01,7.615941559557648510e-01,5.115780749316919396e-01,2.470455625926893939e-01,7.874387374845601140e-02,3.830028928397756771e-01,3.740950757504785118e-01,-1.979592552199618272e-01,1.439068990938232040e-01,7.540006252844898282e-02,5.373531239682346472e-01,1.775593525602408573e-01,3.860425876980906890e-01,2.297998497946533991e-01,2.757496403567515353e-01,9.921909641719164896e-02,1.898332923545371365e-01,2.140413556234284920e-01,1.899207889511075886e-01,1.431345042483005703e-01,4.016605701175754439e-01,2.782552207263469524e-01,2.068161904824941388e-01,3.067430998670518383e-01,7.472011074816140019e-02,-7.464507102205499012e-02,6.249809960596069969e-02,2.234190783024012361e-01
-3.093302284045109079e-03,4.665785100115630857e-01,2.183929715045040132e-01,7.994020932822495928e-02,2.270271681480823811e-01,2.836126659725567989e-01,9.134610118198767392e-02,2.843572048524948825e-01,-1.040699960632536919e-01,1.057768785004204737e-01,3.096436632849057791e-01,3.037328864481087520e-01,1.409896228716087940e-01,3.354138927205855270e-01,6.801931538824915746e-01,2.552721559552804664e-01,2.028097234788156858e-02,5.323683049756996327e-02,-5.298365177656444436e-02,4.728849347568867545e-01,4.949124064994964711e-01,6.375720330708360972e-01,2.513872215733224391e-01,2.884886334406907005e-01,3.014540379006520054e-01,6.576932077788945064e-01,2.932103951566500388e-01,1.947563692203301555e-01,2.445128266657287941e-01,2.202144735789781926e-01,2.394276503351484564e-01,3.501088225482653637e-01,2.771128304501936368e-01,3.780255323645339005e-01,5.076236137368662638e-01,3.013681566193437411e-01,4.188899662994685080e-01,2.206828910331809224e-01,4.961331025534558292e-01,2.688280484941417692e-01,3.758880293258895500e-01,1.319297523069667272e-02,3.466463116294862257e-01,3.664268997911273584e-01,2.392332378109127411e-01,4.676063830041754521e-01,4.876219729187982743e-01,6.324078863397764039e-01,3.813146762310878901e-01,1.787240930288482299e-01,3.120233256826778767e-01,-4.192576643251931523e-02,3.359340104840863872e-01,5.976713658999333045e-01,6.341491337734367351e-01,3.990494400761702698e-01,3.799267095944479089e-01,5.115780749316919396e-01,7.615941559557648510e-01,3.191763849420629628e-01,3.505073695459318683e-01,3.289033953358934670e-01,2.771521837268237087e-01,-1.032055201098262959e-01,4.356614991087054967e-01,3.838277968268397067e-01,5.744079494810326869e-01,3.992171475832165806e-01,3.023085188663588441e-01,3.038626187013017677e-01,1.267165827674959222e-01,-1.425602778526738508e-02,5.368184357304860849e-02,1.752187266750562522e-01,2.653882416728702287e-01,1.965176246903396762e-01,4.604250212275711185e-01,5.303624156037698434e-01,1.365438759427401449e-01,2.535669976362743272e-01,2.840492358302676990e-01,-1.700545861043691737e-02,1.651695871949180605e-01,1.679572592148450838e-01
2.825653240495595298e-01,1.185803615784086218e-01,4.483895515220914230e-01,-2.686717815070088777e-02,6.522038620170179657e-01,-1.083214438714825562e-01,5.039228909943773704e-01,-7.260892870913106256e-02,4.357636018751625540e-01,-7.988785002550241598e-02,4.770513884942648164e-01,-7.797983805456133732e-02,2.396746047692606407e-02,1.226476471982047567e-01,4.748000516809905980e-01,3.408892437442544165e-02,-4.149970360327464441e-02,-1.458822955153601941e-02,-2.636302419475124448e-01,3.699468336799456303e-01,2.757271206547906583e-01,2.701063200827226729e-01,-1.628003392937710236e-01,-1.783180882547535581e-02,-4.600643967265095891e-02,-5.566167200525302255e-02,8.634878457452499489e-01,4.501434572038366944e-01,5.214612957923514536e-01,5.419309962563328975e-02,3.328893621213330212e-01,2.052773612051853047e-01,3.535283528095203298e-01,2.379995088419132043e-01,4.312300863045851473e-01,3.655173308743416283e-01,3.035932570330580060e-01,6.808642702750973275e-01,2.768801044767104091e-01,6.599033184602983715e-01,1.514027201653167726e-03,3.736367736467628986e-01,8.615332093491850918e-02,5.433537680418988325e-01,4.459659018911717870e-02,4.255379808284043830e-01,1.686730107341255502e-01,6.041663627590754260e-01,4.613114031075943311e-01,2.192960878991098428e-01,2.957218449431231466e-01,-2.317543624524219525e-01,7.022343507792236927e-01,4.820090977285281797e-01,4.232981344125851808e-01,1.481327880472372016e-01,9.541626265752198299e-02,2.470455625926893939e-01,3.191763849420630184e-01,7.615941559557648510e-01,4.894412393007198658e-01,6.895943807921813828e-01,1.834767904953621687e-01,1.378543829317359637e-01,1.886576358912352702e-01,3.758967053815513437e-01,4.241276433378869948e-01,8.194686643494715483e-02,1.380624814385336512e-02,-4.495254000720862175e-02,-5.459611046333523454e-02,4.579671798879306199e-02,1.742015604537054119e-01,1.891821361662773260e-01,1.300369418804501187e-01,1.860552220495279574e-01,2.243691781815924935e-01,3.352556176240656383e-01,1.441611406676898688e-02,1.265890187540269496e-01,-2.568325094893929017e-01,1.336349712799261014e-01,4.992470495327970825e-01,1.231081054907707945e-01
6.920474914544051392e-01,4.075124371838826365e-01,5.290946764250534784e-01,-7.554213959571545733e-02,6.694783699375697061e-01,3.267619329325373995e-02,3.794410397887622022e-01,1.353516409668197584e-01,4.827516016073716831e-01,2.956336133519619214e-01,5.325454621886001050e-01,2.842340247340653381e-01,1.732664354662421524e-01,4.852867453170003204e-02,4.088856233549493235e-01,1.843213235673462347e-01,3.463929623907878730e-01,4.317987744193164112e-01,3.585192509492396429e-02,7.511899388325985472e-01,3.080607138656352717e-01,4.902491008372840131e-01,-7.476180416809291573e-02,3.510717129553308502e-01,1.215600959101303391e-01,2.848439833662290144e-01,5.134620692487349425e-01,8.892383843449250813e-01,5.745168438977843461e-01,1.062054683187951404e-01,4.952909787770303773e-01,6.496300104907974937e-01,6.921810785170318114e-01,4.533572464890965881e-01,4.270826247867173797e-01,4.616567631304007713e-01,5.737034865886165430e-02,6.152502453886500300e-01,1.125047889576754473e-01,3.712528748120618172e-01,5.963292754129813356e-02,4.745981829101154070e-01,4.039441667687141968e-01,5.144915002706733631e-01,1.925744594956572686e-01,4.404219648120720199e-01,5.359704791893702552e-02,5.112851058332348320e-01,3.070734416397751798e-01,2.476673776151071815e-01,3.510892164270547067e-01,6.440383135182989327e-02,5.375565225965397431e-01,3.428578074755831984e-01,7.089221497993775101e-01,-4.025849987485392856e-02,2.965218843482067546e-01,7.874387374845598364e-02,3.505073695459318683e-01,4.894412393007199769e-01,7.615941559557648510e-01,4.113210127635297253e-01,1.851064120088599940e-01,1.154342217656207648e-01,6.908072404986042025e-01,7.218617544839673883e-01,2.862071287983729562e-01,1.216779031664889099e-01,-7.032812705394829618e-03,1.151953324935518497e-01,-1.116157456766588875e-02,1.669698871459036060e-01,6.685121085079247238e-02,2.374042520330290063e-01,3.130732175815981733e-01,2.009815340487192681e-01,2.148285312219558041e-01,1.023850412371085788e-01,-1.170561938137637675e-01,2.593550154298177590e-01,1.249100762338793830e-01,1.207305076201695276e-01,4.633330302935496636e-01,1.868053758111614948e-01
7.060381048411090710e-02,3.303055764358543422e-01,7.795449901488610278e-02,-6.937849001019660844e-02,3.549926777766359010e-01,-1.148466859272205959e-01,3.573642062569535316e-01,-2.117245726765985825e-01,8.340849424949411950e-02,-8.789911156331843556e-02,1.125198446823819504e-01,-1.533768284625829370e-01,-3.932077528542773925e-02,1.234580627948372727e-01,3.146589359166145350e-01,2.667103223849172644e-01,-7.228945499611814929e-02,-4.598409910854911464e-02,-3.073720609919607383e-01,2.885506732863085677e-01,2.872617727701061718e-01,3.660223542099465543e-01,-1.727503139353996908e-01,1.104548034564726833e-01,1.288095628343070287e-01,4.895926347893848896e-02,6.538344787245655709e-01,2.838078679437985308e-01,7.255735341874044453e-01,-1.528625795309001764e-02,1.778087049500641503e-01,3.110540131219199922e-01,5.177452142450214012e-01,1.026976250005722374e-01,6.327230758477627726e-01,-4.154735457611538618e-03,3.904153507002691148e-01,3.252889810331566212e-01,1.041141416753116750e-01,3.747361644620018084e-01,-1.723558820690230531e-01,3.693948311065899104e-02,1.388479712860706261e-01,1.779955497423510447e-01,-1.237276642510905661e-01,2.443531553998779804e-01,1.062933988939072649e-01,5.409519894940476581e-01,7.353175646412692945e-01,2.234477384464831906e-01,4.958930536685390855e-01,-3.806948267437164080e-01,7.582049178931157263e-01,4.968825978835314516e-01,4.035412364020246612e-01,2.976291413555783374e-02,2.782102280879528711e-01,3.830028928397757326e-01,3.289033953358934670e-01,6.895943807921812718e-01,4.113210127635298918e-01,7.615941559557648510e-01,8.356639458061125569e-02,-5.008310151245196767e-02,4.434913892632795784e-01,5.525820497015940802e-01,3.421284024114294442e-01,1.441520454941009888e-01,1.418846581214907865e-01,1.937618928165269760e-01,1.793184887993968246e-01,-5.459706253592742919e-02,1.244889544277349713e-01,2.226573626833963648e-01,2.468499367262795563e-01,1.586527975084707498e-02,1.425675764547170710e-01,2.552040672354773387e-01,1.308311654855431050e-01,4.418121422109336227e-01,-1.661948519470354824e-01,4.043801615816999817e-02,3.360809767912145696e-01,2.083834618608839118e-01
-8.468883289501850931e-02,3.011286128318229616e-01,1.826703316743666650e-01,1.684066065033545667e-01,2.686135305045193045e-01,1.868460727958552170e-01,7.280632822542795757e-02,2.000402748403221909e-01,9.565051080347306001e-02,5.442732922480290059e-01,2.942279099473775195e-01,3.887266827986631812e-01,1.238401440905610301e-01,1.703734127583110269e-01,6.693365216063384970e-02,-6.254929383316969183e-02,1.812956062037427152e-01,-2.012936158345159793e-03,2.351393240015387520e-01,1.782809322073147518e-01,1.300822443983120913e-01,1.524026905392112663e-01,1.473583624976241013e-01,4.405669336485168452e-01,3.643533145875001433e-01,3.025127487835843065e-01,2.196237655110424569e-01,2.230181679947722817e-01,-5.141192388410171371e-02,5.615347916900730318e-01,2.099648432041213153e-01,2.019282366119394267e-01,1.704074355486212555e-01,-1.003247509720481094e-02,1.378225807119947688e-01,1.756737736388973847e-01,4.078072223799094620e-01,3.419897196285944796e-01,2.358018625396417212e-01,1.629642094729722435e-01,2.464351435781959587e-01,1.788607015302560443e-01,6.173930853844556976e-01,2.691462354128826284e-01,3.342639540735602988e-01,2.843515008852752768e-01,3.490538418534093190e-01,1.153393400535795560e-01,7.082233562501340229e-02,1.209274750000062237e-01,-1.252830851545834456e-01,1.879955686510238200e-01,1.539837580396110350e-01,1.906160606378058675e-01,1.710805984040526528e-01,2.057098311951559011e-01,2.153340021612811239e-01,3.740950757504784563e-01,2.771521837268236532e-01,1.834767904953621409e-01,1.851064120088599663e-01,8.356639458061121406e-02,7.615941559557648510e-01,-2.205487075073187253e-01,2.018768611496456755e-01,2.402533799745787124e-01,4.123029521733400649e-01,-1.038135647469508732e-01,3.078470189328384454e-01,2.543111536507093318e-01,3.703061526093265332e-01,-4.418692259521905807e-02,4.899860552974234784e-02,4.556132725774915682e-01,3.121421435927175247e-01,2.897549890682721285e-01,3.286747198181473317e-01,6.109414322232944311e-02,1.022729545331534096e-01,2.180105946381283022e-01,3.513753428365412046e-01,-7.780264622873123148e-02,2.540769537187918536e-01,6.354564728489849879e-01
1.555399810056237453e-01,-1.824153660889940576e-01,3.136600401181431352e-01,7.792591476731154654e-02,2.642054351136250423e-01,2.134000196281561363e-03,3.952200589235640993e-01,2.230781313643243145e-03,3.218108030012133414e-01,-7.710143200377615746e-02,2.784620505415730807e-01,-6.288984264929758927e-02,8.728633815832680110e-02,-2.350739262612123459e-01,-4.537162291502319644e-03,-9.780508265436725635e-02,1.170830097181237844e-01,-3.477306367809795268e-02,6.558645471755913947e-02,1.931186684712219992e-01,-1.546084245730685036e-01,4.735121091068385246e-02,-2.371928147273302534e-01,-2.572503560534669109e-01,-1.097837726667793279e-01,-2.098853942614386792e-01,2.435611444786069391e-01,8.767640027304680894e-02,6.066496346103185389e-02,-1.281741400227521810e-01,-2.204249233100785410e-01,5.260721944184128945e-02,-8.661381601410016173e-02,8.933631801856280197e-02,-5.157898545194142953e-02,2.491577779505203538e-01,-2.100036771526148649e-01,2.976340427062535432e-01,9.304784222543947825e-02,3.516674374547213988e-01,-1.220119816803384369e-02,3.069739194412966499e-01,-2.815652166712194135e-02,2.570711662966048139e-01,-1.429459047777782493e-03,1.883154895760219549e-01,-2.740887694305741973e-01,-8.455632499642181180e-03,-5.056721190651426029e-02,1.988099827943837217e-02,-5.663559613921424762e-02,1.105838713365623338e-01,1.669326211696972317e-01,-2.183597258086208692e-01,1.065398579915180222e-01,-1.471798625579890940e-01,-2.126732614004259725e-01,-1.979592552199618549e-01,-1.032055201098263097e-01,1.378543829317359637e-01,1.154342217656208064e-01,-5.008310151245194686e-02,-2.205487075073187531e-01,7.615941559557648510e-01,-4.552114461805555762e-02,-2.501966610116272693e-02,1.981967138783141073e-03,-3.194018182950765783e-01,-2.434510946451921565e-01,-2.109004761834169517e-01,-1.417906194847662338e-01,1.428360138421536085e-01,-1.113589178988939749e-01,-4.815932000085938747e-02,-1.087006664794026717e-01,-1.136460548423198075e-01,4.222769572959295808e-02,-1.111937758738017618e-01,-7.607807829754364981e-02,-6.642979470306910328e-02,2.793523196145921914e-02,4.827462471960280999e-02,-1.477565451970587300e-02,-2.189248464837712516e-01
1.202484026479409551e-01,4.644194684306655052e-01,1.542341107993558946e-01,-7.188248137794950310e-02,1.120165431369105347e-01,1.051344364882157295e-01,1.520417128853444044e-01,1.550863231059502745e-01,-8.251617659974329333e-02,1.688137782102838158e-01,1.526257488283917774e-01,2.092274706347715396e-01,6.890349789843523698e-02,2.289817099328514405e-01,3.628071228675797677e-01,2.058927507626270026e-01,3.486721811462991094e-01,1.166735401774603442e-01,9.565362734187311811e-02,6.438630485061098696e-01,4.788824802802164604e-01,5.744937636962312855e-01,-5.356409224252983497e-04,4.084597731562150669e-01,1.733957749426100758e-01,3.462922501673331710e-01,2.318203083329958558e-01,5.359154988085463867e-01,5.570299297907059799e-01,2.132986458258536722e-01,-3.911670332331484978e-02,8.513559828446801703e-01,6.633768692637284081e-01,2.823750499695178856e-02,5.217520283523892077e-01,1.454827619167475827e-01,2.015743360835327846e-01,7.726770343856478873e-02,9.479358508224278168e-02,6.419566887618236017e-02,1.710836186087971722e-01,-1.358958394907320844e-01,3.298729484158263170e-01,6.218385387042236340e-02,7.819717204991402659e-02,1.689727931484755197e-01,2.012919779307572876e-01,4.859654334751208893e-01,4.333359685916414739e-01,2.661899496493234096e-01,3.912764479115312666e-01,2.200908002196525631e-02,5.431660336437125203e-01,4.703683786122138666e-01,6.740983838204518408e-01,5.746719782127971549e-02,3.441359952974548664e-01,1.439068990938232595e-01,4.356614991087054967e-01,1.886576358912352980e-01,6.908072404986042025e-01,4.434913892632795784e-01,2.018768611496456755e-01,-4.552114461805555762e-02,7.615941559557648510e-01,7.944295809253825169e-01,2.755819240413517890e-01,3.165932849734177101e-01,2.140935761082963726e-02,1.250567463215993824e-01,1.616532843326621005e-01,9.681521353378981509e-02,5.943472515397841410e-02,5.615572904198523618e-02,4.733408048345436048e-01,1.163555536021403519e-01,1.672106943230028120e-01,2.955407830714896211e-01,-1.341241936575631177e-01,3.294335088799787425e-01,2.013830500866809203e-01,4.352402569012614464e-02,3.292727408781315757e-01,1.775133572994240516e-01
3.727013008189392074e-01,6.000075316758591848e-01,3.369599809069365182e-01,6.338959126032576996e-02,4.651033372138516087e-01,6.790264478483789331e-04,2.342397675332128226e-01,1.833481689001560666e-01,1.764591798272243106e-01,2.260551077630622296e-01,3.201555564754049454e-01,1.974086224352305796e-01,-1.754235384238969631e-02,2.253710966593477361e-01,3.512795899985349801e-01,2.723557978094247600e-01,2.214438416295189671e-01,1.477695595640756143e-01,-3.300117207868134145e-02,6.831999741946439553e-01,5.190331241267726048e-01,6.373588157255750675e-01,-5.769222080114066488e-03,4.501355009673151941e-01,7.770284497340648744e-02,2.319266537414374774e-01,4.575135006607393695e-01,5.831221017958243547e-01,7.133288926555585441e-01,2.690425417172146449e-01,2.160248446317045157e-01,7.091062379855387343e-01,8.869735294796979863e-01,1.668495794992376768e-01,7.336473423255439608e-01,2.724497328263040252e-01,2.566462951007775217e-01,4.084823364594359352e-01,3.034832798321188477e-02,2.792711112047290833e-01,1.069270820493578716e-01,2.026122934173162360e-01,3.547495464439351376e-01,3.299765751371663280e-01,9.867704641968984280e-02,2.323801231326603767e-01,2.560540457633366240e-01,5.580205835204525844e-01,6.120735140485374925e-01,1.024497314764758193e-01,4.327085179799302628e-01,-1.069595663286903725e-01,6.921756770890409305e-01,5.528577307026129040e-01,7.006982776799671742e-01,7.797858409625441078e-02,5.163651104185124074e-01,7.540006252844902446e-02,3.838277968268396512e-01,3.758967053815514547e-01,7.218617544839673883e-01,5.525820497015940802e-01,2.402533799745786847e-01,-2.501966610116274775e-02,7.944295809253824059e-01,7.615941559557648510e-01,3.376770623723063247e-01,1.860540036030714772e-01,1.259550597297062202e-01,1.992651122359762328e-01,1.515543618184545804e-01,2.257628245295392189e-01,2.108844253957920800e-01,2.800942590338309501e-01,4.875326983696032235e-01,2.078802978217219877e-01,2.266582980233285416e-01,2.376458700582234351e-01,5.173306241628541219e-02,3.983284605128106226e-01,1.964246461373108654e-01,2.398186989666770130e-01,5.238112547953641673e-01,3.321666945334971754e-01
1.326124510541488999e-01,2.061009642150195553e-01,1.961041798642818856e-01,2.983666356489972360e-01,2.457277831700353798e-01,2.179299336620718064e-01,4.021521981960693992e-01,7.572837099310814057e-02,-2.247107805332553346e-02,2.697391464748164491e-01,2.983484665150388793e-01,1.389980618558212810e-01,2.186607684613824099e-01,2.063293622839611902e-02,3.743598334301798669e-01,2.173705139038275280e-01,2.372302233527141258e-01,1.204215239281542921e-01,1.592920206843584097e-01,3.699017326367395886e-01,2.809679404725837770e-01,4.570611863282522114e-01,1.270849314449110368e-01,3.232569234660086499e-01,3.802137489981818330e-01,3.844153465703358252e-01,4.801010623055589344e-01,3.140747213193089138e-01,2.021492400549218249e-01,3.331976742436917882e-01,-8.373487371898132720e-03,3.397763982188000131e-01,2.431192953378564503e-01,2.598853791310388184e-01,2.972713439655996215e-01,2.009357597508834026e-01,2.320657033258491653e-01,2.670449591166335623e-01,3.260000562661636847e-01,3.136082118368584970e-01,1.271575835766385332e-01,-1.295915206988407925e-02,3.412769676289352794e-01,2.929562441835365516e-01,1.316595519797196523e-01,4.286659141741719359e-01,1.578388354537223204e-01,3.601132404824267108e-01,3.350511802435873765e-01,1.657802305768997508e-01,2.777582953366503626e-01,1.493632055464009512e-01,4.210433932057524031e-01,3.277077839032893070e-01,3.759892999944012826e-01,2.410805756130702249e-01,3.271389774710336540e-01,5.373531239682347582e-01,5.744079494810326869e-01,4.241276433378869948e-01,2.862071287983729562e-01,3.421284024114293887e-01,4.123029521733400649e-01,1.981967138783200053e-03,2.755819240413517890e-01,3.376770623723062137e-01,7.615941559557648510e-01,2.226447492381574689e-01,4.472651558647133263e-01,4.511096209874130292e-01,3.618222964277410525e-01,8.798134155650620680e-02,2.616012015405266289e-01,3.753542427570786821e-01,4.597175225268345100e-01,3.498836214637668363e-01,6.930908960296536803e-01,3.601724157704249141e-01,4.737007007403196135e-01,5.118652952885525131e-01,4.065245736871744286e-01,-2.653110926905370356e-03,3.937717653061032497e-01,4.426491755147759499e-01
-7.234662388157038493e-02,5.203714026454301367e-01,-1.054492234833587366e-01,-1.401896507826225768e-01,-6.172022994577583410e-02,-1.064602061789653512e-02,-1.220338212399427885e-01,2.852214083651289922e-01,-3.489654993085931078e-01,-7.583721242921721839e-02,8.480821295491969281e-02,9.860091965532680192e-02,-1.509907045867964759e-01,3.960416538127793928e-01,3.449637874093330336e-01,4.269144368347807528e-01,-3.906734195931957365e-02,5.078832593556779906e-02,1.751817792567403331e-02,2.233069415314237194e-01,4.950783325693060011e-01,4.313775135578156728e-01,2.230607053405531393e-01,2.088809374465301905e-01,2.915492353812882409e-01,4.378519922759621652e-01,5.140221692314760754e-02,7.843959799348765305e-03,2.264833122459901094e-01,-5.589833341510919151e-02,-1.252065794872427029e-01,2.636183626190385931e-01,2.886178708299270146e-01,1.074164546037549572e-01,4.552331836804267562e-01,2.641924639722420184e-02,2.462393524079699303e-01,-1.703535197130029155e-01,-5.873249704662360238e-02,-1.737803543747298007e-01,2.213949847695278472e-01,-3.739946011007892479e-01,2.919995182373221962e-02,7.757299509236319224e-02,-1.709580489011577609e-01,-1.227122974165328478e-01,3.462753870886121077e-01,2.850702863325150771e-01,2.140558724760664167e-01,-4.857244250416881820e-02,3.347861543716633137e-01,-4.785988058575057352e-02,2.058834244187459361e-01,2.550718247416299822e-01,2.440862352348552311e-01,1.828492418946021658e-01,3.856827497201018584e-01,1.775593525602408573e-01,3.992171475832165806e-01,8.194686643494715483e-02,1.216779031664889377e-01,1.441520454941010443e-01,-1.038135647469508732e-01,-3.194018182950766338e-01,3.165932849734176546e-01,1.860540036030714217e-01,2.226447492381574689e-01,7.615941559557648510e-01,3.692147041761660864e-01,2.190754328887372926e-01,2.538190750452534172e-01,-1.276729204267579082e-03,-2.646492573808953332e-03,-6.666669955908571810e-02,3.845316934288461885e-01,2.314911755615028655e-01,2.212476939649982988e-01,7.531744045281341116e-01,2.106055570516320585e-01,1.176601484686784493e-01,2.250928424813362638e-01,-7.746919474040542264e-02,1.517729151411534583e-01,5.381015642083235989e-02
-4.315635868145147741e-02,3.437305727034118408e-01,-8.321683856276693159e-02,8.227103899010067278e-02,-1.047495317839709783e-01,-1.618574924301106055e-01,-3.120542773410259207e-02,-9.168672183378072382e-02,-1.068492656773254723e-01,3.094717008103226030e-01,6.409993139596284473e-02,7.352029540595206303e-02,-1.369801964636900848e-01,-6.442366028927068444e-02,1.381520808723917491e-02,2.847866253299933814e-01,-2.883287164826645824e-03,1.218834046993981790e-01,-9.285967951147677812e-02,-7.453521231245399670e-02,7.435200578843986774e-02,7.843787147517700120e-02,-1.070674639186630500e-01,2.598374792946764322e-01,3.442432641564619478e-01,3.201703459004657248e-01,5.232606868814534962e-02,3.468625979368345630e-02,9.809426993684763896e-02,9.011601666670158994e-02,6.471705421442844330e-02,-1.059561288811100566e-01,9.601483910999766835e-02,4.829381334513288548e-02,3.817282971648572887e-01,-1.572009031143062063e-01,1.554854975532775352e-01,-7.546001305575696094e-02,-1.932687698896010386e-01,-3.221428278385018995e-02,-1.820367020711853856e-01,-1.234124844613529448e-01,2.934869278333742670e-01,1.720698279999692548e-02,-5.358840853168415908e-02,-3.550994843352189845e-02,6.466276188324497631e-02,2.591573770651683928e-02,3.072215713878044818e-01,1.143500698059872617e-01,2.966622784170523941e-01,-1.646104077711438018e-01,1.314202256460986762e-01,1.473086982803273881e-01,-3.141192283677043257e-02,-5.728342267306196778e-02,2.513167867871559102e-01,3.860425876980906890e-01,3.023085188663588441e-01,1.380624814385333736e-02,-7.032812705394857374e-03,1.418846581214908420e-01,3.078470189328385009e-01,-2.434510946451921842e-01,2.140935761082966501e-02,1.259550597297062480e-01,4.472651558647133263e-01,3.692147041761661419e-01,7.615941559557648510e-01,5.628575579017588426e-01,5.392755250297952552e-01,-1.009300316275983378e-01,-5.747394164937807276e-02,5.831005328118356035e-01,4.158869683200769329e-01,2.811673485972063236e-01,3.426585347213988442e-01,3.402988748154753273e-01,7.522665816686194828e-01,3.794898510185126805e-01,4.269511291274428189e-01,-1.535838789804046534e-01,-1.403456558166489392e-02,4.988284176488666510e-01
5.053630035397881082e-02,4.672542804946181461e-01,-1.782711645467306982e-01,-3.414609242936679501e-02,4.234077328628705478e-02,-5.083916313645928803e-02,5.084207865036894508e-02,-9.692034684897639363e-02,-1.481671309379107571e-01,1.811213360266877570e-01,-2.174918501464417897e-02,1.458116460832582506e-01,9.365334828603489106e-03,3.123886100578049038e-02,6.252881955755484888e-02,2.590856728865232883e-01,-7.189927187151909371e-02,1.138975600720960185e-01,-1.513903599563521385e-01,6.148525284380484957e-02,1.242004827065958106e-01,2.735534582816806504e-01,-1.423074155821833255e-02,1.745451009254738173e-01,3.803830409926996503e-01,3.837478179230157105e-01,1.254059167582384782e-01,3.621884788993498527e-02,2.803730756520599887e-01,3.919472131980849539e-01,6.925426025897066240e-02,8.737378110430135680e-02,2.249294320971817196e-01,1.520140581767928378e-01,4.542186755063128412e-01,-2.578125836755076894e-01,9.142084716326358274e-02,2.486987320163532023e-02,-1.180018490510345436e-01,5.492389212435733886e-02,-1.939617068790239485e-01,-1.136588023456717167e-01,1.779560511804853529e-01,-1.963907359780030226e-02,-1.930039221991485324e-02,5.232682363803847769e-02,1.012147623616016789e-01,1.229342255250151644e-01,2.388217065894480684e-01,-1.132120900901412430e-01,1.059513159779437164e-01,-2.248749625713893641e-01,1.582245549118754813e-01,1.070480717904382234e-01,4.304905773166084471e-02,1.325315583581739010e-02,1.820572560047400146e-01,2.297998497946533991e-01,3.038626187013019342e-01,-4.495254000720862175e-02,1.151953324935518774e-01,1.937618928165269760e-01,2.543111536507092763e-01,-2.109004761834168962e-01,1.250567463215994102e-01,1.992651122359761773e-01,4.511096209874129737e-01,2.190754328887373481e-01,5.628575579017588426e-01,7.615941559557648510e-01,4.522726558612231162e-01,-9.307249288666713527e-02,1.781325381354879889e-01,3.589727817390886422e-01,5.576339896468454072e-01,3.089105111869818732e-01,4.119098978810347700e-01,7.840136246374557194e-02,4.920751515563667189e-01,7.744638397623292425e-01,4.658395141769145487e-01,-3.153931334208525117e-01,1.187481854804968567e-01,3.998283816952485914e-01
-1.641231376576909318e-01,3.223348377542843424e-01,-3.254581625576714043e-01,1.066436054610086920e-01,-1.503177454371650568e-01,-1.485355399133369558e-01,4.606165640957111951e-02,-1.472949935972359403e-01,-3.520825482747069191e-01,2.223914592197984152e-01,-2.175937621651087561e-01,2.941815832076911941e-02,-3.667091818743254544e-02,1.974247269599465615e-01,-1.653222877641394861e-01,2.459463249688110253e-01,6.540796531066257746e-02,9.508384218628376794e-02,2.217665446591036288e-02,-2.725958704742041383e-01,9.954337580220562476e-02,-6.056505979869618306e-02,-6.674046995861600273e-02,1.930868753103156810e-01,2.991294646995826811e-01,1.547904652565616768e-01,-6.324691943157041696e-02,8.875111669048224572e-03,1.808571784495927037e-01,3.179391555018865612e-01,-1.480381622090931604e-01,1.272238035671191259e-01,1.967912708047183656e-01,4.003106908724058527e-02,3.177780911259260876e-01,-3.171409068180218171e-01,2.108999434150027608e-01,-1.911089496039913849e-01,-6.712964529629059096e-02,-1.493370234402850195e-02,-1.926380756889084500e-01,-3.450041470877475702e-01,1.059228295679992687e-01,-2.120887190219529206e-01,-1.646643791162878678e-01,7.368823105918745342e-02,8.084453187443413347e-02,-1.393120196975581870e-01,2.188115350331848175e-01,-7.848562646718863778e-02,2.062982246630793992e-01,-7.017552698232019937e-02,-7.808331780178147732e-03,9.104766460898740255e-02,-2.108900557689547539e-01,-6.062105137991603138e-02,1.864035373190029155e-01,2.757496403567515353e-01,1.267165827674958667e-01,-5.459611046333515127e-02,-1.116157456766588528e-02,1.793184887993967691e-01,3.703061526093265332e-01,-1.417906194847662338e-01,1.616532843326621005e-01,1.515543618184545527e-01,3.618222964277409970e-01,2.538190750452534172e-01,5.392755250297953662e-01,4.522726558612231162e-01,7.615941559557648510e-01,-1.633367676052030482e-02,1.522344540583979167e-01,2.315003330113317714e-01,3.387521757418920365e-01,4.091872213428360827e-01,3.079497788027044658e-01,1.912617737814735208e-01,5.076611154062143916e-01,3.549275782435025728e-01,3.058912394300389859e-01,-6.592423270852794392e-02,1.633627531894539242e-01,4.464272663825528675e-01
1.704516678991347678e-01,7.987072143241212563e-02,3.239491652717897963e-01,4.962183322691874898e-01,3.064082106910100967e-01,3.031163442977712896e-01,3.985789681681923824e-01,4.268606280111730822e-01,1.153769037872473952e-01,4.455659708422179399e-01,2.572979021355867868e-01,3.590206482728955373e-01,2.660522064081198845e-01,3.806323391712126414e-01,2.564421747797281104e-02,1.088522558611430963e-01,6.327941252922612003e-01,2.392560832051308373e-01,2.627817019005657118e-01,1.395907004709301957e-01,4.196953939751250084e-01,1.542743156710284225e-01,1.464514102043616151e-01,4.348210606708360348e-01,1.693811568610717189e-01,6.196273338885344845e-02,7.601614736978488940e-02,2.200857393533903750e-01,3.197108068376104673e-02,1.214457791691985443e-02,-1.425824136773504447e-01,1.631540781043460953e-01,2.169404793224707362e-01,-3.550903480951584333e-03,9.574798051660923792e-02,4.021171530190506549e-01,2.700815011177522540e-01,2.233956715715694485e-01,3.094515999920252058e-01,3.986694313262594269e-01,3.557958722914459360e-01,1.569872957762469962e-02,3.317762090210361059e-01,2.680337778134964100e-01,1.706595576694175664e-01,3.841846605101989498e-01,3.694993289391125812e-01,-1.826334428388313447e-01,9.328562778877667883e-02,4.240488201946878144e-01,2.678226319262964061e-01,3.357417630265952524e-01,-1.596359177527240658e-01,2.330805925313828575e-01,1.000550850365974354e-01,8.006904835051717462e-02,1.952537694488403475e-01,9.921909641719167672e-02,-1.425602778526727406e-02,4.579671798879304812e-02,1.669698871459035783e-01,-5.459706253592740144e-02,-4.418692259521903726e-02,1.428360138421535530e-01,9.681521353378978734e-02,2.257628245295392189e-01,8.798134155650617905e-02,-1.276729204267572143e-03,-1.009300316275983378e-01,-9.307249288666712139e-02,-1.633367676052034645e-02,7.615941559557648510e-01,3.725542196168651343e-01,1.365598867970291008e-01,2.185065667292512281e-01,5.885751189168238195e-02,1.573056087764184430e-01,2.590169239598065151e-02,-8.627783398413918156e-03,-2.013880715728211535e-01,2.368267796853377183e-01,7.803524708615211525e-01,3.188249606490605736e-01,8.734477345414294602e-02
-8.084195725027157331e-02,1.896807923627651105e-01,1.184569251419083646e-01,2.484071483584925633e-01,2.601206185039229291e-01,-2.927847664432023725e-02,2.382878588983618207e-01,1.357523464978942218e-01,-3.588695256484534385e-02,9.223534577688798086e-02,1.233910768515582429e-01,1.234004915842884798e-01,2.350350870462617620e-02,3.801755934822080851e-01,-1.144971327199488520e-01,2.108321066229182639e-01,2.529243999986243718e-01,9.800971609477404645e-02,1.188143928830886625e-01,8.911818800473476909e-02,2.463641805950733676e-01,2.500609767145099416e-01,6.589932580434648690e-02,2.673945083204226636e-01,5.507696483531361598e-02,1.512357622683470869e-02,1.723188173035873905e-01,-1.088690450476472414e-02,1.156673938250415423e-01,1.116166337614513948e-01,-1.421397075959209000e-01,1.263651141287851498e-01,1.613821958012228441e-01,-1.698781722544565054e-02,2.124200412556913331e-01,1.725638415156150463e-01,2.938864302677512974e-01,3.239763257837136590e-01,4.881730323589790477e-02,2.995748910315845226e-01,1.181031342844070797e-01,-4.566738886008300455e-03,1.394253901070689750e-01,1.755336951216702190e-01,-1.611873786862598468e-02,1.427017053667182511e-01,3.356343147524679660e-01,-1.178656430939098859e-01,3.066673410812447154e-01,1.435995251693923114e-01,2.748565390633356809e-01,1.418831196692102725e-01,2.222744844495842115e-02,1.455077047391706568e-01,3.662035513898322797e-02,1.436401218838941340e-01,1.373340644036716851e-01,1.898332923545371365e-01,5.368184357304860849e-02,1.742015604537054119e-01,6.685121085079250014e-02,1.244889544277349713e-01,4.899860552974233396e-02,-1.113589178988940026e-01,5.943472515397841410e-02,2.108844253957920800e-01,2.616012015405266289e-01,-2.646492573808953332e-03,-5.747394164937808664e-02,1.781325381354879334e-01,1.522344540583979444e-01,3.725542196168650788e-01,7.615941559557648510e-01,4.943652657445237603e-02,1.146476829938572611e-01,-6.050384807069514315e-03,1.152857278801339702e-01,3.568249575370043697e-02,9.783041036201370333e-02,1.685327756537788879e-01,2.188844108586851245e-01,2.932191762527130985e-01,5.756327753166797789e-01,5.552414475164857421e-02
1.807717631214344756e-01,3.661812081262630358e-01,3.217605328827434219e-01,-1.133112471086313196e-02,3.284449556339780196e-01,3.311685945709516576e-02,3.062239983542940358e-01,9.963699686513509401e-02,3.194979075578250893e-01,5.692783156698164593e-01,3.026393313949217179e-01,3.645843654655970267e-01,1.008751293039824581e-01,-8.183479745511709758e-02,-3.643955466238980867e-02,4.060200797390779021e-02,2.729355098931832702e-01,1.114749179467179191e-01,1.649586122892848089e-02,8.424461370877296684e-02,2.353796090593929802e-01,8.493715415573276084e-02,5.887979337217958548e-02,5.321718454199249049e-01,2.040232602388153960e-01,1.363243249665740953e-01,2.724717662349395164e-01,3.054904529414720349e-01,1.453426827634321239e-01,3.739589903304511576e-01,2.649893637214636999e-01,-3.615759303778352113e-02,2.784537815188588561e-01,5.898600180858140640e-02,3.591637630512732327e-01,1.657622390299889614e-01,1.602120749105535036e-01,3.491161500347441660e-01,1.499726497259988023e-01,2.411413001023811342e-01,1.035094327431124173e-01,3.198478219771591080e-01,5.624688917176565717e-01,2.906421380606618587e-01,1.907585849059454941e-01,3.427745877482213377e-01,1.009130205755656151e-01,1.292208893204874198e-01,2.054877980120052572e-01,9.760121092492622663e-02,1.785123338734686399e-02,-4.313265970104072922e-02,1.171382534962111255e-01,3.023276483776217716e-01,5.641398698675140211e-02,1.387911460429000210e-01,1.985251583633026728e-01,2.140413556234285752e-01,1.752187266750561967e-01,1.891821361662773537e-01,2.374042520330290895e-01,2.226573626833963648e-01,4.556132725774915126e-01,-4.815932000085940135e-02,5.615572904198530557e-02,2.800942590338308946e-01,3.753542427570785711e-01,-6.666669955908566259e-02,5.831005328118356035e-01,3.589727817390886422e-01,2.315003330113317714e-01,1.365598867970290453e-01,4.943652657445237603e-02,7.615941559557648510e-01,4.874192035731972905e-01,1.512461342661697572e-01,3.149451972338714878e-01,3.333550208967047540e-02,4.257071478206206350e-01,3.276153534719559723e-01,3.689320537890941054e-01,9.108497446984661905e-02,3.902826717661725953e-01,7.676203559268820475e-01
8.805841408529943570e-02,4.618243738580378177e-01,1.201234403719419058e-01,2.798974144008674614e-01,2.356356764252043046e-01,1.585662618132260837e-02,3.559427732720946702e-01,1.374236985742084138e-01,9.114995277919908309e-03,4.147108344601106444e-01,2.498257801648921250e-01,3.914836178393115151e-01,4.359216996154317153e-02,1.339038900965800472e-01,8.467428744413525721e-02,1.979435216669658826e-01,2.405043159831075361e-01,1.440493245774378261e-01,2.715095002440674476e-01,1.810749236354532998e-01,3.697473921344258119e-01,3.502378744777939201e-01,8.129780913170073231e-02,4.648325089535298993e-01,2.196022803151155001e-01,2.360311718977516071e-01,2.481006054711896724e-01,3.480817736946609231e-01,3.368905315585512539e-01,3.532653489853025963e-01,-3.799945009151408509e-02,4.387120336613843929e-01,4.843547691499583974e-01,6.240982624277670310e-02,4.553259752860736032e-01,1.255658090626717849e-01,1.922843016906856939e-01,1.980843430691877072e-01,8.569846314780103780e-02,1.305994160689621930e-01,2.184150898321546852e-01,5.118686347639766349e-02,5.127069959124012088e-01,2.546009929118653314e-01,3.011414214152446922e-01,1.891804839762694646e-01,3.518610526474753031e-01,1.552709429806732877e-01,3.487312675941213747e-01,8.396781942894969430e-02,2.643614707114474438e-01,2.393060826650804940e-01,1.427554858848814612e-01,2.742187602096998744e-01,1.476212709719270655e-01,8.672081264840672543e-02,4.531845005331169851e-01,1.899207889511076164e-01,2.653882416728702842e-01,1.300369418804501465e-01,3.130732175815981178e-01,2.468499367262795563e-01,3.121421435927175247e-01,-1.087006664794026162e-01,4.733408048345436048e-01,4.875326983696032235e-01,4.597175225268345655e-01,3.845316934288461330e-01,4.158869683200769329e-01,5.576339896468455182e-01,3.387521757418920920e-01,2.185065667292512281e-01,1.146476829938572195e-01,4.874192035731972905e-01,7.615941559557648510e-01,3.250725502597834882e-01,3.445318460409648176e-01,2.189181110344698145e-01,3.982062062795007629e-01,5.088123483996334073e-01,4.908510652343582303e-01,8.103379841501016922e-02,3.236958739514607108e-01,4.562913176564415418e-01
1.525050174082263899e-01,1.460172376364404778e-01,2.184013476092788730e-01,-1.433607660893454760e-01,1.419103285857420127e-01,1.885032220362379829e-01,2.874702844622752107e-02,1.316442535812363535e-01,7.129840279092582167e-02,2.287183171065752529e-01,1.821663341966821004e-01,3.245136998600051670e-01,1.715420015684514521e-01,1.040320654521225269e-01,1.348994830707724302e-01,7.687832558724672083e-02,1.560913625564152585e-01,2.403236344232251576e-01,1.297697871597825181e-01,1.458662148866259334e-01,9.417840541286685851e-02,1.513213601860282365e-01,2.252230177258986721e-01,2.645955899602003836e-01,1.922225357303096183e-01,2.713845136982967476e-01,2.747928846006760240e-01,2.065890223776174761e-01,1.340030941513151441e-01,4.107467438907408952e-01,1.876347515410603239e-01,5.746238145102101902e-02,1.600514231193131132e-01,2.466377155419027523e-01,9.630071482497998270e-02,2.027510518756206470e-01,-6.605843624752862075e-02,1.364143009348437463e-01,1.363200004415736077e-01,-5.390849919673465496e-03,8.443211011936765931e-02,6.503043870019567518e-02,2.014013705742322413e-01,1.540239597004868233e-01,1.049204947089679985e-01,1.916348592573216825e-01,1.731587983410048381e-01,4.183007464895006910e-02,9.583940703115419180e-03,-2.930675469436268971e-02,1.833968082559150614e-01,1.703801124020669633e-01,1.326080165209249928e-01,1.114582105524704603e-01,9.521927712691122259e-02,1.499693714416983348e-01,2.074833350509718843e-01,1.431345042483005980e-01,1.965176246903396762e-01,1.860552220495279574e-01,2.009815340487192681e-01,1.586527975084715825e-02,2.897549890682721285e-01,-1.136460548423198352e-01,1.163555536021402964e-01,2.078802978217219877e-01,3.498836214637668363e-01,2.314911755615027822e-01,2.811673485972063236e-01,3.089105111869818732e-01,4.091872213428359717e-01,5.885751189168238195e-02,-6.050384807069491763e-03,1.512461342661697572e-01,3.250725502597834882e-01,7.615941559557648510e-01,4.658289540974172027e-01,2.071118677266584052e-01,2.923170210387395218e-01,2.629931214614382728e-01,3.402228306461458907e-01,1.918701914297294212e-02,3.836319104508608552e-02,2.984997856232086688e-01
2.216112522180101185e-01,1.066768398264921480e-01,1.781135928908679222e-01,2.331021021045536212e-01,3.158694715692237504e-02,4.014059462754820395e-01,3.304057013372139195e-01,1.924779766538488590e-01,-1.717637155943542437e-02,4.309844624288270420e-01,2.619085380341812375e-01,2.846392780386742261e-01,4.105493365383342530e-01,-5.718423566932592794e-02,4.504896666695009655e-01,3.016304404299666730e-01,3.845145298868985484e-01,3.073062311757479570e-01,1.018077557799996896e-01,3.684038724178905766e-01,3.906902513912096642e-01,4.899419480988747022e-01,2.490959139808454070e-01,3.091060923902986812e-01,6.230408805254324944e-01,5.994351269508757518e-01,3.970838409305381678e-01,2.772858633854941579e-01,2.023771219085938877e-01,4.192107452687842128e-01,4.695254542600024034e-02,1.747580819103920768e-01,1.507660928951849999e-01,2.886127340446080769e-01,1.046279449672009448e-01,2.095734395011212559e-01,4.941008381241552422e-02,1.065589856027155807e-01,2.724640160855557602e-01,1.861824049909324152e-01,1.018473550407667655e-01,3.172625098960811865e-03,2.962804298579474471e-01,2.602702803929228814e-01,1.782573072695989025e-01,3.453333220054469743e-01,-1.505978134124869375e-02,3.119959679431909549e-01,8.037977852106249765e-02,1.592711440116542920e-01,1.191245999269925498e-01,1.694958330659041279e-01,2.365251286234376638e-01,3.211943726091160412e-01,3.165144313365507167e-01,1.520672445805656137e-01,2.351822920408445927e-01,4.016605701175753884e-01,4.604250212275711185e-01,2.243691781815925212e-01,2.148285312219557763e-01,1.425675764547170432e-01,3.286747198181473317e-01,4.222769572959294421e-02,1.672106943230028120e-01,2.266582980233285138e-01,6.930908960296533472e-01,2.212476939649982988e-01,3.426585347213988442e-01,4.119098978810347145e-01,3.079497788027044103e-01,1.573056087764184707e-01,1.152857278801339563e-01,3.149451972338715433e-01,3.445318460409648176e-01,4.658289540974172582e-01,7.615941559557648510e-01,2.218826471546004320e-01,3.357117665132265949e-01,2.575828886446369648e-01,3.587633563034330342e-01,-1.159052275747353561e-01,2.315428785977989290e-01,3.926695872220314354e-01
-1.895370573901835609e-01,3.990566446024946257e-01,8.799997375424011004e-02,-9.474054197218086115e-02,6.511359099670792350e-02,7.544448146053407689e-02,1.927837869659052364e-02,2.640895771029636574e-01,-2.451084235976014603e-01,-1.449647238468816934e-01,2.362169559747888392e-01,2.144428311283712307e-02,-1.390792379736544293e-01,5.029907206759417493e-01,4.815845257931581358e-01,2.844540093979078255e-01,-4.638098417778849930e-02,-1.385293905173826945e-01,-3.266345146915915990e-03,3.399876260058142807e-01,4.339416698112758541e-01,4.552313617796636680e-01,2.376283051053341977e-01,1.331818532897853236e-01,1.853585377326668060e-01,2.755333494046856568e-01,3.146291477863862873e-01,-3.643314099548364271e-02,2.553430581616562556e-01,-2.631701091143300985e-03,-7.477464922816903781e-02,3.264444488330757177e-01,2.585342483347141673e-01,-1.105924455251779993e-02,3.933364055919818525e-01,2.016937227867811877e-01,3.574015106411961851e-01,8.622222821075107776e-03,1.866077861746017474e-01,5.294910339729285570e-02,2.982949795072832866e-01,-2.933866416738567517e-01,8.051884074395922186e-02,2.233467916643853968e-01,-1.120920666673435595e-01,5.739929328361403904e-02,4.784996416681508435e-01,4.406021253643747082e-01,3.385427588287236444e-01,4.372054464675154822e-02,3.677728212078312797e-01,-5.457337992989521464e-02,3.089773454645769468e-01,3.752440793377815886e-01,3.513915221496893282e-01,3.373522923238961302e-01,3.123353500746035571e-01,2.782552207263469524e-01,5.303624156037699544e-01,3.352556176240656383e-01,1.023850412371085788e-01,2.552040672354772277e-01,6.109414322232947087e-02,-1.111937758738017618e-01,2.955407830714896211e-01,2.376458700582234074e-01,3.601724157704249696e-01,7.531744045281340005e-01,3.402988748154753273e-01,7.840136246374573847e-02,1.912617737814734376e-01,2.590169239598058212e-02,3.568249575370038146e-02,3.333550208967048928e-02,2.189181110344698700e-01,2.071118677266584607e-01,2.218826471546004320e-01,7.615941559557648510e-01,3.163828319312304016e-01,1.524237061812235838e-01,2.956913974918726762e-01,-1.349927991943597125e-02,2.576007590267789804e-01,6.384193697316513372e-02
-6.915098981147059509e-02,1.187753051502831309e-01,-9.944236835380587669e-02,1.845323116163154198e-01,-1.100388284541650857e-01,-1.751528557861204427e-01,1.816783906328973963e-02,-5.818871820456888999e-02,-1.804561981963085093e-01,1.803388801108533612e-01,4.097023617793307121e-02,-4.360350764268666052e-02,-1.487276502160733704e-01,-1.516164801959935839e-02,4.305211242652677225e-03,2.217669832939276331e-01,-1.351981798828442473e-02,-6.193856144449871870e-02,3.177643352536429263e-03,-1.197570639152876482e-01,-7.230555902664738410e-02,3.841044990724568065e-02,-1.005670635431863275e-01,5.831303982438564709e-02,1.665278831781032975e-01,7.104107038534916707e-02,7.860342860708917356e-02,-6.488047577706038127e-02,7.970587006291940391e-02,1.077102346080361650e-01,3.947629862809302545e-03,-8.206820662727445925e-02,1.730462277196418222e-02,-9.497118138558088840e-02,2.549718462028087718e-01,-1.607114890887242076e-01,5.113994868129573268e-02,-1.012971114155152841e-01,-2.170805908664205919e-01,4.912914928872757353e-03,-2.004422298152593040e-01,-1.828501291960858977e-01,9.872207600647699144e-02,-6.881674870274574795e-04,-6.161519319198203309e-02,-1.039266944149053323e-01,4.812384001037622872e-02,1.199383270533324088e-02,3.346084402790400203e-01,-8.618608223801306478e-02,3.502736639791570461e-01,-6.923696384927442715e-02,1.524086384094720525e-01,-1.443911025126200405e-02,-9.681210623688873973e-02,-8.442641655619985419e-02,1.583402851966411728e-01,2.068161904824941388e-01,1.365438759427402005e-01,1.441611406676898688e-02,-1.170561938137637675e-01,1.308311654855431605e-01,1.022729545331534096e-01,-7.607807829754367757e-02,-1.341241936575631455e-01,5.173306241628549546e-02,4.737007007403196135e-01,2.106055570516320863e-01,7.522665816686195939e-01,4.920751515563667189e-01,5.076611154062145026e-01,-8.627783398413937238e-03,9.783041036201370333e-02,4.257071478206206350e-01,3.982062062795007629e-01,2.923170210387395218e-01,3.357117665132265394e-01,3.163828319312302906e-01,7.615941559557648510e-01,4.734811557639576063e-01,4.886949272230898256e-01,-1.151904545639213379e-01,2.496322393159514791e-02,3.859307709445281009e-01
4.758554079580337715e-02,5.187524914786878494e-01,-1.261885880454968190e-01,-4.003320958574460575e-03,9.368257006374032525e-02,-1.433558992379251884e-01,1.106788653672527989e-01,-1.866262075333608716e-01,-6.667624415062821386e-02,6.452169185677832097e-02,1.565257235323693277e-02,8.052808328502214855e-03,-8.798041063148283325e-02,-9.013341118082376577e-03,4.143670233364977334e-02,2.129880644533863054e-01,-4.177140756970208063e-02,4.098602186054618735e-02,-1.424955244544538757e-01,9.606456608660170204e-02,8.448958491852980035e-02,2.703675451797460383e-01,-8.913493906251483689e-02,7.899326631607639371e-02,2.427292625717184238e-01,1.724808010514664869e-01,1.806628673048282785e-01,1.744060706913361514e-01,3.970404546025984027e-01,2.680843582909044898e-01,9.246790295184097175e-02,3.417148164413263967e-01,3.908369656495841449e-01,3.086949408791214017e-02,5.602656310658715721e-01,-2.573486020110768435e-01,1.234509869186974362e-01,7.189926126917506322e-02,-9.100942642581456854e-02,3.870269442279233169e-02,-2.450430075364599669e-01,-7.223392818093067602e-02,1.537485576627732886e-01,-3.622569964149005561e-02,-4.485483064891158944e-02,8.190404604023891755e-02,-7.316756460579232520e-03,2.244199610299397463e-01,4.849385010001280305e-01,-9.558950907091356974e-02,2.589026433672398375e-01,-2.928101720396454888e-01,3.472256629010198603e-01,1.537243995412531095e-01,1.756532619459021671e-01,-1.520013309533853503e-02,2.037670753519249256e-01,3.067430998670518383e-01,2.535669976362743272e-01,1.265890187540269496e-01,2.593550154298177035e-01,4.418121422109336227e-01,2.180105946381283022e-01,-6.642979470306910328e-02,3.294335088799787425e-01,3.983284605128106226e-01,5.118652952885526242e-01,1.176601484686784493e-01,3.794898510185127360e-01,7.744638397623292425e-01,3.549275782435026283e-01,-2.013880715728211535e-01,1.685327756537788879e-01,3.276153534719559723e-01,5.088123483996334073e-01,2.629931214614382728e-01,2.575828886446369093e-01,1.524237061812235283e-01,4.734811557639577173e-01,7.615941559557648510e-01,3.763814941078348908e-01,-2.534974498380744845e-01,2.576849491289956995e-01,3.797492470573122780e-01
8.517785912705422291e-02,4.359186599486475910e-01,1.635724379312628596e-01,2.556220710891457526e-01,1.489011548886807479e-01,2.034094416200311062e-01,1.894555791430937441e-01,2.166024098375019247e-01,-5.813920045811968307e-02,4.126161852991362955e-01,1.404944853048925579e-01,3.781791378016119975e-01,2.019817504913914430e-01,2.212245905496996734e-01,-7.659550819825995671e-02,2.825117300312263158e-02,8.663151124100354483e-02,-3.180946623076963409e-02,8.447900920760365029e-02,-1.674235320906332924e-01,1.345529967624985723e-01,-6.807308870709559423e-02,2.842932539726240049e-01,4.105927083248219200e-01,2.064929577474912958e-01,2.200518580416739034e-01,-7.104805705351310841e-02,1.134011585994790378e-01,-2.732815222209391409e-02,3.347940279534581398e-01,7.529861374046618872e-02,2.487286929655272150e-01,2.801878899101875042e-01,1.288803711630445159e-01,3.097866420544746480e-01,1.425516632183347621e-01,1.942105369496678058e-01,1.380722394020402199e-01,8.046683180627592358e-02,1.883404854751393187e-01,1.721461311679539086e-01,-8.364080206826052244e-02,3.118008506669895930e-01,1.390261062633952049e-01,8.518234811765527936e-02,2.479976186881695799e-01,2.736466466917664153e-01,-2.371251754462862932e-02,-4.092562721287273941e-02,-1.787602870190869442e-01,-4.063975503684476992e-02,3.172314294643727856e-02,-1.497764538476880625e-01,1.266384437577107447e-01,-1.144887870197846408e-01,2.706444385766682004e-01,3.423611197143772156e-01,7.472011074816141407e-02,2.840492358302675879e-01,-2.568325094893929017e-01,1.249100762338793275e-01,-1.661948519470354824e-01,3.513753428365412046e-01,2.793523196145923301e-02,2.013830500866809203e-01,1.964246461373108654e-01,4.065245736871745397e-01,2.250928424813362916e-01,4.269511291274427078e-01,4.658395141769145487e-01,3.058912394300390969e-01,2.368267796853377460e-01,2.188844108586850690e-01,3.689320537890941054e-01,4.908510652343582303e-01,3.402228306461458907e-01,3.587633563034330342e-01,2.956913974918726762e-01,4.886949272230898256e-01,3.763814941078349463e-01,7.615941559557648510e-01,5.533335040756804518e-03,1.244760018947770053e-01,4.537245014818396260e-01
2.040322350493351811e-01,2.260498502389405792e-02,1.979641480518661012e-01,3.328457863030343522e-01,1.896260969841675470e-01,3.810632643026457683e-02,1.168460035271477737e-01,3.261754770785511015e-01,-7.348047901290779768e-03,1.100875258702316561e-01,1.155241069722510588e-01,1.511969293927598323e-01,-1.454595060205058146e-02,3.795563496979510454e-01,1.513952263670527709e-01,1.123731827083617879e-01,3.389598999056682160e-01,1.948623884572785459e-01,9.983292062493327734e-02,1.392745531534552994e-01,3.244304629059935330e-01,1.109665623410140828e-01,1.075241988738394189e-01,2.816715194224181373e-01,-1.886479285520492877e-01,-1.240764524885392128e-01,-1.459328076314420032e-03,1.634675309353425254e-01,8.176476466251293013e-03,-3.290499132529243337e-02,-9.401966120856818099e-02,1.585897468911115493e-01,1.675282942147259535e-01,-1.817610255709244463e-02,1.330619964663867782e-01,2.654198316979597405e-01,2.986864887687146752e-01,1.010562390258603616e-01,1.690676193049289178e-01,1.465072854219398590e-01,2.803438392108106303e-01,-1.096024603124482188e-01,3.942883211383703401e-02,1.226760309833804380e-01,5.075144953675528314e-02,1.029643360598835877e-01,4.035925631520363988e-01,-5.726664663052481036e-02,2.252420304389594619e-01,1.664455016595247083e-01,3.048654493597105497e-01,1.846006708775908278e-01,3.528316373620884322e-02,2.037626378972247909e-01,1.586982194211017383e-01,9.971838251979842083e-02,2.126448617839856170e-01,-7.464507102205499012e-02,-1.700545861043687573e-02,1.336349712799261291e-01,1.207305076201695276e-01,4.043801615816997042e-02,-7.780264622873125924e-02,4.827462471960277529e-02,4.352402569012613076e-02,2.398186989666770130e-01,-2.653110926905328723e-03,-7.746919474040539488e-02,-1.535838789804046811e-01,-3.153931334208525117e-01,-6.592423270852797168e-02,7.803524708615212635e-01,2.932191762527130985e-01,9.108497446984664681e-02,8.103379841501025249e-02,1.918701914297295946e-02,-1.159052275747353838e-01,-1.349927991943594349e-02,-1.151904545639213379e-01,-2.534974498380745400e-01,5.533335040756783701e-03,7.615941559557648510e-01,3.379065851222648464e-01,-7.082103386894000874e-02
2.324605579439982528e-01,2.820447695362354179e-01,3.944348003967438898e-01,1.126927076202678818e-01,5.640089700845873910e-01,-1.661525100382641937e-02,3.785235535347397096e-01,4.492683623727507236e-02,2.115379765911371279e-01,1.629767245309514667e-01,3.834325998336964858e-01,7.125036343625712476e-02,-1.400746521555697871e-02,1.992881297456956524e-01,2.766652044756484075e-01,1.692846821347077646e-01,2.220334858142587187e-01,8.015750613553716819e-02,-2.671517683257634834e-02,4.822963437517238661e-01,3.421736113323625150e-01,4.101844771432779924e-01,-4.526508356791082710e-02,2.849258758931345614e-01,2.686639357419856253e-02,-2.587974366900459063e-03,5.176671302991219248e-01,3.901851462260730874e-01,3.662582662160797087e-01,3.533337148576093933e-01,2.572000411798563979e-01,3.306185597614318961e-01,4.620296858876601354e-01,1.476182632708214482e-01,3.660191984866651982e-01,3.147446794745287768e-01,4.017417181769027956e-01,5.971767795023577019e-01,1.217935232763238673e-01,5.131805685271174644e-01,6.758383887622612662e-02,1.702435185239715987e-01,3.440505853764632138e-01,3.575034732200057519e-01,6.549493751512505679e-02,3.528078296764272648e-01,2.875439012759974933e-01,3.625068398984704343e-01,4.110272411292840156e-01,2.118487385329251571e-01,2.427231391171967290e-01,-7.633523181767834509e-02,4.610539647546197939e-01,2.735932829203457928e-01,4.383599557080670728e-01,7.848372760118470237e-02,1.050328017449005114e-01,6.249809960596067887e-02,1.651695871949181438e-01,4.992470495327970825e-01,4.633330302935498302e-01,3.360809767912145696e-01,2.540769537187918536e-01,-1.477565451970583137e-02,3.292727408781315757e-01,5.238112547953641673e-01,3.937717653061034162e-01,1.517729151411534583e-01,-1.403456558166492167e-02,1.187481854804968845e-01,1.633627531894539242e-01,3.188249606490605736e-01,5.756327753166796679e-01,3.902826717661725398e-01,3.236958739514607664e-01,3.836319104508609246e-02,2.315428785977989845e-01,2.576007590267789249e-01,2.496322393159512015e-02,2.576849491289957550e-01,1.244760018947769775e-01,3.379065851222648464e-01,7.615941559557648510e-01,3.988836621669847871e-01
8.687467831115887329e-02,4.729295526597059873e-01,2.115703479983556956e-01,-2.272003135833512363e-02,2.842854119837273097e-01,-8.490782519493846048e-02,1.536710420266292620e-01,-1.440640274500673557e-02,1.419137034251725937e-01,6.063518219442730617e-01,1.386885491868392051e-01,2.979415045440854115e-01,2.169621662182763967e-03,-7.486965958286874445e-02,-1.239430505550807166e-01,1.280700110598219921e-01,1.443575838729880267e-01,8.622001818372825033e-02,4.133566026275021371e-02,8.827673366132275656e-02,2.321156148168106448e-01,1.401576806494261862e-01,2.378391570996656393e-02,5.168531863719219022e-01,1.780820421013267763e-01,1.962194758256329274e-01,2.452510824901188435e-01,3.029190825086123251e-01,1.718700323149470466e-01,5.016706609022998364e-01,2.625028977133532782e-01,1.092113542144736160e-01,3.715165910302682395e-01,1.444754398945078122e-01,4.518742160323673263e-01,8.172594638653928045e-02,1.718940220981107492e-01,3.458674341623204085e-01,-7.827634135379683139e-03,1.785436343535179993e-01,1.456193807098826558e-02,1.901606037634087643e-01,6.620160132452177493e-01,1.427388595755028355e-01,1.499310031221451900e-01,2.435406466651511281e-01,1.458603655773979269e-01,1.416886135418518045e-01,2.321952237606715597e-01,1.133135526849045338e-02,1.130799273721631998e-01,-8.823099394077724145e-02,1.609212106708581835e-01,2.915998279589961939e-01,8.359681563174675700e-02,1.232572943770819801e-01,2.137924947960341826e-01,2.234190783024012084e-01,1.679572592148451393e-01,1.231081054907707945e-01,1.868053758111614393e-01,2.083834618608838285e-01,6.354564728489849879e-01,-2.189248464837712516e-01,1.775133572994239961e-01,3.321666945334971754e-01,4.426491755147760054e-01,5.381015642083231132e-02,4.988284176488667621e-01,3.998283816952485359e-01,4.464272663825529786e-01,8.734477345414295990e-02,5.552414475164860197e-02,7.676203559268820475e-01,4.562913176564415418e-01,2.984997856232087243e-01,3.926695872220314909e-01,6.384193697316516147e-02,3.859307709445280454e-01,3.797492470573123335e-01,4.537245014818396260e-01,-7.082103386894002262e-02,3.988836621669847871e-01,7.615941559557648510e-01
