7.615941559557648510e-01,-1.532054246523666396e-01,-1.788994261345573933e-01,-1.523013772440375557e-01,-7.522819291798220342e-02,1.279696515519710039e-02,2.758303063409179301e-01,-2.671973744985125521e-01,-1.106567439092984162e-01,4.770041384785104338e-02,-3.036576046199859213e-01,-3.573005191700813210e-01,6.316240337566855212e-01,-5.000431395865052586e-01,-1.279697788812952930e-01,3.713944556913976180e-01,5.101126749541947669e-01,6.745501548267912595e-01,-3.454272873148837020e-01,-1.008062570657251439e-01,-1.549641835821718473e-02,-1.067109065822765823e-01,-2.974814269307301529e-01,-2.677422614556285718e-01,3.175991040900314477e-01,1.946208782025098116e-01,-8.195019200964052952e-02,4.467195306530549748e-01,2.737487366721849114e-01,-1.254665774249375844e-02,1.992266373917933320e-01,3.727017757382420499e-02,2.094900207784736734e-01,2.450202906093445487e-01,-3.802243936187203466e-01,-2.711802449123571490e-01,-2.840815460893840183e-01,-1.389713549665592962e-01,-2.038131377448908765e-01,5.983046437085695612e-02,-3.992289508517031793e-01,-1.072763581566145569e-01,-5.641865789197106351e-02,-1.940302019859954652e-01,-2.809282494131876140e-01,2.766939927342303984e-01,-5.796422468207658163e-01,-1.314924837524317769e-01,2.375342082988838102e-02,2.488181047854904626e-01,3.774527279453273598e-01,-3.464891542103744615e-01,-9.651740739776662470e-02,-2.679762234618945360e-01,-1.907686298587755180e-01,-5.134630956887641373e-01,-2.531505958130545464e-01,1.642271181554683934e-01,-4.726209128709334129e-02,-2.206345347534399703e-01,3.774679776879502069e-01,-1.303789515474450822e-01,-4.415986653266752437e-01,-2.456540798406284601e-02,6.344564779839401147e-02,2.569508555388089893e-02,-1.683937215557743811e-02,3.268049923801891188e-02,-6.128938304893345040e-02,1.878585204241249584e-02,7.766394154416356166e-02,-1.740311383336745898e-01,-1.327971254883902885e-01,-2.171618531930169238e-01,-8.472469887213597561e-02,1.617717701403980635e-01,2.952599545617057841e-01,-3.025915974063613234e-01,-6.396224203090816740e-02,-1.382689145501511119e-01,-8.604642003575402320e-02,-2.849948955251236371e-01,-1.451993840026113147e-01,-2.559616948213409016e-01
-1.532054246523666396e-01,7.615941559557648510e-01,-5.444034798680079668e-01,-3.852272562990730065e-01,-4.048623112106750632e-01,-8.561475920587677257e-02,-4.491957225323953695e-01,5.969813028700794028e-02,-4.086669644289885328e-01,-2.543705906248929782e-01,-4.987448395004558943e-01,-1.957161130522862003e-01,-2.231058717209270792e-01,-3.520204232572676228e-01,-4.742645697103342051e-01,1.516644325512797320e-01,-2.641567917852516989e-01,-4.237263053347677805e-02,-6.669973409115380614e-01,-7.384243914025232502e-01,7.353932925685895405e-01,-5.571478149876506469e-01,3.292705288677717501e-01,7.678362352615686337e-02,2.434345096940543907e-01,-8.706685442110345674e-02,-3.096244085681500446e-01,-2.645375249346434421e-01,-5.611418185712881666e-03,-7.266498913560855144e-02,-4.278889780769604134e-01,-2.705160681415970658e-01,9.153323062849337555e-02,2.665215112225726712e-01,6.155915087026464505e-01,-5.212907333340912608e-01,-4.010706547333416361e-01,-4.252476823084921365e-01,-1.349117453398702426e-01,-3.931527824948957139e-01,6.736175185829543222e-02,-4.234600359147673299e-01,-1.333094560592363031e-01,-4.919492583979174771e-01,-2.449128725568794351e-01,-2.303343658985322617e-01,-3.354224533975134759e-01,-3.363431608065683420e-01,1.594752813597562491e-01,-5.101241969893133277e-01,1.176038510635860485e-01,-6.124444425034836215e-01,-7.545155812874742018e-01,4.002408901259891794e-01,-6.129651914950301483e-01,1.387831087337325353e-01,2.018821374676415814e-01,3.535652655299929004e-01,5.307751962994065875e-03,-4.501231642036954694e-01,-2.317403846852607030e-01,-3.197240424748117038e-02,-4.896634487390785773e-01,-2.705993794645699668e-01,-3.640426669975161400e-01,-4.082847187130562994e-02,-2.373654490006633366e-01,9.460449240560896145e-02,2.604716034447875916e-01,3.059771241859660651e-01,5.495167905438385070e-01,-3.610015079600720211e-01,-5.147207059942674467e-01,4.075803783110412692e-01,1.143672136442338283e-01,-6.614739931892391067e-02,-1.195585487967267130e-01,-8.178830102995943152e-02,1.719315885143361533e-01,2.976323494394191305e-01,4.559998839045329433e-01,-4.012890560840822185e-01,-3.993235488233266572e-01,3.229973135947851182e-01
-1.788994261345574488e-01,-5.444034798680079668e-01,7.615941559557648510e-01,3.719464266165273258e-02,4.489059950567877433e-01,-1.454167825901373501e-01,7.975654042484021933e-02,1.898620185042271535e-01,3.147500302625929613e-01,-1.047964938063213926e-02,7.493163994977338760e-01,1.394689957918602008e-01,-2.914929729324941543e-01,4.216912080648477223e-01,3.490137491565426520e-01,-3.867638769841663660e-01,-2.362497887202099911e-01,-2.711379281738582891e-01,7.709623640154652513e-01,3.828144517654029633e-01,-4.489215472573201970e-01,2.697259561395524696e-01,-7.285481938864130091e-02,-2.198834013433476411e-02,-3.947441764445188683e-01,-1.484087243066238293e-01,1.880268622580217319e-01,2.277810210003717861e-01,-3.781137807503828219e-01,-3.926260034872518928e-02,1.389786627810361552e-01,9.886375667359202646e-02,-1.968441781294133497e-02,-2.945343252793333200e-01,-2.464827002536945366e-01,9.092471712690741725e-01,1.477174950282257593e-01,4.865850530482784264e-01,-1.938491380519999363e-01,-2.871839417122291557e-02,7.654936490221009304e-02,2.190899040725721725e-01,-2.181142752685034381e-01,6.816384214113843099e-01,1.795270148722347137e-01,-9.527250652329617708e-02,3.350543166715181931e-01,2.551684937055424540e-01,-3.247422501858838739e-01,-8.950157957952051269e-02,-2.536979535089557425e-01,6.838300763838875973e-01,3.897483197118407627e-01,-2.270283200593184170e-01,2.202095759738848801e-01,8.416835343372704170e-02,-1.490543932646631042e-01,-3.664424953219002079e-01,-2.867080881876634679e-01,1.350860666216670836e-01,1.052537239594809049e-01,-4.281088378454438459e-01,3.232121635620852085e-01,1.920668192316984935e-01,1.210783930761899219e-01,-1.364465302437946337e-01,-2.965678751938267688e-01,-5.418215538165983142e-02,-4.208410335946842218e-01,-4.740813716054478877e-01,-4.311677355494673569e-01,3.588782008558576431e-01,2.686066972536244046e-01,-4.206634119781358372e-01,4.222481599782276079e-02,1.396001194966095364e-02,-2.484798378466129554e-01,-1.543164042367446698e-01,-3.203251675494346862e-01,-5.586651550640719943e-01,-4.390309535047896561e-01,2.664451250395292736e-01,2.140303750273745143e-01,-3.217535019070830171e-01
-1.523013772440375557e-01,-3.852272562990730620e-01,3.719464266165271177e-02,7.615941559557648510e-01,2.972504512064975679e-01,1.047143534501769890e-01,3.951792464778114411e-01,7.283737056163969159e-02,8.197347973156325629e-02,1.001134250568019024e-01,2.143542210202573073e-01,2.544664294879309674e-01,2.070247032433491230e-01,3.095788984244819964e-01,1.270947224402460274e-01,-4.057215284620482865e-01,1.963842152732730995e-01,-2.320275933374285615e-01,2.996340600726724035e-01,2.046003393182168895e-01,-2.689255582607373851e-01,-7.801893436451837194e-02,-1.459432980378359557e-01,1.890335896428459173e-01,-3.685498252394910357e-01,1.059402297801457365e-02,-9.578885355783658961e-02,2.963986557221881535e-04,-2.557891831585718534e-01,8.158147331060808249e-02,2.690152134148784402e-01,1.650065544054039046e-01,2.587006506670008060e-02,-1.520521704355019543e-01,-2.396526786144578258e-01,1.783404892079862303e-01,3.663464847638003841e-01,2.087930106249127893e-01,2.908027606018002698e-01,3.031105802379187586e-01,2.076709174978045025e-01,6.607818316585743756e-02,1.735708803487463758e-01,1.672372177966642282e-01,2.815275882058009826e-01,2.572171982791455203e-01,1.746787748372828353e-01,1.144472720460939646e-01,-2.394420530775568379e-01,2.948539930167280998e-01,1.778002204214301427e-02,2.765559748869963475e-01,3.467759818807644168e-01,-1.246051281337321182e-01,2.047309086643814280e-01,7.197629218436109311e-02,1.626555721486339368e-01,-2.554907415264252024e-01,1.287839061870479918e-01,1.134222259074427475e-01,2.030421730709651429e-01,-1.608894748601756852e-01,4.013241581524634727e-01,8.905972590059040017e-02,-7.029428085242256374e-02,1.367459530829719661e-01,3.206018949971665699e-01,-2.338597893490401980e-01,-2.355662877344332773e-01,-3.058151994370778004e-01,5.349728505043363502e-02,5.153340477314375390e-01,1.780939529707167568e-01,-1.788004032183409808e-01,3.467711537914034969e-01,3.872958622765611952e-02,8.313759537914504338e-02,-1.572989538381579788e-01,-1.619832444222991386e-01,-2.217206199958150215e-01,-9.412993031105927610e-02,4.421620866625665669e-01,2.463385037400541155e-01,-2.972136636194878112e-01
-7.522819291798220342e-02,-4.048623112106750632e-01,4.489059950567876878e-01,2.972504512064975124e-01,7.615941559557648510e-01,-3.991617591570887913e-01,1.879120444529379652e-01,-2.450033308365152929e-01,8.220965101899033733e-01,2.629702474300001092e-02,7.270516238521093078e-01,-1.464301030814145477e-01,-2.452348351401929458e-02,-1.259751330128019708e-01,3.763056727743774865e-01,-3.889740625225667769e-01,-6.836717261985449101e-02,-1.592628845222243128e-01,4.065489120339263462e-01,3.740700895936170389e-01,-1.908978562806788459e-01,8.041276906829177007e-02,-2.917990488795192405e-01,-2.305870315433497797e-01,-4.072982076697831966e-01,-2.685101060475529322e-01,3.886030756594084368e-01,3.066751506008345562e-01,-2.817378195348631542e-01,1.630610809339762268e-01,2.023950808662954293e-01,-1.850666707221240992e-01,1.400052658032413244e-01,3.481031334048710624e-02,-3.436240044102658042e-01,5.891714009960358212e-01,3.097620621449230227e-01,8.599701668272183852e-01,-1.573790933029663996e-01,2.618464324435060830e-01,1.980703857810803617e-02,7.398967951777452035e-01,9.542550407891099706e-02,8.045231452020413787e-01,-6.541103984328797138e-02,1.807821297456055909e-01,-6.605214855889406100e-02,3.279363107340156902e-01,-2.186801501892766952e-01,4.271681663119195754e-02,1.102086043185430096e-02,4.818726005743256824e-01,3.871451978721927034e-01,1.148039083787124291e-02,2.355419936375471590e-01,-9.586132292024422685e-02,-4.135991423251417221e-01,-2.909279239130498351e-01,-1.398522630956372248e-01,4.517101832565581510e-01,2.689187661135943874e-01,-2.124069809816490628e-01,2.518007143624670374e-01,4.297918713604607088e-01,-2.793772182431775719e-01,-1.846953500417026009e-02,-3.352895987574610048e-01,-2.617081535357859146e-01,-4.657888307863041755e-01,-3.088128323171234202e-01,-6.431099250047105087e-02,3.057515696441940878e-01,1.310099467217771263e-01,-2.043452759105899574e-01,3.080410448592565270e-02,-1.814831082915280558e-01,-5.071035452141985367e-01,-3.119662129646634252e-01,-4.853503469089824884e-01,-3.840273227806553225e-01,-1.661604462637224500e-01,1.207086860558534008e-01,1.546982422162893056e-01,-2.862640181374865311e-01
1.279696515519709345e-02,-8.561475920587677257e-02,-1.454167825901374056e-01,1.047143534501769613e-01,-3.991617591570889023e-01,7.615941559557648510e-01,3.837327372946409965e-02,6.089624020400724591e-01,-4.640183976794546306e-01,1.897797099599131954e-01,-3.586819950177451144e-01,5.144962990003425496e-01,2.745102666462015950e-01,2.422104704433059308e-01,-2.905338961054995117e-01,-3.928849430371666313e-02,2.326767351864572897e-01,-7.838689468579436437e-02,-2.202130958659395121e-01,-1.380808206355126910e-01,2.390752556176036978e-02,-1.194232623580595148e-01,4.185735265934107385e-01,4.940915980249415140e-01,3.244033580461189170e-01,4.667029224497361573e-01,-1.283549920132253108e-01,-5.072898158758081671e-02,-8.141597354059776359e-02,9.188991490489038794e-02,7.909066201870967872e-02,6.914190781564417965e-02,-2.356392023569200966e-01,-3.351541669900308662e-01,-1.632950286991297351e-01,-1.838061877541021794e-01,-3.437023556363271171e-01,-3.913680795805207779e-01,4.557479137128950253e-01,-1.769703494926079534e-01,1.677671408835307298e-01,-5.176614092209136375e-01,-1.861052335132844515e-01,-4.404045152390014262e-01,4.286229202189124621e-01,-1.068993615681994580e-01,1.333459636590875186e-02,-3.296840103659230969e-01,-4.846159306999601735e-01,-2.155051926819121638e-02,-3.031994620603081225e-01,-2.778866861989182091e-01,-1.312402734014446737e-01,-2.677852360916021524e-01,-3.003486597488367882e-01,1.062301734885658516e-01,4.155787184044799076e-01,-2.178006985524271188e-01,-2.334411896139285403e-01,-3.723278891007422153e-01,-6.019786327466867398e-02,-4.560185929353316459e-01,7.444708207672198763e-02,-2.794388186677740915e-01,3.022560866507754129e-01,-2.198497202683116214e-01,-2.968774129270971840e-01,4.395978938655476509e-01,6.981316352505313738e-02,-6.624204781430502453e-02,-2.511292400187566110e-02,1.335307236163885969e-01,-6.150566698925522685e-02,1.137959854549096400e-01,1.575842287621531390e-01,1.646784519182842021e-01,2.107121839265619911e-01,1.402401534583819220e-01,3.123558711068211841e-02,-2.999035499079524825e-01,3.862092574361012526e-02,7.818703556871516025e-02,-1.658820251522465650e-01,3.887800231337192741e-02
2.758303063409179856e-01,-4.491957225323953695e-01,7.975654042484021933e-02,3.951792464778114411e-01,1.879120444529380762e-01,3.837327372946414822e-02,7.615941559557648510e-01,-2.192212643828871654e-01,1.191500264702353290e-01,3.462346222017050335e-01,8.491556595569448029e-02,-1.070015554105576000e-01,5.848586320200714894e-01,-4.978795992408651672e-01,2.196431954406538600e-01,1.195806379631021016e-01,4.444028802877588169e-01,2.326371383528708092e-01,1.294642067397319338e-02,3.925502999012088212e-01,-1.693496717753243674e-01,3.191448184062329885e-01,-3.481780104060236969e-01,-9.577425823873315924e-02,-3.738990717326234198e-02,4.567511651034890374e-02,3.214400818173758778e-01,3.064988946013442184e-01,2.346385388630701507e-01,-7.177630483690602969e-02,3.578161118945845653e-01,1.122517609971003943e-01,3.925698909149074045e-01,2.208495682887913758e-01,-4.359858406713130741e-01,7.952844908533750201e-02,1.113628002024242836e-01,1.071924568958294577e-01,-1.559442770688783701e-03,7.684715057680392425e-01,-2.587349828380121064e-01,1.318719633475542996e-01,3.581788848868798780e-01,9.442929529550751766e-02,-1.468468443235285692e-01,5.161632146316903480e-01,-5.228797628691106425e-01,1.170778679099193642e-01,6.559352209936789024e-02,3.547278066901460858e-01,2.603434262562699941e-01,-2.462576440245848198e-03,4.055578247545965631e-01,-7.122668043553841144e-02,3.331218647588681248e-01,-3.380791412883715208e-01,-1.430030484939665558e-01,-1.771138561812115320e-01,-9.417135269683220289e-02,2.948532404377219862e-01,4.467050733547526797e-01,1.781488578681798829e-01,-5.068128444462009080e-02,3.104921368353757982e-01,-3.861266313810027273e-02,8.191061453957097782e-02,1.354779621077618346e-01,-2.740188907046761102e-01,-4.441414014584899594e-01,-3.453257418151261526e-01,1.718174746220153815e-01,1.712926506844766050e-01,-4.186153565394928888e-02,-1.455805963274546810e-01,5.722934100976773131e-02,-3.786231651719262903e-02,1.560901441580156701e-01,-3.101817251889369409e-01,-2.809217988971091651e-01,-2.915335697644909629e-01,-1.054626191419755395e-02,-3.057266558446426405e-02,-9.921305020484881554e-02,-2.599105850313523369e-01
-2.671973744985125521e-01,5.969813028700794028e-02,1.898620185042270425e-01,7.283737056163974710e-02,-2.450033308365152374e-01,6.089624020400725701e-01,-2.192212643828871377e-01,7.615941559557648510e-01,-3.585133362305553129e-01,1.195538953448744696e-01,8.880484479415211643e-03,7.107242671457666416e-01,-1.698234701242520017e-01,4.950688781486472512e-01,-3.376732084118794774e-01,-4.531114872096952406e-01,-2.666242731605157901e-01,-4.671833705282344429e-01,1.023375375826115624e-01,-2.561097941681218515e-01,1.203689497479905335e-01,-2.668955558303057196e-01,7.031173580041132354e-01,7.059047917930950655e-01,-9.488063147024519695e-02,9.064737866318474391e-02,-2.606737344631993580e-01,3.114314319559430971e-02,-5.330374260031135458e-01,2.068756065381950615e-01,1.930309927261265532e-02,1.203021551718602700e-02,-2.765923952544706022e-01,-3.680556485218902663e-01,-5.199323396399222613e-02,1.612423935195285429e-01,-1.864875469772719618e-01,-2.268758380482367720e-01,2.470251929753107256e-01,-2.294368154814055705e-01,6.723624865829506136e-01,-4.636471993876181141e-01,-8.564182763805248955e-02,-1.609969785295624067e-01,6.905251820763229631e-01,-1.299289007547167196e-01,2.403747929525945348e-01,-3.317592576329797538e-01,-6.072829431932249555e-01,-2.717995025800140629e-01,-4.584454870975515628e-01,-1.402321884138176510e-03,-2.299114255035495935e-01,-6.436420074257333257e-02,-4.371541346307060705e-01,4.810402211647597515e-01,6.501494642643833588e-01,-3.377509167934016898e-01,-3.923127712053387506e-01,-4.629440618790600093e-01,1.951915949513312667e-02,-6.642314189601387087e-01,3.443336548187779789e-01,-2.259140820046346698e-01,2.388691849564379688e-01,-1.851530293897005464e-01,-4.402946050295591385e-01,3.298300779457098986e-01,-1.247932483774007867e-01,-2.718901103232677641e-01,-1.344569944409639839e-01,2.510972287295966110e-01,7.524878415139321652e-02,1.157342720358106869e-01,3.273477989105372798e-01,2.505308277908301906e-01,-9.610771581398755425e-02,1.236734372403841403e-01,-2.083013106254047175e-01,-4.388378559930892764e-01,-4.609408972500494972e-02,3.368150796659048485e-01,-4.110956094069375538e-02,6.779647076260619798e-02
-1.106567439092984023e-01,-4.086669644289886993e-01,3.147500302625931279e-01,8.197347973156328405e-02,8.220965101899032623e-01,-4.640183976794546306e-01,1.191500264702352874e-01,-3.585133362305553129e-01,7.615941559557648510e-01,-8.702357103770758107e-02,5.450200628860414342e-01,-2.337822511469196951e-01,-9.342931735470703936e-02,-2.020486292530999650e-01,3.589490809252973147e-01,-4.180113123055343993e-01,-1.062274438097511736e-01,-1.523742962583354565e-01,3.105166254027895145e-01,2.628816998308156072e-01,-2.114872225586654497e-01,1.026072451044882268e-02,-4.266948562271224987e-01,-2.234535360188500686e-01,-3.840181394993132935e-01,-3.151356255528987571e-01,1.923925586017959100e-01,2.046799857951319690e-01,-3.291640387353146346e-01,1.561827280136605413e-02,2.763921003234561247e-01,-2.705271302015324064e-01,2.000438173736883776e-02,-8.962893793971152268e-02,-3.390207666568584299e-01,5.137669225324651423e-01,1.549504386595541017e-01,6.972649121630440927e-01,-2.735082427494545665e-01,1.143246462224115079e-01,-1.070529444078370390e-01,9.323039314594619986e-01,-1.040783139334195417e-01,7.279846086935544136e-01,-1.893536629878666833e-01,1.534981768503842874e-02,-2.568809484919507002e-01,2.521510165194347786e-01,-2.500889647335117760e-01,-2.842069012091955754e-02,-1.284175592179289116e-01,3.931217953913281327e-01,2.778892236669943672e-01,-4.006954657729884517e-02,1.879233095323121494e-01,-2.264376294328443728e-01,-3.703936673588976158e-01,-2.323928599441007214e-01,-1.336922490363078309e-01,3.623768734438242989e-01,5.694711716280095176e-02,-2.521277550021975289e-01,2.299928331319823216e-01,3.598001812342122574e-01,-3.256072730019133332e-01,-1.839786447223484278e-01,-2.914993449775390433e-01,-2.703233378339668924e-01,-3.540798268248962488e-01,-2.364350579590737966e-01,-1.775807154699367008e-01,6.784575078133904535e-02,5.069337568203748090e-02,-1.737772117431770069e-01,-9.520773992029647748e-02,-4.578140032681490834e-02,-4.267622319763410554e-01,-2.681669065021417553e-01,-4.193446528463164458e-01,-2.470676650538145280e-01,-2.171064178742530826e-01,-9.798173578080179857e-02,-5.008143378481696995e-02,-1.671639186681543321e-01
4.770041384785104338e-02,-2.543705906248929782e-01,-1.047964938063217048e-02,1.001134250568019302e-01,2.629702474300001092e-02,1.897797099599131954e-01,3.462346222017050335e-01,1.195538953448744696e-01,-8.702357103770758107e-02,7.615941559557648510e-01,7.748634910246143120e-03,3.667677344118682736e-01,2.367688710815040731e-01,-1.332079471163126472e-01,1.062077602022854922e-01,2.081839864121150518e-01,3.806064182005601815e-01,2.981083349081130041e-01,-6.403480689871619835e-02,4.885666145104654995e-02,-2.461196228155235199e-01,1.246874760224609829e-01,-2.013178949658284700e-01,3.082389395489849027e-01,2.415628864520352470e-01,3.856101692291346028e-01,-2.752290112108575493e-02,8.426433844122133143e-02,-2.562227416154201354e-01,2.317769637956656748e-01,9.152036707625273160e-02,7.660478211260846049e-02,-6.526056252455168794e-02,-2.027892648686823729e-01,-2.887136779326698877e-01,-5.866184986320388539e-02,-1.797713055474186028e-01,5.931173255700727953e-02,-8.238655271306161154e-02,1.532755903449673773e-01,-1.023359550019121850e-01,-2.771086169664304169e-02,3.490193322714315038e-01,4.881252666851181032e-02,1.800353856826155396e-01,-4.465328526266009249e-03,-8.585665720116109068e-02,4.183174266199937708e-02,-3.000710280577119637e-01,1.350857309506640347e-01,5.192423923892204585e-02,4.109108203800170001e-02,1.272496124083166980e-01,-4.184210903315525587e-01,1.268272311685776366e-01,-3.404254517978078654e-01,1.039270622831659496e-01,-1.705988078895110394e-01,-1.931931756572774217e-01,-1.300930993261979474e-01,2.515548714438429201e-01,-3.593938404155250788e-01,1.725032197253298372e-01,-3.203673636316169138e-02,1.650264596850829768e-02,-3.382417105386241740e-01,-9.108532005379751939e-02,-2.528834692929347594e-01,-1.281832073076736578e-01,-1.918666315515963894e-01,-1.087032327751899681e-02,2.485366362944703422e-01,-3.139368702451020288e-01,-7.994946726673057835e-02,6.478414301101707851e-02,-1.722417198427661500e-01,1.605220287001608015e-01,-3.321706327954105364e-01,-1.712388901660014673e-01,-3.751992513430360554e-01,2.184630966961702836e-01,5.583515712418182786e-02,-1.972427424152755904e-01,-3.436507643136984536e-01
-3.036576046199858658e-01,-4.987448395004558943e-01,7.493163994977338760e-01,2.143542210202572795e-01,7.270516238521091967e-01,-3.586819950177451144e-01,8.491556595569442478e-02,8.880484479415142254e-03,5.450200628860416563e-01,7.748634910246163937e-03,7.615941559557648510e-01,1.822229912987529885e-02,-2.543001445750422418e-01,3.716767990526423371e-01,2.923032628228809382e-01,-3.937166936999707545e-01,-1.075676558443331710e-01,-2.237478438565343730e-01,8.384459703951544496e-01,2.396226120511704694e-01,-4.308621674405400670e-01,5.764882325242971089e-02,-3.141827884125381054e-01,-1.292697708151736291e-01,-4.546500674331282466e-01,-2.722948915846314377e-01,1.357259391042496821e-01,2.190363330337629366e-01,-3.783015706095520514e-01,1.639181415232696809e-02,1.186480755414037469e-01,2.567731250212980376e-02,8.947664398064041069e-02,-3.836724493137553815e-01,-3.384225873737384260e-01,7.864861585398728039e-01,1.822174145621354158e-01,6.707005962073779859e-01,-3.605782512088314684e-01,7.860532003914690036e-02,7.122413865828422508e-02,3.525840014527989452e-01,-1.143214474950932924e-01,9.162072635605825743e-01,3.649211372770622824e-02,-1.041139484521902137e-01,3.907634645922447580e-01,2.203804661760094263e-01,-3.548704415128507428e-01,4.416601645798640119e-02,-1.664534988193155096e-01,8.501270092717990723e-01,3.070619364438634813e-01,-2.229880050719446338e-01,1.492261281771321557e-01,-1.341756681351995162e-01,-3.108201015247722410e-01,-4.106875535653797815e-01,-3.163635563936262884e-01,1.768256851679577968e-01,8.089110506239675924e-02,-3.864479202604891861e-01,3.396023479105363951e-01,1.536610006687575414e-01,-1.005391993646220783e-02,-1.413447952256601664e-02,-4.068587678679770336e-01,-6.687923425349781570e-02,-4.725814225001707114e-01,-3.942554203464671558e-01,-3.099459067602171602e-01,5.345270005849804829e-01,2.807296276073355523e-01,-3.650809141385628620e-01,1.428303061136648733e-01,-9.136180738355922926e-02,-5.039056992146914160e-01,-1.962679812038339300e-01,-4.039552635496074240e-01,-4.639554557559821824e-01,-3.113603678484432868e-01,3.796074193308582312e-01,2.724749954089026316e-01,-3.774597665167961358e-01
-3.573005191700813210e-01,-1.957161130522861725e-01,1.394689957918601730e-01,2.544664294879310784e-01,-1.464301030814145477e-01,5.144962990003425496e-01,-1.070015554105576278e-01,7.107242671457666416e-01,-2.337822511469196951e-01,3.667677344118682181e-01,1.822229912987528497e-02,7.615941559557648510e-01,-7.970473558125432123e-02,5.066876299562871333e-01,-1.450833453979539778e-01,-5.094102466884892211e-01,-1.666555626635894405e-01,-4.640583715929477715e-01,1.620578602252728817e-01,-1.608572120380044428e-03,-1.968874442543688541e-01,-1.072043165497072875e-01,4.044861737432922100e-01,8.387593368015949791e-01,-2.217748519153772968e-01,3.278053344765557431e-01,-3.069819091140502110e-01,1.411171539904938765e-01,-5.506764613852812573e-01,5.198180665164497949e-01,1.289955318127109785e-01,1.996752423625310358e-01,-2.076123327901616133e-01,-4.289519175923969252e-01,-1.663243537801915861e-01,1.546728485242609974e-01,-1.198703745542000487e-01,-7.359992269969962975e-02,2.680141355884387844e-01,-1.760773490332832036e-01,5.229434808852863048e-01,-2.637386702928615212e-01,1.324372931041060408e-01,-5.423260055872656388e-02,9.099187178138284926e-01,2.109178638198274183e-02,3.681446469995030002e-01,-1.686834475896189511e-01,-6.237005496503740254e-01,-1.129771238370806535e-01,-4.752027430491741478e-01,1.294011697996304278e-01,1.349812218170612643e-01,-2.958892813962688551e-01,-1.097679805360427391e-01,3.505717763612370419e-01,6.788552605785932448e-01,-4.160918920080998729e-01,-1.516595205745805419e-01,-3.588311178872753970e-01,1.892414112213732236e-01,-5.787483944995331919e-01,5.592291309778230080e-01,-2.577352865292976136e-01,3.206419333779161329e-01,-2.190826939960999475e-01,-2.677062635044948902e-01,-2.541796317443209118e-03,-1.055557890120677744e-01,-2.254677855181793922e-01,-2.092051242080696372e-01,4.163145983917533877e-01,1.179058642231972376e-01,2.060340038885633274e-01,4.655229782151347195e-01,1.795838749754529451e-01,-3.285314902982607033e-02,-1.099767934524787105e-01,-2.377648130768277579e-01,-3.375495029592907037e-01,1.175460692266375451e-01,4.270881602448827197e-01,1.728505966829096963e-01,-7.539351202458595413e-02
6.316240337566855212e-01,-2.231058717209270792e-01,-2.914929729324940433e-01,2.070247032433490952e-01,-2.452348351401937784e-02,2.745102666462016505e-01,5.848586320200714894e-01,-1.698234701242520017e-01,-9.342931735470702548e-02,2.367688710815040454e-01,-2.543001445750422418e-01,-7.970473558125429347e-02,7.615941559557648510e-01,-5.737632054445619412e-01,-2.002139368373898332e-01,1.047429584232893868e-01,7.735191532700442796e-01,3.170723960057624247e-01,-2.694780368504272605e-01,2.512236541323765657e-02,7.437237166765744978e-02,-1.479357380262215638e-01,-3.290905617657493565e-01,4.686108952806653655e-02,1.918191075957618730e-01,1.851022451686978321e-01,-1.772551196823061725e-01,4.642437831357080769e-01,2.669737199040643216e-01,1.049467059361135352e-01,4.584506747210053135e-01,1.721505506198197921e-01,2.847995310715705775e-01,2.410405314268692922e-01,-4.881510738024038010e-01,-3.370904574479476890e-01,-5.551422350468022265e-02,-9.021499396004413474e-02,1.224592416793875427e-01,4.474119957400273795e-01,-2.157687385338512287e-01,-7.501084005754166117e-02,2.258828575733401178e-01,-1.391619612792246163e-01,-9.330828223360410067e-02,6.283182377165196231e-01,-6.391125968422345371e-01,-1.949241025887952783e-01,-8.094531731963397481e-02,5.087689804001702676e-01,2.613181428561114905e-01,-2.340836107388887810e-01,8.507506993847656351e-02,-1.907386468486078068e-01,-7.472426953930190463e-02,-4.816532160234304194e-01,-2.257650127918787303e-02,4.534119677518710229e-02,2.799504830303146952e-02,-1.998168760094636565e-01,4.982516406734195380e-01,3.695349428638321221e-02,-1.151430297603979747e-01,2.410952612928248529e-01,1.582313041529271880e-01,2.912922261477673969e-02,2.266692910965047159e-02,-2.535029129085704380e-02,-3.212339143032367783e-01,-1.386628404760069655e-01,2.502499756464580116e-01,-5.367671995350489778e-02,-1.363628498498747343e-01,-8.654157763049209751e-02,6.135357012756538497e-02,2.214041441179985248e-01,2.356119601552720821e-01,-2.618212881700423544e-01,-2.915889314791904607e-01,-2.088597102888633816e-01,9.079883183887282883e-02,-2.088837952428840017e-01,-1.826665294046893318e-01,-2.874659813393815044e-01
-5.000431395865052586e-01,-3.520204232572676228e-01,4.216912080648477223e-01,3.095788984244819408e-01,-1.259751330128020264e-01,2.422104704433060418e-01,-4.978795992408652227e-01,4.950688781486472512e-01,-2.020486292530999650e-01,-1.332079471163126749e-01,3.716767990526423371e-01,5.066876299562871333e-01,-5.737632054445619412e-01,7.615941559557648510e-01,2.485838140268510355e-01,-3.833175902444861394e-01,-3.478861467302817312e-01,-3.789384033060594348e-01,4.906043121623311354e-01,2.609868594975932043e-01,-3.325623146816619746e-01,1.351142261233133357e-01,3.910082691149772693e-01,1.729690163660545510e-01,-2.690106121519161286e-01,4.046986071467533613e-02,2.461376390599035683e-03,-2.259895744883401447e-01,-4.758730808420438829e-01,2.079208075939665001e-01,-2.619846889369836784e-01,4.246587638932420444e-02,-1.517860235373049704e-01,-5.291578615574915601e-01,-1.742534176627155360e-02,3.738431997397271833e-01,1.547995743345774722e-01,-5.052093179797061823e-02,2.440993299040719600e-02,-5.319328503410413189e-01,3.750661403954542172e-01,-2.993017421383356025e-01,-2.762268534300313383e-01,2.082416661056903928e-01,5.105162241259719735e-01,-5.070889978389229169e-01,8.447124046927303453e-01,1.927725385735564734e-01,-3.633295120975347792e-01,-2.783893537097983373e-01,-3.153531227434688278e-01,4.002213175229552555e-01,2.569173584108648822e-01,-2.677348318435330832e-01,1.341661464324115649e-01,4.693121058493259778e-01,1.015010763342290567e-01,-4.135538251414701549e-01,-2.094862961528499157e-01,-4.315410484972045913e-04,-2.172426117192149952e-01,-4.748859386809466954e-01,3.639255695424636894e-01,-2.582097249820469731e-01,1.573680587464032499e-01,-5.529262938783664066e-02,-3.951186492871490707e-01,-1.406955612895526876e-02,-7.223334342389529927e-02,-1.288147955260445510e-01,-3.155900043093060603e-01,5.262837101156413455e-01,3.358215548552983543e-01,-1.003850145704618668e-01,2.006611111158095873e-01,-8.766947642671139851e-02,-3.296352993389063402e-01,4.721363825789556823e-02,-7.847106602405011511e-02,-1.932146834259018675e-01,-1.547133321738140832e-01,5.358213746038399394e-01,3.213415206020179826e-01,-8.594998028488827491e-02
-1.279697788812952930e-01,-4.742645697103341496e-01,3.490137491565426520e-01,1.270947224402459996e-01,3.763056727743774865e-01,-2.905338961054995117e-01,2.196431954406538878e-01,-3.376732084118794774e-01,3.589490809252973147e-01,1.062077602022855338e-01,2.923032628228808827e-01,-1.450833453979539778e-01,-2.002139368373898332e-01,2.485838140268510077e-01,7.615941559557648510e-01,-4.726235228853382930e-02,-1.057165687637955653e-01,2.556923696636097948e-02,2.640767174339878065e-01,4.487739700294365863e-01,-1.793100421193535576e-01,5.261040367002199902e-01,-3.658609250850089478e-01,-2.226221338888937917e-01,-2.586859332426438285e-01,8.609791551105618057e-02,4.022307848737170510e-01,1.398736251517628815e-01,-3.348157207535031044e-02,-8.835278787981123982e-02,2.592595113790534533e-01,3.662546378843610784e-01,1.811774880600457160e-01,-7.656512696732981071e-02,2.106166628736530488e-01,4.744924217218792761e-01,1.188688600625052577e-01,3.758689543561644641e-01,-8.757875430361722335e-02,2.621845202100492322e-01,-3.136090189763191538e-01,3.387482279929097118e-01,4.470221256697182524e-03,3.711172344022475311e-01,-1.596737007284551035e-01,-2.682109655456329199e-03,2.699629838732651166e-01,9.123389636929505331e-01,3.514950682767872120e-02,-1.119323503399955594e-02,1.066806163845182738e-02,3.082108768163985268e-01,3.825584043439393400e-01,2.571521948374942967e-01,7.375446075881670893e-01,-9.855830595868408928e-02,-3.744313252509026135e-01,-1.944563310976076265e-01,2.136939651922152017e-01,5.136776364261266270e-01,1.305484930311154035e-01,-4.775240965301905290e-03,5.900948353118365408e-02,1.584688437967870511e-01,1.661460590228859280e-01,-3.668534155651909101e-02,1.057833465818287938e-01,-2.973665929104390981e-01,-2.217432368071840243e-01,-1.659950996214098751e-01,-3.090593554866151726e-01,5.759128533403625599e-02,-9.754144725232238855e-02,-2.755924773108305303e-01,-2.666577120771027598e-01,-3.629641319786936493e-01,-1.596843395448249714e-02,-6.615275173675408404e-02,-1.471021370154077801e-01,-3.853453686244358301e-02,-3.660488806739028989e-01,1.003737974162703661e-02,7.812590424786779175e-02,-3.122169060506327920e-01
3.713944556913976180e-01,1.516644325512797598e-01,-3.867638769841663660e-01,-4.057215284620483420e-01,-3.889740625225667769e-01,-3.928849430371666313e-02,1.195806379631020877e-01,-4.531114872096952406e-01,-4.180113123055343993e-01,2.081839864121151074e-01,-3.937166936999706990e-01,-5.094102466884892211e-01,1.047429584232894145e-01,-3.833175902444861949e-01,-4.726235228853378767e-02,7.615941559557648510e-01,3.599545879517971891e-01,8.405929853602548407e-01,-4.590804483715503759e-01,-2.414809410741797502e-01,6.583807927002068017e-02,1.355537414483955205e-01,-3.562563571145819230e-01,-5.124168744049383273e-01,6.580585057465281329e-01,1.719849186736547020e-01,3.370401221900086453e-02,-1.614545917154088239e-01,5.449284922016569555e-01,-1.668157026275557120e-01,-3.237865752515299289e-01,-5.728008908055091941e-02,2.293322877800732240e-01,-4.507468082661377461e-03,3.774064756313942615e-02,-5.150251328912806015e-01,-4.116286793002579825e-01,-3.269804596534190422e-01,-4.603327967159157041e-01,-9.852545690549605051e-02,-7.037302228159045825e-01,-4.049497900666056416e-01,-1.043976142588510375e-02,-3.697980579317374228e-01,-5.969925514416347667e-01,-3.084467026762814368e-01,-2.743931313187184529e-01,-1.387868839791403085e-03,4.000947271139661532e-01,3.531005701585479550e-02,4.484006910779797517e-01,-4.201496554015968776e-01,-3.297788773532246975e-01,-1.501982785945573662e-01,-8.700441774175668441e-02,-5.572988610877834814e-01,-5.217074689098429863e-01,2.830312713172890016e-01,-2.054828518898514922e-01,-2.206717542394215914e-01,-2.407073066000380568e-01,1.585189687069163689e-01,-6.284514003637260426e-01,-2.595734248580869874e-01,-1.811431963925144162e-01,1.882631772554997640e-02,-1.640011036125196553e-01,-8.963217399002296193e-02,4.201447867772661188e-02,2.329721558133738268e-01,1.987134924169580430e-01,-2.792051634553501249e-01,-4.533310925755220655e-01,-1.578523802995731029e-01,-2.349174208062003444e-01,-4.105207698128443550e-01,1.779408753516643071e-01,-2.581285438196326831e-01,1.807149226162788336e-01,9.524366225440210332e-02,6.359776963015621731e-02,-3.290156190776940548e-01,-3.295049022707745578e-01,-1.445917494914956691e-01
5.101126749541945449e-01,-2.641567917852515879e-01,-2.362497887202100189e-01,1.963842152732730995e-01,-6.836717261985449101e-02,2.326767351864573175e-01,4.444028802877588169e-01,-2.666242731605158456e-01,-1.062274438097511736e-01,3.806064182005601260e-01,-1.075676558443331432e-01,-1.666555626635894405e-01,7.735191532700443906e-01,-3.478861467302817312e-01,-1.057165687637955237e-01,3.599545879517971891e-01,7.615941559557648510e-01,5.938835646088418407e-01,-1.561234147047464542e-02,2.949589508430454365e-02,-1.098994904170774445e-01,-5.621699799483209636e-02,-4.837626920485135207e-01,-3.121875773643873614e-02,4.014781920827609762e-01,2.602326221501499171e-01,-2.531889139072300843e-01,1.391293767659478875e-01,1.667377862579508263e-01,6.070244518771154840e-02,2.919436945653799409e-01,1.573505192359574423e-01,3.685371256903118287e-01,-1.252267058647544597e-02,-4.372989677797362029e-01,-3.639557395553417174e-01,-1.692174616484426464e-01,-6.767508862011652193e-02,-1.236770286968198046e-02,2.297686111153962596e-01,-4.028614709100322155e-01,-1.074016957836211039e-01,1.084454586577420360e-01,-7.021012829646684772e-02,-1.608940538235851536e-01,3.458136029436679193e-01,-3.584562961213401677e-01,-1.445174332538590178e-01,-2.204733265465607522e-02,7.210695858521888324e-01,4.281901746431074351e-01,-1.141852692967703677e-02,1.340937461415537824e-01,-3.549555695190929616e-01,-4.236891899473394646e-03,-6.009494372387308436e-01,-2.193384967294074311e-02,2.249257855597847078e-01,6.389800668916048587e-02,-2.688516721077958693e-01,3.151096155857167069e-01,5.994833544127176235e-03,-6.576926942482924643e-02,2.018283260886592420e-02,2.395261209593651797e-01,1.543955856116818182e-01,2.412194737888856966e-01,3.595443173776999291e-02,-9.079510745349245182e-02,-7.196128523246676789e-02,1.599531076016485198e-01,2.329510343884893253e-01,-7.056267162556785488e-02,-7.327982617255043851e-02,1.694706172882062545e-01,2.247174509881280646e-02,3.122029594067169955e-01,-1.298000904113927600e-01,2.337130722040816830e-02,-2.035456758182351278e-01,-7.412158505094183780e-03,1.353722294715959534e-02,-3.014802330366741362e-02,-2.847143561209256601e-01
6.745501548267912595e-01,-4.237263053347677805e-02,-2.711379281738583447e-01,-2.320275933374285615e-01,-1.592628845222242573e-01,-7.838689468579430886e-02,2.326371383528707537e-01,-4.671833705282344429e-01,-1.523742962583354565e-01,2.981083349081130596e-01,-2.237478438565343175e-01,-4.640583715929477715e-01,3.170723960057624247e-01,-3.789384033060594348e-01,2.556923696636097948e-02,8.405929853602547297e-01,5.938835646088418407e-01,7.615941559557648510e-01,-2.962369006217765444e-01,-1.081403397115048987e-01,-3.866283328944094405e-02,1.232283349183243976e-01,-4.827606894815900107e-01,-4.076261160958832841e-01,6.296533524314051888e-01,2.816920728144930441e-01,-9.971606853793279178e-04,1.378268579470924848e-01,3.647092915487146203e-01,-9.218929082522538121e-02,-2.304282405121915733e-02,8.304425645374501064e-03,2.753147374991015695e-01,7.232451557804284170e-02,-1.147055867468301377e-01,-4.158375355939833984e-01,-3.439347854561679574e-01,-2.049152242156562498e-01,-4.169429306060173368e-01,2.020202830280825451e-02,-6.697412888986508106e-01,-1.498624103858481604e-01,1.121696971740690774e-01,-1.762401586342282056e-01,-4.978123250318721715e-01,-1.135372534294126490e-01,-2.937463494628001492e-01,5.211744323231864290e-02,2.850853162806388785e-01,3.021215883372730948e-01,6.360306200244607577e-01,-2.779935901142857602e-01,-1.241915235969363041e-01,-3.267479007738127716e-01,2.649292727742307008e-02,-6.323166788029322971e-01,-4.267361456116307017e-01,3.565059898162542540e-01,-2.627671970163521220e-02,-1.506246158118282052e-01,6.332161353196004427e-02,-1.709993323664753956e-02,-5.530230613093705117e-01,-5.462506717307259035e-02,-6.102660661239001777e-02,-2.091391682771964744e-02,-2.273219813914037143e-02,-1.201334360310486460e-01,8.222519811978354354e-02,2.277782520596763061e-01,2.547585349462711535e-01,-9.324692270586913689e-02,-3.028306134547770756e-01,-1.357749363604132120e-01,-2.283416763807566696e-01,-1.984862760189288478e-01,2.417419653388024892e-01,-2.566569980992519651e-01,1.987666463785708604e-01,3.126701549010379305e-02,7.988606035696087238e-02,-2.475432169797805171e-01,-2.819712614055521205e-01,-1.557649373371199630e-01
-3.454272873148837020e-01,-6.669973409115381724e-01,7.709623640154652513e-01,2.996340600726724035e-01,4.065489120339263462e-01,-2.202130958659394011e-01,1.294642067397324889e-02,1.023375375826115347e-01,3.105166254027895700e-01,-6.403480689871623999e-02,8.384459703951544496e-01,1.620578602252729927e-01,-2.694780368504272605e-01,4.906043121623311354e-01,2.640767174339879175e-01,-4.590804483715504314e-01,-1.561234147047465583e-02,-2.962369006217765444e-01,7.615941559557648510e-01,1.980737249216958096e-01,-6.192478305762447732e-01,-6.629799050390518256e-02,-3.546716517524807211e-01,-1.207864726498257546e-01,-4.765151548572043594e-01,-2.267223316081011242e-01,-1.150213405992401988e-01,4.580436016116296721e-02,-5.712978039882623538e-01,-3.365602455727552400e-02,1.422597006386649710e-01,3.682223897937469959e-02,-5.653865246617277573e-02,-5.656076583909207534e-01,-4.522878323513158105e-01,6.969430133830228913e-01,1.847843887390492323e-01,2.863357658631785485e-01,-4.035444848520107763e-01,-1.592748506058151436e-01,-5.853965127667280430e-03,1.126841866390253799e-01,-1.946470658125832587e-01,6.857014441063082888e-01,2.055240843530211359e-01,-2.717364448441541014e-01,4.632090305247545947e-01,1.358439132189808163e-01,-5.254852938761616077e-01,5.779853769801067409e-02,-3.158666548983190547e-01,9.327964690985498519e-01,3.125404120377451300e-01,-4.837640329623996704e-01,3.266883139564120270e-02,-2.242739111150268971e-01,-2.565895917656968450e-01,-5.632893987527645141e-01,-3.871717634599051716e-01,-1.418249331651818546e-01,-3.760169209547617464e-02,-6.198305321184167660e-01,3.749356721094836975e-01,8.092552756183529761e-02,1.395209689232755068e-01,-1.805269014505224423e-01,-2.849425490946566053e-01,-1.178871778901434408e-01,-5.177914287111514691e-01,-4.963407610316069585e-01,-3.738236193693543208e-01,5.325724849628767910e-01,2.532623184529205762e-01,-4.284173529532802616e-01,2.452998839763692596e-01,9.228608011415366172e-03,-2.936216514883124296e-01,-3.171823624434554345e-01,-3.950796294375955031e-01,-5.465740974321413592e-01,-4.042697960228132659e-01,4.367992048790474424e-01,2.233149912422812133e-01,-4.327977965875002830e-01
-1.008062570657251439e-01,-7.384243914025232502e-01,3.828144517654028522e-01,2.046003393182168895e-01,3.740700895936170389e-01,-1.380808206355126910e-01,3.925502999012088212e-01,-2.561097941681218515e-01,2.628816998308156072e-01,4.885666145104653607e-02,2.396226120511704694e-01,-1.608572120380030550e-03,2.512236541323765310e-02,2.609868594975932599e-01,4.487739700294365863e-01,-2.414809410741797502e-01,2.949589508430446039e-02,-1.081403397115049125e-01,1.980737249216958096e-01,7.615941559557648510e-01,-5.503276185606483795e-01,6.674241965192784232e-01,-4.182909727114569876e-01,-3.258877017177126967e-01,-4.925034865867297662e-01,-2.111784162366127648e-01,1.909266461654516578e-01,1.058982811244972150e-01,-1.533019297848152718e-01,1.742301216533282959e-01,2.843821299016721094e-01,2.240859852827159215e-01,1.046815363218597528e-01,-1.888950009713111500e-01,-3.893201788483890424e-01,4.762024330416676499e-01,3.187973635703987840e-01,4.148378273327471555e-01,-4.413627574335744590e-03,3.744776490700935656e-01,-2.458916459120122633e-01,2.159340420363862478e-01,4.355196367063558088e-02,2.893438799837549369e-01,-4.973464445355542385e-02,1.219799635817133548e-01,3.085902791948142432e-01,4.896718476356899385e-01,-2.782096229153292466e-01,1.344283404694978090e-01,-8.567064573716069720e-02,2.462357755997433006e-01,8.651122548474291518e-01,-2.850851958717665613e-01,5.706911660364405448e-01,-2.188793168185617088e-01,-4.752106074532161384e-01,-4.376018168822566889e-01,-2.148800839851931765e-01,2.320396537886460775e-01,2.038320443123886605e-01,-2.210863254355593110e-01,1.886881174543580675e-01,3.616180129530675580e-01,1.076840057259385031e-01,-5.740259123328380481e-02,3.760572613641969403e-02,-4.318543671538965234e-01,-4.493529323337782100e-01,-2.883416251144493292e-01,-5.943014012853873318e-01,1.567066117004376202e-01,2.435253804495289554e-01,-3.620732277707993108e-01,-6.096475355615162128e-02,-3.257384050675798393e-01,-1.607257683321853398e-02,-3.132326939052529347e-01,-4.087531841097941654e-01,-2.343461165462072948e-01,-4.455422613543580934e-01,-5.331601227787689801e-03,1.204773692110920474e-01,-3.501223965547496930e-01
-1.549641835821724024e-02,7.353932925685895405e-01,-4.489215472573201415e-01,-2.689255582607373296e-01,-1.908978562806788182e-01,2.390752556176036978e-02,-1.693496717753243952e-01,1.203689497479904641e-01,-2.114872225586654497e-01,-2.461196228155235755e-01,-4.308621674405400670e-01,-1.968874442543688541e-01,7.437237166765744978e-02,-3.325623146816619746e-01,-1.793100421193535854e-01,6.583807927002073568e-02,-1.098994904170774306e-01,-3.866283328944097181e-02,-6.192478305762447732e-01,-5.503276185606483795e-01,7.615941559557648510e-01,-3.365694483990244179e-01,4.095538718340839823e-01,7.937592790632042039e-02,1.857364984370596661e-01,-3.421480816491285354e-02,-1.089743302307353695e-01,6.909727413019386977e-02,2.505992942188314809e-01,-1.856610000355969348e-01,-1.910108682610137942e-01,-3.578772703750029288e-02,7.903062053356943450e-02,4.065872581660439633e-01,3.598616712631112491e-01,-4.091575397865501729e-01,-3.614991557321319826e-01,-2.618459430136265143e-01,7.389292146799804339e-02,-1.247480968314929745e-01,2.256253958626083800e-01,-2.421935579386926274e-01,-5.036237009466384279e-02,-3.607603528256659864e-01,-1.918706922420729266e-01,3.833116612711458260e-02,-4.349771453222348594e-01,-1.461752738663864015e-01,1.381694833012005463e-01,-4.024524537996363449e-01,-8.091948112139250859e-03,-5.741753767821133891e-01,-5.476243677443004554e-01,6.072737935299452605e-01,-3.637823929150973412e-01,2.556882014710395445e-01,1.886911752990220736e-01,3.076450761310536297e-01,1.438623770552923398e-01,-2.522113562321710023e-01,-2.173381652066212755e-02,1.514593575686341009e-01,-3.244684033238927623e-01,-2.412244171617984878e-01,-2.015233623249224892e-01,4.894391624379792333e-03,-8.837801989631755006e-02,1.192486266148243832e-03,-4.770588313663149532e-02,5.669225691706122200e-02,4.318349671364439812e-01,-4.435119312173427808e-01,-3.943083375076735786e-01,3.499723893190427315e-01,-3.300185112484132349e-02,-1.070162874146364657e-01,-2.277110004252525313e-02,-2.454510476654067283e-02,-5.266401873874419076e-02,2.284913256844984392e-02,1.215916368937791509e-01,-4.242638202087010146e-01,-3.386143924729247412e-01,1.264556960512736861e-01
-1.067109065822765823e-01,-5.571478149876506469e-01,2.697259561395524696e-01,-7.801893436451837194e-02,8.041276906829179782e-02,-1.194232623580595148e-01,3.191448184062329885e-01,-2.668955558303057196e-01,1.026072451044873941e-02,1.246874760224609274e-01,5.764882325242965538e-02,-1.072043165497072736e-01,-1.479357380262215360e-01,1.351142261233133357e-01,5.261040367002199902e-01,1.355537414483955760e-01,-5.621699799483217963e-02,1.232283349183243698e-01,-6.629799050390507154e-02,6.674241965192784232e-01,-3.365694483990244179e-01,7.615941559557648510e-01,-3.876654695793175232e-01,-3.306502793440719845e-01,-2.240138127195719364e-01,-5.823339632448722852e-02,2.827929210271679650e-01,1.031807404115348513e-02,6.351364750069464493e-02,-2.460841226144329028e-02,9.835773315700657715e-02,2.981264118911277627e-01,2.046589609938365417e-01,-1.908239767853389390e-01,-6.266207606521921603e-02,2.779855467996617535e-01,5.060337316330991431e-02,1.772602435570220236e-01,-1.957463900233576970e-01,2.899579436310355529e-01,-4.020517544807952204e-01,-2.878857812939742203e-02,-1.022729953493225173e-02,4.302511173033275044e-02,-2.496024889768567456e-01,-1.002320266560324247e-01,2.197534861578350762e-01,5.804118477732204129e-01,7.733369159475472765e-02,-1.314294971375431775e-01,-5.544900086991594659e-03,-4.149084738775625676e-03,4.852447136284580020e-01,-5.615566348137745328e-02,7.001145450747893184e-01,-2.708818339009102516e-01,-4.634184381187985147e-01,-2.867761501987364237e-01,-1.535242103671003444e-01,1.658446705889841111e-01,6.058839221606978492e-02,-2.620560552371343360e-02,-1.398999772871414859e-01,5.621031814513717528e-02,1.492884725408169522e-01,2.584234325455434661e-02,-1.303123606316474448e-01,-3.991558715586831507e-01,-3.252618404210786962e-01,-1.592847964135450101e-01,-5.082848943129844033e-01,5.897890668271733861e-02,-3.846440148791852032e-02,-3.356953929945091231e-01,-1.856637242987644876e-01,-5.185189573181495648e-01,-7.309057728090817552e-02,-2.885591986109620199e-01,-2.341808299723656950e-01,-8.674531368407101262e-02,-2.864469412360033385e-01,-1.151614396010159080e-01,-9.782657142335053624e-02,-3.388125577399490607e-01
-2.974814269307300973e-01,3.292705288677718056e-01,-7.285481938864124540e-02,-1.459432980378360667e-01,-2.917990488795192405e-01,4.185735265934107385e-01,-3.481780104060236969e-01,7.031173580041134574e-01,-4.266948562271224987e-01,-2.013178949658284422e-01,-3.141827884125381054e-01,4.044861737432920989e-01,-3.290905617657493565e-01,3.910082691149772693e-01,-3.658609250850089478e-01,-3.562563571145819230e-01,-4.837626920485135207e-01,-4.827606894815900107e-01,-3.546716517524806656e-01,-4.182909727114570431e-01,4.095538718340839268e-01,-3.876654695793175232e-01,7.615941559557648510e-01,4.219529184430184654e-01,-2.584860398365142892e-02,1.095513283443514257e-01,-1.455106208153969516e-01,-9.236728633320753779e-02,-2.839630993557932248e-01,7.338827003206857547e-02,-2.675894428227676425e-01,-2.105935236291684998e-01,-4.196575755903609872e-01,-8.933761084805143249e-02,1.473382419458447445e-01,-5.174098934918129611e-02,-2.885676608798817266e-01,-3.359234955147212820e-01,1.961967213987703129e-01,-4.062126221754557287e-01,5.510780221787419109e-01,-4.766343697287659387e-01,-2.408585430344465927e-01,-3.784868093999507188e-01,3.213741171424403520e-01,-3.143579541632590124e-01,1.694299399019527086e-01,-3.275553867839616773e-01,-4.359251309610771563e-01,-6.067444290104597737e-01,-4.700697635582054001e-01,-3.843932721331938529e-01,-4.330551812884162466e-01,1.093182930918457224e-01,-5.383840687392293933e-01,7.835084582476971038e-01,2.950723691148743333e-01,-2.952140979371432605e-01,-2.631460972714813606e-01,-3.777819271577330662e-01,-2.465562288715686945e-01,-4.522296470675409852e-01,-8.323446882002263902e-02,-3.866804545333578647e-01,-1.350873200287120712e-01,-3.368169295551721731e-01,-4.255555068051276035e-01,3.027370818300038069e-01,-4.677237299776460487e-03,-7.469689112071341286e-02,7.376552708018936644e-02,-2.293259708099653627e-01,-7.046584216116254240e-02,2.640497851391909179e-01,7.712385666913737503e-02,1.522744331147366237e-01,-5.565810239183167918e-02,1.786485607859495880e-02,-1.450963024277603375e-01,-2.274839102973098826e-01,2.010748679608653430e-02,-1.262091905733074282e-01,-1.694805138521095489e-01,1.866914950886724711e-01
-2.677422614556285718e-01,7.678362352615678010e-02,-2.198834013433476411e-02,1.890335896428459173e-01,-2.305870315433497797e-01,4.940915980249415140e-01,-9.577425823873313149e-02,7.059047917930950655e-01,-2.234535360188500686e-01,3.082389395489848471e-01,-1.292697708151736569e-01,8.387593368015949791e-01,4.686108952806653655e-02,1.729690163660545510e-01,-2.226221338888937917e-01,-5.124168744049383273e-01,-3.121875773643866675e-02,-4.076261160958832841e-01,-1.207864726498257546e-01,-3.258877017177126412e-01,7.937592790632039264e-02,-3.306502793440719845e-01,4.219529184430184099e-01,7.615941559557648510e-01,-1.115820451819360543e-01,4.315494217289068124e-01,-3.576511761465179795e-01,9.244075915289255707e-02,-5.811493204946461821e-01,2.172457275097276486e-01,2.751531987673088153e-01,2.684117711874553502e-02,-1.445821474253781991e-01,-3.050377260437078797e-01,2.815118575530160556e-03,1.471238535739489810e-02,-2.322581884982840850e-01,-1.060899719671562769e-01,3.091880957220856097e-01,-5.454970524338946525e-02,5.462938855943360039e-01,-1.960083344020171203e-01,1.016437267310344450e-01,-1.150316553898997618e-01,8.303664785573867668e-01,1.320134442914655537e-01,3.894374652093739175e-03,-2.063718771422865528e-01,-5.922317285345889415e-01,-1.150879035800114608e-01,-3.264581026403858832e-01,-1.105996671292027306e-01,-1.853625176961181120e-01,-9.608607227463064615e-02,-2.724823933400211673e-01,2.986703208891998695e-01,9.160694739457230229e-01,-1.991893186379129488e-01,1.888172163367933531e-02,-4.118783463843503356e-01,1.080006003698992662e-01,-5.462252881430612605e-01,2.984609199174006466e-01,-2.228286092515666672e-01,1.965371557562217708e-01,-2.805968447858218640e-01,-8.506988724917632916e-02,2.426596484390216857e-01,6.073854932994433853e-02,-1.932690860706912650e-01,-5.807663697956466642e-02,2.577179952732190360e-01,-3.026709615603044926e-02,4.288369157032881906e-01,5.131170865772877177e-01,2.894438272823193214e-01,1.869885558612672249e-01,1.391920350665686867e-01,-1.101576862371956705e-01,-3.131196914727679137e-01,7.191334675732212467e-02,2.641145830193473154e-01,-5.595651796030750962e-03,2.395361559606763446e-01
3.175991040900314477e-01,2.434345096940544462e-01,-3.947441764445189794e-01,-3.685498252394910357e-01,-4.072982076697831966e-01,3.244033580461189170e-01,-3.738990717326232810e-02,-9.488063147024508592e-02,-3.840181394993132380e-01,2.415628864520352470e-01,-4.546500674331283021e-01,-2.217748519153772968e-01,1.918191075957619007e-01,-2.690106121519161286e-01,-2.586859332426438285e-01,6.580585057465281329e-01,4.014781920827609762e-01,6.296533524314051888e-01,-4.765151548572045259e-01,-4.925034865867297662e-01,1.857364984370597216e-01,-2.240138127195719364e-01,-2.584860398365140116e-02,-1.115820451819360265e-01,7.615941559557648510e-01,3.810993516222483390e-01,-8.066838513260420063e-02,-5.343032595183029587e-02,3.252349764893044393e-01,-7.888384000837828092e-02,-2.879332187441352442e-01,-1.586468404345596495e-01,9.646961970871097136e-02,-4.677074062441637786e-02,-2.362667362177707248e-03,-5.459847034017631939e-01,-5.720217726695145943e-01,-4.104066551326049361e-01,-2.373831204675612705e-01,-3.012914971491642002e-01,-4.272783387383130016e-01,-4.332332690547494591e-01,-1.611401570747434397e-01,-4.637803061322832709e-01,-2.623595457188656055e-01,-2.664428190754999370e-01,-2.874633406383334533e-01,-2.756168485959849535e-01,1.319673931975769710e-01,-2.802235418021475216e-02,2.927780047727538415e-01,-5.209858545514783890e-01,-4.907223819145358767e-01,-1.917914029497166384e-01,-3.499494275378544073e-01,-3.218953473659245668e-01,-1.074171188803521165e-01,4.362206380516424065e-01,-2.132434568118473928e-01,-3.447773282403764350e-01,-1.913051083781613371e-01,-1.283490610676881472e-01,-4.969588558640335996e-01,-4.569044496162339430e-01,-7.306894269326505431e-02,-1.184040458600393447e-01,-1.594448522248641531e-01,3.356855498801075699e-01,4.252727687294925452e-01,2.352228211487937537e-01,2.235708109189613046e-01,-6.188029517349656616e-02,-4.230481676085120490e-01,2.933519727672015964e-01,-1.186513965963644501e-01,-1.497443460803171700e-01,2.896075179003290145e-01,5.739254487969373819e-02,4.071473687941249420e-01,4.568691286630712639e-02,1.390729637566384957e-01,-2.111699359730702386e-01,-2.700200400977705861e-01,1.566417721823897824e-01
1.946208782025097839e-01,-8.706685442110344286e-02,-1.484087243066238848e-01,1.059402297801457886e-02,-2.685101060475529322e-01,4.667029224497362128e-01,4.567511651034890374e-02,9.064737866318474391e-02,-3.151356255528987571e-01,3.856101692291345473e-01,-2.722948915846314377e-01,3.278053344765558541e-01,1.851022451686978598e-01,4.046986071467533613e-02,8.609791551105622220e-02,1.719849186736547297e-01,2.602326221501498615e-01,2.816920728144929331e-01,-2.267223316081011242e-01,-2.111784162366127648e-01,-3.421480816491283966e-02,-5.823339632448731179e-02,1.095513283443514257e-01,4.315494217289068124e-01,3.810993516222483390e-01,7.615941559557648510e-01,-1.272321610606019227e-01,1.793022720252757385e-01,-1.286128003053764735e-01,2.091525930610048378e-01,2.499466963055660962e-01,5.629839956563064546e-02,-1.586291244366463266e-02,-2.743735605455245308e-01,9.810027035982395172e-02,-1.191789437008784897e-01,-3.889887229596895590e-01,-2.450338128541933169e-01,-9.222398435552532636e-02,-2.181312708396404565e-01,-2.620006869566695595e-01,-2.691367428746181401e-01,-1.948539409059797944e-01,-2.500674451390092479e-01,2.464976810203519664e-01,-1.522263371286018685e-01,-3.667779644606469075e-02,6.511135075332184774e-02,-3.403497713868204322e-01,-9.050604935713503496e-02,-1.031434915165909110e-03,-1.840114974202151643e-01,-1.326266691991340174e-01,-3.405430946916273571e-01,-1.828234729597176533e-02,-6.510885680997563485e-02,1.400752395159426955e-01,-2.290138518191850991e-01,2.695858223059555137e-02,-2.101906543252646531e-01,-1.070187831959898937e-02,-4.898996402583583043e-01,-2.660442610721654999e-01,-3.501428391054176581e-01,2.085194493920415337e-01,-3.302626171200457317e-01,-2.702423932408905549e-01,1.396287313767854699e-01,2.970241868325073642e-01,-5.314178895532832569e-02,-6.937684074564315351e-02,2.819132002655479197e-02,-2.793006093908223519e-01,1.895022768557553805e-01,3.359445154669184197e-02,-4.070163553477088719e-02,2.637582942177078560e-01,-1.625711524190857626e-01,9.279965359150174620e-02,-2.572585352395571068e-01,-7.748419240575914191e-02,-1.110207297866508541e-01,-1.831964451959327833e-01,6.643371291676559987e-02
-8.195019200964052952e-02,-3.096244085681500446e-01,1.880268622580217597e-01,-9.578885355783658961e-02,3.886030756594083813e-01,-1.283549920132253108e-01,3.214400818173758223e-01,-2.606737344631993580e-01,1.923925586017959932e-01,-2.752290112108574799e-02,1.357259391042497376e-01,-3.069819091140502110e-01,-1.772551196823062003e-01,2.461376390599035683e-03,4.022307848737170510e-01,3.370401221900086453e-02,-2.531889139072300288e-01,-9.971606853793001622e-04,-1.150213405992401433e-01,1.909266461654516578e-01,-1.089743302307353834e-01,2.827929210271679095e-01,-1.455106208153970071e-01,-3.576511761465179795e-01,-8.066838513260420063e-02,-1.272321610606019227e-01,7.615941559557648510e-01,-5.882552824337263474e-03,1.438258892204402062e-01,-1.524502420955179127e-01,4.260795791936857618e-02,-1.138207969094726935e-01,1.241424983358584422e-01,-9.962957007080841532e-02,1.081700600462683071e-01,2.361298206814977374e-01,-6.406913273308627310e-02,2.796245764297105585e-01,-1.682143045780952473e-01,3.757777271831302390e-01,-3.048525971794132094e-01,1.238945552521335813e-01,-2.254041735779437061e-01,6.970611965021188128e-02,-3.876030133327386662e-01,-1.244970845319412905e-01,5.837442727498157180e-02,4.260939336827816448e-01,-2.672671922216774201e-02,-3.230866314367778491e-01,-8.214216483669228852e-02,-1.082484252555362403e-01,8.499221954048775951e-02,4.196575716612020029e-02,2.302478016381253878e-01,-5.035771828370248088e-02,-5.388885638821104829e-01,-1.487919346382369223e-01,-1.940367640358245938e-01,8.655897753359290681e-01,-1.344972792015970697e-01,3.920713229068919364e-02,-2.405143435045807854e-01,1.721245571681748743e-01,-3.169242064987191632e-01,-1.588067163290499684e-01,-1.203201796160437570e-01,-1.934898557236330030e-01,-1.176029445160413772e-01,-2.493077914333967637e-01,-1.774785606172241681e-01,-4.162497686249496537e-02,-6.521642311279711446e-02,-3.431551101778285845e-02,-3.800112469322088349e-01,-3.555860334357631714e-01,-8.415783069268237271e-02,-7.581005779469363048e-02,-1.882447951077193329e-03,-2.751721662744623931e-01,-3.194351892951686200e-01,-1.627981293633228854e-01,-2.356478282783505337e-02,-5.493446592222886449e-02
4.467195306530549748e-01,-2.645375249346433866e-01,2.277810210003717861e-01,2.963986557221777451e-04,3.066751506008346118e-01,-5.072898158758085835e-02,3.064988946013442184e-01,3.114314319559434441e-02,2.046799857951320800e-01,8.426433844122135919e-02,2.190363330337628534e-01,1.411171539904939320e-01,4.642437831357082989e-01,-2.259895744883401447e-01,1.398736251517629092e-01,-1.614545917154087962e-01,1.391293767659479985e-01,1.378268579470924848e-01,4.580436016116296721e-02,1.058982811244971595e-01,6.909727413019378650e-02,1.031807404115349901e-02,-9.236728633320752391e-02,9.244075915289255707e-02,-5.343032595183032363e-02,1.793022720252757662e-01,-5.882552824337291229e-03,7.615941559557648510e-01,-1.608672712418938652e-02,1.786226974483546837e-01,3.243190254160746022e-01,4.605416801200249433e-01,2.902616430244194246e-01,6.641720061719691426e-02,-3.517977305256990705e-01,1.780618587610732217e-01,4.687547282905141395e-03,2.684680696078497464e-01,-2.171315231921331149e-03,2.353255140575777893e-01,1.434170985783316810e-01,1.141247683717710459e-01,1.591007436083988202e-01,2.720387207381130823e-01,7.092869124773967804e-02,4.501365307025547158e-01,-2.912550424900482993e-01,1.426677675310479843e-01,-1.572104772200475231e-01,1.474508743153001566e-01,3.226660250132204477e-02,3.024857563416876935e-02,1.803144252077091558e-01,4.591716165022816099e-02,1.196302056346911363e-01,-1.031225436358267494e-01,-3.891614478014232548e-02,3.936333308590996005e-02,2.033946756592447669e-01,-3.410821394860735073e-02,8.239873086657861778e-01,-1.546739967167806984e-01,7.756338686819441719e-02,1.715798264670634066e-01,3.988765822966758856e-01,1.336346482875687691e-01,-9.400430408220120104e-02,-1.077340681651457743e-01,-3.258719280082748582e-01,-2.878938769824294641e-01,-1.161560294284948343e-02,2.231243178162587437e-01,1.698823559264128202e-01,-9.004413058451939122e-02,9.682277667717047176e-02,4.088776959724446658e-02,-2.662135953760199486e-02,-2.695792622974861330e-01,-3.683535005184480626e-01,-2.953982933454298299e-01,-1.023141770837689979e-01,8.747501320172133832e-02,2.450945144557480360e-01,-3.576535004356375946e-01
2.737487366721848003e-01,-5.611418185712992689e-03,-3.781137807503827108e-01,-2.557891831585718534e-01,-2.817378195348631542e-01,-8.141597354059770808e-02,2.346385388630701230e-01,-5.330374260031134348e-01,-3.291640387353147457e-01,-2.562227416154200799e-01,-3.783015706095519404e-01,-5.506764613852812573e-01,2.669737199040643216e-01,-4.758730808420438829e-01,-3.348157207535030350e-02,5.449284922016569555e-01,1.667377862579508263e-01,3.647092915487146203e-01,-5.712978039882623538e-01,-1.533019297848152995e-01,2.505992942188314809e-01,6.351364750069461718e-02,-2.839630993557931693e-01,-5.811493204946460711e-01,3.252349764893045503e-01,-1.286128003053765567e-01,1.438258892204400952e-01,-1.608672712418942816e-02,7.615941559557648510e-01,-2.810492142176648223e-01,-2.482163627302036157e-01,1.037215028135896194e-01,2.577214423978251290e-01,3.023659841778286173e-01,-1.530024325188918399e-01,-4.684222744649736980e-01,-2.851162697555590930e-01,-1.986316574444302596e-01,-2.456679298940083467e-01,9.554825419075232973e-02,-5.385100602829244743e-01,-3.185117648753755248e-01,-2.675864575638987608e-01,-3.005984464729820060e-01,-6.700318454388988210e-01,-4.001983257805903638e-02,-4.561150119265572900e-01,-2.574473479020793557e-02,3.252461836555542440e-01,-1.777807894833545455e-01,1.764655555074936544e-01,-5.521264924714607281e-01,-2.125713426744181844e-01,-1.225385562240473812e-02,-6.504215634314151374e-03,-4.254522849016514896e-01,-5.319448445947710935e-01,2.659457752707657940e-01,-9.715194043038143101e-02,-3.673496830130499463e-02,-1.238730482850900795e-02,5.437322115309989323e-01,-5.861136110351412576e-01,-1.407052790964811173e-01,-2.138288913708704664e-01,1.432846174887895396e-01,-2.064631610617944160e-02,-2.168212529786036069e-01,-2.491183588552262629e-01,-1.180031100839486723e-02,1.543762779948881225e-01,-3.201401797806365801e-01,-3.309644833410468334e-01,-1.505459123427970447e-01,-2.358322993423688507e-01,-3.941677623290388843e-01,7.365431004068907772e-02,-2.731300807732949254e-01,-9.489569552859571100e-02,3.744630421427450756e-02,-5.126468514595263620e-02,-4.247988347286163480e-01,-1.888797800115687153e-01,-3.125140593068657657e-01
-1.254665774249376885e-02,-7.266498913560856532e-02,-3.926260034872518928e-02,8.158147331060808249e-02,1.630610809339762268e-01,9.188991490489037406e-02,-7.177630483690600194e-02,2.068756065381950060e-01,1.561827280136605413e-02,2.317769637956657580e-01,1.639181415232696809e-02,5.198180665164496839e-01,1.049467059361134935e-01,2.079208075939665001e-01,-8.835278787981123982e-02,-1.668157026275557120e-01,6.070244518771154840e-02,-9.218929082522539509e-02,-3.365602455727554482e-02,1.742301216533282682e-01,-1.856610000355969625e-01,-2.460841226144329028e-02,7.338827003206856159e-02,2.172457275097276208e-01,-7.888384000837830867e-02,2.091525930610048378e-01,-1.524502420955179127e-01,1.786226974483546837e-01,-2.810492142176648223e-01,7.615941559557648510e-01,3.467359824345308400e-02,-3.680201591079461550e-03,-1.346800358873167236e-01,-9.960411937836810559e-02,-2.059220835962494167e-01,-2.780940900225006840e-02,-1.471320539340316425e-01,3.200714287292802385e-02,-1.748583629464591782e-01,-2.289195884150793114e-01,1.478968892040998517e-01,9.152287796371517958e-02,1.274321032669839537e-01,5.014531924085514208e-02,3.857359029865773947e-01,-1.296651800539535826e-01,1.519868741437337134e-01,-6.844670788016055107e-02,-3.217817015729538266e-01,-2.309351729182256563e-01,-3.566016405234777586e-01,2.192298555665625828e-02,2.645671460262347674e-01,-4.082656721373943420e-01,2.951190662067518233e-02,-6.551909028939852109e-02,6.852878204332309153e-02,-3.994253752298256299e-01,-1.714362770806667768e-01,-5.552641866227945450e-02,5.823880560005491314e-02,-2.975595898572321873e-01,2.918908418722946374e-01,-1.056349967224340658e-01,1.484331116760624902e-01,-1.972974340464998810e-01,-1.310336626776870961e-01,-1.969703239878235201e-01,-5.050049937767960018e-02,2.790654380753321839e-01,-9.500862394735168359e-02,-8.850075787650377862e-03,1.377570576030636706e-01,2.793559343795310942e-02,4.130365640590697579e-02,2.399743492061836084e-02,5.883855912308873920e-02,-2.609947504691112474e-01,-1.971819146249414179e-01,1.519639137860174516e-01,3.138410132954688181e-01,-2.838438007944986755e-02,9.489767859249473303e-02,-1.087323794538072458e-01
1.992266373917933875e-01,-4.278889780769603579e-01,1.389786627810361552e-01,2.690152134148781071e-01,2.023950808662953738e-01,7.909066201870965096e-02,3.578161118945845098e-01,1.930309927261266920e-02,2.763921003234561802e-01,9.152036707625273160e-02,1.186480755414036914e-01,1.289955318127109229e-01,4.584506747210053135e-01,-2.619846889369837339e-01,2.592595113790533423e-01,-3.237865752515299289e-01,2.919436945653798854e-01,-2.304282405121911570e-02,1.422597006386649154e-01,2.843821299016721094e-01,-1.910108682610137942e-01,9.835773315700659103e-02,-2.675894428227676425e-01,2.751531987673088153e-01,-2.879332187441351887e-01,2.499466963055660962e-01,4.260795791936860394e-02,3.243190254160746022e-01,-2.482163627302036157e-01,3.467359824345305624e-02,7.615941559557648510e-01,1.288364156126490245e-01,2.941624154122582380e-02,-7.967530118432145092e-02,-3.019714085280044147e-01,1.728347450341902458e-01,-6.829708778632572787e-03,1.829123150106694851e-01,2.481824020279740639e-01,2.271790474939196225e-01,1.174657387499091626e-01,2.705695414617713124e-01,7.068104208374681452e-02,1.685083506533497089e-01,1.453079951416407500e-01,4.415858795271776494e-01,-2.682903341522211993e-01,1.451306811509792682e-01,-2.418184713631018057e-01,2.981582471223358510e-01,-8.216763960153676549e-02,1.302943214487032320e-01,2.980274866687452895e-01,-2.704429247833551805e-02,2.583059857188786390e-01,-1.745605104001343166e-01,2.936270139181905159e-01,-2.169353448665823081e-01,1.926321918597000971e-01,1.038284329387331451e-01,4.193568853931901597e-01,-2.159289226700696340e-01,1.166233591121086377e-01,1.417828560770578172e-01,7.814741569342516236e-02,-1.466726821423769977e-01,4.323601818314215528e-02,-1.567621308015270387e-01,-1.548955237195454304e-01,-2.640256212318972118e-01,-2.174674210018039677e-01,4.986406326084952267e-02,-6.911309511534122207e-02,-8.124490974130024745e-02,-1.808294423302276022e-01,-7.765786687719221371e-02,-8.749934945807541498e-02,-1.420627869976986146e-01,-1.510288469889919383e-01,-1.812614721063453005e-01,-1.908125590241664671e-01,9.411686358655219076e-03,-8.216387833775586069e-02,-6.611557108414452266e-02
3.727017757382412172e-02,-2.705160681415971768e-01,9.886375667359206809e-02,1.650065544054038491e-01,-1.850666707221240992e-01,6.914190781564416577e-02,1.122517609971004360e-01,1.203021551718603047e-02,-2.705271302015324619e-01,7.660478211260848824e-02,2.567731250212980376e-02,1.996752423625310080e-01,1.721505506198197921e-01,4.246587638932420444e-02,3.662546378843610784e-01,-5.728008908055096104e-02,1.573505192359574423e-01,8.304425645374501064e-03,3.682223897937465795e-02,2.240859852827158660e-01,-3.578772703750036227e-02,2.981264118911276517e-01,-2.105935236291684720e-01,2.684117711874557666e-02,-1.586468404345596495e-01,5.629839956563063158e-02,-1.138207969094727212e-01,4.605416801200248322e-01,1.037215028135896333e-01,-3.680201591079444202e-03,1.288364156126490245e-01,7.615941559557648510e-01,2.932802132989821287e-01,-1.532251991659683010e-01,-1.320957161822650383e-01,2.845285533804552472e-02,1.319895959647604256e-01,-1.505358907187186873e-02,2.163913170128453356e-01,1.914651136760804895e-01,6.822129560839140794e-02,-3.229032442964487881e-01,2.586741684384789505e-02,-1.638684874083589163e-02,1.107484575138608929e-01,2.507921171775415736e-01,6.572488594236226833e-02,3.887419521087589480e-01,-3.980369218904292183e-02,2.225959230261110866e-01,-1.916712034440544096e-02,4.245843335820238817e-02,2.686536218045179059e-01,8.421995686052585750e-02,3.629285375436600014e-01,-5.391679080246710581e-02,4.380719112222799388e-02,3.547296341429147671e-03,2.785095897902168383e-01,-1.236945660035398131e-01,5.769592029903996000e-01,1.134214873252843564e-01,1.851901448303725772e-01,1.203221038347619676e-01,8.053175503163469973e-01,3.677789130652520111e-01,4.924142891290660823e-02,-1.970301372355461877e-01,-4.793713587579230273e-01,-3.146374624211610849e-01,-2.285645148203714269e-02,1.957836719001770920e-01,2.669220068229034570e-01,-3.607470144786675270e-01,1.994081925164014335e-01,-1.506542541715053807e-01,-6.737083531171982054e-02,-1.316185296629510948e-01,-4.095571818670116215e-01,-2.029059475930667378e-01,-3.958744731627773794e-02,1.325431071060222121e-01,3.743342974498628517e-01,-5.424463642941551589e-01
2.094900207784736179e-01,9.153323062849330616e-02,-1.968441781294134885e-02,2.587006506670006672e-02,1.400052658032413244e-01,-2.356392023569200689e-01,3.925698909149073490e-01,-2.765923952544705466e-01,2.000438173736878225e-02,-6.526056252455171569e-02,8.947664398064035518e-02,-2.076123327901616411e-01,2.847995310715705219e-01,-1.517860235373049704e-01,1.811774880600457160e-01,2.293322877800733350e-01,3.685371256903119397e-01,2.753147374991016250e-01,-5.653865246617272022e-02,1.046815363218598083e-01,7.903062053356942063e-02,2.046589609938365417e-01,-4.196575755903609317e-01,-1.445821474253781991e-01,9.646961970871099912e-02,-1.586291244366463266e-02,1.241424983358584699e-01,2.902616430244195356e-01,2.577214423978251845e-01,-1.346800358873167236e-01,2.941624154122580992e-02,2.932802132989821287e-01,7.615941559557648510e-01,1.174038282296122337e-01,2.163611598090739441e-01,-1.016711389904033369e-01,-3.098114980460504354e-03,1.348565331243370136e-01,-1.427557294810083977e-01,3.005553852126937597e-01,-2.594751565543553795e-01,-8.711970982063681201e-02,1.870574293746052608e-01,7.114915091783019507e-02,-2.178590210971657615e-01,2.589320258031022615e-01,-1.449691013465871092e-01,2.393068916886827158e-01,3.262060752561038446e-01,2.956375793611815683e-01,5.063564057701904764e-01,-8.843630983374550780e-02,7.002719281756117353e-02,1.785084914409134638e-01,1.722489043590095248e-01,-3.640474018341454121e-01,-1.941604715860112407e-02,3.934672111670688976e-01,2.645290138180109718e-01,-2.614894315951702547e-02,3.622688193400617762e-01,2.664146048261744615e-01,-2.130855075618279804e-01,7.437582417379949573e-02,1.554378089485436709e-01,6.640319907376953656e-01,1.244575214673979691e-01,-2.392559992592456775e-01,-2.158234176984453745e-01,-5.478957255958780831e-02,-1.935313382150686407e-02,1.861068910578256574e-01,-1.964726861842190642e-01,-2.948824311170460816e-02,2.339528912559147300e-01,-3.294652358247104340e-01,4.469991463905234087e-03,-7.532610196832427440e-02,-5.118103544148147610e-02,8.159682221289299431e-02,6.989528847690494595e-02,1.304407239990597496e-02,-7.743002251506118927e-02,-2.175995974715194681e-02
2.450202906093445210e-01,2.665215112225726712e-01,-2.945343252793333200e-01,-1.520521704355019543e-01,3.481031334048714093e-02,-3.351541669900306997e-01,2.208495682887913758e-01,-3.680556485218902663e-01,-8.962893793971153655e-02,-2.027892648686823729e-01,-3.836724493137553815e-01,-4.289519175923970362e-01,2.410405314268693200e-01,-5.291578615574916711e-01,-7.656512696732986623e-02,-4.507468082661377461e-03,-1.252267058647544597e-02,7.232451557804300823e-02,-5.656076583909207534e-01,-1.888950009713110945e-01,4.065872581660439633e-01,-1.908239767853389390e-01,-8.933761084805144637e-02,-3.050377260437078797e-01,-4.677074062441637786e-02,-2.743735605455245308e-01,-9.962957007080844307e-02,6.641720061719691426e-02,3.023659841778286173e-01,-9.960411937836807783e-02,-7.967530118432145092e-02,-1.532251991659682455e-01,1.174038282296122060e-01,7.615941559557648510e-01,3.116172239574230979e-02,-3.578088241728575314e-01,-1.760786530571504249e-01,-8.226434994514518484e-02,9.352946036701123567e-02,3.564535856212865395e-01,-1.108483785452563236e-01,-1.050922551662409887e-01,2.937196873674036701e-01,-3.011150116377950825e-01,-3.996395827557669422e-01,5.333786510152337401e-01,-6.254264164024910810e-01,-8.424256545583370948e-02,5.013244734990200957e-01,8.347567458684495081e-03,4.775363104174438211e-01,-5.944241466115341987e-01,-1.637490848613090133e-01,2.444951340236826143e-01,-7.494622843972470472e-02,-1.222178438921260601e-01,-2.189173555507310243e-01,4.145995648264724220e-01,3.554970107012794256e-01,-9.534103459285478421e-02,2.280022604058621893e-01,3.739713822222077710e-01,-4.138679782357379544e-01,2.191486373718027070e-01,-3.523169454093160735e-01,1.471289965859740589e-01,2.205684064380955545e-01,-3.830510870103155385e-01,-2.288789634036518250e-01,7.202054504308083582e-02,2.196993984483463502e-01,-4.161725035118408744e-01,-2.092292471737527138e-01,5.467786994859052258e-02,-2.765729416411993324e-01,3.962528119759950451e-02,-9.280154761035636080e-02,-3.492458539706625453e-01,-1.055857557722083562e-01,2.224130219986754642e-01,1.419181201404646486e-01,-5.227361444638948251e-01,-2.518631977254547905e-01,-1.395186850672741619e-01
-3.802243936187205131e-01,6.155915087026464505e-01,-2.464827002536945366e-01,-2.396526786144577981e-01,-3.436240044102658042e-01,-1.632950286991297073e-01,-4.359858406713130741e-01,-5.199323396399224001e-02,-3.390207666568584299e-01,-2.887136779326698321e-01,-3.384225873737383150e-01,-1.663243537801915584e-01,-4.881510738024037455e-01,-1.742534176627154666e-02,2.106166628736529933e-01,3.774064756313956492e-02,-4.372989677797362029e-01,-1.147055867468301515e-01,-4.522878323513158660e-01,-3.893201788483890424e-01,3.598616712631112491e-01,-6.266207606521921603e-02,1.473382419458447723e-01,2.815118575530174434e-03,-2.362667362177679493e-03,9.810027035982396559e-02,1.081700600462682793e-01,-3.517977305256990705e-01,-1.530024325188917844e-01,-2.059220835962494167e-01,-3.019714085280044147e-01,-1.320957161822651216e-01,2.163611598090738608e-01,3.116172239574228203e-02,7.615941559557648510e-01,-1.865849013419939584e-01,-2.534756351986134359e-01,-3.091819046304367657e-01,-1.722036326662435279e-01,-3.766710820494679202e-01,-4.909585893944198864e-02,-3.287720347861202153e-01,-2.511426259240052694e-01,-3.528616026010705231e-01,-2.080639748337959061e-01,-4.232434876896208897e-01,-3.648633733477085750e-02,3.480385747998665513e-01,2.431986935345453738e-01,-5.357460329516258168e-01,1.312073323283534550e-02,-4.315217351745584407e-01,-3.478173513999514577e-01,5.065855970158132937e-01,3.462364025060395839e-02,2.148069797066392284e-01,1.500433794189274805e-01,2.256879051517827195e-01,3.772472545049339598e-01,1.442164245809780809e-02,-3.464494636731582644e-01,1.031123625710415881e-01,-4.228873724373958254e-01,-1.623827036257368683e-01,-1.216188688411614788e-01,1.779443274605181924e-01,-1.535329966228596577e-01,-1.418152295574905686e-01,1.916330825493002543e-01,1.545408496640204854e-01,2.412816284130545053e-01,-1.899194079490118536e-01,-4.406185184554873846e-01,2.162887761752120830e-01,-9.380869617253699555e-02,-3.685640328237301810e-01,-2.100407361890557489e-01,2.873048231226021931e-02,1.828156940536624364e-01,3.337375401425005661e-01,1.660210167966549855e-01,-2.440356174707916659e-01,-3.767465088425490660e-01,2.661020673512701218e-01
-2.711802449123571490e-01,-5.212907333340912608e-01,9.092471712690740615e-01,1.783404892079862580e-01,5.891714009960360432e-01,-1.838061877541021794e-01,7.952844908533752977e-02,1.612423935195286262e-01,5.137669225324653643e-01,-5.866184986320386457e-02,7.864861585398726929e-01,1.546728485242609974e-01,-3.370904574479476890e-01,3.738431997397270723e-01,4.744924217218793316e-01,-5.150251328912806015e-01,-3.639557395553416619e-01,-4.158375355939833984e-01,6.969430133830228913e-01,4.762024330416675943e-01,-4.091575397865501174e-01,2.779855467996617535e-01,-5.174098934918118509e-02,1.471238535739495361e-02,-5.459847034017631939e-01,-1.191789437008785035e-01,2.361298206814977374e-01,1.780618587610732773e-01,-4.684222744649736980e-01,-2.780940900225006840e-02,1.728347450341902458e-01,2.845285533804555247e-02,-1.016711389904033369e-01,-3.578088241728575314e-01,-1.865849013419939029e-01,7.615941559557648510e-01,1.681929692137229815e-01,5.859651529337702724e-01,-1.473492754842475327e-01,1.126625853197414477e-02,1.801095202219344660e-01,4.279626846812689678e-01,-2.266925127822223829e-01,7.724830735400818327e-01,1.533911078844402975e-01,-1.146240258147825375e-01,3.027995572390934087e-01,4.224128500015512655e-01,-4.530239251142326729e-01,-1.812723483315404061e-01,-3.627427659573163599e-01,7.206754949690930001e-01,5.239715902638143463e-01,-1.036615062939111320e-01,3.235086187748219544e-01,1.851634456136231066e-01,-1.434304224328733224e-01,-4.979499532821317076e-01,-2.067015572248873112e-01,2.865747579496798481e-01,4.055546327614451690e-02,-4.138527140860931430e-01,3.348766436427021431e-01,1.248618745661991686e-01,9.000016343749076301e-04,-1.682911252747073538e-01,-3.095355188959819093e-01,-7.301685010509174900e-02,-4.922332429351427563e-01,-5.258174240957331769e-01,-3.961391543807571969e-01,3.091463188479485757e-01,2.151818019458027476e-01,-4.177052005281134406e-01,6.458957567038824121e-02,-1.942371268764866293e-02,-3.084063424951061783e-01,-1.490781516794567052e-01,-4.645832386700850525e-01,-6.003784966610558049e-01,-4.401980360125833380e-01,2.021198931170580804e-01,1.247147137236878645e-01,-4.104240189901377511e-01
-2.840815460893840183e-01,-4.010706547333416361e-01,1.477174950282257593e-01,3.663464847638004951e-01,3.097620621449230227e-01,-3.437023556363270060e-01,1.113628002024242974e-01,-1.864875469772719896e-01,1.549504386595540739e-01,-1.797713055474186028e-01,1.822174145621355268e-01,-1.198703745542000210e-01,-5.551422350468020878e-02,1.547995743345774999e-01,1.188688600625052300e-01,-4.116286793002579270e-01,-1.692174616484426464e-01,-3.439347854561679574e-01,1.847843887390492323e-01,3.187973635703988395e-01,-3.614991557321319826e-01,5.060337316330990043e-02,-2.885676608798816711e-01,-2.322581884982841405e-01,-5.720217726695147054e-01,-3.889887229596895590e-01,-6.406913273308630086e-02,4.687547282905141395e-03,-2.851162697555590930e-01,-1.471320539340316425e-01,-6.829708778632572787e-03,1.319895959647604256e-01,-3.098114980460490477e-03,-1.760786530571504249e-01,-2.534756351986134359e-01,1.681929692137229260e-01,7.615941559557648510e-01,3.045204855231705143e-01,-1.863086023662789692e-02,1.824605889531984715e-01,5.919558736729416126e-02,1.571119791276995303e-01,1.489808524355637764e-01,2.664662060312004144e-01,-1.191687450724987635e-01,4.493261285662362992e-02,1.686630368252898804e-01,1.059426267428665719e-01,-1.539712387175356800e-01,9.199892498041674360e-02,-1.327700947035471424e-01,2.340206438032383651e-01,2.669694806374274254e-01,-1.078765374564703422e-01,1.329987045518044309e-01,-5.298221003391028611e-02,-2.463150049744070869e-01,-2.855490729005922823e-01,-1.515985163288840476e-01,1.005442395834815483e-01,1.799323438355185075e-03,-5.591748055350005686e-02,2.360634097216439131e-01,4.252202107483474824e-01,-8.236247535078733417e-02,-2.115537655937717310e-02,-3.075242619371547637e-01,-3.646430717703123547e-01,-3.724056667430472589e-01,-2.511491942976032954e-01,-9.113781973494096411e-02,3.467927034413580412e-01,3.477847620269533535e-01,-2.991100095839515083e-01,2.013956074318333234e-01,-2.335633995894150772e-01,-4.482314848445080879e-01,-3.231170534949312501e-01,-3.843403802896316890e-01,-2.552699387990068902e-01,-1.967866568844103270e-01,3.442211084484655959e-01,4.604672073344684424e-02,-2.646608215392561858e-01
-1.389713549665593517e-01,-4.252476823084920254e-01,4.865850530482784264e-01,2.087930106249127893e-01,8.599701668272183852e-01,-3.913680795805207779e-01,1.071924568958294299e-01,-2.268758380482367443e-01,6.972649121630440927e-01,5.931173255700727953e-02,6.707005962073779859e-01,-7.359992269969962975e-02,-9.021499396004421800e-02,-5.052093179797056272e-02,3.758689543561645197e-01,-3.269804596534190977e-01,-6.767508862011648030e-02,-2.049152242156562498e-01,2.863357658631784930e-01,4.148378273327472110e-01,-2.618459430136265143e-01,1.772602435570219681e-01,-3.359234955147213930e-01,-1.060899719671562769e-01,-4.104066551326049361e-01,-2.450338128541933169e-01,2.796245764297105585e-01,2.684680696078497464e-01,-1.986316574444302319e-01,3.200714287292799609e-02,1.829123150106694851e-01,-1.505358907187189649e-02,1.348565331243370136e-01,-8.226434994514512933e-02,-3.091819046304368213e-01,5.859651529337702724e-01,3.045204855231705143e-01,7.615941559557648510e-01,-2.458748258373949780e-01,1.861150288639959738e-01,-6.072789308603644687e-02,7.587806511537243948e-01,2.366210743597719091e-03,8.245198376964766318e-01,-2.811210824490300089e-02,7.574979251172068995e-02,3.842476828387935989e-03,3.310832952587691169e-01,-2.377679925361274871e-01,-1.138980549080729349e-02,-1.543033157554362655e-01,4.356885391415405984e-01,3.944653236029888599e-01,-2.374006781221431328e-02,2.830008600222853055e-01,-1.937346047374388092e-01,-3.024714732400797246e-01,-3.165969069445687678e-01,-2.769388136171894166e-01,3.624003571350115638e-01,1.994100552771467250e-01,-2.220187417768776372e-01,3.434791682965743220e-01,3.623885739197638123e-01,-1.946903437902006706e-01,-4.111752933785960823e-02,-3.915626295381613997e-01,-2.842632163606779172e-01,-3.933345551675228591e-01,-2.854441262694806802e-01,-1.561433014998688251e-01,3.259704180094187276e-01,2.161580931547477658e-01,-2.482152759608169390e-01,9.843730708574048582e-03,-2.474921752799662256e-01,-4.745756689921028504e-01,-2.619609420513264175e-01,-3.956035587108054918e-01,-3.437621827063836455e-01,-2.611405307855731994e-01,1.774356405591980546e-01,1.399077617332615819e-01,-2.371886687319554599e-01
-2.038131377448909043e-01,-1.349117453398702426e-01,-1.938491380519999363e-01,2.908027606018002698e-01,-1.573790933029664552e-01,4.557479137128950253e-01,-1.559442770688866968e-03,2.470251929753108366e-01,-2.735082427494545665e-01,-8.238655271306161154e-02,-3.605782512088313574e-01,2.680141355884388399e-01,1.224592416793877370e-01,2.440993299040717171e-02,-8.757875430361714009e-02,-4.603327967159157041e-01,-1.236770286968195270e-02,-4.169429306060174478e-01,-4.035444848520108319e-01,-4.413627574335702956e-03,7.389292146799801564e-02,-1.957463900233577525e-01,1.961967213987704794e-01,3.091880957220854986e-01,-2.373831204675612983e-01,-9.222398435552528473e-02,-1.682143045780952473e-01,-2.171315231921442171e-03,-2.456679298940084022e-01,-1.748583629464591782e-01,2.481824020279740639e-01,2.163913170128453356e-01,-1.427557294810083699e-01,9.352946036701126342e-02,-1.722036326662435279e-01,-1.473492754842475050e-01,-1.863086023662792468e-02,-2.458748258373950335e-01,7.615941559557648510e-01,9.807600197729378355e-02,5.010894224323046986e-01,-3.615702141348911547e-01,2.242544780966450046e-01,-3.816873292161673814e-01,3.552346691624349573e-01,4.001195156791196861e-01,-3.086945341852190272e-02,-1.558700936385236380e-01,-2.403523263735492521e-01,2.113977226283120237e-01,-1.491713377571712851e-01,-4.429098702007683297e-01,-7.530885760455276190e-03,7.349428018028991705e-02,-1.340640448577757049e-01,3.785768723389248969e-01,4.142247943424862688e-01,5.669185141777040998e-02,3.680652881176703639e-01,-1.358441515682531908e-01,1.982716425191193843e-01,-1.488817383726367405e-01,1.449786880514396525e-01,3.393941838299149305e-01,2.044265603558330369e-01,-5.744253831458306925e-02,1.813825327997112824e-01,6.210620535158340588e-02,-2.234687132327074222e-01,-2.005262538164000741e-01,5.955998822094761558e-02,-2.932277267478539812e-02,-4.666844608668590383e-02,1.965874044653135588e-01,6.793267809497093024e-02,1.631137894579250958e-01,-1.197961415465186030e-01,1.062503552687012742e-01,-2.180835132210532656e-01,-2.345348883984757771e-01,-2.179152865321652005e-02,-3.649115110320021171e-02,-1.036004089681792362e-01,-2.727717678976022270e-02
5.983046437085695612e-02,-3.931527824948956029e-01,-2.871839417122291557e-02,3.031105802379187031e-01,2.618464324435060830e-01,-1.769703494926079534e-01,7.684715057680392425e-01,-2.294368154814055705e-01,1.143246462224115356e-01,1.532755903449672941e-01,7.860532003914694199e-02,-1.760773490332832591e-01,4.474119957400273240e-01,-5.319328503410413189e-01,2.621845202100492322e-01,-9.852545690549605051e-02,2.297686111153962596e-01,2.020202830280828227e-02,-1.592748506058149216e-01,3.744776490700935656e-01,-1.247480968314929745e-01,2.899579436310355529e-01,-4.062126221754557287e-01,-5.454970524338947219e-02,-3.012914971491641447e-01,-2.181312708396404565e-01,3.757777271831301835e-01,2.353255140575777893e-01,9.554825419075237136e-02,-2.289195884150793114e-01,2.271790474939196780e-01,1.914651136760805450e-01,3.005553852126937597e-01,3.564535856212865395e-01,-3.766710820494679202e-01,1.126625853197414477e-02,1.824605889531985270e-01,1.861150288639960293e-01,9.807600197729374192e-02,7.615941559557648510e-01,-1.007743148298987090e-01,8.311876274527683905e-02,3.424357510886374412e-01,8.153268811969438534e-02,-2.018972812006372963e-01,6.673963080747145060e-01,-4.595245349689576209e-01,1.909589294872544030e-01,1.801685142417600027e-01,3.160292467425783181e-01,2.394025413551693349e-01,-1.316532986155272977e-01,3.553302131640462269e-01,7.561843960633443662e-02,3.635403275740475837e-01,-2.523084329478606502e-01,-1.125491664023669791e-01,-9.613323557251153562e-02,9.917635226998370787e-03,4.684461000691059751e-01,4.086477492399954725e-01,3.056349578244862975e-01,3.099277682706604725e-02,4.130227467777806138e-01,-1.233184164219754547e-01,1.429233243428583433e-01,5.447398204721490972e-02,-4.296160769527819778e-01,-5.279629733244636247e-01,-3.611035808621267940e-01,1.716358994456309850e-01,1.535860938101377138e-01,5.619156145728688295e-02,-1.708544000659050210e-01,-1.036444342908098004e-01,-5.904306536317174142e-02,-1.834544412041827222e-01,-3.913930724629239299e-01,-4.293068361461876425e-01,-2.669361024393222537e-01,-2.763689517900155476e-02,-3.584283867641342713e-02,-4.214280382497160443e-02,-2.682585096434477179e-01
-3.992289508517031793e-01,6.736175185829537670e-02,7.654936490221006529e-02,2.076709174978044747e-01,1.980703857810803617e-02,1.677671408835307298e-01,-2.587349828380121064e-01,6.723624865829506136e-01,-1.070529444078370668e-01,-1.023359550019122127e-01,7.122413865828430835e-02,5.229434808852863048e-01,-2.157687385338512287e-01,3.750661403954542172e-01,-3.136090189763191538e-01,-7.037302228159045825e-01,-4.028614709100322711e-01,-6.697412888986509216e-01,-5.853965127667252674e-03,-2.458916459120122633e-01,2.256253958626083245e-01,-4.020517544807952759e-01,5.510780221787419109e-01,5.462938855943361149e-01,-4.272783387383130016e-01,-2.620006869566694485e-01,-3.048525971794132094e-01,1.434170985783317087e-01,-5.385100602829245853e-01,1.478968892040998517e-01,1.174657387499092320e-01,6.822129560839143569e-02,-2.594751565543553795e-01,-1.108483785452563375e-01,-4.909585893944201640e-02,1.801095202219343550e-01,5.919558736729407800e-02,-6.072789308603641911e-02,5.010894224323045876e-01,-1.007743148298987090e-01,7.615941559557648510e-01,-2.512461662612643365e-01,1.228583827201125689e-01,-1.713174019278802807e-02,5.758903990500512382e-01,1.414913578985280695e-01,2.420995627886731172e-01,-3.207649453392069083e-01,-5.090704779254652257e-01,-1.972086177061593559e-01,-4.564111003216509976e-01,-6.703820315853012413e-02,-2.299148230317736019e-01,2.091199715168517159e-01,-4.479322141940497159e-01,6.712069029014888777e-01,5.495474002770672772e-01,-2.379864569078058711e-01,-9.144814659507929933e-02,-3.242385194054357433e-01,1.407297921116939521e-01,-4.550066953503980050e-01,4.564528657186195382e-01,4.489977123076417664e-02,1.314761163526159959e-01,-9.912314141378544829e-02,-3.040830466905991014e-01,7.564219344337846929e-02,-4.079562153462572005e-01,-3.759263043532561355e-01,-5.371900852947904259e-02,1.218881019158139650e-01,1.233323992572167987e-01,1.955630719007191709e-01,3.505439604170214052e-01,2.152162513163420332e-01,-3.787162506190461797e-01,2.093469873606745510e-02,-4.805502980063579010e-01,-4.276232041623178604e-01,-2.342390345514583361e-02,2.546412781441200757e-01,5.674749482731380329e-02,2.206738399435709264e-02
-1.072763581566145846e-01,-4.234600359147672188e-01,2.190899040725722280e-01,6.607818316585740981e-02,7.398967951777450924e-01,-5.176614092209136375e-01,1.318719633475542996e-01,-4.636471993876181141e-01,9.323039314594621096e-01,-2.771086169664300006e-02,3.525840014527990007e-01,-2.637386702928614657e-01,-7.501084005754175832e-02,-2.993017421383356025e-01,3.387482279929097118e-01,-4.049497900666056416e-01,-1.074016957836211733e-01,-1.498624103858481604e-01,1.126841866390253799e-01,2.159340420363861923e-01,-2.421935579386926274e-01,-2.878857812939747754e-02,-4.766343697287659942e-01,-1.960083344020170648e-01,-4.332332690547494591e-01,-2.691367428746181956e-01,1.238945552521336646e-01,1.141247683717711292e-01,-3.185117648753753583e-01,9.152287796371513795e-02,2.705695414617713124e-01,-3.229032442964487326e-01,-8.711970982063675650e-02,-1.050922551662410304e-01,-3.287720347861202153e-01,4.279626846812689123e-01,1.571119791276995858e-01,7.587806511537243948e-01,-3.615702141348911547e-01,8.311876274527683905e-02,-2.512461662612643365e-01,7.615941559557648510e-01,-1.248886862603416220e-01,6.467747822386512579e-01,-2.140400478684240659e-01,-1.256839382247085940e-02,-3.459126970897770104e-01,2.784382496400097384e-01,-2.996635056359803206e-01,-1.520228983092882236e-01,-2.054430571417623919e-01,2.281506907964327702e-01,2.889667069585986070e-01,-9.003084158592937480e-02,1.883513784628207954e-01,-3.487661866352850248e-01,-3.636702566449220297e-01,-3.051620122725728357e-01,-1.680779237829674588e-01,3.431115836419038057e-01,-3.736857012996069871e-02,-2.475262501714857732e-01,1.973788939396098618e-01,3.728369511810812886e-01,-4.523322338506822193e-01,-2.840445054399083347e-01,-2.934530541678142535e-01,-3.491341912083525956e-01,-3.533976921017640827e-01,-2.385408653607089258e-01,-2.016459351354764062e-01,-6.626203588280539514e-02,1.457659933721470839e-02,-1.523427345074684636e-01,-1.363254287718687341e-01,-9.079425550094527564e-02,-3.742151586325096480e-01,-3.688670329452627406e-01,-4.035345849952802766e-01,-2.631215458289778431e-01,-2.454110535988923703e-01,-2.211333606025445431e-01,-1.551219549237789763e-01,-1.639874625590737600e-01
-5.641865789197106351e-02,-1.333094560592364142e-01,-2.181142752685034658e-01,1.735708803487463758e-01,9.542550407891099706e-02,-1.861052335132844515e-01,3.581788848868797115e-01,-8.564182763805247567e-02,-1.040783139334196528e-01,3.490193322714316704e-01,-1.143214474950932646e-01,1.324372931041060686e-01,2.258828575733401178e-01,-2.762268534300313938e-01,4.470221256697182524e-03,-1.043976142588508987e-02,1.084454586577419805e-01,1.121696971740691190e-01,-1.946470658125832587e-01,4.355196367063558782e-02,-5.036237009466384279e-02,-1.022729953493230030e-02,-2.408585430344465095e-01,1.016437267310344450e-01,-1.611401570747434675e-01,-1.948539409059797944e-01,-2.254041735779436229e-01,1.591007436083988202e-01,-2.675864575638987053e-01,1.274321032669839260e-01,7.068104208374675901e-02,2.586741684384783954e-02,1.870574293746052330e-01,2.937196873674036146e-01,-2.511426259240052694e-01,-2.266925127822225217e-01,1.489808524355638042e-01,2.366210743597719091e-03,2.242544780966449214e-01,3.424357510886374412e-01,1.228583827201125411e-01,-1.248886862603416220e-01,7.615941559557648510e-01,-6.518874642273908560e-02,3.302288445941328060e-02,4.220906772639937410e-01,-2.148616109195478907e-01,-1.310073984700106491e-02,1.564083011138507617e-01,4.051037253185212905e-01,4.325833005037560408e-01,-1.218249290335770146e-01,4.466417640693477048e-02,-3.933450343987660719e-02,1.694923885349957499e-02,-1.633769210172469066e-01,5.869966169033120212e-02,2.511889723672000030e-01,1.777901990752587813e-01,-1.503499597098484075e-01,3.454792420625801275e-01,3.989222026900900164e-02,1.545323700328906924e-01,3.439842696266129374e-01,-1.058535707118817004e-01,5.037911632922814631e-02,1.840945491185844995e-01,-3.939642619383851851e-01,-2.769183329575161112e-01,6.995582684707007948e-02,2.365843253271729396e-01,1.178349453114116430e-01,-1.314565218622821274e-01,-1.496465311257790323e-02,1.404121081757601641e-01,-1.424264441525324720e-01,-1.524547946463064296e-01,-3.677990303212756995e-01,-1.900025117776073247e-01,1.624810027321970871e-02,2.139258359710145274e-01,-6.980602383814860784e-03,-2.070757137341383003e-01,-1.362145385836697753e-01
-1.940302019859954652e-01,-4.919492583979174771e-01,6.816384214113843099e-01,1.672372177966642837e-01,8.045231452020413787e-01,-4.404045152390013707e-01,9.442929529550754542e-02,-1.609969785295623790e-01,7.279846086935544136e-01,4.881252666851181032e-02,9.162072635605824633e-01,-5.423260055872652224e-02,-1.391619612792245886e-01,2.082416661056903928e-01,3.711172344022474201e-01,-3.697980579317374228e-01,-7.021012829646684772e-02,-1.762401586342282611e-01,6.857014441063082888e-01,2.893438799837549369e-01,-3.607603528256659309e-01,4.302511173033291697e-02,-3.784868093999507188e-01,-1.150316553898997618e-01,-4.637803061322832709e-01,-2.500674451390093589e-01,6.970611965021193679e-02,2.720387207381130823e-01,-3.005984464729820616e-01,5.014531924085515596e-02,1.685083506533497089e-01,-1.638684874083587775e-02,7.114915091783026446e-02,-3.011150116377950825e-01,-3.528616026010706341e-01,7.724830735400819437e-01,2.664662060312004144e-01,8.245198376964766318e-01,-3.816873292161673259e-01,8.153268811969441310e-02,-1.713174019278790317e-02,6.467747822386512579e-01,-6.518874642273908560e-02,7.615941559557648510e-01,-1.281399075114659537e-02,-2.178620908498835052e-02,2.096527048873794430e-01,3.124712665018817837e-01,-3.244560080152867898e-01,3.908215334130431262e-02,-1.330976287828637417e-01,7.917308662442992251e-01,3.944709386049871092e-01,-1.402130175931158018e-01,2.108005173740404303e-01,-2.040072734026670276e-01,-2.927292461455176520e-01,-3.923341042236070941e-01,-2.506374949047686096e-01,1.913853752739929914e-01,1.261229945085910742e-01,-3.132913938631268769e-01,3.580543720985572276e-01,1.934908757299902138e-01,-1.305805285179530151e-01,-4.356216997016647968e-02,-3.923260579087264888e-01,-2.060592847777630854e-01,-5.111534617018228532e-01,-4.164312008348843297e-01,-2.983572948363815702e-01,3.991499117338171976e-01,1.777453301858397394e-01,-3.529356810010730316e-01,1.444516886007933820e-01,-1.699475636825350799e-01,-5.187256932713610880e-01,-3.364008495054832126e-01,-5.003317466484740184e-01,-4.655754787154637864e-01,-2.603466348658315388e-01,2.020036964007173863e-01,1.222486692407590697e-01,-3.963756293537821773e-01
-2.809282494131876140e-01,-2.449128725568795184e-01,1.795270148722347137e-01,2.815275882058009826e-01,-6.541103984328794363e-02,4.286229202189125176e-01,-1.468468443235285137e-01,6.905251820763229631e-01,-1.893536629878667110e-01,1.800353856826155396e-01,3.649211372770620049e-02,9.099187178138286036e-01,-9.330828223360412843e-02,5.105162241259719735e-01,-1.596737007284550480e-01,-5.969925514416347667e-01,-1.608940538235851536e-01,-4.978123250318723381e-01,2.055240843530211914e-01,-4.973464445355545160e-02,-1.918706922420729544e-01,-2.496024889768567456e-01,3.213741171424403520e-01,8.303664785573867668e-01,-2.623595457188655500e-01,2.464976810203519664e-01,-3.876030133327386107e-01,7.092869124773962253e-02,-6.700318454388988210e-01,3.857359029865773947e-01,1.453079951416408055e-01,1.107484575138608929e-01,-2.178590210971657892e-01,-3.996395827557668867e-01,-2.080639748337959338e-01,1.533911078844404086e-01,-1.191687450724987357e-01,-2.811210824490294538e-02,3.552346691624348463e-01,-2.018972812006372963e-01,5.758903990500512382e-01,-2.140400478684240382e-01,3.302288445941330142e-02,-1.281399075114658150e-02,7.615941559557648510e-01,8.914181387247784027e-02,3.253865894846654228e-01,-2.177208861630962611e-01,-6.517376914181656211e-01,-3.190286320981883944e-02,-3.985577897594726471e-01,1.596850334200045629e-01,6.385146115615487894e-02,-2.752889236740037604e-01,-1.922319579252106947e-01,3.518899529626530742e-01,7.516799609557132111e-01,-3.004590276612292277e-01,-1.374415643966847914e-02,-4.028833385050333837e-01,1.569391742411865298e-01,-6.687276437986527933e-01,5.890036002084614308e-01,-1.559391851091017078e-01,3.171399889925599624e-01,-1.899740164439280288e-01,-1.206638891846253947e-01,-4.709410541696293535e-03,-1.856536842261845635e-02,-1.641676267626445973e-01,-2.140564350236252578e-01,4.920219008516230064e-01,1.720859471209026936e-01,1.016604426847049630e-01,5.565601717715104035e-01,3.120162904061719034e-01,9.924855981311349329e-02,-7.774841067020712114e-03,-1.236566915101556946e-01,-3.115404498095115660e-01,5.308596348772197382e-02,5.356325178810819043e-01,2.567797116492349652e-01,-5.419814461584947229e-02
2.766939927342303429e-01,-2.303343658985322340e-01,-9.527250652329617708e-02,2.572171982791455758e-01,1.807821297456055076e-01,-1.068993615681995552e-01,5.161632146316904590e-01,-1.299289007547166919e-01,1.534981768503834547e-02,-4.465328526265981493e-03,-1.041139484521902414e-01,2.109178638198270367e-02,6.283182377165196231e-01,-5.070889978389229169e-01,-2.682109655456232054e-03,-3.084467026762813258e-01,3.458136029436679193e-01,-1.135372534294125657e-01,-2.717364448441541014e-01,1.219799635817133826e-01,3.833116612711458260e-02,-1.002320266560324247e-01,-3.143579541632591234e-01,1.320134442914655537e-01,-2.664428190754999370e-01,-1.522263371286018407e-01,-1.244970845319412628e-01,4.501365307025547158e-01,-4.001983257805907801e-02,-1.296651800539535826e-01,4.415858795271776494e-01,2.507921171775415736e-01,2.589320258031022615e-01,5.333786510152337401e-01,-4.232434876896207787e-01,-1.146240258147825652e-01,4.493261285662358828e-02,7.574979251172060668e-02,4.001195156791195751e-01,6.673963080747145060e-01,1.414913578985280140e-01,-1.256839382247085940e-02,4.220906772639934634e-01,-2.178620908498826725e-02,8.914181387247777089e-02,7.615941559557648510e-01,-5.445087941688822042e-01,-4.267062771859980730e-02,1.386581450990943820e-02,4.972604136186740131e-01,2.449669114462408870e-01,-2.580819774771036523e-01,1.627900674560035510e-01,1.725325453493420716e-02,1.048244926949239708e-01,-2.441436231255780798e-01,1.773056759053137643e-01,1.817202702004341031e-01,3.980769520309010434e-01,1.254413343827425311e-03,6.734652465285771994e-01,1.088440928756345127e-01,-1.488234134456952081e-02,5.753822783522390960e-01,7.431917632818199615e-02,1.623688010074182120e-01,2.613980315964439805e-01,-2.618235789699490113e-01,-4.926082416699078537e-01,-2.986272807001328911e-01,2.129985237902534412e-01,1.043126340166286026e-01,1.638166525948319546e-02,-1.998988483537001912e-02,5.677804789575522509e-02,1.513935616737329126e-01,-8.544820559432583784e-02,-2.800792562078561199e-01,-4.215119971733554127e-01,-2.553995942651878792e-01,4.438776820310548488e-02,-9.066758864873031287e-02,-6.146600067781227139e-03,-2.387888899525333342e-01
-5.796422468207658163e-01,-3.354224533975134759e-01,3.350543166715181931e-01,1.746787748372828353e-01,-6.605214855889403325e-02,1.333459636590875186e-02,-5.228797628691106425e-01,2.403747929525945626e-01,-2.568809484919507558e-01,-8.585665720116114619e-02,3.907634645922448136e-01,3.681446469995030002e-01,-6.391125968422345371e-01,8.447124046927303453e-01,2.699629838732650611e-01,-2.743931313187184529e-01,-3.584562961213402232e-01,-2.937463494628000937e-01,4.632090305247545392e-01,3.085902791948142432e-01,-4.349771453222348594e-01,2.197534861578350762e-01,1.694299399019527363e-01,3.894374652093711420e-03,-2.874633406383333978e-01,-3.667779644606467687e-02,5.837442727498159262e-02,-2.912550424900482993e-01,-4.561150119265574010e-01,1.519868741437337689e-01,-2.682903341522211993e-01,6.572488594236224058e-02,-1.449691013465871370e-01,-6.254264164024910810e-01,-3.648633733477083668e-02,3.027995572390933532e-01,1.686630368252898804e-01,3.842476828387922112e-03,-3.086945341852191313e-02,-4.595245349689575098e-01,2.420995627886731727e-01,-3.459126970897768993e-01,-2.148616109195479185e-01,2.096527048873794707e-01,3.253865894846654228e-01,-5.445087941688822042e-01,7.615941559557648510e-01,2.380756154089428422e-01,-2.803478355092743346e-01,-2.174399052276702604e-01,-2.984487725637789413e-01,4.218405421000793742e-01,2.651444133341209208e-01,-3.014188200250364491e-01,1.879961875373950819e-01,3.669534971863548378e-01,-6.222228307963199867e-02,-4.041039634996974605e-01,-2.354626012431689230e-01,1.394112650550449195e-01,-2.861352752659582777e-01,-3.319845756498843170e-01,3.818227924073094859e-01,-1.990344976923884290e-01,9.252996580676756122e-02,-3.517321209980547869e-02,-4.693102638362618984e-01,-8.511043885282067178e-02,-8.303206228233721287e-02,-1.524068550906483924e-02,-2.690708605287640554e-01,5.220247645406931314e-01,3.978280890751471621e-01,-1.175482704823904434e-01,2.821546786260477613e-01,-2.941704358182650747e-01,-5.244658458740720786e-01,1.291972073595796904e-02,-1.194248841523477822e-01,-1.484334243221893945e-01,-9.335354327752973247e-02,6.098171467288616698e-01,3.608910868238482395e-01,-1.976322731033394731e-02
-1.314924837524317214e-01,-3.363431608065683975e-01,2.551684937055424540e-01,1.144472720460939646e-01,3.279363107340156902e-01,-3.296840103659230414e-01,1.170778679099193503e-01,-3.317592576329797538e-01,2.521510165194349451e-01,4.183174266199939095e-02,2.203804661760094263e-01,-1.686834475896189234e-01,-1.949241025887952505e-01,1.927725385735565011e-01,9.123389636929506441e-01,-1.387868839791444719e-03,-1.445174332538589623e-01,5.211744323231854575e-02,1.358439132189807608e-01,4.896718476356899385e-01,-1.461752738663864015e-01,5.804118477732203019e-01,-3.275553867839616773e-01,-2.063718771422865528e-01,-2.756168485959848979e-01,6.511135075332184774e-02,4.260939336827818669e-01,1.426677675310479565e-01,-2.574473479020799802e-02,-6.844670788016050944e-02,1.451306811509792682e-01,3.887419521087588925e-01,2.393068916886826880e-01,-8.424256545583366784e-02,3.480385747998664958e-01,4.224128500015512100e-01,1.059426267428665858e-01,3.310832952587690614e-01,-1.558700936385236102e-01,1.909589294872545140e-01,-3.207649453392068528e-01,2.784382496400096829e-01,-1.310073984700101633e-02,3.124712665018818392e-01,-2.177208861630962888e-01,-4.267062771859982812e-02,2.380756154089428422e-01,7.615941559557648510e-01,5.510251170881837190e-02,-5.560892375011455835e-02,5.177584948457417818e-02,2.218609873459464754e-01,4.832361585440764218e-01,3.586005115061968174e-01,7.897649310444740944e-01,-6.244663619657887105e-02,-3.406045199221747755e-01,-2.244865713682739350e-01,2.222940403014639354e-01,5.239546951140470199e-01,1.195753536912036868e-01,5.183998010341421547e-02,-5.202515647408288701e-02,1.124089422449784936e-01,2.109488473725797397e-01,4.766460107576465932e-02,-1.938426417384435385e-02,-3.451871278990463199e-01,-2.942403655377959226e-01,-1.606904490459355184e-01,-3.140636922488183047e-01,-1.108892167408194289e-03,-7.806952296774838373e-02,-2.796625803772525565e-01,-3.500437862111567822e-01,-4.479751136615712781e-01,-1.139548835299411811e-01,-1.239290384921401394e-01,-2.434491524815970143e-01,2.167241257776722149e-02,-3.348300639999311490e-01,-5.288519256005266844e-02,7.306205278854575359e-03,-2.793286018992605646e-01
2.375342082988838102e-02,1.594752813597561658e-01,-3.247422501858838739e-01,-2.394420530775568101e-01,-2.186801501892767230e-01,-4.846159306999601735e-01,6.559352209936794575e-02,-6.072829431932249555e-01,-2.500889647335117760e-01,-3.000710280577119637e-01,-3.548704415128506873e-01,-6.237005496503740254e-01,-8.094531731963396093e-02,-3.633295120975347792e-01,3.514950682767872120e-02,4.000947271139662087e-01,-2.204733265465604747e-02,2.850853162806388785e-01,-5.254852938761614967e-01,-2.782096229153292466e-01,1.381694833012005463e-01,7.733369159475472765e-02,-4.359251309610771563e-01,-5.922317285345890525e-01,1.319673931975768599e-01,-3.403497713868204877e-01,-2.672671922216774201e-02,-1.572104772200475231e-01,3.252461836555542996e-01,-3.217817015729538266e-01,-2.418184713631018057e-01,-3.980369218904289408e-02,3.262060752561038446e-01,5.013244734990200957e-01,2.431986935345454570e-01,-4.530239251142326173e-01,-1.539712387175356800e-01,-2.377679925361274593e-01,-2.403523263735492799e-01,1.801685142417599750e-01,-5.090704779254652257e-01,-2.996635056359803762e-01,1.564083011138507617e-01,-3.244560080152868453e-01,-6.517376914181656211e-01,1.386581450990942432e-02,-2.803478355092743346e-01,5.510251170881840660e-02,7.615941559557648510e-01,-8.760805299843579808e-02,5.823073634531097387e-01,-5.337119136924716178e-01,-2.898883281374222132e-01,2.889090883979117952e-01,1.279098278640942443e-01,-3.775515377574113485e-01,-4.288131123438558290e-01,5.751179100888560436e-01,3.016299435341171509e-01,-6.975676848883048675e-02,-8.996617682582136455e-02,6.851336663085566547e-01,-5.474760076266584896e-01,-3.173318962222908268e-02,-1.969636086752613868e-01,3.919033000556243485e-01,1.403204033349177704e-01,-4.849097489309259212e-01,-9.020107406234395553e-02,2.022752417508267841e-01,1.616902222237187881e-01,-2.878928391781883644e-01,-2.354038106807178066e-01,-3.187694084678319162e-02,-3.657735462984146313e-01,-4.875881609294840380e-01,-2.373872883625163799e-01,-1.835944423822159777e-01,2.375227955997782081e-01,4.376508391967873224e-01,6.329726040727039205e-02,-3.426950494554874549e-01,-2.359545819120346666e-01,4.699193476283475973e-02
2.488181047854904626e-01,-5.101241969893133277e-01,-8.950157957952045717e-02,2.948539930167281553e-01,4.271681663119202693e-02,-2.155051926819116087e-02,3.547278066901461968e-01,-2.717995025800140629e-01,-2.842069012091952632e-02,1.350857309506640624e-01,4.416601645798640119e-02,-1.129771238370806119e-01,5.087689804001700455e-01,-2.783893537097982818e-01,-1.119323503399955594e-02,3.531005701585475387e-02,7.210695858521888324e-01,3.021215883372730393e-01,5.779853769801067409e-02,1.344283404694978090e-01,-4.024524537996362894e-01,-1.314294971375431775e-01,-6.067444290104597737e-01,-1.150879035800114608e-01,-2.802235418021472441e-02,-9.050604935713506272e-02,-3.230866314367778491e-01,1.474508743153001844e-01,-1.777807894833545732e-01,-2.309351729182256563e-01,2.981582471223358510e-01,2.225959230261110589e-01,2.956375793611816238e-01,8.347567458684495081e-03,-5.357460329516258168e-01,-1.812723483315403783e-01,9.199892498041668809e-02,-1.138980549080730736e-02,2.113977226283119959e-01,3.160292467425783181e-01,-1.972086177061594392e-01,-1.520228983092882236e-01,4.051037253185212905e-01,3.908215334130439589e-02,-3.190286320981897822e-02,4.972604136186739576e-01,-2.174399052276702604e-01,-5.560892375011457223e-02,-8.760805299843579808e-02,7.615941559557648510e-01,5.142089189862167897e-01,5.496131593483864070e-02,1.805877978464666689e-01,-3.805270044598868528e-01,-2.229690948541348389e-02,-5.259838827108587189e-01,-3.938131753369780025e-02,2.595674212972369777e-01,1.844548890076883607e-01,-2.394130440589964659e-01,4.361203705745149706e-01,-9.973036068703929058e-02,8.150472309113218627e-02,3.905576126068681098e-01,3.034193647921760162e-01,1.697195502554622037e-01,2.864139626715047626e-01,-1.195163514995605247e-01,-2.111130161743941802e-01,-1.441928842613258710e-01,2.641408738998578948e-02,3.842106441019146335e-01,1.300462283491738147e-01,-2.499010834681888726e-01,2.694808328488193516e-01,3.490167434000067403e-02,2.655264235359524813e-02,-1.493500970686209295e-01,-1.095555069818108102e-01,-2.340703578952245956e-01,-1.465666652359541855e-01,2.168894385157672799e-01,1.235683831849494346e-01,-3.134861174350513369e-01
3.774527279453274153e-01,1.176038510635860485e-01,-2.536979535089557425e-01,1.778002204214300039e-02,1.102086043185429402e-02,-3.031994620603081225e-01,2.603434262562699941e-01,-4.584454870975516183e-01,-1.284175592179289116e-01,5.192423923892211524e-02,-1.664534988193155096e-01,-4.752027430491742588e-01,2.613181428561115460e-01,-3.153531227434688278e-01,1.066806163845182044e-02,4.484006910779798072e-01,4.281901746431074351e-01,6.360306200244606467e-01,-3.158666548983190547e-01,-8.567064573716064169e-02,-8.091948112139195348e-03,-5.544900086991622415e-03,-4.700697635582054001e-01,-3.264581026403858832e-01,2.927780047727538415e-01,-1.031434915165902171e-03,-8.214216483669228852e-02,3.226660250132201702e-02,1.764655555074936544e-01,-3.566016405234777586e-01,-8.216763960153676549e-02,-1.916712034440544096e-02,5.063564057701904764e-01,4.775363104174438211e-01,1.312073323283537325e-02,-3.627427659573163599e-01,-1.327700947035471424e-01,-1.543033157554362378e-01,-1.491713377571712573e-01,2.394025413551692794e-01,-4.564111003216509976e-01,-2.054430571417623919e-01,4.325833005037560408e-01,-1.330976287828637694e-01,-3.985577897594726471e-01,2.449669114462408870e-01,-2.984487725637789413e-01,5.177584948457410879e-02,5.823073634531096276e-01,5.142089189862167897e-01,7.615941559557648510e-01,-3.214753265903447788e-01,-1.207459986542731983e-01,-1.455475392667297807e-01,3.831204928603431509e-02,-4.651490447791765681e-01,-1.689470067578024426e-01,5.870810088470479471e-01,3.937957474848503558e-01,-1.598465156719515723e-01,1.371012449384895471e-01,1.692123872303341603e-01,-5.114510788819663922e-01,1.485858029200673169e-01,-6.243308181375274712e-02,3.014773974500135623e-01,3.345774302850867410e-01,-1.544111020332532835e-01,8.772843940194463563e-02,2.679163462117118977e-01,2.496985410785868831e-01,8.830810862893282570e-03,-1.806885177224905048e-01,-1.214641675634085382e-03,-6.663335288680305446e-02,-1.882823646438117893e-01,1.456949990847998533e-01,-2.961589817800835620e-02,3.402991813508967067e-01,2.142918883643193384e-01,7.258185417716848942e-02,-9.706970298125787433e-02,-1.303398233554799446e-01,3.400028274456685928e-02
-3.464891542103744615e-01,-6.124444425034837325e-01,6.838300763838874863e-01,2.765559748869962364e-01,4.818726005743256824e-01,-2.778866861989182646e-01,-2.462576440245903709e-03,-1.402321884138176510e-03,3.931217953913281882e-01,4.109108203800170001e-02,8.501270092717990723e-01,1.294011697996304833e-01,-2.340836107388887810e-01,4.002213175229552000e-01,3.082108768163985268e-01,-4.201496554015968776e-01,-1.141852692967696044e-02,-2.779935901142856491e-01,9.327964690985497409e-01,2.462357755997433006e-01,-5.741753767821133891e-01,-4.149084738775570165e-03,-3.843932721331938529e-01,-1.105996671292028832e-01,-5.209858545514783890e-01,-1.840114974202151088e-01,-1.082484252555362403e-01,3.024857563416876935e-02,-5.521264924714606170e-01,2.192298555665629298e-02,1.302943214487032597e-01,4.245843335820244369e-02,-8.843630983374542454e-02,-5.944241466115341987e-01,-4.315217351745584962e-01,7.206754949690931111e-01,2.340206438032384206e-01,4.356885391415405984e-01,-4.429098702007683297e-01,-1.316532986155272977e-01,-6.703820315853015188e-02,2.281506907964328257e-01,-1.218249290335770008e-01,7.917308662442992251e-01,1.596850334200046462e-01,-2.580819774771036523e-01,4.218405421000794298e-01,2.218609873459465032e-01,-5.337119136924716178e-01,5.496131593483872396e-02,-3.214753265903447232e-01,7.615941559557648510e-01,3.544855976667922182e-01,-4.545838663280822867e-01,7.964112421434382805e-02,-2.393032144805065653e-01,-2.773041375571627110e-01,-6.126992059041175276e-01,-3.860889028713282989e-01,-7.859785828132108410e-02,-6.753456130520316125e-02,-5.639018995377782506e-01,4.020150281545465942e-01,1.118736886563141963e-01,7.920280579397329102e-02,-2.337242310604835394e-01,-3.027390550900940780e-01,-1.325686301573560655e-01,-5.122594530111304056e-01,-4.715202587378311549e-01,-2.562584069631357875e-01,4.728045843042224528e-01,2.302870100822270449e-01,-4.350112459214545702e-01,2.512149001929622205e-01,-1.025981288512954892e-01,-2.994186973695449616e-01,-3.224449156802511873e-01,-4.120357819569014923e-01,-5.771169753167991745e-01,-3.397656189669133742e-01,4.058893165458815067e-01,1.660735029253440076e-01,-4.341777564699377812e-01
-9.651740739776659694e-02,-7.545155812874742018e-01,3.897483197118407627e-01,3.467759818807644168e-01,3.871451978721927034e-01,-1.312402734014446737e-01,4.055578247545965631e-01,-2.299114255035495935e-01,2.778892236669943672e-01,1.272496124083167535e-01,3.070619364438634258e-01,1.349812218170613476e-01,8.507506993847657739e-02,2.569173584108649377e-01,3.825584043439393955e-01,-3.297788773532246975e-01,1.340937461415537824e-01,-1.241915235969363318e-01,3.125404120377451300e-01,8.651122548474291518e-01,-5.476243677443004554e-01,4.852447136284580020e-01,-4.330551812884163021e-01,-1.853625176961180843e-01,-4.907223819145358767e-01,-1.326266691991339897e-01,8.499221954048781502e-02,1.803144252077091836e-01,-2.125713426744181567e-01,2.645671460262347674e-01,2.980274866687452895e-01,2.686536218045180169e-01,7.002719281756117353e-02,-1.637490848613090411e-01,-3.478173513999514577e-01,5.239715902638143463e-01,2.669694806374273699e-01,3.944653236029889709e-01,-7.530885760455280527e-03,3.553302131640461714e-01,-2.299148230317736019e-01,2.889667069585986625e-01,4.466417640693477742e-02,3.944709386049871092e-01,6.385146115615486506e-02,1.627900674560034955e-01,2.651444133341209208e-01,4.832361585440764773e-01,-2.898883281374222132e-01,1.805877978464666689e-01,-1.207459986542731567e-01,3.544855976667922182e-01,7.615941559557648510e-01,-2.515904464675423058e-01,6.972679403441972568e-01,-2.571277537149663783e-01,-3.826893643848919835e-01,-4.618451406742412613e-01,-6.959209721184754505e-02,2.632965672679098423e-01,2.722650582463145841e-01,-2.101185670455124610e-01,3.437985573590666144e-01,2.783781125004761159e-01,1.778199044994764333e-01,2.533613987967241535e-03,1.451234375456743608e-01,-4.680068312237750106e-01,-4.543312300860815611e-01,-3.465557761586003371e-01,-5.634603633875663320e-01,2.043176940214650184e-01,2.323209322366623641e-01,-3.216739345093687086e-01,-1.059035604745375697e-01,-1.999886869760023334e-01,-8.097700142891732511e-03,-3.181354087507742845e-01,-3.561340946309105027e-01,-1.607750700676399691e-01,-4.042450611102842428e-01,8.216603101043512547e-02,2.291787813377808569e-01,-4.158201873949743388e-01
-2.679762234618945360e-01,4.002408901259892904e-01,-2.270283200593183892e-01,-1.246051281337321182e-01,1.148039083787132618e-02,-2.677852360916021524e-01,-7.122668043553849471e-02,-6.436420074257333257e-02,-4.006954657729890068e-02,-4.184210903315525587e-01,-2.229880050719447171e-01,-2.958892813962687995e-01,-1.907386468486078623e-01,-2.677348318435330277e-01,2.571521948374942967e-01,-1.501982785945573662e-01,-3.549555695190929616e-01,-3.267479007738127161e-01,-4.837640329623996704e-01,-2.850851958717665613e-01,6.072737935299452605e-01,-5.615566348137745328e-02,1.093182930918457502e-01,-9.608607227463067391e-02,-1.917914029497166106e-01,-3.405430946916273571e-01,4.196575716612014478e-02,4.591716165022816099e-02,-1.225385562240473812e-02,-4.082656721373943420e-01,-2.704429247833549030e-02,8.421995686052594077e-02,1.785084914409135193e-01,2.444951340236825310e-01,5.065855970158132937e-01,-1.036615062939111598e-01,-1.078765374564704532e-01,-2.374006781221434104e-02,7.349428018029005583e-02,7.561843960633446438e-02,2.091199715168516882e-01,-9.003084158592920827e-02,-3.933450343987655168e-02,-1.402130175931158018e-01,-2.752889236740037604e-01,1.725325453493431818e-02,-3.014188200250364491e-01,3.586005115061968174e-01,2.889090883979117952e-01,-3.805270044598868528e-01,-1.455475392667297807e-01,-4.545838663280823977e-01,-2.515904464675423613e-01,7.615941559557648510e-01,5.065841237742556985e-02,2.485644603898100602e-01,6.227905549305938482e-02,1.909538831996186459e-01,2.622746652863603978e-01,8.468847034500344428e-02,2.358604205478286031e-02,3.045189853148974057e-01,-2.734385889746581699e-01,2.443631463783253743e-02,-6.785740156346495300e-02,2.129384009358971375e-01,-8.074557599361947835e-02,-3.266786123037534462e-01,-2.937719026003930423e-01,-1.353766934202988437e-01,1.445573056610277574e-01,-2.915539268152042007e-01,-2.601895889258885042e-01,1.425305062352497099e-01,-2.747173564981787441e-01,-2.933459450767181842e-01,-3.517049975189251998e-01,-5.174715091051902000e-02,-2.054278540136107722e-01,5.123054529517281214e-02,-1.046031479619312365e-01,-2.327634864179581597e-01,-2.418742484742644749e-01,5.643568774552059492e-02
-1.907686298587754625e-01,-6.129651914950300373e-01,2.202095759738849357e-01,2.047309086643814280e-01,2.355419936375471590e-01,-3.003486597488367882e-01,3.331218647588681248e-01,-4.371541346307060705e-01,1.879233095323120939e-01,1.268272311685776921e-01,1.492261281771321557e-01,-1.097679805360427807e-01,-7.472426953930190463e-02,1.341661464324115649e-01,7.375446075881670893e-01,-8.700441774175667053e-02,-4.236891899473394646e-03,2.649292727742311171e-02,3.266883139564109167e-02,5.706911660364405448e-01,-3.637823929150973412e-01,7.001145450747893184e-01,-5.383840687392292823e-01,-2.724823933400211118e-01,-3.499494275378543517e-01,-1.828234729597176533e-02,2.302478016381253878e-01,1.196302056346911502e-01,-6.504215634314151374e-03,2.951190662067513029e-02,2.583059857188786390e-01,3.629285375436600014e-01,1.722489043590094693e-01,-7.494622843972471860e-02,3.462364025060395839e-02,3.235086187748219544e-01,1.329987045518044864e-01,2.830008600222854165e-01,-1.340640448577756771e-01,3.635403275740475837e-01,-4.479322141940497159e-01,1.883513784628208509e-01,1.694923885349955417e-02,2.108005173740404026e-01,-1.922319579252107224e-01,1.048244926949240124e-01,1.879961875373951097e-01,7.897649310444739834e-01,1.279098278640942998e-01,-2.229690948541350123e-02,3.831204928603434284e-02,7.964112421434371702e-02,6.972679403441972568e-01,5.065841237742559761e-02,7.615941559557648510e-01,-3.310566694058049153e-01,-4.092779832739489310e-01,-2.339510281572017292e-01,2.525961102754660237e-01,4.278719086961610962e-01,2.161887263086865740e-01,1.200010297735438075e-01,8.816600475447425311e-03,1.104324353768728756e-01,1.674848995345209202e-01,1.220250551389526067e-01,1.643196620597274504e-01,-5.030163460440846279e-01,-2.882108296901876310e-01,-1.940184815919261119e-01,-4.586068184082051635e-01,1.065418158319269420e-01,1.433036415996103742e-02,-2.747149457404223782e-01,-2.945893935131779218e-01,-4.177034133248908043e-01,-1.087824894725576835e-01,-2.480855845132211857e-01,-1.590138820021241017e-01,4.997816868235489124e-02,-3.145454372848876523e-01,-6.206668964302772262e-02,4.292794437938327046e-02,-3.714562495342927373e-01
-5.134630956887642483e-01,1.387831087337324798e-01,8.416835343372705558e-02,7.197629218436112086e-02,-9.586132292024421298e-02,1.062301734885660737e-01,-3.380791412883715208e-01,4.810402211647596404e-01,-2.264376294328442341e-01,-3.404254517978078654e-01,-1.341756681351994607e-01,3.505717763612369864e-01,-4.816532160234304194e-01,4.693121058493260889e-01,-9.855830595868401989e-02,-5.572988610877833704e-01,-6.009494372387308436e-01,-6.323166788029324081e-01,-2.242739111150268416e-01,-2.188793168185617088e-01,2.556882014710394890e-01,-2.708818339009102516e-01,7.835084582476968817e-01,2.986703208891998695e-01,-3.218953473659245113e-01,-6.510885680997566261e-02,-5.035771828370242537e-02,-1.031225436358267356e-01,-4.254522849016514896e-01,-6.551909028939849333e-02,-1.745605104001343721e-01,-5.391679080246709194e-02,-3.640474018341453566e-01,-1.222178438921260601e-01,2.148069797066391728e-01,1.851634456136231066e-01,-5.298221003391030692e-02,-1.937346047374387814e-01,3.785768723389250079e-01,-2.523084329478607613e-01,6.712069029014887667e-01,-3.487661866352850248e-01,-1.633769210172469066e-01,-2.040072734026670553e-01,3.518899529626530742e-01,-2.441436231255781353e-01,3.669534971863548378e-01,-6.244663619657887105e-02,-3.775515377574113485e-01,-5.259838827108587189e-01,-4.651490447791766236e-01,-2.393032144805065653e-01,-2.571277537149664338e-01,2.485644603898100047e-01,-3.310566694058048598e-01,7.615941559557648510e-01,2.679075687105594294e-01,-2.546420822661423777e-01,6.629084310655264378e-02,-1.490977003607339701e-01,-2.236537198225817258e-01,-3.684304565170353207e-01,4.312301056553876494e-02,-6.065836698709797803e-02,-9.451283681261730962e-02,-2.303827788261904597e-01,-2.610571110517101445e-01,1.128392339931616195e-01,-1.111205430167294117e-01,-1.573399754815732743e-01,3.288008875905121947e-02,-1.397730903123419743e-01,-1.502080064221097272e-02,2.972776835559111097e-01,4.109749018763716316e-02,6.835560068313192850e-02,-2.222805993183041562e-01,9.901716725246546835e-02,-2.227524241010712114e-01,-2.292481123985624647e-01,-6.472218031346400891e-02,-5.533522799281678090e-03,-3.558830124603083039e-02,1.906068566834676070e-01
-2.531505958130545464e-01,2.018821374676415814e-01,-1.490543932646631042e-01,1.626555721486339090e-01,-4.135991423251416665e-01,4.155787184044797966e-01,-1.430030484939665558e-01,6.501494642643833588e-01,-3.703936673588976713e-01,1.039270622831659774e-01,-3.108201015247722965e-01,6.788552605785931338e-01,-2.257650127918790078e-02,1.015010763342290845e-01,-3.744313252509026135e-01,-5.217074689098430973e-01,-2.193384967294088189e-02,-4.267361456116307017e-01,-2.565895917656969005e-01,-4.752106074532160829e-01,1.886911752990220459e-01,-4.634184381187985147e-01,2.950723691148744443e-01,9.160694739457230229e-01,-1.074171188803521165e-01,1.400752395159426678e-01,-5.388885638821104829e-01,-3.891614478014238099e-02,-5.319448445947710935e-01,6.852878204332307766e-02,2.936270139181905159e-01,4.380719112222796613e-02,-1.941604715860112407e-02,-2.189173555507310243e-01,1.500433794189274805e-01,-1.434304224328733224e-01,-2.463150049744070869e-01,-3.024714732400797246e-01,4.142247943424862133e-01,-1.125491664023669652e-01,5.495474002770672772e-01,-3.636702566449220297e-01,5.869966169033135478e-02,-2.927292461455175965e-01,7.516799609557132111e-01,1.773056759053137643e-01,-6.222228307963199867e-02,-3.406045199221747755e-01,-4.288131123438558845e-01,-3.938131753369780025e-02,-1.689470067578024426e-01,-2.773041375571627110e-01,-3.826893643848919835e-01,6.227905549305937094e-02,-4.092779832739490420e-01,2.679075687105595405e-01,7.615941559557648510e-01,7.861979497532591010e-02,1.558064823380373720e-01,-6.034392004313497981e-01,7.090730050155708009e-02,-4.383841440883366469e-01,2.195482560039734576e-01,-1.162029040661799184e-01,2.205156178662112387e-01,-1.051273992058627121e-01,9.702675427772509964e-02,1.754591830314480572e-01,8.907467721713047126e-02,-1.554696011915157605e-01,3.817411755266002932e-02,1.644420006914453780e-01,-1.090304512082808513e-01,3.490538544153473088e-01,5.167215892403584920e-01,3.815721390541141900e-01,1.768727398467845602e-01,1.997955926829920181e-01,-4.454711794879762793e-03,-1.957051127537411672e-01,8.479782526730976489e-02,1.785424601414449530e-01,-7.549798863037540664e-02,2.528051926848623454e-01
1.642271181554684489e-01,3.535652655299928449e-01,-3.664424953219002079e-01,-2.554907415264252024e-01,-2.909279239130498906e-01,-2.178006985524271188e-01,-1.771138561812115042e-01,-3.377509167934016343e-01,-2.323928599441007214e-01,-1.705988078895110671e-01,-4.106875535653797815e-01,-4.160918920080999284e-01,4.534119677518715780e-02,-4.135538251414701549e-01,-1.944563310976076265e-01,2.830312713172888905e-01,2.249257855597847910e-01,3.565059898162543095e-01,-5.632893987527645141e-01,-4.376018168822566889e-01,3.076450761310536852e-01,-2.867761501987364237e-01,-2.952140979371432605e-01,-1.991893186379129765e-01,4.362206380516422954e-01,-2.290138518191850991e-01,-1.487919346382369223e-01,3.936333308590996005e-02,2.659457752707657940e-01,-3.994253752298255744e-01,-2.169353448665823081e-01,3.547296341429217060e-03,3.934672111670689532e-01,4.145995648264724220e-01,2.256879051517827195e-01,-4.979499532821317076e-01,-2.855490729005922268e-01,-3.165969069445687678e-01,5.669185141777035447e-02,-9.613323557251153562e-02,-2.379864569078058434e-01,-3.051620122725727802e-01,2.511889723672000585e-01,-3.923341042236069831e-01,-3.004590276612292277e-01,1.817202702004342696e-01,-4.041039634996974605e-01,-2.244865713682738795e-01,5.751179100888560436e-01,2.595674212972370332e-01,5.870810088470478361e-01,-6.126992059041175276e-01,-4.618451406742412613e-01,1.909538831996186736e-01,-2.339510281572017569e-01,-2.546420822661423777e-01,7.861979497532591010e-02,7.615941559557648510e-01,4.008167938525257212e-01,-2.195796033076223563e-01,5.941624387516692557e-02,3.270005626525215314e-01,-4.374469971943037994e-01,6.833972172144482660e-02,-2.532937053955476581e-02,3.708347887279304089e-01,2.630153974264498595e-01,5.784448197089946120e-02,2.552543264830916536e-01,2.655622754104274286e-01,2.396020737737419581e-01,-1.063327838514936396e-01,-2.885562376228667514e-01,3.301648891293540999e-01,-1.245189712105195939e-01,-1.253780387743359259e-01,-9.950831623730049813e-02,2.323883903093977854e-01,3.796029103780786951e-01,2.899892532243935617e-01,7.002304980010307101e-02,-2.211128218003145796e-01,-2.465356277027873633e-01,3.138484583673062378e-01
-4.726209128709336904e-02,5.307751962994121386e-03,-2.867080881876634679e-01,1.287839061870479918e-01,-1.398522630956372248e-01,-2.334411896139286791e-01,-9.417135269683217513e-02,-3.923127712053386951e-01,-1.336922490363079419e-01,-1.931931756572774217e-01,-3.163635563936262884e-01,-1.516595205745805697e-01,2.799504830303146952e-02,-2.094862961528499157e-01,2.136939651922151184e-01,-2.054828518898514922e-01,6.389800668916043036e-02,-2.627671970163521220e-02,-3.871717634599051716e-01,-2.148800839851932321e-01,1.438623770552923675e-01,-1.535242103671003999e-01,-2.631460972714813051e-01,1.888172163367936307e-02,-2.132434568118472540e-01,2.695858223059560688e-02,-1.940367640358245938e-01,2.033946756592447114e-01,-9.715194043038143101e-02,-1.714362770806667768e-01,1.926321918597001248e-01,2.785095897902167827e-01,2.645290138180110273e-01,3.554970107012794256e-01,3.772472545049341264e-01,-2.067015572248873112e-01,-1.515985163288840754e-01,-2.769388136171894721e-01,3.680652881176702529e-01,9.917635226998370787e-03,-9.144814659507928545e-02,-1.680779237829674033e-01,1.777901990752587813e-01,-2.506374949047686096e-01,-1.374415643966852077e-02,3.980769520309010434e-01,-2.354626012431689785e-01,2.222940403014639354e-01,3.016299435341171509e-01,1.844548890076883885e-01,3.937957474848501893e-01,-3.860889028713282989e-01,-6.959209721184754505e-02,2.622746652863603978e-01,2.525961102754660237e-01,6.629084310655254664e-02,1.558064823380372332e-01,4.008167938525257767e-01,7.615941559557648510e-01,5.258501449439478143e-02,2.142056754906410676e-01,1.932983310838793933e-01,-2.761005761307415152e-01,1.469697981034475964e-01,1.374022351818516841e-01,1.638747708049636820e-01,3.443219452581064988e-01,-3.076397742341043795e-01,-2.691347848388293829e-02,-5.235826219704040746e-02,1.660078836172322603e-01,-2.435291128040929509e-01,-2.685584677589982205e-01,1.928811572287646714e-01,-1.073143522715021281e-01,-7.039843045775831532e-02,-1.423711219697073038e-01,-2.510829197571676219e-02,-1.152698054505734739e-02,1.177430328831120948e-01,3.912188078117170842e-02,-2.998301664785429921e-01,-1.591266958304637380e-01,4.414797633915515385e-02
-2.206345347534399426e-01,-4.501231642036954139e-01,1.350860666216670836e-01,1.134222259074427475e-01,4.517101832565582065e-01,-3.723278891007422153e-01,2.948532404377219862e-01,-4.629440618790600093e-01,3.623768734438242989e-01,-1.300930993261979474e-01,1.768256851679577968e-01,-3.588311178872753970e-01,-1.998168760094637397e-01,-4.315410484972173849e-04,5.136776364261265160e-01,-2.206717542394215914e-01,-2.688516721077958693e-01,-1.506246158118281497e-01,-1.418249331651818546e-01,2.320396537886461330e-01,-2.522113562321708358e-01,1.658446705889842498e-01,-3.777819271577330662e-01,-4.118783463843503356e-01,-3.447773282403763795e-01,-2.101906543252646531e-01,8.655897753359287350e-01,-3.410821394860742012e-02,-3.673496830130496688e-02,-5.552641866227942674e-02,1.038284329387331312e-01,-1.236945660035398409e-01,-2.614894315951702547e-02,-9.534103459285479809e-02,1.442164245809780809e-02,2.865747579496797370e-01,1.005442395834815483e-01,3.624003571350115083e-01,-1.358441515682532463e-01,4.684461000691061416e-01,-3.242385194054356878e-01,3.431115836419038057e-01,-1.503499597098483798e-01,1.913853752739930192e-01,-4.028833385050334392e-01,1.254413343827397555e-03,1.394112650550449473e-01,5.239546951140470199e-01,-6.975676848883054226e-02,-2.394130440589964381e-01,-1.598465156719515723e-01,-7.859785828132113961e-02,2.632965672679098423e-01,8.468847034500344428e-02,4.278719086961612628e-01,-1.490977003607341367e-01,-6.034392004313499092e-01,-2.195796033076223563e-01,5.258501449439483694e-02,7.615941559557648510e-01,-1.723684241845086229e-01,1.121606205568103642e-01,-1.196513686587493408e-01,2.359597711518362784e-01,-4.011188743285279412e-01,-1.811603870286442597e-01,9.090132248159292494e-02,-3.542622260845920135e-01,-2.025387848216880227e-01,-3.418049337385861697e-01,-2.029499551365304411e-01,-4.373992028084836697e-02,8.426227545039279010e-03,-3.692025509637034825e-02,-4.366301693768282477e-01,-3.675022798231142862e-01,-1.809574206471873392e-01,-1.655511679893960086e-01,-1.052104445866490212e-01,-2.325935823808649716e-01,-4.288107720586409877e-01,-1.413905049588191076e-01,1.692408514812127410e-02,-1.302967390487041743e-01
3.774679776879501514e-01,-2.317403846852607030e-01,1.052537239594807938e-01,2.030421730709651706e-01,2.689187661135943319e-01,-6.019786327466865317e-02,4.467050733547526242e-01,1.951915949513312667e-02,5.694711716280100727e-02,2.515548714438428091e-01,8.089110506239687026e-02,1.892414112213731958e-01,4.982516406734196490e-01,-2.172426117192149952e-01,1.305484930311154312e-01,-2.407073066000380845e-01,3.151096155857166514e-01,6.332161353196004427e-02,-3.760169209547620239e-02,2.038320443123886050e-01,-2.173381652066215530e-02,6.058839221606978492e-02,-2.465562288715687500e-01,1.080006003698992523e-01,-1.913051083781613648e-01,-1.070187831959897549e-02,-1.344972792015970975e-01,8.239873086657862888e-01,-1.238730482850904958e-02,5.823880560005492008e-02,4.193568853931901041e-01,5.769592029903996000e-01,3.622688193400616097e-01,2.280022604058620783e-01,-3.464494636731582644e-01,4.055546327614454466e-02,1.799323438355185075e-03,1.994100552771467250e-01,1.982716425191193288e-01,4.086477492399954725e-01,1.407297921116939798e-01,-3.736857012996069871e-02,3.454792420625799609e-01,1.261229945085910464e-01,1.569391742411865576e-01,6.734652465285771994e-01,-2.861352752659581666e-01,1.195753536912037146e-01,-8.996617682582136455e-02,4.361203705745149706e-01,1.371012449384895471e-01,-6.753456130520314737e-02,2.722650582463145841e-01,2.358604205478291582e-02,2.161887263086865740e-01,-2.236537198225817258e-01,7.090730050155694131e-02,5.941624387516687006e-02,2.142056754906410676e-01,-1.723684241845086229e-01,7.615941559557648510e-01,-4.279885095849216003e-02,1.682614030019623508e-01,3.152452130103862160e-01,5.317121887834861393e-01,3.269886746422996926e-01,1.303432634307764015e-01,-2.869433731281517685e-01,-4.007067900507200742e-01,-2.592767565813886566e-01,-9.713303530282265535e-03,2.466654149427076892e-01,1.303089255905970079e-01,-1.388686089817199598e-01,1.806388880535883257e-01,2.952777271174239493e-02,-4.289932114841377153e-02,-3.258189387286379857e-01,-3.464117420564631344e-01,-2.453864559996313532e-01,-5.315776849879122468e-02,6.204835733778096135e-02,2.473451803458347753e-01,-4.367717578412475543e-01
-1.303789515474450822e-01,-3.197240424748111487e-02,-4.281088378454437904e-01,-1.608894748601756852e-01,-2.124069809816490628e-01,-4.560185929353315348e-01,1.781488578681798274e-01,-6.642314189601387087e-01,-2.521277550021975289e-01,-3.593938404155250788e-01,-3.864479202604891861e-01,-5.787483944995331919e-01,3.695349428638314976e-02,-4.748859386809466954e-01,-4.775240965301877534e-03,1.585189687069163689e-01,5.994833544127176235e-03,-1.709993323664748405e-02,-6.198305321184167660e-01,-2.210863254355593943e-01,1.514593575686339899e-01,-2.620560552371343360e-02,-4.522296470675408742e-01,-5.462252881430612605e-01,-1.283490610676880639e-01,-4.898996402583583043e-01,3.920713229068919364e-02,-1.546739967167807817e-01,5.437322115309989323e-01,-2.975595898572321873e-01,-2.159289226700695785e-01,1.134214873252843425e-01,2.664146048261743505e-01,3.739713822222077710e-01,1.031123625710415881e-01,-4.138527140860931430e-01,-5.591748055350002911e-02,-2.220187417768776372e-01,-1.488817383726367405e-01,3.056349578244862975e-01,-4.550066953503980605e-01,-2.475262501714858843e-01,3.989222026900901552e-02,-3.132913938631268214e-01,-6.687276437986527933e-01,1.088440928756345683e-01,-3.319845756498843170e-01,5.183998010341422935e-02,6.851336663085566547e-01,-9.973036068703927670e-02,1.692123872303341603e-01,-5.639018995377782506e-01,-2.101185670455124610e-01,3.045189853148974612e-01,1.200010297735438075e-01,-3.684304565170353207e-01,-4.383841440883366469e-01,3.270005626525215869e-01,1.932983310838793656e-01,1.121606205568103642e-01,-4.279885095849213228e-02,7.615941559557648510e-01,-4.910554019880681853e-01,5.064591440124815297e-02,-2.253296544671142820e-01,3.709652764751461551e-01,1.328362026779613403e-01,-5.325810574403366804e-01,-3.431694404646946639e-01,-6.061257721074018306e-02,1.078773107327052200e-01,-3.690942303930582202e-01,-2.848938965989715189e-01,-5.026287753051041779e-02,-3.278351138040467294e-01,-5.008687102656759205e-01,-3.002196944239331478e-01,-3.006338260324232237e-01,-1.187307800408595321e-01,2.716795465803703569e-01,-6.007936147278715444e-02,-3.893701913100112155e-01,-2.249653255194128953e-01,-1.400377878368137541e-01
-4.415986653266751882e-01,-4.896634487390784662e-01,3.232121635620852085e-01,4.013241581524635282e-01,2.518007143624670374e-01,7.444708207672198763e-02,-5.068128444462010468e-02,3.443336548187779234e-01,2.299928331319823216e-01,1.725032197253297539e-01,3.396023479105363951e-01,5.592291309778230080e-01,-1.151430297603979747e-01,3.639255695424637449e-01,5.900948353118365408e-02,-6.284514003637260426e-01,-6.576926942482923255e-02,-5.530230613093705117e-01,3.749356721094835865e-01,1.886881174543580397e-01,-3.244684033238927623e-01,-1.398999772871414859e-01,-8.323446882002269454e-02,2.984609199174005911e-01,-4.969588558640337661e-01,-2.660442610721656109e-01,-2.405143435045807854e-01,7.756338686819441719e-02,-5.861136110351412576e-01,2.918908418722946374e-01,1.166233591121086099e-01,1.851901448303725772e-01,-2.130855075618280359e-01,-4.138679782357379544e-01,-4.228873724373957699e-01,3.348766436427021431e-01,2.360634097216439131e-01,3.434791682965742665e-01,1.449786880514396525e-01,3.099277682706604725e-02,4.564528657186195382e-01,1.973788939396098618e-01,1.545323700328905814e-01,3.580543720985572276e-01,5.890036002084614308e-01,-1.488234134456952081e-02,3.818227924073094859e-01,-5.202515647408292865e-02,-5.474760076266584896e-01,8.150472309113221403e-02,-5.114510788819663922e-01,4.020150281545465387e-01,3.437985573590666699e-01,-2.734385889746580589e-01,8.816600475447425311e-03,4.312301056553873718e-02,2.195482560039734021e-01,-4.374469971943037994e-01,-2.761005761307415707e-01,-1.196513686587493269e-01,1.682614030019622953e-01,-4.910554019880683518e-01,7.615941559557648510e-01,2.253203605673901044e-01,1.584674556681355539e-01,-2.265611788709551155e-01,-5.348105800280450461e-02,-3.548774507979623460e-01,-2.351325294825017675e-01,-1.877508669737277536e-01,-1.906184131171576868e-01,3.546585119192063318e-01,1.286925497555784503e-01,-1.792659802630733323e-01,2.304814073332547009e-01,1.198319220352413172e-01,-1.224574025176519698e-01,-1.919682519356386285e-01,-2.193941414708635018e-01,-1.728846729285375694e-01,9.133203989780233623e-02,4.021460999169079176e-01,1.308554080738238423e-01,-2.422692733497747719e-01
-2.456540798406284601e-02,-2.705993794645699668e-01,1.920668192316984380e-01,8.905972590059040017e-02,4.297918713604606533e-01,-2.794388186677740360e-01,3.104921368353757982e-01,-2.259140820046346698e-01,3.598001812342122574e-01,-3.203673636316185791e-02,1.536610006687575691e-01,-2.577352865292975581e-01,2.410952612928248529e-01,-2.582097249820469731e-01,1.584688437967870234e-01,-2.595734248580869874e-01,2.018283260886595196e-02,-5.462506717307257648e-02,8.092552756183526985e-02,3.616180129530676135e-01,-2.412244171617985433e-01,5.621031814513718916e-02,-3.866804545333578647e-01,-2.228286092515666950e-01,-4.569044496162339430e-01,-3.501428391054176581e-01,1.721245571681749298e-01,1.715798264670634343e-01,-1.407052790964811451e-01,-1.056349967224340658e-01,1.417828560770578727e-01,1.203221038347619676e-01,7.437582417379955124e-02,2.191486373718026237e-01,-1.623827036257368961e-01,1.248618745661991825e-01,4.252202107483474824e-01,3.623885739197638123e-01,3.393941838299150415e-01,4.130227467777805583e-01,4.489977123076419052e-02,3.728369511810812886e-01,3.439842696266129374e-01,1.934908757299901860e-01,-1.559391851091016523e-01,5.753822783522392070e-01,-1.990344976923884290e-01,1.124089422449785214e-01,-3.173318962222908962e-02,3.905576126068681653e-01,1.485858029200673169e-01,1.118736886563142241e-01,2.783781125004761159e-01,2.443631463783256519e-02,1.104324353768729589e-01,-6.065836698709799191e-02,-1.162029040661799184e-01,6.833972172144482660e-02,1.469697981034475964e-01,2.359597711518362784e-01,3.152452130103862160e-01,5.064591440124815297e-02,2.253203605673901322e-01,7.615941559557648510e-01,-3.991490487206354743e-02,-3.271292744318469309e-02,2.017882000173829848e-01,-3.301427777582529588e-01,-2.770805201741708967e-01,-2.210159081666525360e-01,-4.462259790108249330e-02,-6.255310342115127931e-02,-1.133652691742880886e-01,-2.507907094015899285e-01,-3.473798705242505530e-02,-1.020007421950559941e-02,-1.791274921983545820e-01,-9.941476507011458297e-02,-2.250919942143396191e-01,-1.911406525329951145e-01,-1.506655658900350470e-01,-7.226864477487777993e-02,-2.187151609705532129e-01,-1.655596325300942306e-01
6.344564779839409474e-02,-3.640426669975161400e-01,1.210783930761899219e-01,-7.029428085242259150e-02,-2.793772182431775164e-01,3.022560866507754684e-01,-3.861266313810027273e-02,2.388691849564379688e-01,-3.256072730019134442e-01,1.650264596850843646e-02,-1.005391993646226334e-02,3.206419333779161329e-01,1.582313041529272157e-01,1.573680587464032776e-01,1.661460590228859557e-01,-1.811431963925144439e-01,2.395261209593651519e-01,-6.102660661239003165e-02,1.395209689232754513e-01,1.076840057259384753e-01,-2.015233623249224892e-01,1.492884725408168967e-01,-1.350873200287120712e-01,1.965371557562217986e-01,-7.306894269326501268e-02,2.085194493920415892e-01,-3.169242064987191632e-01,3.988765822966758301e-01,-2.138288913708705219e-01,1.484331116760625180e-01,7.814741569342507910e-02,8.053175503163471083e-01,1.554378089485436987e-01,-3.523169454093160735e-01,-1.216188688411614788e-01,9.000016343749076301e-04,-8.236247535078733417e-02,-1.946903437902006151e-01,2.044265603558330369e-01,-1.233184164219754547e-01,1.314761163526160237e-01,-4.523322338506821638e-01,-1.058535707118817282e-01,-1.305805285179529596e-01,3.171399889925599069e-01,7.431917632818199615e-02,9.252996580676756122e-02,2.109488473725796842e-01,-1.969636086752614146e-01,3.034193647921760162e-01,-6.243308181375274712e-02,7.920280579397331877e-02,1.778199044994764055e-01,-6.785740156346492524e-02,1.674848995345209757e-01,-9.451283681261736513e-02,2.205156178662112387e-01,-2.532937053955473805e-02,1.374022351818516841e-01,-4.011188743285279967e-01,5.317121887834862504e-01,-2.253296544671142820e-01,1.584674556681355539e-01,-3.991490487206354743e-02,7.615941559557648510e-01,3.492201768544130336e-01,-1.763390075315841576e-01,-1.462591291072061761e-01,-2.350424937392123215e-01,-2.952313425163650140e-01,-2.603694236866669343e-01,2.854151641908038162e-01,9.347640053623029743e-02,-3.786505314881190576e-01,2.282188662184517214e-01,-8.767214789406498066e-02,-1.594391110664773736e-01,-1.145679759804687364e-01,-2.678285721869110292e-01,-2.007345602966915665e-01,-9.359116696909734745e-02,2.239921716206371705e-01,1.433258320148935450e-01,-4.662590520391467486e-01
2.569508555388095444e-02,-4.082847187130565769e-02,-1.364465302437946337e-01,1.367459530829719938e-01,-1.846953500417026009e-02,-2.198497202683116214e-01,8.191061453957095007e-02,-1.851530293897005186e-01,-1.839786447223484278e-01,-3.382417105386242295e-01,-1.413447952256593337e-02,-2.190826939961000031e-01,2.912922261477672581e-02,-5.529262938783668230e-02,-3.668534155651902856e-02,1.882631772555000416e-02,1.543955856116817626e-01,-2.091391682771970295e-02,-1.805269014505224145e-01,-5.740259123328380481e-02,4.894391624379792333e-03,2.584234325455440212e-02,-3.368169295551721176e-01,-2.805968447858218640e-01,-1.184040458600393170e-01,-3.302626171200457317e-01,-1.588067163290499684e-01,1.336346482875689079e-01,1.432846174887894841e-01,-1.972974340464999088e-01,-1.466726821423769977e-01,3.677789130652520666e-01,6.640319907376954767e-01,1.471289965859740034e-01,1.779443274605180814e-01,-1.682911252747073261e-01,-2.115537655937714534e-02,-4.111752933785965680e-02,-5.744253831458308313e-02,1.429233243428583433e-01,-9.912314141378539278e-02,-2.840445054399083902e-01,5.037911632922809080e-02,-4.356216997016647968e-02,-1.899740164439280565e-01,1.623688010074181287e-01,-3.517321209980546481e-02,4.766460107576468014e-02,3.919033000556243485e-01,1.697195502554622037e-01,3.014773974500133957e-01,-2.337242310604835394e-01,2.533613987967186024e-03,2.129384009358970820e-01,1.220250551389526622e-01,-2.303827788261904597e-01,-1.051273992058626705e-01,3.708347887279304644e-01,1.638747708049636265e-01,-1.811603870286443707e-01,3.269886746422997481e-01,3.709652764751461551e-01,-2.265611788709551155e-01,-3.271292744318472084e-02,3.492201768544130891e-01,7.615941559557648510e-01,7.174924067916753356e-02,-3.831821418935114076e-01,-2.549427141465216984e-01,-1.519886675063435721e-01,1.396694655225795730e-02,1.836745183735401521e-01,-1.261955702902014531e-01,-1.532830772107278139e-01,2.650398827761292209e-01,-3.012484720567010776e-01,-2.282303177365845870e-01,-4.574108616517411768e-02,-2.242343236488272135e-02,5.525556018697783123e-02,-5.300537213563778771e-02,1.051655669635138540e-01,4.747124928185770393e-02,-2.017007020188912314e-01
-1.683937215557751790e-02,-2.373654490006633366e-01,-2.965678751938267688e-01,3.206018949971665144e-01,-3.352895987574610048e-01,-2.968774129270971285e-01,1.354779621077619456e-01,-4.402946050295591940e-01,-2.914993449775390988e-01,-9.108532005379751939e-02,-4.068587678679770336e-01,-2.677062635044947791e-01,2.266692910965041607e-02,-3.951186492871491263e-01,1.057833465818288077e-01,-1.640011036125196553e-01,2.412194737888857521e-01,-2.273219813914023266e-02,-2.849425490946567163e-01,3.760572613641969403e-02,-8.837801989631748067e-02,-1.303123606316475003e-01,-4.255555068051277146e-01,-8.506988724917628752e-02,-1.594448522248641253e-01,-2.702423932408906104e-01,-1.203201796160437986e-01,-9.400430408220124268e-02,-2.064631610617941385e-02,-1.310336626776870961e-01,4.323601818314223855e-02,4.924142891290659435e-02,1.244575214673979136e-01,2.205684064380955822e-01,-1.535329966228596577e-01,-3.095355188959819093e-01,-3.075242619371547637e-01,-3.915626295381613997e-01,1.813825327997112824e-01,5.447398204721479870e-02,-3.040830466905991014e-01,-2.934530541678141979e-01,1.840945491185844995e-01,-3.923260579087264888e-01,-1.206638891846254225e-01,2.613980315964440360e-01,-4.693102638362618428e-01,-1.938426417384439895e-02,1.403204033349178259e-01,2.864139626715048181e-01,3.345774302850867410e-01,-3.027390550900940780e-01,1.451234375456743608e-01,-8.074557599361951998e-02,1.643196620597274227e-01,-2.610571110517101445e-01,9.702675427772511352e-02,2.630153974264498595e-01,3.443219452581064988e-01,9.090132248159295270e-02,1.303432634307764015e-01,1.328362026779611738e-01,-5.348105800280456013e-02,2.017882000173830681e-01,-1.763390075315841576e-01,7.174924067916747805e-02,7.615941559557648510e-01,-3.220996148590485886e-01,-1.367885445307519265e-01,5.302819055392965497e-02,1.845715626059191428e-01,-2.657270408144865037e-01,-3.027957879017798559e-01,1.418004287271747432e-01,-1.067226876893000304e-01,1.835359701529252763e-01,3.131758111368939668e-01,-1.159214990535210738e-01,9.267022986615412738e-02,2.370418930882131903e-01,1.694601182845646425e-01,-3.834512786322737399e-01,-9.093550415236267837e-02,6.101367440097350131e-02
3.268049923801899515e-02,9.460449240560886430e-02,-5.418215538165983142e-02,-2.338597893490401980e-01,-2.617081535357859146e-01,4.395978938655475954e-01,-2.740188907046761102e-01,3.298300779457099541e-01,-2.703233378339668924e-01,-2.528834692929347594e-01,-6.687923425349784345e-02,-2.541796317443181363e-03,-2.535029129085704380e-02,-1.406955612895519243e-02,-2.973665929104390426e-01,-8.963217399002293417e-02,3.595443173776999291e-02,-1.201334360310486460e-01,-1.178871778901434408e-01,-4.318543671538965234e-01,1.192486266148382610e-03,-3.991558715586831507e-01,3.027370818300038069e-01,2.426596484390216857e-01,3.356855498801076254e-01,1.396287313767854699e-01,-1.934898557236330585e-01,-1.077340681651458437e-01,-2.168212529786036069e-01,-1.969703239878235479e-01,-1.567621308015270387e-01,-1.970301372355461877e-01,-2.392559992592456775e-01,-3.830510870103155385e-01,-1.418152295574905131e-01,-7.301685010509181839e-02,-3.646430717703123547e-01,-2.842632163606778062e-01,6.210620535158346139e-02,-4.296160769527819778e-01,7.564219344337842765e-02,-3.491341912083525401e-01,-3.939642619383850741e-01,-2.060592847777630299e-01,-4.709410541696349047e-03,-2.618235789699490113e-01,-8.511043885282067178e-02,-3.451871278990462089e-01,-4.849097489309259212e-01,-1.195163514995605247e-01,-1.544111020332532835e-01,-1.325686301573560377e-01,-4.680068312237750106e-01,-3.266786123037534462e-01,-5.030163460440846279e-01,1.128392339931616473e-01,1.754591830314480849e-01,5.784448197089946120e-02,-3.076397742341045460e-01,-3.542622260845920135e-01,-2.869433731281517685e-01,-5.325810574403366804e-01,-3.548774507979624571e-01,-3.301427777582529588e-01,-1.462591291072062039e-01,-3.831821418935114631e-01,-3.220996148590485886e-01,7.615941559557648510e-01,4.604321881188744858e-01,5.505993901926255207e-02,1.840792645193019827e-01,1.458960592048893501e-01,-2.148581200650486189e-01,1.826601945452035747e-01,2.033185109249096567e-01,1.671100789471191284e-01,1.503924970078013568e-01,5.327429653390740594e-01,2.709260420956253745e-01,-2.244529475710499156e-01,-1.066245789007128908e-01,1.046860896295685878e-01,-9.415586700705808054e-02,2.348311692810897688e-01
-6.128938304893347816e-02,2.604716034447875361e-01,-4.208410335946842218e-01,-2.355662877344332218e-01,-4.657888307863040644e-01,6.981316352505313738e-02,-4.441414014584899039e-01,-1.247932483774007867e-01,-3.540798268248962488e-01,-1.281832073076735745e-01,-4.725814225001708779e-01,-1.055557890120677189e-01,-3.212339143032367783e-01,-7.223334342389535478e-02,-2.217432368071839688e-01,4.201447867772665351e-02,-9.079510745349245182e-02,8.222519811978354354e-02,-5.177914287111513580e-01,-4.493529323337781545e-01,-4.770588313663143981e-02,-3.252618404210785852e-01,-4.677237299776571509e-03,6.073854932994440792e-02,4.252727687294924341e-01,2.970241868325072532e-01,-1.176029445160413633e-01,-3.258719280082748582e-01,-2.491183588552262629e-01,-5.050049937767955160e-02,-1.548955237195454027e-01,-4.793713587579230273e-01,-2.158234176984453745e-01,-2.288789634036517695e-01,1.916330825493002266e-01,-4.922332429351427563e-01,-3.724056667430472589e-01,-3.933345551675228591e-01,-2.234687132327074777e-01,-5.279629733244636247e-01,-4.079562153462572005e-01,-3.533976921017639716e-01,-2.769183329575160557e-01,-5.111534617018228532e-01,-1.856536842261842860e-02,-4.926082416699078537e-01,-8.303206228233721287e-02,-2.942403655377959226e-01,-9.020107406234398328e-02,-2.111130161743941802e-01,8.772843940194469115e-02,-5.122594530111302946e-01,-4.543312300860815611e-01,-2.937719026003930423e-01,-2.882108296901875755e-01,-1.111205430167294395e-01,8.907467721713044351e-02,2.552543264830916536e-01,-2.691347848388291053e-02,-2.025387848216880227e-01,-4.007067900507200742e-01,-3.431694404646946639e-01,-2.351325294825017120e-01,-2.770805201741708967e-01,-2.350424937392123215e-01,-2.549427141465216984e-01,-1.367885445307519543e-01,4.604321881188744858e-01,7.615941559557648510e-01,4.403640925320830291e-01,4.354539748787900622e-01,-5.066121845690209347e-02,-2.570259940790590725e-01,5.718544939068980204e-01,6.667364848193482740e-02,5.254724153979781209e-02,2.006457711277697953e-01,3.809482899947301271e-01,7.407628737197525792e-01,1.563858243339274479e-01,4.430860426216331333e-02,-8.307733270605231757e-02,-2.938286548909723739e-01,6.480339997712488698e-01
1.878585204241252360e-02,3.059771241859660651e-01,-4.740813716054478877e-01,-3.058151994370778004e-01,-3.088128323171234202e-01,-6.624204781430503841e-02,-3.453257418151260416e-01,-2.718901103232677086e-01,-2.364350579590737966e-01,-1.918666315515963061e-01,-3.942554203464671558e-01,-2.254677855181794199e-01,-1.386628404760069377e-01,-1.288147955260445510e-01,-1.659950996214098751e-01,2.329721558133737713e-01,-7.196128523246676789e-02,2.277782520596763061e-01,-4.963407610316069585e-01,-2.883416251144493292e-01,5.669225691706113873e-02,-1.592847964135449823e-01,-7.469689112071338510e-02,-1.932690860706913483e-01,2.352228211487937537e-01,-5.314178895532832569e-02,-2.493077914333967637e-01,-2.878938769824294641e-01,-1.180031100839483947e-02,2.790654380753321839e-01,-2.640256212318972118e-01,-3.146374624211610849e-01,-5.478957255958780831e-02,7.202054504308093297e-02,1.545408496640204576e-01,-5.258174240957331769e-01,-2.511491942976032954e-01,-2.854441262694807357e-01,-2.005262538164000741e-01,-3.611035808621267940e-01,-3.759263043532561910e-01,-2.385408653607088703e-01,6.995582684707006560e-02,-4.164312008348843852e-01,-1.641676267626445973e-01,-2.986272807001328911e-01,-1.524068550906480107e-02,-1.606904490459355739e-01,2.022752417508268119e-01,-1.441928842613258710e-01,2.679163462117119532e-01,-4.715202587378311549e-01,-3.465557761586003371e-01,-1.353766934202988714e-01,-1.940184815919260841e-01,-1.573399754815732743e-01,-1.554696011915157605e-01,2.655622754104274286e-01,-5.235826219704035195e-02,-3.418049337385861697e-01,-2.592767565813886010e-01,-6.061257721074021082e-02,-1.877508669737277813e-01,-2.210159081666524805e-01,-2.952313425163650140e-01,-1.519886675063435721e-01,5.302819055392961334e-02,5.505993901926263534e-02,4.403640925320830291e-01,7.615941559557648510e-01,4.164338126441957111e-01,-2.655823221191723760e-01,-3.092924529365678743e-01,3.323675692390314351e-01,9.505443695938635418e-02,-1.357946048295957386e-01,1.375306221802808926e-01,-1.882704879323250299e-02,4.285122630017640377e-01,8.076843848797564673e-01,2.277248822502177805e-01,-3.016664708262512540e-01,-3.839560696310660992e-01,3.488858113189254873e-01
7.766394154416356166e-02,5.495167905438385070e-01,-4.311677355494674124e-01,5.349728505043363502e-02,-6.431099250047100924e-02,-2.511292400187566456e-02,1.718174746220153815e-01,-1.344569944409640117e-01,-1.775807154699367008e-01,-1.087032327751900375e-02,-3.099459067602171047e-01,-2.092051242080696372e-01,2.502499756464580671e-01,-3.155900043093060603e-01,-3.090593554866151171e-01,1.987134924169580152e-01,1.599531076016485476e-01,2.547585349462711535e-01,-3.738236193693543208e-01,-5.943014012853873318e-01,4.318349671364440923e-01,-5.082848943129844033e-01,7.376552708018940807e-02,-5.807663697956465254e-02,2.235708109189613046e-01,-6.937684074564315351e-02,-1.774785606172241959e-01,-1.161560294284945914e-02,1.543762779948881780e-01,-9.500862394735166971e-02,-2.174674210018039677e-01,-2.285645148203712881e-02,-1.935313382150683631e-02,2.196993984483463225e-01,2.412816284130545330e-01,-3.961391543807572524e-01,-9.113781973494095023e-02,-1.561433014998688251e-01,5.955998822094761558e-02,1.716358994456309572e-01,-5.371900852947902871e-02,-2.016459351354763785e-01,2.365843253271728841e-01,-2.983572948363816257e-01,-2.140564350236252023e-01,2.129985237902534967e-01,-2.690708605287640554e-01,-3.140636922488184157e-01,1.616902222237187881e-01,2.641408738998576866e-02,2.496985410785867721e-01,-2.562584069631357875e-01,-5.634603633875663320e-01,1.445573056610278406e-01,-4.586068184082050525e-01,3.288008875905123335e-02,3.817411755266002932e-02,2.396020737737419026e-01,1.660078836172322603e-01,-2.029499551365303578e-01,-9.713303530282248188e-03,1.078773107327051783e-01,-1.906184131171577145e-01,-4.462259790108245860e-02,-2.603694236866669343e-01,1.396694655225794168e-02,1.845715626059191705e-01,1.840792645193020105e-01,4.354539748787900622e-01,4.164338126441957111e-01,7.615941559557648510e-01,-2.632066277318950154e-01,-2.135587145425089095e-01,3.706629267225257096e-01,2.059758355287836240e-01,1.366144139774522481e-01,2.210168134623128888e-01,1.072886557293508125e-01,4.131765586646922728e-01,3.082715957487601743e-01,3.643835329805240053e-01,-1.674362221386868632e-01,-1.086418027829326310e-01,2.746653639485379106e-01
-1.740311383336746731e-01,-3.610015079600719656e-01,3.588782008558575876e-01,5.153340477314374279e-01,3.057515696441940323e-01,1.335307236163885691e-01,1.712926506844765495e-01,2.510972287295966110e-01,6.784575078133900372e-02,2.485366362944703977e-01,5.345270005849804829e-01,4.163145983917533322e-01,-5.367671995350489778e-02,5.262837101156413455e-01,5.759128533403626987e-02,-2.792051634553501249e-01,2.329510343884893253e-01,-9.324692270586916465e-02,5.325724849628769020e-01,1.567066117004376202e-01,-4.435119312173428918e-01,5.897890668271732473e-02,-2.293259708099653349e-01,2.577179952732190915e-01,-6.188029517349653147e-02,2.819132002655483360e-02,-4.162497686249498619e-02,2.231243178162587437e-01,-3.201401797806365801e-01,-8.850075787650461129e-03,4.986406326084952267e-02,1.957836719001772030e-01,1.861068910578256297e-01,-4.161725035118407634e-01,-1.899194079490118814e-01,3.091463188479484647e-01,3.467927034413579856e-01,3.259704180094186721e-01,-2.932277267478539118e-02,1.535860938101377138e-01,1.218881019158140622e-01,-6.626203588280528411e-02,1.178349453114116985e-01,3.991499117338171976e-01,4.920219008516228953e-01,1.043126340166286026e-01,5.220247645406930204e-01,-1.108892167408194289e-03,-2.878928391781885310e-01,3.842106441019145779e-01,8.830810862893254815e-03,4.728045843042224528e-01,2.043176940214649351e-01,-2.915539268152042007e-01,1.065418158319269559e-01,-1.397730903123419466e-01,1.644420006914453503e-01,-1.063327838514936119e-01,-2.435291128040928954e-01,-4.373992028084836697e-02,2.466654149427076337e-01,-3.690942303930581647e-01,3.546585119192062763e-01,-6.255310342115132094e-02,2.854151641908037607e-01,1.836745183735400966e-01,-2.657270408144865592e-01,1.458960592048893501e-01,-5.066121845690209347e-02,-2.655823221191723760e-01,-2.632066277318950154e-01,7.615941559557648510e-01,3.536187122893202361e-01,-1.009052235570101763e-01,4.266290687416211536e-01,-6.684095385412075485e-02,-2.038340850499747448e-01,1.756332697759975525e-01,-5.612103990495981992e-02,-3.190441385653269846e-01,-1.473766601058352221e-01,9.231097656909252880e-01,4.920605518978964366e-01,-4.259030454577320685e-02
-1.327971254883902330e-01,-5.147207059942674467e-01,2.686066972536244046e-01,1.780939529707167290e-01,1.310099467217771541e-01,-6.150566698925521297e-02,-4.186153565394928888e-02,7.524878415139321652e-02,5.069337568203746008e-02,-3.139368702451020288e-01,2.807296276073354968e-01,1.179058642231972792e-01,-1.363628498498746233e-01,3.358215548552984098e-01,-9.754144725232245794e-02,-4.533310925755220100e-01,-7.056267162556789652e-02,-3.028306134547770756e-01,2.532623184529205207e-01,2.435253804495289554e-01,-3.943083375076735786e-01,-3.846440148791847868e-02,-7.046584216116254240e-02,-3.026709615603046313e-02,-4.230481676085121046e-01,-2.793006093908222964e-01,-6.521642311279711446e-02,1.698823559264128202e-01,-3.309644833410468334e-01,1.377570576030636706e-01,-6.911309511534122207e-02,2.669220068229034570e-01,-1.964726861842190919e-01,-2.092292471737527415e-01,-4.406185184554874401e-01,2.151818019458028031e-01,3.477847620269532980e-01,2.161580931547477380e-01,-4.666844608668591077e-02,5.619156145728685520e-02,1.233323992572168126e-01,1.457659933721473615e-02,-1.314565218622821274e-01,1.777453301858397394e-01,1.720859471209026936e-01,1.638166525948320240e-02,3.978280890751471621e-01,-7.806952296774841149e-02,-2.354038106807178621e-01,1.300462283491738147e-01,-1.806885177224905326e-01,2.302870100822270172e-01,2.323209322366623364e-01,-2.601895889258885597e-01,1.433036415996105130e-02,-1.502080064221095884e-02,-1.090304512082808513e-01,-2.885562376228667514e-01,-2.685584677589982761e-01,8.426227545039279010e-03,1.303089255905970079e-01,-2.848938965989714633e-01,1.286925497555784226e-01,-1.133652691742881441e-01,9.347640053623029743e-02,-1.261955702902014531e-01,-3.027957879017798559e-01,-2.148581200650486189e-01,-2.570259940790590170e-01,-3.092924529365678743e-01,-2.135587145425088818e-01,3.536187122893202917e-01,7.615941559557648510e-01,-2.961350254766580425e-01,9.682312020110456219e-02,-5.275444717298743286e-02,-3.250968446271977896e-01,-2.336934816423444083e-01,-3.656978769347036251e-01,-2.636026636023234837e-01,-3.234744917439438816e-01,4.711068451998395301e-01,7.029303425583811604e-01,-2.647005367987941282e-01
-2.171618531930169238e-01,4.075803783110413803e-01,-4.206634119781358372e-01,-1.788004032183410086e-01,-2.043452759105899297e-01,1.137959854549096539e-01,-1.455805963274546533e-01,1.157342720358106869e-01,-1.737772117431770069e-01,-7.994946726673066162e-02,-3.650809141385628620e-01,2.060340038885634106e-01,-8.654157763049206975e-02,-1.003850145704618807e-01,-2.755924773108305303e-01,-1.578523802995731029e-01,-7.327982617255043851e-02,-1.357749363604132120e-01,-4.284173529532802061e-01,-3.620732277707993108e-01,3.499723893190427315e-01,-3.356953929945091231e-01,2.640497851391909179e-01,4.288369157032881906e-01,2.933519727672015964e-01,1.895022768557553805e-01,-3.431551101778287927e-02,-9.004413058451939122e-02,-1.505459123427969892e-01,2.793559343795306779e-02,-8.124490974130030296e-02,-3.607470144786676380e-01,-2.948824311170459775e-02,5.467786994859055033e-02,2.162887761752120830e-01,-4.177052005281134406e-01,-2.991100095839514528e-01,-2.482152759608169390e-01,1.965874044653136143e-01,-1.708544000659050210e-01,1.955630719007191431e-01,-1.523427345074685191e-01,-1.496465311257773843e-02,-3.529356810010729761e-01,1.016604426847049630e-01,-1.998988483536999136e-02,-1.175482704823904156e-01,-2.796625803772526120e-01,-3.187694084678320550e-02,-2.499010834681888726e-01,-1.214641675634057626e-03,-4.350112459214545702e-01,-3.216739345093688196e-01,1.425305062352496821e-01,-2.747149457404223782e-01,2.972776835559109432e-01,3.490538544153473088e-01,3.301648891293540999e-01,1.928811572287646714e-01,-3.692025509637028580e-02,-1.388686089817199043e-01,-5.026287753051041779e-02,-1.792659802630733601e-01,-2.507907094015899285e-01,-3.786505314881190021e-01,-1.532830772107278694e-01,1.418004287271747155e-01,1.826601945452035747e-01,5.718544939068981314e-01,3.323675692390314351e-01,3.706629267225257096e-01,-1.009052235570102596e-01,-2.961350254766580981e-01,7.615941559557648510e-01,1.555726319041412509e-01,1.217719916009697180e-02,1.566199791405894215e-01,2.814615894291215281e-01,4.569898781037953217e-01,2.650453525006883360e-01,2.574130118885047946e-01,-1.117496019420705367e-01,-2.415348211881645224e-01,8.410629771075337491e-01
-8.472469887213597561e-02,1.143672136442338283e-01,4.222481599782276079e-02,3.467711537914035524e-01,3.080410448592559719e-02,1.575842287621531945e-01,5.722934100976773131e-02,3.273477989105372798e-01,-9.520773992029647748e-02,6.478414301101703687e-02,1.428303061136648733e-01,4.655229782151347195e-01,6.135357012756538497e-02,2.006611111158095595e-01,-2.666577120771027598e-01,-2.349174208062003721e-01,1.694706172882061990e-01,-2.283416763807567529e-01,2.452998839763692041e-01,-6.096475355615163516e-02,-3.300185112484137900e-02,-1.856637242987644876e-01,7.712385666913740279e-02,5.131170865772877177e-01,-1.186513965963644085e-01,3.359445154669183503e-02,-3.800112469322088349e-01,9.682277667717044400e-02,-2.358322993423688507e-01,4.130365640590699661e-02,-1.808294423302276854e-01,1.994081925164014613e-01,2.339528912559147300e-01,-2.765729416411993880e-01,-9.380869617253702331e-02,6.458957567038821346e-02,2.013956074318333789e-01,9.843730708574052052e-03,6.793267809497095799e-02,-1.036444342908098559e-01,3.505439604170214607e-01,-1.363254287718687341e-01,1.404121081757601641e-01,1.444516886007933543e-01,5.565601717715104035e-01,5.677804789575516958e-02,2.821546786260477613e-01,-3.500437862111568377e-01,-3.657735462984144648e-01,2.694808328488194071e-01,-6.663335288680305446e-02,2.512149001929622205e-01,-1.059035604745375697e-01,-2.747173564981787441e-01,-2.945893935131779218e-01,4.109749018763722561e-02,5.167215892403586031e-01,-1.245189712105195939e-01,-1.073143522715020587e-01,-4.366301693768280812e-01,1.806388880535883257e-01,-3.278351138040467294e-01,2.304814073332547564e-01,-3.473798705242501367e-02,2.282188662184517214e-01,2.650398827761292209e-01,-1.067226876893000304e-01,2.033185109249096012e-01,6.667364848193482740e-02,9.505443695938635418e-02,2.059758355287836795e-01,4.266290687416211536e-01,9.682312020110454831e-02,1.555726319041412786e-01,7.615941559557648510e-01,2.783929691127243200e-01,8.037896599350320692e-02,-6.036755475712302088e-02,1.270562066212640485e-02,-9.466052728098922620e-02,2.670780438714480676e-01,5.254191905828884401e-01,2.754527208842666441e-01,7.977762099248464356e-02
1.617717701403980635e-01,-6.614739931892389679e-02,1.396001194966091895e-02,3.872958622765611952e-02,-1.814831082915280558e-01,1.646784519182841466e-01,-3.786231651719262903e-02,2.505308277908301906e-01,-4.578140032681493610e-02,-1.722417198427661222e-01,-9.136180738355928477e-02,1.795838749754528618e-01,2.214041441179985525e-01,-8.766947642671138463e-02,-3.629641319786936493e-01,-4.105207698128443550e-01,2.247174509881280646e-02,-1.984862760189288200e-01,9.228608011415406071e-03,-3.257384050675798393e-01,-1.070162874146364934e-01,-5.185189573181496758e-01,1.522744331147365682e-01,2.894438272823194325e-01,-1.497443460803172255e-01,-4.070163553477088719e-02,-3.555860334357632269e-01,4.088776959724446658e-02,-3.941677623290388843e-01,2.399743492061836431e-02,-7.765786687719221371e-02,-1.506542541715053807e-01,-3.294652358247104340e-01,3.962528119759947676e-02,-3.685640328237302366e-01,-1.942371268764871844e-02,-2.335633995894150772e-01,-2.474921752799662256e-01,1.631137894579251513e-01,-5.904306536317181081e-02,2.152162513163420332e-01,-9.079425550094527564e-02,-1.424264441525324720e-01,-1.699475636825350799e-01,3.120162904061717923e-01,1.513935616737328571e-01,-2.941704358182650192e-01,-4.479751136615712781e-01,-4.875881609294840380e-01,3.490167434000067403e-02,-1.882823646438117893e-01,-1.025981288512954615e-01,-1.999886869760023889e-01,-2.933459450767181842e-01,-4.177034133248908043e-01,6.835560068313192850e-02,3.815721390541143010e-01,-1.253780387743358704e-01,-7.039843045775831532e-02,-3.675022798231142862e-01,2.952777271174240881e-02,-5.008687102656759205e-01,1.198319220352413172e-01,-1.020007421950562022e-02,-8.767214789406500841e-02,-3.012484720567011331e-01,1.835359701529253595e-01,1.671100789471190451e-01,5.254724153979788148e-02,-1.357946048295957386e-01,1.366144139774522204e-01,-6.684095385412076873e-02,-5.275444717298737735e-02,1.217719916009698568e-02,2.783929691127243755e-01,7.615941559557648510e-01,4.446346033875468451e-01,-1.321075629837583088e-01,-3.441031210633705567e-02,-8.007924399060785403e-02,2.227712897777484879e-01,-7.757690209858836283e-02,2.714697796928505075e-02,-1.709299029256884650e-02
2.952599545617058396e-01,-1.195585487967267130e-01,-2.484798378466128999e-01,8.313759537914500175e-02,-5.071035452141985367e-01,2.107121839265619634e-01,1.560901441580155591e-01,-9.610771581398741548e-02,-4.267622319763410554e-01,1.605220287001608293e-01,-5.039056992146915270e-01,-3.285314902982607727e-02,2.356119601552721099e-01,-3.296352993389063957e-01,-1.596843395448249714e-02,1.779408753516642794e-01,3.122029594067170510e-01,2.417419653388024892e-01,-2.936216514883124851e-01,-1.607257683321853398e-02,-2.277110004252525313e-02,-7.309057728090821715e-02,-5.565810239183173469e-02,1.869885558612672249e-01,2.896075179003290145e-01,2.637582942177078560e-01,-8.415783069268240046e-02,-2.662135953760203649e-02,7.365431004068909160e-02,5.883855912308873920e-02,-8.749934945807538722e-02,-6.737083531171980666e-02,4.469991463905289598e-03,-9.280154761035636080e-02,-2.100407361890557212e-01,-3.084063424951062338e-01,-4.482314848445081434e-01,-4.745756689921029059e-01,-1.197961415465186724e-01,-1.834544412041827222e-01,-3.787162506190459577e-01,-3.742151586325097035e-01,-1.524547946463064574e-01,-5.187256932713610880e-01,9.924855981311346553e-02,-8.544820559432589335e-02,-5.244658458740719675e-01,-1.139548835299411811e-01,-2.373872883625163521e-01,2.655264235359524813e-02,1.456949990847999088e-01,-2.994186973695450171e-01,-8.097700142891697817e-03,-3.517049975189251998e-01,-1.087824894725576835e-01,-2.222805993183041562e-01,1.768727398467845047e-01,-9.950831623730058140e-02,-1.423711219697073038e-01,-1.809574206471873115e-01,-4.289932114841379235e-02,-3.002196944239332588e-01,-1.224574025176519698e-01,-1.791274921983546375e-01,-1.594391110664774014e-01,-2.282303177365845870e-01,3.131758111368938557e-01,1.503924970078013568e-01,2.006457711277697675e-01,1.375306221802809203e-01,2.210168134623129166e-01,-2.038340850499747170e-01,-3.250968446271977896e-01,1.566199791405894215e-01,8.037896599350317917e-02,4.446346033875468451e-01,7.615941559557648510e-01,-7.892074238670208908e-02,2.151526754736617919e-01,3.228125213837186591e-02,2.403203599036064231e-01,-3.251488309253383058e-01,-1.850516421464071248e-01,1.340091906829655732e-01
-3.025915974063613234e-01,-8.178830102995945928e-02,-1.543164042367446975e-01,-1.572989538381578678e-01,-3.119662129646634252e-01,1.402401534583819775e-01,-3.101817251889369409e-01,1.236734372403841126e-01,-2.681669065021417553e-01,-3.321706327954104254e-01,-1.962679812038339300e-01,-1.099767934524787105e-01,-2.618212881700422989e-01,4.721363825789558905e-02,-6.615275173675407017e-02,-2.581285438196326831e-01,-1.298000904113927600e-01,-2.566569980992520206e-01,-3.171823624434554900e-01,-3.132326939052529347e-01,-2.454510476654067283e-02,-2.885591986109620755e-01,1.786485607859487554e-02,1.391920350665687423e-01,5.739254487969357860e-02,-1.625711524190857626e-01,-7.581005779469357497e-02,-2.695792622974861330e-01,-2.731300807732947589e-01,-2.609947504691112474e-01,-1.420627869976986146e-01,-1.316185296629511503e-01,-7.532610196832427440e-02,-3.492458539706625453e-01,2.873048231226027482e-02,-1.490781516794567052e-01,-3.231170534949312501e-01,-2.619609420513264175e-01,1.062503552687013297e-01,-3.913930724629239299e-01,2.093469873606748285e-02,-3.688670329452627406e-01,-3.677990303212755330e-01,-3.364008495054832126e-01,-7.774841067020712114e-03,-2.800792562078561199e-01,1.291972073595795516e-02,-1.239290384921400978e-01,-1.835944423822159777e-01,-1.493500970686210128e-01,-2.961589817800843946e-02,-3.224449156802512428e-01,-3.181354087507742845e-01,-5.174715091051918653e-02,-2.480855845132211857e-01,9.901716725246544060e-02,1.997955926829920181e-01,2.323883903093977854e-01,-2.510829197571673443e-02,-1.655511679893960364e-01,-3.258189387286379857e-01,-3.006338260324232237e-01,-1.919682519356386285e-01,-9.941476507011459685e-02,-1.145679759804688197e-01,-4.574108616517411768e-02,-1.159214990535210182e-01,5.327429653390739483e-01,3.809482899947301271e-01,-1.882704879323247524e-02,1.072886557293507709e-01,1.756332697759974415e-01,-2.336934816423444639e-01,2.814615894291215281e-01,-6.036755475712296537e-02,-1.321075629837582810e-01,-7.892074238670214459e-02,7.615941559557648510e-01,3.958358338261808718e-01,-6.147394591070499265e-02,-6.423721250438751973e-02,1.130828741171300833e-01,-9.929055759990160213e-02,3.095466172081471901e-01
-6.396224203090816740e-02,1.719315885143361533e-01,-3.203251675494347417e-01,-1.619832444222991663e-01,-4.853503469089823219e-01,3.123558711068204902e-02,-2.809217988971091651e-01,-2.083013106254047730e-01,-4.193446528463164458e-01,-1.712388901660014395e-01,-4.039552635496074795e-01,-2.377648130768277024e-01,-2.915889314791904607e-01,-7.847106602405011511e-02,-1.471021370154077801e-01,1.807149226162787781e-01,2.337130722040819605e-02,1.987666463785709436e-01,-3.950796294375953921e-01,-4.087531841097941654e-01,-5.266401873874406586e-02,-2.341808299723657505e-01,-1.450963024277603097e-01,-1.101576862371956983e-01,4.071473687941249975e-01,9.279965359150171844e-02,-1.882447951077110063e-03,-3.683535005184480626e-01,-9.489569552859573875e-02,-1.971819146249413901e-01,-1.510288469889919660e-01,-4.095571818670117326e-01,-5.118103544148146222e-02,-1.055857557722083562e-01,1.828156940536624087e-01,-4.645832386700850525e-01,-3.843403802896316890e-01,-3.956035587108054918e-01,-2.180835132210532656e-01,-4.293068361461876425e-01,-4.805502980063578455e-01,-4.035345849952802211e-01,-1.900025117776073247e-01,-5.003317466484740184e-01,-1.236566915101557224e-01,-4.215119971733553572e-01,-1.194248841523477822e-01,-2.434491524815969588e-01,2.375227955997782359e-01,-1.095555069818108102e-01,3.402991813508967067e-01,-4.120357819569016034e-01,-3.561340946309105582e-01,-2.054278540136107167e-01,-1.590138820021241850e-01,-2.227524241010712114e-01,-4.454711794879783610e-03,3.796029103780786396e-01,-1.152698054505729187e-02,-1.052104445866490212e-01,-3.464117420564631344e-01,-1.187307800408594904e-01,-2.193941414708635851e-01,-2.250919942143396746e-01,-2.678285721869110292e-01,-2.242343236488270747e-02,9.267022986615412738e-02,2.709260420956253745e-01,7.407628737197526902e-01,4.285122630017640377e-01,4.131765586646923283e-01,-5.612103990495983380e-02,-3.656978769347036806e-01,4.569898781037953217e-01,1.270562066212640485e-02,-3.441031210633702792e-02,2.151526754736616809e-01,3.958358338261807607e-01,7.615941559557648510e-01,3.665560600470060826e-01,1.597993082345349480e-01,-1.579093688290066633e-01,-2.710802544341202047e-01,5.680276629817138101e-01
-1.382689145501511119e-01,2.976323494394190194e-01,-5.586651550640719943e-01,-2.217206199958150492e-01,-3.840273227806553225e-01,-2.999035499079524825e-01,-2.915335697644909074e-01,-4.388378559930892764e-01,-2.470676650538144725e-01,-3.751992513430360554e-01,-4.639554557559821824e-01,-3.375495029592907037e-01,-2.088597102888633816e-01,-1.932146834259018398e-01,-3.853453686244358994e-02,9.524366225440202005e-02,-2.035456758182352111e-01,3.126701549010387632e-02,-5.465740974321413592e-01,-2.343461165462072393e-01,2.284913256844984392e-02,-8.674531368407099874e-02,-2.274839102973098826e-01,-3.131196914727680247e-01,4.568691286630707088e-02,-2.572585352395571068e-01,-2.751721662744625041e-01,-2.953982933454297743e-01,3.744630421427450756e-02,1.519639137860174516e-01,-1.812614721063453005e-01,-2.029059475930667378e-01,8.159682221289300819e-02,2.224130219986754642e-01,3.337375401425005661e-01,-6.003784966610558049e-01,-2.552699387990068902e-01,-3.437621827063835345e-01,-2.345348883984757771e-01,-2.669361024393222537e-01,-4.276232041623178604e-01,-2.631215458289778986e-01,1.624810027321975034e-02,-4.655754787154637864e-01,-3.115404498095114549e-01,-2.553995942651879347e-01,-1.484334243221893945e-01,2.167241257776716945e-02,4.376508391967873779e-01,-2.340703578952245678e-01,2.142918883643194217e-01,-5.771169753167992855e-01,-1.607750700676399414e-01,5.123054529517278438e-02,4.997816868235489124e-02,-2.292481123985624647e-01,-1.957051127537411672e-01,2.899892532243936172e-01,1.177430328831120532e-01,-2.325935823808649716e-01,-2.453864559996314088e-01,2.716795465803703014e-01,-1.728846729285375416e-01,-1.911406525329951145e-01,-2.007345602966915388e-01,5.525556018697777572e-02,2.370418930882132180e-01,-2.244529475710499433e-01,1.563858243339275866e-01,8.076843848797564673e-01,3.082715957487601743e-01,-3.190441385653269846e-01,-2.636026636023234282e-01,2.650453525006882805e-01,-9.466052728098922620e-02,-8.007924399060788179e-02,3.228125213837182428e-02,-6.147394591070502040e-02,3.665560600470060826e-01,7.615941559557648510e-01,3.091859361662973593e-01,-3.620008815770718869e-01,-3.127084186308891067e-01,3.534204576351167582e-01
-8.604642003575402320e-02,4.559998839045328878e-01,-4.390309535047896561e-01,-9.412993031105926223e-02,-1.661604462637224222e-01,3.862092574361013914e-02,-1.054626191419755221e-02,-4.609408972500497748e-02,-2.171064178742531381e-01,2.184630966961702836e-01,-3.113603678484432868e-01,1.175460692266375312e-01,9.079883183887281495e-02,-1.547133321738141110e-01,-3.660488806739028989e-01,6.359776963015621731e-02,-7.412158505094183780e-03,7.988606035696083074e-02,-4.042697960228132104e-01,-4.455422613543580934e-01,1.215916368937791786e-01,-2.864469412360033385e-01,2.010748679608656206e-02,7.191334675732213855e-02,1.390729637566384957e-01,-7.748419240575914191e-02,-3.194351892951685645e-01,-1.023141770837689146e-01,-5.126468514595269171e-02,3.138410132954688181e-01,-1.908125590241664948e-01,-3.958744731627773794e-02,6.989528847690494595e-02,1.419181201404646209e-01,1.660210167966550132e-01,-4.401980360125832825e-01,-1.967866568844103548e-01,-2.611405307855731994e-01,-2.179152865321656168e-02,-2.763689517900154435e-02,-2.342390345514583361e-02,-2.454110535988923703e-01,2.139258359710145829e-01,-2.603466348658315388e-01,5.308596348772192525e-02,4.438776820310550569e-02,-9.335354327752974635e-02,-3.348300639999310935e-01,6.329726040727040592e-02,-1.465666652359541577e-01,7.258185417716848942e-02,-3.397656189669133742e-01,-4.042450611102842428e-01,-1.046031479619312504e-01,-3.145454372848876523e-01,-6.472218031346403666e-02,8.479782526730975101e-02,7.002304980010307101e-02,3.912188078117165291e-02,-4.288107720586409877e-01,-5.315776849879125243e-02,-6.007936147278715444e-02,9.133203989780232235e-02,-1.506655658900350470e-01,-9.359116696909736133e-02,-5.300537213563778771e-02,1.694601182845646425e-01,-1.066245789007129185e-01,4.430860426216331333e-02,2.277248822502177528e-01,3.643835329805239498e-01,-1.473766601058352221e-01,-3.234744917439438816e-01,2.574130118885047946e-01,2.670780438714480676e-01,2.227712897777484602e-01,2.403203599036064231e-01,-6.423721250438751973e-02,1.597993082345349480e-01,3.091859361662973593e-01,7.615941559557648510e-01,-2.782228076219161461e-01,-2.280779934128107089e-01,1.302218584894279663e-01
-2.849948955251236926e-01,-4.012890560840821630e-01,2.664451250395291626e-01,4.421620866625666224e-01,1.207086860558533453e-01,7.818703556871516025e-02,-3.057266558446425364e-02,3.368150796659048485e-01,-9.798173578080179857e-02,5.583515712418180010e-02,3.796074193308580647e-01,4.270881602448826642e-01,-2.088837952428840294e-01,5.358213746038399394e-01,1.003737974162702273e-02,-3.290156190776940548e-01,1.353722294715960228e-02,-2.475432169797804616e-01,4.367992048790473869e-01,-5.331601227787634290e-03,-4.242638202087011257e-01,-1.151614396010159080e-01,-1.262091905733074837e-01,2.641145830193472599e-01,-2.111699359730702386e-01,-1.110207297866508402e-01,-1.627981293633228854e-01,8.747501320172132444e-02,-4.247988347286163480e-01,-2.838438007944990224e-02,9.411686358655219076e-03,1.325431071060222121e-01,1.304407239990598537e-02,-5.227361444638947141e-01,-2.440356174707917214e-01,2.021198931170581081e-01,3.442211084484655959e-01,1.774356405591979990e-01,-3.649115110320021171e-02,-3.584283867641339244e-02,2.546412781441200202e-01,-2.211333606025444876e-01,-6.980602383814888540e-03,2.020036964007174418e-01,5.356325178810817933e-01,-9.066758864873034063e-02,6.098171467288616698e-01,-5.288519256005262681e-02,-3.426950494554873439e-01,2.168894385157672522e-01,-9.706970298125790209e-02,4.058893165458815622e-01,8.216603101043512547e-02,-2.327634864179581320e-01,-6.206668964302769487e-02,-5.533522799281650334e-03,1.785424601414449530e-01,-2.211128218003145796e-01,-2.998301664785429366e-01,-1.413905049588190799e-01,6.204835733778098911e-02,-3.893701913100112710e-01,4.021460999169079176e-01,-7.226864477487779381e-02,2.239921716206371427e-01,1.051655669635138540e-01,-3.834512786322737954e-01,1.046860896295684767e-01,-8.307733270605234532e-02,-3.016664708262512540e-01,-1.674362221386869187e-01,9.231097656909252880e-01,4.711068451998396411e-01,-1.117496019420705505e-01,5.254191905828885512e-01,-7.757690209858836283e-02,-3.251488309253383058e-01,1.130828741171302221e-01,-1.579093688290066633e-01,-3.620008815770718869e-01,-2.782228076219162016e-01,7.615941559557648510e-01,5.516684204656510104e-01,-6.302565419520273979e-03
-1.451993840026113147e-01,-3.993235488233267683e-01,2.140303750273744865e-01,2.463385037400541155e-01,1.546982422162893056e-01,-1.658820251522465650e-01,-9.921305020484881554e-02,-4.110956094069374844e-02,-5.008143378481699076e-02,-1.972427424152756459e-01,2.724749954089024095e-01,1.728505966829097240e-01,-1.826665294046893873e-01,3.213415206020179271e-01,7.812590424786772236e-02,-3.295049022707746134e-01,-3.014802330366742750e-02,-2.819712614055521205e-01,2.233149912422812133e-01,1.204773692110920752e-01,-3.386143924729248522e-01,-9.782657142335049461e-02,-1.694805138521095766e-01,-5.595651796030785656e-03,-2.700200400977706972e-01,-1.831964451959327833e-01,-2.356478282783508807e-02,2.450945144557480360e-01,-1.888797800115687431e-01,9.489767859249476079e-02,-8.216387833775583294e-02,3.743342974498628517e-01,-7.743002251506118927e-02,-2.518631977254547905e-01,-3.767465088425490660e-01,1.247147137236878089e-01,4.604672073344685118e-02,1.399077617332616374e-01,-1.036004089681792917e-01,-4.214280382497158361e-02,5.674749482731380329e-02,-1.551219549237789763e-01,-2.070757137341383003e-01,1.222486692407590558e-01,2.567797116492349652e-01,-6.146600067781192445e-03,3.608910868238482395e-01,7.306205278854535461e-03,-2.359545819120346388e-01,1.235683831849494069e-01,-1.303398233554799168e-01,1.660735029253440354e-01,2.291787813377809124e-01,-2.418742484742644194e-01,4.292794437938327740e-02,-3.558830124603080958e-02,-7.549798863037542052e-02,-2.465356277027873633e-01,-1.591266958304637658e-01,1.692408514812126369e-02,2.473451803458347753e-01,-2.249653255194128953e-01,1.308554080738238423e-01,-2.187151609705531297e-01,1.433258320148936005e-01,4.747124928185767617e-02,-9.093550415236265061e-02,-9.415586700705808054e-02,-2.938286548909724294e-01,-3.839560696310660992e-01,-1.086418027829326588e-01,4.920605518978964921e-01,7.029303425583811604e-01,-2.415348211881645779e-01,2.754527208842666441e-01,2.714697796928508544e-02,-1.850516421464070138e-01,-9.929055759990160213e-02,-2.710802544341202047e-01,-3.127084186308891067e-01,-2.280779934128106812e-01,5.516684204656507884e-01,7.615941559557648510e-01,-3.330700401093729113e-01
-2.559616948213409016e-01,3.229973135947850627e-01,-3.217535019070829061e-01,-2.972136636194878112e-01,-2.862640181374865311e-01,3.887800231337188578e-02,-2.599105850313522814e-01,6.779647076260619798e-02,-1.671639186681543321e-01,-3.436507643136984536e-01,-3.774597665167960248e-01,-7.539351202458598189e-02,-2.874659813393814489e-01,-8.594998028488827491e-02,-3.122169060506328475e-01,-1.445917494914956691e-01,-2.847143561209256601e-01,-1.557649373371199353e-01,-4.327977965875003385e-01,-3.501223965547496930e-01,1.264556960512737138e-01,-3.388125577399490607e-01,1.866914950886724711e-01,2.395361559606763446e-01,1.566417721823898379e-01,6.643371291676555823e-02,-5.493446592222887837e-02,-3.576535004356375391e-01,-3.125140593068657657e-01,-1.087323794538072597e-01,-6.611557108414452266e-02,-5.424463642941550479e-01,-2.175995974715198844e-02,-1.395186850672741619e-01,2.661020673512701773e-01,-4.104240189901379177e-01,-2.646608215392561858e-01,-2.371886687319554599e-01,-2.727717678976022617e-02,-2.682585096434477179e-01,2.206738399435709264e-02,-1.639874625590737323e-01,-1.362145385836697198e-01,-3.963756293537821773e-01,-5.419814461584944454e-02,-2.387888899525333897e-01,-1.976322731033394731e-02,-2.793286018992605646e-01,4.699193476283474585e-02,-3.134861174350514479e-01,3.400028274456688010e-02,-4.341777564699377812e-01,-4.158201873949743388e-01,5.643568774552059492e-02,-3.714562495342927373e-01,1.906068566834675515e-01,2.528051926848624009e-01,3.138484583673061823e-01,4.414797633915523711e-02,-1.302967390487042298e-01,-4.367717578412475543e-01,-1.400377878368138096e-01,-2.422692733497747997e-01,-1.655596325300942584e-01,-4.662590520391468596e-01,-2.017007020188912314e-01,6.101367440097352907e-02,2.348311692810896856e-01,6.480339997712488698e-01,3.488858113189254873e-01,2.746653639485379106e-01,-4.259030454577320685e-02,-2.647005367987941282e-01,8.410629771075337491e-01,7.977762099248462968e-02,-1.709299029256882915e-02,1.340091906829655455e-01,3.095466172081471901e-01,5.680276629817139211e-01,3.534204576351167582e-01,1.302218584894279663e-01,-6.302565419520263570e-03,-3.330700401093728558e-01,7.615941559557648510e-01
