7.615941559557648510e-01,4.323399685541057247e-02,3.006580689995677277e-02,4.552883238094695278e-02,1.662315973495066546e-01,5.975070721523577655e-01,2.406759303251364834e-01,1.711655963653077872e-01,1.281687546911649545e-01,2.570430997423479580e-01,-1.078149653498820804e-01,1.314476925628248541e-02,4.767633773136884523e-01,-4.423127445007050268e-02,9.956635809546859894e-02,5.429979348500195702e-01,1.681078881714309636e-01,6.962671981815881095e-01,-1.401706456378658538e-01,1.906896034002971418e-01,2.201616868288025497e-01,2.455120859990623516e-01,1.591658690554228484e-01,-1.179921356260659193e-01,3.048723766869369523e-01,3.333076260890183717e-01,2.685915414267501244e-01,7.394939094430277304e-01,5.021985504133207323e-01,2.808250620970257350e-01,3.729327514233004015e-01,1.166845051666039051e-01,1.065395761045586920e-01,4.791357226681444703e-01,-4.003536275217759594e-02,-2.747763025429898059e-02,-2.419268415262460503e-01,1.378009968066420954e-01,2.664097575430901532e-01,1.770457906543514981e-01,-2.907618069992784493e-02,1.321526960099727310e-01,-5.475988560019761503e-02,-4.148440414379426372e-02,-2.933958696492475898e-02,3.991586238679719623e-01,2.977767613076450805e-03,1.442580450557235001e-02,1.962875756374374836e-01,5.873638086397246078e-02,2.616989618272531071e-01,-3.778027966261681553e-02,1.409976069172668711e-01,-2.815975061848775829e-02,1.575542462163095625e-01,-4.944193102479186447e-02,-1.528797313782203071e-01,4.109526933904019720e-03,8.008018449905875136e-02,9.443266180649598218e-02,4.432503245755021748e-01,9.420973987956786366e-02,4.225448631372128450e-01,1.873785555526308322e-01,8.713994589899938872e-03,8.012503148637360739e-02,1.943352621065281005e-01,-7.775532691967053378e-02,-1.979586058654945468e-01,-3.036523619520728814e-02,-2.432039041047403261e-01,1.077685243370926499e-01,8.348005870537654471e-02,-2.083963316034669611e-01,1.915735200907695834e-01,-4.739490960101872680e-02,5.102799618655874392e-01,-2.878507220875980432e-01,-2.562296808150687499e-01,-1.915183157420320970e-01,2.580702871743615137e-02,2.341121330698509584e-01,1.659768737559361509e-02,-1.752957783375931056e-01
4.323399685541058635e-02,7.615941559557648510e-01,2.827114417038155691e-01,2.072643611323755214e-02,7.559295932041339150e-02,-2.132948294853121429e-01,-1.316458672042938038e-01,3.460980712521328773e-01,1.280355810896789681e-02,8.711787239672186267e-02,1.591254545464978187e-01,1.587680019629218175e-01,-1.580643087136806846e-01,2.869258408702226038e-01,4.525067393727911780e-01,1.763111577727113910e-01,-1.771885815869498615e-01,2.394125627248982480e-01,-3.060578127204786544e-02,1.759188061291908078e-01,6.456046188208425241e-01,2.944538105521984361e-01,3.452409620806679569e-01,5.789867009269556997e-01,-8.754753923087686684e-03,3.024237960503380340e-01,1.039490233699678912e-01,1.546072986524616721e-01,2.846462019293015677e-01,7.367955804572760836e-02,1.260273347471765615e-01,3.716280154989985984e-01,6.500893466606834092e-01,2.316956083857753257e-01,8.731779469154998807e-01,2.791232707294862836e-01,-1.984038206368929705e-02,4.282158622589182784e-02,-1.437120726187512965e-01,-1.088400136461813300e-01,3.170496436529350870e-01,8.484153870814435672e-03,1.038492113214862927e-01,2.346733329741788610e-01,4.915243867699338291e-03,-1.271759298018221573e-01,1.330488880140457131e-01,5.067857005856075681e-01,4.615993139302826398e-01,-4.217554051717942731e-01,1.569209328569597384e-01,3.416109336869469632e-02,1.142982012880366244e-01,6.673143390870747149e-01,3.010206308292187050e-01,2.520437529872978644e-01,6.074639716680465540e-01,1.579670187039977913e-01,3.489191038562547420e-01,8.382740857360553022e-02,3.048220860837815849e-01,3.741812285376425185e-01,-3.736402056255536813e-02,9.974191625350034562e-02,4.059763336438708126e-01,5.897899071742518373e-01,-1.409292725259144070e-02,2.866299901386002436e-01,1.805472006191539691e-01,1.504713654634135256e-01,3.439002996278875957e-01,2.223823757786315414e-01,5.411243264713348766e-02,1.326515584905282041e-01,3.972911823947264387e-01,4.899499718815274879e-02,-5.432670339419918507e-04,7.665624838348289449e-02,4.691706050997796612e-02,1.537759920398950597e-01,2.897178177321333981e-01,2.008651905733844500e-01,1.313222680497316275e-01,2.153065262879917674e-01
3.006580689995675890e-02,2.827114417038155691e-01,7.615941559557648510e-01,1.326696237756527508e-01,4.109683863897757861e-01,-1.274187197459137333e-01,3.150760491981106914e-02,4.447519595609375487e-01,4.754744773627553323e-01,1.646579495528260884e-01,8.353638981333340041e-01,1.224874378120962004e-01,-1.074896416009088473e-02,5.209197366094323600e-01,5.686814581609987984e-01,-2.295288097300216337e-02,1.232345847206803985e-01,1.651364584836507998e-01,6.504044927364636131e-01,4.662408382641761162e-01,1.828081522378240675e-01,4.056628006344333848e-01,2.534960626695688113e-01,-2.372510612898798103e-03,-4.237838271957580782e-02,-7.916190051678173925e-03,5.078803241186498063e-01,2.667798522741449685e-01,1.461004237068143918e-01,1.233880432633703145e-01,8.567849339957525623e-02,1.863084406372287338e-01,4.256180940306796834e-01,3.368925703504727642e-01,2.092400719295487155e-01,9.376177518368111752e-01,-1.011246585949502341e-01,4.799995185935430064e-01,1.416179026804969265e-01,1.193998725873211403e-01,4.820978501728004351e-01,4.472298762539763106e-01,6.290723760280428345e-02,8.453942035957202616e-01,-1.489167782055969558e-02,9.284286886334769395e-02,4.145501312798435811e-01,5.312906304245753608e-01,2.444067117351824969e-01,-4.272807807297568372e-02,5.609874647411354498e-02,6.921270521465358039e-01,5.538792434261511355e-01,2.930849216042296645e-01,4.978734067080695658e-01,3.442702190473468926e-01,-1.352699601056591427e-01,-1.374221176994697702e-01,-1.052620440320785160e-02,5.870003898459095204e-01,3.565101982855611862e-01,2.976803610451546622e-01,1.814263131312867094e-01,1.243215295101884610e-01,2.088384954510569269e-01,4.470183129830198610e-01,-1.785458290474102871e-01,-6.841662889885277710e-02,-4.553674233141243866e-01,-3.509762688013057796e-01,-9.771960303013994820e-02,7.781929559454595080e-02,1.079839622634313906e-01,-1.398386275910570298e-01,-6.155047991711855293e-02,2.461092927537223973e-01,-1.911295803244802971e-01,-2.418532354072884527e-01,-4.846409288249389768e-01,-4.025291134887107880e-01,1.479664167291268040e-01,1.240456168955110239e-01,1.106892672350631712e-01,1.522230239623800253e-02
4.552883238094694585e-02,2.072643611323756255e-02,1.326696237756527785e-01,7.615941559557648510e-01,4.486922274656054421e-01,1.354441382457680643e-01,4.186583832269746286e-01,8.844469900540226359e-02,3.211190999541911895e-01,7.422371096086161080e-02,1.834081297947004474e-01,1.805762959418399372e-01,2.808746891638919663e-01,8.445517376813521659e-02,1.738619577920031689e-01,2.372706242991642900e-02,2.515309046732567069e-02,-6.750547948496414541e-02,1.707404712663363605e-02,2.854110211230819760e-01,8.838309209062926441e-02,2.551334604276998541e-01,6.224068968956473352e-02,-3.587764909096939625e-02,-8.427432584645759561e-02,-1.140487124085517480e-02,2.964925997010440240e-01,2.646118001637063899e-01,1.573364064947223306e-01,-8.641274560339683164e-02,1.211103286199459311e-01,1.846682618556301780e-01,2.954967863769661363e-01,3.888593550836090817e-01,6.069182283518143040e-02,1.193342191958411402e-01,3.796239944020364243e-01,4.009547902933482399e-01,2.369121175559847359e-01,3.805751362635434454e-01,2.378424707302914665e-01,3.567863200472040086e-01,1.100095664043613253e-01,2.224621881782524735e-01,1.463263228109883407e-01,3.059892152546965227e-01,2.337344637999333730e-01,1.991815471082487576e-01,2.774499498143958021e-01,-3.194725026442356286e-02,8.654875719303865844e-03,1.371510981702775758e-02,3.585283961052099233e-01,1.123439772525352265e-01,3.536762017747671072e-01,1.771128895235158374e-01,-7.479108209518950390e-02,-1.870525490789888001e-01,6.203018346745038658e-02,3.690234650708507647e-01,3.916897784579224662e-01,2.655769275095755111e-01,1.391682924378415676e-01,3.233996356306272357e-01,1.875159870480202218e-01,3.210426651894544015e-01,2.073432750246023137e-01,-2.347113040330209843e-01,-2.963486946264038899e-03,2.939427213029734143e-02,8.348830611413960920e-03,4.195071726405901202e-01,4.088380813038230421e-01,-1.021492530726028289e-02,1.337431942820186959e-01,2.110365401498056626e-01,1.211745963393219550e-01,-1.470881331997096197e-01,3.321358442124568676e-03,1.016775608515381735e-01,-2.367780688051171478e-02,5.189585703738421874e-01,4.118106063744197964e-01,7.807640658968903469e-02
1.662315973495066268e-01,7.559295932041341926e-02,4.109683863897757305e-01,4.486922274656054976e-01,7.615941559557648510e-01,2.799209783614680855e-02,5.554235662496332937e-01,6.812885430437509715e-02,8.332810754285810972e-01,3.569505673736974583e-01,5.753309445104899389e-01,1.188127297599973764e-01,1.982746064126159891e-01,4.103536697463022187e-01,4.925506005610685301e-01,1.346462498961299437e-01,2.570273383343736340e-01,1.424585163343983218e-01,2.612509999113092340e-01,6.166899300429448116e-01,1.213352146759597988e-01,6.018171805037237920e-01,1.230151773577383562e-02,-7.800006179880181190e-02,-3.480157552098591539e-02,3.242677282568384722e-02,6.423847627192699195e-01,3.490001749640247453e-01,3.957572644917574101e-01,-1.335289899261796476e-01,1.367274293179863709e-01,1.713391290267431144e-01,4.423198274416373921e-01,5.008718420601975252e-01,1.311062944130238772e-01,4.735899084406499648e-01,2.074848393805341917e-01,8.841585447076845128e-01,3.502158975496131865e-01,6.432006436870504329e-01,1.357871251006752822e-01,7.604943566668107557e-01,3.006982089401338265e-01,6.517842733610287320e-01,4.306332751728450536e-02,3.671404642672903562e-01,6.779872774608712849e-01,4.083795311998433819e-01,3.192776721545647622e-01,1.546865737050100997e-01,8.684035492750417917e-02,3.411585070935936326e-01,5.730729717354391406e-01,1.107548244091048767e-01,5.200303308598025476e-01,8.390683113378855085e-02,-2.215159673112461480e-01,-1.226160517165112568e-01,5.357236500316481936e-02,6.472141044000533361e-01,4.701084214346342161e-01,3.668593132199448048e-01,1.866094493482152450e-01,2.490290601206727183e-01,1.304537920333118939e-01,3.868362016029896489e-01,-6.710357506101705116e-02,-3.242469880075825039e-01,-3.568084582913507719e-01,-2.131585273694897587e-01,-2.213942920452683649e-01,3.612580672972297569e-01,4.934327064848130773e-01,1.632891301062074918e-01,1.940462014507335631e-01,1.226612035158690731e-02,-2.809762030351548381e-02,-2.908852539299619511e-01,-4.312480426343876516e-01,-2.210547400003645413e-01,-3.394860911086534927e-02,4.877895411754215593e-01,4.082340996453766024e-01,1.423874748485360886e-01
5.975070721523577655e-01,-2.132948294853121984e-01,-1.274187197459137888e-01,1.354441382457680365e-01,2.799209783614678079e-02,7.615941559557648510e-01,1.177322492527260733e-01,3.745943945891605509e-01,-1.165385133863450495e-01,1.948415147736472786e-01,-2.465614254116218484e-01,3.456865891909264854e-01,6.422323043503398443e-01,4.039974522303606957e-02,-1.866939131839066845e-01,5.440416870560005336e-01,3.940004570469475276e-01,4.415402765280216357e-01,-2.261705361668554237e-01,-1.372514045632433066e-01,1.860955029948510586e-01,-1.007547066913803274e-01,3.579079491882755648e-01,-1.166332647831238994e-01,5.029150971860346653e-01,4.355413391541245183e-01,1.640232081662334751e-01,6.078427770256518148e-01,2.313557189338124875e-01,2.879195289056905582e-01,2.839193319223662915e-01,1.258352138157619593e-01,-1.863995549679003938e-01,2.606487923585275035e-01,-3.753927105906966766e-01,-2.677221992735113743e-01,-6.290931534167591710e-02,-2.883422908905189722e-02,4.980524012420212698e-01,-3.719706009444140489e-03,7.065886623902586927e-02,-1.340696541994549906e-01,-2.417977588365867181e-01,-2.843020684251203467e-01,2.042760638002267259e-01,1.889717371658643230e-01,-3.748177135655680198e-02,-3.067608387729834352e-01,-3.383814717465361693e-02,7.811295177649696386e-02,-7.674283826673435061e-02,-1.956412834225773612e-01,-2.834709300278983896e-03,-2.051630335226000967e-01,-7.297447881419934224e-02,5.848775922166778857e-02,-3.545260839450054546e-01,-8.675640060540512621e-02,5.993676228921281102e-03,-7.745043475382340503e-02,2.910739606021399695e-01,-1.490589736913446040e-01,2.232972947786614759e-01,2.462537861095949465e-01,2.067499365303925377e-02,-1.145923084082809545e-01,6.704243080638645769e-02,-1.822730944603241643e-01,-2.354925542873583799e-01,-6.011731093577717122e-02,-2.925214141977318660e-01,3.101510425826711770e-01,2.962507051782964362e-02,-2.367219423927720556e-01,1.456650079161816713e-01,8.058706801181024504e-02,4.159442036110563845e-01,-2.509539141072635871e-01,-1.563879438229804908e-01,-1.215148810926059281e-01,-6.898926552190388917e-02,2.809015900969834556e-01,3.407185868248563398e-02,-3.095011365186323138e-01
2.406759303251364834e-01,-1.316458672042937761e-01,3.150760491981108302e-02,4.186583832269746286e-01,5.554235662496332937e-01,1.177322492527261011e-01,7.615941559557648510e-01,-8.486511448944707159e-02,4.032155729495844332e-01,5.693733308682491501e-01,1.345624877054411028e-01,2.002725918753953949e-01,6.487732774470275077e-01,2.293092141801315181e-02,4.020870633046453313e-01,2.682987484467805883e-01,3.666099450966631146e-01,1.118820746013386574e-01,-7.771133960587611744e-02,5.196817374416927704e-01,1.135802150214132583e-01,5.231245215223210288e-01,-2.896366897297347059e-02,-1.057369852139669886e-01,2.473517083420547213e-01,3.144807659932952748e-01,6.107090840722946279e-01,3.165313411539175670e-01,5.037355351654992930e-01,-2.425135666229802922e-01,2.817905213731820013e-01,8.768733485761955049e-02,2.537825432639848056e-01,3.156842999882850109e-01,-1.113542241468702503e-02,8.217038906932348785e-02,3.271152738635263457e-01,3.927307318709747364e-01,1.899457911071287738e-02,7.809446823228701762e-01,-2.175360927616093454e-01,4.157044613153193513e-01,4.338667809914259488e-01,1.831006637419976546e-01,1.171009966168383293e-01,4.474801513530655139e-01,9.966418080427512372e-02,3.597045440398218275e-01,1.480556855845060471e-01,1.736121932401493428e-01,-1.905178996221805129e-02,7.775314765686582030e-02,5.350952469273941858e-01,-3.084276270677993592e-02,4.618478318653451709e-01,-1.240098228127126528e-01,-1.708609920684170391e-01,-8.398394482103113678e-02,1.048888814208147752e-01,5.367139326007560607e-01,3.590287294038053134e-01,3.686816438922459471e-01,7.468254511061571399e-02,3.413899656783684344e-01,1.371095149354933651e-01,7.629842547547094345e-02,1.215310694189111890e-01,-5.288081421235689694e-01,-2.405556675768492081e-01,-1.979947854044544209e-01,-1.915226420821207198e-01,3.946435448067899809e-01,5.853786165800437535e-01,2.570920964752901328e-01,9.561441930299366398e-02,-9.905254173193257794e-02,2.952684925877971378e-01,-4.586569014085448703e-01,-3.422963713600802871e-01,-1.612768239392853575e-01,-1.614553437905051625e-01,3.378258346063433004e-01,1.268677049102369114e-01,1.868436036599121219e-01
1.711655963653078150e-01,3.460980712521328218e-01,4.447519595609376042e-01,8.844469900540229135e-02,6.812885430437509715e-02,3.745943945891604954e-01,-8.486511448944707159e-02,7.615941559557648510e-01,-7.385442988223564487e-02,1.327591002296158729e-01,2.614098325479643492e-01,6.967436988350788063e-01,2.654080305108242333e-01,6.632168288911141074e-01,3.255476526847369545e-01,2.658146956038668351e-01,-6.544073318242219330e-04,2.552636960413203204e-01,2.424808321560446844e-01,9.204997623398661344e-02,6.746167414037763654e-01,1.505402118317788196e-01,8.025759207340331658e-01,5.456111175079592090e-01,2.017540374939381098e-01,5.478888345959453954e-01,1.961721342156952930e-01,4.394771954501761613e-01,6.834233961215682718e-02,3.156842510557956727e-01,2.650673462749001397e-01,3.585342644988026573e-01,2.285427662815766592e-01,1.550548700632199128e-01,1.653270215098894824e-01,2.771997921193482539e-01,1.805584354009641124e-01,5.544084613690247049e-02,2.462432360842908563e-01,-1.199871003218182658e-01,8.054317005053336365e-01,-6.468550707628388519e-02,3.709945762605510291e-04,2.208901436556552633e-01,6.283975792410320116e-01,4.470431694714741000e-02,3.455413539146842683e-01,2.538235786564089214e-01,4.055139541466951103e-02,-2.806413959227646582e-01,-9.159175392078593159e-02,2.794416650341975394e-01,1.946157365723985289e-01,4.344724723683344725e-01,1.989164267114551243e-01,6.843550583391210251e-01,2.595491010131241172e-01,-1.634506551429948662e-01,3.649834330335142707e-01,8.378224427735868340e-02,3.888520101812827923e-01,-3.320298226564634414e-02,1.537211043663506416e-01,3.733785548619000250e-01,3.569363833467631419e-01,2.957635501822636903e-01,-2.737978399762451207e-02,5.765212663674570276e-02,-3.737828619745040548e-01,-2.824603168585789748e-01,-7.902533958369560574e-02,3.455709471244435838e-01,2.557773458431655128e-02,-2.354794217202235695e-01,1.868393289159872017e-01,5.472909048154696310e-02,1.574978644612127499e-01,-2.033324191270185766e-01,-3.818807451424170440e-01,-2.394660765939996272e-01,9.462585230210264486e-02,4.211057482513195227e-01,1.772098771215006030e-01,-1.169641465472965047e-01
1.281687546911650100e-01,1.280355810896788293e-02,4.754744773627552767e-01,3.211190999541912450e-01,8.332810754285810972e-01,-1.165385133863450218e-01,4.032155729495844332e-01,-7.385442988223564487e-02,7.615941559557648510e-01,3.916927605694987546e-01,6.242350936836230657e-01,-6.978756300958091630e-02,2.996074654688321917e-02,2.999042398528358744e-01,4.257388165924230750e-01,-2.108584901284674476e-02,1.762396811436257871e-01,1.506626947720455800e-01,3.543052143746741600e-01,6.098119484643294008e-01,-5.017711014065357605e-02,5.227954925099621564e-01,-1.088967582791682404e-01,-1.327556002775365784e-01,1.219167088786564422e-03,-1.077398127575309728e-01,5.999774741675976131e-01,2.913954211203936828e-01,2.961490311250626339e-01,-2.337842442996322656e-01,4.723947591697486709e-02,1.094611871377271645e-01,4.682091197735473442e-01,4.466516156591816000e-01,8.556888396523623652e-02,5.298528164607203550e-01,-1.024214326057218821e-01,8.195410336861804756e-01,1.980820751608181607e-01,5.150172458003429155e-01,-4.614929696299510491e-03,9.070313208100245772e-01,2.659053739160697205e-01,6.563328052246684141e-01,-1.647560679354907465e-01,3.230876906879520116e-01,4.424286525420482175e-01,4.142230508021539359e-01,2.633919055539569731e-01,1.647664074894030772e-01,8.569706217345944566e-02,4.053715824446201821e-01,5.737067829461457436e-01,4.774178153499600286e-02,4.713572336103486471e-01,-2.363791202162699584e-02,-2.299682328099670048e-01,-2.653027468022477187e-02,-9.968089569456752008e-02,6.799466612044736680e-01,4.467536089426434320e-01,3.745086186484763435e-01,1.866534784128934810e-01,1.373835947516774680e-01,1.628091514994251809e-01,3.947298474442216265e-01,-1.159656352769446869e-01,-2.920206796411676242e-01,-3.047001336171405450e-01,-2.294258296633890359e-01,-2.592462094140107753e-01,2.230837590169931772e-01,3.830248989044546803e-01,1.084848110982514907e-01,9.155319299177411274e-02,1.491782328584197459e-01,-7.719596930635649890e-02,-2.776442301486369835e-01,-4.343893620820664103e-01,-2.365217205176609605e-01,1.463169936863989787e-02,2.534004698725165206e-01,2.344641345914188491e-01,2.284720253188423644e-01
2.570430997423479580e-01,8.711787239672183492e-02,1.646579495528261439e-01,7.422371096086163855e-02,3.569505673736973472e-01,1.948415147736472786e-01,5.693733308682491501e-01,1.327591002296158729e-01,3.916927605694986991e-01,7.615941559557648510e-01,3.634623971853011559e-01,3.315118160153646687e-01,5.085414861605221937e-01,2.758086525670214173e-01,2.707816516152455333e-01,5.145672800274186942e-01,4.434809875079496200e-01,6.218625001647886119e-01,2.009826775576268043e-01,4.315070265404544192e-01,1.011471354882128026e-01,4.054731152849965214e-01,8.582220876771885776e-02,2.115567908332526559e-01,6.019923112527578724e-01,5.431502941793352468e-01,3.290438119232040326e-01,4.410067787322821120e-01,4.035182397931790788e-01,-2.355749215085314180e-02,4.180364631812528153e-01,1.545032888789012460e-01,3.581080083268093350e-01,2.695889277571666409e-01,1.104216615624876441e-01,1.546291396397658502e-01,-2.391291206817367648e-02,4.012895066771531294e-01,-1.942577574759147196e-03,4.154323419134980377e-01,-1.034973090450893862e-01,4.108020623431953289e-01,6.210893283197070902e-01,3.267335695780346771e-01,1.340355128681732511e-01,3.633783835331197976e-01,1.639460446460104803e-01,2.639187035966156780e-01,1.143293277922027840e-01,3.639302636555851733e-01,2.649458413648976274e-01,2.129238074764098487e-01,4.346378318148945707e-01,-1.083822359014546821e-02,2.715523179136796750e-01,-1.144524088801560230e-01,1.366531630252757201e-01,2.383917168194404357e-01,2.069975694116458209e-01,1.781783254872086331e-01,4.514788886504133014e-01,1.433924577086883589e-01,2.864790574919002242e-01,1.255285363116063202e-01,2.119002005398219757e-01,2.398088111611879347e-01,1.806403105648944074e-01,-4.681611826831893475e-01,-1.125865553718711637e-01,-2.490996002963287992e-01,-1.327062704823900041e-01,4.489105646142739769e-01,2.940022138968165777e-01,2.147141467546778426e-01,1.887857910227696556e-01,-1.372033614026612058e-01,3.698701631042781157e-01,-4.138650312704905132e-01,-2.646658862562999426e-01,-3.477049075440158399e-01,-6.645703498902198747e-02,2.552957865936285597e-01,-3.464336657790147156e-02,1.815406481598575428e-01
-1.078149653498820526e-01,1.591254545464978187e-01,8.353638981333338931e-01,1.834081297947003919e-01,5.753309445104899389e-01,-2.465614254116218484e-01,1.345624877054410473e-01,2.614098325479642937e-01,6.242350936836230657e-01,3.634623971853011004e-01,7.615941559557648510e-01,1.243242489403878631e-01,-1.148857994954011847e-03,6.447300507843753969e-01,5.108498157163051667e-01,-3.034757397060782597e-02,2.135783120839323534e-01,2.231928193489391699e-01,7.676604200062135952e-01,4.740516386002820992e-01,1.641198693871232656e-02,3.881834934141646376e-01,4.098734540231693119e-02,-8.622846232292117816e-03,-9.394367192300738523e-02,-1.315370054885922797e-02,3.871977962868876078e-01,2.764911643284094223e-01,1.141104822411512232e-01,4.303587393780072129e-02,8.407048060326741123e-02,2.270247466863366537e-01,4.263193926753993113e-01,3.262037598195521859e-01,1.502169352332093089e-01,8.437227726171842024e-01,-1.122910586935351243e-02,6.124335823809775592e-01,8.122238889740976409e-02,1.795340744204057537e-01,3.647682935951807592e-01,5.490680000463683541e-01,2.715233795964728802e-01,9.431781012702667999e-01,1.285893988020684123e-02,1.490684182477621245e-01,5.559632302584711638e-01,4.871316700408919176e-01,1.432855903320023883e-01,1.784292164029383509e-01,6.889816457824116114e-02,7.910166678129296747e-01,5.198852870442379759e-01,1.247638400605170922e-01,4.082630749166451523e-01,1.861715292076737416e-01,-1.601489966839211576e-01,-1.213088840250142880e-01,3.733386894702669934e-02,4.774766588741801709e-01,3.568081308261640272e-01,2.073080584274210880e-01,1.976053572539347158e-01,1.669205077554038186e-01,2.847901190125085580e-01,3.975704609889400554e-01,-1.043665834615567500e-01,-1.932200790802328372e-01,-4.155714844557341081e-01,-3.367405540690970867e-01,-1.019376272202431044e-01,1.121307680683822222e-01,2.778046744560325743e-01,5.210782719484172848e-02,3.530236890431345809e-02,5.414948352112885360e-02,-1.919966951548801593e-01,-3.245756042275027564e-01,-4.661065249005420519e-01,-4.103412653485282169e-01,2.110780893306378747e-01,1.298309858114360948e-01,1.326980799016747314e-01,1.066952786689525506e-01
1.314476925628248888e-02,1.587680019629218175e-01,1.224874378120962143e-01,1.805762959418399927e-01,1.188127297599973625e-01,3.456865891909264854e-01,2.002725918753954226e-01,6.967436988350788063e-01,-6.978756300958093017e-02,3.315118160153645577e-01,1.243242489403878354e-01,7.615941559557648510e-01,3.686593625336995195e-01,5.100263391037083149e-01,2.140834585402476842e-01,1.590570030458409723e-01,-4.179601591844189779e-02,1.426800468193097637e-01,5.536409338598398400e-02,1.746364002167465068e-01,4.503656476249761065e-01,1.965541049921103733e-01,6.579916735680911843e-01,6.648144909023131488e-01,7.487965811659068327e-02,6.480473425583790359e-01,1.180344227733222534e-01,4.347554824219770908e-01,-7.811852598340206580e-03,6.640003411229625230e-02,3.438437300550055697e-01,2.656488799875571516e-01,2.485183662762515955e-01,1.209523017932435662e-01,1.244456449599244119e-01,2.794183777998095197e-02,3.106133329625010986e-01,1.600051642529058682e-01,2.049612378742985686e-01,7.218842532764199738e-02,5.314914661251226580e-01,1.122058182772853359e-02,2.392542125262366315e-01,7.233420394192334457e-02,8.870813788857963011e-01,1.955076223005159652e-01,3.158178444023120313e-01,1.076659718719217979e-01,6.208711638077448608e-02,-1.043846872386542668e-01,-1.490942141138414667e-01,7.827671487215873136e-02,2.479503596876677096e-01,2.394671852274215251e-01,1.747366890790872651e-01,5.454982086259150265e-01,4.159216007128128112e-01,-1.640266847506712533e-01,4.883059854308223757e-01,3.809030940610114678e-03,4.481355377701733977e-01,3.491066101959103274e-02,3.412458771345389802e-02,4.886455981951442484e-01,2.703710888820330949e-01,2.672110659917260600e-01,-4.048618167544109497e-02,-1.982234632442510525e-01,-2.424116422214258881e-01,-2.450529783623548452e-01,-7.073321410070891602e-02,6.025654708589803787e-01,2.739874384710793698e-01,1.195782435736268273e-01,2.569143285250009567e-01,-8.496951199444020830e-02,9.660095761645992596e-02,-3.215797233307592373e-01,-3.162816704053656447e-01,-1.804291223177324766e-01,-6.823970767925480185e-02,5.480549103186737048e-01,2.261183807495250886e-01,6.345629468732381928e-02
4.767633773136884523e-01,-1.580643087136806846e-01,-1.074896416009088473e-02,2.808746891638919663e-01,1.982746064126159058e-01,6.422323043503398443e-01,6.487732774470275077e-01,2.654080305108241777e-01,2.996074654688321917e-02,5.085414861605220826e-01,-1.148857994954011847e-03,3.686593625336995195e-01,7.615941559557648510e-01,1.267239537257470183e-01,1.498929536119614492e-01,3.852937332442072371e-01,4.733024842571846302e-01,3.490322313231168927e-01,-7.288168051380487789e-02,2.678625391329076399e-01,2.860256463651437153e-01,2.706953170792255614e-01,2.234486739829295854e-01,-1.051601057167276532e-01,4.944624881820587348e-01,5.285655837626843656e-01,4.014692762870712972e-01,5.647791760189800891e-01,4.986089121402069169e-01,1.208050152320135628e-01,4.578125675084636081e-01,1.429710700400625145e-01,6.885092871645155654e-02,3.532778130825168228e-01,-1.674453635304516130e-01,-1.074893517531712861e-01,1.010552608267689945e-01,1.880982027648571697e-01,2.452354995729392195e-01,4.280683211526228882e-01,6.069206761571006858e-02,1.654711655455825270e-01,1.966946018109348437e-01,2.184993130771971728e-02,2.951425112759953895e-01,5.770844690439611568e-01,-2.631712145220014426e-02,1.534834905009283545e-01,1.595059446001974857e-01,3.121240314170625751e-01,9.135841083479023794e-02,9.032550735512294426e-02,3.382848583199892234e-01,4.343700345529868424e-03,3.004534749884754108e-01,5.390317595223484588e-03,-2.486771410922602177e-01,5.137508257212111684e-02,2.809904868560108571e-01,2.302899367177512202e-01,4.604491505962471920e-01,2.350001760071303292e-01,1.649212896172748410e-01,4.255721703284761070e-01,2.213959210107724618e-01,4.084755311073226536e-02,2.123592515833951921e-01,-4.367010122135594474e-01,-4.039488501640968732e-01,-2.163239663831967030e-01,-1.890156644352294080e-01,3.293266651601925443e-01,3.564884584561660019e-01,-9.191886219456212037e-02,-2.154716220769211515e-02,-2.769579901095018531e-02,4.420608508364308187e-01,-5.079343807367299179e-01,-3.734907815265797737e-01,-2.278562690037461147e-01,3.669970054609519861e-02,3.114659651936569906e-01,-1.152848769744927587e-01,-1.225605611225972086e-01
-4.423127445007054431e-02,2.869258408702226038e-01,5.209197366094323600e-01,8.445517376813521659e-02,4.103536697463021632e-01,4.039974522303609733e-02,2.293092141801304079e-02,6.632168288911139964e-01,2.999042398528358744e-01,2.758086525670213618e-01,6.447300507843753969e-01,5.100263391037083149e-01,1.267239537257470738e-01,7.615941559557648510e-01,6.289626086035262631e-01,1.309457337999754556e-01,1.881390593777900952e-02,1.777426434851748505e-01,4.839794622860512652e-01,4.220154380430519714e-01,4.891803786461358938e-01,4.751578433407326885e-01,5.717057145463892986e-01,3.458345909372419480e-01,1.352465069972819400e-01,4.421008175627251235e-01,4.004650227080370772e-01,2.392705162598161295e-01,1.465354737712597222e-01,-1.522492355797406549e-01,2.103225224816850647e-01,1.884724056571674411e-01,2.919022969529950773e-01,1.870999007639313205e-01,2.842316016314307414e-01,4.523558598469819003e-01,3.153083991347335191e-01,3.888448596045903094e-01,2.090362676056777003e-01,2.741366976003289588e-02,7.365639900673621732e-01,2.783424797456095501e-01,2.541280690200766745e-01,6.018751774283246370e-01,4.970620818034193200e-01,1.368819383730011385e-01,7.594871341486806315e-01,5.687634730146209350e-01,1.551071843018559382e-01,-5.212512772288277474e-02,4.053372927575267515e-02,5.146241122994110739e-01,3.419598825798964015e-01,3.625138587291806269e-01,3.592376340403171109e-01,6.297777140138615115e-01,9.377389069325223203e-02,-2.212614827551580288e-02,4.707286314953830764e-01,3.252959988190943230e-01,3.476786961840153678e-01,1.424913918458092232e-01,1.226122744580001450e-01,3.586456247195357050e-01,2.783477226568912277e-01,3.131610228439941634e-01,1.036668468838479462e-01,-1.367918734637580125e-01,-3.476837116239145375e-01,-2.639488344492647021e-01,-4.013580527737416886e-02,3.605897254283720876e-01,4.101830542960770432e-01,1.332882893756547754e-02,1.385648883865607250e-01,1.774619010813414033e-03,9.809365797781663399e-02,-2.411905367166689018e-01,-4.039929669216861252e-01,-2.505268589505315058e-01,6.885813611100430331e-02,3.614096613528735569e-01,2.217129595533562647e-01,5.769311587886802317e-02
9.956635809546859894e-02,4.525067393727911780e-01,5.686814581609987984e-01,1.738619577920031689e-01,4.925506005610684745e-01,-1.866939131839066845e-01,4.020870633046453313e-01,3.255476526847370100e-01,4.257388165924230750e-01,2.707816516152455888e-01,5.108498157163051667e-01,2.140834585402476842e-01,1.498929536119614492e-01,6.289626086035262631e-01,7.615941559557648510e-01,9.176240640550684113e-02,-1.525053275635596811e-02,1.824879181281236218e-01,3.351025354242299081e-01,6.386560602462587610e-01,5.519584122486703714e-01,7.681994338184203741e-01,2.232625265768287126e-01,1.796962174330581086e-01,-2.149626905521141718e-02,3.089633660204171850e-01,5.732934166360788009e-01,2.638925664221444256e-01,5.208480623047475611e-01,-1.841878074888433914e-01,1.707829851495048235e-01,3.323063839077605164e-01,5.748332168947237752e-01,2.309398394786444930e-01,5.108383553954990441e-01,5.453905771916032208e-01,-3.583129677510635269e-02,4.143605660702859850e-01,1.276306591969386395e-01,4.292878753312656670e-01,3.601946039531193633e-01,4.217325235062184263e-01,4.259706378891759404e-01,5.479797749598194212e-01,1.532038581987260895e-01,2.906967416427184148e-01,4.867444958589757231e-01,9.008846684024161000e-01,4.527179795640782767e-01,-2.489859271750593031e-02,1.769016453149042101e-01,4.506400019262650769e-01,5.066070481085570565e-01,6.258800789784112473e-01,7.288148803352991756e-01,3.271271496271805357e-01,5.750924057600179801e-02,-3.996556306566885486e-02,3.865973537037594721e-01,5.063296141254400862e-01,4.300664363836152471e-01,5.286567746201256135e-01,9.344457331795030797e-02,2.919163928502371830e-01,3.954224917917422699e-01,6.037649215553835269e-01,2.189246108493785592e-01,-1.440537263146911273e-01,-2.196965218394421049e-01,-2.365869356985146887e-01,-3.702465556391290602e-02,3.115768501537651280e-01,3.655713345918068513e-01,8.360366067647000132e-02,2.004815667294906623e-01,-6.898492782975421470e-03,2.646395073364617434e-01,-2.051429840685287109e-01,-3.249310290135746793e-01,-2.142284439214567626e-01,7.702412297563285271e-02,3.067474437021414646e-01,3.343643337723770648e-01,3.939895877279374348e-02
5.429979348500195702e-01,1.763111577727115020e-01,-2.295288097300216337e-02,2.372706242991642553e-02,1.346462498961299437e-01,5.440416870560005336e-01,2.682987484467805883e-01,2.658146956038667796e-01,-2.108584901284674476e-02,5.145672800274186942e-01,-3.034757397060782597e-02,1.590570030458409445e-01,3.852937332442072371e-01,1.309457337999754556e-01,9.176240640550686889e-02,7.615941559557648510e-01,5.174116555222321168e-01,8.701302441367623208e-01,4.589152122782711590e-02,-5.636538003278637049e-02,3.165255310562151148e-01,1.302279720500146565e-01,1.329572535445212589e-01,1.458725618747205334e-02,5.826642649950403152e-01,4.990169349476843985e-01,1.412419819389784115e-01,3.137006953320514158e-01,4.875316539726214371e-01,3.070297448547385510e-01,3.029835783327509691e-01,4.976589007840397788e-02,1.948136980065379165e-02,1.047239398436572988e-01,3.620018513390842879e-02,-6.493863872640910639e-02,-5.010188622090597232e-02,4.763684657826820074e-02,1.450421154662621392e-01,3.966287867466608552e-02,-7.057389948736986218e-02,-1.146457074046395158e-01,1.664749079296684586e-01,1.242035591887634578e-02,-2.761679948358654324e-02,7.045866629094908740e-02,1.946787162633478174e-01,2.213640286600681434e-02,1.855765667670625785e-01,2.186769996971077157e-01,2.815796727914046116e-01,5.712699254177899984e-03,-1.894323945098851450e-02,5.430338259137503648e-02,6.841853363478060668e-02,-1.257391779929065423e-01,-1.926062509816177659e-01,6.284464642573518722e-02,8.921427019423711080e-02,-1.117474704551656844e-01,6.937818875419538012e-02,-2.974664521729662725e-02,1.175746731566035819e-01,1.363559259926279688e-01,-2.349028893191984642e-04,-2.326550548296220725e-02,1.350364166035793734e-01,-2.136108053424851660e-01,7.039409231043744497e-02,6.135475679265235682e-02,-1.389784071531082188e-01,1.671220619140284247e-01,2.017948646189336726e-04,-2.152164251170821385e-01,1.869404664573837693e-01,-5.824663124508442508e-02,5.214890984794644524e-01,-2.624894189176831816e-01,-2.974577931070883016e-02,-1.064027962303884939e-01,1.036107452854367755e-01,2.280376320317539229e-01,-9.196066978131059444e-02,-2.193487284861370956e-01
1.681078881714309081e-01,-1.771885815869498060e-01,1.232345847206804262e-01,2.515309046732569151e-02,2.570273383343736340e-01,3.940004570469474166e-01,3.666099450966631701e-01,-6.544073318242080552e-04,1.762396811436257593e-01,4.434809875079495090e-01,2.135783120839323812e-01,-4.179601591844191166e-02,4.733024842571845192e-01,1.881390593777902340e-02,-1.525053275635594383e-02,5.174116555222321168e-01,7.615941559557648510e-01,4.707970696553777090e-01,2.945558389800842503e-01,1.740039503764921613e-01,-4.478134424251937334e-02,1.078256013574611372e-01,-2.007318871054320220e-01,-2.591194366080832867e-01,5.007408976735402417e-01,2.496179928389285207e-01,1.949954300276957042e-01,2.074534378265016632e-01,3.538131116258844688e-01,-4.056352535823485456e-02,3.482287383598296759e-02,1.652583149885974434e-01,1.154250654001921228e-01,3.031119953448894663e-02,-2.321788394321429860e-01,8.565497926487511404e-02,-7.037778759209831203e-02,2.707024648233777864e-01,-3.208129707160003313e-02,1.946408608680606223e-01,-2.421220467921146868e-01,1.937084688370773744e-01,4.570404560408963812e-02,1.771265143203482606e-01,-1.380298301709899922e-01,-3.038001130417546363e-03,6.733968356347502793e-02,-2.279946817322186375e-02,-2.713131676809947199e-02,5.564620155288539927e-01,8.554824159730402278e-02,2.668516356526498545e-01,2.687981956298406971e-01,-2.410725159859323230e-01,8.706887233309308638e-02,-3.728837251282654530e-01,-4.071379952249200573e-01,3.521359689124094888e-02,-2.058180471297693936e-01,7.980390835119136050e-02,9.819631319905873512e-02,3.449676016550196067e-02,-1.227879285438529394e-01,-3.004021481826823700e-02,1.730486237953963446e-01,6.211631769379661466e-02,6.945205231729313644e-02,-3.436139816585993545e-01,-1.163186317927113744e-01,-1.663704253856040233e-02,-9.549577352919763618e-02,2.172256625858051682e-01,3.038087279380071171e-01,2.898748420063874780e-03,-2.202865978450304837e-02,-1.678426439824025731e-03,2.939330635226761745e-01,-2.867183703663681027e-01,-1.225018969216662701e-01,-1.217413069399868181e-01,-9.904954849352312629e-02,1.005355210042932074e-01,-7.546464636662432446e-02,-1.224482264448522040e-01
6.962671981815879985e-01,2.394125627248982480e-01,1.651364584836507721e-01,-6.750547948496413153e-02,1.424585163343983496e-01,4.415402765280218023e-01,1.118820746013386713e-01,2.552636960413203204e-01,1.506626947720455800e-01,6.218625001647885009e-01,2.231928193489391699e-01,1.426800468193097360e-01,3.490322313231168372e-01,1.777426434851748505e-01,1.824879181281236218e-01,8.701302441367624319e-01,4.707970696553776535e-01,7.615941559557648510e-01,2.185914928934665769e-01,1.780560752329549135e-01,2.968893062427672702e-01,2.568974889503089498e-01,8.684940495185275444e-02,4.203214953241736496e-02,5.812944579269275769e-01,4.854245246182529727e-01,1.651404446532526715e-01,5.371274268239059069e-01,4.919209374199202123e-01,3.157187404957522148e-01,4.113963460545381756e-01,1.562180778888649091e-01,1.399137539135297814e-01,3.052519410704906400e-01,9.075426653839878399e-02,1.661418026315015783e-01,-2.007712679337491646e-01,1.130479200039437443e-01,1.296049230066183278e-01,-2.422644711033144355e-02,-1.043160116653124581e-02,9.916321670573613467e-02,2.734106968195244569e-01,2.287894741793136677e-01,2.011008876781906693e-02,1.691310367930062841e-01,1.470265284047861665e-01,1.064881154727685408e-01,2.724459004454208855e-01,3.324231964608496681e-01,4.457754617181671764e-01,2.345387736025533743e-01,1.874852053310430977e-01,4.457234499306917536e-02,1.722167073588694586e-01,-9.880350547986214982e-02,-9.864159554778562100e-02,2.566310581346367137e-01,2.272836729322582350e-01,-5.867403675905272058e-03,3.062397379264165664e-01,2.665244061436919387e-02,3.374955261420630181e-01,1.360840492837645244e-01,1.133643088303282337e-01,1.301151453701254457e-01,2.534878220055249431e-01,-2.235361327448791569e-01,-4.039120900227746724e-02,-4.300810719349384970e-02,-8.995135960122609131e-02,1.129350705117960763e-01,3.054133596434157379e-03,-1.710774848841072060e-01,2.000869932595285283e-01,-9.777713613810717908e-02,4.895143060838302862e-01,-2.705331313574980134e-01,-1.318148842329522619e-01,-2.249270123392965448e-01,1.098015439033017127e-01,1.425158991811142917e-01,-5.452070764614221077e-02,-1.378887994914183290e-01
-1.401706456378658261e-01,-3.060578127204789320e-02,6.504044927364637241e-01,1.707404712663360830e-02,2.612509999113092340e-01,-2.261705361668553960e-01,-7.771133960587611744e-02,2.424808321560447122e-01,3.543052143746740490e-01,2.009826775576268321e-01,7.676604200062135952e-01,5.536409338598406726e-02,-7.288168051380486401e-02,4.839794622860512652e-01,3.351025354242299081e-01,4.589152122782706039e-02,2.945558389800842503e-01,2.185914928934666046e-01,7.615941559557648510e-01,1.977610902048793085e-01,-1.891927846611742292e-01,1.847437492190748543e-01,-9.220958331131806629e-02,-2.004911842239410491e-01,-1.298101576383894895e-01,3.229173829267956847e-02,3.561681990554346061e-02,1.464269370744861465e-01,-8.006138414334544595e-02,1.017339635129138609e-01,1.363157011941799335e-01,1.423881917018966214e-01,1.314238161793215565e-01,-1.071682692488122590e-02,-7.144254251146064938e-02,5.734300477058789092e-01,-1.137140594417864470e-01,3.229351883427695191e-01,-1.839512258452846716e-01,-1.260579401481665696e-01,2.202432928715480909e-01,2.726101932305264319e-01,8.173970923224313512e-02,6.471496531525572360e-01,-4.920555729650546994e-02,-1.363171310119925816e-01,4.316924968569303966e-01,2.762370468845418703e-01,-7.488505900633531109e-02,1.259904705673463576e-01,-9.550441026825565172e-02,8.268728363047367358e-01,2.428226868354483592e-01,-1.871235788980425141e-01,1.934238509471220002e-01,-3.566059591404256712e-02,-3.211722194192851987e-01,-3.678104365387527275e-01,-1.030314591006761815e-01,8.563291706349257515e-02,9.123163443568040043e-02,-1.042611015598205321e-01,1.072002965615904690e-01,4.351194802796570088e-02,2.523810271227396873e-01,9.232239580975867832e-02,-1.937427590789080334e-01,-2.687483908650222242e-01,-4.524687609061920357e-01,-3.603490024272647529e-01,-2.837177699124590873e-03,-8.154160707722900303e-02,1.641658786213769372e-01,-1.575451282086043348e-01,-3.519063938032040983e-02,-2.120207447363249287e-01,-1.673890366279768005e-01,-3.904667224970703732e-01,-4.571575519303974211e-01,-4.565006798628120643e-01,1.364238935247513163e-01,-2.196122578291337044e-02,3.697366587401219873e-02,-2.267928481740428548e-01
1.906896034002970863e-01,1.759188061291908078e-01,4.662408382641761162e-01,2.854110211230819205e-01,6.166899300429448116e-01,-1.372514045632433066e-01,5.196817374416927704e-01,9.204997623398659956e-02,6.098119484643294008e-01,4.315070265404544192e-01,4.740516386002821547e-01,1.746364002167465068e-01,2.678625391329076399e-01,4.220154380430519714e-01,6.386560602462587610e-01,-5.636538003278634273e-02,1.740039503764921613e-01,1.780560752329549412e-01,1.977610902048792807e-01,7.615941559557648510e-01,1.301720203523497321e-01,8.546646177576993075e-01,-1.256630193331148559e-01,1.188236261902364359e-02,-2.017155473421132217e-01,-9.508330911646082143e-03,4.834000335372869994e-01,4.008453168142884770e-01,5.516104385673588073e-01,-1.281906087781006232e-01,1.510684830344378449e-01,5.183664369882329259e-01,6.938422348511367188e-01,4.648413753315753794e-01,2.421806850521337762e-01,5.007714682525722383e-01,1.032024853851258167e-01,6.151524513113443282e-01,2.220756122863799809e-01,6.070273911883907747e-01,1.037028935231788657e-01,6.138459741525827962e-01,5.108478280768566915e-01,5.230019054391963351e-01,8.095591776429776620e-02,4.376615830148542496e-01,4.209380585559053256e-01,6.693373439821606041e-01,3.220214337862170040e-01,2.677707992219519051e-01,2.560265065650412231e-01,3.207818195644702719e-01,8.880778225690938443e-01,3.245373513892884643e-01,7.831746541985605825e-01,-1.669787753099434904e-02,-1.903698377581657455e-02,-1.114659037851833540e-01,6.717609735906666935e-02,5.266971477075528263e-01,6.204851102885456937e-01,6.244197205800351425e-01,1.564308422526166642e-01,2.636010388977023666e-01,4.814113392715468343e-01,7.179170053203575153e-01,6.407705176825345683e-02,-2.960507769307695325e-01,-3.164514388443268045e-01,-3.496086177548726748e-01,-2.753715560947565533e-01,4.232399288776693136e-01,4.558982829633849709e-01,2.061979071683051334e-01,7.993250156899604775e-02,6.983889445815963382e-02,7.532605859229907219e-02,-3.407367154680219778e-01,-4.037290073570691251e-01,-3.714409790931222366e-01,5.544120555716253868e-02,3.381198461546298106e-01,3.022421547695348654e-01,2.307463334980247860e-01
2.201616868288025219e-01,6.456046188208425241e-01,1.828081522378240675e-01,8.838309209062925054e-02,1.213352146759598266e-01,1.860955029948510864e-01,1.135802150214132444e-01,6.746167414037763654e-01,-5.017711014065357605e-02,1.011471354882128304e-01,1.641198693871229880e-02,4.503656476249761065e-01,2.860256463651437153e-01,4.891803786461358938e-01,5.519584122486703714e-01,3.165255310562151703e-01,-4.478134424251940110e-02,2.968893062427672147e-01,-1.891927846611742292e-01,1.301720203523497044e-01,7.615941559557648510e-01,3.608038358442087756e-01,6.832455280255684826e-01,5.566332331739523021e-01,1.771223790551562094e-01,5.803015870945078536e-01,2.809522647235084825e-01,3.482212152416108708e-01,3.894823407482638777e-01,7.229565626730535821e-02,2.055513501042877667e-01,3.810328829206587331e-01,4.153308055043488101e-01,2.063600102813058501e-01,5.426745784384690019e-01,1.057212640347127974e-01,1.019453861442246589e-01,4.332767979991955509e-02,6.349839794567442575e-02,5.093226509196525226e-02,5.360742773086728530e-01,-1.869709198938726211e-02,4.277602324604759532e-02,9.274404167934789667e-02,3.160267004535580737e-01,1.102186258027712945e-01,2.114906658598041944e-01,5.631901867745541246e-01,3.353493972925987721e-01,-2.997406351087096299e-01,8.065173003166409282e-02,-9.032892539562830878e-03,1.343874662562873634e-01,7.245611929415012309e-01,3.813874135927012299e-01,5.434239153951313517e-01,4.244856169559277914e-01,9.645493473290336905e-02,5.875047751645968708e-01,9.851798173488392207e-02,3.393262727953190727e-01,2.666571735834112333e-01,8.089403605225777005e-02,1.881478471083839477e-01,3.924144016272042013e-01,4.133072488052625393e-01,7.763326333547546088e-02,7.327460047606455806e-02,-1.760827776674580014e-01,-1.477901512551430263e-01,9.482799514341228031e-02,3.044876265332328580e-01,6.122870375547373456e-02,-1.192111750429669936e-01,3.684084645849846629e-01,-1.224609440365570859e-02,2.892081167988366230e-01,-1.397023033583157658e-01,-3.336886531444566151e-01,-1.023426715232252093e-01,1.392265859204806500e-01,3.445254276754468048e-01,9.820370615270818115e-02,-4.659191128052479758e-02
2.455120859990624071e-01,2.944538105521984361e-01,4.056628006344332737e-01,2.551334604276998541e-01,6.018171805037237920e-01,-1.007547066913803135e-01,5.231245215223210288e-01,1.505402118317787918e-01,5.227954925099620453e-01,4.054731152849965214e-01,3.881834934141646376e-01,1.965541049921103456e-01,2.706953170792256724e-01,4.751578433407326885e-01,7.681994338184204851e-01,1.302279720500147120e-01,1.078256013574610678e-01,2.568974889503089498e-01,1.847437492190748543e-01,8.546646177576995296e-01,3.608038358442087756e-01,7.615941559557648510e-01,1.170259260979836062e-02,8.238055546364755899e-02,-1.110382444863529661e-01,2.049946841011294763e-01,5.339017738175871886e-01,3.883119900547287173e-01,6.605248523031762575e-01,-1.127579770637781864e-01,2.054376194171039505e-01,4.439556486940150482e-01,6.180196176742733805e-01,3.554342825921378290e-01,3.669441465620380538e-01,4.035740580335376859e-01,5.472311931843615307e-02,4.841010941346043372e-01,1.342994219157296332e-01,5.245193475735793198e-01,1.364434656668616908e-01,4.329805247221824027e-01,4.024035956314821472e-01,4.182592154934848816e-01,4.858187450096902726e-02,3.462177650363965076e-01,4.884826631207517256e-01,7.368070326200409914e-01,4.183594938963276499e-01,8.440664460394425861e-02,1.758201208351139189e-01,2.708046763976088012e-01,6.624425351986928945e-01,4.161068916573233412e-01,8.313737191301474594e-01,6.312163836450730703e-02,-1.958054734525064428e-02,-1.473486405395261212e-01,2.326727256158360735e-01,4.753060982918950739e-01,5.113828576354700894e-01,5.993232179222269806e-01,8.540558270318117373e-02,2.172785600398980665e-01,4.462033830758724839e-01,5.953607156595418504e-01,-3.264236087632310657e-02,-2.900463974448874160e-01,-3.154109070919342561e-01,-2.626601212479302005e-01,-3.297197490194686553e-01,4.032066174337093911e-01,4.423673247510348516e-01,3.163567532811321914e-02,1.455062302610000691e-01,-2.154224210147603902e-02,1.156035221539361835e-01,-3.768892663445526647e-01,-4.167821800445792868e-01,-2.913003692589861693e-01,6.095809532686034121e-02,3.596115060944145569e-01,2.436404533608255707e-01,3.054595669030005234e-02
1.591658690554228484e-01,3.452409620806680124e-01,2.534960626695687003e-01,6.224068968956468495e-02,1.230151773577383562e-02,3.579079491882755648e-01,-2.896366897297347059e-02,8.025759207340331658e-01,-1.088967582791682404e-01,8.582220876771887164e-02,4.098734540231694506e-02,6.579916735680911843e-01,2.234486739829295576e-01,5.717057145463892986e-01,2.232625265768287126e-01,1.329572535445212311e-01,-2.007318871054320220e-01,8.684940495185275444e-02,-9.220958331131796915e-02,-1.256630193331148837e-01,6.832455280255684826e-01,1.170259260979841613e-02,7.615941559557648510e-01,5.289073480681594219e-01,2.462150976857672702e-01,5.505060370648036105e-01,1.915939391726615149e-01,3.964325757737947598e-01,8.272646729965162787e-03,1.380778720509301116e-01,3.068496407132317860e-01,2.012562920861686311e-01,1.707366213732225135e-01,2.234905784685545516e-01,2.133219659674130964e-01,8.008602113707623260e-02,9.535869804946647821e-02,-1.978791576015704462e-02,2.436479330469286386e-01,-1.351869781495637912e-01,6.437829677021665864e-01,-1.104147102491451066e-01,-7.827976885691699527e-02,6.792312185216595102e-04,5.431220550062253460e-01,5.866522683079418432e-02,2.299975485592654911e-01,2.065571289833852409e-01,5.674091824131378969e-02,-4.636776239940962885e-01,-2.205262816115956259e-01,-2.577998300003385077e-02,-6.078478636425305864e-02,4.521124251859707788e-01,-3.245749711506374247e-03,8.446166551817730905e-01,2.547560139361496057e-01,-8.293201206519727753e-02,4.055578506291739327e-01,-1.224198084052084343e-02,3.472739611327751996e-01,-5.216559960776323557e-02,3.777853971910311720e-02,3.799296552450749376e-01,2.375502117956333203e-01,1.768356749646060322e-01,-4.502863742247045775e-02,1.189195589365921735e-01,-2.874309744719690252e-01,-1.982816940780148529e-01,-6.021589433411035641e-02,2.978657970597569649e-01,-1.801674528403426120e-03,-5.120191021536774079e-02,2.796686779815070745e-01,8.467326947782780056e-02,1.860621620468048965e-01,-1.198696687491972723e-01,-2.924223884180986999e-01,-1.619928769289506465e-01,9.899069434040073945e-02,3.438207337345041137e-01,1.918030250179384721e-01,-1.132951410287350198e-02
-1.179921356260658916e-01,5.789867009269556997e-01,-2.372510612898798103e-03,-3.587764909096939625e-02,-7.800006179880181190e-02,-1.166332647831238994e-01,-1.057369852139669608e-01,5.456111175079592090e-01,-1.327556002775365784e-01,2.115567908332526281e-01,-8.622846232292140367e-03,6.648144909023131488e-01,-1.051601057167276532e-01,3.458345909372418370e-01,1.796962174330581086e-01,1.458725618747208110e-02,-2.591194366080832867e-01,4.203214953241736496e-02,-2.004911842239409936e-01,1.188236261902362624e-02,5.566332331739523021e-01,8.238055546364764226e-02,5.289073480681593109e-01,7.615941559557648510e-01,1.284451444274464504e-01,5.703040372494920796e-01,-1.730270915856843908e-02,2.449427991650887926e-01,-3.455188298622345611e-02,2.567686003526440525e-02,1.813999215645249741e-01,2.189175429536156792e-01,3.925044245781791896e-01,8.659682687087727482e-02,6.226929858025384013e-01,-2.054264717026513601e-02,8.328147064623243889e-02,-3.383485482828783864e-02,-1.310115291379481128e-01,-8.214039965498574902e-02,3.917732035565774651e-01,-6.103619674531194500e-02,2.167970542325942940e-01,4.235640736347056831e-03,6.286521425242065364e-01,-4.245835023669296271e-02,7.316079146525435173e-02,2.278509445441869452e-01,1.315996036812625003e-01,-4.769010482979508803e-01,-5.989044139925447235e-02,-1.112433001997364945e-01,5.721078238410136352e-02,4.750801676290923314e-01,1.232715193384619073e-01,4.036283674206581074e-01,9.166333587963574336e-01,1.277676041481443092e-01,5.037582774762654481e-01,-6.574187027521634363e-02,3.210961578357794943e-01,1.240931428152089733e-01,-8.159014130012645638e-02,2.545926339665556259e-01,3.011853023808974128e-01,3.403205620087094152e-01,7.699254638913747423e-03,1.040338526933973912e-01,-5.246483140133399031e-02,-1.116807169305838593e-01,9.054779318335416660e-02,2.605619114020740756e-01,-3.357629240842244234e-02,2.050088235644002277e-01,4.716515488462675876e-01,-1.455610407184475263e-01,3.334737496517887340e-02,3.049480120097784394e-02,-2.007754278606736220e-01,1.195533559922103140e-02,-1.471053990089470423e-02,2.344572603108500686e-01,1.119141619101369917e-01,2.658247594484440257e-01
3.048723766869368967e-01,-8.754753923087686684e-03,-4.237838271957583558e-02,-8.427432584645759561e-02,-3.480157552098591539e-02,5.029150971860345543e-01,2.473517083420546103e-01,2.017540374939381376e-01,1.219167088786564422e-03,6.019923112527577613e-01,-9.394367192300744074e-02,7.487965811659073878e-02,4.944624881820586793e-01,1.352465069972819955e-01,-2.149626905521139636e-02,5.826642649950404262e-01,5.007408976735403527e-01,5.812944579269275769e-01,-1.298101576383895728e-01,-2.017155473421132217e-01,1.771223790551562371e-01,-1.110382444863529383e-01,2.462150976857673812e-01,1.284451444274464782e-01,7.615941559557648510e-01,4.728762786113522298e-01,1.531670344189135780e-01,2.409657433252393455e-01,2.899179575413525778e-01,3.304886386086994809e-01,2.914954762306766201e-01,2.086302734618147511e-02,-2.135771200124262151e-02,1.473894441415481427e-01,-9.764767079389287396e-02,-1.387880730339633717e-01,-6.006005889767282446e-02,-7.920425562387670149e-02,2.711466384373135974e-02,7.756413350586432998e-02,-1.576680664569989343e-01,-6.401830667333109626e-02,1.601776110103842465e-01,-7.575567165360802546e-02,-9.087838304087247909e-02,2.216622604885793157e-01,-2.508938929893562986e-02,-6.011107824933732691e-02,-6.013051990442461886e-02,2.364558429754034519e-01,7.651356671314595015e-02,-1.107657423572105809e-01,-9.742193988358549550e-02,-6.092784444244429831e-02,-1.800785893488851264e-01,-9.976380737308668256e-02,-4.307982530943338384e-02,3.259581112511442114e-01,-9.298339573399118374e-02,-1.270787298264471621e-01,9.438503561063095459e-02,-6.613429036423075502e-02,1.353886096881064816e-01,6.469882347156168112e-02,2.848151310620909357e-02,-1.521124991512419755e-01,2.638412405478083311e-01,-1.923606863569969072e-01,1.749300123266090967e-01,4.395699988131131913e-02,-1.679396209873485757e-01,1.593001418062131025e-01,-2.185792170491078490e-02,-6.500350362205863097e-02,1.037107842110467776e-01,1.588600376624138000e-01,5.931369616742159234e-01,-3.088920407428658588e-01,3.100718507716906935e-02,-8.402619657317722535e-02,2.419334338467615808e-02,-1.119734281765373887e-03,-3.190636496189618865e-01,-4.459233437778855474e-02
3.333076260890182607e-01,3.024237960503380340e-01,-7.916190051678222497e-03,-1.140487124085520255e-02,3.242677282568381947e-02,4.355413391541245183e-01,3.144807659932952748e-01,5.478888345959453954e-01,-1.077398127575309589e-01,5.431502941793352468e-01,-1.315370054885918634e-02,6.480473425583790359e-01,5.285655837626843656e-01,4.421008175627251235e-01,3.089633660204171850e-01,4.990169349476843985e-01,2.496179928389285763e-01,4.854245246182529727e-01,3.229173829267958235e-02,-9.508330911646082143e-03,5.803015870945078536e-01,2.049946841011294207e-01,5.505060370648036105e-01,5.703040372494920796e-01,4.728762786113521188e-01,7.615941559557648510e-01,1.362168125916944084e-01,5.173949840576498316e-01,3.191317743336028467e-01,2.336704780559601680e-01,4.838482329892224709e-01,2.813119760429442784e-01,1.635478881918579208e-01,1.598548035070585238e-01,2.946500676979872391e-01,-8.524164451584315128e-02,1.629756250266864437e-02,-7.752736784308436428e-03,-5.122583900543615371e-02,9.134965251852830703e-02,2.207552713775452202e-01,-9.922565517063273999e-02,1.327416551997922523e-01,-4.738472305152921504e-02,5.061975221895842481e-01,1.597738335190813652e-01,1.965808411011401857e-01,2.140951778530335581e-01,3.412681481906998382e-02,-9.584424017758008674e-02,-1.518207197393843799e-01,6.950625499821805331e-02,7.353567160854722860e-03,1.793860909392932801e-01,1.105985199302895322e-01,2.343300093473433821e-01,2.913738138099395969e-01,-1.200241782119429584e-01,4.808830117118188530e-01,-1.405189609226948355e-01,3.671652011757712830e-01,-1.615027448711733524e-02,-3.603078093857423753e-02,3.988751581465317941e-01,2.920799609005630404e-01,8.265945553930627299e-02,7.047302244898599743e-02,-2.236521717823527211e-01,-1.621345143905061348e-01,-1.265858075905635094e-01,-1.947741236269991683e-01,3.815998259578388674e-01,2.376371514274595587e-01,-9.488181735143383366e-02,2.086518396330570291e-01,-1.491459791330689844e-01,4.475845107304368131e-01,-3.851252169872748099e-01,-2.118631503237078662e-01,-1.617194719792478530e-01,-4.751468841674759414e-02,2.961786457387180493e-01,7.948474693547414455e-03,-1.502613183084598736e-01
2.685915414267501244e-01,1.039490233699679328e-01,5.078803241186499173e-01,2.964925997010440240e-01,6.423847627192701415e-01,1.640232081662335584e-01,6.107090840722946279e-01,1.961721342156952930e-01,5.999774741675977241e-01,3.290438119232041436e-01,3.871977962868876078e-01,1.180344227733222950e-01,4.014692762870713527e-01,4.004650227080371327e-01,5.732934166360788009e-01,1.412419819389784115e-01,1.949954300276956765e-01,1.651404446532526715e-01,3.561681990554354388e-02,4.834000335372869994e-01,2.809522647235084825e-01,5.339017738175871886e-01,1.915939391726615149e-01,-1.730270915856841826e-02,1.531670344189135502e-01,1.362168125916944084e-01,7.615941559557648510e-01,3.725209229735949590e-01,5.723760325497042611e-01,4.659135059955801794e-02,1.110173592704401385e-01,2.157851810913005985e-01,4.059825585510655199e-01,4.648702355756513249e-01,1.790636351555263961e-01,5.070349974473217225e-01,-1.052166018252573797e-02,4.517951066205647681e-01,2.961996718565487741e-01,6.368128815413773847e-01,1.195321680544012971e-01,4.800862612284625963e-01,1.180141662444081779e-01,4.110220547922743273e-01,-6.577100351531504907e-02,3.956784937883292552e-01,3.705302070585031471e-01,5.253232012241757509e-01,3.142017511164053589e-01,-5.200258711553123331e-02,8.091863286000158806e-03,2.490868899871871711e-01,4.556366364372639310e-01,2.242666698245179557e-01,5.330607258785842184e-01,1.782302234241506522e-01,-1.611146586767539524e-01,-1.129558147786466765e-01,-2.221928967719222648e-03,8.853147706492141555e-01,4.815374755376441440e-01,5.338747699232332389e-01,1.309519127729918408e-01,2.580173642562796910e-01,1.748216018368727864e-01,2.792539606590158652e-01,-2.118575731670324994e-02,-2.417045216100770222e-01,-3.617479343799431257e-01,-2.534251099119436135e-01,-3.963061717005770812e-01,3.695455240422785836e-01,3.547848120067700894e-01,-8.482170556061222055e-02,6.019009735421999158e-02,2.112536170262140911e-01,1.834764839448841944e-01,-2.607169925752785278e-01,-3.696476072500331500e-01,-2.576930758179217795e-01,-8.099925203146504660e-02,3.451619293209083339e-01,1.598340467033617374e-01,1.757637684894668498e-02
7.394939094430277304e-01,1.546072986524616999e-01,2.667798522741449685e-01,2.646118001637063899e-01,3.490001749640247453e-01,6.078427770256518148e-01,3.165313411539175670e-01,4.394771954501762168e-01,2.913954211203938494e-01,4.410067787322820565e-01,2.764911643284094778e-01,4.347554824219770908e-01,5.647791760189802002e-01,2.392705162598161295e-01,2.638925664221444256e-01,3.137006953320513603e-01,2.074534378265016632e-01,5.371274268239057958e-01,1.464269370744860910e-01,4.008453168142884770e-01,3.482212152416107043e-01,3.883119900547287173e-01,3.964325757737948153e-01,2.449427991650887926e-01,2.409657433252393732e-01,5.173949840576498316e-01,3.725209229735949590e-01,7.615941559557648510e-01,3.981290300560356155e-01,2.870205351305767372e-01,4.331944028271699776e-01,6.041818026283828358e-01,3.387218029847642864e-01,6.171224932671042218e-01,7.716791085671761974e-02,2.116654049990094322e-01,-3.921676902920857139e-04,3.303385783298612433e-01,3.678758590829508401e-01,2.518738513579475979e-01,2.806794946623822895e-01,3.042560251894249057e-01,2.219047590253670210e-01,2.560462689564210192e-01,3.096410676497417525e-01,4.685380954447505020e-01,2.009181406698460626e-01,2.070482060006509917e-01,1.046162111625882074e-01,1.165570709858069487e-01,1.401768026036250836e-01,2.054318738997577276e-01,3.597497766894354743e-01,2.015732783477267032e-01,3.810975315609702596e-01,2.255781400082280119e-01,1.170847741624011645e-01,-4.352522973633458914e-02,3.440341640854325811e-01,2.225475251576098379e-01,8.201128502183449021e-01,1.640469145619856406e-01,4.599699824666162451e-01,3.333064364292224746e-01,4.384127716473286696e-01,2.735370656108923049e-01,1.945510805389883968e-01,-1.216198699389887533e-01,-2.412575636672729673e-01,-1.442786834622821757e-01,-2.476542976980572741e-01,4.252486851444848281e-01,3.060226468657623045e-01,1.764325169006201663e-02,4.197966694569694734e-01,-3.005582056316015091e-02,4.245057972243826416e-01,-2.709987312713805219e-01,-3.325687798376843474e-01,-2.306860029816722724e-01,1.285605489489171638e-01,4.816554385982388942e-01,1.805135721501763546e-01,1.330216626854681741e-02
5.021985504133207323e-01,2.846462019293015677e-01,1.461004237068144473e-01,1.573364064947223584e-01,3.957572644917574101e-01,2.313557189338125430e-01,5.037355351654991820e-01,6.834233961215691044e-02,2.961490311250625784e-01,4.035182397931790788e-01,1.141104822411512509e-01,-7.811852598340151069e-03,4.986089121402069169e-01,1.465354737712597499e-01,5.208480623047475611e-01,4.875316539726214371e-01,3.538131116258844688e-01,4.919209374199202123e-01,-8.006138414334544595e-02,5.516104385673588073e-01,3.894823407482637667e-01,6.605248523031761465e-01,8.272646729965121154e-03,-3.455188298622345611e-02,2.899179575413526888e-01,3.191317743336027912e-01,5.723760325497040391e-01,3.981290300560355599e-01,7.615941559557648510e-01,8.357389144588400764e-02,1.911147245195190802e-01,4.017718584275653537e-01,5.140067370338236019e-01,3.733107039991755971e-01,2.478284438824774338e-01,1.537858621115666402e-01,-8.177137824444920267e-02,2.972895754466632345e-01,1.044026010091223672e-01,4.227446540177626777e-01,-1.420655601550201430e-01,2.633744779958310800e-01,2.617744786771578624e-01,1.968639746487268194e-01,-2.448348264591317103e-01,3.511537028039380393e-01,1.189716157471083918e-01,5.558796973981590117e-01,4.090758409716760413e-01,1.391143322734567922e-01,2.281098168104100099e-01,4.551223272300276845e-02,4.768260554770811788e-01,3.034651957745609363e-01,6.145067306202135482e-01,-1.885590017507153271e-01,-5.201771729798213700e-02,1.176723624336117324e-01,1.391918283298391734e-01,4.268101731280710132e-01,4.599938272824175556e-01,6.428453848593022046e-01,5.220071531813552657e-02,3.353678861164625241e-02,3.863824982148911791e-01,4.026334014060657940e-01,4.001133121334106424e-02,-2.375179953323533488e-01,-1.713674982253962920e-01,-4.953435030242537424e-02,-1.495406709141128554e-01,2.989730351775414241e-01,2.528740455004230836e-01,-5.989568383893249109e-02,1.996753752559184136e-01,-5.220890223896343038e-03,2.931783669283729576e-01,-2.807955164451055863e-01,-2.785569667883716072e-01,-9.628999934938138605e-02,2.107930574352360753e-01,2.871916994739903695e-01,5.079585825805999627e-02,-9.321407987462244915e-02
2.808250620970256795e-01,7.367955804572759448e-02,1.233880432633703422e-01,-8.641274560339683164e-02,-1.335289899261796476e-01,2.879195289056905582e-01,-2.425135666229802922e-01,3.156842510557957282e-01,-2.337842442996322656e-01,-2.355749215085311404e-02,4.303587393780072129e-02,6.640003411229621066e-02,1.208050152320135351e-01,-1.522492355797406549e-01,-1.841878074888433914e-01,3.070297448547385510e-01,-4.056352535823485456e-02,3.157187404957522148e-01,1.017339635129138609e-01,-1.281906087781005954e-01,7.229565626730535821e-02,-1.127579770637781864e-01,1.380778720509300839e-01,2.567686003526440178e-02,3.304886386086994254e-01,2.336704780559601125e-01,4.659135059955801794e-02,2.870205351305767372e-01,8.357389144588406316e-02,7.615941559557648510e-01,6.518034827207583315e-02,2.218698173803398677e-01,-1.122403094362640075e-01,6.207372281373541717e-02,-8.679732097691132686e-02,4.744469886484752735e-02,-1.691104059977155682e-01,-1.644663634020966658e-01,-8.998875699948213902e-02,-2.551740875086529470e-01,9.337990304630079674e-02,-1.928767267444345956e-01,-3.090781798633098210e-01,1.079350772917848401e-02,-1.265121994660432514e-01,-7.995013215106698545e-02,-2.372810832891689981e-01,-2.257237270633010440e-01,-3.207623346543402726e-02,-2.570147954157355197e-01,1.077769671487337384e-02,9.360299641891704769e-02,2.184949768848030646e-03,-2.072481355019695215e-01,1.134421172229978410e-02,-6.948854955141250955e-02,-3.142483655864252573e-02,-3.964189018545671850e-02,4.148597536317509896e-03,4.420301711772578121e-03,1.937577986092651333e-02,-1.277382405192767079e-01,4.069448816649796075e-01,-2.194770970650775366e-01,9.468471277109323514e-02,-1.767336033169862874e-01,5.348597779327556728e-02,1.322758327690606861e-01,-1.003667295284512984e-01,8.005201639285625115e-02,-1.662422285240244477e-02,-2.683001192910484112e-01,-4.518085484303900889e-01,-4.393975312653263243e-01,4.030746064417612545e-02,1.390818295283435813e-01,1.955529204914076280e-01,-1.913449281062817170e-02,-2.362234159414323617e-02,5.437525722845076674e-03,1.677873447613141833e-01,-1.612117098533809301e-01,-1.046660639402578891e-01,-4.161358648514870695e-01
3.729327514233004015e-01,1.260273347471765892e-01,8.567849339957525623e-02,1.211103286199458201e-01,1.367274293179863431e-01,2.839193319223662915e-01,2.817905213731820013e-01,2.650673462749001952e-01,4.723947591697492260e-02,4.180364631812528153e-01,8.407048060326736960e-02,3.438437300550056253e-01,4.578125675084636081e-01,2.103225224816850647e-01,1.707829851495047957e-01,3.029835783327509691e-01,3.482287383598292596e-02,4.113963460545382311e-01,1.363157011941798780e-01,1.510684830344378449e-01,2.055513501042877944e-01,2.054376194171039505e-01,3.068496407132317860e-01,1.813999215645250018e-01,2.914954762306766756e-01,4.838482329892222489e-01,1.110173592704401524e-01,4.331944028271700331e-01,1.911147245195189970e-01,6.518034827207583315e-02,7.615941559557648510e-01,6.834969901978486806e-02,1.288399190909292613e-01,2.487661270103285749e-01,4.089233010120339046e-02,-1.708128306419713985e-02,2.532666842687572029e-01,1.550867951490568775e-01,1.046676347283349018e-01,2.466208502727302854e-01,1.832548281957176173e-01,7.049367620913499222e-02,4.263407927196291580e-01,3.541209584106821961e-02,2.931528628586207441e-01,4.405714796739737538e-01,1.236965427510438587e-01,5.315202102684515872e-02,1.185380362902124611e-02,6.949838805532687624e-02,1.050862109527373744e-01,7.390892533857061630e-02,6.935789105045134240e-02,6.966083782887215470e-02,2.777787209246926348e-02,2.048868306545744700e-01,1.286597809356505584e-01,4.237970805602026686e-02,3.960804966288361539e-01,-7.067035274856324489e-02,4.031942485059603620e-01,-6.568746526381060574e-03,2.428666539610826736e-01,4.899587926524465176e-01,1.619139521247359159e-01,5.666435139613433536e-02,1.178305427936500033e-01,-3.539248472165863468e-01,-5.772015723467785464e-02,-1.023340489291307831e-01,-1.812361185546695064e-01,2.408139126907974936e-01,3.210072633594415192e-01,1.335168114692978913e-01,1.789702761278533227e-01,-1.418828667138720967e-01,2.305560084018924150e-01,-3.846777033194139217e-01,-4.946546985478054992e-02,-1.821590344766874370e-01,-2.635711648132095172e-02,2.347475084319606276e-01,3.138937043250720205e-01,6.627189332344932127e-02
1.166845051666039190e-01,3.716280154989985984e-01,1.863084406372287616e-01,1.846682618556301503e-01,1.713391290267430589e-01,1.258352138157619593e-01,8.768733485761957824e-02,3.585342644988026573e-01,1.094611871377270812e-01,1.545032888789012460e-01,2.270247466863366259e-01,2.656488799875571516e-01,1.429710700400624868e-01,1.884724056571674411e-01,3.323063839077605164e-01,4.976589007840395706e-02,1.652583149885974156e-01,1.562180778888649091e-01,1.423881917018966214e-01,5.183664369882329259e-01,3.810328829206586776e-01,4.439556486940149371e-01,2.012562920861686311e-01,2.189175429536157069e-01,2.086302734618143001e-02,2.813119760429442229e-01,2.157851810913005708e-01,6.041818026283828358e-01,4.017718584275652982e-01,2.218698173803399232e-01,6.834969901978486806e-02,7.615941559557648510e-01,6.006761571198346861e-01,3.139061968649327627e-01,2.949427033057825942e-01,1.101757731384145345e-01,2.564456492598791160e-01,2.124526366566297231e-01,1.611367592231869456e-02,1.214411263959157133e-01,2.458906389605213516e-01,1.446312869395133260e-01,1.036919437897843022e-01,1.831909541133195374e-01,1.326075239410426376e-01,8.035928766023879566e-02,1.282733497453136806e-01,3.267377095715120472e-01,1.602363678663685509e-01,1.082910662638623955e-02,4.073555507132473053e-02,1.109748412609836143e-01,5.015548234203811573e-01,4.036629617412229032e-01,4.822202584514159174e-01,9.312242410861885922e-02,2.199345517633247149e-01,-5.399743648075869262e-02,1.750283517641755826e-01,1.546490140001197666e-01,6.764467646347167573e-01,3.703649461919201191e-01,2.101421908539428673e-01,-4.080367181031275582e-03,8.645192837170724287e-01,5.624445067754201277e-01,1.072278150281937570e-01,2.041997650414724141e-01,-1.074677367984035875e-01,-8.523886547974077188e-02,-5.347530191637603347e-02,3.776247464379345886e-01,2.695383093026584298e-01,1.651357625431137954e-02,4.165771384498868635e-01,1.114533746042252332e-01,8.925835274822724319e-02,1.174753798854857589e-01,-1.420269474303907098e-01,-6.804213689280103061e-02,2.781883805090594741e-01,3.447234624757074539e-01,2.222891648404530796e-01,2.447544571114906170e-02
1.065395761045587197e-01,6.500893466606834092e-01,4.256180940306796834e-01,2.954967863769661363e-01,4.423198274416373921e-01,-1.863995549679003383e-01,2.537825432639848056e-01,2.285427662815766869e-01,4.682091197735472332e-01,3.581080083268093905e-01,4.263193926753992002e-01,2.485183662762515955e-01,6.885092871645151491e-02,2.919022969529950773e-01,5.748332168947237752e-01,1.948136980065377777e-02,1.154250654001921089e-01,1.399137539135298369e-01,1.314238161793215842e-01,6.938422348511367188e-01,4.153308055043486990e-01,6.180196176742733805e-01,1.707366213732225135e-01,3.925044245781791896e-01,-2.135771200124259375e-02,1.635478881918579763e-01,4.059825585510655199e-01,3.387218029847642309e-01,5.140067370338236019e-01,-1.122403094362639520e-01,1.288399190909292336e-01,6.006761571198346861e-01,7.615941559557648510e-01,4.139713168581288238e-01,6.602488018743802867e-01,4.140570817556701866e-01,7.237772169825526514e-02,4.698918989377279809e-01,-3.340488813852467154e-02,3.069480568006076604e-01,1.891636409288635634e-01,4.998829952913230179e-01,4.559767608818457996e-01,4.528133194426134933e-01,8.822390381333285181e-02,1.429193324037688340e-01,2.160809981308035588e-01,6.491028160345020392e-01,4.021540978165223934e-01,-4.144237955892630249e-02,1.409161456710366356e-01,2.037017121733903646e-01,6.188552222910947975e-01,6.414937646729432785e-01,5.921177952739261618e-01,1.304957932160949741e-01,4.313769088843570909e-01,6.647641799214611125e-02,1.616368072158003433e-01,4.106435926305962991e-01,6.575106619941658570e-01,6.619909176729614764e-01,6.402055607852802366e-02,8.589842959640323072e-02,6.910261710042796546e-01,8.746825771932653648e-01,1.484039610903756939e-02,-2.093791822480654818e-02,-8.448873814350968403e-02,-1.059571221862379148e-01,7.462695728607633694e-02,5.078539895424125650e-01,4.165823431550637057e-01,2.802128829719657821e-01,4.844597996767596171e-01,9.369869350598644675e-02,-7.860726018952768346e-03,-6.878644249058897542e-02,-2.380927347141053030e-01,-6.944341885107620238e-02,2.777389627191594879e-01,4.226232651511517835e-01,3.394153285184799418e-01,3.562155660540411994e-01
4.791357226681444703e-01,2.316956083857753534e-01,3.368925703504728197e-01,3.888593550836090262e-01,5.008718420601975252e-01,2.606487923585275590e-01,3.156842999882850109e-01,1.550548700632199406e-01,4.466516156591816000e-01,2.695889277571665854e-01,3.262037598195521859e-01,1.209523017932435524e-01,3.532778130825168228e-01,1.870999007639313205e-01,2.309398394786444930e-01,1.047239398436572710e-01,3.031119953448897439e-02,3.052519410704908620e-01,-1.071682692488123978e-02,4.648413753315753794e-01,2.063600102813058501e-01,3.554342825921378290e-01,2.234905784685545516e-01,8.659682687087727482e-02,1.473894441415481982e-01,1.598548035070584961e-01,4.648702355756512139e-01,6.171224932671042218e-01,3.733107039991755971e-01,6.207372281373542411e-02,2.487661270103284639e-01,3.139061968649328183e-01,4.139713168581288238e-01,7.615941559557648510e-01,2.400673267586972137e-01,3.097990329896392336e-01,7.135107088840079992e-02,5.543576991651640862e-01,4.447174844939462690e-01,5.016895670993659628e-01,1.167347242253446021e-01,5.113289787552955934e-01,2.306796871815772754e-01,3.225421115873662870e-01,1.043897161494359432e-01,6.291483556641623842e-01,1.968998568516866776e-01,2.626615454192631205e-01,4.304886908126256961e-01,1.846474614070528208e-01,3.725655348810948952e-01,7.865881485711771759e-02,4.454267494767230051e-01,2.482186816616144265e-01,4.485945661148217911e-01,1.699597077942057999e-01,5.642556036958581989e-02,2.252027124041618700e-01,3.454676726012093635e-01,3.835702036770429757e-01,7.602108535621699970e-01,4.114391995037035010e-01,3.195134130980363807e-01,3.369585115713604750e-01,2.619907444011240760e-01,3.764659766412177810e-01,3.369984209847812773e-01,-1.540152261959429891e-01,-1.524848057393449474e-01,-1.110068521851300116e-01,-1.660715030644374646e-01,2.360192428786818952e-01,3.035146210724874449e-01,-9.364655497642562082e-03,1.244232832157757540e-01,1.635348838645317993e-01,2.695244650679626819e-01,-2.165851667967652605e-01,-2.283762080384851567e-01,-1.253730543754984494e-01,2.097989520636866223e-01,3.579241182955310019e-01,1.386393317413495974e-01,9.897522072890345413e-02
-4.003536275217765839e-02,8.731779469154997697e-01,2.092400719295487155e-01,6.069182283518143733e-02,1.311062944130238217e-01,-3.753927105906966766e-01,-1.113542241468701115e-02,1.653270215098894547e-01,8.556888396523626428e-02,1.104216615624876718e-01,1.502169352332093921e-01,1.244456449599244396e-01,-1.674453635304516130e-01,2.842316016314307969e-01,5.108383553954989331e-01,3.620018513390849818e-02,-2.321788394321429860e-01,9.075426653839875624e-02,-7.144254251146070489e-02,2.421806850521337207e-01,5.426745784384690019e-01,3.669441465620380538e-01,2.133219659674131241e-01,6.226929858025384013e-01,-9.764767079389279070e-02,2.946500676979871836e-01,1.790636351555263683e-01,7.716791085671764749e-02,2.478284438824774893e-01,-8.679732097691132686e-02,4.089233010120339046e-02,2.949427033057825387e-01,6.602488018743803977e-01,2.400673267586972137e-01,7.615941559557648510e-01,2.784711329392584589e-01,6.249637338417974794e-03,1.277699452048494111e-01,-2.963530130083928404e-01,3.540602304164196246e-02,1.409852404746372301e-01,1.214875506543339201e-01,1.839773283855136443e-01,2.329802191765052988e-01,-8.819051147017692785e-03,-9.864542217214458675e-02,1.325647384166218079e-01,6.051641935452382048e-01,5.277314197879717783e-01,-4.185575905303167144e-01,1.160397575466485254e-01,3.990415059504878736e-02,1.736599247525943690e-01,6.613849952216330763e-01,3.933659977729300206e-01,1.657359335129888200e-01,7.030894550653952191e-01,1.284796283297371111e-01,4.202279257528968581e-01,1.888519849877269285e-01,2.521810186638481222e-01,4.607520596179899286e-01,-9.038481890018469633e-02,5.824642227855216653e-02,3.441014019358076825e-01,5.791925839913372176e-01,2.890903303316927006e-02,2.149484737332026940e-01,1.024072830726556055e-01,2.453804496122953538e-02,2.777673000487658195e-01,1.914210647709624069e-01,9.399277359531785225e-02,2.013448116374334240e-01,4.455540466072713812e-01,-8.176448064288177608e-02,-5.046729014042651562e-02,3.588566061938779084e-02,-5.691932269328314059e-02,1.459796592565202056e-01,1.919041191443688066e-01,1.962446047440032093e-01,1.249771813466125786e-01,2.916031485435692239e-01
-2.747763025429893896e-02,2.791232707294862836e-01,9.376177518368111752e-01,1.193342191958411402e-01,4.735899084406499648e-01,-2.677221992735113743e-01,8.217038906932348785e-02,2.771997921193482539e-01,5.298528164607203550e-01,1.546291396397658502e-01,8.437227726171842024e-01,2.794183777998093809e-02,-1.074893517531712861e-01,4.523558598469817893e-01,5.453905771916032208e-01,-6.493863872640909252e-02,8.565497926487514180e-02,1.661418026315016616e-01,5.734300477058789092e-01,5.007714682525722383e-01,1.057212640347128113e-01,4.035740580335377414e-01,8.008602113707630199e-02,-2.054264717026515683e-02,-1.387880730339633717e-01,-8.524164451584319291e-02,5.070349974473217225e-01,2.116654049990094877e-01,1.537858621115666402e-01,4.744469886484750654e-02,-1.708128306419715373e-02,1.101757731384145622e-01,4.140570817556701311e-01,3.097990329896392336e-01,2.784711329392585144e-01,7.615941559557648510e-01,-1.611748920992438772e-01,5.064624808119132515e-01,5.077506500979020454e-02,1.460131508323616878e-01,3.886967685651427362e-01,5.046411568364468359e-01,1.103380135738264434e-01,8.942811734626623377e-01,-9.436257265589184651e-02,4.909513271873821444e-02,3.629668682479664787e-01,5.418585841065336473e-01,2.789671214430516355e-01,-4.370647814734159031e-02,8.309996164951277686e-02,7.542018747593191019e-01,5.624762171130096577e-01,2.680483586103393767e-01,5.057434522649078001e-01,2.413674979968895851e-01,-8.968196158036509380e-02,-1.349610531458112495e-01,-1.350307373492173543e-02,6.263624577221940104e-01,2.881498584824105369e-01,3.345747339063617209e-01,2.040615898658310057e-01,2.668069293908235592e-02,1.251270754416647368e-01,4.470956355268037585e-01,-2.026959462379851196e-01,-7.340809853729168832e-02,-4.474823440863677781e-01,-3.727691222967513540e-01,-9.967863490619537081e-02,-1.119286286102208657e-02,8.894869402448944695e-02,-5.845253736465538807e-02,-5.594059988634295794e-02,1.372617124532190536e-01,-2.448033359884947691e-01,-2.310405901127632888e-01,-5.122229523203185586e-01,-4.095993804879412004e-01,1.321310574177414487e-01,5.542513875628624076e-02,7.839396241298950130e-02,3.775929371761704151e-02
-2.419268415262459948e-01,-1.984038206368929358e-02,-1.011246585949502341e-01,3.796239944020364243e-01,2.074848393805341917e-01,-6.290931534167591710e-02,3.271152738635263457e-01,1.805584354009640569e-01,-1.024214326057218821e-01,-2.391291206817367648e-02,-1.122910586935352631e-02,3.106133329625010986e-01,1.010552608267690222e-01,3.153083991347335191e-01,-3.583129677510637351e-02,-5.010188622090595845e-02,-7.037778759209833979e-02,-2.007712679337491368e-01,-1.137140594417864470e-01,1.032024853851258583e-01,1.019453861442246312e-01,5.472311931843610450e-02,9.535869804946649209e-02,8.328147064623242501e-02,-6.006005889767282446e-02,1.629756250266864437e-02,-1.052166018252574144e-02,-3.921676902920857139e-04,-8.177137824444918879e-02,-1.691104059977155682e-01,2.532666842687572029e-01,2.564456492598791160e-01,7.237772169825526514e-02,7.135107088840079992e-02,6.249637338417974794e-03,-1.611748920992439327e-01,7.615941559557648510e-01,1.263214059777141018e-01,1.090873035068613828e-02,2.703679895929915200e-01,2.560926399235889384e-01,-3.757148703497097900e-03,1.974299046015503545e-01,5.018804325107536352e-02,2.441271572875786111e-01,8.144918564268491257e-02,2.459381445019881429e-01,5.805563595108345978e-03,-2.176050220416256634e-02,-1.274506710149535217e-03,-5.341724426451911756e-02,-1.235268274538632444e-01,1.967961977977681076e-01,5.638534046719043125e-02,6.458125996222806309e-02,1.572882792170640920e-01,6.001801483137933491e-02,-8.646280955885952968e-02,1.031450323013895776e-01,-4.540606154395582933e-02,5.945454504337276819e-02,3.232456336445482022e-03,3.048133807278346694e-02,3.598110749271128395e-01,1.652177555711383805e-01,3.253671729606286145e-02,8.733791967610332607e-02,-1.138406875833192916e-01,2.175586252743384394e-02,-8.723713203500374491e-02,-1.111391421801769808e-01,3.374962902564613842e-01,3.609681226906643059e-01,1.492798371590794981e-01,2.948013194325141417e-01,5.792677155708106373e-02,4.465794991439427791e-02,-1.442272508432008993e-01,-1.856058373508247608e-03,-8.378240583799566321e-02,-1.057904417079131715e-01,3.017133436754055320e-01,1.234495257528813311e-01,-1.480281752472574833e-02
1.378009968066420676e-01,4.282158622589185559e-02,4.799995185935430064e-01,4.009547902933482399e-01,8.841585447076844018e-01,-2.883422908905184170e-02,3.927307318709747364e-01,5.544084613690248436e-02,8.195410336861804756e-01,4.012895066771531294e-01,6.124335823809775592e-01,1.600051642529058959e-01,1.880982027648571142e-01,3.888448596045903094e-01,4.143605660702859295e-01,4.763684657826817992e-02,2.707024648233777864e-01,1.130479200039437304e-01,3.229351883427695746e-01,6.151524513113443282e-01,4.332767979991955509e-02,4.841010941346043372e-01,-1.978791576015707238e-02,-3.383485482828783170e-02,-7.920425562387670149e-02,-7.752736784308457245e-03,4.517951066205647126e-01,3.303385783298612433e-01,2.972895754466632345e-01,-1.644663634020966936e-01,1.550867951490568775e-01,2.124526366566296676e-01,4.698918989377279809e-01,5.543576991651640862e-01,1.277699452048494111e-01,5.064624808119132515e-01,1.263214059777141296e-01,7.615941559557648510e-01,2.626499738471757550e-01,5.602729593757014293e-01,1.383357545326898974e-01,9.020868149485029575e-01,3.305327944081631331e-01,7.046908948357148983e-01,7.872829087821260619e-02,3.766538438216308071e-01,6.024511158375792652e-01,3.930038712274849799e-01,2.754095511487849590e-01,1.935615054825755854e-01,7.866617864451197484e-02,4.280050207094284187e-01,6.068276836245202199e-01,8.400988352702279394e-02,4.568003222501468841e-01,6.336722535494142272e-02,-1.739438433300341258e-01,-1.342832456942824049e-01,-7.380647042914988132e-03,5.304722557208211287e-01,5.086788405006842373e-01,3.524313311052282849e-01,2.326069727483879579e-01,3.117592434515422672e-01,1.547536214762772755e-01,4.454084222844344465e-01,-1.203254181057593214e-01,-4.377747819058913636e-01,-4.080786341283094143e-01,-2.836951734607834341e-01,-1.359379456256295249e-01,3.296861227905273917e-01,5.430160364616518631e-01,1.954445014473395192e-01,1.309029314648619546e-01,1.145691429773167680e-01,-1.123508531918935849e-01,-4.111426948786799929e-01,-4.675603880338591312e-01,-2.843694297292342910e-01,7.170662294369109513e-02,4.321538544216785849e-01,3.519984655845035948e-01,1.854238571412055725e-01
2.664097575430900977e-01,-1.437120726187513242e-01,1.416179026804968988e-01,2.369121175559847636e-01,3.502158975496131865e-01,4.980524012420213809e-01,1.899457911071283575e-02,2.462432360842909118e-01,1.980820751608182162e-01,-1.942577574759119441e-03,8.122238889740981960e-02,2.049612378742986518e-01,2.452354995729393861e-01,2.090362676056776725e-01,1.276306591969387227e-01,1.450421154662621392e-01,-3.208129707160002619e-02,1.296049230066183000e-01,-1.839512258452846716e-01,2.220756122863800086e-01,6.349839794567438411e-02,1.342994219157296609e-01,2.436479330469286941e-01,-1.310115291379481961e-01,2.711466384373130423e-02,-5.122583900543612595e-02,2.961996718565487741e-01,3.678758590829507846e-01,1.044026010091223255e-01,-8.998875699948216678e-02,1.046676347283349157e-01,1.611367592231869456e-02,-3.340488813852467154e-02,4.447174844939463245e-01,-2.963530130083928404e-01,5.077506500979023230e-02,1.090873035068609144e-02,2.626499738471756995e-01,7.615941559557648510e-01,1.597860240359097739e-01,2.963706868458311772e-01,1.600399027739451974e-01,1.526296298400812157e-01,4.189262174944155537e-02,2.654894359169852058e-01,5.213221600238223674e-01,3.584284995378104188e-01,-1.886260171438859309e-02,2.983440110172195237e-01,2.519698987013579972e-01,2.867451765690827159e-01,-1.402821179080407654e-01,1.883040897549722870e-01,9.642573163729008245e-02,1.974172597163072473e-01,3.365101915706347202e-01,-2.260908900524946641e-01,2.871308398596203459e-01,3.096988610769376149e-01,3.214996236594849233e-01,3.380447749874685992e-01,1.321474721460732527e-01,4.034574024179478635e-01,3.406363478273347067e-01,-5.693442612222099353e-03,8.381822730985702408e-02,1.893838106613303374e-01,-1.291626072358026955e-01,-1.692668028639019440e-01,-5.849478848834477329e-02,-1.290487750673953993e-01,2.247867982413858934e-01,2.818316306120702622e-02,2.179389651113856213e-02,1.603885101854998496e-01,-2.331286738714733603e-02,6.910235542555392962e-02,-7.976454193425853989e-02,-2.102385349334402742e-01,-9.714472447005094435e-02,-3.117433787287499786e-02,3.818884317245823112e-01,2.407913027693761032e-01,-1.262471813278722987e-01
1.770457906543514981e-01,-1.088400136461812745e-01,1.193998725873211542e-01,3.805751362635434454e-01,6.432006436870504329e-01,-3.719706009444126611e-03,7.809446823228700651e-01,-1.199871003218182380e-01,5.150172458003429155e-01,4.154323419134978712e-01,1.795340744204057815e-01,7.218842532764196962e-02,4.280683211526228882e-01,2.741366976003289588e-02,4.292878753312657225e-01,3.966287867466609246e-02,1.946408608680605390e-01,-2.422644711033147130e-02,-1.260579401481664863e-01,6.070273911883907747e-01,5.093226509196525226e-02,5.245193475735793198e-01,-1.351869781495637912e-01,-8.214039965498577678e-02,7.756413350586441324e-02,9.134965251852830703e-02,6.368128815413772736e-01,2.518738513579475979e-01,4.227446540177626777e-01,-2.551740875086529470e-01,2.466208502727302854e-01,1.214411263959157272e-01,3.069480568006077714e-01,5.016895670993659628e-01,3.540602304164196246e-02,1.460131508323617155e-01,2.703679895929915200e-01,5.602729593757016513e-01,1.597860240359097739e-01,7.615941559557648510e-01,-1.701401532398290339e-01,5.716102421624801311e-01,4.912042912033875997e-01,2.273966910186721591e-01,1.865600346670008222e-02,6.103726021438193872e-01,1.610210955129649235e-01,3.566403690607891641e-01,3.174520152049880584e-01,2.100143606490699200e-01,9.535768019429879949e-02,-1.722570999177059498e-02,5.914723733788150861e-01,6.108953264858562465e-02,5.227504238940431369e-01,-1.410212723558639247e-01,-1.052728485802768982e-01,8.302656335960170719e-02,9.289085850817505041e-02,6.915429960139328758e-01,4.502516085055711104e-01,5.279945676159681911e-01,2.634051613706960837e-01,2.895407421897577827e-01,1.495721041484600611e-01,2.535345337095509799e-01,3.456110694764234076e-02,-5.052988653968275568e-01,-2.029648523393538795e-01,-1.711214391640356325e-01,-1.380553484950364784e-01,3.663216243901225022e-01,5.396102094788776116e-01,2.812388174057699475e-01,2.314747806953600107e-02,-3.422283810105219981e-02,-2.924672556805852502e-02,-4.648814558221580628e-01,-3.929756588598741218e-01,-1.556213458838167640e-01,-2.102205705883870290e-01,3.510006214877455233e-01,2.210934431611693840e-01,1.791682384551743779e-01
-2.907618069992784493e-02,3.170496436529350315e-01,4.820978501728004351e-01,2.378424707302914942e-01,1.357871251006752822e-01,7.065886623902586927e-02,-2.175360927616093454e-01,8.054317005053336365e-01,-4.614929696299522634e-03,-1.034973090450894001e-01,3.647682935951808703e-01,5.314914661251227690e-01,6.069206761571005471e-02,7.365639900673621732e-01,3.601946039531193633e-01,-7.057389948736990382e-02,-2.421220467921146868e-01,-1.043160116653130132e-02,2.202432928715480909e-01,1.037028935231788657e-01,5.360742773086728530e-01,1.364434656668616630e-01,6.437829677021665864e-01,3.917732035565775206e-01,-1.576680664569989343e-01,2.207552713775452757e-01,1.195321680544013110e-01,2.806794946623822895e-01,-1.420655601550201985e-01,9.337990304630081062e-02,1.832548281957176728e-01,2.458906389605213516e-01,1.891636409288634801e-01,1.167347242253445605e-01,1.409852404746372301e-01,3.886967685651426252e-01,2.560926399235889384e-01,1.383357545326898974e-01,2.963706868458311772e-01,-1.701401532398290339e-01,7.615941559557648510e-01,4.466679992875628030e-02,-1.955864284110927706e-02,3.767662963806414633e-01,5.685153873867891949e-01,7.848925893533155451e-02,4.982330885428448153e-01,3.075393249916621441e-01,8.863884248023955192e-02,-2.635560256106888599e-01,-3.787911750020772628e-02,3.036103800968409372e-01,1.476567664618226305e-01,4.368897245207171709e-01,1.736210933144314850e-01,8.036917978740047985e-01,2.316528545135735362e-01,-1.590063802454778075e-01,3.569644403078904848e-01,1.224269204305730163e-01,3.030352336234985455e-01,-3.634653228770863553e-02,1.934629073136582833e-01,4.084178851177082126e-01,2.832834337579878126e-01,2.964807412911946161e-01,-1.074334733385117098e-02,9.884237533461642800e-02,-3.687991807210609374e-01,-2.412407595244078495e-01,2.256522990812168811e-03,2.545124309451911593e-01,9.122401269564327231e-02,-3.957003725150166906e-02,2.393230855280284730e-01,8.994244037399394542e-02,-6.797872571649663312e-03,-1.020909134846093996e-01,-3.442243283354292638e-01,-2.228504126165589960e-01,1.177555299247738108e-01,3.429608086451923499e-01,2.231712248531827203e-01,1.683122426615739006e-02
1.321526960099727033e-01,8.484153870814518938e-03,4.472298762539763106e-01,3.567863200472040086e-01,7.604943566668107557e-01,-1.340696541994549351e-01,4.157044613153193513e-01,-6.468550707628385743e-02,9.070313208100245772e-01,4.108020623431952179e-01,5.490680000463682431e-01,1.122058182772857522e-02,1.654711655455824992e-01,2.783424797456095501e-01,4.217325235062184818e-01,-1.146457074046395158e-01,1.937084688370774022e-01,9.916321670573610692e-02,2.726101932305264319e-01,6.138459741525829072e-01,-1.869709198938726211e-02,4.329805247221822917e-01,-1.104147102491451760e-01,-6.103619674531191031e-02,-6.401830667333104075e-02,-9.922565517063275387e-02,4.800862612284625963e-01,3.042560251894249057e-01,2.633744779958310800e-01,-1.928767267444345679e-01,7.049367620913496446e-02,1.446312869395133538e-01,4.998829952913230179e-01,5.113289787552952603e-01,1.214875506543340034e-01,5.046411568364467248e-01,-3.757148703497104839e-03,9.020868149485029575e-01,1.600399027739451974e-01,5.716102421624801311e-01,4.466679992875628724e-02,7.615941559557648510e-01,3.060569379748836472e-01,6.484619070592891887e-01,-6.419336800635283558e-02,4.078717294850909281e-01,3.681602023187857675e-01,4.703800836960895793e-01,2.795426887508879465e-01,1.766051311763337794e-01,1.252777097896582703e-01,3.869780375384959670e-01,6.267990432209314955e-01,1.226171195255208457e-01,4.535433531675812091e-01,-7.624133375264596259e-03,-1.186314626679900036e-01,-6.266860041038624374e-02,-3.340510427870357207e-02,6.097344618542352990e-01,5.008071017003590253e-01,4.115308129244842905e-01,2.360603907788739186e-01,2.064042434726589270e-01,1.596656143627440405e-01,4.590608427145039805e-01,-1.028310872748950666e-01,-3.955772642338001299e-01,-3.903936146596337919e-01,-3.361505128964369926e-01,-2.302912887493327454e-01,2.748986722485151080e-01,4.522724634658307763e-01,1.692901394352450406e-01,1.181475149660918961e-01,1.178140898740860643e-01,-1.160300503539714451e-01,-4.150262946682930498e-01,-5.075067456780121278e-01,-3.205720421884782345e-01,-3.768489199285337404e-02,2.778775293638572896e-01,1.941868587180611561e-01,2.374099812609742621e-01
-5.475988560019760115e-02,1.038492113214862789e-01,6.290723760280422794e-02,1.100095664043613392e-01,3.006982089401338265e-01,-2.417977588365867181e-01,4.338667809914261153e-01,3.709945762605510291e-04,2.659053739160696650e-01,6.210893283197072012e-01,2.715233795964729913e-01,2.392542125262366037e-01,1.966946018109348437e-01,2.541280690200766745e-01,4.259706378891759959e-01,1.664749079296684864e-01,4.570404560408958261e-02,2.734106968195244569e-01,8.173970923224313512e-02,5.108478280768566915e-01,4.277602324604756756e-02,4.024035956314820917e-01,-7.827976885691695363e-02,2.167970542325942662e-01,1.601776110103842465e-01,1.327416551997922523e-01,1.180141662444082473e-01,2.219047590253670488e-01,2.617744786771578624e-01,-3.090781798633098210e-01,4.263407927196291580e-01,1.036919437897842744e-01,4.559767608818457441e-01,2.306796871815772476e-01,1.839773283855136443e-01,1.103380135738264156e-01,1.974299046015503545e-01,3.305327944081630775e-01,1.526296298400811602e-01,4.912042912033875997e-01,-1.955864284110927706e-02,3.060569379748836472e-01,7.615941559557648510e-01,3.136278451222616614e-01,2.189857813109766793e-01,5.140405212799703527e-01,2.588372900155838652e-01,4.283178960877300767e-01,3.561531187334529003e-01,3.877782333992050856e-01,5.402549597541737025e-01,1.246128574195314170e-01,4.860519895916198263e-01,2.400942048254904870e-01,3.764251102654760373e-01,-1.250664949026946728e-02,2.539510847838070684e-01,4.530835426144185774e-01,3.847367631706421487e-01,2.216948300047107412e-01,4.250550450871452002e-01,3.735528353586479167e-01,2.209113584480478232e-01,3.776709800895984293e-01,3.395180184332584061e-01,4.219557466890235253e-01,2.621163927459546072e-01,-4.776286296824417410e-01,-1.757787233670609836e-02,-1.531724645471271296e-01,3.747793538888014031e-02,2.923641579536991331e-01,2.509874253880445272e-01,3.848799850191413352e-01,2.316502945171579064e-01,-1.860648547691160504e-01,8.828034118456798418e-03,-3.668280001194267337e-01,-2.000306852824772219e-01,-2.121188527767867704e-01,2.283285444722714386e-02,2.612530001217837072e-01,1.300660611808706901e-01,3.948371653244384660e-01
-4.148440414379426372e-02,2.346733329741788887e-01,8.453942035957202616e-01,2.224621881782524735e-01,6.517842733610287320e-01,-2.843020684251202912e-01,1.831006637419976546e-01,2.208901436556552356e-01,6.563328052246683031e-01,3.267335695780346771e-01,9.431781012702667999e-01,7.233420394192340008e-02,2.184993130771971728e-02,6.018751774283246370e-01,5.479797749598194212e-01,1.242035591887634578e-02,1.771265143203482606e-01,2.287894741793136677e-01,6.471496531525572360e-01,5.230019054391962241e-01,9.274404167934788279e-02,4.182592154934849926e-01,6.792312185217011435e-04,4.235640736347022137e-03,-7.575567165360802546e-02,-4.738472305152923586e-02,4.110220547922743273e-01,2.560462689564210192e-01,1.968639746487267639e-01,1.079350772917848401e-02,3.541209584106821961e-02,1.831909541133195929e-01,4.528133194426136043e-01,3.225421115873663980e-01,2.329802191765052433e-01,8.942811734626623377e-01,5.018804325107532188e-02,7.046908948357147873e-01,4.189262174944152761e-02,2.273966910186721591e-01,3.767662963806415743e-01,6.484619070592891887e-01,3.136278451222616059e-01,7.615941559557648510e-01,-1.995464880448265949e-02,1.643630829495438261e-01,5.723528622769494811e-01,5.592644090097529386e-01,2.638123239831099975e-01,1.326682609021052617e-01,1.439566629452649904e-01,7.875728589338018004e-01,5.971169829094827852e-01,2.070051522899335750e-01,4.543036600857696117e-01,1.685980162712329145e-01,-9.657591458757827652e-02,-6.260806179593543519e-02,1.128935589956111402e-02,5.321457333283677871e-01,3.439347838217917119e-01,3.114290385139574791e-01,1.980051554577463291e-01,1.467757234065110716e-01,1.823816602792373565e-01,4.646600023902514032e-01,-1.170295848779313169e-01,-2.206082251922437398e-01,-3.751926531136174359e-01,-3.294373482822541277e-01,-1.442920157546583315e-01,1.033854846752862017e-01,2.564770704297758552e-01,5.945318520522431538e-02,3.948949471735874878e-02,1.068696975957457856e-01,-1.809282817293500767e-01,-3.557966956817760207e-01,-4.613452568754353167e-01,-3.909855744172264225e-01,1.731738277500887158e-01,1.339403170061826687e-01,9.188911411038196142e-02,1.409454450818981575e-01
-2.933958696492476245e-02,4.915243867699310536e-03,-1.489167782055968170e-02,1.463263228109883407e-01,4.306332751728450536e-02,2.042760638002266704e-01,1.171009966168383293e-01,6.283975792410320116e-01,-1.647560679354908020e-01,1.340355128681732511e-01,1.285893988020684990e-02,8.870813788857964122e-01,2.951425112759953340e-01,4.970620818034193200e-01,1.532038581987261172e-01,-2.761679948358659875e-02,-1.380298301709899922e-01,2.011008876781906693e-02,-4.920555729650546301e-02,8.095591776429773845e-02,3.160267004535580737e-01,4.858187450096899951e-02,5.431220550062254571e-01,6.286521425242065364e-01,-9.087838304087242358e-02,5.061975221895842481e-01,-6.577100351531500744e-02,3.096410676497417525e-01,-2.448348264591317103e-01,-1.265121994660432514e-01,2.931528628586207996e-01,1.326075239410426099e-01,8.822390381333282405e-02,1.043897161494359294e-01,-8.819051147017706663e-03,-9.436257265589183263e-02,2.441271572875786666e-01,7.872829087821264782e-02,2.654894359169852058e-01,1.865600346670004753e-02,5.685153873867891949e-01,-6.419336800635282170e-02,2.189857813109766793e-01,-1.995464880448264908e-02,7.615941559557648510e-01,2.354369724611333481e-01,3.194430830238825791e-01,3.640908709360928669e-02,-2.482282728853155498e-02,-3.662787340004164394e-02,-6.744778037422345662e-02,7.508195811015519125e-03,8.980409822806362241e-02,2.023142445818161550e-01,2.962878304921729919e-02,5.754793807054209287e-01,4.369010264096032103e-01,-9.153830195766557432e-02,5.745808278664755742e-01,-1.130493917633245693e-01,3.438452992489626769e-01,-1.550167400679678398e-01,1.102042784889009502e-01,4.433922373371180781e-01,1.664625804404126774e-01,1.230455360685576149e-01,1.625371193021411809e-02,-1.993407779080300091e-01,-1.565646992410198446e-01,-2.124183471028333881e-01,-1.193185367241349354e-01,5.438517290570911156e-01,2.468501153581533214e-01,1.806947962000390873e-01,2.535392273226101945e-01,-2.112831340674861391e-01,6.511069105608920105e-02,-1.990381096557030383e-01,-2.776318704081570110e-01,-1.695119073356189665e-01,-1.433664261790936756e-01,5.489529222962522548e-01,2.879872786932761719e-01,1.346990962910646072e-01
3.991586238679717402e-01,-1.271759298018221573e-01,9.284286886334769395e-02,3.059892152546965227e-01,3.671404642672903007e-01,1.889717371658642397e-01,4.474801513530656805e-01,4.470431694714742388e-02,3.230876906879520116e-01,3.633783835331197976e-01,1.490684182477621245e-01,1.955076223005159652e-01,5.770844690439611568e-01,1.368819383730011940e-01,2.906967416427185813e-01,7.045866629094912903e-02,-3.038001130417560241e-03,1.691310367930062841e-01,-1.363171310119925816e-01,4.376615830148542496e-01,1.102186258027712945e-01,3.462177650363966186e-01,5.866522683079415657e-02,-4.245835023669296271e-02,2.216622604885794545e-01,1.597738335190813652e-01,3.956784937883292552e-01,4.685380954447505020e-01,3.511537028039380948e-01,-7.995013215106699933e-02,4.405714796739737538e-01,8.035928766023880954e-02,1.429193324037688062e-01,6.291483556641623842e-01,-9.864542217214457287e-02,4.909513271873820056e-02,8.144918564268488481e-02,3.766538438216308626e-01,5.213221600238223674e-01,6.103726021438193872e-01,7.848925893533154063e-02,4.078717294850909281e-01,5.140405212799703527e-01,1.643630829495438817e-01,2.354369724611333481e-01,7.615941559557648510e-01,1.667038700237366833e-01,2.551072398436459721e-01,3.677527859777255381e-01,3.918370408560927221e-01,3.774654624911799039e-01,-1.700703763100248206e-02,3.794425508546375170e-01,1.471495337752867505e-01,3.635598681618363304e-01,8.694216447348995791e-02,-5.342363630911590305e-02,4.513168277719670773e-01,4.746638713664020903e-01,4.348874370667367706e-01,5.829558327614930979e-01,3.764943311105815038e-01,3.939957531525147272e-01,4.756670567270038785e-01,1.512273361409407491e-01,1.706473017120014035e-01,3.847965538332926427e-01,-3.618390970634509096e-01,-2.275385500042700904e-01,-2.051544347041099892e-01,-1.171936314395832929e-01,2.223871736901663898e-01,2.862523592456839294e-01,1.432852205914980637e-01,6.901750857146095319e-02,-9.791588541358047307e-03,2.260314399568888744e-01,-3.865276606172725615e-01,-3.503356378063943177e-01,-2.421041628336312035e-01,4.487285449531938641e-02,3.006499242722600607e-01,9.328576895484018416e-02,6.925766118654005932e-02
2.977767613076436927e-03,1.330488880140457686e-01,4.145501312798436366e-01,2.337344637999333730e-01,6.779872774608712849e-01,-3.748177135655680198e-02,9.966418080427512372e-02,3.455413539146842128e-01,4.424286525420482730e-01,1.639460446460104248e-01,5.559632302584711638e-01,3.158178444023120313e-01,-2.631712145220017202e-02,7.594871341486806315e-01,4.867444958589756676e-01,1.946787162633477897e-01,6.733968356347502793e-02,1.470265284047862220e-01,4.316924968569303411e-01,4.209380585559053256e-01,2.114906658598041944e-01,4.884826631207518366e-01,2.299975485592654911e-01,7.316079146525429622e-02,-2.508938929893562986e-02,1.965808411011401857e-01,3.705302070585030361e-01,2.009181406698460348e-01,1.189716157471083918e-01,-2.372810832891689981e-01,1.236965427510438309e-01,1.282733497453136529e-01,2.160809981308035588e-01,1.968998568516866776e-01,1.325647384166218357e-01,3.629668682479665343e-01,2.459381445019881984e-01,6.024511158375792652e-01,3.584284995378104188e-01,1.610210955129649513e-01,4.982330885428448153e-01,3.681602023187858230e-01,2.588372900155838652e-01,5.723528622769494811e-01,3.194430830238825791e-01,1.667038700237366833e-01,7.615941559557648510e-01,3.748295425161142780e-01,2.087431649347713247e-01,1.038555608085245385e-02,1.047116770075221109e-01,3.739298302250549377e-01,3.436099643146880434e-01,1.117034812740219374e-01,3.398167854377681096e-01,3.772239097441113520e-01,-1.294944542719363434e-01,-6.258901810988107273e-02,2.833899025006358929e-01,4.315213193943511216e-01,2.848434358614072570e-01,1.276672026968442009e-01,9.947284303226010260e-02,2.603973983252524382e-01,9.024792765986729137e-02,2.735240014986465851e-01,1.069440489856429144e-01,-1.912410540637393686e-01,-2.197884275483341088e-01,-3.942290151087272931e-02,-9.727507738175895924e-02,3.121838588975983653e-01,3.462492142926347216e-01,2.257086651573382563e-02,1.514654311072600734e-01,1.049254875842010326e-01,8.163921627496856757e-04,-1.551788011210139540e-01,-2.543476138786450180e-01,-7.556982642616813517e-02,1.250687668644560185e-02,5.046627280749897970e-01,3.507814573325421237e-01,4.651410676294571306e-02
1.442580450557239165e-02,5.067857005856075681e-01,5.312906304245753608e-01,1.991815471082487576e-01,4.083795311998434374e-01,-3.067608387729833797e-01,3.597045440398218275e-01,2.538235786564089214e-01,4.142230508021539914e-01,2.639187035966156780e-01,4.871316700408919176e-01,1.076659718719218117e-01,1.534834905009284101e-01,5.687634730146209350e-01,9.008846684024159890e-01,2.213640286600677271e-02,-2.279946817322185681e-02,1.064881154727684576e-01,2.762370468845418703e-01,6.693373439821606041e-01,5.631901867745539025e-01,7.368070326200408804e-01,2.065571289833852686e-01,2.278509445441869175e-01,-6.011107824933734078e-02,2.140951778530335303e-01,5.253232012241757509e-01,2.070482060006509639e-01,5.558796973981587897e-01,-2.257237270633010162e-01,5.315202102684514485e-02,3.267377095715119917e-01,6.491028160345020392e-01,2.626615454192631760e-01,6.051641935452382048e-01,5.418585841065336473e-01,5.805563595108363326e-03,3.930038712274849244e-01,-1.886260171438860697e-02,3.566403690607892751e-01,3.075393249916621996e-01,4.703800836960895793e-01,4.283178960877301322e-01,5.592644090097529386e-01,3.640908709360930057e-02,2.551072398436458055e-01,3.748295425161142225e-01,7.615941559557648510e-01,5.335782840776361891e-01,-7.235121106328690210e-02,2.333073905097086953e-01,4.528043748926825485e-01,6.057273378801589780e-01,6.832227470501547328e-01,7.886583739504134938e-01,3.272185837887945370e-01,1.739068323002865846e-01,1.252212715180950862e-02,3.714574685113288810e-01,5.424602613020211850e-01,4.232750403847965193e-01,6.525415656437802969e-01,-5.244000894662539242e-02,2.092537529422650033e-01,4.399109313683917666e-01,6.874626894607277494e-01,1.334393510040601527e-01,-1.751090750564550103e-01,-2.916823875124736620e-01,-2.913509595733849156e-01,-5.257924037678200768e-02,1.860648492567072709e-01,3.318695474894781117e-01,7.304290640098531906e-02,1.105079878200957155e-01,-1.448293798102773082e-02,1.388265648405875574e-01,-2.502915997999503595e-01,-3.929696397044240563e-01,-1.921608069078767911e-01,9.529560105287737670e-02,1.909432981500638615e-01,2.210588012546257364e-01,1.298282987330923732e-01
1.962875756374374836e-01,4.615993139302825288e-01,2.444067117351824969e-01,2.774499498143958576e-01,3.192776721545647622e-01,-3.383814717465358918e-02,1.480556855845060749e-01,4.055139541466951103e-02,2.633919055539569731e-01,1.143293277922027701e-01,1.432855903320024438e-01,6.208711638077440281e-02,1.595059446001975134e-01,1.551071843018559382e-01,4.527179795640782767e-01,1.855765667670626617e-01,-2.713131676809947199e-02,2.724459004454208300e-01,-7.488505900633528334e-02,3.220214337862169485e-01,3.353493972925988276e-01,4.183594938963277610e-01,5.674091824131380357e-02,1.315996036812624170e-01,-6.013051990442456335e-02,3.412681481906998382e-02,3.142017511164053589e-01,1.046162111625881519e-01,4.090758409716758748e-01,-3.207623346543406195e-02,1.185380362902125305e-02,1.602363678663685786e-01,4.021540978165222824e-01,4.304886908126256961e-01,5.277314197879717783e-01,2.789671214430516910e-01,-2.176050220416255940e-02,2.754095511487849590e-01,2.983440110172195237e-01,3.174520152049880584e-01,8.863884248023956580e-02,2.795426887508879465e-01,3.561531187334529003e-01,2.638123239831099975e-01,-2.482282728853155498e-02,3.677527859777255936e-01,2.087431649347713247e-01,5.335782840776361891e-01,7.615941559557648510e-01,5.984178420109807078e-02,6.517125376485437549e-01,7.854450937051540849e-02,3.352436029653369509e-01,5.736919641351716503e-01,6.074200288037570061e-01,1.305878972566134888e-01,1.632608412848600143e-01,3.794221609686971863e-01,4.674302225765293861e-01,4.348631665606683683e-01,3.005110550125515423e-01,7.079310095233728450e-01,1.258515383538286181e-01,1.232989433137384773e-02,2.721908257066097403e-01,4.660755903868043504e-01,1.538131156683400502e-01,-9.451147323054309712e-02,1.253220606313195096e-01,4.782859584849677437e-02,3.086289972805784931e-02,2.441651948342571654e-01,1.771545945057536320e-01,-1.151965598297305209e-02,1.532034130920509052e-01,6.856222585787336010e-02,-1.062413164067486926e-02,-4.336254224063935264e-02,3.456270462034682911e-02,1.616183321193165046e-01,2.652651210964180328e-01,3.379158637442029600e-01,2.070847359515633201e-01,1.262370494853514713e-01
5.873638086397243302e-02,-4.217554051717942731e-01,-4.272807807297568372e-02,-3.194725026442354898e-02,1.546865737050101275e-01,7.811295177649699162e-02,1.736121932401494539e-01,-2.806413959227646582e-01,1.647664074894031883e-01,3.639302636555851733e-01,1.784292164029383509e-01,-1.043846872386542113e-01,3.121240314170626862e-01,-5.212512772288275392e-02,-2.489859271750591643e-02,2.186769996971077157e-01,5.564620155288541037e-01,3.324231964608497236e-01,1.259904705673463576e-01,2.677707992219519051e-01,-2.997406351087095744e-01,8.440664460394425861e-02,-4.636776239940963995e-01,-4.769010482979508803e-01,2.364558429754035074e-01,-9.584424017758010061e-02,-5.200258711553126106e-02,1.165570709858069764e-01,1.391143322734567644e-01,-2.570147954157355197e-01,6.949838805532684849e-02,1.082910662638626037e-02,-4.144237955892627473e-02,1.846474614070528208e-01,-4.185575905303167144e-01,-4.370647814734156950e-02,-1.274506710149576850e-03,1.935615054825755854e-01,2.519698987013579417e-01,2.100143606490699200e-01,-2.635560256106888599e-01,1.766051311763337794e-01,3.877782333992050856e-01,1.326682609021052894e-01,-3.662787340004172720e-02,3.918370408560926665e-01,1.038555608085245385e-02,-7.235121106328692986e-02,5.984178420109807078e-02,7.615941559557648510e-01,4.871960796981663067e-01,7.363934996846038805e-02,2.530559678295122850e-01,-2.051953513555157815e-01,1.865222135344102306e-02,-4.030805799514289300e-01,-4.371226770763765312e-01,4.327969992090949791e-01,5.159915539169857707e-02,2.235733319750447205e-03,1.493381354383706283e-01,6.635788931312747163e-02,9.351281438418942993e-02,2.494909409803833245e-02,8.169427784295607564e-02,-3.205042024535797313e-02,2.165474220773631053e-01,-3.875726768444247572e-01,1.717692056198541137e-02,-2.780628576561119947e-02,-4.387919101447269876e-02,7.787655348749172868e-02,2.267744099327206608e-01,6.217827622172759222e-02,-1.167510844223137306e-01,-1.241678559415632099e-01,1.102684613551898896e-01,-3.016954723635409397e-01,-6.640386514444852895e-02,-2.310968072764819914e-01,-5.249249875826068196e-02,1.911899024578571707e-02,-1.638493538711274233e-01,-4.805116402270592779e-02
2.616989618272531071e-01,1.569209328569597384e-01,5.609874647411351722e-02,8.654875719303869314e-03,8.684035492750417917e-02,-7.674283826673429509e-02,-1.905178996221806517e-02,-9.159175392078595934e-02,8.569706217345939014e-02,2.649458413648976274e-01,6.889816457824116114e-02,-1.490942141138414667e-01,9.135841083479025182e-02,4.053372927575261964e-02,1.769016453149042101e-01,2.815796727914045561e-01,8.554824159730399502e-02,4.457754617181673984e-01,-9.550441026825565172e-02,2.560265065650411676e-01,8.065173003166406507e-02,1.758201208351138911e-01,-2.205262816115955149e-01,-5.989044139925444460e-02,7.651356671314600566e-02,-1.518207197393844077e-01,8.091863286000172684e-03,1.401768026036250281e-01,2.281098168104099544e-01,1.077769671487337384e-02,1.050862109527373467e-01,4.073555507132470277e-02,1.409161456710366356e-01,3.725655348810948952e-01,1.160397575466484976e-01,8.309996164951274911e-02,-5.341724426451912450e-02,7.866617864451200259e-02,2.867451765690827159e-01,9.535768019429877174e-02,-3.787911750020772628e-02,1.252777097896582703e-01,5.402549597541735915e-01,1.439566629452649904e-01,-6.744778037422348438e-02,3.774654624911799039e-01,1.047116770075220832e-01,2.333073905097086675e-01,6.517125376485437549e-01,4.871960796981663067e-01,7.615941559557648510e-01,-2.369963812640266468e-02,2.287936421815977284e-01,2.569996314565214379e-01,2.743395318389652560e-01,-9.895326197726939110e-02,5.368255294941384065e-02,5.864078015206103389e-01,3.208532372217918760e-01,9.329652485916642424e-02,1.901595281723201247e-01,2.893617209424950709e-01,3.021657035239556643e-01,-5.312291099038637249e-02,1.279892025068285477e-01,2.046404878413694006e-01,3.295013101899308960e-01,-1.324792182579598299e-01,1.389568116691742850e-01,2.989543016124702156e-03,-9.515665324951825405e-03,-6.085911632468553323e-02,-7.083312975982056225e-02,2.885535073398655045e-03,6.554758104717560430e-02,-4.670716175045322438e-02,9.214876910215825945e-02,-6.938259400251318987e-02,5.730081448505823516e-02,-4.087421415751363307e-02,1.870861296171486554e-01,5.085926740996881551e-02,-9.427507011596041042e-02,1.193577615320329938e-01
-3.778027966261681553e-02,3.416109336869469632e-02,6.921270521465358039e-01,1.371510981702774024e-02,3.411585070935936326e-01,-1.956412834225774722e-01,7.775314765686576479e-02,2.794416650341974839e-01,4.053715824446201821e-01,2.129238074764098487e-01,7.910166678129296747e-01,7.827671487215870361e-02,9.032550735512293039e-02,5.146241122994110739e-01,4.506400019262650214e-01,5.712699254177941617e-03,2.668516356526499100e-01,2.345387736025534020e-01,8.268728363047367358e-01,3.207818195644702164e-01,-9.032892539562858633e-03,2.708046763976088567e-01,-2.577998300003379525e-02,-1.112433001997365917e-01,-1.107657423572106226e-01,6.950625499821806719e-02,2.490868899871871156e-01,2.054318738997577276e-01,4.551223272300279621e-02,9.360299641891713096e-02,7.390892533857064406e-02,1.109748412609836837e-01,2.037017121733904201e-01,7.865881485711768983e-02,3.990415059504873185e-02,7.542018747593193240e-01,-1.235268274538632166e-01,4.280050207094282522e-01,-1.402821179080407932e-01,-1.722570999177059498e-02,3.036103800968408262e-01,3.869780375384960225e-01,1.246128574195314448e-01,7.875728589338018004e-01,7.508195811015542544e-03,-1.700703763100248206e-02,3.739298302250549377e-01,4.528043748926825485e-01,7.854450937051540849e-02,7.363934996846044356e-02,-2.369963812640265080e-02,7.615941559557648510e-01,4.172784612919873126e-01,1.408109986481538914e-02,3.319755313041128919e-01,8.467302896051463745e-02,-2.105482731164291521e-01,-2.862163274931151524e-01,-5.851387563489730131e-03,3.131313364762948193e-01,1.867028403814000315e-01,7.103354536358379157e-02,1.972137930417781349e-01,2.528753668494673063e-02,2.295295598238238644e-01,1.417732021281105093e-01,-1.872368376626648567e-01,-2.506638311363477145e-01,-5.455866782356039169e-01,-4.931703287190543628e-01,-7.858808084389107274e-02,-3.290309484978517357e-02,1.977001873741320304e-01,-1.391728701493320230e-01,-2.695466728770222475e-02,-1.922627759455539098e-01,-1.521606313521117193e-01,-4.235881585236285218e-01,-5.809870953419603579e-01,-5.383840148942119486e-01,1.857048474486142076e-01,5.423898999875977067e-02,6.841380982058518044e-03,-1.382502932238579563e-01
1.409976069172668989e-01,1.142982012880365966e-01,5.538792434261511355e-01,3.585283961052099233e-01,5.730729717354391406e-01,-2.834709300278973488e-03,5.350952469273942969e-01,1.946157365723985844e-01,5.737067829461457436e-01,4.346378318148946263e-01,5.198852870442379759e-01,2.479503596876677096e-01,3.382848583199892789e-01,3.419598825798964015e-01,5.066070481085571675e-01,-1.894323945098848674e-02,2.687981956298406971e-01,1.874852053310430700e-01,2.428226868354483592e-01,8.880778225690937333e-01,1.343874662562873357e-01,6.624425351986927835e-01,-6.078478636425307252e-02,5.721078238410137740e-02,-9.742193988358549550e-02,7.353567160854757555e-03,4.556366364372639310e-01,3.597497766894354743e-01,4.768260554770812898e-01,2.184949768848002891e-03,6.935789105045135627e-02,5.015548234203810463e-01,6.188552222910946865e-01,4.454267494767230051e-01,1.736599247525943412e-01,5.624762171130096577e-01,1.967961977977681076e-01,6.068276836245202199e-01,1.883040897549722870e-01,5.914723733788148641e-01,1.476567664618226861e-01,6.267990432209312734e-01,4.860519895916198818e-01,5.971169829094827852e-01,8.980409822806362241e-02,3.794425508546375170e-01,3.436099643146880434e-01,6.057273378801590891e-01,3.352436029653369509e-01,2.530559678295123405e-01,2.287936421815977006e-01,4.172784612919872571e-01,7.615941559557648510e-01,2.766360714777781338e-01,8.288480799084031458e-01,-1.058074735730766061e-02,-3.135747507804684947e-02,-1.041648068119765957e-01,2.783400903809935337e-02,5.205674568123304091e-01,5.799709004533069034e-01,5.747390393067538517e-01,1.955350463744706113e-01,2.440144083182765322e-01,4.925533693918884293e-01,6.962598372943650249e-01,2.932423559459443330e-02,-3.302400305404457059e-01,-2.753215848803319266e-01,-3.842520439839045565e-01,-3.100675213085251070e-01,4.240468162133300689e-01,3.518738177938527945e-01,1.759702413948601440e-01,-7.552332950249567023e-02,1.818200406766664889e-01,5.019638448779245588e-02,-4.012173523407905895e-01,-3.788346578702509460e-01,-3.249396688362008456e-01,1.368784893760469079e-02,3.888043095220449774e-01,2.594395322166140883e-01,2.246906405522368089e-01
-2.815975061848775829e-02,6.673143390870748259e-01,2.930849216042296645e-01,1.123439772525352126e-01,1.107548244091048489e-01,-2.051630335226000967e-01,-3.084276270677998796e-02,4.344724723683344725e-01,4.774178153499594734e-02,-1.083822359014545433e-02,1.247638400605170089e-01,2.394671852274214696e-01,4.343700345529812913e-03,3.625138587291807379e-01,6.258800789784111362e-01,5.430338259137503648e-02,-2.410725159859323230e-01,4.457234499306918923e-02,-1.871235788980425141e-01,3.245373513892884643e-01,7.245611929415012309e-01,4.161068916573232301e-01,4.521124251859707788e-01,4.750801676290923314e-01,-6.092784444244428443e-02,1.793860909392932801e-01,2.242666698245179280e-01,2.015732783477267032e-01,3.034651957745608808e-01,-2.072481355019695493e-01,6.966083782887219633e-02,4.036629617412229032e-01,6.414937646729432785e-01,2.482186816616144265e-01,6.613849952216330763e-01,2.680483586103393767e-01,5.638534046719038961e-02,8.400988352702273843e-02,9.642573163729013797e-02,6.108953264858562465e-02,4.368897245207171709e-01,1.226171195255208596e-01,2.400942048254905425e-01,2.070051522899335472e-01,2.023142445818161550e-01,1.471495337752868338e-01,1.117034812740219374e-01,6.832227470501547328e-01,5.736919641351716503e-01,-2.051953513555157538e-01,2.569996314565213269e-01,1.408109986481538914e-02,2.766360714777782448e-01,7.615941559557648510e-01,4.828971527663668550e-01,5.150745897786551675e-01,5.135210254342605918e-01,2.764464571831547479e-01,5.658014533925571632e-01,2.879225738494269882e-01,3.531275322679343076e-01,5.610046773390129360e-01,-2.715092439664925500e-02,1.513143950232616608e-01,4.735379107849189695e-01,6.497104182887402102e-01,5.485184118966067446e-02,5.899532638869595808e-02,-8.206839295572113113e-02,-1.269912775971710761e-01,1.954663687586447318e-01,2.902742344673886477e-01,1.039612955392878874e-01,1.311697649132414212e-01,3.753994885732027664e-01,-4.925792019960171381e-02,-7.579601992646954264e-03,-3.420474299969533671e-02,-3.152716976274235750e-01,-5.149284165190688711e-02,2.379898276656420841e-01,3.477666646593318145e-01,1.708685672301222258e-01,1.725328989241639577e-01
1.575542462163095625e-01,3.010206308292186494e-01,4.978734067080695658e-01,3.536762017747671072e-01,5.200303308598025476e-01,-7.297447881419936999e-02,4.618478318653451709e-01,1.989164267114550966e-01,4.713572336103486471e-01,2.715523179136797305e-01,4.082630749166451523e-01,1.747366890790872651e-01,3.004534749884754108e-01,3.592376340403171109e-01,7.288148803352991756e-01,6.841853363478060668e-02,8.706887233309303087e-02,1.722167073588694863e-01,1.934238509471218337e-01,7.831746541985604715e-01,3.813874135927013409e-01,8.313737191301476814e-01,-3.245749711506374247e-03,1.232715193384619490e-01,-1.800785893488851264e-01,1.105985199302895322e-01,5.330607258785844405e-01,3.810975315609702596e-01,6.145067306202135482e-01,1.134421172229970083e-02,2.777787209246923572e-02,4.822202584514160284e-01,5.921177952739261618e-01,4.485945661148217911e-01,3.933659977729300206e-01,5.057434522649078001e-01,6.458125996222806309e-02,4.568003222501468841e-01,1.974172597163072196e-01,5.227504238940431369e-01,1.736210933144314850e-01,4.535433531675812091e-01,3.764251102654759817e-01,4.543036600857696117e-01,2.962878304921730960e-02,3.635598681618363304e-01,3.398167854377681096e-01,7.886583739504136048e-01,6.074200288037571172e-01,1.865222135344102306e-02,2.743395318389652560e-01,3.319755313041128919e-01,8.288480799084033679e-01,4.828971527663667440e-01,7.615941559557648510e-01,7.288903755241404880e-02,4.839963052100502983e-02,-1.073993506025380934e-01,2.948450176610308282e-01,5.760554543628060298e-01,5.634955117110359568e-01,7.086797925950595323e-01,1.402389070781348557e-01,1.827285479759072906e-01,5.020296940937006847e-01,6.818233838811170733e-01,2.909321550652267316e-02,-2.753907549805703070e-01,-2.781497762152798647e-01,-2.953017378229060852e-01,-2.614313660803616046e-01,3.896621940690484509e-01,3.134118679196783996e-01,-8.899160593157781282e-03,7.019954845141361532e-03,8.248271512001333072e-02,5.603296555849794809e-03,-3.477184415254930827e-01,-3.813171898546475758e-01,-1.596542155070320157e-01,9.953386337717815002e-02,3.913492298710781747e-01,3.136574400596411905e-01,2.461084305764823718e-02
-4.944193102479189222e-02,2.520437529872978644e-01,3.442702190473468926e-01,1.771128895235158374e-01,8.390683113378856472e-02,5.848775922166784408e-02,-1.240098228127126390e-01,6.843550583391210251e-01,-2.363791202162692645e-02,-1.144524088801559675e-01,1.861715292076737971e-01,5.454982086259150265e-01,5.390317595223429077e-03,6.297777140138616225e-01,3.271271496271805912e-01,-1.257391779929065145e-01,-3.728837251282654530e-01,-9.880350547986212206e-02,-3.566059591404259488e-02,-1.669787753099437680e-02,5.434239153951312407e-01,6.312163836450730703e-02,8.446166551817730905e-01,4.036283674206579963e-01,-9.976380737308668256e-02,2.343300093473433821e-01,1.782302234241506800e-01,2.255781400082280119e-01,-1.885590017507152993e-01,-6.948854955141246792e-02,2.048868306545744422e-01,9.312242410861888697e-02,1.304957932160950018e-01,1.699597077942057999e-01,1.657359335129887923e-01,2.413674979968895296e-01,1.572882792170640642e-01,6.336722535494145048e-02,3.365101915706346647e-01,-1.410212723558639525e-01,8.036917978740047985e-01,-7.624133375264596259e-03,-1.250664949026947768e-02,1.685980162712328589e-01,5.754793807054209287e-01,8.694216447348995791e-02,3.772239097441113520e-01,3.272185837887945370e-01,1.305878972566134610e-01,-4.030805799514289300e-01,-9.895326197726943274e-02,8.467302896051466521e-02,-1.058074735730766755e-02,5.150745897786553895e-01,7.288903755241406268e-02,7.615941559557648510e-01,2.276947720347270998e-01,-4.835028372478628739e-02,4.544879451329397191e-01,1.231921511615699932e-01,2.423661063171036467e-01,-5.393864599824481354e-02,8.685743207246129916e-02,4.673197993148128226e-01,1.513846918919838358e-01,2.050503282731710175e-01,6.568572679337590474e-03,8.644512680228248758e-02,-2.695713123589034699e-01,-2.091332967245880248e-01,-1.805793340803399372e-02,2.072408267784140445e-01,2.305856546036195651e-02,1.140102817042587952e-01,2.584123996400226053e-01,-1.654928974310217876e-02,3.488641104325974907e-02,-5.502568095216258531e-02,-2.977699979822042153e-01,-1.834324974087271909e-01,4.962926333339402057e-02,3.223507522291931271e-01,2.583060680483240668e-01,1.124463959511818878e-01
-1.528797313782202794e-01,6.074639716680465540e-01,-1.352699601056591150e-01,-7.479108209518953165e-02,-2.215159673112461480e-01,-3.545260839450055101e-01,-1.708609920684170114e-01,2.595491010131241172e-01,-2.299682328099670325e-01,1.366531630252757479e-01,-1.601489966839211576e-01,4.159216007128128112e-01,-2.486771410922602732e-01,9.377389069325225979e-02,5.750924057600179801e-02,-1.926062509816177659e-01,-4.071379952249200573e-01,-9.864159554778564876e-02,-3.211722194192852542e-01,-1.903698377581650863e-02,4.244856169559277359e-01,-1.958054734525064428e-02,2.547560139361497167e-01,9.166333587963574336e-01,-4.307982530943342547e-02,2.913738138099395969e-01,-1.611146586767539524e-01,1.170847741624010813e-01,-5.201771729798213700e-02,-3.142483655864252573e-02,1.286597809356505584e-01,2.199345517633247149e-01,4.313769088843570909e-01,5.642556036958578519e-02,7.030894550653952191e-01,-8.968196158036509380e-02,6.001801483137932103e-02,-1.739438433300341258e-01,-2.260908900524946918e-01,-1.052728485802768843e-01,2.316528545135735084e-01,-1.186314626679900036e-01,2.539510847838071239e-01,-9.657591458757827652e-02,4.369010264096031548e-01,-5.342363630911590305e-02,-1.294944542719363711e-01,1.739068323002866123e-01,1.632608412848599866e-01,-4.371226770763765312e-01,5.368255294941386840e-02,-2.105482731164291521e-01,-3.135747507804688416e-02,5.135210254342604808e-01,4.839963052100501595e-02,2.276947720347271276e-01,7.615941559557648510e-01,2.423146243782210718e-01,4.453352574776966444e-01,-1.328845861369317427e-01,2.481895504345776604e-01,1.991336519098009517e-01,-3.074220573071517401e-02,1.179471285438380146e-01,2.436712293215509695e-01,3.613776762555829247e-01,2.389360972159514096e-02,1.900856275074528090e-01,-1.260582125747646866e-02,-1.344027652052521560e-01,1.673226969985618373e-01,1.479939728082652894e-01,-1.478762552026819665e-01,2.416570015053394471e-01,4.894856777625272715e-01,-1.804222104973410290e-01,-7.541416087432283033e-02,1.157391233960604199e-01,-1.288745876354353836e-01,-1.280890858793230259e-02,-2.185065491617556310e-02,6.830567866207461203e-02,4.350147756577874003e-02,3.103009424099097413e-01
4.109526933904047476e-03,1.579670187039977913e-01,-1.374221176994697424e-01,-1.870525490789888001e-01,-1.226160517165112568e-01,-8.675640060540514009e-02,-8.398394482103110903e-02,-1.634506551429949217e-01,-2.653027468022479962e-02,2.383917168194404634e-01,-1.213088840250142741e-01,-1.640266847506712811e-01,5.137508257212110990e-02,-2.212614827551580982e-02,-3.996556306566884792e-02,6.284464642573514559e-02,3.521359689124097664e-02,2.566310581346367137e-01,-3.678104365387527275e-01,-1.114659037851833540e-01,9.645493473290335518e-02,-1.473486405395261489e-01,-8.293201206519718038e-02,1.277676041481442815e-01,3.259581112511441003e-01,-1.200241782119429029e-01,-1.129558147786466765e-01,-4.352522973633457526e-02,1.176723624336117324e-01,-3.964189018545673932e-02,4.237970805602029462e-02,-5.399743648075867875e-02,6.647641799214611125e-02,2.252027124041618977e-01,1.284796283297371389e-01,-1.349610531458111384e-01,-8.646280955885951580e-02,-1.342832456942824049e-01,2.871308398596202904e-01,8.302656335960174883e-02,-1.590063802454778075e-01,-6.266860041038621598e-02,4.530835426144185218e-01,-6.260806179593537968e-02,-9.153830195766560207e-02,4.513168277719670218e-01,-6.258901810988104497e-02,1.252212715180952250e-02,3.794221609686970753e-01,4.327969992090948681e-01,5.864078015206103389e-01,-2.862163274931151524e-01,-1.041648068119766096e-01,2.764464571831546924e-01,-1.073993506025380934e-01,-4.835028372478625963e-02,2.423146243782210718e-01,7.615941559557648510e-01,3.344921438129188629e-01,-3.144569337285323118e-02,4.033229798590289711e-02,2.816487191748525132e-01,2.380370341307077586e-01,-7.359702091732403528e-02,-2.042704830670405772e-02,8.410429708611170951e-02,2.977239474481505055e-01,-3.883505457808722472e-02,3.539755235705523417e-01,1.584391707916487091e-01,7.192449729661236357e-02,-9.136597151273305462e-02,-1.761108112354219102e-01,1.653755976711870079e-01,6.227546893979400700e-02,-2.625860941834648118e-02,7.410919313970032452e-02,5.081735489633463360e-02,2.028639678010141223e-01,1.315571755453253111e-01,1.556321125822354989e-01,-7.555846730401509503e-02,-2.288498010465210841e-01,2.057265067385982971e-01
8.008018449905873748e-02,3.489191038562547975e-01,-1.052620440320782384e-02,6.203018346745037270e-02,5.357236500316479161e-02,5.993676228921211713e-03,1.048888814208147752e-01,3.649834330335142707e-01,-9.968089569456757559e-02,2.069975694116458487e-01,3.733386894702675485e-02,4.883059854308223757e-01,2.809904868560109126e-01,4.707286314953831319e-01,3.865973537037594721e-01,8.921427019423711080e-02,-2.058180471297693936e-01,2.272836729322582350e-01,-1.030314591006761538e-01,6.717609735906661383e-02,5.875047751645968708e-01,2.326727256158360180e-01,4.055578506291739882e-01,5.037582774762654481e-01,-9.298339573399115598e-02,4.808830117118190195e-01,-2.221928967719333670e-03,3.440341640854324701e-01,1.391918283298391457e-01,4.148597536317509896e-03,3.960804966288362094e-01,1.750283517641755826e-01,1.616368072158003710e-01,3.454676726012093635e-01,4.202279257528968581e-01,-1.350307373492173543e-02,1.031450323013895498e-01,-7.380647042915029765e-03,3.096988610769375594e-01,9.289085850817505041e-02,3.569644403078904848e-01,-3.340510427870357207e-02,3.847367631706420932e-01,1.128935589956114177e-02,5.745808278664755742e-01,4.746638713664022013e-01,2.833899025006358374e-01,3.714574685113289365e-01,4.674302225765293861e-01,5.159915539169859788e-02,3.208532372217918760e-01,-5.851387563489785643e-03,2.783400903809935337e-02,5.658014533925572742e-01,2.948450176610308282e-01,4.544879451329396636e-01,4.453352574776965889e-01,3.344921438129189184e-01,7.615941559557648510e-01,2.700922723225369568e-02,3.860752858733271786e-01,2.560960187126140597e-01,1.835596581208686073e-01,3.880389911822164084e-01,2.346762911506385108e-01,2.087529082771393263e-01,2.659918020946421269e-01,-2.124523086301783881e-01,-1.188843557885634616e-01,-2.048424592895377039e-01,-2.504039182458349042e-02,1.854950674895866347e-01,1.188141790754333182e-01,-2.683638901723181275e-03,2.787617136429877962e-01,-3.619361669799500136e-01,5.802447761088853212e-02,-1.990310055582758808e-01,-2.474349433528000020e-01,-1.217778307775046337e-01,7.761868252277277780e-02,3.016762595453754137e-01,1.875180063594417690e-01,-1.047025175701321170e-01
9.443266180649600994e-02,8.382740857360558573e-02,5.870003898459095204e-01,3.690234650708507647e-01,6.472141044000531140e-01,-7.745043475382343279e-02,5.367139326007560607e-01,8.378224427735871116e-02,6.799466612044736680e-01,1.781783254872086608e-01,4.774766588741801709e-01,3.809030940610104270e-03,2.302899367177511925e-01,3.252959988190943230e-01,5.063296141254400862e-01,-1.117474704551656706e-01,7.980390835119130499e-02,-5.867403675905272058e-03,8.563291706349254739e-02,5.266971477075528263e-01,9.851798173488397758e-02,4.753060982918951849e-01,-1.224198084052084343e-02,-6.574187027521631588e-02,-1.270787298264471343e-01,-1.405189609226948355e-01,8.853147706492141555e-01,2.225475251576097824e-01,4.268101731280710687e-01,4.420301711772578121e-03,-7.067035274856324489e-02,1.546490140001197666e-01,4.106435926305962991e-01,3.835702036770430312e-01,1.888519849877269285e-01,6.263624577221938994e-01,-4.540606154395580851e-02,5.304722557208212397e-01,3.214996236594849788e-01,6.915429960139329868e-01,1.224269204305730163e-01,6.097344618542350769e-01,2.216948300047106857e-01,5.321457333283677871e-01,-1.130493917633245832e-01,4.348874370667367151e-01,4.315213193943510661e-01,5.424602613020211850e-01,4.348631665606683128e-01,2.235733319750417714e-03,9.329652485916641036e-02,3.131313364762949858e-01,5.205674568123304091e-01,2.879225738494270437e-01,5.760554543628061408e-01,1.231921511615699100e-01,-1.328845861369317427e-01,-3.144569337285323118e-02,2.700922723225374772e-02,7.615941559557648510e-01,3.892970434794870149e-01,6.553362315264579241e-01,2.274000161325152036e-01,1.958496109509935412e-01,1.141886638422682926e-01,3.693120069178639220e-01,2.062284454260177383e-02,-1.849195537776421594e-01,-2.521418616530744505e-01,-2.481816543585228241e-01,-3.224183439097981774e-01,3.057700072724329199e-01,2.792546766960972704e-01,7.826149630939119306e-02,2.943858251083800170e-02,2.025989474699521342e-01,-6.038382746070455886e-02,-1.866883546518263437e-01,-3.516113544837464189e-01,-2.084412838065732021e-01,-1.620321411047085103e-01,3.497434743400293922e-01,1.987455913162169130e-01,1.440470722138701976e-01
4.432503245755022858e-01,3.048220860837815849e-01,3.565101982855611862e-01,3.916897784579224662e-01,4.701084214346342716e-01,2.910739606021399695e-01,3.590287294038053134e-01,3.888520101812827923e-01,4.467536089426434875e-01,4.514788886504131904e-01,3.568081308261640272e-01,4.481355377701734533e-01,4.604491505962473030e-01,3.476786961840153678e-01,4.300664363836152471e-01,6.937818875419535236e-02,9.819631319905873512e-02,3.062397379264165664e-01,9.123163443568034492e-02,6.204851102885456937e-01,3.393262727953190727e-01,5.113828576354700894e-01,3.472739611327751996e-01,3.210961578357795498e-01,9.438503561063089908e-02,3.671652011757712830e-01,4.815374755376441440e-01,8.201128502183449021e-01,4.599938272824175556e-01,1.937577986092654456e-02,4.031942485059603620e-01,6.764467646347166463e-01,6.575106619941657460e-01,7.602108535621701080e-01,2.521810186638481222e-01,2.881498584824105369e-01,5.945454504337272655e-02,5.086788405006841263e-01,3.380447749874685437e-01,4.502516085055712769e-01,3.030352336234984900e-01,5.008071017003590253e-01,4.250550450871450892e-01,3.439347838217917119e-01,3.438452992489626769e-01,5.829558327614933200e-01,2.848434358614073125e-01,4.232750403847965193e-01,3.005110550125515978e-01,1.493381354383706283e-01,1.901595281723200692e-01,1.867028403814000037e-01,5.799709004533069034e-01,3.531275322679343076e-01,5.634955117110359568e-01,2.423661063171036190e-01,2.481895504345776049e-01,4.033229798590287629e-02,3.860752858733272341e-01,3.892970434794869594e-01,7.615941559557648510e-01,4.532733481714581458e-01,3.681117147644037413e-01,3.914506804799716688e-01,6.919027955941534636e-01,6.065730786619170090e-01,2.019621656976172130e-01,-1.576614456045023760e-01,-2.582669101051688898e-01,-1.759401286863097047e-01,-1.598573972417280109e-01,5.712741633991895718e-01,4.396940400422190698e-01,1.115140439269478589e-01,3.950459434876033016e-01,1.182595693152339728e-01,2.284806137098542300e-01,-2.603153024473584543e-01,-3.517190509824525968e-01,-1.397386087469957294e-01,2.057791768480401740e-01,5.736164823047293915e-01,4.048999696298064555e-01,1.904464710661867566e-01
9.420973987956787754e-02,3.741812285376425185e-01,2.976803610451546622e-01,2.655769275095755111e-01,3.668593132199447493e-01,-1.490589736913445484e-01,3.686816438922459471e-01,-3.320298226564631638e-02,3.745086186484762880e-01,1.433924577086883312e-01,2.073080584274210880e-01,3.491066101959110213e-02,2.350001760071303014e-01,1.424913918458092510e-01,5.286567746201257245e-01,-2.974664521729664113e-02,3.449676016550196761e-02,2.665244061436915918e-02,-1.042611015598205598e-01,6.244197205800349204e-01,2.666571735834111778e-01,5.993232179222268696e-01,-5.216559960776318006e-02,1.240931428152089733e-01,-6.613429036423069951e-02,-1.615027448711737687e-02,5.338747699232332389e-01,1.640469145619855573e-01,6.428453848593022046e-01,-1.277382405192767079e-01,-6.568746526381053635e-03,3.703649461919201191e-01,6.619909176729615874e-01,4.114391995037035565e-01,4.607520596179900396e-01,3.345747339063617209e-01,3.232456336445454267e-03,3.524313311052282849e-01,1.321474721460732804e-01,5.279945676159681911e-01,-3.634653228770864941e-02,4.115308129244842905e-01,3.735528353586479722e-01,3.114290385139575346e-01,-1.550167400679678398e-01,3.764943311105816703e-01,1.276672026968442009e-01,6.525415656437802969e-01,7.079310095233728450e-01,6.635788931312748551e-02,2.893617209424950709e-01,7.103354536358384708e-02,5.747390393067538517e-01,5.610046773390129360e-01,7.086797925950595323e-01,-5.393864599824479272e-02,1.991336519098009517e-01,2.816487191748525132e-01,2.560960187126140042e-01,6.553362315264578131e-01,4.532733481714581458e-01,7.615941559557648510e-01,1.315282692800880116e-02,8.737452344859278353e-02,4.226229165744924132e-01,6.603111826668371931e-01,-2.718602828975596672e-02,-2.064535308924514700e-01,-7.022120808105070111e-02,-1.092761247767662092e-01,-6.788632647482749360e-02,3.285385740481803762e-01,2.610068622937843918e-01,1.343600109424629707e-01,1.126069441221842077e-01,7.863047761350260012e-02,-1.123575004849607512e-01,-2.169049860259792684e-01,-1.958803950891289947e-01,6.153624558823555905e-03,1.408055532085129014e-01,3.192847540339571188e-01,1.520452496242844509e-01,1.944248394769416410e-01
4.225448631372128450e-01,-3.736402056255536119e-02,1.814263131312867094e-01,1.391682924378415676e-01,1.866094493482152172e-01,2.232972947786615037e-01,7.468254511061567236e-02,1.537211043663505861e-01,1.866534784128934810e-01,2.864790574919001132e-01,1.976053572539347714e-01,3.412458771345385639e-02,1.649212896172748688e-01,1.226122744580001866e-01,9.344457331795030797e-02,1.175746731566035541e-01,-1.227879285438529117e-01,3.374955261420630737e-01,1.072002965615904690e-01,1.564308422526166364e-01,8.089403605225777005e-02,8.540558270318117373e-02,3.777853971910311720e-02,-8.159014130012648414e-02,1.353886096881064538e-01,-3.603078093857423753e-02,1.309519127729918408e-01,4.599699824666162451e-01,5.220071531813551269e-02,4.069448816649796075e-01,2.428666539610827013e-01,2.101421908539428673e-01,6.402055607852802366e-02,3.195134130980363807e-01,-9.038481890018466858e-02,2.040615898658308947e-01,3.048133807278348081e-02,2.326069727483879579e-01,4.034574024179478635e-01,2.634051613706960837e-01,1.934629073136582555e-01,2.360603907788739186e-01,2.209113584480477954e-01,1.980051554577463291e-01,1.102042784889009919e-01,3.939957531525148382e-01,9.947284303226010260e-02,-5.244000894662540629e-02,1.258515383538286181e-01,9.351281438418941605e-02,3.021657035239558309e-01,1.972137930417781071e-01,1.955350463744706113e-01,-2.715092439664919949e-02,1.402389070781348557e-01,8.685743207246135467e-02,-3.074220573071518442e-02,2.380370341307077586e-01,1.835596581208685518e-01,2.274000161325151481e-01,3.681117147644037413e-01,1.315282692800875258e-02,7.615941559557648510e-01,-2.523076076985655836e-02,1.013822878631938096e-01,2.112318838416871181e-02,2.034021462642023048e-01,-1.443332001511172524e-01,-1.016337502169113866e-01,-1.305189063731594934e-01,-1.693761997948747544e-01,-1.364264525399266383e-02,-7.895675738519604414e-02,-3.565346098037213817e-03,1.846539785784499510e-01,-8.416362952100819861e-02,8.848672303430139829e-02,-1.429468345715284583e-01,-1.624631965028521530e-01,-2.309876351443936326e-01,-1.292125628075169730e-01,6.210031280141276033e-02,3.894640629112773589e-02,-7.732215001356928206e-03
1.873785555526308322e-01,9.974191625350031787e-02,1.243215295101884332e-01,3.233996356306272357e-01,2.490290601206727183e-01,2.462537861095949465e-01,3.413899656783684899e-01,3.733785548619000250e-01,1.373835947516774680e-01,1.255285363116062369e-01,1.669205077554038463e-01,4.886455981951442484e-01,4.255721703284761070e-01,3.586456247195357050e-01,2.919163928502371830e-01,1.363559259926279688e-01,-3.004021481826818149e-02,1.360840492837644966e-01,4.351194802796564537e-02,2.636010388977023666e-01,1.881478471083839199e-01,2.172785600398980388e-01,3.799296552450749376e-01,2.545926339665556259e-01,6.469882347156166724e-02,3.988751581465317941e-01,2.580173642562796910e-01,3.333064364292225301e-01,3.353678861164624547e-02,-2.194770970650776198e-01,4.899587926524465176e-01,-4.080367181031279052e-03,8.589842959640325848e-02,3.369585115713604750e-01,5.824642227855211796e-02,2.668069293908236286e-02,3.598110749271127839e-01,3.117592434515422672e-01,3.406363478273347623e-01,2.895407421897577827e-01,4.084178851177082126e-01,2.064042434726588993e-01,3.776709800895984848e-01,1.467757234065110716e-01,4.433922373371180781e-01,4.756670567270038785e-01,2.603973983252523827e-01,2.092537529422650311e-01,1.232989433137384599e-02,2.494909409803832551e-02,-5.312291099038639330e-02,2.528753668494673756e-02,2.440144083182765322e-01,1.513143950232616608e-01,1.827285479759072906e-01,4.673197993148128226e-01,1.179471285438380146e-01,-7.359702091732403528e-02,3.880389911822164084e-01,1.958496109509935412e-01,3.914506804799717243e-01,8.737452344859279740e-02,-2.523076076985657223e-02,7.615941559557648510e-01,8.774043402592041074e-02,1.629819405862590054e-01,1.962129626741597188e-01,-3.663771917756421526e-01,1.039606216309886186e-02,-5.916063808179556488e-02,-4.463700091382826612e-02,2.955245261450637484e-01,3.586049364699269160e-01,2.220493807591013280e-01,2.339720207600141377e-01,-5.466058208586636012e-03,2.049639748777547232e-01,-3.580425338699361193e-01,-6.666532813951746295e-02,-4.949168734660802649e-02,-4.725525550528020952e-02,3.544767341156124241e-01,2.927543569335766538e-01,1.789528470176758312e-01
8.713994589899897239e-03,4.059763336438707571e-01,2.088384954510569269e-01,1.875159870480201940e-01,1.304537920333118384e-01,2.067499365303924683e-02,1.371095149354933651e-01,3.569363833467631419e-01,1.628091514994250699e-01,2.119002005398220312e-01,2.847901190125086135e-01,2.703710888820330949e-01,2.213959210107724895e-01,2.783477226568912832e-01,3.954224917917422699e-01,-2.349028893191845864e-04,1.730486237953963446e-01,1.133643088303282198e-01,2.523810271227396873e-01,4.814113392715467232e-01,3.924144016272042013e-01,4.462033830758724839e-01,2.375502117956332926e-01,3.011853023808974683e-01,2.848151310620911439e-02,2.920799609005630959e-01,1.748216018368727864e-01,4.384127716473286140e-01,3.863824982148912346e-01,9.468471277109323514e-02,1.619139521247358882e-01,8.645192837170724287e-01,6.910261710042796546e-01,2.619907444011240760e-01,3.441014019358076270e-01,1.251270754416647646e-01,1.652177555711383528e-01,1.547536214762773310e-01,-5.693442612222080271e-03,1.495721041484600611e-01,2.832834337579878126e-01,1.596656143627440960e-01,3.395180184332584061e-01,1.823816602792374397e-01,1.664625804404126774e-01,1.512273361409406935e-01,9.024792765986729137e-02,4.399109313683917666e-01,2.721908257066097958e-01,8.169427784295607564e-02,1.279892025068285477e-01,2.295295598238238088e-01,4.925533693918884293e-01,4.735379107849189695e-01,5.020296940937006847e-01,1.513846918919838080e-01,2.436712293215509695e-01,-2.042704830670401261e-02,2.346762911506384830e-01,1.141886638422683203e-01,6.919027955941534636e-01,4.226229165744924132e-01,1.013822878631937957e-01,8.774043402592038299e-02,7.615941559557648510e-01,6.415439471041783914e-01,3.200575502157011060e-02,-1.585732353984923779e-02,-1.287683087571881990e-01,-1.352209249540856084e-01,3.365902716335469284e-03,4.650127298370811402e-01,3.153692620831629601e-01,1.772779522247710376e-02,4.553573439170994219e-01,9.268880876793665624e-02,-2.903546620036395048e-02,-6.848498877523524764e-02,-2.095531613523320125e-01,1.314268254863268891e-02,4.097204117607483598e-01,3.997622084870325332e-01,2.327101440724578529e-01,1.565242603824501255e-01
8.012503148637362127e-02,5.897899071742519483e-01,4.470183129830198610e-01,3.210426651894544015e-01,3.868362016029897044e-01,-1.145923084082809684e-01,7.629842547547095732e-02,2.957635501822636348e-01,3.947298474442215710e-01,2.398088111611879070e-01,3.975704609889400554e-01,2.672110659917259490e-01,4.084755311073227230e-02,3.131610228439941634e-01,6.037649215553835269e-01,-2.326550548296213786e-02,6.211631769379660079e-02,1.301151453701253902e-01,9.232239580975865056e-02,7.179170053203575153e-01,4.133072488052624838e-01,5.953607156595418504e-01,1.768356749646060322e-01,3.403205620087094152e-01,-1.521124991512419478e-01,8.265945553930630074e-02,2.792539606590159207e-01,2.735370656108923604e-01,4.026334014060657940e-01,-1.767336033169862874e-01,5.666435139613433536e-02,5.624445067754201277e-01,8.746825771932655869e-01,3.764659766412177255e-01,5.791925839913372176e-01,4.470956355268038140e-01,3.253671729606287533e-02,4.454084222844345575e-01,8.381822730985702408e-02,2.535345337095509799e-01,2.964807412911946716e-01,4.590608427145041470e-01,4.219557466890235253e-01,4.646600023902514032e-01,1.230455360685576427e-01,1.706473017120013480e-01,2.735240014986466406e-01,6.874626894607277494e-01,4.660755903868043504e-01,-3.205042024535798700e-02,2.046404878413692896e-01,1.417732021281104815e-01,6.962598372943650249e-01,6.497104182887402102e-01,6.818233838811170733e-01,2.050503282731710730e-01,3.613776762555829247e-01,8.410429708611172339e-02,2.087529082771392985e-01,3.693120069178638665e-01,6.065730786619168979e-01,6.603111826668371931e-01,2.112318838416872568e-02,1.629819405862590054e-01,6.415439471041783914e-01,7.615941559557648510e-01,4.610771486247815069e-03,-1.199959608523232801e-01,-1.114903936521544625e-01,-1.397477370627945581e-01,1.206683956255697465e-01,5.406174988019869510e-01,3.629317352736955438e-01,2.121710841170674211e-01,4.047421259850663144e-01,1.848572712749132763e-01,-5.800515463747202977e-02,-9.842468889852938607e-02,-2.273523212041862473e-01,-4.274073080490564669e-02,2.335493582314738803e-01,4.729980685087217251e-01,4.198504661096094659e-01,2.847640504256058192e-01
1.943352621065280450e-01,-1.409292725259144070e-02,-1.785458290474102871e-01,2.073432750246023137e-01,-6.710357506101694014e-02,6.704243080638645769e-02,1.215310694189113000e-01,-2.737978399762450513e-02,-1.159656352769446591e-01,1.806403105648944074e-01,-1.043665834615567223e-01,-4.048618167544099783e-02,2.123592515833951644e-01,1.036668468838479185e-01,2.189246108493785592e-01,1.350364166035793734e-01,6.945205231729316420e-02,2.534878220055249431e-01,-1.937427590789080611e-01,6.407705176825344295e-02,7.763326333547546088e-02,-3.264236087632312044e-02,-4.502863742247047163e-02,7.699254638913768239e-03,2.638412405478083311e-01,7.047302244898594192e-02,-2.118575731670329157e-02,1.945510805389883968e-01,4.001133121334106424e-02,5.348597779327558116e-02,1.178305427936500310e-01,1.072278150281937570e-01,1.484039610903754164e-02,3.369984209847811663e-01,2.890903303316928394e-02,-2.026959462379851196e-01,8.733791967610329832e-02,-1.203254181057593492e-01,1.893838106613303374e-01,3.456110694764245178e-02,-1.074334733385121261e-02,-1.028310872748950527e-01,2.621163927459546072e-01,-1.170295848779313447e-01,1.625371193021411115e-02,3.847965538332926982e-01,1.069440489856429144e-01,1.334393510040601250e-01,1.538131156683400502e-01,2.165474220773631331e-01,3.295013101899308960e-01,-1.872368376626648567e-01,2.932423559459442636e-02,5.485184118966060507e-02,2.909321550652265928e-02,6.568572679337590474e-03,2.389360972159514790e-02,2.977239474481505055e-01,2.659918020946421824e-01,2.062284454260175301e-02,2.019621656976172130e-01,-2.718602828975597366e-02,2.034021462642022215e-01,1.962129626741597466e-01,3.200575502157011754e-02,4.610771486247787314e-03,7.615941559557648510e-01,6.113223776016329936e-02,3.348740174101055289e-01,2.022292334758210020e-01,5.752687653465540091e-02,2.029629191934606558e-02,8.368390157246317906e-02,1.524945434457103399e-01,2.664753512066768693e-01,1.421368659546476954e-01,6.362274519362506320e-01,1.418720015463928105e-02,2.396887380812176838e-01,1.167906172077994853e-01,-2.314621709919303591e-02,2.239458255767046158e-02,-1.860405344205161293e-02,1.195670029451497834e-01
-7.775532691967046439e-02,2.866299901386001880e-01,-6.841662889885280485e-02,-2.347113040330210121e-01,-3.242469880075825039e-01,-1.822730944603241643e-01,-5.288081421235689694e-01,5.765212663674567500e-02,-2.920206796411676242e-01,-4.681611826831892920e-01,-1.932200790802328649e-01,-1.982234632442510525e-01,-4.367010122135594474e-01,-1.367918734637579570e-01,-1.440537263146911273e-01,-2.136108053424852216e-01,-3.436139816585992990e-01,-2.235361327448792124e-01,-2.687483908650222242e-01,-2.960507769307694770e-01,7.327460047606461357e-02,-2.900463974448873605e-01,1.189195589365921457e-01,1.040338526933973912e-01,-1.923606863569969072e-01,-2.236521717823527211e-01,-2.417045216100770777e-01,-1.216198699389888088e-01,-2.375179953323533488e-01,1.322758327690606861e-01,-3.539248472165862358e-01,2.041997650414723864e-01,-2.093791822480654818e-02,-1.540152261959429336e-01,2.149484737332027495e-01,-7.340809853729171608e-02,-1.138406875833192639e-01,-4.377747819058913636e-01,-1.291626072358026955e-01,-5.052988653968275568e-01,9.884237533461637248e-02,-3.955772642338000744e-01,-4.776286296824417410e-01,-2.206082251922437121e-01,-1.993407779080299536e-01,-3.618390970634509096e-01,-1.912410540637393686e-01,-1.751090750564550103e-01,-9.451147323054309712e-02,-3.875726768444248127e-01,-1.324792182579598299e-01,-2.506638311363476590e-01,-3.302400305404457614e-01,5.899532638869595808e-02,-2.753907549805702515e-01,8.644512680228248758e-02,1.900856275074528368e-01,-3.883505457808721084e-02,-2.124523086301784991e-01,-1.849195537776421594e-01,-1.576614456045023482e-01,-2.064535308924514978e-01,-1.443332001511172247e-01,-3.663771917756422081e-01,-1.585732353984926554e-02,-1.199959608523233079e-01,6.113223776016329936e-02,7.615941559557648510e-01,3.187839941755158391e-01,2.804616052592576181e-01,2.004442846987765925e-01,-2.255278228348745473e-01,-4.452770349652493409e-01,-1.735490590885084006e-01,2.078212971712137536e-01,3.535871370496386223e-01,-3.802092880402543895e-02,7.196912095194976100e-01,2.735851656283939670e-01,1.341775667354548340e-01,1.806735115557919769e-01,-1.619431314519675646e-01,-2.013566792642313141e-01,-1.490117500307930887e-01
-1.979586058654945746e-01,1.805472006191539691e-01,-4.553674233141243866e-01,-2.963486946264038899e-03,-3.568084582913507719e-01,-2.354925542873583522e-01,-2.405556675768491526e-01,-3.737828619745040548e-01,-3.047001336171405450e-01,-1.125865553718711221e-01,-4.155714844557342191e-01,-2.424116422214258881e-01,-4.039488501640968732e-01,-3.476837116239145375e-01,-2.196965218394420771e-01,7.039409231043747273e-02,-1.163186317927113744e-01,-4.039120900227750888e-02,-4.524687609061920357e-01,-3.164514388443267490e-01,-1.760827776674579459e-01,-3.154109070919341451e-01,-2.874309744719690252e-01,-5.246483140133396256e-02,1.749300123266091245e-01,-1.621345143905061903e-01,-3.617479343799432367e-01,-2.412575636672729673e-01,-1.713674982253963197e-01,-1.003667295284512567e-01,-5.772015723467789627e-02,-1.074677367984035875e-01,-8.448873814350968403e-02,-1.524848057393449197e-01,1.024072830726556194e-01,-4.474823440863677781e-01,2.175586252743385088e-02,-4.080786341283094143e-01,-1.692668028639019995e-01,-2.029648523393538795e-01,-3.687991807210609374e-01,-3.903936146596337364e-01,-1.757787233670607407e-02,-3.751926531136174359e-01,-1.565646992410198446e-01,-2.275385500042700904e-01,-2.197884275483340533e-01,-2.916823875124736065e-01,1.253220606313195096e-01,1.717692056198540790e-02,1.389568116691742572e-01,-5.455866782356039169e-01,-2.753215848803319266e-01,-8.206839295572110338e-02,-2.781497762152798092e-01,-2.695713123589034144e-01,-1.260582125747646519e-02,3.539755235705523417e-01,-1.188843557885634478e-01,-2.521418616530743950e-01,-2.582669101051688898e-01,-7.022120808105067336e-02,-1.016337502169113588e-01,1.039606216309883410e-02,-1.287683087571881990e-01,-1.114903936521544625e-01,3.348740174101055289e-01,3.187839941755158391e-01,7.615941559557648510e-01,6.854596740877477723e-01,2.387720474197825571e-01,-1.577710687694851011e-01,-1.816463238636379096e-01,4.238396330751573737e-01,1.282832428094544119e-01,2.592040048812445652e-01,1.236134715543636825e-01,3.858399279893507394e-01,8.467793916872783377e-01,4.329790738577471432e-01,-5.312780833480790221e-02,-1.594184129377440307e-01,-2.151705659193794140e-01,4.116899205484181867e-01
-3.036523619520727080e-02,1.504713654634134701e-01,-3.509762688013057796e-01,2.939427213029731367e-02,-2.131585273694897587e-01,-6.011731093577719204e-02,-1.979947854044544209e-01,-2.824603168585789748e-01,-2.294258296633890359e-01,-2.490996002963287714e-01,-3.367405540690970311e-01,-2.450529783623548452e-01,-2.163239663831966753e-01,-2.639488344492648131e-01,-2.365869356985146887e-01,6.135475679265237070e-02,-1.663704253856041620e-02,-4.300810719349388439e-02,-3.603490024272647529e-01,-3.496086177548726748e-01,-1.477901512551430263e-01,-2.626601212479302561e-01,-1.982816940780148252e-01,-1.116807169305838870e-01,4.395699988131132607e-02,-1.265858075905635094e-01,-2.534251099119436135e-01,-1.442786834622822034e-01,-4.953435030242536036e-02,8.005201639285625115e-02,-1.023340489291307831e-01,-8.523886547974077188e-02,-1.059571221862379842e-01,-1.110068521851299839e-01,2.453804496122953538e-02,-3.727691222967513540e-01,-8.723713203500374491e-02,-2.836951734607834341e-01,-5.849478848834475248e-02,-1.711214391640356047e-01,-2.412407595244078773e-01,-3.361505128964370481e-01,-1.531724645471271573e-01,-3.294373482822541277e-01,-2.124183471028333881e-01,-2.051544347041099337e-01,-3.942290151087270156e-02,-2.913509595733849711e-01,4.782859584849681600e-02,-2.780628576561119253e-02,2.989543016124716034e-03,-4.931703287190543628e-01,-3.842520439839046120e-01,-1.269912775971711316e-01,-2.953017378229060852e-01,-2.091332967245879970e-01,-1.344027652052521837e-01,1.584391707916487368e-01,-2.048424592895376484e-01,-2.481816543585228241e-01,-1.759401286863097047e-01,-1.092761247767662092e-01,-1.305189063731595212e-01,-5.916063808179550937e-02,-1.352209249540856084e-01,-1.397477370627945581e-01,2.022292334758209742e-01,2.804616052592576736e-01,6.854596740877477723e-01,7.615941559557648510e-01,3.446466448587415798e-01,-1.901765280784383783e-01,-1.374982801722434700e-01,4.410883153967996330e-03,2.511608390697181448e-01,2.868787960053081343e-01,1.644398612127940529e-01,2.507242659516585315e-01,6.681224003603468686e-01,8.310791896600581152e-01,1.419099269563290355e-01,-1.469485449354515638e-01,-5.415248755239671780e-02,1.126665440288558834e-01
-2.432039041047402983e-01,3.439002996278875401e-01,-9.771960303013994820e-02,8.348830611413960920e-03,-2.213942920452682817e-01,-2.925214141977318660e-01,-1.915226420821206921e-01,-7.902533958369561962e-02,-2.592462094140107753e-01,-1.327062704823900319e-01,-1.019376272202431044e-01,-7.073321410070890214e-02,-1.890156644352293802e-01,-4.013580527737416193e-02,-3.702465556391290602e-02,-1.389784071531082466e-01,-9.549577352919762230e-02,-8.995135960122607743e-02,-2.837177699124535362e-03,-2.753715560947564978e-01,9.482799514341228031e-02,-3.297197490194686553e-01,-6.021589433411032866e-02,9.054779318335416660e-02,-1.679396209873485757e-01,-1.947741236269991683e-01,-3.963061717005770812e-01,-2.476542976980572186e-01,-1.495406709141128276e-01,-1.662422285240243436e-02,-1.812361185546695064e-01,-5.347530191637601960e-02,7.462695728607635082e-02,-1.660715030644374923e-01,2.777673000487658195e-01,-9.967863490619537081e-02,-1.111391421801769808e-01,-1.359379456256295249e-01,-1.290487750673953993e-01,-1.380553484950364507e-01,2.256522990812182689e-03,-2.302912887493327454e-01,3.747793538888014725e-02,-1.442920157546583315e-01,-1.193185367241349215e-01,-1.171936314395832790e-01,-9.727507738175895924e-02,-5.257924037678203544e-02,3.086289972805782156e-02,-4.387919101447270570e-02,-9.515665324951832343e-03,-7.858808084389107274e-02,-3.100675213085251070e-01,1.954663687586447596e-01,-2.614313660803616046e-01,-1.805793340803400759e-02,1.673226969985618373e-01,7.192449729661236357e-02,-2.504039182458348348e-02,-3.224183439097981219e-01,-1.598573972417280109e-01,-6.788632647482754912e-02,-1.693761997948747544e-01,-4.463700091382825919e-02,3.365902716335464080e-03,1.206683956255697326e-01,5.752687653465540091e-02,2.004442846987765370e-01,2.387720474197826126e-01,3.446466448587415798e-01,7.615941559557648510e-01,-1.574327777591449096e-01,-5.975410666648068442e-02,1.447532855942239294e-01,2.501183178816041019e-01,5.105825568832587230e-02,-6.764106097617375579e-02,1.885611624523505503e-01,2.636117314593370842e-01,3.272017546679560906e-01,4.925716802113273007e-01,-1.829846845395208532e-01,1.571319985132337838e-01,-2.454128455344213935e-02
1.077685243370925666e-01,2.223823757786315414e-01,7.781929559454597856e-02,4.195071726405901202e-01,3.612580672972298124e-01,3.101510425826711770e-01,3.946435448067899809e-01,3.455709471244435838e-01,2.230837590169931217e-01,4.489105646142739769e-01,1.121307680683822222e-01,6.025654708589804898e-01,3.293266651601925443e-01,3.605897254283720876e-01,3.115768501537650725e-01,1.671220619140284525e-01,2.172256625858051404e-01,1.129350705117960485e-01,-8.154160707722898915e-02,4.232399288776692581e-01,3.044876265332328580e-01,4.032066174337093356e-01,2.978657970597569649e-01,2.605619114020740756e-01,1.593001418062131302e-01,3.815998259578388674e-01,3.695455240422785836e-01,4.252486851444847726e-01,2.989730351775414241e-01,-2.683001192910484667e-01,2.408139126907975214e-01,3.776247464379346441e-01,5.078539895424125650e-01,2.360192428786819507e-01,1.914210647709624069e-01,-1.119286286102208657e-02,3.374962902564613842e-01,3.296861227905273917e-01,2.247867982413859489e-01,3.663216243901225022e-01,2.545124309451911593e-01,2.748986722485151635e-01,2.923641579536990776e-01,1.033854846752862433e-01,5.438517290570911156e-01,2.223871736901664176e-01,3.121838588975982542e-01,1.860648492567072432e-01,2.441651948342570544e-01,7.787655348749171480e-02,-6.085911632468553323e-02,-3.290309484978516663e-02,4.240468162133300134e-01,2.902742344673886477e-01,3.896621940690484509e-01,2.072408267784141278e-01,1.479939728082652617e-01,-9.136597151273302686e-02,1.854950674895867180e-01,3.057700072724329199e-01,5.712741633991895718e-01,3.285385740481804318e-01,-1.364264525399264474e-02,2.955245261450636929e-01,4.650127298370811402e-01,5.406174988019869510e-01,2.029629191934604129e-02,-2.255278228348745473e-01,-1.577710687694851566e-01,-1.901765280784383783e-01,-1.574327777591448818e-01,7.615941559557648510e-01,6.162456548001141732e-01,2.452028715438813178e-01,2.771244158362530241e-01,6.887937947805349015e-02,1.011683370254467390e-01,-2.194649052082532914e-01,-1.977279952707076405e-01,-9.847263070162531884e-02,-1.808698786640927092e-01,8.206987468303766908e-01,4.846890942322636953e-01,2.810669745427394339e-01
8.348005870537650308e-02,5.411243264713353623e-02,1.079839622634313906e-01,4.088380813038231532e-01,4.934327064848131328e-01,2.962507051782962975e-02,5.853786165800438646e-01,2.557773458431655822e-02,3.830248989044546248e-01,2.940022138968165777e-01,2.778046744560325187e-01,2.739874384710793698e-01,3.564884584561661129e-01,4.101830542960771542e-01,3.655713345918068513e-01,2.017948646189371420e-04,3.038087279380070616e-01,3.054133596434153910e-03,1.641658786213769372e-01,4.558982829633849709e-01,6.122870375547373456e-02,4.423673247510349626e-01,-1.801674528403398364e-03,-3.357629240842243540e-02,-2.185792170491079878e-02,2.376371514274595864e-01,3.547848120067700339e-01,3.060226468657623045e-01,2.528740455004230836e-01,-4.518085484303899779e-01,3.210072633594414637e-01,2.695383093026584298e-01,4.165823431550637057e-01,3.035146210724874449e-01,9.399277359531782450e-02,8.894869402448946083e-02,3.609681226906642504e-01,5.430160364616518631e-01,2.818316306120702622e-02,5.396102094788775005e-01,9.122401269564327231e-02,4.522724634658308318e-01,2.509874253880446382e-01,2.564770704297758552e-01,2.468501153581532381e-01,2.862523592456839294e-01,3.462492142926347216e-01,3.318695474894781117e-01,1.771545945057535487e-01,2.267744099327206608e-01,-7.083312975982057613e-02,1.977001873741320304e-01,3.518738177938527945e-01,1.039612955392879012e-01,3.134118679196783996e-01,2.305856546036192875e-02,-1.478762552026819665e-01,-1.761108112354219102e-01,1.188141790754332905e-01,2.792546766960973259e-01,4.396940400422190698e-01,2.610068622937843918e-01,-7.895675738519605802e-02,3.586049364699269715e-01,3.153692620831629601e-01,3.629317352736955438e-01,8.368390157246317906e-02,-4.452770349652493409e-01,-1.816463238636379096e-01,-1.374982801722434700e-01,-5.975410666648061503e-02,6.162456548001141732e-01,7.615941559557648510e-01,2.806186809681714966e-01,1.622838043290281973e-01,-3.536426306294409173e-03,2.071502415855577817e-01,-4.182412763014820567e-01,-2.542627152919755273e-01,-1.435754331118925808e-01,-1.823185135653159206e-01,4.597224780804949340e-01,5.063234928896815923e-01,1.531746381029503445e-01
-2.083963316034669611e-01,1.326515584905282596e-01,-1.398386275910570298e-01,-1.021492530726031064e-02,1.632891301062074363e-01,-2.367219423927720279e-01,2.570920964752901328e-01,-2.354794217202235695e-01,1.084848110982514907e-01,2.147141467546778426e-01,5.210782719484171460e-02,1.195782435736268690e-01,-9.191886219456209262e-02,1.332882893756546366e-02,8.360366067647001520e-02,-2.152164251170821385e-01,2.898748420063860902e-03,-1.710774848841071782e-01,-1.575451282086043070e-01,2.061979071683051334e-01,-1.192111750429669936e-01,3.163567532811320526e-02,-5.120191021536776160e-02,2.050088235644002277e-01,-6.500350362205864485e-02,-9.488181735143383366e-02,-8.482170556061223443e-02,1.764325169006202704e-02,-5.989568383893246334e-02,-4.393975312653263243e-01,1.335168114692978358e-01,1.651357625431137260e-02,2.802128829719658376e-01,-9.364655497642527388e-03,2.013448116374334240e-01,-5.845253736465538807e-02,1.492798371590794981e-01,1.954445014473395192e-01,2.179389651113854826e-02,2.812388174057699475e-01,-3.957003725150166906e-02,1.692901394352449851e-01,3.848799850191413352e-01,5.945318520522433620e-02,1.806947962000390873e-01,1.432852205914980637e-01,2.257086651573385339e-02,7.304290640098530518e-02,-1.151965598297307637e-02,6.217827622172763385e-02,2.885535073398679332e-03,-1.391728701493319675e-01,1.759702413948601440e-01,1.311697649132414212e-01,-8.899160593157744853e-03,1.140102817042587813e-01,2.416570015053395304e-01,1.653755976711870634e-01,-2.683638901723214235e-03,7.826149630939120694e-02,1.115140439269478728e-01,1.343600109424629707e-01,-3.565346098037255450e-03,2.220493807591013002e-01,1.772779522247714540e-02,2.121710841170673378e-01,1.524945434457103399e-01,-1.735490590885084006e-01,4.238396330751573737e-01,4.410883153968010208e-03,1.447532855942239294e-01,2.452028715438812623e-01,2.806186809681716077e-01,7.615941559557648510e-01,3.136489830501967280e-01,-8.973030686884796159e-02,-1.013785529672494301e-01,-7.149295185729606129e-03,2.302220851512998823e-01,-9.630103927104456674e-02,-2.469108116149029419e-01,1.080912174675803250e-01,1.008718586791720190e-01,7.324029058025942618e-01
1.915735200907695834e-01,3.972911823947264942e-01,-6.155047991711855293e-02,1.337431942820187514e-01,1.940462014507335076e-01,1.456650079161816991e-01,9.561441930299366398e-02,1.868393289159872295e-01,9.155319299177412662e-02,1.887857910227696834e-01,3.530236890431347196e-02,2.569143285250010122e-01,-2.154716220769212209e-02,1.385648883865606973e-01,2.004815667294906623e-01,1.869404664573837693e-01,-2.202865978450306225e-02,2.000869932595284728e-01,-3.519063938032042371e-02,7.993250156899604775e-02,3.684084645849846074e-01,1.455062302610000691e-01,2.796686779815071855e-01,4.716515488462675876e-01,1.037107842110467776e-01,2.086518396330570291e-01,6.019009735422000545e-02,4.197966694569695845e-01,1.996753752559183581e-01,4.030746064417614627e-02,1.789702761278532672e-01,4.165771384498868635e-01,4.844597996767596171e-01,1.244232832157757540e-01,4.455540466072713812e-01,-5.594059988634297181e-02,2.948013194325141417e-01,1.309029314648619546e-01,1.603885101854998496e-01,2.314747806953597331e-02,2.393230855280284730e-01,1.181475149660918683e-01,2.316502945171579064e-01,3.948949471735874184e-02,2.535392273226101945e-01,6.901750857146088380e-02,1.514654311072600734e-01,1.105079878200957294e-01,1.532034130920509329e-01,-1.167510844223137306e-01,6.554758104717561817e-02,-2.695466728770223863e-02,-7.552332950249568411e-02,3.753994885732027109e-01,7.019954845141361532e-03,2.584123996400226608e-01,4.894856777625273270e-01,6.227546893979402087e-02,2.787617136429879072e-01,2.943858251083801558e-02,3.950459434876033016e-01,1.126069441221841938e-01,1.846539785784499232e-01,2.339720207600141655e-01,4.553573439170994219e-01,4.047421259850663144e-01,2.664753512066768137e-01,2.078212971712136981e-01,1.282832428094544119e-01,2.511608390697181448e-01,2.501183178816041575e-01,2.771244158362530796e-01,1.622838043290281973e-01,3.136489830501967280e-01,7.615941559557648510e-01,-8.668048789564031589e-03,1.961621696083292732e-01,1.867846221845718135e-01,1.029899816425638021e-01,2.236404407538369887e-01,4.254890072067127327e-02,1.501988450123488139e-01,4.422685121882143910e-01,1.620317401967018289e-01
-4.739490960101872680e-02,4.899499718815274185e-02,2.461092927537223418e-01,2.110365401498056626e-01,1.226612035158693506e-02,8.058706801181020341e-02,-9.905254173193257794e-02,5.472909048154696310e-02,1.491782328584197181e-01,-1.372033614026611781e-01,5.414948352112884666e-02,-8.496951199444022218e-02,-2.769579901095016797e-02,1.774619010813420971e-03,-6.898492782975372897e-03,-5.824663124508439038e-02,-1.678426439824029200e-03,-9.777713613810713744e-02,-2.120207447363249009e-01,6.983889445815964769e-02,-1.224609440365571553e-02,-2.154224210147608065e-02,8.467326947782780056e-02,-1.455610407184474986e-01,1.588600376624137722e-01,-1.491459791330690399e-01,2.112536170262140633e-01,-3.005582056316013703e-02,-5.220890223896287527e-03,1.390818295283436090e-01,-1.418828667138720967e-01,1.114533746042252332e-01,9.369869350598641899e-02,1.635348838645317993e-01,-8.176448064288177608e-02,1.372617124532190536e-01,5.792677155708106373e-02,1.145691429773167680e-01,-2.331286738714733603e-02,-3.422283810105222757e-02,8.994244037399393155e-02,1.178140898740860643e-01,-1.860648547691160504e-01,1.068696975957457718e-01,-2.112831340674861391e-01,-9.791588541358075062e-03,1.049254875842010326e-01,-1.448293798102771694e-02,6.856222585787336010e-02,-1.241678559415631961e-01,-4.670716175045326601e-02,-1.922627759455539098e-01,1.818200406766664612e-01,-4.925792019960171381e-02,8.248271512001331685e-02,-1.654928974310218570e-02,-1.804222104973410012e-01,-2.625860941834645343e-02,-3.619361669799500136e-01,2.025989474699521342e-01,1.182595693152339728e-01,7.863047761350261400e-02,-8.416362952100818473e-02,-5.466058208586642951e-03,9.268880876793664236e-02,1.848572712749132763e-01,1.421368659546476954e-01,3.535871370496385668e-01,2.592040048812446762e-01,2.868787960053081343e-01,5.105825568832587230e-02,6.887937947805349015e-02,-3.536426306294391825e-03,-8.973030686884796159e-02,-8.668048789564073223e-03,7.615941559557648510e-01,2.675050197082775583e-01,1.754103547215941084e-01,3.391189328909617329e-01,2.511979842437593313e-01,2.466134364444114990e-01,5.602288925975548728e-02,-3.513740922832193220e-02,-4.878025582864489729e-02
5.102799618655874392e-01,-5.432670339419502174e-04,-1.911295803244802416e-01,1.211745963393219133e-01,-2.809762030351551157e-02,4.159442036110563845e-01,2.952684925877971378e-01,1.574978644612127776e-01,-7.719596930635652665e-02,3.698701631042781157e-01,-1.919966951548801870e-01,9.660095761645991208e-02,4.420608508364306521e-01,9.809365797781657847e-02,2.646395073364617434e-01,5.214890984794644524e-01,2.939330635226761745e-01,4.895143060838302862e-01,-1.673890366279768560e-01,7.532605859229907219e-02,2.892081167988365675e-01,1.156035221539361280e-01,1.860621620468048687e-01,3.334737496517886646e-02,5.931369616742159234e-01,4.475845107304368131e-01,1.834764839448841112e-01,4.245057972243826971e-01,2.931783669283730132e-01,1.955529204914076835e-01,2.305560084018923594e-01,8.925835274822727095e-02,-7.860726018952750999e-03,2.695244650679626819e-01,-5.046729014042651562e-02,-2.448033359884947691e-01,4.465794991439422240e-02,-1.123508531918936681e-01,6.910235542555392962e-02,-2.924672556805849727e-02,-6.797872571649555759e-03,-1.160300503539714451e-01,8.828034118456770662e-03,-1.809282817293500767e-01,6.511069105608920105e-02,2.260314399568888188e-01,8.163921627497411869e-04,1.388265648405875574e-01,-1.062413164067483456e-02,1.102684613551898757e-01,9.214876910215827333e-02,-1.521606313521117193e-01,5.019638448779249057e-02,-7.579601992646982020e-03,5.603296555849815626e-03,3.488641104325974213e-02,-7.541416087432283033e-02,7.410919313970028288e-02,5.802447761088854600e-02,-6.038382746070452417e-02,2.284806137098541745e-01,-1.123575004849608067e-01,8.848672303430137054e-02,2.049639748777546955e-01,-2.903546620036393661e-02,-5.800515463747196732e-02,6.362274519362505210e-01,-3.802092880402543201e-02,1.236134715543636825e-01,1.644398612127940251e-01,-6.764106097617378355e-02,1.011683370254467668e-01,2.071502415855576429e-01,-1.013785529672494162e-01,1.961621696083293009e-01,2.675050197082775583e-01,7.615941559557648510e-01,-1.778406161228500426e-01,9.463455599827090559e-02,1.490900840632472003e-02,-8.309104787035045958e-03,3.963559979051931720e-02,-2.114005031919686389e-02,-1.023555187377859915e-01
-2.878507220875980432e-01,7.665624838348292225e-02,-2.418532354072884527e-01,-1.470881331997095920e-01,-2.908852539299620066e-01,-2.509539141072635871e-01,-4.586569014085449814e-01,-2.033324191270185766e-01,-2.776442301486369835e-01,-4.138650312704905132e-01,-3.245756042275027564e-01,-3.215797233307592373e-01,-5.079343807367299179e-01,-2.411905367166689018e-01,-2.051429840685286832e-01,-2.624894189176831261e-01,-2.867183703663681027e-01,-2.705331313574979579e-01,-3.904667224970703732e-01,-3.407367154680219778e-01,-1.397023033583157381e-01,-3.768892663445527202e-01,-1.198696687491973278e-01,3.049480120097785088e-02,-3.088920407428659698e-01,-3.851252169872748099e-01,-2.607169925752785278e-01,-2.709987312713805219e-01,-2.807955164451054753e-01,-1.913449281062819946e-02,-3.846777033194139217e-01,1.174753798854857589e-01,-6.878644249058894766e-02,-2.165851667967652328e-01,3.588566061938787410e-02,-2.310405901127633166e-01,-1.442272508432008993e-01,-4.111426948786800484e-01,-7.976454193425848438e-02,-4.648814558221580628e-01,-1.020909134846093858e-01,-4.150262946682930498e-01,-3.668280001194266782e-01,-3.557966956817759652e-01,-1.990381096557030383e-01,-3.865276606172725060e-01,-1.551788011210139817e-01,-2.502915997999503595e-01,-4.336254224063932489e-02,-3.016954723635409397e-01,-6.938259400251321762e-02,-4.235881585236285773e-01,-4.012173523407905340e-01,-3.420474299969547549e-02,-3.477184415254930272e-01,-5.502568095216262695e-02,1.157391233960604199e-01,5.081735489633464747e-02,-1.990310055582758253e-01,-1.866883546518263437e-01,-2.603153024473583987e-01,-2.169049860259792406e-01,-1.429468345715284583e-01,-3.580425338699361193e-01,-6.848498877523528927e-02,-9.842468889852941383e-02,1.418720015463932269e-02,7.196912095194977210e-01,3.858399279893507394e-01,2.507242659516586980e-01,1.885611624523504670e-01,-2.194649052082533469e-01,-4.182412763014821122e-01,-7.149295185729606129e-03,1.867846221845718413e-01,1.754103547215941084e-01,-1.778406161228500426e-01,7.615941559557648510e-01,3.831342463691908562e-01,2.347671307668071639e-01,1.881111487589348652e-01,-2.086981565238770764e-01,-6.764052584059451756e-02,-1.496020242029118957e-02
-2.562296808150687499e-01,4.691706050997796612e-02,-4.846409288249390879e-01,3.321358442124561737e-03,-4.312480426343874296e-01,-1.563879438229805463e-01,-3.422963713600802871e-01,-3.818807451424170440e-01,-4.343893620820664103e-01,-2.646658862562998871e-01,-4.661065249005421074e-01,-3.162816704053655892e-01,-3.734907815265797737e-01,-4.039929669216861252e-01,-3.249310290135746793e-01,-2.974577931070883016e-02,-1.225018969216662562e-01,-1.318148842329521786e-01,-4.571575519303972546e-01,-4.037290073570691806e-01,-3.336886531444565041e-01,-4.167821800445793423e-01,-2.924223884180986999e-01,-2.007754278606736220e-01,3.100718507716915262e-02,-2.118631503237078662e-01,-3.696476072500331500e-01,-3.325687798376843474e-01,-2.785569667883716072e-01,-2.362234159414323617e-02,-4.946546985478056380e-02,-1.420269474303907098e-01,-2.380927347141053585e-01,-2.283762080384851567e-01,-5.691932269328314059e-02,-5.122229523203185586e-01,-1.856058373508192097e-03,-4.675603880338591312e-01,-2.102385349334402742e-01,-3.929756588598741218e-01,-3.442243283354292083e-01,-5.075067456780121278e-01,-2.000306852824772219e-01,-4.613452568754353722e-01,-2.776318704081570665e-01,-3.503356378063943177e-01,-2.543476138786450180e-01,-3.929696397044240563e-01,3.456270462034682217e-02,-6.640386514444852895e-02,5.730081448505825598e-02,-5.809870953419602468e-01,-3.788346578702510015e-01,-3.152716976274235750e-01,-3.813171898546476313e-01,-2.977699979822042153e-01,-1.288745876354353836e-01,2.028639678010141223e-01,-2.474349433527999464e-01,-3.516113544837464189e-01,-3.517190509824525968e-01,-1.958803950891289947e-01,-1.624631965028521530e-01,-6.666532813951747682e-02,-2.095531613523320125e-01,-2.273523212041862196e-01,2.396887380812176838e-01,2.735851656283939115e-01,8.467793916872784488e-01,6.681224003603468686e-01,2.636117314593371952e-01,-1.977279952707075850e-01,-2.542627152919755273e-01,2.302220851512998545e-01,1.029899816425637743e-01,3.391189328909617329e-01,9.463455599827087783e-02,3.831342463691908562e-01,7.615941559557648510e-01,4.977521870697118045e-01,7.216909245675934281e-02,-2.364501310563532077e-01,-2.424323477807930338e-01,2.419957940571104971e-01
-1.915183157420320692e-01,1.537759920398950320e-01,-4.025291134887106770e-01,1.016775608515381180e-01,-2.210547400003645691e-01,-1.215148810926059281e-01,-1.612768239392853298e-01,-2.394660765939995994e-01,-2.365217205176609605e-01,-3.477049075440158399e-01,-4.103412653485282169e-01,-1.804291223177324488e-01,-2.278562690037461147e-01,-2.505268589505315058e-01,-2.142284439214567904e-01,-1.064027962303885355e-01,-1.217413069399868319e-01,-2.249270123392965448e-01,-4.565006798628120643e-01,-3.714409790931222366e-01,-1.023426715232252093e-01,-2.913003692589861693e-01,-1.619928769289506465e-01,1.195533559922101405e-02,-8.402619657317722535e-02,-1.617194719792478808e-01,-2.576930758179217795e-01,-2.306860029816722724e-01,-9.628999934938137217e-02,5.437525722845104430e-03,-1.821590344766874925e-01,-6.804213689280103061e-02,-6.944341885107620238e-02,-1.253730543754984494e-01,1.459796592565201778e-01,-4.095993804879412004e-01,-8.378240583799569097e-02,-2.843694297292342354e-01,-9.714472447005093048e-02,-1.556213458838167640e-01,-2.228504126165590515e-01,-3.205720421884783455e-01,-2.121188527767867149e-01,-3.909855744172264780e-01,-1.695119073356189943e-01,-2.421041628336312312e-01,-7.556982642616813517e-02,-1.921608069078768466e-01,1.616183321193165323e-01,-2.310968072764819914e-01,-4.087421415751361919e-02,-5.383840148942119486e-01,-3.249396688362008456e-01,-5.149284165190694262e-02,-1.596542155070319879e-01,-1.834324974087271909e-01,-1.280890858793228872e-02,1.315571755453252834e-01,-1.217778307775046337e-01,-2.084412838065732021e-01,-1.397386087469957572e-01,6.153624558823583661e-03,-2.309876351443936326e-01,-4.949168734660803343e-02,1.314268254863271666e-02,-4.274073080490564669e-02,1.167906172077995269e-01,1.341775667354548340e-01,4.329790738577471987e-01,8.310791896600583373e-01,3.272017546679561462e-01,-9.847263070162531884e-02,-1.435754331118925531e-01,-9.630103927104459449e-02,2.236404407538369887e-01,2.511979842437593868e-01,1.490900840632468881e-02,2.347671307668071639e-01,4.977521870697118600e-01,7.615941559557648510e-01,1.018687887601881781e-01,-8.199244293242154147e-02,1.467134057049702400e-01,9.328854511676774874e-02
2.580702871743614790e-02,2.897178177321334536e-01,1.479664167291268595e-01,-2.367780688051170784e-02,-3.394860911086534927e-02,-6.898926552190387529e-02,-1.614553437905051625e-01,9.462585230210263099e-02,1.463169936863989787e-02,-6.645703498902195971e-02,2.110780893306378747e-01,-6.823970767925480185e-02,3.669970054609520554e-02,6.885813611100426168e-02,7.702412297563282495e-02,1.036107452854367755e-01,-9.904954849352315405e-02,1.098015439033016988e-01,1.364238935247513718e-01,5.544120555716256643e-02,1.392265859204806500e-01,6.095809532686028570e-02,9.899069434040075333e-02,-1.471053990089466260e-02,2.419334338467616502e-02,-4.751468841674759414e-02,-8.099925203146501884e-02,1.285605489489171915e-01,2.107930574352360475e-01,1.677873447613141000e-01,-2.635711648132093785e-02,2.781883805090594741e-01,2.777389627191594879e-01,2.097989520636866501e-01,1.919041191443688343e-01,1.321310574177414765e-01,-1.057904417079131992e-01,7.170662294369109513e-02,-3.117433787287500133e-02,-2.102205705883870290e-01,1.177555299247737136e-01,-3.768489199285331853e-02,2.283285444722717508e-02,1.731738277500887158e-01,-1.433664261790936201e-01,4.487285449531940029e-02,1.250687668644559145e-02,9.529560105287743221e-02,2.652651210964180328e-01,-5.249249875826068196e-02,1.870861296171486277e-01,1.857048474486142076e-01,1.368784893760471855e-02,2.379898276656420841e-01,9.953386337717817778e-02,4.962926333339398588e-02,-2.185065491617558392e-02,1.556321125822354989e-01,7.761868252277273617e-02,-1.620321411047084825e-01,2.057791768480401184e-01,1.408055532085129014e-01,-1.292125628075169730e-01,-4.725525550528019564e-02,4.097204117607483598e-01,2.335493582314739358e-01,-2.314621709919303591e-02,1.806735115557919769e-01,-5.312780833480791609e-02,1.419099269563290355e-01,4.925716802113273007e-01,-1.808698786640927370e-01,-1.823185135653160038e-01,-2.469108116149029419e-01,4.254890072067127327e-02,2.466134364444115545e-01,-8.309104787035032080e-03,1.881111487589348652e-01,7.216909245675931506e-02,1.018687887601881781e-01,7.615941559557648510e-01,-9.175333384499129163e-02,-5.410466207003999072e-03,-1.163011425801050713e-01
2.341121330698509306e-01,2.008651905733844778e-01,1.240456168955109545e-01,5.189585703738421874e-01,4.877895411754215593e-01,2.809015900969834556e-01,3.378258346063432449e-01,4.211057482513195227e-01,2.534004698725165761e-01,2.552957865936285042e-01,1.298309858114360393e-01,5.480549103186737048e-01,3.114659651936569351e-01,3.614096613528735014e-01,3.067474437021414646e-01,2.280376320317539507e-01,1.005355210042932074e-01,1.425158991811142917e-01,-2.196122578291335656e-02,3.381198461546297551e-01,3.445254276754467493e-01,3.596115060944145569e-01,3.438207337345041137e-01,2.344572603108500686e-01,-1.119734281765387765e-03,2.961786457387180493e-01,3.451619293209083339e-01,4.816554385982389497e-01,2.871916994739903140e-01,-1.612117098533809301e-01,2.347475084319606831e-01,3.447234624757074539e-01,4.226232651511517835e-01,3.579241182955310019e-01,1.962446047440031816e-01,5.542513875628621300e-02,3.017133436754055320e-01,4.321538544216785849e-01,3.818884317245823112e-01,3.510006214877455233e-01,3.429608086451924054e-01,2.778775293638572896e-01,2.612530001217837072e-01,1.339403170061826132e-01,5.489529222962522548e-01,3.006499242722601717e-01,5.046627280749896860e-01,1.909432981500638893e-01,3.379158637442030710e-01,1.911899024578573095e-02,5.085926740996878775e-02,5.423898999875979843e-02,3.888043095220449219e-01,3.477666646593318145e-01,3.913492298710781747e-01,3.223507522291931826e-01,6.830567866207459815e-02,-7.555846730401515055e-02,3.016762595453754137e-01,3.497434743400294477e-01,5.736164823047293915e-01,3.192847540339570633e-01,6.210031280141274646e-02,3.544767341156123686e-01,3.997622084870325332e-01,4.729980685087217251e-01,2.239458255767049627e-02,-1.619431314519675369e-01,-1.594184129377440584e-01,-1.469485449354515083e-01,-1.829846845395208810e-01,8.206987468303765798e-01,4.597224780804951005e-01,1.080912174675803528e-01,1.501988450123488972e-01,5.602288925975550116e-02,3.963559979051928250e-02,-2.086981565238770764e-01,-2.364501310563532077e-01,-8.199244293242154147e-02,-9.175333384499130551e-02,7.615941559557648510e-01,5.450159599874223604e-01,1.920648832483389246e-01
1.659768737559361509e-02,1.313222680497316275e-01,1.106892672350631435e-01,4.118106063744197964e-01,4.082340996453766579e-01,3.407185868248562011e-02,1.268677049102369114e-01,1.772098771215006030e-01,2.344641345914189046e-01,-3.464336657790144380e-02,1.326980799016746759e-01,2.261183807495250886e-01,-1.152848769744928420e-01,2.217129595533562092e-01,3.343643337723770093e-01,-9.196066978131060832e-02,-7.546464636662435221e-02,-5.452070764614221077e-02,3.697366587401218485e-02,3.022421547695348654e-01,9.820370615270818115e-02,2.436404533608255985e-01,1.918030250179384721e-01,1.119141619101370055e-01,-3.190636496189620530e-01,7.948474693547428332e-03,1.598340467033617374e-01,1.805135721501764101e-01,5.079585825805996852e-02,-1.046660639402578474e-01,3.138937043250720205e-01,2.222891648404530796e-01,3.394153285184799418e-01,1.386393317413494863e-01,1.249771813466126341e-01,7.839396241298948742e-02,1.234495257528813728e-01,3.519984655845035948e-01,2.407913027693761032e-01,2.210934431611693840e-01,2.231712248531826648e-01,1.941868587180611283e-01,1.300660611808707734e-01,9.188911411038196142e-02,2.879872786932761164e-01,9.328576895484023968e-02,3.507814573325420682e-01,2.210588012546257364e-01,2.070847359515633201e-01,-1.638493538711274233e-01,-9.427507011596038267e-02,6.841380982058476411e-03,2.594395322166140883e-01,1.708685672301222536e-01,3.136574400596413015e-01,2.583060680483240112e-01,4.350147756577872615e-02,-2.288498010465210564e-01,1.875180063594417690e-01,1.987455913162169130e-01,4.048999696298064555e-01,1.520452496242844509e-01,3.894640629112770813e-02,2.927543569335766538e-01,2.327101440724578807e-01,4.198504661096095214e-01,-1.860405344205159905e-02,-2.013566792642313141e-01,-2.151705659193794140e-01,-5.415248755239669004e-02,1.571319985132338115e-01,4.846890942322638063e-01,5.063234928896814813e-01,1.008718586791720051e-01,4.422685121882144466e-01,-3.513740922832190444e-02,-2.114005031919682226e-02,-6.764052584059448980e-02,-2.424323477807930338e-01,1.467134057049702955e-01,-5.410466207004012949e-03,5.450159599874223604e-01,7.615941559557648510e-01,-1.060484005870414650e-02
-1.752957783375931333e-01,2.153065262879916841e-01,1.522230239623801641e-02,7.807640658968900693e-02,1.423874748485360886e-01,-3.095011365186323138e-01,1.868436036599121219e-01,-1.169641465472965047e-01,2.284720253188424199e-01,1.815406481598575428e-01,1.066952786689525784e-01,6.345629468732379153e-02,-1.225605611225971947e-01,5.769311587886803705e-02,3.939895877279371572e-02,-2.193487284861371234e-01,-1.224482264448522040e-01,-1.378887994914183013e-01,-2.267928481740428825e-01,2.307463334980247305e-01,-4.659191128052479758e-02,3.054595669030012173e-02,-1.132951410287348810e-02,2.658247594484440257e-01,-4.459233437778856862e-02,-1.502613183084599013e-01,1.757637684894670579e-02,1.330216626854681741e-02,-9.321407987462246303e-02,-4.161358648514870695e-01,6.627189332344932127e-02,2.447544571114907558e-02,3.562155660540411439e-01,9.897522072890348188e-02,2.916031485435692239e-01,3.775929371761698600e-02,-1.480281752472573445e-02,1.854238571412055725e-01,-1.262471813278722987e-01,1.791682384551744611e-01,1.683122426615737618e-02,2.374099812609742621e-01,3.948371653244384660e-01,1.409454450818981575e-01,1.346990962910645795e-01,6.925766118654003156e-02,4.651410676294568530e-02,1.298282987330923732e-01,1.262370494853514713e-01,-4.805116402270598330e-02,1.193577615320330215e-01,-1.382502932238579563e-01,2.246906405522368366e-01,1.725328989241639854e-01,2.461084305764823024e-02,1.124463959511818600e-01,3.103009424099097413e-01,2.057265067385982971e-01,-1.047025175701320893e-01,1.440470722138701698e-01,1.904464710661867566e-01,1.944248394769416133e-01,-7.732215001356942084e-03,1.789528470176758035e-01,1.565242603824500978e-01,2.847640504256058192e-01,1.195670029451498528e-01,-1.490117500307932275e-01,4.116899205484181312e-01,1.126665440288558417e-01,-2.454128455344211160e-02,2.810669745427394339e-01,1.531746381029503168e-01,7.324029058025941508e-01,1.620317401967018289e-01,-4.878025582864489729e-02,-1.023555187377860054e-01,-1.496020242029116182e-02,2.419957940571104693e-01,9.328854511676774874e-02,-1.163011425801050991e-01,1.920648832483389523e-01,-1.060484005870410487e-02,7.615941559557648510e-01
