7.615941559557648510e-01,2.705601262316508770e-01,1.015028003353739827e-01,2.096624733798495566e-01,1.174251835680209105e-01,-2.852838141976553610e-01,1.297276351779789727e-01,-1.281694573157690087e-01,1.721373187892236700e-01,3.198126811683331683e-01,3.150554930931149383e-02,-4.970924973648772199e-02,3.365179122791290278e-01,-2.484700143956005136e-01,3.671031629586914979e-01,6.040890373713451167e-01,2.265051561293964233e-01,7.188919588509198322e-01,-1.341206437689758113e-01,1.891254211707743271e-01,1.790198786632986594e-01,3.449592142358023916e-01,-2.682724628744784234e-01,-3.638863235114921796e-02,4.565664523436788885e-02,3.424552206641173213e-01,2.507229144199398241e-01,3.866185260888131969e-01,5.360870676268684187e-01,5.482632169881855588e-02,3.669800363188203129e-01,-1.340726444026778263e-02,3.654103745300182338e-01,4.615474465968090190e-01,1.362539090899432259e-01,-8.688873761891628689e-02,3.213756761642861531e-02,1.304204059310508923e-01,-4.958269781784472308e-01,-1.944929146667812025e-01,-4.701181914380099802e-01,2.530467096109549341e-01,1.496652526447550813e-01,9.051530047774902776e-02,-5.796841919589374587e-02,-1.774135325938087926e-01,-3.032803404085591126e-01,4.553885053588066500e-01,1.345290595070642269e-02,-2.184634041354889811e-01,3.158491866323039354e-01,-6.457184907702462340e-02,3.259089935524982495e-01,6.385687673214676674e-02,3.094415888160007566e-01,-5.088310016299337768e-01,-9.010346530556238853e-02,-3.930003553262637062e-01,-2.982692282517848681e-01,1.171163580484827771e-01,3.365479206213597974e-01,3.492794626037236116e-01,-5.717831922864358152e-02,3.523453727949816261e-01,7.995917624810713886e-02,3.743595436506576002e-01,-1.005278684775837844e-01,-1.379965147625861477e-01,-4.117329727419455909e-01,-1.108662153682173634e-01,1.125479723747203481e-01,1.757643736000454038e-01,1.747002907036048491e-01,-2.418829809592704105e-01,-1.852250258770376523e-01,7.284311500857920674e-02,2.819718651435060286e-01,-4.110073353979901145e-01,-2.131254678106522249e-01,-1.453246270538553764e-01,8.188429483187834035e-02,3.259547835467446197e-01,2.287140631205283048e-01,-7.335707678660832731e-02
2.705601262316508770e-01,7.615941559557648510e-01,5.555530057796406740e-02,2.435376017289282713e-01,2.316804108989324942e-02,-2.433215513859950940e-01,-1.023307322674794628e-01,1.160091338042764098e-01,-2.299953444412370651e-01,3.196890812232628942e-01,-1.141495898660431635e-01,2.143458275539505409e-01,-1.840916933208705253e-01,-9.833500820878780108e-03,1.121313655655405694e-01,4.705052448114497854e-01,-1.808530454830682421e-01,3.617766911680966313e-01,-1.365283678355790620e-01,1.754937483358937345e-01,3.605116585270394247e-01,3.980441973770916242e-01,5.271473821507744600e-02,3.076907098201829838e-01,3.020817883205265675e-01,4.310159727033641697e-01,8.154690399873981395e-04,7.506116131748699627e-02,3.551858722399314217e-01,1.275375166939773375e-01,1.361687732683691809e-01,6.912163122871155252e-02,7.062744310349827748e-01,3.435878316189050485e-01,7.927013793708581613e-01,-7.211390955423413462e-02,1.045572750091846026e-01,5.956814659291710667e-02,-4.325786367294751633e-01,-4.405545670129077385e-01,-2.314007619834305418e-01,-1.964674305486216466e-01,8.243261910115792790e-02,-9.615461931391110217e-02,6.432821030869448342e-02,-3.828589220535747462e-01,-4.079789403961717881e-02,2.268418418911984369e-01,-7.170947918439682378e-02,-5.000276027778930432e-01,3.398299933409850704e-01,-1.848996430461998242e-01,6.207245429178408908e-02,2.451671664036752241e-01,1.882929754248554022e-01,-2.348871076552115356e-01,3.215411912064318201e-01,-2.348587345910087276e-01,-8.673176152592206034e-02,-2.177153310777512618e-01,3.153065978243945744e-01,1.079297773987181325e-01,-1.917765281914007025e-01,5.933823719238373595e-02,2.113018439959490624e-01,6.317910041237448926e-01,-3.218042025096056191e-01,9.545576980079477358e-02,2.958128047787010953e-02,1.252690824392766744e-01,1.905205039664053523e-01,1.739564556961502584e-01,3.351204816167222683e-02,1.651977279557596823e-01,3.305965868860484824e-01,-8.413783289942614041e-02,4.376843188200350149e-02,-3.045565288939933168e-01,3.002885229246366611e-02,1.497299985502606456e-01,-4.763470884150348278e-02,1.533068318050629930e-01,2.534250268687830987e-01,1.400105136719230203e-01
1.015028003353739550e-01,5.555530057796406740e-02,7.615941559557648510e-01,2.181112922566056864e-02,3.874138349570664386e-01,-6.816736385139554599e-02,3.558752845933217668e-02,3.347608727614524993e-01,5.236935938794998746e-01,3.824912218265297259e-02,7.123759135663739750e-01,9.145840891142011098e-02,-8.475525421252587399e-02,3.652379013743256020e-01,4.368923449175023954e-01,-9.171211646247645621e-02,-4.237529021052345579e-02,3.448413456442817049e-02,6.256046953389300391e-01,2.535380308244744030e-01,1.914604664607003903e-01,1.692661528791855885e-01,1.872188274453939483e-01,1.757802786870641398e-01,-1.034914926815585882e-02,1.765698412004487183e-01,3.589991712117705513e-01,4.117621407670896683e-01,3.852893132232122417e-03,2.771120103775918248e-02,2.581739371003973216e-01,2.229352850912044992e-01,1.990213764110024819e-01,2.473508477904349523e-01,1.108332638930435987e-01,7.615514819154998172e-01,-1.175278695280856101e-01,3.418117127711095549e-01,-1.047641882101206373e-01,-3.492811807089021836e-02,2.976594311263474069e-01,4.333453217634986032e-01,-1.790353344471260280e-02,6.442517395763068810e-01,2.419581298045731313e-02,2.174298014431195677e-02,1.593145246388649738e-01,4.137503502087894192e-01,-1.095987300396346481e-01,-1.539497966437444187e-01,-4.474231936049604536e-03,5.311532693052374299e-01,4.500823127547430302e-01,3.910205242481987753e-01,3.582705872316270246e-01,1.271139506884433890e-01,1.519585461415302596e-01,-1.916697957465472169e-01,9.770311210194961016e-02,3.129451677576782775e-01,3.624330249888754185e-01,1.512244124265507139e-01,-5.349560450288620012e-02,1.459601744745628871e-01,2.484458507339959987e-01,1.802761307935402124e-01,3.408908368828529600e-02,-2.369019939437433109e-01,-3.824965291769307218e-01,-4.941733941862574975e-01,-8.496413475790862146e-02,2.134124635712366380e-01,1.297449237175394288e-01,-9.997737123126358705e-02,-2.639149556470239966e-01,2.112946011845021066e-01,1.953786753382755481e-01,-2.618432808463987960e-01,-3.326172766882105059e-01,-5.727465527699705516e-01,-1.327445431334388914e-01,1.862093532581607369e-01,-1.107699179943969804e-02,-2.761068801993861177e-01
2.096624733798495566e-01,2.435376017289282435e-01,2.181112922566055476e-02,7.615941559557648510e-01,1.752541475187152642e-01,3.671432178612758779e-02,3.947918955427227039e-01,7.465660968977098910e-02,2.458628973452597552e-02,3.708616332973224683e-01,-3.570825226881710335e-02,1.274762643122071548e-01,2.891349360368115073e-01,-1.700501577112342039e-02,4.136576328368644223e-02,1.992140671708182154e-01,1.215471179864340556e-01,2.814471036891950662e-01,-3.709305004931683775e-02,1.248072980543046273e-01,2.986313153204843696e-01,1.353064391468506988e-01,3.525229059692276679e-02,2.224721457018278004e-01,2.262658935735863408e-01,1.435794545421632540e-01,1.241907894230842857e-01,1.539166616594758730e-01,1.316486326227152004e-01,3.142602462980866873e-01,2.668317862677127561e-01,1.427141676907840370e-02,2.592155902836935089e-01,2.585214152735715865e-01,1.319080797054287268e-01,9.670205469948731092e-02,2.357499657596371645e-01,1.667741265841415077e-01,-1.854090710343094250e-01,-8.304768965535205827e-02,-1.021688271926419617e-01,1.791598347187755569e-01,2.452470494677895518e-01,4.082676159904004981e-02,1.619631270767704356e-01,-2.023597558351458991e-01,-1.230073852443667876e-01,8.235060412879149916e-02,-1.328573599950796380e-01,-3.399593764207758939e-01,1.643960736972197023e-01,-2.635153519400244143e-02,8.301554534281098408e-02,1.570348872635953519e-01,1.136972725087254388e-01,-1.273459538547757897e-01,1.816905717565494294e-01,-2.379170474375181810e-01,-1.908558182512052337e-01,7.715008476922201319e-02,6.029610302777995562e-02,2.180762411111105900e-02,3.534015080863437963e-01,3.259231827985758501e-01,-1.486654768321709064e-01,2.341198592887238639e-01,-2.097101172483775422e-01,-2.013080138467525093e-01,-1.627433751132098538e-01,-6.444244373178515881e-03,1.900655591062932748e-01,5.154428508296761136e-01,3.056137768052863413e-01,-9.445516614736920724e-02,1.017560531014109898e-01,-1.889199228610871639e-01,3.027501373257773364e-03,-5.040676183138051991e-01,-5.837296823168443283e-02,1.638385172220141184e-01,-2.826773221926665025e-02,3.892291988230049404e-01,2.541391101079455428e-01,-3.735047929503448189e-03
1.174251835680208828e-01,2.316804108989324942e-02,3.874138349570663831e-01,1.752541475187151809e-01,7.615941559557648510e-01,6.054023449120252837e-02,5.261009967930422304e-01,7.741801431720037041e-02,6.314609966272173303e-01,1.328521908836398924e-01,4.446324702247052563e-01,7.937793158782600889e-02,4.189856658665155886e-02,2.729618509072859189e-01,2.886028133979337551e-01,8.063575852395091226e-02,5.841596388995127370e-02,7.734509298488805029e-02,3.062509951972621977e-02,3.749398992518396811e-01,1.244045496748674845e-01,3.598341325220522080e-01,3.470682328416702794e-02,9.476018583485967123e-03,1.395090461765827461e-01,8.530661253998413074e-02,5.113306731389076765e-01,1.365864818675122383e-01,2.224538567994407967e-01,1.384212538313808194e-01,2.294476395386529366e-01,5.346578709776716315e-02,2.766550505931930082e-01,1.778168046836506588e-01,2.303793420472784528e-02,3.993911239608498587e-01,1.204801635735315429e-01,7.980776564501974590e-01,-4.943865897537315368e-02,2.666987262486776866e-01,-1.990907912055842836e-03,5.999839368095640779e-01,1.426533056636879356e-02,4.568666145665967737e-01,1.258458388115194296e-02,5.665861423807815045e-02,2.744131982693092664e-01,2.679765516259676739e-01,-1.249171725025892687e-01,-1.269743986360983845e-01,4.657227822321247795e-02,1.246945550984032008e-01,3.069665671947734986e-01,1.134379864008412536e-01,2.950895197064475339e-01,-3.955019190072520813e-02,-9.772106738634274425e-02,-2.184336951933612270e-01,-1.240226699565804974e-01,3.887892893120635796e-01,3.152501549157314953e-01,1.112716693102171611e-01,6.085068106562820101e-03,1.659079700708983307e-01,4.214487419064013446e-02,2.647542659044389013e-01,-6.586347341409849732e-02,-7.851831077387096125e-02,-3.500527932671445575e-01,-1.104660882088964319e-01,5.632750008384621032e-02,4.499506890393371594e-01,2.735164418884186710e-01,-1.086242679241841286e-01,-7.923171937520075148e-02,2.291634421338539784e-01,9.924056578813174323e-02,-2.804832152662884992e-01,-3.734624317739939636e-01,-2.253288663517740986e-01,-6.256705056812071619e-02,4.456007387065959446e-01,2.377356897070441732e-01,-2.849375021484290560e-01
-2.852838141976553610e-01,-2.433215513859951495e-01,-6.816736385139555987e-02,3.671432178612757391e-02,6.054023449120245898e-02,7.615941559557648510e-01,2.422600335497374913e-01,2.008778804912412785e-01,-2.753251141433239457e-01,-4.874519093535974006e-03,-2.186403239413681199e-01,9.438491732007131541e-02,4.560717418069303308e-01,3.184360431286859527e-01,-1.744832494171947301e-01,-8.033602237549664071e-02,2.144390753492811386e-01,-5.141417050616801931e-02,-9.769807405038317960e-02,-1.607231612791884812e-01,1.016145873042124947e-01,-2.695734132785701509e-01,5.538564672773896858e-01,8.783297655135390014e-02,3.759919073358087283e-01,1.917729858850006908e-01,-9.625143380082303024e-02,5.286106520322160496e-02,-8.503733235710392302e-02,2.791736883715687512e-01,4.883726345181247513e-02,8.214183147028775167e-02,-2.398324389519386757e-01,-1.772337994490216229e-01,-2.951889018680367016e-01,-4.609220796956845639e-02,-1.980868498629556329e-01,-1.752800929278252040e-01,3.100732249951521080e-01,-9.386113097539265648e-02,1.637944233498006830e-01,-2.964062264660398127e-01,-2.110731572790223165e-01,-2.344526461693373642e-01,3.677273489033896364e-02,1.169525281552377394e-01,2.826812766716167991e-01,-2.983115958080497787e-01,-1.173179477654408831e-01,5.118599783796278641e-02,-2.361711900091998106e-01,-1.698198226484090301e-01,-1.701592152296239613e-01,-7.250123492536646175e-02,-2.902191852607917677e-01,2.597839111542658008e-01,-1.374585323054036412e-01,-1.361241398382340151e-01,7.627769335042786092e-02,-2.112742371995343094e-01,-6.380072801514999337e-02,-3.110421309773761522e-01,6.979171494157081213e-02,-2.036258647654501652e-01,-2.995781762285850552e-02,-2.210358456588500109e-01,5.162723699433111046e-02,1.274492469698385033e-01,1.228937197509090001e-01,7.326353969374138630e-02,-2.153535512925650389e-02,-5.216010496001202701e-02,-1.021432163316825237e-01,1.665603550579296960e-02,5.902694494275673338e-03,3.101485867257746873e-02,2.039440570959309973e-01,1.199768886291616328e-02,1.743770461152354401e-01,-6.235862006350192076e-03,-2.785624846078422756e-01,-2.224580586192389797e-01,1.123128600102908242e-01,-2.149045602216828887e-01
1.297276351779790005e-01,-1.023307322674794212e-01,3.558752845933218362e-02,3.947918955427226484e-01,5.261009967930422304e-01,2.422600335497374913e-01,7.615941559557648510e-01,-1.147156979086776940e-01,2.298699401918933016e-01,1.875694693839728422e-01,4.073056069380706634e-02,-1.432725548681859362e-01,3.301814162640279160e-01,-2.837134783065837357e-02,6.290444605249927157e-02,3.191898945231482210e-01,2.910621052606465753e-01,1.102689029073542354e-01,-1.428523825808508396e-01,1.539551055510623712e-01,1.219494078409830845e-01,2.630412679431423095e-01,-1.002976099527975173e-01,-1.977939066749694608e-01,2.820602304907151026e-01,8.065067745887518832e-03,4.824401527612203200e-01,-7.422032761266275647e-02,3.281244539982856034e-01,8.348983976609017366e-02,3.445585575903750142e-01,-1.699691855247597860e-01,1.038681427697011467e-01,1.030137966949726813e-01,-3.782064024868612984e-02,1.762306782785836093e-02,2.194149629009127245e-01,3.329910286752648663e-01,-1.201845364334434979e-01,4.223912601533802991e-01,-2.352806800728088343e-01,2.979180696950085583e-01,-4.078687439123104830e-02,9.671384675414369803e-02,-2.076457427033880365e-01,7.449274062702537780e-02,-1.098471114451453207e-01,1.465350854072424748e-02,-4.658064157723405818e-02,-1.062203088966232195e-01,-8.053439990374241728e-03,-3.571209562577101759e-02,8.997525787179368184e-02,-3.990188735515869806e-02,9.116391512867745572e-02,-2.527877167505649392e-01,-2.582606163008894229e-01,-1.875220702365901770e-01,-2.842468008698859627e-01,2.994061599468083590e-01,-4.015287110504507651e-03,1.178903538596267342e-01,-2.768132706804819071e-02,2.154286481998360647e-01,-2.485746700163591061e-01,8.627884887409573156e-02,-5.469965229725508998e-02,-2.315985572127275127e-01,-2.860794649681035473e-01,-9.341466771763932975e-02,-3.181354056548615222e-02,4.756407089437832414e-01,3.127437069372147049e-01,-1.305530220012542930e-01,-1.718131473776009499e-01,1.604697057112080549e-01,1.635812022674070498e-01,-4.039656483876898352e-01,-2.127330393553272525e-01,-1.103598853633915022e-01,-1.333734785016898461e-01,3.648641588111030121e-01,2.220264040461088495e-01,-1.860597449822523897e-01
-1.281694573157690087e-01,1.160091338042764098e-01,3.347608727614524993e-01,7.465660968977101686e-02,7.741801431720039817e-02,2.008778804912413063e-01,-1.147156979086776663e-01,7.615941559557648510e-01,-1.055663611344459796e-01,3.496009166585159478e-01,7.481956284363676379e-02,4.565161696755334897e-01,-2.554871671555701898e-02,6.250755345346457048e-01,-6.637214061487156647e-02,-1.478953783484466544e-01,-1.600609492679833656e-01,1.207034116580477101e-02,1.485966458361875076e-01,6.599526656066544150e-02,5.309426689615998063e-01,-5.021049932086360003e-03,7.355440549429024255e-01,5.603235029985199622e-01,1.117979606440509949e-01,2.922368537039723990e-01,-2.230410246053429746e-01,3.263602875081031973e-01,-3.109019658549375120e-01,4.961952912994671006e-01,1.265385790662530430e-01,2.601285431459329223e-01,4.284195595162915843e-02,-5.398116904936284960e-02,4.966080984559523986e-02,2.767755356523078913e-01,-1.323428984721127522e-01,-3.744072704202333363e-03,-1.194851071306137907e-01,-3.285955026984953009e-01,6.281880356193030313e-01,-8.177381397151901876e-02,2.119109364380946936e-01,-4.354484244764616346e-02,4.004056653973179225e-01,-2.451257080356810114e-01,3.650161939547246770e-01,-6.179027204846322674e-02,-3.904967197517785205e-01,-3.774311048499892074e-01,-2.180177996672655050e-01,5.726745622383324491e-02,-3.407468147585185261e-03,2.906093645156878069e-01,-9.327842980707438947e-02,4.013846455187033979e-01,4.734996220641750631e-01,-3.995068453250634199e-01,-3.323780648012465699e-02,-2.521506936130525900e-01,1.311547482407977028e-01,-3.994695357078998366e-01,2.852913649909245564e-01,-1.153342774259356746e-01,1.058176887074508826e-01,2.097190850971439660e-02,-2.120265814698241991e-01,1.092769852295098765e-01,-9.774676592391330632e-02,-1.506574246520782090e-01,2.078057208054398808e-01,1.720587938537399275e-01,-1.821348679566107617e-02,2.537465297650590701e-01,-2.175228381635722560e-03,1.113164077356646742e-01,7.599684524184842360e-02,-1.788217892143860455e-01,-5.431891268546305829e-02,-3.203068756774563042e-01,-2.790352091830003434e-01,1.215951257407023450e-01,-8.740086558539113606e-03,1.014780417633416032e-01
1.721373187892236700e-01,-2.299953444412371484e-01,5.236935938794998746e-01,2.458628973452598246e-02,6.314609966272172192e-01,-2.753251141433239457e-01,2.298699401918932739e-01,-1.055663611344459796e-01,7.615941559557648510e-01,-4.061775600531829233e-02,6.161685114824450027e-01,-7.129514672499084882e-02,-5.835269196609316200e-02,-3.625726860388369527e-02,4.039152752356220955e-01,-1.083295495114311793e-02,1.598905643347669214e-01,2.830700669678403933e-02,2.237514947345220218e-01,3.277294348329202744e-01,-7.423612729667070087e-02,2.837782051280862694e-01,-3.535688314363155671e-01,-6.399056453126952815e-02,-8.105054520018245556e-02,-3.054703960559191842e-02,4.822768115713482184e-01,1.667369818883475963e-01,2.666094163017328905e-02,-4.624147697832695775e-02,1.642247246391208282e-01,-6.288400274955140146e-02,1.361370226587403920e-01,8.443224634995952216e-02,-9.558353113240218579e-02,4.360551953743230236e-01,-5.075735058570340213e-02,5.224848497436338501e-01,-1.449477241443853093e-01,3.024677531120824603e-01,-9.198454219707678792e-02,8.518946270885361383e-01,-2.493585049207517820e-02,5.581966252831331854e-01,-7.687517895872396367e-02,5.064889286766213750e-02,-1.816869776142017445e-01,4.112886445598150087e-01,2.119696376669966392e-03,9.200997261565602159e-02,4.300315767395807010e-02,2.831979750582753197e-01,4.117258130521119774e-01,1.184641697904405822e-01,4.376662694766614847e-01,-2.998010579434843281e-01,-8.419369903183593351e-02,-1.257682319031057198e-02,-8.646944204991691141e-02,5.206994090717272927e-01,1.756767843390407424e-01,2.772069662255519096e-01,-6.194600812656265304e-02,2.366750730298202710e-01,-3.909543292860757913e-03,1.274353739128021579e-01,1.925111174482853349e-01,-3.544417064713656362e-01,-3.419401010297852816e-01,-2.592941929583338356e-01,-1.302121209407232361e-01,2.732967056896030700e-01,9.314707279275671881e-02,-1.323916474629963369e-01,-2.780277393054617630e-01,2.489363934271850709e-01,2.416060622725107743e-01,-2.921344920322272443e-01,-3.301195131620482948e-01,-3.084313791717825937e-01,2.941180430883253219e-02,3.648746941361528107e-01,-6.212523998171515238e-02,-1.988047702424199925e-01
3.198126811683331683e-01,3.196890812232630052e-01,3.824912218265297259e-02,3.708616332973224128e-01,1.328521908836399201e-01,-4.874519093535980944e-03,1.875694693839728699e-01,3.496009166585159478e-01,-4.061775600531829233e-02,7.615941559557648510e-01,5.778002486639049334e-02,6.763691898299273308e-01,2.716958589740673946e-01,2.089303798583273808e-02,7.293934245807018324e-02,4.605491330699976182e-01,4.296331470787100315e-01,6.118122333562332482e-01,-2.102962003380066253e-02,3.871693148225963665e-01,2.593222892750972619e-01,4.291879743827028970e-01,-1.862186454195263047e-02,6.752586016337207564e-01,4.489126562476972171e-01,6.532845258509804021e-01,-8.268146288756561546e-02,3.413398090420596276e-01,1.863184607699271411e-01,6.798383773142910869e-01,3.812187842631056811e-01,1.198669054076990370e-01,4.767792497621383130e-01,1.575775303508885616e-01,1.140503688344636363e-01,3.467384384681662830e-03,9.140999705252192409e-02,2.603667550004178932e-01,-4.207912633353654841e-01,-2.953916322426899388e-01,-1.503396184031385030e-01,1.557669953394522633e-01,6.850945833147952246e-01,9.983473588986441216e-02,6.171765339476480428e-01,-3.881555474716703591e-01,-1.851814051641603384e-02,1.011855972756606492e-01,-1.205006136581376758e-01,-2.285121580811307340e-01,2.482541104635158924e-01,-1.313371290072160892e-02,3.051630344986586696e-01,-6.594675639627210761e-02,3.527147318302869539e-01,-3.827419559301488139e-01,5.705645455938179733e-01,-2.284417821839061780e-01,-4.703634719094490491e-02,-2.262367052502803622e-01,3.997757293260219558e-01,-4.939434102117748471e-02,4.764052263382497765e-01,2.977845675133370396e-01,7.335701360880129973e-02,4.938882962805261068e-01,-2.722010933763517881e-01,5.495110348930634658e-02,8.377363721243787087e-02,1.084761857878047547e-01,1.097571401033521910e-01,5.217383592112321278e-01,4.162133343366952731e-02,3.156735111851819431e-01,4.037058311887893325e-01,4.079619851802148561e-02,3.281466821967939373e-01,-3.656447937344328714e-01,-4.987895225064394727e-02,4.982909502975774868e-02,-2.420065556796685280e-01,4.104130699238220381e-01,2.744071944237244653e-01,9.573885899918305187e-02
3.150554930931152159e-02,-1.141495898660431635e-01,7.123759135663739750e-01,-3.570825226881713110e-02,4.446324702247052563e-01,-2.186403239413681199e-01,4.073056069380703859e-02,7.481956284363672216e-02,6.161685114824450027e-01,5.778002486639051416e-02,7.615941559557648510e-01,1.474870480245165094e-01,-2.169810068316810336e-01,3.337515727270045640e-01,4.278224974233834632e-01,-6.396398412689401070e-02,1.220963918807640297e-01,2.479106440456028959e-02,6.514620396008017345e-01,2.777236725171083331e-01,-1.918110573109392258e-01,2.134878887944335057e-01,-1.610147558660273981e-01,4.843327348235988011e-02,-1.432364469833542486e-01,1.146892244559033353e-01,2.980395037200786468e-01,3.607632149130532984e-01,-3.743763488442908988e-02,5.551776168011047369e-02,9.263968605863093231e-02,2.597032082866932989e-01,2.030223626069365128e-01,8.248018173374638273e-02,4.354352518879171796e-02,5.841950669882900460e-01,-6.723668805676313864e-02,4.511252729667648009e-01,-9.134864356114753836e-02,1.491336927038865168e-01,1.163072189048451610e-01,5.621494484682219017e-01,1.040017596566922137e-01,8.322851711796551699e-01,1.119688517845104508e-01,2.804322352785887026e-02,2.081723764391500142e-01,4.011277358317312802e-01,-1.108671070145008167e-03,1.054729231715398341e-01,6.175803253150093791e-02,5.566952752990956821e-01,4.477367511463712924e-01,2.178262458082872235e-02,4.095060570706459124e-01,-1.085164512931583586e-01,7.156458384433017628e-02,1.500263360237265135e-02,1.870747285781555469e-01,3.589822458418316931e-01,3.954933861524579375e-01,1.786672476888878924e-01,-5.381478739337201139e-02,1.482167113239948597e-01,3.055699955462284900e-01,1.861038360121003710e-01,8.821843196947326549e-02,-1.054510661957929613e-01,-3.233257290109095017e-01,-3.196664359344431050e-01,-2.131868217704797619e-01,2.606378178638996124e-01,-9.018470526233437687e-03,-9.285328976919762778e-02,8.395652547905300966e-03,1.049623538067742112e-01,1.222053906477023333e-01,-1.332169152535985224e-01,-2.794642857629900945e-01,-3.876116909195798654e-01,-1.190931552397947180e-01,2.833958651061928569e-01,-4.627508105164280724e-03,-3.021114133161053594e-01
-4.970924973648771505e-02,2.143458275539506241e-01,9.145840891142011098e-02,1.274762643122071826e-01,7.937793158782600889e-02,9.438491732007130153e-02,-1.432725548681859640e-01,4.565161696755334897e-01,-7.129514672499084882e-02,6.763691898299273308e-01,1.474870480245164817e-01,7.615941559557648510e-01,2.074131196246467579e-01,9.173229496554466400e-02,1.459838597851229325e-01,-1.325465459745417685e-01,1.323604932837594284e-01,2.326072574254580971e-01,3.770204023362248164e-02,3.960625002417779705e-01,3.269356949495025311e-02,1.790679427689611802e-01,2.618379052961934961e-01,8.285793921189259503e-01,1.295624089315036143e-01,6.239359117420115730e-01,-2.561752409584447943e-01,4.084255523900803264e-01,-1.174373705871154666e-01,6.995045664488802606e-01,2.848417487372785772e-01,3.435723930194463649e-01,3.417152897348758045e-01,2.675258866266989541e-02,1.527259516084259264e-02,6.692325615508423753e-02,4.448148618354339640e-02,1.468824356705470124e-01,-8.192702313624659893e-02,-2.553733313518711801e-01,1.419856960022380099e-01,7.178777492237423119e-02,6.228030725026784120e-01,2.550491142120712290e-02,8.201581877666753728e-01,-1.034060231981294847e-01,1.456548687107607210e-01,7.136330426978831909e-02,-2.529297644513348597e-01,-1.723720599103397977e-01,4.138875688600580222e-02,-9.119966588604772051e-02,3.159069735582896721e-01,-8.330180805323053606e-02,2.308121206596208952e-01,3.066741265668695982e-02,6.803825711576794166e-01,-1.663486498944703462e-01,2.808665020780177213e-01,-1.528272550674842911e-01,4.132341793920968342e-01,-1.399241614623463192e-01,4.890702354382535644e-01,1.938607890768394015e-01,2.477452675454172304e-01,3.350894781632270392e-01,-8.873617532050485576e-03,2.412587395769729692e-01,1.837257587552864335e-01,2.114070889064603997e-01,2.365260226485761397e-01,1.668326823732922126e-01,-7.560856904554960622e-02,5.118275084575873990e-01,5.405608548395578472e-01,-3.903301404197610791e-03,2.367387257858884486e-01,-1.554356306382776443e-01,-1.928659929746019642e-03,1.081214580785785501e-01,-2.047268054972407325e-01,1.614398446306012924e-01,2.022519259950689152e-01,1.231907129224123487e-01
3.365179122791291388e-01,-1.840916933208705253e-01,-8.475525421252584624e-02,2.891349360368113963e-01,4.189856658665147560e-02,4.560717418069303863e-01,3.301814162640279715e-01,-2.554871671555701898e-02,-5.835269196609317588e-02,2.716958589740673391e-01,-2.169810068316809781e-01,2.074131196246467301e-01,7.615941559557648510e-01,-2.628412655642811679e-01,9.593088067439332900e-02,1.629187573628363972e-01,6.072945643235319046e-01,4.006292668961293768e-01,-2.140928460277604917e-01,-1.204525054674940830e-02,1.876721507295692204e-01,-1.595496890210299779e-01,1.777803486210302250e-02,2.418285811277632591e-01,3.092391183598853233e-01,4.034848815506940078e-01,-6.098832980811161320e-02,1.830009786084972057e-01,1.449827696894024631e-01,4.261207693275733122e-01,4.637354535291858815e-01,-8.774224542532614579e-02,-6.648343513561111306e-02,2.419526415125353158e-01,-2.772378829529502653e-01,-1.553455408084214173e-01,4.500533441141660318e-02,-9.096377846181397109e-02,-6.100441820213693689e-02,-3.611111871086407354e-02,-2.973836263283933801e-01,-1.441530364543028297e-02,9.012767093374760008e-02,-1.530208188073588493e-01,1.221534125624196415e-01,1.229763000708106874e-01,-2.570947510465138031e-01,6.089549935043281348e-02,-6.052444283603558572e-02,7.836409873710023510e-02,1.189330411147973138e-01,-1.691046501586636053e-01,7.711722059108332139e-02,-1.617209490285696077e-02,-9.427124532051255751e-03,-2.443238602014855820e-01,-1.190775013187938269e-01,-2.345294316646827915e-01,-6.233212238400274302e-02,-5.646669884248512600e-02,4.243012382161043261e-02,3.417100521756454012e-02,1.922584118300106337e-01,3.700339824720575432e-01,-8.670191934667409450e-02,-4.325618306655881068e-02,2.084439972899027396e-02,-1.324606296101986103e-01,-1.951462290788669451e-01,-1.501956131196211137e-02,9.656845471293283578e-02,1.424644500219622856e-01,1.996418962555585597e-01,-1.172743851524159220e-02,-1.217712079715424639e-01,-2.904056493820034515e-02,3.368483418285534436e-01,-3.319425334252863458e-01,-7.466930670071299236e-02,8.498040935432073922e-03,-1.815795478344202629e-01,5.419951077903932546e-02,3.079821304585467212e-01,-1.624733955830034438e-01
-2.484700143956005691e-01,-9.833500820878802659e-03,3.652379013743256020e-01,-1.700501577112343773e-02,2.729618509072859189e-01,3.184360431286860083e-01,-2.837134783065845683e-02,6.250755345346457048e-01,-3.625726860388369527e-02,2.089303798583271726e-02,3.337515727270045640e-01,9.173229496554466400e-02,-2.628412655642811679e-01,7.615941559557648510e-01,-3.493818142690457290e-02,-1.557117759821073366e-01,-3.010734798975484572e-01,-1.405591024464796224e-01,4.826347779270362959e-01,1.539423753048529686e-01,1.500997108712191774e-01,9.031286211440234246e-02,5.978917899644560219e-01,4.934590761471836090e-02,-2.442558243592793735e-02,-1.989204416300846198e-02,6.930813129934468297e-02,1.435057408717728689e-01,-2.574471689792765527e-01,1.035413300972979345e-01,-1.561650420841869946e-01,2.376659759240221659e-01,-7.104385439427493912e-03,-8.210804089224058022e-02,1.523837446741285913e-02,3.903593590675655256e-01,5.044088337469536387e-02,1.746751382547157005e-01,1.704217855673536841e-01,-1.217451410353669328e-01,6.179514047362241191e-01,-2.404244615623657086e-02,9.976916319712339498e-02,2.800947526549623645e-01,1.778864531717463393e-01,-2.461325811302927935e-02,8.261193360506030592e-01,-7.173500077052650040e-03,-1.242621123535313787e-01,-1.771190183226120929e-01,-1.083324788506764003e-01,4.145033018935349034e-01,2.548962554452423313e-02,1.413982139542853955e-01,2.609793307027406112e-02,5.509315022056459066e-01,8.437845747012208408e-02,-1.576458123968145497e-01,4.507467296814716279e-02,-1.913804612644796075e-03,1.913043983795285063e-01,-3.028694978198492871e-01,2.148388046812401697e-01,-1.855601356992392648e-01,1.003463546224565711e-01,-1.683873179792765712e-02,-1.714266646021328777e-01,1.742050372296788385e-02,-2.507047287396279023e-01,-3.221926104899268672e-01,1.213528899020431817e-01,2.222906666331771197e-01,3.475753028816436219e-02,-5.580741966557462713e-02,-5.081100185641328204e-02,1.966241779838913128e-01,-7.551895222669291474e-02,7.481452895391588198e-02,-2.613157862282244337e-01,-4.268383639239030081e-01,-1.706402967603072862e-01,2.191913820242844813e-01,1.074062609897937504e-01,-3.427334964868436473e-01
3.671031629586914979e-01,1.121313655655406388e-01,4.368923449175023954e-01,4.136576328368641448e-02,2.886028133979337551e-01,-1.744832494171947579e-01,6.290444605249929932e-02,-6.637214061487156647e-02,4.039152752356221510e-01,7.293934245807019712e-02,4.278224974233834632e-01,1.459838597851229602e-01,9.593088067439337063e-02,-3.493818142690460066e-02,7.615941559557648510e-01,1.138956872743231846e-01,1.193746401669823209e-01,1.815730537125971322e-01,2.356972149065914013e-01,3.954763194349845135e-01,6.493888896612819150e-02,4.542052033269767253e-01,-1.437852210707017686e-01,1.229493736648212127e-01,1.492967896403351868e-01,4.884798181856910282e-01,5.444093478913479833e-01,4.604956377846499138e-01,1.961839118338629118e-01,3.560501883119065319e-02,3.566391314640451893e-01,3.783849964970344426e-01,3.423703985326255195e-01,2.305513445431599806e-01,3.182878582228552133e-01,1.706782558958402640e-01,-2.085469844965868059e-03,3.447321428075407757e-01,-2.559287870301512613e-01,2.922731285432222936e-02,-2.329720876987499412e-01,3.832558904118235077e-01,5.902020392946403377e-02,3.553755896136251979e-01,2.392401284336216974e-02,-9.024731209570953372e-02,5.085608013913075695e-03,8.975429815031719105e-01,-1.192666519390121749e-01,-8.861418127451130278e-02,1.427586169190685206e-01,2.005325730682546159e-01,6.250441084245994539e-01,1.924894499270179971e-01,6.257291950236234523e-01,-2.615398303485188536e-01,-1.916741611045699734e-02,-1.634529650672348344e-01,1.625376384705115307e-01,5.204538468723731715e-01,4.749430285770879778e-01,2.770557522983797538e-01,-3.361355006989204947e-02,2.853431345923875262e-01,4.315441456171847934e-01,3.244313497976075711e-01,2.153759572780721832e-01,-1.254960904375415631e-01,-2.623519146373343713e-01,-8.736018071091621040e-02,8.399986148043095055e-03,9.038836182340363734e-02,5.684570660090216415e-02,-1.412945463799658019e-01,-1.052962426494124248e-01,1.283087548993392946e-01,5.184262945973051595e-01,-1.291793906998828234e-01,-6.546453632275377188e-02,-3.341139826497138005e-02,1.151374734525907780e-02,2.852526033076374090e-01,1.706175630079852235e-01,-6.799333701896179138e-02
6.040890373713452277e-01,4.705052448114496744e-01,-9.171211646247647009e-02,1.992140671708182154e-01,8.063575852395092614e-02,-8.033602237549662684e-02,3.191898945231482765e-01,-1.478953783484466544e-01,-1.083295495114311099e-02,4.605491330699977293e-01,-6.396398412689399682e-02,-1.325465459745417962e-01,1.629187573628363972e-01,-1.557117759821073366e-01,1.138956872743232124e-01,7.615941559557648510e-01,4.444744600567762105e-01,7.930076635311720246e-01,-1.066437077600880939e-01,-4.441985952944373095e-02,2.798734982447389497e-01,3.811940889099044161e-01,-3.027381901190784319e-01,-9.445193923526731816e-02,4.570855724631283645e-01,3.743976851137584272e-01,9.721714716793175559e-02,1.555268649742920332e-02,5.176168963213834129e-01,4.090073527209302923e-02,2.718992296573046197e-01,-1.578377477205144541e-01,4.685349566580374603e-01,2.803665467561829994e-01,4.020093530584261665e-01,-2.407834270298052637e-01,5.271578443761416877e-02,9.796502129732444220e-02,-5.191027145607411963e-01,-2.387984786457752751e-01,-5.427360709278263862e-01,5.460658376979658085e-02,9.297791413401992888e-02,7.541123309031203675e-03,-2.706879205706998470e-01,-3.267096122733172403e-01,-2.975338680900853072e-01,2.125132127327663545e-01,1.078402812904523528e-01,-6.073917320962484573e-02,4.413720713378873062e-01,-5.307361191243278181e-02,4.322401267251618773e-02,3.127213303217722673e-02,1.621618429373051229e-01,-6.239119129197047142e-01,-1.860259566527011632e-01,-1.957197660262400274e-01,-3.042551479519863822e-01,-1.837012619381133138e-01,1.469660939838077773e-01,1.887567183042384023e-01,-2.785353410879189417e-01,1.400853867610306336e-01,3.441933458921916933e-02,4.496349470627210021e-01,-2.432168220259010860e-01,-4.528315584734304844e-02,-1.772107269283505204e-01,-1.245310821607500673e-01,-6.727638412350385455e-02,2.971207797493490843e-01,1.650789625296388285e-01,-3.221911416082627322e-01,1.236154490605256145e-02,-1.706009453908860496e-02,2.333925623736564092e-01,-3.228623910197934710e-01,-7.923467918592291825e-02,-6.832155919878377115e-02,-5.477263092363409552e-02,2.676817918234878357e-01,2.151571515261422596e-01,-1.083908021526938936e-01
2.265051561293964788e-01,-1.808530454830681866e-01,-4.237529021052346273e-02,1.215471179864340279e-01,5.841596388995127370e-02,2.144390753492811108e-01,2.910621052606465753e-01,-1.600609492679833656e-01,1.598905643347669214e-01,4.296331470787099760e-01,1.220963918807640436e-01,1.323604932837594284e-01,6.072945643235319046e-01,-3.010734798975485127e-01,1.193746401669823626e-01,4.444744600567762105e-01,7.615941559557648510e-01,5.054455831556340373e-01,1.333690756540606703e-01,4.014462067358032238e-03,2.261155210224186779e-02,1.971198515507095392e-02,-3.569053393155008358e-01,1.612276505620257039e-01,3.073394706039067614e-01,4.404427939695819694e-01,-1.413425858489341658e-01,-5.324359279505511133e-02,1.045872940468072221e-01,3.112390575636506118e-01,2.303923251576824593e-01,-1.330971652755184864e-01,5.523850777641033105e-02,-2.169110284456675364e-02,-1.354644451973350261e-01,-1.733724655461290620e-01,1.098372396629412190e-01,7.964090803063619828e-02,-1.996315859844452478e-01,6.203445659573006594e-03,-3.648048654183279615e-01,1.719396662465667025e-01,1.759441928157557955e-01,1.058361244886237285e-01,5.989367899108938298e-02,-3.572403184586242508e-02,-3.584999805398857431e-01,1.331451195204930438e-01,1.878302000988090470e-01,4.548765628322067323e-01,2.356385231940858749e-01,8.524848968153614370e-02,9.835855616341815377e-02,-1.538457383469807038e-01,1.024899640548138369e-01,-5.285685485077402657e-01,3.985110102236838828e-03,1.663072324945054636e-01,1.687825050805085436e-01,-1.724047849051756898e-01,-6.067389180901630596e-02,9.380102585014837846e-02,5.634550702696636965e-02,2.633191225604258334e-01,6.351057699528499592e-03,1.444411581444490500e-01,9.150755849402320008e-02,9.982700657107667925e-04,-8.482532511961907162e-02,-1.015635224867188074e-01,-2.900010618124087766e-02,2.692159067372702497e-01,9.938732288271848181e-02,-5.268501224101176938e-02,-1.020563714101167113e-02,-4.636310906198419513e-02,3.363101690944030331e-01,-2.184996733477818920e-01,-2.933110676670580563e-02,-3.532619176834939090e-02,-1.868113425396520644e-01,1.242706164110690265e-01,1.029198342434031188e-01,-1.844049347791568982e-01
7.188919588509197212e-01,3.617766911680966313e-01,3.448413456442813579e-02,2.814471036891949551e-01,7.734509298488809192e-02,-5.141417050616798462e-02,1.102689029073542909e-01,1.207034116580475713e-02,2.830700669678404627e-02,6.118122333562333592e-01,2.479106440456035898e-02,2.326072574254581249e-01,4.006292668961293213e-01,-1.405591024464796779e-01,1.815730537125971322e-01,7.930076635311720246e-01,5.054455831556340373e-01,7.615941559557648510e-01,-7.723761787561862768e-02,7.346506055758347808e-02,2.069178723841275380e-01,2.528947010479099533e-01,-1.411260275181489277e-01,2.250327001241691494e-01,3.119666378844251353e-01,5.281046010090767462e-01,-1.037086243623034643e-01,2.892737420006788462e-01,3.733223626545650320e-01,3.158788788752259213e-01,4.567593199557206107e-01,-1.368573337842038037e-02,4.453544029651804181e-01,4.322495839033161924e-01,2.149643961341801690e-01,-4.451957793785626949e-02,1.994186852554067149e-02,9.846561522194054172e-02,-4.908204185596313773e-01,-4.248541031101201182e-01,-4.662773210359061338e-01,1.603483534681479639e-01,3.291243015098864189e-01,7.450046661378352530e-02,5.778741285906044411e-02,-3.646344588588814606e-01,-2.100341668523621474e-01,2.608327277258867816e-01,2.244975317153701314e-02,-1.147878924765681624e-01,4.782985201364553518e-01,-4.571718572994347418e-02,1.854601159916448583e-01,-6.509839696898661945e-03,1.861263882357922783e-01,-4.739486793696250366e-01,6.596680550428028625e-04,-3.362824369041809702e-01,-2.266459262351790127e-01,-2.042742013018022662e-01,2.911524501640433416e-01,7.864572042825698772e-02,-6.882136181219139504e-02,3.414001195408268297e-01,1.313908615464783880e-01,4.274955098640799145e-01,-1.791884610452410542e-01,7.133401482454783393e-02,-1.717398134770039553e-01,-8.805448627855674837e-02,8.500793192425698530e-02,3.157411814456027033e-01,2.515845586136119527e-01,-2.180173790915892196e-01,7.532367635530197447e-02,3.712931031664105236e-02,2.495904082311752037e-01,-2.863491680818088247e-01,-1.445366907211624585e-01,-5.660226265920585698e-02,-1.702054609405496965e-01,2.361780541830045821e-01,3.934210902264375642e-01,-1.075407772251588540e-01
-1.341206437689757835e-01,-1.365283678355790897e-01,6.256046953389300391e-01,-3.709305004931684469e-02,3.062509951972624753e-02,-9.769807405038315185e-02,-1.428523825808508396e-01,1.485966458361874798e-01,2.237514947345220218e-01,-2.102962003380068334e-02,6.514620396008018455e-01,3.770204023362253021e-02,-2.140928460277604917e-01,4.826347779270362959e-01,2.356972149065914013e-01,-1.066437077600881633e-01,1.333690756540606703e-01,-7.723761787561857217e-02,7.615941559557648510e-01,5.342747344603266529e-02,-1.350742298299944522e-01,-2.855297176726143138e-02,-1.019857654473257658e-01,2.858682079762590606e-03,-1.732225467543968833e-01,5.647235676547295719e-02,-5.840221242690384756e-03,1.792172679227718168e-01,-2.901425618290229824e-01,2.018790542274091857e-03,4.365552435843229884e-02,1.054004845972409538e-01,-4.172969816567475426e-02,-2.955222778224492197e-02,-3.598423758372181619e-02,4.497705262998072384e-01,-4.973293464156047783e-02,-3.886119525486074477e-02,-8.792326698936270279e-02,-1.004748948736107345e-01,2.227001057651813443e-01,1.419481659044758148e-01,1.079391936450970202e-01,5.521317513214554218e-01,1.160497210084502767e-01,2.507798296231026139e-03,2.727191815515562223e-01,2.082279021380274708e-01,4.972306058806451323e-02,1.736793037541083384e-01,-1.839593264046629484e-02,8.479245492500536718e-01,2.062295208083622933e-01,8.661593233242723122e-02,2.059519160222045009e-01,-4.748870557973986634e-02,8.567810807002886053e-02,2.268830569043220422e-03,2.394515227915312849e-01,-4.980813210704036764e-02,1.144991067434678045e-01,-5.033612047814071955e-02,-3.306697322195426697e-02,6.143248921858842498e-02,1.792186631562734667e-01,-5.893870593758560733e-02,-3.787318407589344155e-02,-1.552916174342862665e-01,-2.460455044774422229e-01,-5.654362973459574615e-01,-1.882949988721776269e-01,1.450408317059078689e-01,-9.406815143695694548e-02,-8.899217918428946328e-02,-1.027421859237997587e-01,4.885228911691197329e-02,7.349882740235788581e-02,-5.359412045357374310e-02,-1.898239209445305720e-01,-5.637471474448175757e-01,-2.357496422107296929e-01,1.423185604077097932e-01,-1.397541111098665190e-01,-3.455900436227193340e-01
1.891254211707743271e-01,1.754937483358937345e-01,2.535380308244742920e-01,1.248072980543046273e-01,3.749398992518396256e-01,-1.607231612791885089e-01,1.539551055510623156e-01,6.599526656066545538e-02,3.277294348329202744e-01,3.871693148225963110e-01,2.777236725171082776e-01,3.960625002417779150e-01,-1.204525054674940830e-02,1.539423753048529964e-01,3.954763194349845690e-01,-4.441985952944373095e-02,4.014462067357976727e-03,7.346506055758346421e-02,5.342747344603266529e-02,7.615941559557648510e-01,-1.229868359068567452e-01,7.795264351120556601e-01,-1.519634592844912313e-01,2.199015614925141637e-01,1.148101351775348417e-02,2.630068189408102386e-01,3.649991991857876594e-01,4.615236285999546051e-01,3.355680602815062086e-01,4.169202972774789240e-01,3.962187561060235286e-01,4.398788938228196943e-01,6.083022949211234209e-01,1.321830635659892728e-01,1.466814192582933107e-01,1.316572990783873576e-01,-9.338381595042101468e-02,4.595718170271931857e-01,-1.792106526609660022e-01,7.324026654582545259e-02,-1.266690096931784582e-01,3.657054415236131728e-01,3.582774423473337189e-01,2.580269477975434267e-01,3.631543764720993051e-01,-3.598281132848380609e-02,1.596046776670190515e-01,4.590449177262916347e-01,-1.913917001955247332e-01,-1.803255977364718876e-01,3.322231765652242097e-02,9.122596534766974630e-02,8.034830270801902596e-01,-6.179276208168894141e-02,7.299377100778334793e-01,-2.668739068337144804e-01,3.210154026539595584e-01,-2.751757931966903881e-01,1.246719328722096544e-02,2.903125801030526643e-01,5.909402141859658730e-01,2.438947042940996512e-01,3.290718323742646279e-01,3.137008124125209574e-01,4.302227978521615537e-01,5.907902372425225535e-01,1.380167389576899550e-01,-2.297318344809760604e-01,-3.728009536156116077e-01,1.715428976074129253e-01,6.099738453578469610e-02,2.054685456625577611e-01,9.346035522333502599e-02,1.701415150554745070e-01,2.037158588626285516e-01,1.756961704807207258e-01,4.484352211248203712e-01,-3.136555540736827852e-01,-2.084320329784049297e-01,1.156340369404713075e-01,-4.302110070372391210e-02,2.733776557202332036e-01,2.313470479979101158e-01,-3.101603035633060390e-02
1.790198786632986039e-01,3.605116585270393692e-01,1.914604664607003903e-01,2.986313153204843140e-01,1.244045496748674845e-01,1.016145873042124947e-01,1.219494078409831123e-01,5.309426689615999173e-01,-7.423612729667070087e-02,2.593222892750973174e-01,-1.918110573109392258e-01,3.269356949495025311e-02,1.876721507295692204e-01,1.500997108712191774e-01,6.493888896612816375e-02,2.798734982447389497e-01,2.261155210224186779e-02,2.069178723841275103e-01,-1.350742298299944799e-01,-1.229868359068567452e-01,7.615941559557648510e-01,2.082633188609052041e-02,3.595641000649053010e-01,3.458989132463380356e-01,2.769224718643748528e-01,3.101075092045482706e-01,7.720388263872947051e-04,2.319363034938712667e-02,7.557719000252365038e-02,1.305336928311601752e-01,2.874217946157057724e-01,-1.098340944979524086e-01,1.890096228924533495e-01,2.526284141548589268e-01,3.439384817049024878e-01,5.187824980745395914e-02,8.588531157027651242e-02,-9.380570578670228976e-02,-2.586057470653981838e-01,-2.480394296755061567e-01,2.632931580755158985e-01,-1.018204006095059649e-01,-2.570034270915612720e-02,-1.466508128560851665e-01,2.492890250491315834e-03,-2.420664889964532496e-01,-2.815485257358132584e-02,1.290058902901738969e-01,-1.768750869523823821e-01,-3.826841120389528061e-01,-4.654924945493903871e-02,-9.447766921741916624e-02,-1.362394975799997021e-01,6.919290538197110374e-01,-4.661484119292348682e-02,4.306193846740249964e-02,2.510885029880183805e-01,-3.288216343097427052e-01,-1.187513440821391653e-01,-1.532469589964955692e-01,-3.957263856907512756e-02,-1.825355882863209656e-02,-7.294885162382586108e-02,6.026555977838471932e-03,-7.254243356609546556e-02,1.504593431883683718e-01,-1.747270332777380031e-01,-1.751665124647393268e-01,-1.990972034288608083e-01,-2.465527754854476006e-01,1.585665340343765661e-01,3.193775145165093643e-01,2.564323455222743409e-01,1.251888616271577825e-01,-1.534389322543092404e-01,-4.867291834476645401e-02,1.816888990305991769e-01,-4.332568698999678114e-01,-8.569694926097790044e-02,-2.953101437030204446e-01,-2.514750678144333507e-01,2.180757757240834316e-01,1.268965791329430270e-01,1.228905504401879428e-01
3.449592142358023916e-01,3.980441973770916797e-01,1.692661528791855885e-01,1.353064391468506711e-01,3.598341325220522080e-01,-2.695734132785701509e-01,2.630412679431423095e-01,-5.021049932086387758e-03,2.837782051280862139e-01,4.291879743827028970e-01,2.134878887944335057e-01,1.790679427689611525e-01,-1.595496890210299779e-01,9.031286211440235634e-02,4.542052033269767253e-01,3.811940889099044716e-01,1.971198515507092616e-02,2.528947010479099533e-01,-2.855297176726140362e-02,7.795264351120557711e-01,2.082633188609050653e-02,7.615941559557648510e-01,-2.667598071926431391e-01,4.141036182451367231e-02,1.885285771606641236e-01,3.198859405020850755e-01,4.862287283935256554e-01,3.458503119863576836e-01,5.286147632062995205e-01,2.117929109437700075e-01,3.050383839008531384e-01,3.418797767101661722e-01,6.993704855929171460e-01,1.278954578680904508e-01,4.028044365173693020e-01,1.643816735942178406e-02,-1.125272943863718511e-01,4.325905467454328468e-01,-4.223630031329264622e-01,2.045916200765560827e-02,-3.223251828510987349e-01,3.271477863967804933e-01,2.727201323852079806e-01,2.172079103062761196e-01,8.264937286572505981e-02,-2.290231111511035200e-01,6.328886742282482936e-02,5.394815519415276928e-01,-2.700215268475276639e-02,-2.579243624912525013e-01,1.630874577923250579e-01,6.106307562813288042e-02,6.484640284090089635e-01,-4.347478224024250298e-02,7.554417652429986640e-01,-4.706995562636488994e-01,1.149397634464077445e-01,-2.603990345401099304e-01,-1.160424715757169961e-01,2.508365686815072215e-01,5.113191764829598807e-01,3.418787232712535151e-01,7.390614210686645424e-02,1.566807753318230634e-01,3.807223129805302198e-01,6.910146063695017382e-01,1.373675639550758082e-02,-1.873889404955003390e-01,-3.175972737521795541e-01,1.590581288293708151e-01,3.476009193043256423e-02,2.458181185415383163e-01,3.975602065269088353e-02,-2.093247430416862384e-02,2.130919499879026513e-01,1.538045480934256970e-01,4.695439177905271766e-01,-3.573758576883886984e-01,-1.250064187762119916e-01,1.268804853042585501e-01,1.637265335376570860e-02,3.505625179986084916e-01,1.476957881845017417e-01,-4.109635043436558194e-02
-2.682724628744784234e-01,5.271473821507744600e-02,1.872188274453939205e-01,3.525229059692269046e-02,3.470682328416702794e-02,5.538564672773895747e-01,-1.002976099527975173e-01,7.355440549429025365e-01,-3.535688314363155671e-01,-1.862186454195261659e-02,-1.610147558660273981e-01,2.618379052961934406e-01,1.777803486210305026e-02,5.978917899644561329e-01,-1.437852210707017686e-01,-3.027381901190784319e-01,-3.569053393155007803e-01,-1.411260275181489277e-01,-1.019857654473257103e-01,-1.519634592844912591e-01,3.595641000649053010e-01,-2.667598071926431391e-01,7.615941559557648510e-01,3.465348403147366918e-01,2.148630132538259796e-01,1.410404119152719737e-01,-2.139945016836039271e-01,1.878349547808960684e-01,-2.806443453014398903e-01,2.736974650916716434e-01,1.569036623009732734e-02,2.081222152764432565e-01,-1.269527403821698319e-01,5.007401388408881659e-02,-7.021997851733969252e-03,2.003381713650812523e-01,-2.074588778105418696e-01,-1.545678350003931445e-01,1.502461695782233431e-01,-3.402072822627911775e-01,5.363324589352693739e-01,-3.668850305033463655e-01,-1.218462704318191009e-01,-2.322324847897365985e-01,1.628957896853378551e-01,-9.262407682840417822e-02,5.381725538626649374e-01,-1.884158400852026793e-01,-3.509404733371487839e-01,-4.340052325780933140e-01,-2.539103896236432067e-01,-1.896167707674810687e-01,-1.950696946629027206e-01,2.487326411506472212e-01,-3.051506525213106280e-01,6.951608632728080162e-01,1.770525003226701699e-01,-3.740188900604674016e-01,-3.390837579814712927e-02,-3.064782157962830933e-01,7.559691639723059575e-02,-4.158027322516713031e-01,9.664187670552000509e-03,-2.505650867016283589e-01,5.178880093295615966e-02,-1.383796566622516044e-01,-9.817840467919809744e-02,1.413941846549955361e-01,-3.878271984190922745e-03,-3.829909741503859794e-02,1.559491696365439273e-01,-1.236384445725950826e-01,-6.010009888413653939e-02,1.937658089706298659e-01,2.449125129737354453e-02,1.232485097908074950e-01,6.094473800499094346e-02,-1.920151528007031302e-02,1.909103859173440915e-02,-1.562725365316616211e-01,-2.508961212067929436e-01,-1.698453956638726892e-01,9.487918187786609225e-02,-3.930783296897039786e-02
-3.638863235114923184e-02,3.076907098201829838e-01,1.757802786870641398e-01,2.224721457018278004e-01,9.476018583485967123e-03,8.783297655135390014e-02,-1.977939066749694330e-01,5.603235029985199622e-01,-6.399056453126952815e-02,6.752586016337207564e-01,4.843327348235986624e-02,8.285793921189260614e-01,2.418285811277632869e-01,4.934590761471836090e-02,1.229493736648212127e-01,-9.445193923526731816e-02,1.612276505620257594e-01,2.250327001241691494e-01,2.858682079762590606e-03,2.199015614925141637e-01,3.458989132463379246e-01,4.141036182451370007e-02,3.465348403147366363e-01,7.615941559557648510e-01,2.530134294053563160e-01,6.578027553580820808e-01,-2.143260830103867198e-01,3.967052911055813369e-01,-1.472060167057993307e-01,6.879844178668186316e-01,3.247621941231674803e-01,2.070048527343852918e-01,3.142730063006543006e-01,1.333267295405741182e-01,1.759888777433995799e-01,8.656683920084827510e-02,-1.879233770734555289e-02,1.264074735768521696e-01,-8.821346247101050086e-02,-2.877302789022532226e-01,2.230571237734717827e-01,6.578535561391568587e-02,6.364575908993569398e-01,3.424639417273240422e-03,8.350377545884996033e-01,-1.740241798666092021e-01,4.764835468293698016e-04,1.686551048325983237e-01,-2.907019279119948396e-01,-2.840418730549549298e-01,2.638220807949147317e-02,-9.501506499388326366e-02,2.477831369802629136e-01,2.477442854523816407e-01,2.042000824373321755e-01,3.736298171282021602e-02,8.495757976328308647e-01,-1.768613747535474068e-01,3.343031817881915724e-01,-1.356722316108205928e-01,3.319357009936928504e-01,-1.146669397843918664e-01,5.518455015103527206e-01,2.757053678829952115e-01,1.607884557582559271e-01,3.205289811190378813e-01,-2.415868233513973617e-02,1.981122554048639905e-01,5.021696670783300231e-02,-4.641922485800131781e-02,1.771818837822815296e-01,2.597209614901514474e-01,4.871534114049948239e-02,4.985744858734297846e-01,3.669956102249878338e-01,-6.146142400327010528e-03,3.061237583967675313e-01,-1.801876215654990288e-01,-9.432982818395299618e-02,-1.161719603847134047e-01,-1.639308077795955665e-01,1.891089079529280070e-01,1.837202991034027066e-01,1.326235388406891702e-01
4.565664523436787497e-02,3.020817883205266230e-01,-1.034914926815588658e-02,2.262658935735863408e-01,1.395090461765827461e-01,3.759919073358087283e-01,2.820602304907150470e-01,1.117979606440510504e-01,-8.105054520018245556e-02,4.489126562476972171e-01,-1.432364469833543041e-01,1.295624089315036143e-01,3.092391183598853233e-01,-2.442558243592793735e-02,1.492967896403351868e-01,4.570855724631283645e-01,3.073394706039067059e-01,3.119666378844251353e-01,-1.732225467543969943e-01,1.148101351775348417e-02,2.769224718643748528e-01,1.885285771606641236e-01,2.148630132538260351e-01,2.530134294053563160e-01,7.615941559557648510e-01,5.474151422956073931e-01,7.091169624007374883e-02,5.559364384941800630e-02,1.581306026596853431e-01,3.393965286388181957e-01,2.616110476765072246e-01,4.869807924429734453e-02,2.409510988880095295e-01,7.419483112758297472e-02,3.195929696981339996e-01,-1.632815353401833869e-01,-3.051763701786750285e-02,9.467370017195668452e-02,-3.430973528433028386e-01,-2.783998490729961972e-01,-2.982777232238403853e-01,-4.339930307299656037e-02,2.283423089766098077e-02,-1.128637037536401599e-01,-4.322685576573841171e-02,-3.197091513156483100e-01,-4.843741743665710975e-02,1.518187508391537210e-01,-1.558750566435061768e-01,-2.487431133438583464e-01,2.560318304603531950e-02,-2.084617706494263090e-01,7.390105123762874539e-02,4.779706219033603987e-02,7.567125559545197222e-02,-3.074156649389348517e-01,3.700880636510064936e-02,-1.862057825643630704e-01,-1.430069061729731805e-01,-1.941865102150675815e-01,1.427418131425599868e-01,-8.366468588057707212e-02,1.469227240820685258e-03,-5.515890774777364863e-02,1.015382033034691878e-01,2.590337667208337247e-01,-5.037511293945463875e-02,-1.012568089658336529e-01,2.013606439518875538e-02,7.241082323726816261e-02,3.232515553965566862e-02,1.921958457220187544e-01,3.201165445024191283e-03,1.053853728482606056e-01,1.139234985022273029e-02,5.533412936366725182e-03,5.125768939894536080e-01,-4.239642644978105501e-01,1.465011541093478309e-01,8.135622531412986524e-02,-2.376284103823058103e-01,1.123454164804814776e-01,1.894804973893940703e-01,-7.396200717318147932e-02
3.424552206641172658e-01,4.310159727033642252e-01,1.765698412004486906e-01,1.435794545421632262e-01,8.530661253998413074e-02,1.917729858850006908e-01,8.065067745887518832e-03,2.922368537039723990e-01,-3.054703960559191842e-02,6.532845258509804021e-01,1.146892244559033630e-01,6.239359117420116840e-01,4.034848815506940078e-01,-1.989204416300847586e-02,4.884798181856910282e-01,3.743976851137584827e-01,4.404427939695820249e-01,5.281046010090766352e-01,5.647235676547295719e-02,2.630068189408101276e-01,3.101075092045483261e-01,3.198859405020850755e-01,1.410404119152719737e-01,6.578027553580818587e-01,5.474151422956072821e-01,7.615941559557648510e-01,-2.933010511364695858e-02,4.805228629432786169e-01,9.782929973927033396e-02,5.384881150448804776e-01,4.763939022672074031e-01,3.347235984579567947e-01,4.479025611311879818e-01,1.486558320051345194e-01,3.969278984496310558e-01,-2.187209109492086259e-02,-4.001899186197437064e-02,1.199114241908910972e-01,-4.348888815436455224e-01,-3.756086790610259629e-01,-2.214182470962385019e-01,1.133186552427909444e-01,3.360703010899322440e-01,4.488826417520292572e-02,3.829059627391270815e-01,-3.239294466565974528e-01,-2.115430727647528431e-02,4.769300815948485095e-01,-2.316365931305836012e-01,-2.265833049387352971e-01,1.457512952303511855e-01,-1.119520757869963724e-02,3.662725199830463851e-01,6.527272780993982615e-02,3.581520990667606541e-01,-3.262106502406255659e-01,3.637112279352365252e-01,-3.339805230428052885e-01,9.349322459620097725e-02,-9.653144391383007561e-02,4.335202187646577943e-01,-4.046359977017491283e-02,5.839484985264207367e-02,1.914284949154390070e-01,3.973363571717880571e-01,4.504201967840366083e-01,-8.620163706191566466e-02,9.743292327214575499e-02,2.552024231401722743e-02,4.127233501897496076e-02,1.732653744915061134e-01,1.846714677030447116e-01,-6.911678122215257625e-02,2.448769411942965379e-01,1.664124122518521043e-01,-3.792383863765633428e-04,5.627198325241767884e-01,-2.987706899189738197e-01,1.144891593977211408e-01,9.130300067848142950e-03,-2.531474899681261381e-01,2.215854442988844097e-01,1.771530475336016708e-01,7.428724489871103842e-02
2.507229144199398241e-01,8.154690399874814062e-04,3.589991712117706069e-01,1.241907894230842857e-01,5.113306731389075654e-01,-9.625143380082303024e-02,4.824401527612202645e-01,-2.230410246053429746e-01,4.822768115713481629e-01,-8.268146288756561546e-02,2.980395037200787023e-01,-2.561752409584447943e-01,-6.098832980811162707e-02,6.930813129934469685e-02,5.444093478913479833e-01,9.721714716793170008e-02,-1.413425858489341380e-01,-1.037086243623034504e-01,-5.840221242690329245e-03,3.649991991857876594e-01,7.720388263872669495e-04,4.862287283935256554e-01,-2.139945016836039271e-01,-2.143260830103867198e-01,7.091169624007374883e-02,-2.933010511364695858e-02,7.615941559557648510e-01,1.625212297792905936e-01,4.336167683955123864e-01,-1.208616765107010660e-01,2.916796696623712437e-01,1.009705853378662227e-01,3.512362719992883076e-01,9.175768351129996725e-02,2.213279068554618867e-01,1.548990784784358421e-01,-9.243494032516537742e-03,5.264985892447547888e-01,-1.565688410513040030e-01,4.477613770316988817e-01,-2.260100478428175297e-01,4.101379368774336620e-01,-2.305293870553939972e-01,3.800939787950979309e-01,-2.887316748865412785e-01,9.439050234075178902e-02,3.322335762819005056e-02,5.692674285285478364e-01,-1.529370553535634447e-01,-2.204866675276297983e-01,-5.750281724868607641e-02,1.042600660822193132e-01,5.211912682975016198e-01,1.228592519689678669e-01,4.849572936829668057e-01,-2.489595290249934922e-01,-2.449993971089412248e-01,-2.217268543087519139e-01,-2.027671268803267202e-01,7.798904773137836921e-01,3.267221083787585356e-01,3.811791241509864814e-01,-1.572513749993632304e-01,2.524781701741160012e-01,1.088470738634998852e-01,2.612526742037572514e-01,1.543955107482786748e-01,-3.383588465076506346e-01,-4.010503755311870533e-01,-2.076180559611505438e-01,-2.067525057567320690e-01,2.504409775651547099e-01,2.809443414006119744e-01,-1.570437426343790077e-01,-2.816688657421602682e-01,3.725498855196732739e-01,3.768214706404108272e-01,-2.977421524756390658e-01,-1.503591718998386062e-01,-2.706140273950555786e-01,2.291981847563284366e-02,3.043505508927006886e-01,1.597969076481203232e-01,-1.709645793407701120e-01
3.866185260888130859e-01,7.506116131748702403e-02,4.117621407670896128e-01,1.539166616594758730e-01,1.365864818675122938e-01,5.286106520322157026e-02,-7.422032761266271483e-02,3.263602875081031973e-01,1.667369818883477905e-01,3.413398090420595721e-01,3.607632149130532428e-01,4.084255523900803264e-01,1.830009786084972334e-01,1.435057408717728689e-01,4.604956377846499138e-01,1.555268649742923108e-02,-5.324359279505511133e-02,2.892737420006788462e-01,1.792172679227718168e-01,4.615236285999546051e-01,2.319363034938708504e-02,3.458503119863575725e-01,1.878349547808960962e-01,3.967052911055813369e-01,5.559364384941799242e-02,4.805228629432786169e-01,1.625212297792905936e-01,7.615941559557648510e-01,1.780111093450212345e-01,3.810034707303595058e-01,3.512163862086710164e-01,7.221006222604331448e-01,3.738406404900215252e-01,4.468426594657414624e-02,-4.580921724894907593e-02,2.750174680975381314e-01,-1.475671176582831479e-01,2.707712865400298541e-01,-2.216064841833111920e-01,-1.903797198486407716e-01,4.519442115303894114e-02,2.186073385249386325e-01,3.521159727506524284e-01,2.908177010522012829e-01,4.113643291385742362e-01,-2.019674410634227646e-01,1.159022895821516241e-01,5.008934635997318585e-01,-2.195134875256427587e-01,-2.141922104094373391e-01,-2.941902379599320785e-02,7.274611752525290964e-02,5.655546594627761658e-01,2.785922571907314960e-02,5.092338844424875166e-01,-2.005901108193041890e-02,3.257886850162122760e-01,-2.746189081324267867e-01,1.603467923769751891e-01,2.024567004017341354e-01,7.717724234353505741e-01,1.177439579323259489e-01,3.617611152928741913e-01,2.115488280871505034e-01,5.590770412875447626e-01,3.422640958968521940e-01,-6.513579265419155995e-02,4.890512885293954448e-02,-2.505058290490345119e-01,-4.948163772209822342e-02,1.604467148124674447e-01,2.560546645705441549e-01,6.606087571919795620e-02,-1.687937522638234544e-02,1.677053840101241089e-01,6.988609657600287905e-02,3.473612852731662315e-01,-2.683663991744240640e-01,-1.628469382541317956e-01,-7.681997287952810338e-02,7.800841156274109303e-03,2.394164004580847660e-01,2.000076120723019435e-01,-1.549277162305576494e-01
5.360870676268681967e-01,3.551858722399313661e-01,3.852893132232150172e-03,1.316486326227152281e-01,2.224538567994407967e-01,-8.503733235710386751e-02,3.281244539982856034e-01,-3.109019658549374010e-01,2.666094163017320579e-02,1.863184607699271689e-01,-3.743763488442906212e-02,-1.174373705871154389e-01,1.449827696894024354e-01,-2.574471689792766083e-01,1.961839118338629118e-01,5.176168963213834129e-01,1.045872940468072221e-01,3.733223626545650320e-01,-2.901425618290229269e-01,3.355680602815060976e-01,7.557719000252356711e-02,5.286147632062995205e-01,-2.806443453014398903e-01,-1.472060167057993307e-01,1.581306026596854264e-01,9.782929973927029232e-02,4.336167683955123309e-01,1.780111093450212068e-01,7.615941559557648510e-01,-7.159903387362069604e-02,2.380336177613595894e-01,1.109610312432854767e-01,5.937654416760277387e-01,3.835500182923627932e-01,3.062349585364776416e-01,-1.478723394830988025e-01,-3.746340834205945380e-02,2.631538027422060666e-01,-2.146799616190129822e-01,5.868533951437928525e-02,-4.712708225060656120e-01,-1.610596471468847546e-02,-7.108411457777056089e-03,5.484890573622993801e-03,-1.841479567433944031e-01,1.223699411025006185e-02,-1.912534448087409300e-01,2.680517353940758407e-01,2.304880127248699201e-02,-8.216952543175828905e-02,2.812153261061591247e-01,-2.298319105813973195e-01,3.278733805696578685e-01,-1.192937927047134708e-02,3.479111937185383474e-01,-4.284786651643086031e-01,-6.961948604660164741e-02,-1.559269107488937822e-01,-1.896305708297431336e-01,1.112098294266321286e-01,4.345517668261135169e-01,5.492122229771271291e-01,-2.111205644575440965e-01,1.630717988607322810e-01,1.703238549488451659e-01,6.073444391761039229e-01,-1.595939556022719641e-01,-5.731381081230582653e-02,-3.622143707128259171e-01,-3.699114098149553029e-03,-1.565494884153939559e-01,1.795417010279359016e-01,1.694856714661331087e-01,-1.342736225133720485e-01,8.707308515066922161e-02,-6.904191618132785035e-02,6.383658547340753664e-02,-3.213541350917568096e-01,-1.902164737470411204e-01,1.096287430900945263e-02,-2.213718584880485646e-02,1.586485002328749117e-01,1.666184312547681901e-01,-1.198463183291733070e-01
5.482632169881854894e-02,1.275375166939773375e-01,2.771120103775918248e-02,3.142602462980866318e-01,1.384212538313808194e-01,2.791736883715687512e-01,8.348983976609018753e-02,4.961952912994671006e-01,-4.624147697832695775e-02,6.798383773142909758e-01,5.551776168011047369e-02,6.995045664488801496e-01,4.261207693275732566e-01,1.035413300972979345e-01,3.560501883119064626e-02,4.090073527209302923e-02,3.112390575636506118e-01,3.158788788752258658e-01,2.018790542274077979e-03,4.169202972774789240e-01,1.305336928311601474e-01,2.117929109437700907e-01,2.736974650916716434e-01,6.879844178668186316e-01,3.393965286388181402e-01,5.384881150448804776e-01,-1.208616765107011076e-01,3.810034707303595058e-01,-7.159903387362069604e-02,7.615941559557648510e-01,3.897270734248406421e-01,2.261495878248907521e-01,2.443438439946515606e-01,3.217441914230269751e-03,-1.199451740930057436e-01,1.270977933016283201e-01,2.425057414748413645e-02,1.636617138524515402e-01,-2.116426649917515501e-01,-3.330832765885708424e-01,1.165030134681845353e-01,1.940056088462831785e-01,5.009287568829884352e-01,1.357112672200613546e-01,6.230707028380739754e-01,-2.732327409205881352e-01,8.892671118410275244e-02,3.626053863971726021e-02,-3.171053641886184549e-01,-2.737440376777317552e-01,-1.624910279092979248e-01,6.416437548666625856e-02,3.193327753453530926e-01,-1.921966940267931523e-01,1.794443873253194210e-01,-7.704961699208963399e-02,5.178786250731821639e-01,-3.670893869694618616e-01,-3.742948637616703295e-02,-1.044659485887931005e-01,2.121559259072932080e-01,-2.632988234399742389e-01,6.818460271524572347e-01,2.885927709715990774e-01,2.201916114304984518e-01,2.043949576533328483e-01,-7.024858493227303935e-02,1.198227688757222409e-01,1.154968291230292349e-01,2.698146138370318137e-01,1.380594970482131589e-01,2.846858763962226702e-01,5.057063181490709103e-02,3.455018794786729464e-01,3.418684823098849246e-01,-1.437666629757186057e-03,3.947693801926889234e-01,-2.615504586605509330e-01,3.337414619421521372e-02,2.149816743877283887e-01,-2.630694418444479155e-01,2.492553133587641911e-01,3.367700414075657789e-01,9.312463615891354574e-02
3.669800363188203129e-01,1.361687732683692087e-01,2.581739371003973216e-01,2.668317862677125341e-01,2.294476395386528533e-01,4.883726345181247513e-02,3.445585575903750697e-01,1.265385790662530430e-01,1.642247246391208559e-01,3.812187842631056811e-01,9.263968605863086292e-02,2.848417487372785217e-01,4.637354535291859370e-01,-1.561650420841870501e-01,3.566391314640451893e-01,2.718992296573046197e-01,2.303923251576824593e-01,4.567593199557206107e-01,4.365552435843226414e-02,3.962187561060235286e-01,2.874217946157057724e-01,3.050383839008531384e-01,1.569036623009732734e-02,3.247621941231674803e-01,2.616110476765072246e-01,4.763939022672074031e-01,2.916796696623712992e-01,3.512163862086710164e-01,2.380336177613595894e-01,3.897270734248405866e-01,7.615941559557648510e-01,7.961602976075529692e-02,2.675063766432694834e-01,2.207514725327113236e-01,-1.966171172913061885e-02,1.733090775312861875e-01,7.398551437942495201e-02,2.563480947243318431e-01,-1.972177542187740495e-01,-1.059737353630143958e-01,-1.435370253711012178e-01,2.607372755370258033e-01,1.996672362251405708e-01,8.773558600441172528e-02,1.556011179767100572e-01,-1.135769005494642186e-01,-2.030386012264011886e-01,3.014210597627725030e-01,-1.690560897248364336e-01,-2.435339814029932326e-01,1.213668299440371079e-01,1.048812495916918441e-01,4.273439820326563887e-01,1.445462733205253036e-01,3.045388092597283713e-01,-2.235337867275229429e-01,2.380620822315898388e-01,-3.091296772473676735e-01,6.687486356839106305e-03,2.057252241843504914e-01,2.998543350568331767e-01,6.950991525233955748e-02,2.982267693068982872e-01,3.248128897298233619e-01,8.611504948512434254e-02,2.291579635452203056e-01,-8.170747915365089709e-02,-7.486280615113320713e-02,-1.964533518748454166e-01,5.281515900064379446e-03,-5.198361565679303180e-03,4.874202771202185147e-01,3.267392238724876052e-01,-5.752190255820221337e-02,-8.517093708270825902e-02,7.509640543395333656e-02,3.213526369449873910e-01,-3.270503686765773854e-01,-9.783398413713322028e-02,1.579467235591173330e-02,-1.555237439071908978e-01,3.896355038049768016e-01,3.353672026805874506e-01,1.517063910508507051e-02
-1.340726444026781039e-02,6.912163122871151089e-02,2.229352850912045825e-01,1.427141676907838982e-02,5.346578709776716315e-02,8.214183147028772392e-02,-1.699691855247597305e-01,2.601285431459329223e-01,-6.288400274955141533e-02,1.198669054076990093e-01,2.597032082866932989e-01,3.435723930194463649e-01,-8.774224542532614579e-02,2.376659759240221659e-01,3.783849964970344426e-01,-1.578377477205144819e-01,-1.330971652755184864e-01,-1.368573337842038037e-02,1.054004845972409260e-01,4.398788938228195833e-01,-1.098340944979524642e-01,3.418797767101661167e-01,2.081222152764432287e-01,2.070048527343852363e-01,4.869807924429732371e-02,3.347235984579567392e-01,1.009705853378662088e-01,7.221006222604331448e-01,1.109610312432854629e-01,2.261495878248907521e-01,7.961602976075529692e-02,7.615941559557648510e-01,3.298290872825987430e-01,-2.723167502068717383e-01,4.329089227893035546e-02,1.796550238646975328e-01,-1.439414133608566404e-01,2.501188608530284241e-01,-1.213293042964330298e-01,-9.195185361056705531e-02,1.528094925609505272e-01,-2.281551609710398901e-02,1.973803382295252484e-01,2.105997144942313437e-01,2.640589603840422517e-01,-1.798573531953222560e-01,2.982659081548763580e-01,4.129588038882521239e-01,-1.470548777773786620e-01,-9.318042887522680340e-02,-1.298643899956907488e-01,-8.094889612743428123e-03,4.593155156812540052e-01,-6.121707632574793778e-02,4.378268443345819105e-01,1.291941585065830289e-01,2.462073643127955513e-01,-2.129169156253907236e-02,2.910740791050903664e-01,1.797570538351827563e-01,6.242275854579104610e-01,7.872486624238210495e-02,2.015599735657135905e-01,-1.853117457221508946e-01,7.728127877146555580e-01,3.839126559104353298e-01,-1.199927505742293121e-01,1.902780896433008129e-01,-9.783767772303628152e-02,1.892733158794752679e-01,2.160678218193597677e-01,-5.333234144126309390e-02,-4.147846342242987594e-02,1.464457171702268357e-01,3.246028082944825699e-01,-6.420179164464873134e-02,1.166923860534386792e-01,-7.136665145479294259e-02,-4.957359714622723568e-02,2.079907095881492751e-01,3.974829733583504915e-02,-1.074842173736361012e-01,9.524652037790003190e-02,-1.015226431567032850e-01
3.654103745300183448e-01,7.062744310349827748e-01,1.990213764110024541e-01,2.592155902836934533e-01,2.766550505931930082e-01,-2.398324389519386757e-01,1.038681427697011328e-01,4.284195595162917231e-02,1.361370226587404197e-01,4.767792497621383130e-01,2.030223626069364573e-01,3.417152897348758045e-01,-6.648343513561111306e-02,-7.104385439427514728e-03,3.423703985326255195e-01,4.685349566580372938e-01,5.523850777641033105e-02,4.453544029651804737e-01,-4.172969816567476814e-02,6.083022949211234209e-01,1.890096228924533495e-01,6.993704855929171460e-01,-1.269527403821698319e-01,3.142730063006543006e-01,2.409510988880095572e-01,4.479025611311880928e-01,3.512362719992882520e-01,3.738406404900215252e-01,5.937654416760277387e-01,2.443438439946515606e-01,2.675063766432694834e-01,3.298290872825987430e-01,7.615941559557648510e-01,2.576643841235469745e-01,6.277088105877641766e-01,3.825688960010654571e-03,5.114912737398735060e-02,3.789298112633556759e-01,-3.690087366265525359e-01,-1.870962870953180313e-01,-3.069465349984906721e-01,1.778598376154374994e-01,3.904015291744661331e-01,1.576719403662568686e-01,2.149667571012748857e-01,-2.683860190499408049e-01,-9.743371028243945353e-02,4.806692316022417311e-01,5.974416320397784447e-02,-2.728649271593337478e-01,4.129991279202954724e-01,-6.944864512538924395e-02,5.742336946571864331e-01,1.970237734269876251e-01,6.055339504607387680e-01,-3.635994587535373856e-01,3.952790434363840921e-01,-1.170409737484318785e-01,6.555770569254472380e-02,1.950206959394368000e-01,6.224919367957154615e-01,4.635261427356307529e-01,4.206637751927404939e-02,2.187892292786601522e-01,4.398272828320193839e-01,8.977652896227709123e-01,-9.693295387682782094e-02,7.174032767133836641e-02,-2.331289057262506681e-01,2.157602453616878219e-02,1.112994320175212104e-01,3.541284497297700895e-01,2.751857007697451341e-01,6.796867937867521331e-03,3.182025443000868759e-01,3.532530403525633439e-02,2.249406152782215673e-01,-3.258623551348313607e-01,-2.020034603692184016e-01,1.088362304732635871e-01,1.217471965337764139e-01,2.747951010749740686e-01,3.074396380551053798e-01,1.774140944530906011e-02
4.615474465968092410e-01,3.435878316189050485e-01,2.473508477904349523e-01,2.585214152735716420e-01,1.778168046836506588e-01,-1.772337994490215951e-01,1.030137966949726813e-01,-5.398116904936285654e-02,8.443224634995952216e-02,1.575775303508885061e-01,8.248018173374638273e-02,2.675258866266986765e-02,2.419526415125353158e-01,-8.210804089224058022e-02,2.305513445431599528e-01,2.803665467561829994e-01,-2.169110284456675364e-02,4.322495839033161924e-01,-2.955222778224492197e-02,1.321830635659893005e-01,2.526284141548589268e-01,1.278954578680904230e-01,5.007401388408880272e-02,1.333267295405741182e-01,7.419483112758297472e-02,1.486558320051344917e-01,9.175768351129995337e-02,4.468426594657406298e-02,3.835500182923627932e-01,3.217441914230283629e-03,2.207514725327113236e-01,-2.723167502068717383e-01,2.576643841235469745e-01,7.615941559557648510e-01,2.422244946965802503e-01,9.075373094168862065e-02,2.082702152678631013e-01,8.235992416260159987e-02,5.892303617087438217e-02,-4.557896567751541089e-02,-1.706113599150248794e-01,3.281472673576635996e-02,2.589227153573362417e-01,3.961647380342903785e-02,1.406234803044934499e-02,2.498649246804184598e-01,-1.693250454372992320e-01,2.946198627411306670e-01,3.379498541149041912e-01,-7.992802818678113042e-02,6.237648283268439897e-01,-2.722067160576161632e-02,2.089591723290644965e-01,4.133424951905375622e-01,2.668226514391354165e-01,-3.108082766215465240e-02,8.933585044324438007e-02,-6.251506259849792801e-02,1.651560825413106171e-01,5.473539262909292435e-02,2.697393809299908907e-01,4.923108743800975184e-01,-6.609285139410807364e-02,5.257233108892556128e-01,-1.263545227428627127e-01,2.826179912345310741e-01,2.279495355824879277e-01,-2.158641349818898880e-01,-3.480858636361203184e-01,-2.589506201348154013e-01,4.617062665858744086e-02,1.326460825718288605e-01,2.434241001603361376e-01,-2.364306947818543281e-01,-1.427877742175006903e-01,-3.238057433916032013e-02,1.362424855565845805e-01,-2.332408348918293128e-01,-2.529349236706221471e-01,-1.971612621990938841e-01,1.486153289907071184e-01,2.322991810703763649e-01,2.574059585082984491e-01,-2.767683051556294460e-01
1.362539090899431427e-01,7.927013793708581613e-01,1.108332638930436126e-01,1.319080797054287824e-01,2.303793420472787304e-02,-2.951889018680367016e-01,-3.782064024868612984e-02,4.966080984559522599e-02,-9.558353113240217191e-02,1.140503688344636918e-01,4.354352518879177347e-02,1.527259516084259264e-02,-2.772378829529502653e-01,1.523837446741286260e-02,3.182878582228551578e-01,4.020093530584261110e-01,-1.354644451973350261e-01,2.149643961341801690e-01,-3.598423758372187170e-02,1.466814192582933385e-01,3.439384817049024323e-01,4.028044365173693020e-01,-7.021997851733953640e-03,1.759888777433996077e-01,3.195929696981339996e-01,3.969278984496310558e-01,2.213279068554618867e-01,-4.580921724894907593e-02,3.062349585364776416e-01,-1.199451740930057436e-01,-1.966171172913063273e-02,4.329089227893030689e-02,6.277088105877641766e-01,2.422244946965802503e-01,7.615941559557648510e-01,-1.157896919202883596e-01,1.791908495731025716e-02,1.044570456018728000e-01,-4.389208734200079620e-01,-2.237993203471810577e-01,-2.471058761335551690e-01,-1.364426097780358782e-01,1.827987303834715388e-02,-6.503652433497071617e-02,-9.894390621843104916e-02,-3.161266560131054670e-01,-1.391794655588373120e-01,4.389566128860287186e-01,9.010760090079128481e-02,-3.693188663340963851e-01,4.378912117651255209e-01,-1.645017846471674428e-01,1.869160467405859560e-01,4.139621012610850692e-01,3.624616240502123166e-01,-2.460827637836847936e-01,2.020889554121629295e-01,8.945026092379753171e-03,1.188334503931094271e-01,5.336437031987995711e-02,2.326929091787214854e-01,3.744398066258626256e-01,-3.864121694830759401e-01,2.215579616999166501e-02,1.952964595887052013e-01,5.786567646085206684e-01,-1.469837848101668842e-01,9.197645930765629974e-02,-1.907401852139409965e-02,-9.034387343267332587e-03,7.385631029315638252e-02,1.382691491130255967e-01,6.231911197437631916e-02,6.710419291039097789e-02,4.814193863736549589e-02,-2.752137984396026919e-03,4.781279824774516130e-02,-2.232372953915397473e-01,7.905444447269163732e-02,1.317210866824707893e-01,3.104902379756895384e-02,1.233397872486423213e-01,9.115342314880515995e-02,2.374541550281916158e-01
-8.688873761891628689e-02,-7.211390955423416238e-02,7.615514819154998172e-01,9.670205469948733867e-02,3.993911239608498032e-01,-4.609220796956845639e-02,1.762306782785836787e-02,2.767755356523078913e-01,4.360551953743230791e-01,3.467384384681676708e-03,5.841950669882901570e-01,6.692325615508425141e-02,-1.553455408084213896e-01,3.903593590675655256e-01,1.706782558958403195e-01,-2.407834270298052637e-01,-1.733724655461290343e-01,-4.451957793785624867e-02,4.497705262998072384e-01,1.316572990783873021e-01,5.187824980745398690e-02,1.643816735942177018e-02,2.003381713650813079e-01,8.656683920084826123e-02,-1.632815353401833869e-01,-2.187209109492086259e-02,1.548990784784358976e-01,2.750174680975381314e-01,-1.478723394830988025e-01,1.270977933016283201e-01,1.733090775312862153e-01,1.796550238646975606e-01,3.825688960010661509e-03,9.075373094168864840e-02,-1.157896919202883457e-01,7.615941559557648510e-01,-1.156483800001485152e-01,3.397726114758815030e-01,3.383468772452540713e-02,6.434746511254398060e-02,3.948558835903504538e-01,4.271154496707237347e-01,2.142234550732761977e-02,6.978826165036019491e-01,4.490128402907925254e-02,2.839645428277404529e-02,3.181312392413581658e-01,1.481358547439782791e-01,-2.029892068993917886e-01,-1.762958581810498693e-01,-8.915771471475521237e-02,5.512583644858922716e-01,2.507706166895606881e-01,1.916823607245787264e-01,1.690868705728607591e-01,3.116092293071254793e-01,8.369115534075620422e-02,-1.649422423994117981e-01,-1.983257773187250411e-02,1.959089136095451544e-01,1.830797823599555341e-01,-3.793953726996087544e-02,2.603163908569041882e-02,-2.405788015067605867e-02,1.288063105231268546e-01,-1.705839771118627946e-02,-3.603491357239345383e-02,-2.212115935543759737e-02,-1.403751113597558886e-01,-3.904228897122041242e-01,-1.921591365955165331e-01,1.726668005040484233e-01,2.374511289929941843e-02,-1.483703717405597186e-02,-1.256483433115334995e-02,1.156724100311282560e-01,5.629542597834554657e-02,-5.110372754612327317e-02,-3.128583093065655518e-01,-4.879039831854259934e-01,-2.353282777144163340e-01,1.007448212612356842e-01,-9.452425433792892295e-02,-3.103617828888189933e-01
3.213756761642865695e-02,1.045572750091846026e-01,-1.175278695280855823e-01,2.357499657596372200e-01,1.204801635735315568e-01,-1.980868498629556329e-01,2.194149629009127245e-01,-1.323428984721127522e-01,-5.075735058570341601e-02,9.140999705252192409e-02,-6.723668805676313864e-02,4.448148618354340333e-02,4.500533441141660318e-02,5.044088337469539163e-02,-2.085469844965874998e-03,5.271578443761423816e-02,1.098372396629412190e-01,1.994186852554067149e-02,-4.973293464156048477e-02,-9.338381595042097305e-02,8.588531157027654017e-02,-1.125272943863718650e-01,-2.074588778105418696e-01,-1.879233770734556677e-02,-3.051763701786750285e-02,-4.001899186197437064e-02,-9.243494032516548151e-03,-1.475671176582831756e-01,-3.746340834205943993e-02,2.425057414748416421e-02,7.398551437942489650e-02,-1.439414133608566404e-01,5.114912737398736448e-02,2.082702152678631013e-01,1.791908495731027104e-02,-1.156483800001485707e-01,7.615941559557648510e-01,1.465671431777319789e-02,4.330502303185193580e-02,9.490033337606683383e-02,-2.541163096989342354e-02,4.639366734642438699e-03,2.243611545165179466e-01,2.855040025011049143e-02,5.075124729039680316e-02,4.275188653935549365e-02,-6.493057634482364560e-02,2.721076284432293480e-03,1.255863996884352130e-01,3.512360258405747282e-02,1.308535278827565873e-01,-2.158492970864601262e-02,-1.170039394453546155e-01,8.930113973098499636e-02,-3.846903685973555864e-02,-7.218080281038409540e-02,1.128219666381976710e-01,1.259608284553476731e-01,7.469161351511774405e-02,-1.755024991544368654e-02,9.986294152431331173e-03,9.896017813010227204e-02,7.884086553877919790e-02,3.827979850661440420e-01,-1.169680209600259257e-01,-4.179856546112647314e-02,-7.147997378602473362e-02,-1.985171195005768496e-01,-1.015038032749148722e-01,-2.537493991483934508e-01,5.699184073524071747e-03,3.174259380398698482e-01,2.491199815875522472e-01,-6.606196950237656906e-02,3.496311489872439698e-02,-3.652822012768535548e-02,-9.625347812080300991e-02,-1.924266558261884807e-01,-3.187596649031543272e-01,-2.591650619163633484e-01,2.104053638618467656e-02,2.794448899537697595e-01,2.058212907412801662e-01,-1.722239794010772540e-01
1.304204059310509201e-01,5.956814659291713443e-02,3.418117127711095549e-01,1.667741265841414799e-01,7.980776564501974590e-01,-1.752800929278251763e-01,3.329910286752648663e-01,-3.744072704202319486e-03,5.224848497436338501e-01,2.603667550004178932e-01,4.511252729667648009e-01,1.468824356705470402e-01,-9.096377846181402660e-02,1.746751382547157283e-01,3.447321428075407757e-01,9.796502129732442832e-02,7.964090803063618440e-02,9.846561522194054172e-02,-3.886119525486068926e-02,4.595718170271932412e-01,-9.380570578670228976e-02,4.325905467454328468e-01,-1.545678350003932000e-01,1.264074735768521696e-01,9.467370017195668452e-02,1.199114241908910972e-01,5.264985892447546778e-01,2.707712865400298541e-01,2.631538027422060666e-01,1.636617138524515402e-01,2.563480947243318431e-01,2.501188608530284241e-01,3.789298112633555649e-01,8.235992416260164151e-02,1.044570456018728555e-01,3.397726114758815030e-01,1.465671431777321176e-02,7.615941559557648510e-01,-1.987127501899090820e-01,2.763365644498313456e-01,-1.305776759936876086e-01,6.624254493377508268e-01,1.581335375012633826e-01,5.596864300630254307e-01,1.036311194948426884e-01,-8.056553313304448682e-02,1.537905300323867408e-01,3.773438442299552609e-01,-1.579222780650599567e-01,-1.672690435778270979e-01,2.944996080441293976e-02,1.101030642316458558e-01,4.497340655588376035e-01,-9.826854848000263210e-02,4.437314970890598453e-01,-2.109868471757746500e-01,4.830650994539587018e-02,-1.838401414751893725e-01,-1.332476661603284596e-01,4.547927957583021152e-01,4.466992934104168089e-01,1.497934033911573481e-01,1.549800335362841175e-01,1.565680813574758523e-01,1.703258196074560471e-01,3.730030742610292438e-01,-1.909155710412907825e-01,-1.338846701992713328e-01,-3.588946533120547788e-01,-8.342893153137230511e-02,-5.282919005451668093e-02,4.339612611445893275e-01,2.550116539385418046e-01,6.456864141549916846e-04,1.183540325651226584e-02,2.694034087823583001e-01,8.791002857345485422e-02,-2.656895127629017028e-01,-3.510491379213270258e-01,-1.603036372502382179e-01,-9.313191723518522702e-02,4.150537537893866924e-01,1.654910697726552637e-01,-2.203533751335369772e-01
-4.958269781784472308e-01,-4.325786367294752188e-01,-1.047641882101206373e-01,-1.854090710343094250e-01,-4.943865897537318838e-02,3.100732249951523301e-01,-1.201845364334435534e-01,-1.194851071306137769e-01,-1.449477241443852815e-01,-4.207912633353654841e-01,-9.134864356114751061e-02,-8.192702313624654342e-02,-6.100441820213686750e-02,1.704217855673536564e-01,-2.559287870301510948e-01,-5.191027145607413074e-01,-1.996315859844452478e-01,-4.908204185596314884e-01,-8.792326698936273055e-02,-1.792106526609659745e-01,-2.586057470653982393e-01,-4.223630031329264622e-01,1.502461695782235096e-01,-8.821346247101058413e-02,-3.430973528433028941e-01,-4.348888815436455224e-01,-1.565688410513040030e-01,-2.216064841833112475e-01,-2.146799616190130100e-01,-2.116426649917515224e-01,-1.972177542187740218e-01,-1.213293042964330298e-01,-3.690087366265525359e-01,5.892303617087440992e-02,-4.389208734200080730e-01,3.383468772452546264e-02,4.330502303185191498e-02,-1.987127501899090820e-01,7.615941559557648510e-01,3.728618905265515537e-01,4.069160752446903118e-01,-3.039704282289725779e-01,1.994483387474730099e-02,-1.087199538114654029e-01,1.706429933383755426e-01,7.851642746012533758e-01,2.644449122888893888e-01,-3.352003092605890244e-01,3.568120926675334426e-01,4.751758686689535605e-01,-9.131267330816981997e-02,-1.494770415561654520e-01,-1.916813551631836587e-01,1.200216291489049486e-01,-1.823053453063062102e-01,6.147128759714431956e-01,5.893528880732340491e-02,4.959425807655477025e-01,5.573064454267947498e-01,7.758947023760506823e-02,-1.150725632463110021e-01,7.778869923767622874e-02,4.474346334953795828e-02,3.826570344436143467e-02,-1.901363739251011042e-01,-2.961046206862797958e-01,4.570332310567420397e-01,-3.983483946782716972e-02,-1.082604463708694009e-01,-1.547779174698026838e-01,-2.460854524689493339e-01,-2.810169858491433081e-01,-1.813402928336712294e-01,8.759385268236906386e-02,6.518297113263672726e-02,-5.181824193637545733e-02,-1.894340306961564413e-01,4.074998791427591471e-01,-1.855144564746796787e-01,-2.111881664262620084e-01,8.927882116202275065e-02,-2.897606671984465088e-01,-6.014857957309911046e-02,-4.085916594979799310e-01
-1.944929146667812025e-01,-4.405545670129076830e-01,-3.492811807089021836e-02,-8.304768965535209990e-02,2.666987262486776866e-01,-9.386113097539265648e-02,4.223912601533804101e-01,-3.285955026984953009e-01,3.024677531120824603e-01,-2.953916322426898833e-01,1.491336927038865168e-01,-2.553733313518712356e-01,-3.611111871086412906e-02,-1.217451410353669328e-01,2.922731285432223977e-02,-2.387984786457752751e-01,6.203445659573020472e-03,-4.248541031101201182e-01,-1.004748948736105957e-01,7.324026654582542484e-02,-2.480394296755061567e-01,2.045916200765558746e-02,-3.402072822627911775e-01,-2.877302789022531671e-01,-2.783998490729961972e-01,-3.756086790610259629e-01,4.477613770316988262e-01,-1.903797198486407161e-01,5.868533951437934076e-02,-3.330832765885708424e-01,-1.059737353630143680e-01,-9.195185361056704143e-02,-1.870962870953180313e-01,-4.557896567751541783e-02,-2.237993203471810577e-01,6.434746511254398060e-02,9.490033337606683383e-02,2.763365644498313456e-01,3.728618905265514982e-01,7.615941559557648510e-01,3.199611485563830932e-02,2.104725827691434625e-01,-6.488863239286490892e-02,1.996513564355916204e-01,-1.254947856474609158e-01,6.387205936465167877e-01,-6.527623950557318033e-02,-1.364407975518204183e-02,2.443052063343263136e-01,3.409616035087202901e-01,-6.958424886173639190e-02,3.386765645315502988e-04,5.840353563436328360e-02,-8.641874610320510186e-03,1.323101816347782844e-01,2.316938740258250515e-02,-2.051749642191729728e-01,4.451259530101139283e-01,1.634917899080343406e-01,5.979500736759347790e-01,-3.752338840547045362e-02,3.279779549796089100e-01,-1.153513347150903062e-01,2.710563301299190320e-02,-2.034733248474298040e-01,-1.322908266541606703e-01,2.063582024977762552e-01,-2.975012775307349089e-01,-2.394588611492363961e-01,-2.053736462419849251e-01,-2.478545490162611387e-01,3.487561825208738281e-02,2.350829837275197204e-02,-2.775435848550940679e-02,-1.504634905490342400e-01,1.712099184967627030e-01,-1.440707756807581008e-01,3.538858418155801933e-02,-2.646013949779550956e-01,-2.308164247040587480e-01,1.229762782571574564e-01,7.876872417689495531e-02,-1.654510630156823259e-01,-2.913930725434227820e-01
-4.701181914380099247e-01,-2.314007619834305696e-01,2.976594311263474069e-01,-1.021688271926419755e-01,-1.990907912055856713e-03,1.637944233498006830e-01,-2.352806800728088621e-01,6.281880356193029202e-01,-9.198454219707681567e-02,-1.503396184031385030e-01,1.163072189048451888e-01,1.419856960022380099e-01,-2.973836263283933801e-01,6.179514047362240081e-01,-2.329720876987499134e-01,-5.427360709278263862e-01,-3.648048654183280171e-01,-4.662773210359062448e-01,2.227001057651813720e-01,-1.266690096931784859e-01,2.632931580755158985e-01,-3.223251828510987349e-01,5.363324589352693739e-01,2.230571237734717549e-01,-2.982777232238404408e-01,-2.214182470962384464e-01,-2.260100478428175297e-01,4.519442115303896196e-02,-4.712708225060656120e-01,1.165030134681845353e-01,-1.435370253711011901e-01,1.528094925609505272e-01,-3.069465349984907276e-01,-1.706113599150248794e-01,-2.471058761335552245e-01,3.948558835903504538e-01,-2.541163096989347905e-02,-1.305776759936876086e-01,4.069160752446903118e-01,3.199611485563830932e-02,7.615941559557648510e-01,-1.325744361382469594e-01,5.102265140385035987e-03,1.071906462532245391e-01,2.618159917318427787e-01,2.060932386782577952e-01,5.281638564683364123e-01,-2.731340451863163432e-01,-2.056637446595543373e-01,-7.305829994061165122e-02,-3.758191339748885862e-01,1.870022136592427997e-01,-2.054613693623414394e-01,3.343793907389339681e-01,-2.695296639353710333e-01,7.641675033269785811e-01,3.375758677211914693e-01,1.367798860104533099e-03,1.899906266382578868e-01,-1.046617223645278788e-01,-5.850053476527281721e-02,-3.692493494574896062e-01,1.315155504713212409e-01,-2.291193706001813934e-01,-8.651123415954635465e-03,-2.946936182573798857e-01,-1.696361653446241610e-02,3.082362300434482363e-03,-9.692708071531086489e-02,-2.870573938647523748e-01,-1.878695450042378728e-02,-8.458584391913795408e-02,-1.422333143056475624e-01,2.566597590646496618e-01,8.605073120518580768e-03,6.314416858078477843e-03,-2.012084028824115689e-01,9.920918017390076282e-02,-1.861300903184588407e-01,-4.442585146613490799e-01,-2.209882661969481132e-01,-9.188233600918871424e-02,-1.056056615250026004e-01,-9.100020616242915361e-02
2.530467096109548231e-01,-1.964674305486215355e-01,4.333453217634986587e-01,1.791598347187755569e-01,5.999839368095640779e-01,-2.964062264660397572e-01,2.979180696950085583e-01,-8.177381397151901876e-02,8.518946270885362493e-01,1.557669953394522633e-01,5.621494484682219017e-01,7.178777492237425895e-02,-1.441530364543036624e-02,-2.404244615623657086e-02,3.832558904118236187e-01,5.460658376979658085e-02,1.719396662465666470e-01,1.603483534681479639e-01,1.419481659044757593e-01,3.657054415236131173e-01,-1.018204006095059372e-01,3.271477863967804933e-01,-3.668850305033464765e-01,6.578535561391569975e-02,-4.339930307299656037e-02,1.133186552427908889e-01,4.101379368774336065e-01,2.186073385249386880e-01,-1.610596471468839219e-02,1.940056088462831785e-01,2.607372755370256368e-01,-2.281551609710397513e-02,1.778598376154375271e-01,3.281472673576634608e-02,-1.364426097780358782e-01,4.271154496707236792e-01,4.639366734642452576e-03,6.624254493377509379e-01,-3.039704282289725779e-01,2.104725827691434348e-01,-1.325744361382469594e-01,7.615941559557648510e-01,8.590009850468083297e-02,6.828000027244258696e-01,7.006461797663884015e-03,-1.145173563068493522e-01,-1.585332128952697539e-01,4.453583582460116097e-01,-1.989578393192363570e-01,-9.986048179137077541e-02,-5.246025281014713576e-02,3.069283152787759539e-01,4.542199121721042787e-01,-1.377886002108813686e-02,4.239748648366496453e-01,-3.978713571206600186e-01,-1.959192179717098373e-02,-1.459028407710300512e-01,-1.970221740410549316e-01,4.459216738898826859e-01,2.055532012765539096e-01,8.303302605336737585e-02,7.470147880803867935e-02,3.165096847838310690e-01,-3.604434029050331695e-02,1.858557974341348007e-01,4.360420637614460804e-02,-2.905482089391384637e-01,-2.858506830820057298e-01,-2.367780462417047316e-01,-1.591483025800658480e-01,3.305694010907447300e-01,1.158623513565795321e-01,-8.473542242086110066e-02,-1.835816524840518382e-01,1.736974783867204220e-01,3.185855196793224708e-01,-3.626734486025563475e-01,-2.894908876932005271e-01,-2.941700924953651874e-01,-9.494571094833847980e-02,4.075198515226264306e-01,4.209104854103735624e-03,-1.425799593150668676e-01
1.496652526447550813e-01,8.243261910115787239e-02,-1.790353344471265831e-02,2.452470494677895518e-01,1.426533056636884907e-02,-2.110731572790223443e-01,-4.078687439123108993e-02,2.119109364380946936e-01,-2.493585049207526147e-02,6.850945833147952246e-01,1.040017596566922414e-01,6.228030725026785230e-01,9.012767093374760008e-02,9.976916319712339498e-02,5.902020392946403377e-02,9.297791413401994276e-02,1.759441928157557677e-01,3.291243015098864744e-01,1.079391936450969924e-01,3.582774423473336634e-01,-2.570034270915615496e-02,2.727201323852079251e-01,-1.218462704318190454e-01,6.364575908993569398e-01,2.283423089766096689e-02,3.360703010899321330e-01,-2.305293870553939417e-01,3.521159727506524284e-01,-7.108411457777000578e-03,5.009287568829884352e-01,1.996672362251405430e-01,1.973803382295252484e-01,3.904015291744661331e-01,2.589227153573362417e-01,1.827987303834715388e-02,2.142234550732753651e-02,2.243611545165179744e-01,1.581335375012633826e-01,1.994483387474729405e-02,-6.488863239286493667e-02,5.102265140385035987e-03,8.590009850468086072e-02,7.615941559557648510e-01,1.490422939603332497e-01,7.636163606856847252e-01,-1.846001884658172998e-02,5.482086558565486129e-02,1.195206593000314593e-01,1.726411633094036002e-01,1.296675911223641731e-01,4.120236524997429317e-01,5.956726288716222145e-02,2.796813512947669556e-01,4.825204973120593432e-02,3.998763816211917677e-01,-1.555023571461285614e-01,7.489017366272222587e-01,2.233494595617522283e-01,3.482792837329927726e-01,-1.261080087699778807e-01,4.556098796160368836e-01,1.590378981654866075e-01,5.490135349674012399e-01,4.761956150605209381e-01,1.552865406556857286e-01,4.559452587275762414e-01,5.892389527776775715e-02,7.193451880107571035e-03,-1.215157996464012735e-02,-6.335647803815147583e-02,8.232192995276117753e-02,3.301314242881661642e-01,5.373566706841713392e-02,2.813272754127940645e-01,3.744248748793920778e-01,7.377503816110710100e-02,1.700327619675539581e-01,-6.698965339735368785e-02,-2.053729006290051506e-01,-9.170058429960679935e-02,9.247974975687047600e-03,3.256327078771702466e-01,1.775904737400463007e-01,-6.397026520780972614e-02
9.051530047774902776e-02,-9.615461931391107442e-02,6.442517395763068810e-01,4.082676159904008450e-02,4.568666145665967737e-01,-2.344526461693373365e-01,9.671384675414371190e-02,-4.354484244764613571e-02,5.581966252831331854e-01,9.983473588986441216e-02,8.322851711796550589e-01,2.550491142120714025e-02,-1.530208188073588493e-01,2.800947526549623645e-01,3.553755896136252534e-01,7.541123309031203675e-03,1.058361244886237285e-01,7.450046661378352530e-02,5.521317513214553108e-01,2.580269477975433712e-01,-1.466508128560851387e-01,2.172079103062762029e-01,-2.322324847897365430e-01,3.424639417273240422e-03,-1.128637037536401877e-01,4.488826417520289797e-02,3.800939787950979865e-01,2.908177010522012829e-01,5.484890573622966045e-03,1.357112672200613823e-01,8.773558600441172528e-02,2.105997144942313437e-01,1.576719403662569241e-01,3.961647380342902397e-02,-6.503652433497073004e-02,6.978826165036020601e-01,2.855040025011047755e-02,5.596864300630254307e-01,-1.087199538114653613e-01,1.996513564355916204e-01,1.071906462532246085e-01,6.828000027244258696e-01,1.490422939603333052e-01,7.615941559557648510e-01,3.570015911754813309e-02,1.983515077797734505e-02,2.271296559641466373e-01,3.710303334621185001e-01,-4.788271486855504022e-02,4.239200691866270437e-02,-8.787598551445852503e-04,6.986385478607517463e-01,4.452155406259442616e-01,-1.812542054678297626e-02,3.929747119206912775e-01,-1.162536555418332285e-01,5.385962303674521334e-02,1.320915797206877879e-02,9.466181443592451561e-03,3.985930698297787678e-01,3.364768963043228145e-01,1.112551206981357843e-01,3.710396866168204355e-02,1.248166954461528561e-01,2.164504921725027842e-01,1.841910567041939728e-01,-4.155404948095423046e-02,-1.766465841629042410e-01,-2.842189311168931143e-01,-3.628624748820292178e-01,-3.188043313097882470e-01,2.725176586687644842e-01,4.631216577812354712e-02,-8.147736651335506231e-02,3.706697802673989545e-02,3.767435700509683821e-02,9.756613510881194384e-02,-1.580169795471315641e-01,-3.574713442440244360e-01,-4.277471471886830079e-01,-1.556667703250935453e-01,2.809960551231641124e-01,2.364032804335012422e-02,-3.633032096436719094e-01
-5.796841919589375974e-02,6.432821030869444179e-02,2.419581298045734088e-02,1.619631270767704356e-01,1.258458388115194990e-02,3.677273489033892201e-02,-2.076457427033880365e-01,4.004056653973179225e-01,-7.687517895872399143e-02,6.171765339476479317e-01,1.119688517845104092e-01,8.201581877666752618e-01,1.221534125624196138e-01,1.778864531717463393e-01,2.392401284336218362e-02,-2.706879205706999025e-01,5.989367899108935522e-02,5.778741285906043024e-02,1.160497210084502767e-01,3.631543764720993051e-01,2.492890250491295017e-03,8.264937286572503206e-02,1.628957896853378551e-01,8.350377545884994923e-01,-4.322685576573838395e-02,3.829059627391270815e-01,-2.887316748865412230e-01,4.113643291385742362e-01,-1.841479567433944309e-01,6.230707028380738643e-01,1.556011179767100572e-01,2.640589603840422517e-01,2.149667571012749134e-01,1.406234803044933111e-02,-9.894390621843103528e-02,4.490128402907928029e-02,5.075124729039682397e-02,1.036311194948427300e-01,1.706429933383755704e-01,-1.254947856474609436e-01,2.618159917318427787e-01,7.006461797663897893e-03,7.636163606856847252e-01,3.570015911754814697e-02,7.615941559557648510e-01,3.468953752419438874e-02,2.533218172946865021e-01,-4.165385651983603138e-03,-1.679769387780429279e-01,-3.856109910377694683e-02,6.489620474037239781e-03,-1.463371085299561454e-02,2.608207742435678655e-01,-2.170789306095330731e-02,2.516703050763095528e-01,1.419305903724731588e-01,8.150990021714252798e-01,1.158771809292736751e-02,3.809476634936009298e-01,-1.263038981384552450e-01,3.819370238470773948e-01,-1.285501328109786567e-01,7.346077585972170532e-01,3.187388857291393318e-01,1.243319919497910958e-01,2.649041795070851690e-01,6.130759936629658763e-02,7.418997587147194150e-02,4.676826839596637253e-02,9.599087158833112532e-02,8.754884645140934007e-02,2.190056553525612792e-01,-1.184637894367127353e-01,4.574316333321808425e-01,5.652632322755951622e-01,5.436824613943737339e-02,1.703453089238207430e-01,-5.482377241173204407e-02,-1.459083485069261332e-01,-2.505085584735464513e-02,-1.214542685340583017e-01,2.451802352779092753e-01,1.915083224983628596e-01,4.827307675515100926e-02
-1.774135325938088481e-01,-3.828589220535747462e-01,2.174298014431195677e-02,-2.023597558351458991e-01,5.665861423807809494e-02,1.169525281552376839e-01,7.449274062702548882e-02,-2.451257080356809559e-01,5.064889286766213750e-02,-3.881555474716704146e-01,2.804322352785885639e-02,-1.034060231981295402e-01,1.229763000708106874e-01,-2.461325811302923078e-02,-9.024731209570947821e-02,-3.267096122733172403e-01,-3.572403184586243896e-02,-3.646344588588814051e-01,2.507798296230998383e-03,-3.598281132848379221e-02,-2.420664889964532218e-01,-2.290231111511035200e-01,-9.262407682840423373e-02,-1.740241798666092021e-01,-3.197091513156483100e-01,-3.239294466565974528e-01,9.439050234075183066e-02,-2.019674410634227646e-01,1.223699411025006185e-02,-2.732327409205881352e-01,-1.135769005494642048e-01,-1.798573531953222282e-01,-2.683860190499408049e-01,2.498649246804185153e-01,-3.161266560131054670e-01,2.839645428277403141e-02,4.275188653935547284e-02,-8.056553313304454234e-02,7.851642746012533758e-01,6.387205936465170097e-01,2.060932386782577674e-01,-1.145173563068493799e-01,-1.846001884658177161e-02,1.983515077797738668e-02,3.468953752419435405e-02,7.615941559557648510e-01,5.453081106619349361e-02,-1.323776171684774017e-01,5.125995595045182984e-01,5.849908750562051729e-01,1.289141645606649011e-01,-7.969838034404146121e-03,-1.852556112716376852e-02,1.832491916070837501e-01,7.534139209273182924e-02,3.121636862779691435e-01,-1.226570158055843573e-01,5.670605333970941686e-01,5.231040979472897368e-01,3.365132797354790095e-01,4.276199546025883855e-03,3.920370196707356758e-01,-1.083582939403374690e-01,1.720652205366839937e-01,-2.230503885054860858e-01,-1.712060788124229460e-01,5.026056510106716724e-01,-2.452722482656099490e-01,-2.799064889034101333e-01,-2.085021831125138392e-01,-2.020624271425444096e-01,-1.807774795890018382e-01,-4.044799115241562437e-02,-3.900553082371644581e-02,-9.623351330654919544e-02,-2.308882154189648497e-02,-8.870290959733689862e-02,1.829934439951053093e-01,-2.689183216794550080e-01,-2.354134752734992342e-01,1.990379182766963406e-01,-1.322897450316193324e-01,-6.289113060282919276e-02,-4.101752946804887445e-01
-3.032803404085591681e-01,-4.079789403961715105e-02,1.593145246388649738e-01,-1.230073852443667876e-01,2.744131982693093219e-01,2.826812766716167435e-01,-1.098471114451453345e-01,3.650161939547246770e-01,-1.816869776142017723e-01,-1.851814051641606160e-02,2.081723764391500697e-01,1.456548687107607210e-01,-2.570947510465139141e-01,8.261193360506030592e-01,5.085608013913047940e-03,-2.975338680900853627e-01,-3.584999805398857431e-01,-2.100341668523620919e-01,2.727191815515562223e-01,1.596046776670190515e-01,-2.815485257358132584e-02,6.328886742282487099e-02,5.381725538626649374e-01,4.764835468293489849e-04,-4.843741743665710975e-02,-2.115430727647527390e-02,3.322335762819005750e-02,1.159022895821516103e-01,-1.912534448087409855e-01,8.892671118410278019e-02,-2.030386012264012441e-01,2.982659081548763580e-01,-9.743371028243948129e-02,-1.693250454372991765e-01,-1.391794655588373120e-01,3.181312392413582213e-01,-6.493057634482365947e-02,1.537905300323866853e-01,2.644449122888893888e-01,-6.527623950557315258e-02,5.281638564683365233e-01,-1.585332128952696706e-01,5.482086558565484047e-02,2.271296559641466095e-01,2.533218172946865021e-01,5.453081106619350749e-02,7.615941559557648510e-01,-5.878409409212123626e-02,-1.672227944199823901e-01,-1.401099178887698915e-01,-1.915361232482169496e-01,2.375601061875319830e-01,-1.468804280521724369e-02,-5.438732710711376150e-02,4.240203500128662340e-04,6.059612493086964369e-01,6.888229673179256662e-02,-1.129202232960276886e-01,9.483307320094551407e-02,3.315431883758304665e-02,2.123696905114507982e-01,-3.389785607430670367e-01,1.960394968115538872e-01,-3.122727636051289002e-01,1.321091077263422675e-01,-5.727561773062925243e-02,-1.403662051226465535e-01,8.034751348063839949e-02,-6.951639910890200502e-02,-2.571768943641656799e-02,4.782421676426057422e-02,5.811836075209316638e-02,-1.012485788616633992e-01,7.547701261115052906e-02,2.364088864195233730e-01,1.866739222807396736e-01,-1.560037925652723867e-01,2.241224228612878067e-01,-2.007821477624566475e-01,-2.194535704434226464e-01,-2.001665384342747600e-01,1.162462891033163720e-01,1.543066702478521901e-01,-2.560333064460432184e-01
4.553885053588066500e-01,2.268418418911984646e-01,4.137503502087894192e-01,8.235060412879149916e-02,2.679765516259676184e-01,-2.983115958080498342e-01,1.465350854072424054e-02,-6.179027204846324062e-02,4.112886445598150087e-01,1.011855972756606492e-01,4.011277358317312802e-01,7.136330426978830521e-02,6.089549935043282736e-02,-7.173500077052636162e-03,8.975429815031719105e-01,2.125132127327663545e-01,1.331451195204930715e-01,2.608327277258867261e-01,2.082279021380274708e-01,4.590449177262914127e-01,1.290058902901738969e-01,5.394815519415276928e-01,-1.884158400852026793e-01,1.686551048325983237e-01,1.518187508391537488e-01,4.769300815948485095e-01,5.692674285285478364e-01,5.008934635997318585e-01,2.680517353940757852e-01,3.626053863971728797e-02,3.014210597627725030e-01,4.129588038882520684e-01,4.806692316022417311e-01,2.946198627411306670e-01,4.389566128860287186e-01,1.481358547439783069e-01,2.721076284432307358e-03,3.773438442299552054e-01,-3.352003092605889689e-01,-1.364407975518201407e-02,-2.731340451863163432e-01,4.453583582460116097e-01,1.195206593000315010e-01,3.710303334621185556e-01,-4.165385651983603138e-03,-1.323776171684774017e-01,-5.878409409212123626e-02,7.615941559557648510e-01,-6.134035952858128693e-02,-1.150816250630417592e-01,2.346116729139362811e-01,2.075039381003278005e-01,6.968126692858094273e-01,3.151869450036065556e-01,7.345085189686956229e-01,-2.930100525207977591e-01,7.792235990292822878e-02,-1.517676944898695424e-01,1.818055513087336317e-01,5.670981512840995720e-01,5.364803556213852964e-01,3.745440761885073799e-01,-8.045734012778353594e-02,3.224340948884603653e-01,5.327836908554356432e-01,4.560912045011048521e-01,1.903436921841876461e-01,-1.702607941057427965e-01,-4.142572688617983112e-01,-1.796127692622400407e-01,1.917121555796993601e-02,1.247423299775908545e-01,1.385106523440004789e-01,-1.765368627630594378e-01,-1.920897753348274339e-01,1.786255859451579830e-01,5.258343429348959486e-01,-2.051780326354376571e-01,-1.603497100298446332e-01,-8.880713792256797467e-02,5.612164604535103268e-02,2.838572858321104508e-01,1.706523823824531161e-01,-7.228669283968244819e-02
1.345290595070639493e-02,-7.170947918439687929e-02,-1.095987300396346481e-01,-1.328573599950796102e-01,-1.249171725025892687e-01,-1.173179477654408553e-01,-4.658064157723402349e-02,-3.904967197517785205e-01,2.119696376669980269e-03,-1.205006136581376758e-01,-1.108671070144966533e-03,-2.529297644513348597e-01,-6.052444283603557185e-02,-1.242621123535314065e-01,-1.192666519390121749e-01,1.078402812904524360e-01,1.878302000988091580e-01,2.244975317153704089e-02,4.972306058806459650e-02,-1.913917001955247332e-01,-1.768750869523823821e-01,-2.700215268475276639e-02,-3.509404733371487284e-01,-2.907019279119948951e-01,-1.558750566435061768e-01,-2.316365931305836012e-01,-1.529370553535634170e-01,-2.195134875256427587e-01,2.304880127248699201e-02,-3.171053641886183994e-01,-1.690560897248364336e-01,-1.470548777773786620e-01,5.974416320397781671e-02,3.379498541149041357e-01,9.010760090079132645e-02,-2.029892068993917609e-01,1.255863996884352130e-01,-1.579222780650599567e-01,3.568120926675333870e-01,2.443052063343263414e-01,-2.056637446595542817e-01,-1.989578393192363848e-01,1.726411633094036002e-01,-4.788271486855508186e-02,-1.679769387780429002e-01,5.125995595045182984e-01,-1.672227944199824179e-01,-6.134035952858128693e-02,7.615941559557648510e-01,6.846994403658144268e-01,6.543817534769954536e-01,-4.453587634126184719e-02,-1.673385082909145949e-01,1.551669679153927783e-01,1.527032362378703823e-01,-1.129953056787999094e-01,-8.823548177223258793e-02,6.798774987857357788e-01,4.617526653030784023e-01,-8.628036410523118316e-02,8.296204540007673378e-02,5.408458636857866875e-01,-2.746355838866986199e-01,3.344791276269407782e-02,6.756216067777257549e-03,1.222774818421738102e-01,3.468335247826783707e-01,-2.039564893325810924e-01,-3.655451360502694202e-02,-5.338516173359891120e-02,-1.642207419029691473e-01,-1.133639828094365476e-01,-1.739145644894938766e-02,-1.461379885327507011e-01,3.654380734592488356e-02,-2.585375539229766914e-02,-3.384754252745151432e-02,2.108163811705640323e-01,8.617395188439613829e-02,1.096485914004693973e-01,2.750864112487975133e-01,-1.405252636970887870e-01,-9.197873825894826993e-02,-1.205511350653201003e-01
-2.184634041354889811e-01,-5.000276027778930432e-01,-1.539497966437443910e-01,-3.399593764207758939e-01,-1.269743986360983568e-01,5.118599783796286967e-02,-1.062203088966231640e-01,-3.774311048499892074e-01,9.200997261565602159e-02,-2.285121580811307618e-01,1.054729231715398341e-01,-1.723720599103397699e-01,7.836409873710017959e-02,-1.771190183226120651e-01,-8.861418127451130278e-02,-6.073917320962487348e-02,4.548765628322069543e-01,-1.147878924765681347e-01,1.736793037541083384e-01,-1.803255977364718876e-01,-3.826841120389528061e-01,-2.579243624912525013e-01,-4.340052325780933140e-01,-2.840418730549549298e-01,-2.487431133438583464e-01,-2.265833049387353249e-01,-2.204866675276298538e-01,-2.141922104094372836e-01,-8.216952543175830292e-02,-2.737440376777317552e-01,-2.435339814029932326e-01,-9.318042887522683115e-02,-2.728649271593336922e-01,-7.992802818678113042e-02,-3.693188663340963851e-01,-1.762958581810498415e-01,3.512360258405743813e-02,-1.672690435778270979e-01,4.751758686689534494e-01,3.409616035087203456e-01,-7.305829994061170674e-02,-9.986048179137076153e-02,1.296675911223641731e-01,4.239200691866275988e-02,-3.856109910377705785e-02,5.849908750562049509e-01,-1.401099178887698915e-01,-1.150816250630417037e-01,6.846994403658144268e-01,7.615941559557648510e-01,2.950122458391422620e-01,6.885683436365661048e-02,-1.057673231932988872e-01,-1.133773947038557717e-01,1.546649165466960386e-02,-1.047325344272512365e-01,-1.518002881086741307e-01,7.510163299165687478e-01,5.617657587346199799e-01,-1.378547816487555797e-02,-6.336946868930613819e-02,3.083275971313192421e-01,-1.089310084611599810e-01,4.474981425149984759e-02,-6.813967141478148581e-02,-1.016091006016151821e-01,4.081081482183296916e-01,-9.946337367519998696e-02,-1.959232010100394120e-02,-6.783358439258839467e-02,-2.185809001231637239e-01,-2.447403162467024773e-01,-2.390998073922494527e-01,-9.641310883402655352e-02,4.349444640190058137e-02,-1.050182744234059162e-01,-3.810039245017435988e-02,3.154906643935191379e-01,-8.982270480218787143e-03,-6.168461241691283736e-02,1.674757145580379469e-01,-2.506232325538151340e-01,-2.080569610251269685e-01,-3.242228306467272447e-01
3.158491866323039909e-01,3.398299933409850704e-01,-4.474231936049611474e-03,1.643960736972197301e-01,4.657227822321247102e-02,-2.361711900091997829e-01,-8.053439990374248666e-03,-2.180177996672655605e-01,4.300315767395807703e-02,2.482541104635158924e-01,6.175803253150092403e-02,4.138875688600579528e-02,1.189330411147973277e-01,-1.083324788506764697e-01,1.427586169190685483e-01,4.413720713378873062e-01,2.356385231940859304e-01,4.782985201364552408e-01,-1.839593264046629484e-02,3.322231765652246260e-02,-4.654924945493898319e-02,1.630874577923250301e-01,-2.539103896236430957e-01,2.638220807949148705e-02,2.560318304603531950e-02,1.457512952303511855e-01,-5.750281724868609029e-02,-2.941902379599323561e-02,2.812153261061590137e-01,-1.624910279092979248e-01,1.213668299440371218e-01,-1.298643899956907488e-01,4.129991279202955279e-01,6.237648283268439897e-01,4.378912117651255209e-01,-8.915771471475521237e-02,1.308535278827565873e-01,2.944996080441296751e-02,-9.131267330816980610e-02,-6.958424886173639190e-02,-3.758191339748885862e-01,-5.246025281014712188e-02,4.120236524997429317e-01,-8.787598551445991281e-04,6.489620474037246720e-03,1.289141645606649011e-01,-1.915361232482169218e-01,2.346116729139363088e-01,6.543817534769952315e-01,2.950122458391422064e-01,7.615941559557648510e-01,-7.004986886326713957e-02,1.004845045076349641e-01,1.588982375455691987e-01,3.015441935253882488e-01,-2.715643051335028813e-01,6.574544112993753464e-02,1.753660676782471950e-01,2.304349447960542252e-01,-6.396207794865781116e-02,2.815337553384653080e-01,5.132028823845498078e-01,-2.964898224381412040e-01,3.404492000024219034e-01,1.843755628259534374e-01,4.414445256999141032e-01,1.596181859467763475e-01,-3.763285399566815986e-02,-7.030253703736810689e-02,-4.900374273987477547e-02,-3.512428720581805414e-02,1.149722792507183039e-01,2.231611049249875023e-01,-1.900022408640106575e-01,1.928960132017252995e-03,1.371754775115218150e-01,4.810029111974134519e-02,-3.609087807574572204e-02,6.380168374601351972e-03,7.942453674555795262e-02,8.447202981195592320e-02,8.245598385698620081e-02,2.391522247662509482e-01,-3.079635144683037437e-02
-6.457184907702460952e-02,-1.848996430461998519e-01,5.311532693052374299e-01,-2.635153519400244143e-02,1.246945550984032008e-01,-1.698198226484090856e-01,-3.571209562577105923e-02,5.726745622383324491e-02,2.831979750582753197e-01,-1.313371290072160198e-02,5.566952752990956821e-01,-9.119966588604773439e-02,-1.691046501586636330e-01,4.145033018935349034e-01,2.005325730682546714e-01,-5.307361191243275406e-02,8.524848968153618534e-02,-4.571718572994341867e-02,8.479245492500537829e-01,9.122596534766974630e-02,-9.447766921741916624e-02,6.106307562813288042e-02,-1.896167707674810410e-01,-9.501506499388334692e-02,-2.084617706494263090e-01,-1.119520757869960949e-02,1.042600660822193132e-01,7.274611752525290964e-02,-2.298319105813972640e-01,6.416437548666628632e-02,1.048812495916918580e-01,-8.094889612743393428e-03,-6.944864512538918844e-02,-2.722067160576160244e-02,-1.645017846471674983e-01,5.512583644858922716e-01,-2.158492970864598487e-02,1.101030642316457864e-01,-1.494770415561654520e-01,3.386765645315502988e-04,1.870022136592427997e-01,3.069283152787761204e-01,5.956726288716227696e-02,6.986385478607517463e-01,-1.463371085299557117e-02,-7.969838034404146121e-03,2.375601061875320108e-01,2.075039381003278283e-01,-4.453587634126184719e-02,6.885683436365667986e-02,-7.004986886326711182e-02,7.615941559557648510e-01,2.458746683289547152e-01,2.106668553122572479e-02,2.217707003583468395e-01,-7.947042024008298122e-02,-3.700871596488108928e-02,-1.382542447830698018e-01,-2.644268847088308838e-02,2.756533003104470747e-02,5.606248914852108439e-02,-7.831251269294918493e-02,3.304647122455234721e-03,4.851745894034727169e-02,1.216925927590733758e-01,-1.104223096666384352e-01,-4.934633408137365645e-02,-1.948900029711403969e-01,-2.397216861232735752e-01,-5.766316525582073638e-01,-2.482228106918049626e-01,1.966643968781401353e-01,-3.103637719912164319e-02,-1.386389500721260659e-01,-1.538685493168444884e-01,3.751969496869621973e-02,1.017254232361742283e-01,-8.191266854312059809e-02,-2.315551445693515287e-01,-5.941030798072157726e-01,-2.766619531327728088e-01,2.404466493221778522e-01,-9.692911703593473649e-02,-3.263694435058535070e-01
3.259089935524983050e-01,6.207245429178403356e-02,4.500823127547430857e-01,8.301554534281095632e-02,3.069665671947735541e-01,-1.701592152296239613e-01,8.997525787179368184e-02,-3.407468147585185261e-03,4.117258130521119774e-01,3.051630344986587251e-01,4.477367511463713479e-01,3.159069735582896721e-01,7.711722059108333527e-02,2.548962554452425394e-02,6.250441084245993428e-01,4.322401267251622936e-02,9.835855616341815377e-02,1.854601159916448583e-01,2.062295208083622933e-01,8.034830270801902596e-01,-1.362394975799996744e-01,6.484640284090087414e-01,-1.950696946629027484e-01,2.477831369802629136e-01,7.390105123762874539e-02,3.662725199830464407e-01,5.211912682975016198e-01,5.655546594627762769e-01,3.278733805696578685e-01,3.193327753453530371e-01,4.273439820326563887e-01,4.593155156812540607e-01,5.742336946571864331e-01,2.089591723290644687e-01,1.869160467405859560e-01,2.507706166895607991e-01,-1.170039394453545878e-01,4.497340655588375480e-01,-1.916813551631836587e-01,5.840353563436324891e-02,-2.054613693623414117e-01,4.542199121721042787e-01,2.796813512947669556e-01,4.452155406259443171e-01,2.608207742435678655e-01,-1.852556112716380668e-02,-1.468804280521723675e-02,6.968126692858094273e-01,-1.673385082909145949e-01,-1.057673231932988456e-01,1.004845045076349919e-01,2.458746683289546042e-01,7.615941559557648510e-01,2.458854446372101075e-03,8.832917925345228349e-01,-3.196999270934530735e-01,1.991484154534110540e-01,-2.178362030706019470e-01,1.324254650830918589e-01,5.549706407305758926e-01,6.581591802223268894e-01,3.773337200423577120e-01,2.771044164782840435e-01,3.883846404634485605e-01,5.241176329940959722e-01,5.826454229665074536e-01,1.746914420336374840e-01,-2.035319026293277156e-01,-4.288942793982052915e-01,-7.887650053210554235e-02,-8.379200128256264479e-02,2.284588003264816924e-01,1.774865943638937460e-01,-1.527939685620299110e-02,9.330805929152681186e-03,1.563193284296247598e-01,4.467819206955828126e-01,-3.213401820542723386e-01,-2.825588214902063355e-01,-2.690328103123725695e-02,-1.012689554762947163e-02,3.135746990784952781e-01,2.493827903650497613e-01,-1.813933785577805657e-01
6.385687673214676674e-02,2.451671664036751686e-01,3.910205242481987753e-01,1.570348872635953519e-01,1.134379864008413508e-01,-7.250123492536646175e-02,-3.990188735515876745e-02,2.906093645156878069e-01,1.184641697904405544e-01,-6.594675639627210761e-02,2.178262458082863909e-02,-8.330180805323052218e-02,-1.617209490285698853e-02,1.413982139542854233e-01,1.924894499270180248e-01,3.127213303217719897e-02,-1.538457383469807038e-01,-6.509839696898578679e-03,8.661593233242723122e-02,-6.179276208168894141e-02,6.919290538197109264e-01,-4.347478224024247523e-02,2.487326411506472212e-01,2.477442854523816962e-01,4.779706219033609538e-02,6.527272780993982615e-02,1.228592519689678114e-01,2.785922571907323286e-02,-1.192937927047134708e-02,-1.921966940267931523e-01,1.445462733205253314e-01,-6.121707632574788227e-02,1.970237734269876528e-01,4.133424951905376177e-01,4.139621012610850692e-01,1.916823607245787264e-01,8.930113973098491309e-02,-9.826854848000265985e-02,1.200216291489050319e-01,-8.641874610320496308e-03,3.343793907389340236e-01,-1.377886002108805359e-02,4.825204973120597596e-02,-1.812542054678297626e-02,-2.170789306095330731e-02,1.832491916070837779e-01,-5.438732710711377538e-02,3.151869450036065556e-01,1.551669679153928061e-01,-1.133773947038557717e-01,1.588982375455692542e-01,2.106668553122564153e-02,2.458854446372045564e-03,7.615941559557648510e-01,1.385043196100917973e-01,2.449747076438572313e-01,3.165558758978764264e-01,8.485375863513694439e-02,2.759454495235054705e-01,1.820481997718041700e-01,8.982356953874434669e-02,2.973207828564214394e-01,-1.948488083047756059e-01,1.353444010329689362e-01,1.899794835613306462e-02,1.679134347323330001e-01,1.562600055684267020e-01,-2.725109540998054136e-01,-2.738599863520932431e-01,-3.582595298255112359e-01,1.668751239535656156e-02,1.148387573907401760e-01,1.810784138164323043e-01,1.089497813280869420e-01,-2.491882459214088130e-01,3.979205464220202798e-02,1.144442134815989998e-01,-1.856895163996306886e-01,-9.371244272296516686e-02,-3.347660939786196166e-01,1.442408567769416089e-02,1.138708111969916059e-01,3.438230477475010503e-03,7.931681876488512473e-02
3.094415888160008121e-01,1.882929754248554577e-01,3.582705872316269691e-01,1.136972725087254249e-01,2.950895197064475894e-01,-2.902191852607917677e-01,9.116391512867745572e-02,-9.327842980707438947e-02,4.376662694766613737e-01,3.527147318302870094e-01,4.095060570706459124e-01,2.308121206596208952e-01,-9.427124532051255751e-03,2.609793307027406806e-02,6.257291950236233413e-01,1.621618429373051506e-01,1.024899640548138507e-01,1.861263882357922783e-01,2.059519160222044176e-01,7.299377100778334793e-01,-4.661484119292347295e-02,7.554417652429986640e-01,-3.051506525213106280e-01,2.042000824373322032e-01,7.567125559545197222e-02,3.581520990667606541e-01,4.849572936829666947e-01,5.092338844424875166e-01,3.479111937185383474e-01,1.794443873253193933e-01,3.045388092597284269e-01,4.378268443345819105e-01,6.055339504607387680e-01,2.668226514391354165e-01,3.624616240502123721e-01,1.690868705728607868e-01,-3.846903685973554476e-02,4.437314970890599009e-01,-1.823053453063061824e-01,1.323101816347782844e-01,-2.695296639353710333e-01,4.239748648366497008e-01,3.998763816211917677e-01,3.929747119206912220e-01,2.516703050763095528e-01,7.534139209273184312e-02,4.240203500128662340e-04,7.345085189686956229e-01,1.527032362378704655e-01,1.546649165466959346e-02,3.015441935253882488e-01,2.217707003583468117e-01,8.832917925345228349e-01,1.385043196100917973e-01,7.615941559557648510e-01,-3.609978341130706259e-01,2.525140116986313576e-01,1.504006970844133824e-03,3.106775081583187381e-01,5.193451915992995938e-01,6.834019828696142884e-01,5.502349437499911566e-01,2.019032772953912314e-01,3.253588595735499855e-01,4.866175224334977067e-01,6.779355029697156088e-01,2.916702954236776724e-01,-2.696496315305222380e-01,-3.353288222648105332e-01,-1.003803298568227073e-02,-7.838648798980445143e-02,2.022663287102393070e-01,7.858743053086911234e-02,1.883159813558920107e-02,9.994027423457430004e-02,1.814769429933621170e-01,5.046996282683766655e-01,-2.617851300874606824e-01,-1.528615907027323362e-01,7.416491960068918865e-02,1.179957761174845188e-01,3.134661832922463476e-01,1.417364602578659039e-01,-1.036560657100527028e-01
-5.088310016299338878e-01,-2.348871076552114801e-01,1.271139506884433334e-01,-1.273459538547757619e-01,-3.955019190072520119e-02,2.597839111542657453e-01,-2.527877167505648837e-01,4.013846455187032869e-01,-2.998010579434842171e-01,-3.827419559301487584e-01,-1.085164512931583031e-01,3.066741265668692512e-02,-2.443238602014855820e-01,5.509315022056459066e-01,-2.615398303485187981e-01,-6.239119129197047142e-01,-5.285685485077402657e-01,-4.739486793696250366e-01,-4.748870557973981082e-02,-2.668739068337145359e-01,4.306193846740245801e-02,-4.706995562636488994e-01,6.951608632728080162e-01,3.736298171282022990e-02,-3.074156649389347962e-01,-3.262106502406256214e-01,-2.489595290249934922e-01,-2.005901108193042237e-02,-4.284786651643086031e-01,-7.704961699208963399e-02,-2.235337867275229706e-01,1.291941585065830289e-01,-3.635994587535372746e-01,-3.108082766215464893e-02,-2.460827637836848214e-01,3.116092293071254793e-01,-7.218080281038410928e-02,-2.109868471757745667e-01,6.147128759714434176e-01,2.316938740258246351e-02,7.641675033269785811e-01,-3.978713571206600186e-01,-1.555023571461285614e-01,-1.162536555418332562e-01,1.419305903724731310e-01,3.121636862779690880e-01,6.059612493086966589e-01,-2.930100525207977591e-01,-1.129953056787999233e-01,-1.047325344272512365e-01,-2.715643051335028813e-01,-7.947042024008299510e-02,-3.196999270934531290e-01,2.449747076438571758e-01,-3.609978341130707369e-01,7.615941559557648510e-01,1.196609465628804270e-01,-1.383994132557119817e-02,2.044681609373260600e-01,-1.386780007877380927e-01,-6.024044671141242507e-02,-3.354506581374288032e-01,-7.487301814611256601e-02,-2.302314893580619526e-01,-3.397114280954809107e-02,-3.560796245130958826e-01,1.281271331309756789e-01,6.875721072246537835e-02,-1.958772183537443867e-02,-1.386732608771381881e-01,-3.699496813026834259e-03,-3.339377750566954184e-01,-1.483991244815710542e-01,2.006445392628460889e-01,1.203235890584133938e-02,6.569356087510408448e-02,-2.024329926922499578e-01,2.844676853121526072e-01,-1.014474666419060561e-01,-2.698286399937710467e-01,-9.527550004078275125e-02,-3.534649881320797160e-01,-2.771020376387154510e-02,-1.733927184528493981e-01
-9.010346530556238853e-02,3.215411912064318201e-01,1.519585461415302319e-01,1.816905717565493739e-01,-9.772106738634274425e-02,-1.374585323054036690e-01,-2.582606163008894229e-01,4.734996220641750631e-01,-8.419369903183598902e-02,5.705645455938178623e-01,7.156458384433017628e-02,6.803825711576794166e-01,-1.190775013187938547e-01,8.437845747012209796e-02,-1.916741611045698346e-02,-1.860259566527011632e-01,3.985110102236755561e-03,6.596680550428028625e-04,8.567810807002877727e-02,3.210154026539595584e-01,2.510885029880183250e-01,1.149397634464078555e-01,1.770525003226701699e-01,8.495757976328308647e-01,3.700880636510066324e-02,3.637112279352366362e-01,-2.449993971089411693e-01,3.257886850162121650e-01,-6.961948604660167517e-02,5.178786250731821639e-01,2.380620822315898111e-01,2.462073643127956069e-01,3.952790434363840921e-01,8.933585044324431068e-02,2.020889554121629295e-01,8.369115534075614871e-02,1.128219666381976571e-01,4.830650994539584242e-02,5.893528880732337716e-02,-2.051749642191729728e-01,3.375758677211914693e-01,-1.959192179717098373e-02,7.489017366272224807e-01,5.385962303674521334e-02,8.150990021714251688e-01,-1.226570158055843435e-01,6.888229673179258050e-02,7.792235990292821490e-02,-8.823548177223262956e-02,-1.518002881086741029e-01,6.574544112993754852e-02,-3.700871596488110316e-02,1.991484154534110818e-01,3.165558758978764264e-01,2.525140116986314132e-01,1.196609465628804547e-01,7.615941559557648510e-01,1.286023257291925015e-01,4.456721185759007220e-01,-1.677204804060291599e-01,3.285237455306967980e-01,7.204564072501881689e-02,5.171849649919511016e-01,2.432686548711021635e-01,1.675875623553249039e-01,3.997857901488401366e-01,7.062348187244182895e-02,5.646425767952130415e-02,-1.165566935442579125e-02,-4.058525247202309644e-02,1.717760763145077529e-01,1.569120947271496480e-01,-5.542141030477801961e-02,5.155434453976768250e-01,3.957926496012356687e-01,2.114159550056202500e-02,1.853106026684911423e-01,-1.451731095730024734e-01,-1.383209986340359632e-01,-1.274438487148640275e-01,2.157741719537491134e-03,1.418785031818464715e-01,2.356701591107159682e-02,1.510080352225485756e-01
-3.930003553262637617e-01,-2.348587345910087554e-01,-1.916697957465472446e-01,-2.379170474375181532e-01,-2.184336951933612547e-01,-1.361241398382340151e-01,-1.875220702365901493e-01,-3.995068453250634199e-01,-1.257682319031054423e-02,-2.284417821839061780e-01,1.500263360237265135e-02,-1.663486498944704017e-01,-2.345294316646827915e-01,-1.576458123968145497e-01,-1.634529650672348344e-01,-1.957197660262401107e-01,1.663072324945054359e-01,-3.362824369041808592e-01,2.268830569043220422e-03,-2.751757931966903881e-01,-3.288216343097427052e-01,-2.603990345401099860e-01,-3.740188900604674016e-01,-1.768613747535474068e-01,-1.862057825643631259e-01,-3.339805230428053440e-01,-2.217268543087518862e-01,-2.746189081324268422e-01,-1.559269107488937822e-01,-3.670893869694618616e-01,-3.091296772473676180e-01,-2.129169156253903072e-02,-1.170409737484318785e-01,-6.251506259849790026e-02,8.945026092379753171e-03,-1.649422423994117426e-01,1.259608284553477009e-01,-1.838401414751893725e-01,4.959425807655477025e-01,4.451259530101139283e-01,1.367798860104533099e-03,-1.459028407710300235e-01,2.233494595617522838e-01,1.320915797206886205e-02,1.158771809292737272e-02,5.670605333970942796e-01,-1.129202232960276608e-01,-1.517676944898695146e-01,6.798774987857355567e-01,7.510163299165687478e-01,1.753660676782471950e-01,-1.382542447830698018e-01,-2.178362030706019747e-01,8.485375863513688888e-02,1.504006970844106068e-03,-1.383994132557119817e-02,1.286023257291925570e-01,7.615941559557648510e-01,6.372470372731863231e-01,-2.504599844133649500e-02,-6.130921261354464052e-02,3.810668406919623385e-01,-2.538035855909541172e-01,-7.473200919206149373e-02,-4.307778631030171473e-02,2.929850659319285094e-02,4.334053789660217704e-01,-1.449013503084244370e-01,8.671125429896055226e-02,-7.018740867741436740e-02,-2.830461553247209383e-01,-3.212811809951824360e-01,-2.754454008723430380e-01,1.696867825953869424e-01,1.184050754868902766e-01,-7.460638323993230847e-02,-8.670407146102769580e-02,2.868132004601508522e-01,8.107316548667271860e-02,1.849358465657037140e-02,1.980906377146229858e-01,-2.951546743529731009e-01,-3.283865963565632540e-01,-1.101087321735529506e-01
-2.982692282517848681e-01,-8.673176152592201871e-02,9.770311210194958240e-02,-1.908558182512052337e-01,-1.240226699565805252e-01,7.627769335042774990e-02,-2.842468008698859627e-01,-3.323780648012462924e-02,-8.646944204991705019e-02,-4.703634719094489797e-02,1.870747285781555747e-01,2.808665020780177213e-01,-6.233212238400274302e-02,4.507467296814716973e-02,1.625376384705114474e-01,-3.042551479519863822e-01,1.687825050805085159e-01,-2.266459262351790127e-01,2.394515227915312849e-01,1.246719328722088217e-02,-1.187513440821391653e-01,-1.160424715757170239e-01,-3.390837579814710151e-02,3.343031817881915169e-01,-1.430069061729730973e-01,9.349322459620103276e-02,-2.027671268803267202e-01,1.603467923769752168e-01,-1.896305708297431336e-01,-3.742948637616703295e-02,6.687486356839130591e-03,2.910740791050904774e-01,6.555770569254477931e-02,1.651560825413105893e-01,1.188334503931095104e-01,-1.983257773187250411e-02,7.469161351511774405e-02,-1.332476661603285151e-01,5.573064454267947498e-01,1.634917899080343129e-01,1.899906266382579423e-01,-1.970221740410549316e-01,3.482792837329927726e-01,9.466181443592479317e-03,3.809476634936009853e-01,5.231040979472897368e-01,9.483307320094551407e-02,1.818055513087336872e-01,4.617526653030783468e-01,5.617657587346199799e-01,2.304349447960541697e-01,-2.644268847088308838e-02,1.324254650830918589e-01,2.759454495235054705e-01,3.106775081583187381e-01,2.044681609373259767e-01,4.456721185759006665e-01,6.372470372731863231e-01,7.615941559557648510e-01,1.262631614531867785e-01,3.001318850091756474e-01,3.414332913139461745e-01,-3.601731389581509790e-02,1.558910865495776454e-01,2.672221653681042808e-01,1.814638821634619037e-01,5.353927623594176843e-01,-7.722432416894572937e-02,-1.885256813269561849e-02,-1.350956614984062110e-01,-7.541750193064994390e-02,-2.475372710690561251e-01,-2.575037230007617417e-01,2.032614667504674955e-01,1.971107509400756574e-01,-5.315540941249860540e-02,1.968418333621686223e-01,2.442025995319147269e-01,5.247495113800167837e-02,-5.426002802529493463e-02,1.861029141927552921e-01,-1.644850524968509697e-01,-1.672538543788870402e-01,-2.127059354018848991e-01
1.171163580484827771e-01,-2.177153310777512063e-01,3.129451677576782775e-01,7.715008476922201319e-02,3.887892893120636351e-01,-2.112742371995343094e-01,2.994061599468083590e-01,-2.521506936130525900e-01,5.206994090717274037e-01,-2.262367052502803622e-01,3.589822458418317486e-01,-1.528272550674843189e-01,-5.646669884248517457e-02,-1.913804612644804315e-03,5.204538468723731715e-01,-1.837012619381133416e-01,-1.724047849051756898e-01,-2.042742013018022385e-01,-4.980813210704036764e-02,2.903125801030526643e-01,-1.532469589964954582e-01,2.508365686815073325e-01,-3.064782157962830933e-01,-1.356722316108205928e-01,-1.941865102150675537e-01,-9.653144391383007561e-02,7.798904773137836921e-01,2.024567004017339966e-01,1.112098294266321563e-01,-1.044659485887931005e-01,2.057252241843504637e-01,1.797570538351827285e-01,1.950206959394366890e-01,5.473539262909291048e-02,5.336437031987995711e-02,1.959089136095450157e-01,-1.755024991544367960e-02,4.547927957583021152e-01,7.758947023760505435e-02,5.979500736759348900e-01,-1.046617223645278788e-01,4.459216738898827415e-01,-1.261080087699778807e-01,3.985930698297788233e-01,-1.263038981384552450e-01,3.365132797354790095e-01,3.315431883758307441e-02,5.670981512840995720e-01,-8.628036410523123867e-02,-1.378547816487558225e-02,-6.396207794865781116e-02,2.756533003104467972e-02,5.549706407305758926e-01,1.820481997718041700e-01,5.193451915992997048e-01,-1.386780007877382037e-01,-1.677204804060291599e-01,-2.504599844133649500e-02,1.262631614531868063e-01,7.615941559557648510e-01,3.010154519914370330e-01,3.995183613757843921e-01,-8.428388959142305015e-02,2.950626950360351053e-01,1.479354492213031391e-01,1.441013814685608574e-01,4.328491096416058892e-01,-3.037173549049016485e-01,-3.879103166055458130e-01,-2.500432978140165186e-01,-1.477143325495641479e-01,1.149661714411392005e-01,2.810309514652023499e-01,-8.673003899706646647e-02,-2.143871822722128451e-01,2.582407132818467232e-01,3.563337230334674421e-01,-1.384467660912746256e-01,-1.567140419474624402e-01,-2.305314634302283172e-01,2.100204125144152223e-01,1.580703399361919892e-01,5.460715159069620683e-02,-2.286788389881064532e-01
3.365479206213597974e-01,3.153065978243945189e-01,3.624330249888753630e-01,6.029610302777994868e-02,3.152501549157314953e-01,-6.380072801514997949e-02,-4.015287110504500712e-03,1.311547482407976750e-01,1.756767843390407702e-01,3.997757293260220668e-01,3.954933861524579375e-01,4.132341793920967232e-01,4.243012382161047424e-02,1.913043983795284786e-01,4.749430285770879778e-01,1.469660939838077773e-01,-6.067389180901631984e-02,2.911524501640434526e-01,1.144991067434677490e-01,5.909402141859658730e-01,-3.957263856907514143e-02,5.113191764829598807e-01,7.559691639723056800e-02,3.319357009936928504e-01,1.427418131425598757e-01,4.335202187646577943e-01,3.267221083787585356e-01,7.717724234353506851e-01,4.345517668261134614e-01,2.121559259072932357e-01,2.998543350568331767e-01,6.242275854579104610e-01,6.224919367957154615e-01,2.697393809299908352e-01,2.326929091787214854e-01,1.830797823599555618e-01,9.986294152431351989e-03,4.466992934104168089e-01,-1.150725632463110021e-01,-3.752338840547041893e-02,-5.850053476527280333e-02,2.055532012765539651e-01,4.556098796160367170e-01,3.364768963043228145e-01,3.819370238470773948e-01,4.276199546025911610e-03,2.123696905114508537e-01,5.364803556213852964e-01,8.296204540007673378e-02,-6.336946868930613819e-02,2.815337553384653080e-01,5.606248914852105664e-02,6.581591802223268894e-01,8.982356953874437444e-02,6.834019828696142884e-01,-6.024044671141242507e-02,3.285237455306967425e-01,-6.130921261354464052e-02,3.001318850091755919e-01,3.010154519914370330e-01,7.615941559557648510e-01,4.126176277528218472e-01,2.427460375295907025e-01,2.624745573448621361e-01,6.619916254536512001e-01,6.675798790996607668e-01,1.114589601994831480e-01,-1.437850161264292610e-02,-3.139021729171692088e-01,-2.383467010203698180e-02,7.211460579524155146e-02,1.970126124399904088e-01,1.491919785157462264e-01,-1.075826481414947355e-02,2.291823986518824185e-01,1.449586480139063160e-01,3.351861944259654225e-01,-2.247788754225028274e-01,-2.894100083854951322e-01,-5.706011841415443292e-02,1.106335041574584843e-01,2.148633448405805058e-01,3.311007922191865349e-01,-2.564412547815910770e-01
3.492794626037236116e-01,1.079297773987181325e-01,1.512244124265507417e-01,2.180762411111106594e-02,1.112716693102171472e-01,-3.110421309773760967e-01,1.178903538596267342e-01,-3.994695357078998366e-01,2.772069662255519096e-01,-4.939434102117748471e-02,1.786672476888878369e-01,-1.399241614623463192e-01,3.417100521756449849e-02,-3.028694978198492871e-01,2.770557522983797538e-01,1.887567183042384023e-01,9.380102585014835070e-02,7.864572042825698772e-02,-5.033612047814077506e-02,2.438947042940995957e-01,-1.825355882863209656e-02,3.418787232712535151e-01,-4.158027322516712476e-01,-1.146669397843918664e-01,-8.366468588057704436e-02,-4.046359977017494058e-02,3.811791241509864814e-01,1.177439579323259072e-01,5.492122229771272401e-01,-2.632988234399742389e-01,6.950991525233955748e-02,7.872486624238211883e-02,4.635261427356309194e-01,4.923108743800975184e-01,3.744398066258626256e-01,-3.793953726996087544e-02,9.896017813010227204e-02,1.497934033911573481e-01,7.778869923767625649e-02,3.279779549796089100e-01,-3.692493494574896062e-01,8.303302605336732034e-02,1.590378981654865798e-01,1.112551206981358121e-01,-1.285501328109786012e-01,3.920370196707357868e-01,-3.389785607430670922e-01,3.745440761885073799e-01,5.408458636857866875e-01,3.083275971313192421e-01,5.132028823845498078e-01,-7.831251269294918493e-02,3.773337200423579341e-01,2.973207828564214950e-01,5.502349437499911566e-01,-3.354506581374288032e-01,7.204564072501878913e-02,3.810668406919623385e-01,3.414332913139461190e-01,3.995183613757843921e-01,4.126176277528218472e-01,7.615941559557648510e-01,-2.549450087306128765e-01,3.231711982289810492e-01,2.107928702284341538e-01,5.231953181042054979e-01,2.935369961651266291e-01,-2.804472831064818150e-01,-2.947554563034251451e-01,-1.758020193949253462e-01,-1.731249032115996511e-01,6.580408970126076784e-02,1.302008215550183312e-01,-7.651242820571661774e-02,-6.138070593612739156e-02,1.633564735799688649e-03,1.039583051071368003e-01,-1.652339044931703527e-01,-7.680527828713451521e-02,-7.371122988250956680e-03,2.281989595349110667e-01,1.500473871388627589e-01,-3.990365853141336627e-02,-7.570790073340279147e-02
-5.717831922864359540e-02,-1.917765281914007025e-01,-5.349560450288618624e-02,3.534015080863437963e-01,6.085068106562778467e-03,6.979171494157081213e-02,-2.768132706804820459e-02,2.852913649909245564e-01,-6.194600812656266692e-02,4.764052263382496655e-01,-5.381478739337201139e-02,4.890702354382535644e-01,1.922584118300106337e-01,2.148388046812401697e-01,-3.361355006989204947e-02,-2.785353410879189417e-01,5.634550702696637658e-02,-6.882136181219140891e-02,-3.306697322195426697e-02,3.290718323742646279e-01,-7.294885162382586108e-02,7.390614210686645424e-02,9.664187670551972753e-03,5.518455015103527206e-01,1.469227240820650563e-03,5.839484985264207367e-02,-1.572513749993632304e-01,3.617611152928741913e-01,-2.111205644575441520e-01,6.818460271524571237e-01,2.982267693068982872e-01,2.015599735657135905e-01,4.206637751927400776e-02,-6.609285139410807364e-02,-3.864121694830758291e-01,2.603163908569041882e-02,7.884086553877919790e-02,1.549800335362840620e-01,4.474346334953795828e-02,-1.153513347150903062e-01,1.315155504713212409e-01,7.470147880803866547e-02,5.490135349674012399e-01,3.710396866168204355e-02,7.346077585972171642e-01,-1.083582939403374690e-01,1.960394968115538872e-01,-8.045734012778354982e-02,-2.746355838866985644e-01,-1.089310084611599810e-01,-2.964898224381412040e-01,3.304647122455206965e-03,2.771044164782840435e-01,-1.948488083047755504e-01,2.019032772953912314e-01,-7.487301814611259376e-02,5.171849649919511016e-01,-2.538035855909541727e-01,-3.601731389581516729e-02,-8.428388959142305015e-02,2.427460375295907025e-01,-2.549450087306129320e-01,7.615941559557648510e-01,3.889308217352732133e-01,3.684225382663375292e-02,4.066432934845321673e-02,-5.798878239047283029e-02,-2.107879848588437854e-01,-1.118343923334995382e-01,6.634032461487816834e-02,5.893674399433881245e-02,3.336677258916336819e-01,4.956346100407561100e-02,2.076074512258055949e-01,2.628750618644635773e-01,-1.422686288919603262e-02,2.014786591154766326e-01,-2.796353184675332559e-01,-1.810437749456985934e-01,2.841829009887144111e-02,-8.010006377981070125e-02,3.250896887717937278e-01,2.223359914219115996e-01,-1.098619101237365142e-01
3.523453727949816261e-01,5.933823719238376371e-02,1.459601744745628593e-01,3.259231827985758501e-01,1.659079700708983307e-01,-2.036258647654501652e-01,2.154286481998360647e-01,-1.153342774259356884e-01,2.366750730298201877e-01,2.977845675133369285e-01,1.482167113239947764e-01,1.938607890768394293e-01,3.700339824720575432e-01,-1.855601356992392370e-01,2.853431345923875262e-01,1.400853867610306613e-01,2.633191225604259444e-01,3.414001195408268297e-01,6.143248921858848050e-02,3.137008124125210129e-01,6.026555977838416421e-03,1.566807753318230634e-01,-2.505650867016283589e-01,2.757053678829952115e-01,-5.515890774777364863e-02,1.914284949154390070e-01,2.524781701741160012e-01,2.115488280871506144e-01,1.630717988607323088e-01,2.885927709715990774e-01,3.248128897298234175e-01,-1.853117457221508391e-01,2.187892292786601800e-01,5.257233108892556128e-01,2.215579616999163726e-02,-2.405788015067605867e-02,3.827979850661440420e-01,1.565680813574758523e-01,3.826570344436144855e-02,2.710563301299192401e-02,-2.291193706001814490e-01,3.165096847838310135e-01,4.761956150605209381e-01,1.248166954461528561e-01,3.187388857291393873e-01,1.720652205366840770e-01,-3.122727636051289557e-01,3.224340948884603653e-01,3.344791276269406394e-02,4.474981425149984759e-02,3.404492000024219034e-01,4.851745894034728557e-02,3.883846404634486160e-01,1.353444010329689917e-01,3.253588595735499855e-01,-2.302314893580619526e-01,2.432686548711021635e-01,-7.473200919206149373e-02,1.558910865495776454e-01,2.950626950360351053e-01,2.624745573448621916e-01,3.231711982289810492e-01,3.889308217352732133e-01,7.615941559557648510e-01,-4.874440720207168926e-02,2.090286854011296214e-01,2.585068731329457914e-01,-2.711679694869856272e-01,-2.822244735706369578e-01,-3.536003595729200755e-01,2.816605336922737429e-02,3.568984937625165332e-01,2.909291146777081005e-01,-2.651687775784153933e-01,-2.122148910824254043e-03,1.076080158056007818e-01,2.538992322491079312e-01,-2.908892425656913194e-01,-2.728004043989800675e-01,-2.435892414486325874e-01,1.077239826351429064e-01,3.829194999291011259e-01,2.251968847220910674e-01,-1.297680468383029251e-01
7.995917624810716662e-02,2.113018439959490624e-01,2.484458507339959987e-01,-1.486654768321709064e-01,4.214487419064016221e-02,-2.995781762285851246e-02,-2.485746700163591616e-01,1.058176887074508826e-01,-3.909543292860841179e-03,7.335701360880141075e-02,3.055699955462284900e-01,2.477452675454172026e-01,-8.670191934667408062e-02,1.003463546224565989e-01,4.315441456171847934e-01,3.441933458921916933e-02,6.351057699528499592e-03,1.313908615464783880e-01,1.792186631562734112e-01,4.302227978521615537e-01,-7.254243356609546556e-02,3.807223129805302198e-01,5.178880093295615966e-02,1.607884557582559548e-01,1.015382033034692155e-01,3.973363571717881126e-01,1.088470738634998297e-01,5.590770412875446516e-01,1.703238549488451381e-01,2.201916114304985073e-01,8.611504948512428703e-02,7.728127877146555580e-01,4.398272828320193284e-01,-1.263545227428626572e-01,1.952964595887051735e-01,1.288063105231268546e-01,-1.169680209600259257e-01,1.703258196074560749e-01,-1.901363739251011320e-01,-2.034733248474298040e-01,-8.651123415954621587e-03,-3.604434029050326144e-02,1.552865406556857564e-01,2.164504921725028119e-01,1.243319919497910819e-01,-2.230503885054860858e-01,1.321091077263422398e-01,5.327836908554356432e-01,6.756216067777243671e-03,-6.813967141478148581e-02,1.843755628259534096e-01,1.216925927590733897e-01,5.241176329940959722e-01,1.899794835613306462e-02,4.866175224334977623e-01,-3.397114280954809801e-02,1.675875623553249039e-01,-4.307778631030170086e-02,2.672221653681042253e-01,1.479354492213030559e-01,6.619916254536510891e-01,2.107928702284341538e-01,3.684225382663375292e-02,-4.874440720207168926e-02,7.615941559557648510e-01,5.260262207039826388e-01,-4.359856825164232230e-02,1.569883232909151660e-01,-2.016894056789430845e-01,3.808097934395415773e-02,1.671871836588301186e-01,2.798980375683565031e-02,4.833668422967528355e-02,-1.093619641901078382e-01,2.446452607765969567e-01,1.883975347279336354e-01,1.589664375964304488e-01,-6.307304672195225559e-02,-1.692269318772607334e-01,1.393048769120931452e-01,1.131752017635669488e-01,-3.536756936669521040e-02,1.269637726955941404e-01,-1.835991079170358198e-01
3.743595436506576002e-01,6.317910041237447816e-01,1.802761307935401847e-01,2.341198592887238639e-01,2.647542659044389013e-01,-2.210358456588500109e-01,8.627884887409574544e-02,2.097190850971440354e-02,1.274353739128021579e-01,4.938882962805261068e-01,1.861038360121004542e-01,3.350894781632269837e-01,-4.325618306655881762e-02,-1.683873179792768487e-02,3.244313497976076266e-01,4.496349470627210021e-01,1.444411581444490222e-01,4.274955098640799145e-01,-5.893870593758557958e-02,5.907902372425227755e-01,1.504593431883683718e-01,6.910146063695017382e-01,-1.383796566622515767e-01,3.205289811190378257e-01,2.590337667208337802e-01,4.504201967840366638e-01,2.612526742037572514e-01,3.422640958968523051e-01,6.073444391761039229e-01,2.043949576533328205e-01,2.291579635452203056e-01,3.839126559104353853e-01,8.977652896227709123e-01,2.826179912345310741e-01,5.786567646085206684e-01,-1.705839771118627946e-02,-4.179856546112645926e-02,3.730030742610291328e-01,-2.961046206862797958e-01,-1.322908266541606703e-01,-2.946936182573798302e-01,1.858557974341348284e-01,4.559452587275762414e-01,1.841910567041939728e-01,2.649041795070851690e-01,-1.712060788124230015e-01,-5.727561773062925937e-02,4.560912045011049076e-01,1.222774818421738102e-01,-1.016091006016151821e-01,4.414445256999141032e-01,-1.104223096666384352e-01,5.826454229665074536e-01,1.679134347323330001e-01,6.779355029697156088e-01,-3.560796245130958826e-01,3.997857901488401366e-01,2.929850659319286135e-02,1.814638821634618482e-01,1.441013814685608019e-01,6.675798790996607668e-01,5.231953181042053869e-01,4.066432934845318897e-02,2.090286854011295381e-01,5.260262207039826388e-01,7.615941559557648510e-01,1.105887624630192551e-02,-1.462371037241527727e-02,-2.791145281029163705e-01,3.128511452556831385e-02,1.067279048282777781e-01,2.512691196745292510e-01,2.176606294935438113e-01,3.381192247610517732e-02,3.268450682368496119e-01,9.578102427811918673e-02,2.961281253295679483e-01,-3.107874123010388456e-01,-2.146254988938016972e-01,1.144898580363524487e-01,1.035531311234304253e-01,2.131782635524399894e-01,2.448577722220689479e-01,-2.983870060603638699e-02
-1.005278684775838260e-01,-3.218042025096055636e-01,3.408908368828524049e-02,-2.097101172483775700e-01,-6.586347341409849732e-02,5.162723699433113822e-02,-5.469965229725506223e-02,-2.120265814698242546e-01,1.925111174482853349e-01,-2.722010933763517881e-01,8.821843196947332100e-02,-8.873617532050402310e-03,2.084439972899021845e-02,-1.714266646021329055e-01,2.153759572780721832e-01,-2.432168220259010860e-01,9.150755849402324171e-02,-1.791884610452409987e-01,-3.787318407589349706e-02,1.380167389576899273e-01,-1.747270332777379753e-01,1.373675639550755306e-02,-9.817840467919813907e-02,-2.415868233513971883e-02,-5.037511293945462487e-02,-8.620163706191572017e-02,1.543955107482786748e-01,-6.513579265419157382e-02,-1.595939556022719641e-01,-7.024858493227303935e-02,-8.170747915365085545e-02,-1.199927505742293121e-01,-9.693295387682784869e-02,2.279495355824879554e-01,-1.469837848101668842e-01,-3.603491357239345383e-02,-7.147997378602473362e-02,-1.909155710412907825e-01,4.570332310567420953e-01,2.063582024977761720e-01,-1.696361653446241610e-02,4.360420637614463579e-02,5.892389527776776409e-02,-4.155404948095423046e-02,6.130759936629659457e-02,5.026056510106717834e-01,-1.403662051226464702e-01,1.903436921841876461e-01,3.468335247826784262e-01,4.081081482183296916e-01,1.596181859467763198e-01,-4.934633408137367033e-02,1.746914420336374840e-01,1.562600055684266465e-01,2.916702954236776724e-01,1.281271331309757344e-01,7.062348187244184283e-02,4.334053789660217704e-01,5.353927623594175733e-01,4.328491096416058892e-01,1.114589601994831480e-01,2.935369961651267401e-01,-5.798878239047287192e-02,2.585068731329459024e-01,-4.359856825164232230e-02,1.105887624630189775e-02,7.615941559557648510e-01,-2.786127605414824848e-01,-1.961676660142989415e-01,-2.953650404049240272e-02,-1.168655272693164410e-01,-1.864571142175550922e-01,-2.815491781747391994e-02,-5.175689380392418937e-02,-2.226703723278973535e-01,1.501123858100491815e-01,4.574568232105547527e-01,-3.731796434362303488e-02,-3.945593702734304792e-02,-3.924110319724801593e-02,3.245776073995075284e-01,-5.980975821883927762e-02,-5.125176777558590165e-04,-2.124660848391692614e-01
-1.379965147625860922e-01,9.545576980079474583e-02,-2.369019939437433109e-01,-2.013080138467524816e-01,-7.851831077387098901e-02,1.274492469698384478e-01,-2.315985572127275127e-01,1.092769852295098904e-01,-3.544417064713656362e-01,5.495110348930637434e-02,-1.054510661957929751e-01,2.412587395769730525e-01,-1.324606296101986103e-01,1.742050372296793243e-02,-1.254960904375415354e-01,-4.528315584734304844e-02,9.982700657107667925e-04,7.133401482454777842e-02,-1.552916174342862665e-01,-2.297318344809760604e-01,-1.751665124647392435e-01,-1.873889404955003390e-01,1.413941846549955084e-01,1.981122554048640461e-01,-1.012568089658336251e-01,9.743292327214575499e-02,-3.383588465076506901e-01,4.890512885293950285e-02,-5.731381081230582653e-02,1.198227688757222409e-01,-7.486280615113320713e-02,1.902780896433007851e-01,7.174032767133836641e-02,-2.158641349818898880e-01,9.197645930765632749e-02,-2.212115935543763900e-02,-1.985171195005768496e-01,-1.338846701992712773e-01,-3.983483946782716972e-02,-2.975012775307349089e-01,3.082362300434454607e-03,-2.905482089391384637e-01,7.193451880107626546e-03,-1.766465841629042410e-01,7.418997587147188599e-02,-2.452722482656099490e-01,8.034751348063839949e-02,-1.702607941057427687e-01,-2.039564893325810924e-01,-9.946337367520000083e-02,-3.763285399566818762e-02,-1.948900029711403692e-01,-2.035319026293277156e-01,-2.725109540998054136e-01,-2.696496315305222380e-01,6.875721072246540611e-02,5.646425767952129721e-02,-1.449013503084244092e-01,-7.722432416894589591e-02,-3.037173549049016485e-01,-1.437850161264292610e-02,-2.804472831064818150e-01,-2.107879848588438410e-01,-2.711679694869856827e-01,1.569883232909151105e-01,-1.462371037241530503e-02,-2.786127605414824848e-01,7.615941559557648510e-01,3.030756546367910365e-01,-1.574657979816417377e-02,5.104248337595692492e-02,-1.702323289748452761e-01,-1.852097100070787816e-01,5.357842546495411584e-02,2.766044135857015918e-01,-7.660167030012526856e-02,-2.296353848172311696e-01,5.013687462988727361e-01,2.125200950962126759e-02,-2.940124736305486583e-02,-1.683305271783258339e-01,-2.543522979744617940e-01,-5.348786937839421218e-02,3.935654264717610568e-02
-4.117329727419456464e-01,2.958128047787008871e-02,-3.824965291769307218e-01,-1.627433751132098538e-01,-3.500527932671445575e-01,1.228937197509090001e-01,-2.860794649681035473e-01,-9.774676592391330632e-02,-3.419401010297852816e-01,8.377363721243795414e-02,-3.233257290109095572e-01,1.837257587552864890e-01,-1.951462290788669451e-01,-2.507047287396279578e-01,-2.623519146373343158e-01,-1.772107269283504649e-01,-8.482532511961907162e-02,-1.717398134770039275e-01,-2.460455044774422229e-01,-3.728009536156116077e-01,-1.990972034288607528e-01,-3.175972737521795541e-01,-3.878271984191006012e-03,5.021696670783302313e-02,2.013606439518872762e-02,2.552024231401718579e-02,-4.010503755311870533e-01,-2.505058290490345119e-01,-3.622143707128258616e-01,1.154968291230292626e-01,-1.964533518748454444e-01,-9.783767772303628152e-02,-2.331289057262506403e-01,-3.480858636361202629e-01,-1.907401852139410658e-02,-1.403751113597558886e-01,-1.015038032749148722e-01,-3.588946533120547233e-01,-1.082604463708694287e-01,-2.394588611492363961e-01,-9.692708071531086489e-02,-2.858506830820056188e-01,-1.215157996464011694e-02,-2.842189311168931698e-01,4.676826839596639335e-02,-2.799064889034101333e-01,-6.951639910890199114e-02,-4.142572688617983112e-01,-3.655451360502696978e-02,-1.959232010100395507e-02,-7.030253703736810689e-02,-2.397216861232734919e-01,-4.288942793982052915e-01,-2.738599863520931876e-01,-3.353288222648105332e-01,-1.958772183537445255e-02,-1.165566935442579471e-02,8.671125429896055226e-02,-1.885256813269560461e-02,-3.879103166055457574e-01,-3.139021729171692088e-01,-2.947554563034251451e-01,-1.118343923334995105e-01,-2.822244735706370133e-01,-2.016894056789430845e-01,-2.791145281029163705e-01,-1.961676660142989692e-01,3.030756546367910365e-01,7.615941559557648510e-01,3.199633428168780491e-01,1.454361060663118821e-01,-3.074385456851812526e-01,-5.621859490213482191e-01,4.059324081614097968e-01,4.128947991562469944e-01,-6.481368796674344401e-02,-1.113410064879353234e-01,1.934624682613120261e-01,6.174422926738833972e-01,2.350297033547886771e-01,-1.556789925649104400e-01,-3.405200955932395357e-01,-3.159613442400481809e-01,4.188102614212341757e-01
-1.108662153682173634e-01,1.252690824392765911e-01,-4.941733941862574975e-01,-6.444244373178522819e-03,-1.104660882088964319e-01,7.326353969374137243e-02,-9.341466771763927424e-02,-1.506574246520781812e-01,-2.592941929583338911e-01,1.084761857878047825e-01,-3.196664359344430495e-01,2.114070889064603997e-01,-1.501956131196210444e-02,-3.221926104899268672e-01,-8.736018071091621040e-02,-1.245310821607500673e-01,-1.015635224867188074e-01,-8.805448627855676225e-02,-5.654362973459574615e-01,1.715428976074129253e-01,-2.465527754854476561e-01,1.590581288293708151e-01,-3.829909741503858406e-02,-4.641922485800133863e-02,7.241082323726814873e-02,4.127233501897496076e-02,-2.076180559611505438e-01,-4.948163772209825118e-02,-3.699114098149539152e-03,2.698146138370317582e-01,5.281515900064386385e-03,1.892733158794752679e-01,2.157602453616875443e-02,-2.589506201348154013e-01,-9.034387343267346465e-03,-3.904228897122041242e-01,-2.537493991483934508e-01,-8.342893153137233286e-02,-1.547779174698026838e-01,-2.053736462419849251e-01,-2.870573938647523748e-01,-2.367780462417047593e-01,-6.335647803815148971e-02,-3.628624748820292178e-01,9.599087158833113920e-02,-2.085021831125138392e-01,-2.571768943641654023e-02,-1.796127692622400962e-01,-5.338516173359888345e-02,-6.783358439258839467e-02,-4.900374273987474077e-02,-5.766316525582073638e-01,-7.887650053210555623e-02,-3.582595298255112359e-01,-1.003803298568225685e-02,-1.386732608771381881e-01,-4.058525247202310338e-02,-7.018740867741438128e-02,-1.350956614984061832e-01,-2.500432978140165186e-01,-2.383467010203696793e-02,-1.758020193949253462e-01,6.634032461487814059e-02,-3.536003595729200755e-01,3.808097934395415773e-02,3.128511452556831385e-02,-2.953650404049242353e-02,-1.574657979816413214e-02,3.199633428168781046e-01,7.615941559557648510e-01,1.618039001040449121e-01,-2.436351099141452481e-01,-3.091862954916126949e-01,3.893712944343334925e-01,5.356841064735284874e-01,-1.274745794640706580e-02,8.115007310945902830e-02,-2.081406426347481575e-01,3.832308848533192980e-01,8.650470472704185898e-01,-2.534652800745691020e-02,-3.064737535619423414e-01,1.443761053756824862e-02,3.707965061749745050e-01
1.125479723747203897e-01,1.905205039664053523e-01,-8.496413475790863534e-02,1.900655591062932748e-01,5.632750008384623808e-02,-2.153535512925650389e-02,-3.181354056548613835e-02,2.078057208054398808e-01,-1.302121209407232361e-01,1.097571401033521910e-01,-2.131868217704797619e-01,2.365260226485761397e-01,9.656845471293283578e-02,1.213528899020431956e-01,8.399986148043095055e-03,-6.727638412350386843e-02,-2.900010618124085685e-02,8.500793192425699918e-02,-1.882949988721775991e-01,6.099738453578465447e-02,1.585665340343765661e-01,3.476009193043259199e-02,1.559491696365439550e-01,1.771818837822815573e-01,3.232515553965567556e-02,1.732653744915061134e-01,-2.067525057567320967e-01,1.604467148124674447e-01,-1.565494884153939281e-01,1.380594970482131867e-01,-5.198361565679310119e-03,2.160678218193597677e-01,1.112994320175212243e-01,4.617062665858742698e-02,7.385631029315639640e-02,-1.921591365955164776e-01,5.699184073524074350e-03,-5.282919005451668093e-02,-2.460854524689493339e-01,-2.478545490162611942e-01,-1.878695450042377341e-02,-1.591483025800657924e-01,8.232192995276116365e-02,-3.188043313097882470e-01,8.754884645140935395e-02,-2.020624271425443819e-01,4.782421676426057422e-02,1.917121555796990826e-02,-1.642207419029691751e-01,-2.185809001231637516e-01,-3.512428720581804720e-02,-2.482228106918049626e-01,-8.379200128256264479e-02,1.668751239535658237e-02,-7.838648798980445143e-02,-3.699496813026827320e-03,1.717760763145076974e-01,-2.830461553247209383e-01,-7.541750193064994390e-02,-1.477143325495640924e-01,7.211460579524155146e-02,-1.731249032115996789e-01,5.893674399433879857e-02,2.816605336922739164e-02,1.671871836588301186e-01,1.067279048282777920e-01,-1.168655272693164687e-01,5.104248337595693880e-02,1.454361060663118821e-01,1.618039001040449121e-01,7.615941559557648510e-01,-8.384008267505554252e-03,1.732202368684768456e-01,2.477780579796808602e-01,-6.299460413612888166e-02,-5.099474067104031033e-02,6.129789621970405111e-02,-1.151301238341394667e-01,2.968991290341021494e-01,1.317909086929452134e-01,2.588927381819604023e-01,7.534909892055451086e-02,7.557090234291601039e-02,2.992998498955639630e-01
1.757643736000453483e-01,1.739564556961502584e-01,2.134124635712366935e-01,5.154428508296761136e-01,4.499506890393371594e-01,-5.216010496001203395e-02,4.756407089437832414e-01,1.720587938537399275e-01,2.732967056896031255e-01,5.217383592112321278e-01,2.606378178638996124e-01,1.668326823732921294e-01,1.424644500219622856e-01,2.222906666331770920e-01,9.038836182340365122e-02,2.971207797493490843e-01,2.692159067372702497e-01,3.157411814456027033e-01,1.450408317059078966e-01,2.054685456625577888e-01,3.193775145165094198e-01,2.458181185415383163e-01,-1.236384445725950687e-01,2.597209614901514474e-01,1.921958457220188099e-01,1.846714677030447394e-01,2.504409775651547099e-01,2.560546645705441549e-01,1.795417010279359016e-01,2.846858763962225591e-01,4.874202771202185147e-01,-5.333234144126308002e-02,3.541284497297700340e-01,1.326460825718288883e-01,1.382691491130256245e-01,1.726668005040483955e-01,3.174259380398698482e-01,4.339612611445892720e-01,-2.810169858491433081e-01,3.487561825208738281e-02,-8.458584391913791245e-02,3.305694010907447855e-01,3.301314242881661642e-01,2.725176586687645397e-01,2.190056553525612792e-01,-1.807774795890018382e-01,5.811836075209311780e-02,1.247423299775908823e-01,-1.133639828094365753e-01,-2.447403162467024496e-01,1.149722792507183039e-01,1.966643968781401353e-01,2.284588003264816647e-01,1.148387573907401621e-01,2.022663287102393070e-01,-3.339377750566953629e-01,1.569120947271496480e-01,-3.212811809951824915e-01,-2.475372710690560696e-01,1.149661714411392005e-01,1.970126124399904088e-01,6.580408970126075396e-02,3.336677258916336819e-01,3.568984937625164777e-01,2.798980375683562602e-02,2.512691196745292510e-01,-1.864571142175551199e-01,-1.702323289748452761e-01,-3.074385456851813081e-01,-2.436351099141452481e-01,-8.384008267505569864e-03,7.615941559557648510e-01,5.395240517294875859e-01,-9.839817097338580953e-02,2.779310190354149918e-02,1.299683345680477109e-01,8.586838769849147734e-02,-5.071064567345736629e-01,-3.089518972201479308e-01,-2.832271097327422882e-01,-3.456875963351502823e-01,8.462631662269087807e-01,4.646606976475953221e-01,-4.755696465717021426e-02
1.747002907036048491e-01,3.351204816167231010e-02,1.297449237175394288e-01,3.056137768052863413e-01,2.735164418884186710e-01,-1.021432163316825237e-01,3.127437069372147049e-01,-1.821348679566108658e-02,9.314707279275670493e-02,4.162133343366951344e-02,-9.018470526233451565e-03,-7.560856904554960622e-02,1.996418962555586152e-01,3.475753028816439688e-02,5.684570660090212252e-02,1.650789625296388285e-01,9.938732288271846793e-02,2.515845586136120082e-01,-9.406815143695694548e-02,9.346035522333506762e-02,2.564323455222743409e-01,3.975602065269091129e-02,-6.010009888413655327e-02,4.871534114049947545e-02,3.201165445024205160e-03,-6.911678122215257625e-02,2.809443414006119744e-01,6.606087571919797008e-02,1.694856714661331087e-01,5.057063181490707715e-02,3.267392238724876052e-01,-4.147846342242986900e-02,2.751857007697450785e-01,2.434241001603361376e-01,6.231911197437624977e-02,2.374511289929940455e-02,2.491199815875521917e-01,2.550116539385418046e-01,-1.813402928336712294e-01,2.350829837275195122e-02,-1.422333143056475901e-01,1.158623513565795599e-01,5.373566706841713392e-02,4.631216577812355406e-02,-1.184637894367127076e-01,-4.044799115241561743e-02,-1.012485788616634269e-01,1.385106523440004511e-01,-1.739145644894939460e-02,-2.390998073922494527e-01,2.231611049249874468e-01,-3.103637719912165707e-02,1.774865943638937182e-01,1.810784138164323043e-01,7.858743053086909847e-02,-1.483991244815710542e-01,-5.542141030477801961e-02,-2.754454008723430380e-01,-2.575037230007617417e-01,2.810309514652023499e-01,1.491919785157462264e-01,1.302008215550183590e-01,4.956346100407559713e-02,2.909291146777080450e-01,4.833668422967528355e-02,2.176606294935438113e-01,-2.815491781747391994e-02,-1.852097100070787816e-01,-5.621859490213481081e-01,-3.091862954916127504e-01,1.732202368684768734e-01,5.395240517294875859e-01,7.615941559557648510e-01,-2.600197903392229559e-01,-2.995263881393266936e-01,9.734189028903676710e-02,-1.372957882557842429e-02,-4.268132153455418965e-01,-5.384747175103544725e-01,-2.060913506845460375e-01,-2.299264168873110456e-02,3.672613375212259723e-01,6.151274272617960337e-01,-3.204899392332505870e-01
-2.418829809592704105e-01,1.651977279557597100e-01,-9.997737123126358705e-02,-9.445516614736920724e-02,-1.086242679241841008e-01,1.665603550579297654e-02,-1.305530220012542653e-01,2.537465297650590701e-01,-1.323916474629963369e-01,3.156735111851818876e-01,-9.285328976919765553e-02,5.118275084575873990e-01,-1.172743851524156444e-02,-5.580741966557463407e-02,-1.412945463799657742e-01,-3.221911416082627877e-01,-5.268501224101176938e-02,-2.180173790915892196e-01,-8.899217918428943552e-02,1.701415150554744793e-01,1.251888616271577825e-01,-2.093247430416862384e-02,1.937658089706298381e-01,4.985744858734297846e-01,1.053853728482605917e-01,2.448769411942966212e-01,-1.570437426343789800e-01,-1.687937522638233850e-02,-1.342736225133720207e-01,3.455018794786728908e-01,-5.752190255820224113e-02,1.464457171702267801e-01,6.796867937867528270e-03,-2.364306947818543281e-01,6.710419291039099177e-02,-1.483703717405597186e-02,-6.606196950237655519e-02,6.456864141550055624e-04,8.759385268236904998e-02,-2.775435848550942067e-02,2.566597590646496063e-01,-8.473542242086114229e-02,2.813272754127941755e-01,-8.147736651335503455e-02,4.574316333321808425e-01,-3.900553082371644581e-02,7.547701261115058458e-02,-1.765368627630594378e-01,-1.461379885327507011e-01,-9.641310883402655352e-02,-1.900022408640106575e-01,-1.386389500721260382e-01,-1.527939685620298936e-02,1.089497813280869143e-01,1.883159813558921147e-02,2.006445392628460611e-01,5.155434453976767140e-01,1.696867825953869979e-01,2.032614667504674955e-01,-8.673003899706642483e-02,-1.075826481414943886e-02,-7.651242820571661774e-02,2.076074512258055671e-01,-2.651687775784153933e-01,-1.093619641901078243e-01,3.381192247610514956e-02,-5.175689380392419631e-02,5.357842546495414360e-02,4.059324081614097968e-01,3.893712944343334925e-01,2.477780579796808047e-01,-9.839817097338585117e-02,-2.600197903392229559e-01,7.615941559557648510e-01,3.622096247025983207e-01,-8.612838297200277327e-02,1.054821919042460421e-01,-3.309470881560160754e-02,2.872160013233286957e-01,2.245566438726332714e-01,-1.342220969374845474e-01,-1.151652876246388457e-01,-1.490310687766614461e-01,5.648378465605135013e-01
-1.852250258770376523e-01,3.305965868860484824e-01,-2.639149556470239411e-01,1.017560531014109898e-01,-7.923171937520079311e-02,5.902694494275645583e-03,-1.718131473776009499e-01,-2.175228381635729499e-03,-2.780277393054617630e-01,4.037058311887892770e-01,8.395652547905304436e-03,5.405608548395579582e-01,-1.217712079715424639e-01,-5.081100185641330980e-02,-1.052962426494124526e-01,1.236154490605253717e-02,-1.020563714101169889e-02,7.532367635530194672e-02,-1.027421859237998003e-01,2.037158588626285516e-01,-1.534389322543092404e-01,2.130919499879026513e-01,2.449125129737355494e-02,3.669956102249878893e-01,1.139234985022275805e-02,1.664124122518521043e-01,-2.816688657421602682e-01,1.677053840101241089e-01,8.707308515066920773e-02,3.418684823098849246e-01,-8.517093708270831454e-02,3.246028082944825699e-01,3.182025443000868759e-01,-1.427877742175006903e-01,4.814193863736548201e-02,-1.256483433115337424e-02,3.496311489872441780e-02,1.183540325651226931e-02,6.518297113263675502e-02,-1.504634905490342678e-01,8.605073120518591176e-03,-1.835816524840518382e-01,3.744248748793920778e-01,3.706697802673990932e-02,5.652632322755951622e-01,-9.623351330654923708e-02,2.364088864195234285e-01,-1.920897753348273784e-01,3.654380734592489743e-02,4.349444640190058137e-02,1.928960132017266873e-03,-1.538685493168445162e-01,9.330805929152675982e-03,-2.491882459214088130e-01,9.994027423457430004e-02,1.203235890584138795e-02,3.957926496012357243e-01,1.184050754868902766e-01,1.971107509400756574e-01,-2.143871822722128173e-01,2.291823986518824463e-01,-6.138070593612736381e-02,2.628750618644635773e-01,-2.122148910824219348e-03,2.446452607765969567e-01,3.268450682368496119e-01,-2.226703723278973535e-01,2.766044135857015362e-01,4.128947991562468833e-01,5.356841064735284874e-01,-6.299460413612888166e-02,2.779310190354149918e-02,-2.995263881393267491e-01,3.622096247025983762e-01,7.615941559557648510e-01,-2.249040088850463859e-01,-1.813726026093346877e-01,8.583150195847250030e-02,1.524542943814319873e-01,4.645011597395138359e-01,-1.196569811589753007e-01,-2.028722060472710684e-02,1.655981993978989930e-01,1.771705897877466351e-01
7.284311500857920674e-02,-8.413783289942614041e-02,2.112946011845021066e-01,-1.889199228610871639e-01,2.291634421338539784e-01,3.101485867257749648e-02,1.604697057112080549e-01,1.113164077356647019e-01,2.489363934271850154e-01,4.079619851802147867e-02,1.049623538067741835e-01,-3.903301404197645486e-03,-2.904056493820033127e-02,1.966241779838913406e-01,1.283087548993393223e-01,-1.706009453908859108e-02,-4.636310906198419513e-02,3.712931031664106624e-02,4.885228911691199410e-02,1.756961704807207258e-01,-4.867291834476647483e-02,1.538045480934256970e-01,1.232485097908074950e-01,-6.146142400326996651e-03,5.533412936366697427e-03,-3.792383863765633428e-04,3.725498855196732739e-01,6.988609657600287905e-02,-6.904191618132783648e-02,-1.437666629757182587e-03,7.509640543395333656e-02,-6.420179164464873134e-02,3.532530403525633439e-02,-3.238057433916034095e-02,-2.752137984396040796e-03,1.156724100311282144e-01,-3.652822012768535548e-02,2.694034087823583001e-01,-5.181824193637546427e-02,1.712099184967627030e-01,6.314416858078477843e-03,1.736974783867204497e-01,7.377503816110705936e-02,3.767435700509683127e-02,5.436824613943736645e-02,-2.308882154189649885e-02,1.866739222807396736e-01,1.786255859451579275e-01,-2.585375539229766914e-02,-1.050182744234059301e-01,1.371754775115218428e-01,3.751969496869623361e-02,1.563193284296247876e-01,3.979205464220208349e-02,1.814769429933621170e-01,6.569356087510408448e-02,2.114159550056203887e-02,-7.460638323993228072e-02,-5.315540941249859846e-02,2.582407132818467232e-01,1.449586480139063160e-01,1.633564735799688649e-03,-1.422686288919603262e-02,1.076080158056007680e-01,1.883975347279335799e-01,9.578102427811918673e-02,1.501123858100491815e-01,-7.660167030012532408e-02,-6.481368796674340238e-02,-1.274745794640705886e-02,-5.099474067104033115e-02,1.299683345680476831e-01,9.734189028903679486e-02,-8.612838297200275939e-02,-2.249040088850463859e-01,7.615941559557648510e-01,2.604345649434074983e-01,-3.479127862711677011e-02,-5.972857060294822079e-02,-6.534556878824289428e-02,-2.825988804352685610e-02,2.372397644794425886e-01,1.248637297547953440e-01,-5.599559479087824754e-02
2.819718651435060841e-01,4.376843188200350149e-02,1.953786753382756036e-01,3.027501373257738670e-03,9.924056578813179874e-02,2.039440570959308863e-01,1.635812022674070498e-01,7.599684524184850687e-02,2.416060622725107465e-01,3.281466821967939373e-01,1.222053906477023610e-01,2.367387257858884209e-01,3.368483418285534436e-01,-7.551895222669294250e-02,5.184262945973051595e-01,2.333925623736563815e-01,3.363101690944030886e-01,2.495904082311752037e-01,7.349882740235783030e-02,4.484352211248203712e-01,1.816888990305991769e-01,4.695439177905271766e-01,6.094473800499091570e-02,3.061237583967675313e-01,5.125768939894536080e-01,5.627198325241767884e-01,3.768214706404107717e-01,3.473612852731662315e-01,6.383658547340755052e-02,3.947693801926889234e-01,3.213526369449874465e-01,1.166923860534386653e-01,2.249406152782216228e-01,1.362424855565845805e-01,4.781279824774516823e-02,5.629542597834551881e-02,-9.625347812080306542e-02,8.791002857345474319e-02,-1.894340306961564691e-01,-1.440707756807581008e-01,-2.012084028824114301e-01,3.185855196793223598e-01,1.700327619675539581e-01,9.756613510881194384e-02,1.703453089238207152e-01,-8.870290959733695413e-02,-1.560037925652723312e-01,5.258343429348959486e-01,-3.384754252745150738e-02,-3.810039245017435988e-02,4.810029111974137295e-02,1.017254232361741728e-01,4.467819206955828126e-01,1.144442134815989998e-01,5.046996282683766655e-01,-2.024329926922499578e-01,1.853106026684911423e-01,-8.670407146102773743e-02,1.968418333621685667e-01,3.563337230334674421e-01,3.351861944259654225e-01,1.039583051071367448e-01,2.014786591154766326e-01,2.538992322491079312e-01,1.589664375964304488e-01,2.961281253295679483e-01,4.574568232105545307e-01,-2.296353848172311696e-01,-1.113410064879353234e-01,8.115007310945902830e-02,6.129789621970402336e-02,8.586838769849150510e-02,-1.372957882557843817e-02,1.054821919042460421e-01,-1.813726026093346877e-01,2.604345649434074983e-01,7.615941559557648510e-01,-3.018488914781604082e-01,1.087230791185492262e-01,-1.914668243061571490e-02,5.626195807633396079e-02,2.185659684928847601e-01,1.076132413564967610e-01,-5.500038579215574264e-02
-4.110073353979901145e-01,-3.045565288939933168e-01,-2.618432808463988515e-01,-5.040676183138051991e-01,-2.804832152662884437e-01,1.199768886291616328e-02,-4.039656483876898907e-01,-1.788217892143860732e-01,-2.921344920322272443e-01,-3.656447937344327603e-01,-1.332169152535985224e-01,-1.554356306382776443e-01,-3.319425334252862902e-01,7.481452895391589586e-02,-1.291793906998828234e-01,-3.228623910197934710e-01,-2.184996733477818920e-01,-2.863491680818088247e-01,-5.359412045357377086e-02,-3.136555540736827852e-01,-4.332568698999678114e-01,-3.573758576883887539e-01,-1.920151528007036854e-02,-1.801876215654989732e-01,-4.239642644978106611e-01,-2.987706899189738197e-01,-2.977421524756390658e-01,-2.683663991744240640e-01,-3.213541350917567541e-01,-2.615504586605509330e-01,-3.270503686765773854e-01,-7.136665145479297034e-02,-3.258623551348313607e-01,-2.332408348918293128e-01,-2.232372953915396918e-01,-5.110372754612327317e-02,-1.924266558261884807e-01,-2.656895127629017028e-01,4.074998791427592582e-01,3.538858418155801933e-02,9.920918017390079058e-02,-3.626734486025563475e-01,-6.698965339735359070e-02,-1.580169795471315641e-01,-5.482377241173204407e-02,1.829934439951053093e-01,2.241224228612878067e-01,-2.051780326354376016e-01,2.108163811705640323e-01,3.154906643935191379e-01,-3.609087807574574980e-02,-8.191266854312062584e-02,-3.213401820542723386e-01,-1.856895163996307996e-01,-2.617851300874606824e-01,2.844676853121526072e-01,-1.451731095730024734e-01,2.868132004601508522e-01,2.442025995319147269e-01,-1.384467660912746256e-01,-2.247788754225027996e-01,-1.652339044931703527e-01,-2.796353184675332559e-01,-2.908892425656913194e-01,-6.307304672195231110e-02,-3.107874123010388456e-01,-3.731796434362300713e-02,5.013687462988728472e-01,1.934624682613121371e-01,-2.081406426347481575e-01,-1.151301238341394945e-01,-5.071064567345737739e-01,-4.268132153455418965e-01,-3.309470881560160060e-02,8.583150195847252806e-02,-3.479127862711674235e-02,-3.018488914781604082e-01,7.615941559557648510e-01,-1.970400177032355024e-02,-1.464804960860746630e-01,3.902546664506986035e-02,-4.299892371909689315e-01,-3.255064586321959053e-01,-1.352408740317018743e-01
-2.131254678106522249e-01,3.002885229246366611e-02,-3.326172766882105059e-01,-5.837296823168443977e-02,-3.734624317739939081e-01,1.743770461152354401e-01,-2.127330393553272525e-01,-5.431891268546307217e-02,-3.301195131620482948e-01,-4.987895225064392646e-02,-2.794642857629900945e-01,-1.928659929746005764e-03,-7.466930670071299236e-02,-2.613157862282244337e-01,-6.546453632275377188e-02,-7.923467918592293213e-02,-2.933110676670577788e-02,-1.445366907211623753e-01,-1.898239209445305165e-01,-2.084320329784049020e-01,-8.569694926097784493e-02,-1.250064187762120194e-01,1.909103859173442302e-02,-9.432982818395301006e-02,1.465011541093478309e-01,1.144891593977210992e-01,-1.503591718998385784e-01,-1.628469382541317956e-01,-1.902164737470411759e-01,3.337414619421522066e-02,-9.783398413713322028e-02,-4.957359714622723568e-02,-2.020034603692184016e-01,-2.529349236706221471e-01,7.905444447269163732e-02,-3.128583093065655518e-01,-3.187596649031543272e-01,-3.510491379213270258e-01,-1.855144564746796509e-01,-2.646013949779550956e-01,-1.861300903184587852e-01,-2.894908876932004715e-01,-2.053729006290051506e-01,-3.574713442440244360e-01,-1.459083485069261610e-01,-2.689183216794549525e-01,-2.007821477624566475e-01,-1.603497100298446332e-01,8.617395188439612441e-02,-8.982270480218801020e-03,6.380168374601374523e-03,-2.315551445693515842e-01,-2.825588214902063355e-01,-9.371244272296512523e-02,-1.528615907027323917e-01,-1.014474666419060561e-01,-1.383209986340359632e-01,8.107316548667271860e-02,5.247495113800171307e-02,-1.567140419474624402e-01,-2.894100083854951322e-01,-7.680527828713447358e-02,-1.810437749456985934e-01,-2.728004043989801231e-01,-1.692269318772607334e-01,-2.146254988938016695e-01,-3.945593702734304792e-02,2.125200950962129534e-02,6.174422926738835082e-01,3.832308848533192980e-01,2.968991290341022604e-01,-3.089518972201479308e-01,-5.384747175103544725e-01,2.872160013233286957e-01,1.524542943814319873e-01,-5.972857060294821385e-02,1.087230791185491985e-01,-1.970400177032353636e-02,7.615941559557648510e-01,4.019114055291486687e-01,6.206565439630910147e-02,-3.396907682440627463e-01,-3.910056494718371356e-01,5.520160547922988714e-01
-1.453246270538553764e-01,1.497299985502606456e-01,-5.727465527699705516e-01,1.638385172220140906e-01,-2.253288663517740986e-01,-6.235862006350212892e-03,-1.103598853633914884e-01,-3.203068756774563042e-01,-3.084313791717826492e-01,4.982909502975774868e-02,-3.876116909195797544e-01,1.081214580785784807e-01,8.498040935432073922e-03,-4.268383639239030081e-01,-3.341139826497138698e-02,-6.832155919878379891e-02,-3.532619176834943253e-02,-5.660226265920584310e-02,-5.637471474448175757e-01,1.156340369404713492e-01,-2.953101437030203891e-01,1.268804853042585778e-01,-1.562725365316616211e-01,-1.161719603847134324e-01,8.135622531412983749e-02,9.130300067848136011e-03,-2.706140273950556341e-01,-7.681997287952810338e-02,1.096287430900945263e-02,2.149816743877283887e-01,1.579467235591172636e-02,2.079907095881493029e-01,1.088362304732636288e-01,-1.971612621990938841e-01,1.317210866824707893e-01,-4.879039831854259934e-01,-2.591650619163632929e-01,-1.603036372502381623e-01,-2.111881664262620084e-01,-2.308164247040587203e-01,-4.442585146613490799e-01,-2.941700924953651874e-01,-9.170058429960677160e-02,-4.277471471886830079e-01,-2.505085584735464513e-02,-2.354134752734992619e-01,-2.194535704434226464e-01,-8.880713792256800243e-02,1.096485914004694251e-01,-6.168461241691283736e-02,7.942453674555795262e-02,-5.941030798072157726e-01,-2.690328103123725001e-02,-3.347660939786196166e-01,7.416491960068920253e-02,-2.698286399937709357e-01,-1.274438487148640275e-01,1.849358465657039222e-02,-5.426002802529495544e-02,-2.305314634302283172e-01,-5.706011841415446761e-02,-7.371122988250935863e-03,2.841829009887145152e-02,-2.435892414486325874e-01,1.393048769120931729e-01,1.144898580363524626e-01,-3.924110319724800205e-02,-2.940124736305486583e-02,2.350297033547887604e-01,8.650470472704185898e-01,1.317909086929452689e-01,-2.832271097327421772e-01,-2.060913506845460097e-01,2.245566438726332992e-01,4.645011597395138359e-01,-6.534556878824290815e-02,-1.914668243061573918e-02,-1.464804960860746630e-01,4.019114055291486132e-01,7.615941559557648510e-01,7.448031030559781884e-02,-3.546970617782578827e-01,3.895138106914725149e-03,3.758621632276318292e-01
8.188429483187834035e-02,-4.763470884150348278e-02,-1.327445431334388637e-01,-2.826773221926665025e-02,-6.256705056812068844e-02,-2.785624846078423866e-01,-1.333734785016898461e-01,-2.790352091830003434e-01,2.941180430883251831e-02,-2.420065556796685280e-01,-1.190931552397946902e-01,-2.047268054972407325e-01,-1.815795478344202352e-01,-1.706402967603072862e-01,1.151374734525907780e-02,-5.477263092363409552e-02,-1.868113425396520921e-01,-1.702054609405496965e-01,-2.357496422107296652e-01,-4.302110070372388434e-02,-2.514750678144333507e-01,1.637265335376569472e-02,-2.508961212067929436e-01,-1.639308077795955387e-01,-2.376284103823057825e-01,-2.531474899681261381e-01,2.291981847563287142e-02,7.800841156274157875e-03,-2.213718584880489809e-02,-2.630694418444479155e-01,-1.555237439071909533e-01,3.974829733583504221e-02,1.217471965337764139e-01,1.486153289907071184e-01,3.104902379756896771e-02,-2.353282777144163063e-01,2.104053638618466962e-02,-9.313191723518521314e-02,8.927882116202272289e-02,1.229762782571574703e-01,-2.209882661969481132e-01,-9.494571094833846592e-02,9.247974975687077090e-03,-1.556667703250935453e-01,-1.214542685340583017e-01,1.990379182766963684e-01,-2.001665384342747878e-01,5.612164604535105350e-02,2.750864112487975688e-01,1.674757145580379747e-01,8.447202981195590932e-02,-2.766619531327728088e-01,-1.012689554762944387e-02,1.442408567769416089e-02,1.179957761174845465e-01,-9.527550004078277901e-02,2.157741719537477256e-03,1.980906377146229858e-01,1.861029141927552644e-01,2.100204125144153333e-01,1.106335041574584566e-01,2.281989595349110111e-01,-8.010006377981070125e-02,1.077239826351429203e-01,1.131752017635669766e-01,1.035531311234304253e-01,3.245776073995075839e-01,-1.683305271783258339e-01,-1.556789925649104400e-01,-2.534652800745691714e-02,2.588927381819604023e-01,-3.456875963351502823e-01,-2.299264168873113579e-02,-1.342220969374845752e-01,-1.196569811589752730e-01,-2.825988804352683528e-02,5.626195807633396079e-02,3.902546664506986729e-02,6.206565439630912923e-02,7.448031030559784660e-02,7.615941559557648510e-01,-2.637216491214292025e-01,-3.207279890777404718e-01,-8.046816342146728696e-02
3.259547835467445642e-01,1.533068318050630485e-01,1.862093532581606814e-01,3.892291988230049959e-01,4.456007387065959446e-01,-2.224580586192389797e-01,3.648641588111030121e-01,1.215951257407023450e-01,3.648746941361528107e-01,4.104130699238220381e-01,2.833958651061928569e-01,1.614398446306012647e-01,5.419951077903931158e-02,2.191913820242845090e-01,2.852526033076374090e-01,2.676817918234878357e-01,1.242706164110690265e-01,2.361780541830046098e-01,1.423185604077098210e-01,2.733776557202331481e-01,2.180757757240834316e-01,3.505625179986084916e-01,-1.698453956638727169e-01,1.891089079529279793e-01,1.123454164804814776e-01,2.215854442988844097e-01,3.043505508927005776e-01,2.394164004580846827e-01,1.586485002328748839e-01,2.492553133587640801e-01,3.896355038049769681e-01,-1.074842173736361151e-01,2.747951010749740686e-01,2.322991810703763649e-01,1.233397872486423491e-01,1.007448212612357119e-01,2.794448899537697595e-01,4.150537537893866369e-01,-2.897606671984464533e-01,7.876872417689496919e-02,-9.188233600918874200e-02,4.075198515226264306e-01,3.256327078771701911e-01,2.809960551231640569e-01,2.451802352779092475e-01,-1.322897450316193324e-01,1.162462891033163859e-01,2.838572858321104508e-01,-1.405252636970887870e-01,-2.506232325538150785e-01,8.245598385698620081e-02,2.404466493221778522e-01,3.135746990784952781e-01,1.138708111969916337e-01,3.134661832922464031e-01,-3.534649881320796605e-01,1.418785031818464715e-01,-2.951546743529731009e-01,-1.644850524968509142e-01,1.580703399361920169e-01,2.148633448405805335e-01,1.500473871388627867e-01,3.250896887717937278e-01,3.829194999291011259e-01,-3.536756936669523121e-02,2.131782635524399894e-01,-5.980975821883924293e-02,-2.543522979744617940e-01,-3.405200955932395357e-01,-3.064737535619423414e-01,7.534909892055448311e-02,8.462631662269087807e-01,3.672613375212260278e-01,-1.151652876246388457e-01,-2.028722060472707214e-02,2.372397644794426164e-01,2.185659684928847601e-01,-4.299892371909689315e-01,-3.396907682440627463e-01,-3.546970617782578827e-01,-2.637216491214292025e-01,7.615941559557648510e-01,3.817193652737487231e-01,-8.793058852902620182e-02
2.287140631205283048e-01,2.534250268687830987e-01,-1.107699179943971886e-02,2.541391101079455428e-01,2.377356897070441732e-01,1.123128600102908242e-01,2.220264040461088495e-01,-8.740086558539120545e-03,-6.212523998171515932e-02,2.744071944237244653e-01,-4.627508105164384808e-03,2.022519259950689152e-01,3.079821304585467212e-01,1.074062609897937642e-01,1.706175630079851957e-01,2.151571515261422318e-01,1.029198342434031327e-01,3.934210902264375642e-01,-1.397541111098665467e-01,2.313470479979101158e-01,1.268965791329430270e-01,1.476957881845017417e-01,9.487918187786606450e-02,1.837202991034026511e-01,1.894804973893939870e-01,1.771530475336016985e-01,1.597969076481203232e-01,2.000076120723019713e-01,1.666184312547681901e-01,3.367700414075657789e-01,3.353672026805875062e-01,9.524652037790004577e-02,3.074396380551053798e-01,2.574059585082984491e-01,9.115342314880517383e-02,-9.452425433792892295e-02,2.058212907412802217e-01,1.654910697726552915e-01,-6.014857957309911740e-02,-1.654510630156823259e-01,-1.056056615250026004e-01,4.209104854103749502e-03,1.775904737400462452e-01,2.364032804335011034e-02,1.915083224983628041e-01,-6.289113060282917889e-02,1.543066702478521901e-01,1.706523823824530883e-01,-9.197873825894828381e-02,-2.080569610251269963e-01,2.391522247662509482e-01,-9.692911703593476425e-02,2.493827903650497613e-01,3.438230477475038259e-03,1.417364602578659039e-01,-2.771020376387152429e-02,2.356701591107158988e-02,-3.283865963565633095e-01,-1.672538543788870402e-01,5.460715159069621377e-02,3.311007922191865904e-01,-3.990365853141338015e-02,2.223359914219115718e-01,2.251968847220911230e-01,1.269637726955941681e-01,2.448577722220690034e-01,-5.125176777558243220e-04,-5.348786937839421218e-02,-3.159613442400481809e-01,1.443761053756824862e-02,7.557090234291599651e-02,4.646606976475953221e-01,6.151274272617960337e-01,-1.490310687766614739e-01,1.655981993978990208e-01,1.248637297547953995e-01,1.076132413564968165e-01,-3.255064586321959053e-01,-3.910056494718371356e-01,3.895138106914728619e-03,-3.207279890777404718e-01,3.817193652737487231e-01,7.615941559557648510e-01,-3.393888198547768686e-01
-7.335707678660832731e-02,1.400105136719229648e-01,-2.761068801993861177e-01,-3.735047929503503700e-03,-2.849375021484290560e-01,-2.149045602216828887e-01,-1.860597449822523897e-01,1.014780417633415754e-01,-1.988047702424199925e-01,9.573885899918305187e-02,-3.021114133161053594e-01,1.231907129224123210e-01,-1.624733955830033882e-01,-3.427334964868436473e-01,-6.799333701896180526e-02,-1.083908021526938936e-01,-1.844049347791568982e-01,-1.075407772251588401e-01,-3.455900436227194450e-01,-3.101603035633061778e-02,1.228905504401879428e-01,-4.109635043436555418e-02,-3.930783296897039786e-02,1.326235388406891702e-01,-7.396200717318149320e-02,7.428724489871101067e-02,-1.709645793407701120e-01,-1.549277162305576494e-01,-1.198463183291733070e-01,9.312463615891351798e-02,1.517063910508505663e-02,-1.015226431567032989e-01,1.774140944530903236e-02,-2.767683051556294460e-01,2.374541550281916436e-01,-3.103617828888190489e-01,-1.722239794010772262e-01,-2.203533751335370328e-01,-4.085916594979799310e-01,-2.913930725434227265e-01,-9.100020616242915361e-02,-1.425799593150668676e-01,-6.397026520780969838e-02,-3.633032096436719094e-01,4.827307675515105090e-02,-4.101752946804887445e-01,-2.560333064460432184e-01,-7.228669283968243431e-02,-1.205511350653201003e-01,-3.242228306467273002e-01,-3.079635144683035702e-02,-3.263694435058535070e-01,-1.813933785577805657e-01,7.931681876488512473e-02,-1.036560657100527166e-01,-1.733927184528494259e-01,1.510080352225485756e-01,-1.101087321735529645e-01,-2.127059354018848714e-01,-2.286788389881064532e-01,-2.564412547815910215e-01,-7.570790073340280535e-02,-1.098619101237365142e-01,-1.297680468383029806e-01,-1.835991079170358753e-01,-2.983870060603638699e-02,-2.124660848391693169e-01,3.935654264717603629e-02,4.188102614212342312e-01,3.707965061749744495e-01,2.992998498955639630e-01,-4.755696465717020732e-02,-3.204899392332505870e-01,5.648378465605135013e-01,1.771705897877466074e-01,-5.599559479087823366e-02,-5.500038579215576345e-02,-1.352408740317018743e-01,5.520160547922987604e-01,3.758621632276318847e-01,-8.046816342146727308e-02,-8.793058852902621569e-02,-3.393888198547768686e-01,7.615941559557648510e-01
