7.615941559557648510e-01,-3.547057059094771980e-01,1.875552672874244431e-01,-2.072394065888004122e-01,4.240421967960280453e-02,4.252118300883315771e-01,4.455063187104734146e-01,3.136609976847886117e-01,2.890450208213785621e-01,1.343394734533857188e-02,3.117464283394654756e-01,3.621732211244593769e-02,6.014881211330491695e-01,-2.453629994225085820e-01,2.210527937789013436e-02,3.955480016757244588e-01,5.700878077754985007e-01,7.227818835958333965e-01,3.213033883990083495e-01,3.380460423256340108e-02,-1.609274004113946110e-01,8.979986832747492709e-02,1.834021438996467565e-03,3.140433893918484574e-03,1.511350020058721266e-01,5.217985911741273020e-01,-6.068700689409844279e-02,9.021093103894060883e-02,2.184858695879552393e-01,4.017108136059986401e-01,1.225002509744301249e-01,-1.645778211508774902e-01,-3.030917589667166956e-01,2.864793621407341617e-01,-4.367449733587411287e-01,2.595181550816340055e-01,-1.318735851680975790e-01,1.379056338350717614e-01,3.347866545443789216e-03,-6.463046089987606324e-02,-4.480333831510289327e-02,2.301927899368681196e-01,-1.664895962871447421e-01,2.304746934611529852e-01,-3.593441068583234921e-02,1.132160349327966942e-01,-3.081345268393406167e-01,-3.969329072242538947e-02,-2.523601734315796818e-01,1.282171131087979365e-01,1.278159826024846853e-02,2.973180691122730424e-01,-9.938972564878652272e-02,-3.360882297193603652e-01,6.280643592160821409e-02,-3.179693383394449069e-01,5.781927608187935330e-02,-1.632063946067900673e-01,-2.631551039772242126e-02,2.294972430258152007e-02,6.102193527696555403e-02,-1.797798840320555813e-01,1.805249078715887370e-02,-2.489821579611036229e-01,6.478466576583870491e-03,-3.130107316386186445e-01,2.555471241042470143e-01,-4.567526753442589793e-02,-5.340791108430670980e-02,-1.792220615513068493e-01,1.107548438544430774e-01,-2.702190692568513797e-02,-2.954227864083446842e-01,3.927570936980975813e-02,1.510113302653190992e-01,2.099810189073001432e-01,4.986127665990910396e-01,-4.085573273976500497e-01,-3.759700817445385534e-02,-2.263241439532951982e-01,-1.192104605812427387e-01,-1.861084926665228512e-01,-1.051169801529052011e-01,-8.085996172609204169e-02
-3.547057059094771980e-01,7.615941559557648510e-01,-1.590107437391607981e-02,-2.541988930124185544e-02,-3.420375383768010646e-01,-3.935517927218677436e-01,-3.996420126136540629e-01,-3.039592565147732905e-01,-1.978513849593808993e-01,8.453772335066663673e-03,-1.879132572986358662e-01,-1.857887477531599829e-01,-2.890354152613199834e-01,-3.587047010331748109e-01,2.467483083912658803e-01,2.787472369088760948e-01,-1.988801651392470837e-01,8.579821377726029596e-02,-1.641920641712283080e-01,1.193572615093519140e-01,4.235802724053713275e-01,3.875348055388921908e-01,-8.473198793083325242e-02,1.872441284665092021e-01,1.213048432579399288e-01,1.276851046058131156e-01,2.528396885240947189e-01,2.257195391311530089e-03,2.491974760969011826e-01,-4.476278841062802938e-02,1.919592817670537355e-02,-4.247650842088053491e-02,5.088739686143343155e-01,-1.056709495344694827e-01,6.826477653456268779e-01,3.139291972626113980e-02,-1.460502792076547318e-01,-3.095074084204563758e-01,-3.381359348313426882e-01,-3.130751545301095895e-01,-4.312503106292067123e-01,-2.668190564896997241e-01,5.422042212822140994e-02,-2.228469425295086515e-01,-2.112978275627048208e-01,-2.502587048382736712e-01,-2.558424157970361490e-01,2.752529135314702446e-01,5.495443066965912671e-01,-3.249557418060319280e-01,3.413466495232264641e-01,-1.904367343307856730e-01,3.006755173222696587e-01,4.454385751479274513e-01,1.202631593523012243e-01,-9.559416923851014880e-02,3.484259531769646201e-01,2.576064865411357152e-01,4.652871158552405739e-01,-1.390752141313975621e-01,-6.996553899997504447e-03,2.938841909516121120e-01,-2.669027262777793896e-01,-2.379055271269689409e-01,-1.678178133235470187e-02,3.771605231707257366e-01,-1.944752976604847972e-01,-1.975623124566334432e-01,3.497044911600854511e-01,4.653467629337215694e-01,7.997898851492599159e-02,-2.663840398721714631e-01,9.466310522417499540e-02,1.914659387398556789e-01,5.122896459368071059e-02,-1.932813483919585129e-01,-2.973711130577656458e-01,-1.293006292915740985e-01,2.369081234872750241e-01,4.769546227732527344e-01,2.650541655428136911e-01,-1.822642531049246395e-01,-1.874864785815442622e-02,5.673898503299861229e-01
1.875552672874243876e-01,-1.590107437391610409e-02,7.615941559557648510e-01,-3.585453867500670855e-01,1.038556862305817577e-02,1.277399796925026976e-01,-2.103507718668217938e-02,3.170444813956158625e-01,3.452305215150298645e-01,4.485466916841352458e-01,5.437080222035722832e-01,2.949292216730303173e-01,1.888386104630867535e-01,1.153054459353064914e-01,3.193146545511166279e-01,5.893525734870371652e-02,2.390081472091991899e-01,2.575099052350641737e-01,5.682560490680806931e-01,1.335036373979125168e-01,5.172586112315332579e-02,3.012458149729151796e-02,3.700225643033350775e-01,2.250966243637781139e-01,4.604244399464615251e-02,1.020049038913250633e-01,1.169527408127607332e-01,4.145263171486622267e-01,-2.632091211846207535e-02,5.623581529783743260e-01,1.408550913474040933e-01,-4.402916141173154191e-02,9.906027508269402149e-02,7.901334597550149774e-02,-1.193189395046196678e-02,6.875101264483289842e-01,-3.452958130154886174e-01,-8.557212993146057212e-02,1.889955972525274863e-01,-1.758582120353765765e-01,1.781451017465568165e-01,3.056988364188696350e-01,2.174210081552525875e-01,4.401830970714442626e-01,3.770542389969708807e-01,1.289737229923556550e-01,8.733268525680407124e-02,3.272639957326519133e-01,-2.676661873654033463e-02,5.090788300826184012e-03,6.482264353295699721e-02,4.343932801144210765e-01,2.267873448643310252e-01,-3.488457898282359276e-02,1.824356589519144645e-01,2.529681080298892826e-01,2.097513588641223281e-01,-2.186405516879805777e-01,4.249837636205187202e-02,1.147316189462894709e-01,1.896930656639920776e-01,-1.856912421939654195e-02,3.897038739535544360e-01,-4.067203958859545720e-02,5.040744548647978912e-02,6.008920083601839573e-02,3.654459614677588175e-02,-1.225450728079511553e-01,-1.554867903391670969e-01,-2.926503348209937849e-01,-3.019298216242350952e-01,-1.326147883083894918e-01,1.071205353183702774e-01,3.816568375413485672e-03,-2.745172990806991203e-02,8.801349277042347374e-02,-7.347440807030185261e-02,-1.708549661321589197e-01,-1.838216554601069253e-01,-3.348924114521171780e-01,3.263419684643184548e-02,-3.690450697754329434e-01,-1.250231996862145312e-01,-1.288667275849277594e-01
-2.072394065888004122e-01,-2.541988930124184851e-02,-3.585453867500671410e-01,7.615941559557648510e-01,4.590244461114980079e-01,-2.319440060702611661e-01,2.826111358295073095e-01,-6.375100104766501241e-02,-1.064338914566497207e-01,-1.404049955991255039e-01,-1.131618935170711909e-01,-4.137554490121707063e-01,-6.966782635390714185e-02,1.993431498854187356e-01,-1.885418179793334481e-01,-1.351993711705079260e-01,-1.471692371484355499e-01,-1.012597043823388471e-01,-2.891992691245786617e-01,-2.024886989008904681e-01,7.690513750736878429e-02,-1.771540383025179966e-01,-8.990915310942422523e-02,-2.404465746378533775e-01,-3.131738328553927420e-01,-2.449762594458604337e-01,8.867751985930564075e-04,-1.397945540266491704e-02,-7.481840691047461633e-02,-3.576778185538344590e-01,1.009245761045616391e-01,3.491899134460720311e-01,1.996002396067603213e-01,-1.932336735339961614e-02,1.628546799047465854e-01,-1.415155735233947221e-01,5.280784475157644930e-01,4.080049036494426962e-01,-1.132788497710008994e-02,4.406492007918296760e-01,1.903577482430807433e-01,-1.348868524825655186e-03,1.052868306121990116e-01,9.144543964824380922e-02,-3.649022499382700291e-01,5.865415711129796927e-02,2.890317492877479411e-01,-3.034010266149153590e-01,6.752796873416090639e-02,7.102215462679627167e-02,9.722471241060461067e-02,-3.157626248324336693e-01,-1.455996708709215159e-01,2.653004337409460844e-01,-2.055423787900153010e-01,1.154374191855950943e-01,1.165908245589337457e-02,-1.474024893576165451e-01,-2.066964037410728428e-01,1.819065185330324963e-01,1.847554740457944822e-01,1.055813442751277059e-01,-5.482402130712828864e-02,1.296209268394852010e-01,-1.484225017782617650e-03,1.440583031575043971e-01,1.263619320789842460e-01,6.918569994017582936e-02,-8.173371612159829880e-02,-1.230692772922592632e-01,3.566721651997752374e-01,4.497232893699326106e-01,2.534841434922595615e-01,-5.424448623961725113e-02,2.803733515699586287e-01,-9.823236717680430830e-02,8.752505663753230858e-02,6.531590734612691129e-02,-9.482971470977624717e-03,9.186773663623855335e-02,5.805172079928224566e-02,4.889685158692317901e-01,1.444838301103961720e-01,-1.071214059842220401e-01
4.240421967960280453e-02,-3.420375383768011202e-01,1.038556862305814801e-02,4.590244461114980079e-01,7.615941559557648510e-01,-5.884510753746981931e-02,4.001432944435075467e-01,2.166945570672771104e-01,5.345857134201074112e-01,9.578684396517365973e-02,3.705020377637209261e-01,-2.971014527987301743e-02,3.197687218791434582e-01,2.543037537018782990e-01,1.060403292232199868e-01,-2.736566846054211410e-01,1.314608870556081555e-01,-9.133058687842680878e-02,-2.259516773632959663e-01,-1.693445532760678440e-01,2.696894692073879829e-02,-2.686813349176349064e-01,1.051155859458868941e-01,-2.123406507474268415e-02,-4.693777802710789038e-01,-2.065194524554331279e-01,8.783910780959625075e-02,2.617958074439796778e-01,-2.779078647677465375e-01,2.281447608743986388e-01,1.203000643678544535e-01,3.077646670472060642e-01,1.838583440401811431e-01,5.630956074175873932e-02,-1.849045103135063262e-01,2.907018235632403136e-01,4.565020364549657317e-01,7.411373396768161648e-01,8.627134253021936927e-02,5.370127412328434824e-01,3.799605809942194767e-01,5.831123628733572151e-01,1.804918929116552384e-01,5.791842567605766101e-01,8.349930676368426397e-02,3.085603915108575679e-01,3.898254376943162125e-01,-4.906994829400119357e-02,-2.849722777577503030e-01,1.789759009651044064e-01,-1.108253744833644500e-01,-1.419345819235331707e-01,-1.157310307995602083e-01,1.179848317261899537e-01,-2.803047626649053936e-01,1.687886546923358655e-01,-3.853978352044900441e-02,-5.107383955012297916e-01,-3.150600114470246682e-01,1.818643699038274275e-01,2.624745050617573461e-01,-2.366620949958073428e-01,1.657589943820894363e-01,3.791525204700549878e-01,3.691858217990383328e-02,1.181081448769362163e-01,1.660402379592034183e-01,2.127357468139098873e-02,-2.749235971288367386e-01,-2.746809080012698745e-01,-6.137867734304018608e-02,4.491349840760638923e-01,1.526388290876077858e-01,1.918988023488705230e-01,3.705274295241133831e-01,-4.289012494343258201e-03,7.345038369434124526e-02,-9.624120901211787038e-02,-3.053604382849322563e-01,-1.196173513412674971e-01,-1.381143915954552714e-01,3.303217655450048640e-01,5.438258074582423204e-03,-1.081502790643911194e-01
4.252118300883315771e-01,-3.935517927218677436e-01,1.277399796925026421e-01,-2.319440060702612216e-01,-5.884510753746987483e-02,7.615941559557648510e-01,4.487060826887102616e-01,3.726952231894218315e-01,1.547322089470815343e-01,3.047140184704998436e-02,8.656373431179581468e-02,3.104126841566624551e-01,6.774730317350716735e-01,-3.873233060474504108e-02,-1.216173565471196372e-01,1.504388791716808060e-01,4.768870364133567241e-01,2.809536797264022279e-01,-4.323417207408261111e-03,-2.800082581948213356e-01,1.544135472807425628e-02,-2.798394641116458970e-01,8.727166213798254191e-02,1.548289465407905463e-01,5.046118391337461873e-01,2.742721815638088922e-01,-1.518858941733305934e-01,7.805384328752652812e-02,1.311821119612433528e-01,4.514630209079008583e-01,-2.174629653671223684e-01,9.191426069720538827e-02,-5.040146385141494045e-01,2.853405306134507505e-02,-3.865630195733570917e-01,7.076880687281858484e-02,-2.117002886291941277e-01,-6.888191109746333307e-02,5.310534838009119962e-01,-1.300939004359421836e-01,4.939877763597248783e-02,4.267474950590128407e-02,-2.699390996698594059e-01,-1.282302367291356104e-01,2.203100195366649861e-01,1.840509790736356843e-01,-2.041019923433263217e-01,-1.928932506612828224e-01,-3.564763807102837578e-01,2.212763976986938386e-01,-2.702352697970643036e-01,-4.864912775392085491e-03,-1.519165143197837575e-01,-3.656531893355977059e-01,-2.378734853655769810e-01,-2.296383291012656369e-01,-9.818731919850860745e-02,5.615356946684364747e-02,-2.540304168712265165e-01,-2.039936990451901924e-02,1.286885879819694711e-01,-2.322194052723507984e-01,4.306384772126452543e-01,-1.575923132963995277e-01,2.064031664777466607e-02,-3.663758366862684968e-01,-4.009970750265845485e-02,-3.268575873566068046e-02,-3.226937757390745398e-01,-3.420506564227482893e-01,2.571096045770900756e-02,8.271475788629527315e-02,-3.710098896844006844e-01,-5.242939384426398286e-02,-1.501672985760022783e-01,1.936139848350603432e-01,1.849166022738678028e-01,-3.255903597850686726e-01,-3.023464482020349342e-01,-3.939820259176996520e-01,-1.710257461025743372e-02,-1.250020327297828582e-01,-2.107949334322963275e-01,-3.570595155986263092e-01
4.455063187104734146e-01,-3.996420126136540629e-01,-2.103507718668216897e-02,2.826111358295073650e-01,4.001432944435076022e-01,4.487060826887104281e-01,7.615941559557648510e-01,1.709320515017051789e-01,2.964709817783759416e-01,1.844939412276703746e-03,2.807968081526545645e-01,1.054727402513532392e-01,7.440286304656953398e-01,-1.832825405566497201e-01,-1.194979432053226405e-03,1.703114018700770949e-01,2.238732329832998358e-01,2.578053081195258445e-01,2.583249638094906389e-02,-1.623663760770461817e-01,-3.772425011938600886e-02,2.374686548245553107e-03,-6.912926234328568842e-02,-8.051209422712372887e-02,9.048192373305921632e-02,3.194327893925282269e-01,9.861835476411522083e-02,7.437684520951913514e-02,1.074983565803422220e-01,1.373112406499730209e-01,-7.701457069832030877e-02,2.572388121632405711e-01,-3.272764668050927028e-01,1.786098909797208811e-01,-2.953212714643843051e-01,3.132882299523349068e-01,4.067755581513546326e-01,4.110218595208975367e-01,4.867228531735724034e-02,5.066763560229847752e-01,5.705514132490318441e-02,2.717029685347559509e-01,-1.244289704085043552e-01,2.624516681411534491e-01,-1.384355069076977085e-01,1.945078955452134994e-01,-2.431192694244015962e-01,-2.145554756436609811e-01,-2.422708794483530437e-01,5.408922458779527598e-02,-8.041548036789378240e-02,7.490465157689905895e-02,-1.667826069061497662e-01,-2.599267031760786884e-01,-2.620118715867371106e-01,-1.952634503680300004e-01,-4.781440376620278015e-02,-1.076434665609101032e-01,-1.277279469652009003e-01,2.839698718997654692e-01,2.567567672396887102e-01,-1.108075125345726192e-01,5.996765823111852717e-02,1.369614821434359808e-01,-9.116246955316738287e-02,-2.740169351681284171e-01,1.589852014464617491e-01,-1.232303610205687655e-01,-2.802911630079378824e-01,-3.148070756216608257e-01,2.829177505529651415e-01,2.422404548948096370e-01,-2.643092884878451843e-01,5.852766637331269922e-02,2.900230458146764723e-01,1.267218895736466587e-02,4.261195080005084623e-01,-2.381559304532069876e-01,-3.143892282076895528e-01,-2.203700290268631179e-01,-1.684514874342404184e-02,2.341676158299465238e-01,-3.321016123655243929e-02,-2.530920965781755516e-01
3.136609976847885561e-01,-3.039592565147732350e-01,3.170444813956159180e-01,-6.375100104766497078e-02,2.166945570672771937e-01,3.726952231894218315e-01,1.709320515017052067e-01,7.615941559557648510e-01,9.835064768802632973e-02,-1.480282928629016344e-02,4.948954217250688958e-01,3.135054446490536106e-01,2.453847658867672199e-01,5.733425035691621652e-01,5.453795459341560098e-02,-2.733281151312048074e-01,1.429468027606664304e-01,7.574855839785164802e-02,1.860046812605556377e-01,-2.980898004667715262e-01,3.745406978418395760e-01,-3.982090332229991092e-01,5.901909176927313538e-01,4.434829900847108153e-01,-1.965335299625332530e-02,1.382356711998565246e-01,-4.370783852560997107e-01,3.274549429235680820e-01,-4.885293784538243256e-01,4.276841541084120957e-01,2.303759577847314804e-02,2.110173510832031307e-01,-1.735230229210069641e-01,-1.296674741423556668e-02,-4.061588877558582888e-01,2.243865692952047575e-01,8.808809679916917990e-02,2.763579718581322675e-01,3.329553001483236963e-01,-4.836717157575341069e-02,7.903026592675156392e-01,1.028913367964876396e-01,-1.838213432317407914e-01,3.531776242062634186e-01,3.576034534039818635e-01,8.244121174734571345e-02,4.335729534609040203e-01,4.985877515412486666e-02,-5.214254580711419340e-01,-3.056396375302116927e-02,-3.768263138976283844e-01,1.664191009754720230e-01,-2.665070706398189881e-01,9.822104202456674593e-02,-2.469383193780536612e-01,3.408124223793989049e-01,2.583710396183849234e-01,-3.808369358233932855e-01,-4.368324817132760995e-01,-3.888204462129274952e-01,3.088794725421860066e-01,-5.941995117809052429e-01,3.368034965889525334e-01,1.829154483031318335e-01,2.267480064709901932e-01,-5.031906443506766954e-03,1.135796444191622956e-01,1.730694041671911043e-01,-2.462911986834979416e-01,-3.847524180871899069e-01,-1.241791437590157154e-03,4.477430687467685577e-01,-7.678766297190746382e-02,2.199416562579371015e-01,2.207684451083952726e-01,2.046937317183775973e-01,2.899079678008896765e-01,-6.024730790595138330e-02,-3.938948603662794090e-01,-5.137273515234773713e-01,-1.935976866442293623e-02,2.969858410768350110e-01,-2.579544090133555415e-02,-2.577976188744499075e-01
2.890450208213786176e-01,-1.978513849593809548e-01,3.452305215150299200e-01,-1.064338914566496930e-01,5.345857134201074112e-01,1.547322089470815898e-01,2.964709817783759416e-01,9.835064768802632973e-02,7.615941559557648510e-01,3.666422204683482677e-01,5.364572463191387142e-01,1.124452506258825785e-01,4.213949220174551535e-01,-4.937505430890741509e-02,8.167162283808905576e-02,1.102472779467559422e-02,4.641507271758456565e-01,2.206459311342560958e-01,3.126333692113260065e-01,4.780086928170509952e-02,-1.159224245350128496e-01,-9.583586133814177288e-02,-8.455431541655082650e-02,2.830359007229455437e-01,5.975734112762522837e-02,2.084824679585267904e-01,2.018933281185077144e-01,3.255100779567253189e-01,-7.805787271473627054e-02,4.749036386833374035e-01,2.698660172532763371e-02,8.904662019701604925e-02,3.674707315236228067e-02,-1.642227198167227689e-02,-1.847099737758435556e-01,5.991965284195885921e-01,-1.472701757832478864e-01,2.168885367568272327e-01,-2.880538956627043054e-02,6.561614811856968099e-02,-3.164444580416071739e-02,8.311785719072802836e-01,1.514018283065958759e-01,3.783846968395863652e-01,2.260481020555534515e-01,2.141240780323976078e-01,-1.706887742661002683e-01,-2.818308976571078615e-03,-2.716808326729356349e-01,2.422794758481303934e-01,-8.763496045437443871e-02,2.954367536022363683e-01,7.668132653855766478e-02,-1.434743909788296912e-01,-7.321299822850997618e-02,-1.404459941365640285e-01,1.280538634993521885e-01,-1.881944150705261443e-01,6.845879422309359384e-03,2.334482588102791134e-01,6.995222306022789993e-02,-2.100519802672897174e-01,3.807830982785357365e-01,9.805997027628719775e-02,-8.823241228532134606e-02,-4.329430269558163374e-02,1.404168578108382637e-01,-2.317066708368007710e-01,-4.981113373947063105e-02,-2.692014597749337601e-01,-2.299481772827950965e-01,-4.529104608918315539e-02,-4.520680500573504706e-02,2.076236459165339554e-01,1.828750062732213966e-01,1.962418932452892895e-01,3.183041047782270150e-02,-3.160925721082367690e-01,-1.555095153634949434e-01,-2.151839817018106060e-01,-1.603944839358611152e-01,-1.813408917159946010e-01,-2.324000392002801840e-01,-2.883762511978477452e-02
1.343394734533857188e-02,8.453772335066663673e-03,4.485466916841351903e-01,-1.404049955991254761e-01,9.578684396517363198e-02,3.047140184704998783e-02,1.844939412276689868e-03,-1.480282928629013568e-02,3.666422204683482677e-01,7.615941559557648510e-01,1.856153264131672476e-01,4.936534479602160963e-01,7.791429051924729510e-02,-9.749486357755690613e-02,7.314697808004537449e-02,3.142017218312626037e-01,3.071612465023754179e-01,3.092668495357606684e-01,1.480644439375638777e-01,1.137748683133572997e-01,-1.479891721529367210e-01,2.018628758503862308e-01,-4.189490767818644656e-02,4.392104092064557097e-01,1.825278226121367919e-01,3.063483128869193273e-01,2.088101172707054198e-01,2.557904539885249018e-01,1.594206278646844235e-03,1.847762174606357999e-01,-1.293914461574809660e-01,-5.094379833359398424e-03,5.817863002864524791e-02,-1.562421739317448599e-01,6.021602939349404715e-02,4.105528318836401125e-01,-3.242136244149839142e-01,-1.617750289480260617e-01,-2.002598450312409739e-01,-4.299552352356132007e-02,-1.291219909185037651e-01,2.485100030479175381e-01,6.306085461784617374e-01,2.305857196947919685e-01,5.433555586864277087e-01,-1.260791870537139869e-01,-1.518847545838978574e-01,1.322858531430300827e-02,-6.520194576443275047e-02,2.262563723330767440e-01,2.817773915766795256e-01,1.716210080373311575e-01,1.137260592023732059e-01,-1.823935762386823256e-01,4.786972983166926099e-02,-2.255135669969677015e-01,2.770372661389364777e-01,4.692444954980291155e-02,1.384731594371924335e-01,2.162735444457085376e-01,1.842867502836782051e-02,-8.405076438136106776e-02,2.908938823704598220e-01,-8.873645932689167015e-02,-1.133772879813379174e-03,-9.637594076058116077e-02,-2.559087647307262819e-02,-2.592731842893746252e-01,1.857819333552817309e-01,-2.556572524269317692e-01,-8.291741629105339045e-03,-1.289755760169755683e-01,-6.618440551270184102e-02,-2.981433192871214000e-01,-2.454863874247441291e-01,-1.189666464873848223e-01,-4.865534575807820700e-02,-2.843911210102336717e-01,1.910540692830632603e-01,-2.274142208857794778e-01,1.769227424606717725e-01,-2.538193570191792925e-01,-4.423789718213880229e-01,-2.775118844010820429e-01
3.117464283394654756e-01,-1.879132572986358662e-01,5.437080222035723942e-01,-1.131618935170712464e-01,3.705020377637209261e-01,8.656373431179587019e-02,2.807968081526545090e-01,4.948954217250690624e-01,5.364572463191387142e-01,1.856153264131672476e-01,7.615941559557648510e-01,2.873207126462633265e-02,3.796547251818246371e-01,3.405871517459398423e-01,2.324507464600452378e-01,-7.423616408167230118e-03,4.122680224269706373e-01,3.184852806630460442e-01,5.596262306709738343e-01,-8.391032041139503961e-02,-6.644573427929048072e-03,-1.762867276979844522e-01,1.555069393969540359e-01,2.385540985236252187e-01,-1.604964365772597323e-01,2.978146058135310859e-01,-3.602558434836477391e-02,3.044302054805593238e-01,-1.881535949764340521e-01,4.677106670282344392e-01,-6.206071756110383142e-02,1.404177726651900382e-01,-4.314299847854299874e-02,6.009848760880562302e-02,-2.753450768649281510e-01,6.194660206824366133e-01,-1.356712268684451272e-01,3.075404288095898164e-01,5.797064253840797550e-03,1.070287716097508557e-01,3.303810971703837751e-01,4.773527591188111985e-01,-7.900628614723818541e-03,7.485416836662088791e-01,8.019779921919917287e-02,1.209618597629802395e-01,2.465673641725937004e-01,2.142388742908053201e-01,-2.965580302477459629e-01,1.680411697283031025e-01,-6.697039844004247511e-02,5.548808378893118620e-01,1.225534346238125755e-03,-7.296129583176637345e-02,-1.457723934968704615e-01,2.962045996068728496e-02,1.386310744240800974e-01,-4.181384480663644099e-01,-4.812480672060281267e-02,-1.117678992014344147e-01,1.304280998626314025e-01,-2.958862181495349741e-01,2.462214319069812585e-01,-1.236849694968695894e-02,-5.956621241211607770e-02,-1.172697441373818372e-01,3.449464360959646481e-01,5.713157736883869159e-02,-7.954124822556682406e-03,-2.402457806044952793e-01,-1.517408806038250957e-01,2.366615073354468857e-01,-2.397489149867983518e-02,2.546305613459916017e-01,4.048664911681384426e-01,1.258483303181150981e-01,3.452253350359578143e-01,-1.611382968555278294e-01,-1.879705892757555508e-01,-3.251663500897934989e-01,-1.162571100160929571e-01,-6.081692836007625280e-02,-1.566606879820435227e-01,-2.256386890930298372e-01
3.621732211244592381e-02,-1.857887477531600107e-01,2.949292216730303173e-01,-4.137554490121706507e-01,-2.971014527987303130e-02,3.104126841566624551e-01,1.054727402513532114e-01,3.135054446490536106e-01,1.124452506258826062e-01,4.936534479602160963e-01,2.873207126462633265e-02,7.615941559557648510e-01,7.743495176975530303e-02,4.708386957149123669e-02,2.755289191422337358e-02,-1.105350103339473450e-01,6.130044695588253434e-02,6.062446927777059152e-02,1.704707447304931733e-01,2.016392040619457635e-02,-8.540388237183564601e-02,-2.212936297575041067e-02,1.109806110869178269e-01,4.065498415458504988e-01,1.614536726113723342e-01,4.631008057932038680e-02,-8.713819643321861486e-02,3.920564123321462202e-01,-1.285321848548085233e-01,2.603275511383382756e-01,-2.810513673653536326e-01,2.246052612748657695e-01,-8.337464162343266594e-02,-1.689225574886634718e-01,-1.871619393333633363e-01,1.336735081486338517e-01,-2.410411508984605378e-01,-1.488737648749362819e-01,2.361956327492056029e-01,-1.952414171203490090e-01,2.232150540123354343e-01,9.756808352092100761e-03,3.231621201659685694e-01,-7.468927580846228959e-03,7.586797499496633623e-01,9.337462774100088736e-02,1.239315451509695049e-01,-2.124865527130924761e-02,-1.589968456968036403e-01,1.860335739132585597e-01,8.239675898267717624e-02,1.498265902334479371e-01,-9.632366773028785967e-02,-3.127770838712608525e-01,3.256705380156593721e-02,3.529506891687232695e-02,1.851030764466438383e-01,2.435331205394705711e-01,-7.683621819901337302e-02,2.205764463142859816e-02,1.681322940131917132e-01,-2.335928506518264725e-01,4.815491968025126801e-01,-2.330056780172819197e-03,1.985282472160625755e-01,4.990875583032431881e-03,-1.791016719801343249e-01,-1.753698402576824300e-01,-1.620345643718788808e-01,-3.078518728564868523e-01,-1.667444206852059657e-02,-2.676929249706341135e-02,-8.273128449979788579e-02,-1.774346408099995026e-02,-3.637870954093425646e-01,6.339611300190088616e-02,-2.329829716406145723e-01,-2.405162005672224212e-01,-2.183237664660480359e-01,-3.170530445055856905e-01,1.551087228813713970e-01,9.258035506932833780e-03,-2.185589426222011855e-01,-1.683315258666916725e-01
6.014881211330491695e-01,-2.890354152613199834e-01,1.888386104630868922e-01,-6.966782635390715572e-02,3.197687218791435693e-01,6.774730317350716735e-01,7.440286304656953398e-01,2.453847658867672199e-01,4.213949220174551535e-01,7.791429051924723959e-02,3.796547251818246926e-01,7.743495176975530303e-02,7.615941559557648510e-01,-3.233352241064486599e-01,-6.104210743570503278e-02,3.120998245938171878e-01,6.421044222651486333e-01,4.391772184324204131e-01,1.676962026085104251e-01,-4.704968011161268782e-02,-4.463519613732020580e-02,-6.766814318204935827e-03,-6.230141938070694191e-02,-2.221617752069013699e-02,3.111550366386514055e-01,4.787097530525327715e-01,1.319320347300629859e-01,2.542909423914149758e-01,2.878217387633855151e-01,4.695821481504427464e-01,-3.857495724000428727e-02,1.920165172987159385e-01,-3.274110926164042756e-01,2.095216106606944961e-01,-3.066199380464436075e-01,3.989394423465998929e-01,-5.280907358280347713e-03,2.307264603065325992e-01,2.387966729889936246e-01,2.990018067700626059e-01,-2.508774702478025476e-02,3.635887498249896765e-01,-9.561604693518203912e-02,3.096987219506609490e-01,-2.666883548798445330e-02,3.768971443859511217e-01,-3.125453417070838125e-01,-1.061837928742796200e-01,-9.411878290570879768e-02,2.602182910418115447e-01,6.671851204540721336e-02,2.421024826451309286e-01,5.863769016993041622e-02,-2.967035573647051061e-01,-8.874634817378873608e-02,-2.724148437681654378e-01,-1.654945289134696074e-01,-4.834411083620340083e-02,7.735540683481817448e-02,1.581742545056821769e-01,2.323803093072147052e-01,3.946377935311307789e-02,1.930860134710722376e-01,-3.721062239822511136e-02,9.097749537643877449e-02,-2.008235629803699074e-01,3.714178645900222953e-01,-1.485953729333080453e-01,-2.614649113837716476e-01,-2.434137857919946302e-01,2.418861709120195824e-01,-6.011839743962951038e-02,-3.329651215100832284e-01,-2.987812405054036165e-03,9.824667729425237694e-02,1.487237703415442980e-01,4.958198819559315740e-01,-2.590380858787872387e-01,-2.096201846679795755e-01,-1.937232454137517434e-01,2.715272065395890957e-02,-1.309198109711069147e-01,-2.284180141298809419e-01,-3.223055311443470683e-01
-2.453629994225086930e-01,-3.587047010331748664e-01,1.153054459353065053e-01,1.993431498854187633e-01,2.543037537018781880e-01,-3.873233060474501332e-02,-1.832825405566498589e-01,5.733425035691620542e-01,-4.937505430890740815e-02,-9.749486357755694776e-02,3.405871517459398423e-01,4.708386957149122976e-02,-3.233352241064486599e-01,7.615941559557648510e-01,8.213220730654786699e-04,-3.372444521815454732e-01,-2.035779748691971536e-01,-2.272714000185968863e-01,5.990430211014899364e-02,-2.310761195603465989e-01,5.361723065397522303e-02,-3.939942640514606520e-01,3.896042645244124358e-01,2.280905485762730056e-01,-3.678152044098632611e-01,-2.745158504643849806e-01,-3.731022763851145618e-01,-7.488985660080681173e-02,-5.380989100857928031e-01,8.107135383939303649e-03,1.673881333405864147e-01,1.389501884002411758e-01,5.923118304705929371e-02,-3.567258727032109333e-01,-1.388639996529093812e-01,1.428637100006802663e-01,3.230572895412285317e-01,2.724441151014000972e-01,3.292339142061821017e-02,-6.297130783979104640e-02,7.040633940602931684e-01,-3.586735785638345969e-02,-1.590745319992888374e-01,3.300365246287764731e-01,1.790358364869185648e-01,-2.975320861843974707e-01,6.772934452639518543e-01,-1.020683300481501632e-01,-3.245963165465162725e-01,-2.086859312664177124e-01,-2.304174612966268798e-01,2.439828561443772512e-02,-2.749809953363998583e-01,-5.485456196453017581e-03,-3.060720433888658998e-01,3.822044080388110054e-01,1.494687360911358398e-01,-4.294704353673781116e-01,-4.659110067710255376e-01,-3.259340653594243742e-01,1.076397290482750124e-01,-5.380607372018691992e-01,1.809513510700126726e-01,1.949226340893355502e-01,6.176448066473930708e-03,1.056666806088749494e-01,-1.006127628552804520e-01,2.705426893560288204e-01,-1.289922113442898699e-01,-2.657321763365692591e-01,2.721035792650087354e-02,6.021098878107105090e-01,3.247457860184686101e-02,1.729938146406032606e-01,3.796589661311817188e-01,7.943469887106098526e-02,-7.165023009934459730e-02,1.217988266565096650e-01,-3.596226665188535510e-01,-3.350283007565024174e-01,-2.422427609179127542e-02,5.165416829764403195e-01,1.310194127517104457e-01,-2.777386345858057215e-01
2.210527937789013436e-02,2.467483083912659914e-01,3.193146545511166279e-01,-1.885418179793334481e-01,1.060403292232199868e-01,-1.216173565471196510e-01,-1.194979432053184772e-03,5.453795459341562873e-02,8.167162283808906964e-02,7.314697808004541613e-02,2.324507464600452933e-01,2.755289191422334583e-02,-6.104210743570503972e-02,8.213220730654231588e-04,7.615941559557648510e-01,3.858621922686981259e-02,5.362074122780762647e-02,1.103597771784882581e-01,1.764506302044210884e-01,4.464791235057300467e-01,2.223999345940776140e-01,4.492731393170673049e-01,2.502577598682175775e-01,5.521044819321866554e-02,2.559705448206820236e-02,1.417470421952176096e-01,3.983322736539806619e-01,2.548430006185436469e-01,2.672156990151187683e-01,2.638826885565425107e-01,5.889198717239465392e-02,1.033331694711854820e-01,2.561242465361775467e-01,1.055508750384831496e-01,2.186730147622804599e-01,1.957002716090210648e-01,-1.616198389624235454e-01,1.118455664247895720e-01,4.009311308044182648e-02,6.589744269204830807e-02,-1.462813632065513014e-01,1.544901200663417740e-01,1.124102308466659247e-02,1.127476264349394214e-01,-4.083217397073395788e-02,1.903203701231713854e-02,1.928031102554229603e-01,7.656862793250269750e-01,2.618697276496162463e-01,-1.536488061956760853e-01,1.280235056623182932e-01,1.267923797293025179e-01,2.360363312579961126e-01,3.363101080037264046e-01,5.548945046386054569e-01,2.134237577337505243e-01,1.397480331429601930e-01,-1.854410473256331779e-02,2.865247889584550678e-01,1.025423562341003098e-01,2.343140891378168444e-01,1.958256575845587488e-01,-3.449529907754783631e-02,-9.394620250115592874e-02,5.771210695918606304e-02,2.551176729422600653e-01,2.738532968586640526e-01,-1.109066045822134222e-01,-3.353314355172569428e-02,2.943469408006281207e-01,-1.568319382937642115e-01,-2.165027159276866620e-01,-1.108207716866880660e-01,-6.771481844869615963e-02,4.095202886268430736e-02,-3.730768237817951027e-02,1.890875975985673585e-01,2.326860119427761123e-03,4.283170600635995834e-02,3.089604898419335277e-01,-4.034230154500483695e-02,-7.924170588464450604e-02,-3.800323384651014408e-02,7.709392028179007372e-02
3.955480016757244588e-01,2.787472369088761504e-01,5.893525734870379978e-02,-1.351993711705079260e-01,-2.736566846054211410e-01,1.504388791716808060e-01,1.703114018700771226e-01,-2.733281151312048074e-01,1.102472779467559422e-02,3.142017218312626037e-01,-7.423616408167230118e-03,-1.105350103339474005e-01,3.120998245938171878e-01,-3.372444521815455842e-01,3.858621922686988198e-02,7.615941559557648510e-01,4.556068927397225465e-01,7.637145729399754668e-01,1.822503190680845042e-01,1.730568293749376318e-01,7.129530213075158107e-02,4.721796831986392329e-01,-2.455801753284245215e-01,-1.935416983195828791e-02,4.921394668995487942e-01,5.617380000733630530e-01,2.833818413847671858e-01,-3.850428833067793405e-02,6.768598335424569346e-01,1.291071403559983510e-01,1.947567815775372579e-01,-1.689832972898066832e-01,1.825925684225204737e-02,1.287775776943075878e-01,2.045530660684612423e-01,1.438220906745163730e-01,-2.115066700903397989e-01,-2.302271381133549899e-01,-2.435846835526142562e-01,-1.964609112476429498e-01,-5.486790089835051898e-01,-1.921884575572400111e-01,2.175583166049998574e-01,-1.428816582334501151e-01,-2.630180469221785056e-01,-2.066107979420058471e-01,-4.582417470262432624e-01,-3.225586009039840829e-03,3.505855966134538981e-01,3.792641807990246999e-02,4.917158385236816698e-01,1.220055552712457497e-01,1.686935610950943132e-01,-8.427051426174070325e-02,1.062777775352553994e-01,-4.124195351982485880e-01,6.518909383679077907e-02,3.000426560827259004e-01,4.046105247967953789e-01,5.837673689934964882e-02,-7.370165344552917497e-02,3.880515197092586077e-01,-2.974001033759706147e-01,-3.924506764507468826e-01,-2.050065788707310377e-01,-6.611270050506197482e-02,1.007904432189462574e-01,-5.195329352685558455e-02,2.345105933200612724e-01,7.431743238889125525e-02,2.000473931302373110e-01,-2.367962917121748945e-01,-8.775761091026310079e-02,5.475066282251195293e-02,1.964613443071740739e-01,2.041032493297332759e-02,1.569409702477441437e-01,-1.826809826621978161e-01,1.278340847124618818e-01,4.298109278676616463e-02,1.616417138058311512e-02,-3.251062785570922320e-01,1.202838719599229724e-03,2.450439877685796353e-01
5.700878077754985007e-01,-1.988801651392470282e-01,2.390081472091992176e-01,-1.471692371484355222e-01,1.314608870556080999e-01,4.768870364133566131e-01,2.238732329832997248e-01,1.429468027606664304e-01,4.641507271758456565e-01,3.071612465023754179e-01,4.122680224269706928e-01,6.130044695588250658e-02,6.421044222651485223e-01,-2.035779748691971536e-01,5.362074122780765423e-02,4.556068927397224910e-01,7.615941559557648510e-01,6.741063147548265189e-01,3.921578150219693915e-01,1.682985678627051673e-01,-8.520393648334942394e-02,1.285867541358299837e-01,-1.974723594868905974e-01,2.046373219080711570e-01,4.258569925770366305e-01,5.520372359664142969e-01,-7.188740993970409339e-03,6.970227464724865207e-02,1.750789602517841270e-01,2.324499458022370457e-01,-1.857998543240391986e-01,-2.467002306679989126e-02,-2.196940160745754211e-01,2.388483437139682086e-01,-2.375737797734251422e-01,3.155391019114094364e-01,-1.965588379047881751e-01,8.754248255454642746e-02,8.188119065127899554e-02,-9.931222685893630053e-02,-1.780803377688496558e-01,3.103066679754108992e-01,-2.677405385207548213e-02,3.130892476940665969e-01,4.765363452831943708e-02,1.139122861430815481e-01,-3.160212394988132778e-01,1.039979261628300525e-02,-1.294126585100651705e-01,6.064429168191175501e-01,1.735735101701332828e-01,4.122333650551953110e-01,9.777950958872426435e-02,-2.746462801468487758e-01,5.655383322848453465e-02,-4.342395700568993377e-01,-1.042324911561333389e-01,1.365357662446113896e-01,1.848731139662287970e-01,7.557576153023344567e-02,4.107770900981673468e-02,-1.722434997206794471e-03,6.336574816499895846e-02,-2.766718872995563849e-01,1.212357574454458464e-01,-1.896943623690303393e-01,2.595360625762956897e-01,-2.406741414460124018e-01,7.632669649916626331e-02,-2.209850853000462079e-01,1.787497463413847132e-01,2.587984394437582714e-02,-1.145590871087891066e-01,-9.679820653492093863e-02,-4.331742469256362471e-02,2.268701515986640271e-01,3.191549142080016832e-01,-2.611741744274694854e-01,1.218974838286418644e-01,-2.764873473717448515e-01,-8.492863648384162134e-02,-1.636507472203510838e-01,-1.452624307169662066e-01,-2.593640312291216610e-01
7.227818835958333965e-01,8.579821377726028209e-02,2.575099052350641737e-01,-1.012597043823388471e-01,-9.133058687842676715e-02,2.809536797264022279e-01,2.578053081195259000e-01,7.574855839785163414e-02,2.206459311342560958e-01,3.092668495357606684e-01,3.184852806630460442e-01,6.062446927777053601e-02,4.391772184324203021e-01,-2.272714000185969141e-01,1.103597771784882581e-01,7.637145729399754668e-01,6.741063147548264078e-01,7.615941559557648510e-01,3.446498547217686781e-01,1.788407093890914679e-01,7.020909927500103287e-02,3.194686024186634832e-01,-1.304025853466183882e-01,9.531307628152146938e-02,3.897998662822807492e-01,5.671378533688239409e-01,4.918384916475457974e-02,2.698054217636769447e-01,4.288480817620055063e-01,3.045139894613335674e-01,1.121815365941634252e-01,-1.713281757590377485e-01,-6.107186953299201249e-02,4.225379783304500925e-01,3.598357643248358689e-02,3.726788775157999778e-01,-1.460764974176259612e-01,1.792673052140445226e-03,-1.131766852524943162e-01,-1.854161925978879688e-01,-3.155752875870150853e-01,7.497742221986541944e-02,8.726792292700467912e-02,2.134187047506728718e-01,-8.747736242213330349e-02,-6.120865060671547286e-02,-2.942654387241503411e-01,-8.048542090914352978e-03,1.940807634261484949e-01,2.413163526644705459e-01,3.540085715091033647e-01,3.216539997778620763e-01,1.389350092009679627e-01,-1.304146535473895974e-01,2.008871375315921803e-01,-3.151149336133227674e-01,1.020730218942393908e-01,1.317287374013111911e-01,2.607373334675882615e-01,9.478376960372479620e-02,2.328804185922422887e-01,1.831245137801744416e-01,-1.253612998226040498e-01,-3.946960212322864758e-01,5.057624128406806169e-02,-9.820469212141903770e-02,2.183116624110898463e-01,-1.840527370573751542e-01,6.280057289439372470e-02,1.733558308386490623e-02,2.625257678341909040e-01,-2.878799802647445324e-02,-8.686226485315701185e-02,1.214098415249687847e-02,2.116354059685269240e-01,2.267394996493090342e-01,3.075943327237468106e-01,-2.366950991976701502e-01,1.619472069986847562e-01,-6.642164505493908244e-02,2.835739781847534599e-02,-1.195443795591772246e-01,1.322743186051135444e-01,9.327599041896326992e-02
3.213033883990084605e-01,-1.641920641712283635e-01,5.682560490680808041e-01,-2.891992691245786617e-01,-2.259516773632959108e-01,-4.323417207408177844e-03,2.583249638094906389e-02,1.860046812605556377e-01,3.126333692113260065e-01,1.480644439375638222e-01,5.596262306709738343e-01,1.704707447304932844e-01,1.676962026085104251e-01,5.990430211014902140e-02,1.764506302044210884e-01,1.822503190680844487e-01,3.921578150219693915e-01,3.446498547217686781e-01,7.615941559557648510e-01,1.198384702507213212e-01,-2.090157390128868642e-01,3.865896267695432403e-03,-1.587302775173047853e-01,7.316953283162383470e-02,-3.020047636431192131e-02,3.132050780911752041e-01,-5.343015905614436484e-02,3.267948770338406639e-02,-2.888993535945341001e-02,4.065207693266572053e-01,1.466256402018968896e-01,-2.750952718170234790e-01,-2.148517784806186215e-01,-8.553956085851389946e-02,-3.143053049359554318e-01,5.991590061585474469e-01,-3.337321318914254764e-01,-2.620266221978378440e-01,-2.592734920929911646e-01,-2.340383362197411832e-01,-1.210170583119212911e-01,8.350986443665457670e-02,-3.873108761952444995e-02,2.985660793524601564e-01,9.059871658735144107e-02,-2.147796211823966295e-01,-1.417901445114484460e-01,1.923408112503659506e-01,-1.938894040461403567e-01,-7.592062113216900554e-02,-9.987360060910559223e-02,9.240391510418628496e-01,2.456751898995042926e-01,-3.358684477432135607e-01,3.552150215506772596e-02,-3.154721200279634874e-01,6.320897336134171512e-03,-2.390010914161074251e-01,1.273100450226122976e-02,-1.284979412580574687e-01,-1.466333563529967354e-01,-1.755269485889104364e-01,1.528507215841452549e-01,-2.292630787942397108e-01,-1.174541915673279896e-01,-2.331379044914298482e-01,8.070365459541053998e-02,-1.951973096440318689e-01,1.799500445073554458e-02,-3.170708404105243017e-01,-1.800513165759155820e-01,-1.291880569223002873e-01,-3.747921424820669506e-02,-5.500600654073951878e-02,2.674844528246531072e-01,-3.579861075864797237e-02,1.074081023600484824e-01,-2.835079109744947923e-01,-6.537520835891415250e-02,-4.068686294145791305e-01,-1.207117716417430986e-01,-4.005441042644760641e-01,-7.035495575277191105e-02,-7.803745671897004133e-02
3.380460423256338026e-02,1.193572615093519140e-01,1.335036373979124891e-01,-2.024886989008904681e-01,-1.693445532760678440e-01,-2.800082581948213356e-01,-1.623663760770462650e-01,-2.980898004667715262e-01,4.780086928170508564e-02,1.137748683133572997e-01,-8.391032041139503961e-02,2.016392040619459022e-02,-4.704968011161267394e-02,-2.310761195603466545e-01,4.464791235057300467e-01,1.730568293749376318e-01,1.682985678627051118e-01,1.788407093890914679e-01,1.198384702507211824e-01,7.615941559557648510e-01,-1.191743649596514604e-01,7.193195162694384637e-01,-2.565719191236295882e-01,-1.343985589375758793e-01,-2.599175967381573207e-02,-1.581082484209308386e-02,3.354487278638264014e-01,3.036724479817761724e-01,5.021847977638469462e-01,1.358227975848038671e-01,1.541936011385345584e-01,6.323120225166987962e-02,3.316661035791216849e-01,1.261572264703123558e-01,1.763783728322531053e-01,4.201216569633281495e-02,-3.616219506484349977e-01,-1.660145424245844104e-01,-4.528237755114097179e-02,-3.381952331743257045e-02,-4.068741684375344336e-01,-1.891840626610860956e-02,1.749331375784378417e-01,-1.255445531994646147e-01,-6.974578143136676844e-02,-2.176266697611851583e-03,-1.030813967700668493e-01,5.166343714547876331e-01,3.783486977356350089e-01,-1.226587655697920498e-01,3.141918965876246417e-01,4.753547647561479073e-02,6.229889440320206528e-01,-4.295392372494231253e-02,7.593953109348501318e-01,-2.123402356793674395e-01,-7.184767383658462181e-02,2.773805894640366324e-02,2.181243226019541626e-01,6.830226629657734638e-02,1.918365370264227265e-01,4.312951749563018189e-01,-9.627724007371950277e-02,6.039650497355398412e-02,8.359387762992397108e-02,3.679518482397491352e-01,1.652173212059258878e-01,-3.459184564828907682e-01,7.447154612001347096e-02,4.111908304711248130e-01,-3.094223713221461169e-01,-3.947539237163226744e-01,-3.629298722186599657e-02,5.474880193027992226e-02,-7.782110358511068471e-02,1.442039661705420972e-01,6.859456647776408789e-03,-9.381076194928676670e-02,2.426770649402240076e-01,3.342874821526309326e-01,1.236721983549348980e-01,-3.820261708946311452e-01,-3.990804989520242013e-02,2.518554491816789587e-01
-1.609274004113946666e-01,4.235802724053714385e-01,5.172586112315335355e-02,7.690513750736879817e-02,2.696894692073884686e-02,1.544135472807427016e-02,-3.772425011938603662e-02,3.745406978418395760e-01,-1.159224245350128496e-01,-1.479891721529367210e-01,-6.644573427929048072e-03,-8.540388237183567377e-02,-4.463519613732023356e-02,5.361723065397522303e-02,2.223999345940775307e-01,7.129530213075162270e-02,-8.520393648334945169e-02,7.020909927500099124e-02,-2.090157390128868642e-01,-1.191743649596514881e-01,7.615941559557648510e-01,1.426042968301967015e-02,3.404875842366412719e-01,-1.271904158153335180e-03,9.182094070728441526e-02,-4.957372676181245885e-02,-6.603015974985360081e-02,8.956689768550327863e-03,3.062289164367021019e-02,-9.614063856504320715e-02,-3.936752750978389503e-02,1.606757616439708214e-01,2.543986964419173713e-01,-2.208777304262505847e-01,2.860199073938672898e-01,1.450062773535801541e-01,4.785735326051673844e-02,1.529951878174940112e-02,-3.021462817875289822e-02,-1.345436880515434863e-01,1.658790709806595709e-01,-9.682918456657191308e-02,-1.307604297284067629e-01,2.522936624073808184e-02,-2.274717505196587886e-01,-2.516315340224388186e-01,5.191834995600649177e-02,1.259196206224264813e-01,5.884727706808685899e-02,-2.912365410388157994e-01,-4.280737252466856879e-02,-1.950089322223821919e-01,-3.395562781331542407e-02,5.431631479402833085e-01,6.506544062927455130e-02,2.527460467673661726e-01,1.462162405520750774e-01,-1.642471718072806286e-02,-1.320976829198798608e-01,-4.237363640464219400e-02,1.248440557783753596e-01,3.586562580431200409e-02,-2.299610873203478956e-01,-1.762549845100552237e-01,1.368467336139527479e-01,3.330609522152017110e-01,1.062918270025242085e-01,-1.547706443158002598e-01,-1.331770999531909638e-01,2.695483284928945622e-02,-5.293124285200787212e-03,4.284043932277536298e-02,1.307916587771311145e-01,3.690252136874498656e-02,1.766623605552990472e-01,-2.142752810610221714e-01,2.397094357731054809e-02,-4.071152369906722718e-02,-2.191932397414960154e-01,-8.585890330531789627e-02,4.355213160371446124e-02,3.903905425133439439e-02,1.629213927225185155e-01,1.311670740932476265e-01
8.979986832747495484e-02,3.875348055388922464e-01,3.012458149729150408e-02,-1.771540383025179966e-01,-2.686813349176348509e-01,-2.798394641116458970e-01,2.374686548245608618e-03,-3.982090332229991092e-01,-9.583586133814187002e-02,2.018628758503861753e-01,-1.762867276979844244e-01,-2.212936297575042455e-02,-6.766814318204917612e-03,-3.939942640514606520e-01,4.492731393170673604e-01,4.721796831986393439e-01,1.285867541358299282e-01,3.194686024186634832e-01,3.865896267695487915e-03,7.193195162694386857e-01,1.426042968301964239e-02,7.615941559557648510e-01,-3.705768278123501847e-01,-3.650532414597305875e-02,1.771107557523188269e-01,2.255064214611968987e-01,3.408878283143709220e-01,1.408086120679067910e-01,6.906717278166298879e-01,-2.085102389141403612e-02,7.649185504622252330e-02,-1.966571599536506842e-02,2.703851201864275189e-01,9.548580004798423726e-02,3.221097143569658927e-01,9.437808531533352710e-03,-2.519262490379824970e-01,-2.563623107434970239e-01,-3.212621013187619834e-01,-8.522726871124915171e-02,-5.645372013126815913e-01,-2.367389216944610630e-01,1.853958175876721237e-01,-2.564837952764512652e-01,-2.104882220944853111e-01,-2.030083028273057533e-01,-2.708936297688934181e-01,4.363725467575664818e-01,5.394974004166145365e-01,-1.970986157436709629e-01,3.774278173838855333e-01,-7.444880047659462041e-02,3.566292389296441545e-01,1.499647479945269510e-03,5.780036527585025175e-01,-4.074871594528172714e-01,8.131367213962405194e-02,1.697623471123188843e-01,3.942617745096038129e-01,-4.537663055459613404e-03,3.182402594386708056e-02,4.788371883768934301e-01,-2.928780198537563328e-01,-2.078916359503632239e-01,-7.900247424360191950e-03,2.290419998161603021e-01,2.757710634478637360e-02,-3.449725653894031852e-01,2.071899349177578342e-01,4.362078314072926344e-01,-1.868279039343534731e-01,-4.137162976402112280e-01,-3.207352534750688988e-02,-1.459085185225957038e-02,-2.300033562471773610e-02,-2.916131383484717177e-02,5.481870056729090668e-02,-2.571619010340688849e-01,2.766471567819868693e-01,4.122352160260276399e-01,3.793343794659802259e-02,-4.102306417548525763e-01,-1.114874162046857881e-01,3.154712068350723486e-01
1.834021438996467565e-03,-8.473198793083322466e-02,3.700225643033350775e-01,-8.990915310942435013e-02,1.051155859458868941e-01,8.727166213798248640e-02,-6.912926234328568842e-02,5.901909176927313538e-01,-8.455431541655079875e-02,-4.189490767818641881e-02,1.555069393969540636e-01,1.109806110869177714e-01,-6.230141938070696966e-02,3.896042645244124913e-01,2.502577598682175775e-01,-2.455801753284245770e-01,-1.974723594868905974e-01,-1.304025853466184159e-01,-1.587302775173046743e-01,-2.565719191236295882e-01,3.404875842366412719e-01,-3.705768278123501847e-01,7.615941559557648510e-01,1.466593502932179993e-01,-8.993787226992290551e-02,-9.564092255577795465e-02,-2.002112397614696782e-01,2.704157911956963645e-01,-3.448613113224319737e-01,2.420303450682193547e-01,9.861151339699857077e-02,7.359600660191528698e-02,2.014801962285812237e-02,-1.631499803343310767e-02,-6.187916123674251645e-02,1.312675171782537453e-01,-3.080437664789529781e-02,2.138982724119587939e-02,2.638314050610852668e-01,-2.185813285356171531e-01,4.914421658591598963e-01,1.409692525772193077e-03,-2.648618372897956208e-01,4.038267183223542833e-02,1.527202150294719729e-01,-1.339140454832855320e-01,4.212873701354825640e-01,2.449927162642358824e-01,-2.440057127720083596e-01,-4.302948439971609473e-01,-3.782526132317956535e-01,-1.876501128079715031e-01,-1.030364237020353069e-01,2.992243856709428385e-01,-6.449057769311000721e-02,8.184556083233607282e-01,1.188090585838002117e-01,-4.498935284503420839e-01,-3.904866666214075188e-01,-2.360985568430184756e-01,2.174530996654554238e-01,-2.862844834214659517e-01,5.662705502085467468e-03,1.305203778520741542e-02,7.876893185749779536e-02,1.015071442779171551e-01,4.580462202252810755e-02,1.563479214292982922e-01,-2.195461614602714495e-01,-2.953641527550305290e-01,1.781717371976997491e-02,3.829174421181012061e-02,5.221917765273265816e-02,8.389383627668879628e-02,2.007171051330561978e-02,6.177180086995923136e-02,3.093082977292658381e-02,-4.375217453917608357e-02,-3.567316916777565350e-01,-2.898514261208529064e-01,6.233668168335363378e-03,-5.470045272898983041e-02,-1.156251760523392819e-01,-1.229216024040322014e-01
3.140433893918512329e-03,1.872441284665091743e-01,2.250966243637781139e-01,-2.404465746378533220e-01,-2.123406507474268415e-02,1.548289465407905463e-01,-8.051209422712370112e-02,4.434829900847108153e-01,2.830359007229454882e-01,4.392104092064556542e-01,2.385540985236251910e-01,4.065498415458504988e-01,-2.221617752069010923e-02,2.280905485762729501e-01,5.521044819321865166e-02,-1.935416983195823240e-02,2.046373219080712125e-01,9.531307628152145550e-02,7.316953283162386246e-02,-1.343985589375759071e-01,-1.271904158153387221e-03,-3.650532414597297548e-02,1.466593502932179716e-01,7.615941559557648510e-01,2.338694304950581782e-01,4.934973044465573722e-01,-5.297293190991822498e-02,1.362274053936622653e-01,-3.674124394226309098e-01,4.245485895616123995e-01,-8.792879511720813612e-02,-2.467040790226318267e-02,-8.822720176231609035e-02,-1.950002008540261678e-01,3.107746818555482717e-03,1.940150611158750205e-01,-1.951894556129058489e-01,-9.320299896198151746e-02,-8.214254302339123182e-02,-2.314006218659240277e-01,2.260450146290487183e-01,1.699514922580424858e-01,1.336390906152706559e-01,7.360280530474630489e-02,6.138523483289973770e-01,-1.247215785367929153e-01,4.577354115598041007e-02,5.284311939118144230e-02,-3.217132986063183098e-01,6.344401405468605253e-03,-1.839606420015809929e-01,5.412689557568543808e-02,-1.196427550824581965e-01,-2.256283243866569477e-01,-5.604711373560593290e-02,-1.337908014470361728e-01,7.177764974029504641e-01,3.324499608785447258e-02,1.327052813944867293e-01,-3.446258836405096115e-01,2.708968675372088082e-03,-4.551336372869277946e-01,4.685118687811377081e-01,-6.715368575771586690e-02,1.020779120456260375e-01,-1.671679234556692484e-01,-6.851961011876550600e-02,-1.202865382790703208e-01,7.308814194383846108e-02,-2.014206952500476877e-01,4.160614399614558784e-02,-4.563603688677871952e-03,-1.181102023263501388e-01,1.518840058302272089e-01,-6.652694616253741408e-03,1.220753833881835400e-02,1.505035180337766232e-01,-3.442406955494142218e-01,-1.815257945522801564e-01,-4.230601895287299241e-01,-1.640072076003312382e-02,-1.756606064856521335e-02,-4.670446529518865186e-01,-5.338604749725602006e-02
1.511350020058720989e-01,1.213048432579400399e-01,4.604244399464612475e-02,-3.131738328553927420e-01,-4.693777802710787928e-01,5.046118391337460762e-01,9.048192373305921632e-02,-1.965335299625326979e-02,5.975734112762527694e-02,1.825278226121367364e-01,-1.604964365772597601e-01,1.614536726113723897e-01,3.111550366386513500e-01,-3.678152044098632611e-01,2.559705448206823011e-02,4.921394668995487942e-01,4.258569925770366305e-01,3.897998662822807492e-01,-3.020047636431208785e-02,-2.599175967381573207e-02,9.182094070728444302e-02,1.771107557523188269e-01,-8.993787226992273898e-02,2.338694304950582614e-01,7.615941559557648510e-01,3.595882744115386220e-01,6.485482574204998185e-02,7.568903174240752124e-03,3.596924953645011525e-01,2.345578029564427680e-01,-2.677535943492282411e-01,2.739293091125572649e-02,-2.298012628619716113e-01,1.251940799471081348e-02,2.697896983520212816e-02,1.195393119655883962e-02,-2.930235876758934266e-01,-3.233047402442020268e-01,3.215042560792969600e-02,-5.000777422110311843e-01,-4.046585452547608042e-01,-2.018569769034126715e-01,-1.414040894117996605e-01,-3.623012764809939168e-01,-1.349582044664830727e-02,-1.565861439531450461e-01,-4.176907386252172727e-01,-1.455851133213694748e-01,8.938134105581407862e-02,1.605068383099712559e-01,1.247321071843023738e-01,-1.472063787661097578e-01,-6.925160498962297517e-02,-1.870185924296969560e-01,-4.855916811042466225e-02,-2.868076049185986354e-01,1.253875976805105263e-01,6.221268114950803119e-01,1.092501970378177700e-01,-8.206209893760153806e-02,-6.657123523386955510e-02,3.798505840603658146e-02,1.107174410587203062e-01,-4.173877467888796877e-01,-1.243883416028878780e-01,-2.210224536099741899e-01,-2.372706596193482342e-01,-2.623396230724948097e-01,8.590199621858379819e-02,5.485949528977793199e-02,1.356409025665552270e-01,-1.992589860778568867e-01,-2.122019921954856891e-01,1.427249337903366277e-01,-2.224780700842121095e-01,1.167384988857415318e-01,-1.171559483042391436e-01,-4.036845730237514362e-01,-2.014360432190180281e-02,-6.190310345624405741e-02,-6.475670793735113784e-02,-2.403447794684389349e-01,-1.107349458526687702e-01,6.357775744230316495e-02
5.217985911741271909e-01,1.276851046058130879e-01,1.020049038913250217e-01,-2.449762594458604892e-01,-2.065194524554331557e-01,2.742721815638090033e-01,3.194327893925282824e-01,1.382356711998565801e-01,2.084824679585268736e-01,3.063483128869193273e-01,2.978146058135311414e-01,4.631008057932048394e-02,4.787097530525327715e-01,-2.745158504643849251e-01,1.417470421952176374e-01,5.617380000733631640e-01,5.520372359664142969e-01,5.671378533688238299e-01,3.132050780911752041e-01,-1.581082484209308386e-02,-4.957372676181241028e-02,2.255064214611968987e-01,-9.564092255577798241e-02,4.934973044465572611e-01,3.595882744115386220e-01,7.615941559557648510e-01,-9.177642763407520970e-03,9.532878345769243977e-02,2.244633589684719710e-01,4.163351057888529105e-01,6.858378853187883928e-02,5.336788774285426001e-02,-2.414042834138408200e-01,1.204450261213651924e-01,-7.212410591035883778e-02,2.514058356043832876e-01,-1.694528052043627331e-01,-8.766631002819061380e-02,-2.777139392838162135e-01,-1.586331379719209678e-01,-2.571241485308973229e-01,1.009632056575141164e-02,1.445999631903779892e-02,-4.251880256328444130e-02,6.215710086375038357e-02,-9.411706927790321198e-02,-3.413385764964216862e-01,6.356311947712905974e-02,2.326017389663053575e-02,3.307906596189297971e-02,9.046626367916467404e-02,2.771431267011121857e-01,-1.795610782282179921e-02,-2.612291594734231226e-01,-4.024385239515456542e-02,-4.217355015274408814e-01,3.772669013815316275e-01,1.449367559620994093e-03,3.958427242631403775e-01,-3.661986747466909886e-01,-7.579892158184992068e-02,-1.202297810031565939e-01,-5.858955603363301921e-03,-2.481320362732563345e-01,-1.052461827822504803e-01,-2.464059502944346003e-01,1.153652797406180680e-01,-6.616525451789012635e-02,1.755997214661318695e-01,-2.940047698321020947e-02,1.750995030682442888e-01,-1.207056194328137572e-01,-3.921341939449158875e-01,1.957611547021451681e-01,1.920136105351204214e-01,1.196369988998711720e-01,3.461747250871174963e-01,-3.257434851082678939e-01,3.668822967417122854e-02,-1.355395252092080893e-01,-9.535171827843609560e-02,-1.803875580465023332e-01,-3.645141979107793806e-01,2.741430273999353670e-02
-6.068700689409842891e-02,2.528396885240947745e-01,1.169527408127607887e-01,8.867751985930564075e-04,8.783910780959622300e-02,-1.518858941733306211e-01,9.861835476411516532e-02,-4.370783852560997107e-01,2.018933281185077699e-01,2.088101172707054476e-01,-3.602558434836477391e-02,-8.713819643321855934e-02,1.319320347300629581e-01,-3.731022763851145618e-01,3.983322736539806064e-01,2.833818413847671858e-01,-7.188740993970405870e-03,4.918384916475457974e-02,-5.343015905614433708e-02,3.354487278638265679e-01,-6.603015974985365633e-02,3.408878283143708110e-01,-2.002112397614697059e-01,-5.297293190991821110e-02,6.485482574204998185e-02,-9.177642763407576482e-03,7.615941559557648510e-01,1.045168931320386851e-01,5.642850910588961266e-01,1.294136049854223425e-01,2.362242722479649670e-01,-2.781368373899417712e-02,2.800072651759443754e-01,-1.073299749890616051e-01,3.008528628755294254e-01,1.501525766736459544e-01,-1.800289992608971323e-01,-2.039895440438812269e-01,-2.114103911570578420e-01,1.161825265219948583e-01,-5.448445263836334540e-01,5.442687793491880754e-02,2.121785689609963776e-01,-1.907563418350510243e-01,-3.896060170456194099e-02,-1.521151732069561495e-02,-2.228015124815822534e-01,4.843311626389475988e-01,2.762634864553586977e-01,-2.554076925099230677e-01,8.745661287181032140e-02,-7.453152117672359744e-02,6.047785217420137416e-01,-4.727912934207649520e-03,9.880829219209813497e-02,-1.552002281757543234e-01,-6.713617426084641810e-04,-1.779691722821727731e-02,2.188967878836875491e-01,5.148259766313669772e-01,-4.993782108234226524e-02,4.670914338305601210e-01,2.406430510684208143e-02,1.362668279598361898e-01,-1.784049658379786574e-01,8.818462778672205016e-02,4.347052529670540622e-02,-3.275252967192212594e-01,2.833128597187883901e-02,1.687283833077268258e-01,-2.490616597453912395e-01,-1.746601337846366286e-01,7.549936847646053495e-02,2.052218688938945920e-02,-5.093183140307672857e-02,1.032157460964687051e-01,-5.642596056059188958e-02,-2.000918296999716073e-01,-9.169999747165973047e-03,1.690479686338363652e-01,-9.519378377875611918e-02,-3.729555097124528373e-01,-9.190668398242156367e-02,1.627901486204351433e-01
9.021093103894071985e-02,2.257195391311571722e-03,4.145263171486622267e-01,-1.397945540266499337e-02,2.617958074439797334e-01,7.805384328752650036e-02,7.437684520951916289e-02,3.274549429235681930e-01,3.255100779567253189e-01,2.557904539885249018e-01,3.044302054805592683e-01,3.920564123321462757e-01,2.542909423914149758e-01,-7.488985660080681173e-02,2.548430006185437025e-01,-3.850428833067790629e-02,6.970227464724865207e-02,2.698054217636768892e-01,3.267948770338402475e-02,3.036724479817761724e-01,8.956689768550230718e-03,1.408086120679067910e-01,2.704157911956963645e-01,1.362274053936622653e-01,7.568903174240710491e-03,9.532878345769245365e-02,1.045168931320386713e-01,7.615941559557648510e-01,6.344564961007417847e-02,4.567630543464223924e-01,1.020319780084075478e-01,4.775318373669474870e-01,3.507989327585119277e-01,3.104394500680235716e-02,-1.163405932956347935e-02,3.228355885126981129e-01,-6.069369739357415722e-02,2.106215081282403756e-01,2.339739556058374192e-01,-5.490983490213608917e-03,2.406370439780446957e-01,2.997572883281567346e-01,2.701562046146946949e-01,3.809621451059853059e-01,3.094139813764594238e-01,3.619722072985689376e-01,2.166208681274972847e-01,1.835295356148421153e-01,-1.809866772657805004e-02,2.406251427788144159e-01,1.999848281611392442e-01,7.058574163284619951e-02,1.778954182252019123e-01,1.397582872955107636e-01,2.592627403560389121e-01,2.665954978240484552e-01,1.884038455929164524e-01,-2.381006140144421163e-02,1.490176850090020877e-01,1.440456215511582705e-01,6.394705859888150101e-01,-1.437652051323358784e-02,2.891430506806238476e-01,-8.823020593939089745e-03,5.703778489891935255e-01,3.078438928244951467e-01,1.313979233259212620e-01,-1.185006570146690530e-01,-1.932888917108842031e-01,-3.529634748265584460e-02,-6.016395702720910010e-02,1.550014376499292412e-01,2.539449127919810589e-01,2.966628230556502821e-01,6.172038870063717431e-02,1.810787305376398426e-01,8.051824647182588557e-02,-1.331392984180617134e-01,-1.186706520990165881e-01,8.105919475523110096e-02,4.952715229566701655e-02,1.641945944441718375e-01,1.333133066041912729e-01,1.122415763265948024e-01
2.184858695879552393e-01,2.491974760969011826e-01,-2.632091211846204759e-02,-7.481840691047457470e-02,-2.779078647677465930e-01,1.311821119612434083e-01,1.074983565803421803e-01,-4.885293784538241590e-01,-7.805787271473635380e-02,1.594206278646871991e-03,-1.881535949764340243e-01,-1.285321848548084955e-01,2.878217387633854596e-01,-5.380989100857928031e-01,2.672156990151187128e-01,6.768598335424571566e-01,1.750789602517840993e-01,4.288480817620055063e-01,-2.888993535945341001e-02,5.021847977638467242e-01,3.062289164367015468e-02,6.906717278166297769e-01,-3.448613113224319737e-01,-3.674124394226309098e-01,3.596924953645013190e-01,2.244633589684718877e-01,5.642850910588961266e-01,6.344564961007412296e-02,7.615941559557648510e-01,-6.219831429993250699e-02,3.687060990397025145e-02,8.081255605518627289e-03,8.889163413808728875e-03,9.572672325061147569e-02,2.480451698946607164e-01,6.736151174169843769e-02,-2.642736174698859242e-01,-2.672544839935642735e-01,-6.552921528131397388e-02,-1.026875623131696807e-01,-6.788303339451472462e-01,-2.036707537294234482e-01,3.681656984117359643e-02,-2.390518260099223635e-01,-3.979118153476648989e-01,-1.354257059336880786e-01,-4.881501685940355939e-01,2.846208908673831806e-01,3.930174095011137458e-01,-7.190039392411534669e-02,3.381464885052628544e-01,-9.612339650428020077e-02,5.440666614205332818e-01,-1.109850860281145213e-01,3.795197881936959172e-01,-4.246135184830546194e-01,-1.935757361052914960e-01,3.489189558768073240e-01,2.614836076701577694e-01,4.029283226221418990e-01,5.360960503694595786e-02,5.805527153357374903e-01,-3.582166051844171140e-01,-2.654370059919191061e-01,-1.402290799102071661e-01,2.125892460689469098e-03,-3.985504232549487436e-02,-2.701801082567425460e-01,5.693304198615876943e-02,2.595678171076937213e-01,-1.281142309437881266e-01,-3.658394035794961807e-01,-3.695862753478022789e-02,-8.331173104374417493e-02,8.817073829565652207e-03,-1.411745465082992479e-01,-3.800612977241707435e-02,-2.205309700884264534e-01,1.251012128782845734e-01,3.018671539100108991e-01,3.734162936763750495e-02,-4.383652982959303501e-01,-6.363015441919945593e-04,1.728263729892920153e-01
4.017108136059986401e-01,-4.476278841062801550e-02,5.623581529783743260e-01,-3.576778185538344590e-01,2.281447608743986388e-01,4.514630209079008583e-01,1.373112406499730487e-01,4.276841541084120957e-01,4.749036386833375145e-01,1.847762174606358276e-01,4.677106670282344392e-01,2.603275511383382756e-01,4.695821481504426909e-01,8.107135383939303649e-03,2.638826885565425107e-01,1.291071403559983510e-01,2.324499458022370457e-01,3.045139894613335119e-01,4.065207693266570388e-01,1.358227975848038394e-01,-9.614063856504322103e-02,-2.085102389141403612e-02,2.420303450682193547e-01,4.245485895616125105e-01,2.345578029564426570e-01,4.163351057888528550e-01,1.294136049854223425e-01,4.567630543464223924e-01,-6.219831429993245148e-02,7.615941559557648510e-01,9.399620410924713898e-02,1.120003360275483723e-01,1.909276870486908625e-02,1.326679849791497501e-01,-1.919836150379224116e-01,4.590113541984762180e-01,-2.424162059121016677e-01,2.149560887621483340e-01,1.384527415079400137e-01,-1.718574197260601399e-01,1.169319541717772776e-01,4.958566979590114387e-01,-3.441941518885475310e-02,2.877226190415450580e-01,3.038898703877581098e-01,2.256562041880313951e-01,-3.345669891269104773e-02,2.193562124187664053e-01,-1.696025842324299093e-01,-3.389855278276879963e-02,-2.396850306402893149e-01,3.835948336640541689e-01,2.648104190363924637e-01,-3.928329180691603195e-01,1.318706303694062998e-01,-1.980967592729321325e-02,3.550908242683492588e-01,-2.463027527977698361e-01,1.339212046285493951e-01,4.285635895952430441e-02,3.409467119815875469e-01,-2.281703916398929166e-01,6.357979670545592654e-01,-2.352314082403677425e-02,2.346501078350623493e-01,2.386706887274804567e-02,9.460684054753161487e-02,-1.904530418069606268e-01,-2.046765471916925372e-01,3.652116362149430279e-02,-5.422324724076827557e-02,-6.209383541942092161e-02,-1.345222206595105829e-01,1.875083305436786932e-02,1.513632478271927095e-01,2.362106665514574488e-01,2.386481249827443751e-01,-3.334439442176329038e-01,-1.323715181061456692e-01,-8.733497285960026280e-02,3.578970943459580667e-02,-6.117483354746657692e-02,-1.549422503323882525e-02,-1.406005412726438197e-01
1.225002509744301527e-01,1.919592817670539436e-02,1.408550913474040933e-01,1.009245761045614170e-01,1.203000643678543979e-01,-2.174629653671223961e-01,-7.701457069832029489e-02,2.303759577847317580e-02,2.698660172532767534e-02,-1.293914461574809938e-01,-6.206071756110390081e-02,-2.810513673653536326e-01,-3.857495724000427340e-02,1.673881333405863592e-01,5.889198717239459840e-02,1.947567815775372857e-01,-1.857998543240392542e-01,1.121815365941634668e-01,1.466256402018968341e-01,1.541936011385345306e-01,-3.936752750978387422e-02,7.649185504622253717e-02,9.861151339699857077e-02,-8.792879511720809449e-02,-2.677535943492282411e-01,6.858378853187876989e-02,2.362242722479649670e-01,1.020319780084076033e-01,3.687060990397020982e-02,9.399620410924713898e-02,7.615941559557648510e-01,1.645947049132602535e-01,2.620169660207194440e-01,-1.188527164042366968e-01,7.192993387104699987e-02,1.513545188246370743e-01,1.633758227670616681e-01,7.600480673547063692e-02,-1.364943386564096972e-01,5.194308110959822145e-02,7.827733427858232784e-02,3.144817020529248885e-02,-5.119135491235525526e-02,-6.506759700263650692e-02,-2.610771045979557448e-01,-1.958166574133697324e-01,4.050292688271373703e-02,-4.153475326161622239e-02,9.012533965327778306e-04,-3.751460805474760019e-01,-1.098782068081659465e-02,5.663060437031323252e-02,1.354582210919089147e-01,4.909361093064644466e-02,5.201757568649001406e-02,8.630248698170715771e-02,1.668716400957312718e-01,-2.751941392798462060e-01,-5.382005487434344225e-03,1.259506627712829174e-01,1.409566003610142892e-01,-2.022502360787399936e-02,-2.325105360145333644e-01,4.219595642851608347e-02,-1.911902016642752777e-01,1.672077289796369270e-01,-1.050401453470310442e-01,1.714768893819612061e-01,1.351715331386023899e-01,2.723998874148731222e-02,-6.112839868033599633e-02,1.938239642050992584e-01,1.236397887033571785e-01,-2.138454555436130333e-01,2.717176355348617789e-01,-1.025384868429518176e-01,-8.897513273548184054e-02,7.968465313650177628e-02,3.563958619602798639e-03,1.888622102281620752e-01,-3.300044105697624852e-02,1.433931110361397754e-01,1.925027618419321296e-01,3.642100561762060679e-02
-1.645778211508775457e-01,-4.247650842088056267e-02,-4.402916141173148640e-02,3.491899134460719756e-01,3.077646670472060642e-01,9.191426069720537440e-02,2.572388121632406266e-01,2.110173510832031307e-01,8.904662019701602149e-02,-5.094379833359412302e-03,1.404177726651900382e-01,2.246052612748657695e-01,1.920165172987159108e-01,1.389501884002411758e-01,1.033331694711855098e-01,-1.689832972898067109e-01,-2.467002306679990167e-02,-1.713281757590378040e-01,-2.750952718170234790e-01,6.323120225166985187e-02,1.606757616439707381e-01,-1.966571599536520720e-02,7.359600660191527310e-02,-2.467040790226316879e-02,2.739293091125567792e-02,5.336788774285417675e-02,-2.781368373899420487e-02,4.775318373669477090e-01,8.081255605518596064e-03,1.120003360275484000e-01,1.645947049132602535e-01,7.615941559557648510e-01,2.669865029807025336e-01,-1.725655245769892598e-01,9.303619293495223735e-03,1.205361378356683937e-02,1.809313338538300897e-01,2.706924261813837274e-01,2.450830140208076491e-01,1.903125337890692048e-01,3.281703791809027493e-01,1.160413293856623305e-02,1.917557653310959231e-01,2.477085392440499800e-01,-3.767548613711416226e-03,2.941646708703428148e-01,2.622901540848441293e-01,7.627085185327134309e-02,-1.440878120448449984e-01,2.481415158602789106e-01,1.481190164341980413e-03,-1.634329009022436885e-01,7.979773082562469783e-03,1.748717455561298872e-01,-4.059573669131479046e-02,1.709109308156954721e-01,-6.659883146992200131e-02,1.482122478881872929e-01,1.160423409206767648e-01,-5.600267166742761878e-03,4.435407377431809239e-01,-1.514368824116416913e-02,2.099718531048100079e-01,1.828389079323309852e-01,4.621111262539699394e-01,3.379669477792511256e-01,6.088512910913519011e-02,3.849000268988152229e-02,-2.227518031819085975e-01,-1.374239160105660551e-01,-1.346655960099168159e-01,4.061909297796923446e-01,1.424570663243073521e-01,2.861385392133571348e-01,2.372542081361465049e-01,6.520335734782202464e-02,6.518521199699563173e-02,9.018491168485527620e-02,-3.387645033008084283e-01,-1.663537117429482112e-02,-2.019230663139085988e-02,4.427865575082508554e-01,2.365205215210835488e-01,1.331075214138888012e-02
-3.030917589667166956e-01,5.088739686143343155e-01,9.906027508269403536e-02,1.996002396067602658e-01,1.838583440401811431e-01,-5.040146385141494045e-01,-3.272764668050926473e-01,-1.735230229210069364e-01,3.674707315236225291e-02,5.817863002864519240e-02,-4.314299847854306119e-02,-8.337464162343269369e-02,-3.274110926164043867e-01,5.923118304705925208e-02,2.561242465361775467e-01,1.825925684225206125e-02,-2.196940160745754211e-01,-6.107186953299199167e-02,-2.148517784806185937e-01,3.316661035791216849e-01,2.543986964419173713e-01,2.703851201864275189e-01,2.014801962285813625e-02,-8.822720176231606259e-02,-2.298012628619715836e-01,-2.414042834138406812e-01,2.800072651759444309e-01,3.507989327585119832e-01,8.889163413808728875e-03,1.909276870486912789e-02,2.620169660207194995e-01,2.669865029807024781e-01,7.615941559557648510e-01,-1.788402598800857279e-01,5.595687275427345675e-01,9.125953061988095749e-02,4.883827736299403699e-02,1.298655725876982359e-01,-1.595031891657535950e-01,1.097063246101060568e-02,-1.015166805314451498e-01,6.956952480464813349e-02,2.705734703181391643e-01,1.290625989832683840e-01,-1.181031231631515244e-01,-1.110526578989758789e-01,1.918306615473982790e-01,2.397807599420263835e-01,2.857989794580714227e-01,-1.266397246354575568e-01,2.779079716064139505e-01,-2.007598664169126246e-01,3.141096911579747686e-01,5.189826763313558633e-01,2.455017189030424540e-01,1.518077867140149306e-01,1.306735462616609722e-01,-5.378424916972051467e-02,4.404698160394657919e-02,3.042094188732346466e-02,3.167716828948363705e-01,1.717407425344008309e-01,-1.787458880422140850e-01,-2.063876766619931469e-01,2.631430293040512569e-01,7.848074133553750720e-01,-8.929495755065959550e-02,-7.701544784344603427e-04,1.087713208381285851e-01,3.164245224490030983e-01,-2.802603846937291587e-01,1.879813243184614846e-01,4.161342674327212499e-01,1.630137485154779797e-01,3.016992648638004981e-01,-1.282419138531668279e-01,-2.263332217528895296e-01,1.748137315159744576e-01,8.471038390703819476e-02,4.225711075506157210e-01,1.599930979752239857e-01,1.874196891375509988e-01,2.514098181848647418e-01,5.173663260205222381e-01
2.864793621407341617e-01,-1.056709495344694549e-01,7.901334597550151162e-02,-1.932336735339960226e-02,5.630956074175875320e-02,2.853405306134515831e-02,1.786098909797209089e-01,-1.296674741423555280e-02,-1.642227198167227689e-02,-1.562421739317448599e-01,6.009848760880559526e-02,-1.689225574886635273e-01,2.095216106606944684e-01,-3.567258727032109333e-01,1.055508750384831079e-01,1.287775776943075878e-01,2.388483437139681809e-01,4.225379783304501480e-01,-8.553956085851389946e-02,1.261572264703123836e-01,-2.208777304262505847e-01,9.548580004798420950e-02,-1.631499803343311461e-02,-1.950002008540261123e-01,1.251940799471081348e-02,1.204450261213651369e-01,-1.073299749890616467e-01,3.104394500680213512e-02,9.572672325061147569e-02,1.326679849791497778e-01,-1.188527164042367246e-01,-1.725655245769892321e-01,-1.788402598800857279e-01,7.615941559557648510e-01,-1.728197285197188848e-02,7.098869717832780035e-03,3.315917499655268025e-02,2.576026123861986372e-01,2.662988896058983146e-01,2.327784577161789992e-01,-9.401465248156150312e-02,3.370179784669098677e-02,-3.649638806789750473e-02,1.154958246054071241e-01,-2.711246920639731051e-01,4.996294166333760667e-01,-1.672745024072719577e-01,-1.508753933360616230e-02,2.362108597053345083e-01,2.892243006389619286e-01,4.816539194144301983e-01,-9.667680810761104804e-02,-1.262130788391498670e-01,-4.059324677346436844e-02,2.803789133237571951e-01,1.292923204741821576e-02,-1.462156344553744158e-01,7.963344462139307356e-02,2.377788976554277012e-01,1.116045119411255421e-01,2.057528262345048875e-01,2.597788680244653148e-01,-1.752047203504314699e-01,-8.671598747664961693e-02,-7.832356920542758727e-02,-1.779982570326369695e-01,1.925748234844966988e-01,-2.017960829051350935e-01,-2.095297792970023665e-01,-2.690527837560438909e-02,1.320419499061239732e-01,-2.394396427045650533e-01,-4.142626838073394657e-02,-4.783550648782763232e-02,-2.826699832532118470e-02,1.907912591215133735e-01,1.671103228772197469e-01,-1.546739000721822355e-01,1.678162397031697228e-01,6.434355331075521101e-02,4.901891696845583207e-02,-1.125458840687313250e-01,7.386536646194248254e-03,7.848920380227438626e-03
-4.367449733587412397e-01,6.826477653456268779e-01,-1.193189395046193903e-02,1.628546799047465854e-01,-1.849045103135064372e-01,-3.865630195733570917e-01,-2.953212714643842496e-01,-4.061588877558582888e-01,-1.847099737758435278e-01,6.021602939349407491e-02,-2.753450768649280955e-01,-1.871619393333633363e-01,-3.066199380464436630e-01,-1.388639996529093534e-01,2.186730147622804321e-01,2.045530660684613811e-01,-2.375737797734251422e-01,3.598357643248355914e-02,-3.143053049359554874e-01,1.763783728322531608e-01,2.860199073938673453e-01,3.221097143569658927e-01,-6.187916123674248869e-02,3.107746818555482717e-03,2.697896983520226694e-02,-7.212410591035883778e-02,3.008528628755295364e-01,-1.163405932956345160e-02,2.480451698946607719e-01,-1.919836150379224116e-01,7.192993387104699987e-02,9.303619293495140469e-03,5.595687275427345675e-01,-1.728197285197190236e-02,7.615941559557648510e-01,3.348140856371829843e-02,2.242383243903897302e-02,-1.638812721139795148e-01,-2.771212017351898926e-01,-9.049470952669463886e-02,-3.676757814153355231e-01,-1.377443187684498915e-01,1.701187207134586821e-01,-1.703421461815214644e-01,-2.507204101730537427e-01,-1.970845831423064798e-01,-8.754911651831877306e-02,2.696898272125251017e-01,5.740716757283781391e-01,-2.684068461537940098e-01,4.317047753914011743e-01,-4.013327525934580753e-01,2.951742747876966444e-01,4.470635304971796176e-01,2.296914874764309500e-01,5.819855195594769715e-02,1.835808392433387615e-01,1.505047159277721480e-01,2.140816820949707211e-01,9.537730547597131348e-02,-3.380926298917113527e-03,3.346560676511348698e-01,-3.047482581608975116e-01,-1.789616682944593362e-01,4.382918947793976172e-02,4.727186678042847867e-01,-1.462393714238352238e-01,-8.896958186730014040e-02,2.024211509916981344e-01,3.788493786668596930e-01,8.686590300947708704e-03,-2.084120567639387023e-01,2.184859599529222485e-01,1.443587439821122087e-01,1.293201545643771766e-01,-2.084675424292682100e-01,-2.985024642400162520e-01,-2.037217074700157018e-02,1.814662105007679715e-01,4.730179792253838000e-01,2.519816066100766250e-01,-1.432309432869243171e-01,2.616381849652800740e-01,4.797590808847243538e-01
2.595181550816340610e-01,3.139291972626113980e-02,6.875101264483288732e-01,-1.415155735233947221e-01,2.907018235632402026e-01,7.076880687281869586e-02,3.132882299523348513e-01,2.243865692952047852e-01,5.991965284195887032e-01,4.105528318836402790e-01,6.194660206824366133e-01,1.336735081486338239e-01,3.989394423465998929e-01,1.428637100006802108e-01,1.957002716090211203e-01,1.438220906745165117e-01,3.155391019114094364e-01,3.726788775158000333e-01,5.991590061585475580e-01,4.201216569633280107e-02,1.450062773535802096e-01,9.437808531533338832e-03,1.312675171782538563e-01,1.940150611158749927e-01,1.195393119655883962e-02,2.514058356043833431e-01,1.501525766736458989e-01,3.228355885126981684e-01,6.736151174169846545e-02,4.590113541984761070e-01,1.513545188246370743e-01,1.205361378356685324e-02,9.125953061988104076e-02,7.098869717832786974e-03,3.348140856371835394e-02,7.615941559557648510e-01,-2.435623363193992544e-02,1.311028691437700899e-01,1.485787614516680989e-02,9.325828134763657074e-02,1.115522069277198741e-01,4.418549112305692472e-01,2.030323057380396257e-01,5.072529175872074747e-01,1.474698563967797860e-01,1.654147131928050962e-01,-8.886630512493477740e-02,1.657381177650746329e-01,-7.675732171781179947e-02,1.325029494927020858e-02,7.239526825208178473e-02,5.527164524878478424e-01,2.165283750984028921e-01,6.349473367310674854e-02,9.040135674630384033e-03,6.301261799143803577e-02,8.422817400179166691e-02,-1.800047327451671786e-01,7.133164196332913987e-02,1.906382701888194864e-01,1.153696856649250035e-01,-2.152772353951103862e-02,3.169596369857323181e-01,-8.346075568705876857e-02,-2.025818733791412141e-01,1.123779385345839987e-01,3.446220561397350668e-01,-3.833394330323677129e-02,-5.281926824436610629e-02,-3.434913581952586670e-01,-1.237518027864290687e-01,-7.068293410237766472e-02,7.229326150623803515e-02,-5.104656559815572148e-02,2.978045491668287470e-01,4.933862468832556775e-02,2.140900327064267639e-01,-1.109315158884281588e-01,-1.665771268538937533e-01,-3.219050738853954097e-01,8.954312473072038869e-02,-2.571655911944635275e-01,-5.135313136765647102e-02,-1.164368173207663837e-01
-1.318735851680975235e-01,-1.460502792076547596e-01,-3.452958130154886174e-01,5.280784475157646041e-01,4.565020364549657317e-01,-2.117002886291941277e-01,4.067755581513546326e-01,8.808809679916912438e-02,-1.472701757832478864e-01,-3.242136244149839142e-01,-1.356712268684451272e-01,-2.410411508984605378e-01,-5.280907358280292202e-03,3.230572895412285317e-01,-1.616198389624235454e-01,-2.115066700903397712e-01,-1.965588379047882028e-01,-1.460764974176259334e-01,-3.337321318914254764e-01,-3.616219506484348867e-01,4.785735326051671068e-02,-2.519262490379824970e-01,-3.080437664789528740e-02,-1.951894556129059044e-01,-2.930235876758934266e-01,-1.694528052043627331e-01,-1.800289992608971046e-01,-6.069369739357416416e-02,-2.642736174698859242e-01,-2.424162059121016677e-01,1.633758227670616403e-01,1.809313338538300897e-01,4.883827736299402311e-02,3.315917499655268025e-02,2.242383243903899037e-02,-2.435623363193998095e-02,7.615941559557648510e-01,4.753903201397325362e-01,-8.775605610285704128e-02,4.127701091188746840e-01,2.544349205274238357e-01,-7.391279534678030227e-02,-8.365470540779679220e-02,7.070729411928292074e-02,-2.947011378149866911e-01,8.590667692904527253e-02,2.509953259159329320e-01,-3.826198466691203004e-01,-6.580393912205939611e-02,-2.698485877580771367e-02,-8.262843897568120100e-02,-3.318200765961203946e-01,-3.602196730218945597e-01,3.295992417368062699e-01,-2.828421351352934376e-01,1.069675537337915761e-01,3.462402778674335962e-02,-1.559838808507574559e-01,-1.524003732575116565e-01,-3.921329614668300767e-02,1.426674474489305622e-01,-9.999594762320986041e-02,-1.219935196930049537e-01,1.715822335430882417e-01,4.334855961527539492e-02,6.149026284573794882e-02,3.234137041467927132e-02,1.006246079723933928e-01,-7.026292627299499105e-02,-1.739100301256784123e-02,2.226902440637894276e-01,5.460543693383073105e-01,2.505357427111887247e-01,5.364069854866688677e-03,4.525402453999965990e-01,-5.697583904780743197e-02,1.580550613011944272e-01,7.952333443583971262e-02,1.429961338616913408e-02,1.747158342449979807e-01,5.603771481802854310e-02,6.513148380147623095e-01,3.152788235948748019e-01,5.418703694906568460e-03
1.379056338350717337e-01,-3.095074084204563203e-01,-8.557212993146057212e-02,4.080049036494427517e-01,7.411373396768162758e-01,-6.888191109746327756e-02,4.110218595208977033e-01,2.763579718581322675e-01,2.168885367568272049e-01,-1.617750289480260617e-01,3.075404288095898719e-01,-1.488737648749362819e-01,2.307264603065325159e-01,2.724441151014002083e-01,1.118455664247895442e-01,-2.302271381133550454e-01,8.754248255454644134e-02,1.792673052140417471e-03,-2.620266221978378440e-01,-1.660145424245843548e-01,1.529951878174940112e-02,-2.563623107434970239e-01,2.138982724119579612e-02,-9.320299896198150358e-02,-3.233047402442020268e-01,-8.766631002819064156e-02,-2.039895440438812269e-01,2.106215081282403756e-01,-2.672544839935642180e-01,2.149560887621483063e-01,7.600480673547063692e-02,2.706924261813837274e-01,1.298655725876982359e-01,2.576026123861986927e-01,-1.638812721139794870e-01,1.311028691437700622e-01,4.753903201397326472e-01,7.615941559557648510e-01,1.079561022860350827e-01,4.903590011148945549e-01,3.986605198446262488e-01,4.640381343154629246e-01,-1.943259920675330377e-01,5.406639340455087206e-01,-1.954385518419421985e-01,3.310160599210053567e-01,3.934178515272688803e-01,-1.411970280861576388e-01,-2.324525140379875843e-01,1.338603763468542152e-01,-1.016177441650487484e-01,-1.735893686890758458e-01,-2.772479345499032632e-01,5.226786179542574490e-02,-1.442371942481530389e-01,9.459469888806286419e-02,-3.791449297098083149e-02,-3.982984796493778124e-01,-2.934364324723662820e-01,2.897059868646406286e-02,3.915200314151448535e-01,-2.927527256663041144e-01,1.299451914407237230e-01,1.775862374243366015e-01,-4.267317552279516896e-02,1.046746247907380106e-01,3.952732518882388912e-02,7.295756055677400653e-02,-2.162980927022791489e-01,-8.766030160544353161e-03,-3.749971718647750890e-02,4.595064002707887618e-01,8.136677052249957631e-02,3.190068433054436547e-01,4.140122476217776293e-01,1.723823003842145374e-01,1.189853373650841956e-01,2.616560541481901397e-02,-1.765196451952461554e-01,4.183254481964734928e-02,-1.040822744534965205e-01,4.299870582485865733e-01,1.798410268919017341e-01,1.005841430004143361e-01
3.347866545443789216e-03,-3.381359348313427438e-01,1.889955972525274308e-01,-1.132788497710008301e-02,8.627134253021928600e-02,5.310534838009119962e-01,4.867228531735718483e-02,3.329553001483237518e-01,-2.880538956627040278e-02,-2.002598450312409462e-01,5.797064253840853061e-03,2.361956327492057139e-01,2.387966729889937079e-01,3.292339142061821017e-02,4.009311308044189587e-02,-2.435846835526142562e-01,8.188119065127905105e-02,-1.131766852524943995e-01,-2.592734920929911646e-01,-4.528237755114093016e-02,-3.021462817875298149e-02,-3.212621013187620389e-01,2.638314050610853778e-01,-8.214254302339135672e-02,3.215042560792962661e-02,-2.777139392838161580e-01,-2.114103911570578420e-01,2.339739556058373082e-01,-6.552921528131402940e-02,1.384527415079400137e-01,-1.364943386564096695e-01,2.450830140208076491e-01,-1.595031891657536227e-01,2.662988896058984256e-01,-2.771212017351898926e-01,1.485787614516675438e-02,-8.775605610285708291e-02,1.079561022860350272e-01,7.615941559557648510e-01,4.349853977819408656e-03,3.312218753252182957e-01,6.839473635323063683e-02,-8.901231552297517169e-02,-1.830608799653336144e-02,2.380068057682187266e-01,4.659720925036496819e-01,1.498516410783675146e-01,-1.144335818062260741e-03,-1.808655022902347087e-01,3.603916532995553035e-01,-1.378082585469369570e-01,-1.572858119290403978e-01,3.825031884887591938e-02,-6.163747186387015520e-02,5.706139345722174155e-02,2.204688830222986951e-01,-1.940727724473697013e-01,9.736767461998663276e-02,-1.369318609117426144e-01,2.421092528310414271e-01,4.336968024378747288e-01,2.795949322382192473e-02,3.069564023947189413e-01,8.197516286723928458e-02,1.982094855484663187e-01,-3.526928203388749600e-02,-8.886314152494028881e-03,-2.285382067828189978e-02,-2.850263983827058811e-01,-1.954175921508640168e-01,-1.513031578022623058e-01,1.717254280476881168e-01,-1.602563671038198245e-01,1.399773288003427762e-01,-1.098892987875373928e-01,1.146755818384208869e-01,-1.377683879406665368e-01,2.828654151270986253e-02,-1.926533191404485867e-01,-1.451458779433146273e-01,7.239128596079928701e-02,7.131799878653535818e-02,4.466451643177846154e-02,-1.568400406618130905e-01
-6.463046089987606324e-02,-3.130751545301094785e-01,-1.758582120353765765e-01,4.406492007918295650e-01,5.370127412328434824e-01,-1.300939004359421558e-01,5.066763560229847752e-01,-4.836717157575338294e-02,6.561614811856975038e-02,-4.299552352356132007e-02,1.070287716097509390e-01,-1.952414171203490090e-01,2.990018067700626059e-01,-6.297130783979104640e-02,6.589744269204836358e-02,-1.964609112476429498e-01,-9.931222685893627278e-02,-1.854161925978880243e-01,-2.340383362197410722e-01,-3.381952331743259821e-02,-1.345436880515434863e-01,-8.522726871124919334e-02,-2.185813285356171531e-01,-2.314006218659240555e-01,-5.000777422110310733e-01,-1.586331379719209678e-01,1.161825265219948167e-01,-5.490983490213553406e-03,-1.026875623131696530e-01,-1.718574197260601677e-01,5.194308110959824920e-02,1.903125337890692326e-01,1.097063246101059181e-02,2.327784577161789714e-01,-9.049470952669472212e-02,9.325828134763662625e-02,4.127701091188747395e-01,4.903590011148946104e-01,4.349853977819380900e-03,7.615941559557648510e-01,1.559232548217181769e-01,2.462773755933078679e-01,4.045198254070004468e-03,3.568790476419751445e-01,-2.398998769683826360e-01,4.556903490041808169e-01,4.434323841154008683e-02,-1.167321163361663694e-01,1.420717873641111524e-02,5.297730754453138652e-02,-3.847401775759901749e-02,-7.300987381090753847e-02,5.021723736760682483e-02,-5.264048729317902242e-02,-1.323796961262240224e-01,-7.090226444107672332e-02,-2.357943033006350830e-01,-3.118865762777283668e-01,-2.114862215305836068e-01,4.025741010465365144e-01,2.619356604474180616e-01,7.475293611932327942e-02,-6.496208362371078127e-02,2.924597742373148401e-01,-6.633340053785800883e-02,8.777814861177184180e-02,1.383374426003160518e-01,-7.748843237746239412e-03,-1.229640227843256106e-01,2.083682392477697806e-02,1.889766234662784011e-02,2.766473135506326009e-01,-1.125802340244417138e-01,5.094091278998291727e-02,2.869720732013247844e-01,-1.158676121485561483e-01,1.819002178382306267e-01,1.693738235067944742e-01,-1.011756373076888073e-02,1.255911259117743206e-01,9.852557515299451008e-02,2.955522259687938247e-01,5.394452818453115278e-03,-1.236738244561122191e-01
-4.480333831510287940e-02,-4.312503106292067678e-01,1.781451017465567888e-01,1.903577482430807433e-01,3.799605809942194767e-01,4.939877763597248783e-02,5.705514132490312890e-02,7.903026592675155282e-01,-3.164444580416075903e-02,-1.291219909185037928e-01,3.303810971703838306e-01,2.232150540123353233e-01,-2.508774702478028251e-02,7.040633940602930574e-01,-1.462813632065512737e-01,-5.486790089835051898e-01,-1.780803377688497113e-01,-3.155752875870150853e-01,-1.210170583119213189e-01,-4.068741684375344336e-01,1.658790709806595709e-01,-5.645372013126814803e-01,4.914421658591599518e-01,2.260450146290487461e-01,-4.046585452547608042e-01,-2.571241485308972674e-01,-5.448445263836334540e-01,2.406370439780448067e-01,-6.788303339451472462e-01,1.169319541717773053e-01,7.827733427858242499e-02,3.281703791809028603e-01,-1.015166805314452331e-01,-9.401465248156154475e-02,-3.676757814153354675e-01,1.115522069277198325e-01,2.544349205274237802e-01,3.986605198446262488e-01,3.312218753252183512e-01,1.559232548217181769e-01,7.615941559557648510e-01,5.222852538169656805e-02,-1.342485460338544434e-01,4.638333490571368567e-01,2.886920505952141891e-01,1.516107128817857641e-01,7.034657432602924310e-01,-1.524333700980442796e-01,-5.433713292498840719e-01,-3.743500926470925277e-02,-4.260227267148143926e-01,-5.752486108725135550e-02,-4.378558772217471806e-01,-2.084909798270899277e-03,-3.998732789242223085e-01,4.156640447119253623e-01,1.077135981718642666e-01,-4.931869392441932676e-01,-5.496401569430789946e-01,-3.722646304954211893e-01,3.068737863513928410e-01,-6.232166271514905098e-01,2.340259447453119923e-01,3.617432196745242745e-01,2.424588474831302631e-01,-3.353102511545322240e-02,7.128482972373645365e-02,1.639704683141097741e-01,-2.568148342507955428e-01,-4.196867157193661657e-01,-7.356198902701353848e-02,5.676713863018130191e-01,-3.942040291980149908e-02,3.233184224187242162e-01,2.412439764871235903e-01,8.782467844291295955e-02,1.764842488028325052e-01,4.889141182044322298e-02,-3.990965641054462498e-01,-4.944352794112503169e-01,-3.968613191702308890e-02,4.997464698048018072e-01,1.113528106474363961e-02,-2.763934474522641294e-01
2.301927899368680919e-01,-2.668190564896996131e-01,3.056988364188696350e-01,-1.348868524825641308e-03,5.831123628733571040e-01,4.267474950590139510e-02,2.717029685347559509e-01,1.028913367964876119e-01,8.311785719072805056e-01,2.485100030479175381e-01,4.773527591188113650e-01,9.756808352092149333e-03,3.635887498249895655e-01,-3.586735785638345969e-02,1.544901200663417740e-01,-1.921884575572399834e-01,3.103066679754107882e-01,7.497742221986537781e-02,8.350986443665449344e-02,-1.891840626610865120e-02,-9.682918456657194084e-02,-2.367389216944610630e-01,1.409692525772137566e-03,1.699514922580424858e-01,-2.018569769034126715e-01,1.009632056575138388e-02,5.442687793491880754e-02,2.997572883281567346e-01,-2.036707537294233650e-01,4.958566979590113277e-01,3.144817020529246110e-02,1.160413293856631632e-02,6.956952480464818900e-02,3.370179784669093126e-02,-1.377443187684498915e-01,4.418549112305692472e-01,-7.391279534678028840e-02,4.640381343154628135e-01,6.839473635323063683e-02,2.462773755933079511e-01,5.222852538169656805e-02,7.615941559557648510e-01,8.405189537841280256e-02,5.308544510271188122e-01,1.698760877757884147e-01,3.303189831862282100e-01,-7.233508295620141859e-02,7.577658549547222622e-02,-2.588437117020667699e-01,1.537536610748199140e-01,-8.272525175699475819e-02,8.995703472766310160e-02,3.837969424720222983e-02,-3.392476320466038253e-02,-9.370711808390382036e-02,-4.296862098068014030e-02,1.265895287263102131e-01,-4.062980162250028338e-01,-1.342023843433853558e-01,1.900328635775485053e-01,1.532729096353238341e-01,-2.475817230249190981e-01,3.578189416894868580e-01,1.643024674030246213e-01,-8.309946227429283738e-02,7.111546295402911000e-02,1.704547299621529954e-01,-1.980382435115551898e-01,-1.599524718388092848e-01,-1.877317586520403092e-01,-3.153775170162304575e-01,2.482262759545854347e-02,-3.345426819919655043e-02,1.689079519088144965e-01,2.510497979942390434e-01,1.775227569204344130e-02,2.705656980272166598e-02,-2.537541900195969813e-01,-1.538091246539487755e-01,-1.155204180679195447e-01,-1.292907309909349933e-01,-1.325410327000627886e-01,-2.073319750281332474e-01,-8.194539675555147229e-02
-1.664895962871447144e-01,5.422042212822129892e-02,2.174210081552525042e-01,1.052868306121990255e-01,1.804918929116551274e-01,-2.699390996698594614e-01,-1.244289704085043829e-01,-1.838213432317407914e-01,1.514018283065956538e-01,6.306085461784619595e-01,-7.900628614723790785e-03,3.231621201659685694e-01,-9.561604693518205300e-02,-1.590745319992887818e-01,1.124102308466660635e-02,2.175583166049998851e-01,-2.677405385207556540e-02,8.726792292700469300e-02,-3.873108761952444995e-02,1.749331375784378417e-01,-1.307604297284067629e-01,1.853958175876721237e-01,-2.648618372897955653e-01,1.336390906152706004e-01,-1.414040894117996605e-01,1.445999631903779892e-02,2.121785689609964054e-01,2.701562046146945839e-01,3.681656984117370746e-02,-3.441941518885476697e-02,-5.119135491235528301e-02,1.917557653310959231e-01,2.705734703181391088e-01,-3.649638806789751166e-02,1.701187207134587653e-01,2.030323057380395146e-01,-8.365470540779679220e-02,-1.943259920675330377e-01,-8.901231552297519944e-02,4.045198254070004468e-03,-1.342485460338544156e-01,8.405189537841285807e-02,7.615941559557648510e-01,1.611739935361666265e-01,4.103345938773697577e-01,-8.939663471495823757e-03,-1.062855880161537869e-01,-3.625582706488731689e-03,1.771050642918896856e-01,2.055784649225519956e-01,4.905792559761872895e-01,-6.458529293377938442e-03,2.451239280680935495e-01,1.770205838107165308e-02,7.396329789195900395e-02,-2.560534819372262683e-01,2.634944237126261579e-01,1.111666051485728640e-01,2.504897591910953403e-01,2.947720689541915018e-01,1.119425030843354957e-01,2.188897759774114382e-01,2.106806259233272305e-01,1.780997863612834575e-01,1.890719108016412353e-01,1.578692162096490825e-01,7.087730533591235504e-02,-2.202975557370127624e-01,1.328207934273580304e-01,-5.313839252070386848e-02,-5.368358215654298049e-02,4.242845877791533854e-02,1.013384818306247298e-01,-1.359787249536029974e-01,-5.876071731013208371e-02,-2.374256248492632171e-01,-2.033206672919146141e-01,-7.337371817492427395e-02,1.779707989308698668e-01,4.679715179743005465e-02,2.968281758773744783e-01,-8.460537920421282165e-02,-1.836023338817676376e-01,-1.016646227412047604e-01
2.304746934611530962e-01,-2.228469425295086237e-01,4.401830970714443181e-01,9.144543964824383697e-02,5.791842567605764991e-01,-1.282302367291355549e-01,2.624516681411533381e-01,3.531776242062634186e-01,3.783846968395863097e-01,2.305857196947919685e-01,7.485416836662087681e-01,-7.468927580846166508e-03,3.096987219506608935e-01,3.300365246287765286e-01,1.127476264349393936e-01,-1.428816582334501151e-01,3.130892476940665969e-01,2.134187047506728441e-01,2.985660793524601009e-01,-1.255445531994646979e-01,2.522936624073810960e-02,-2.564837952764511542e-01,4.038267183223553936e-02,7.360280530474627714e-02,-3.623012764809939168e-01,-4.251880256328451069e-02,-1.907563418350510243e-01,3.809621451059853059e-01,-2.390518260099224190e-01,2.877226190415451135e-01,-6.506759700263650692e-02,2.477085392440499800e-01,1.290625989832684117e-01,1.154958246054070964e-01,-1.703421461815214921e-01,5.072529175872075857e-01,7.070729411928289299e-02,5.406639340455087206e-01,-1.830608799653325042e-02,3.568790476419750335e-01,4.638333490571369122e-01,5.308544510271188122e-01,1.611739935361666265e-01,7.615941559557648510e-01,1.922309667038758774e-02,2.578294702975885699e-01,3.349253028605154725e-01,7.010744363254824141e-02,-1.794792015169123234e-01,2.664152415029740761e-01,1.236640814218011725e-01,3.802420313494040971e-01,-1.182560860708551098e-01,1.210259602373906646e-02,-2.057136399394592641e-01,4.084060600320966149e-03,1.051185935770511254e-01,-5.102912551476646019e-01,-2.552984200083643351e-01,-5.209362632982515728e-02,2.855082204259876688e-01,-2.617760997965664638e-01,1.232725971981398078e-01,4.488722025526404452e-02,7.777929984845896594e-02,1.047968836908755030e-01,2.943268545494296951e-01,-6.241732850684182654e-02,-3.174460627800494705e-02,-1.531537940283446697e-01,-3.190482547700735361e-01,2.963591877009059128e-01,-4.370181475584473257e-02,2.203199538860259321e-01,3.837785405202579492e-01,-2.666134192784420931e-03,2.820345438265401405e-01,-6.259530545288051473e-02,-9.142812023074514682e-02,-2.046235953408737374e-01,-9.234778664179314756e-03,5.216861771134867487e-02,-1.010050928156615707e-01,-1.696912107970041383e-01
-3.593441068583234921e-02,-2.112978275627048208e-01,3.770542389969708807e-01,-3.649022499382700291e-01,8.349930676368426397e-02,2.203100195366648750e-01,-1.384355069076976530e-01,3.576034534039818635e-01,2.260481020555534237e-01,5.433555586864277087e-01,8.019779921919918675e-02,7.586797499496633623e-01,-2.666883548798450881e-02,1.790358364869185648e-01,-4.083217397073395094e-02,-2.630180469221786166e-01,4.765363452831942320e-02,-8.747736242213331737e-02,9.059871658735144107e-02,-6.974578143136676844e-02,-2.274717505196587608e-01,-2.104882220944853388e-01,1.527202150294720007e-01,6.138523483289973770e-01,-1.349582044664823788e-02,6.215710086375035581e-02,-3.896060170456189936e-02,3.094139813764593683e-01,-3.979118153476650099e-01,3.038898703877581098e-01,-2.610771045979557448e-01,-3.767548613711437042e-03,-1.181031231631515660e-01,-2.711246920639731606e-01,-2.507204101730537427e-01,1.474698563967797860e-01,-2.947011378149865801e-01,-1.954385518419421708e-01,2.380068057682186711e-01,-2.398998769683826915e-01,2.886920505952143001e-01,1.698760877757884424e-01,4.103345938773698132e-01,1.922309667038760855e-02,7.615941559557648510e-01,9.906583108454951325e-02,2.133636133629185083e-01,-3.046661103173469581e-02,-3.982763939935266562e-01,2.035181159868509337e-01,-1.572656174627804770e-01,1.123756564970372768e-01,-7.221199365014778493e-02,-3.155275415970079100e-01,-1.025950969016657527e-01,5.298195025013533593e-02,2.939242207823212771e-01,-1.715962049612655693e-02,-2.440542634502598437e-02,-7.094446340717584787e-02,6.026131376385564925e-02,-4.842242889946695161e-01,6.896140499143358360e-01,8.062099573673382757e-03,2.272482917109242551e-01,-1.437895929873428680e-01,-1.428872734206804440e-01,-1.860931724283641231e-01,-9.033386458240964811e-02,-3.725226864411826377e-01,-1.505349249666015354e-01,7.732060952186910197e-02,-3.477063169590136060e-02,-6.776580727848051378e-02,-2.785376849377498298e-01,-5.738391560300984233e-03,-1.382307647965317632e-01,-3.277252655418660954e-01,-1.826783923283696598e-01,-4.009853199782292266e-01,1.261252687195179023e-01,2.486084212600589427e-02,-3.341069942735420129e-01,-3.578064556664573570e-01
1.132160349327966664e-01,-2.502587048382736712e-01,1.289737229923556827e-01,5.865415711129801091e-02,3.085603915108575124e-01,1.840509790736355733e-01,1.945078955452135272e-01,8.244121174734574120e-02,2.141240780323975523e-01,-1.260791870537139869e-01,1.209618597629802117e-01,9.337462774100084573e-02,3.768971443859511217e-01,-2.975320861843974707e-01,1.903203701231719752e-02,-2.066107979420057916e-01,1.139122861430814926e-01,-6.120865060671547286e-02,-2.147796211823966295e-01,-2.176266697611865461e-03,-2.516315340224388186e-01,-2.030083028273057810e-01,-1.339140454832856431e-01,-1.247215785367929153e-01,-1.565861439531450183e-01,-9.411706927790321198e-02,-1.521151732069558372e-02,3.619722072985690486e-01,-1.354257059336880509e-01,2.256562041880313951e-01,-1.958166574133697047e-01,2.941646708703428148e-01,-1.110526578989758789e-01,4.996294166333760667e-01,-1.970845831423064243e-01,1.654147131928050962e-01,8.590667692904523089e-02,3.310160599210053567e-01,4.659720925036496819e-01,4.556903490041807614e-01,1.516107128817857641e-01,3.303189831862282655e-01,-8.939663471495851513e-03,2.578294702975887365e-01,9.906583108454944386e-02,7.615941559557648510e-01,-4.573746750719712845e-02,-1.309195234899265814e-01,3.911176143669434571e-03,4.818339446630880984e-01,6.217919984070279654e-02,-3.775854475912978486e-02,2.485599373999136663e-02,-1.065788036360225260e-01,8.457055084190728822e-03,-3.040721966887323727e-02,-2.030366326342837591e-01,1.063411868107196415e-02,1.214353274733948052e-01,3.196900770990501739e-01,5.573155048738346329e-01,7.353744664042952128e-02,1.933799770795526507e-01,1.641954896359722471e-01,2.061700192973754953e-01,1.888344370624630425e-02,1.302183162508807612e-01,-1.766146421162903268e-01,-3.954856883243044186e-01,-1.435399806103091203e-01,-4.578746519082721456e-02,2.006512591487089048e-02,-8.452392333737041019e-02,6.484121523943867094e-02,-7.717668999246345141e-02,4.996289796957089496e-02,6.267787271740456190e-02,9.561963769692245849e-04,-6.668925957074892108e-02,-5.525730813355845400e-02,1.839319224858000645e-01,9.829821525294013540e-02,-1.201490566670045529e-01,-1.302591837825748389e-01
-3.081345268393406167e-01,-2.558424157970360935e-01,8.733268525680405736e-02,2.890317492877479411e-01,3.898254376943162125e-01,-2.041019923433263217e-01,-2.431192694244015962e-01,4.335729534609040758e-01,-1.706887742661002683e-01,-1.518847545838979129e-01,2.465673641725937004e-01,1.239315451509695049e-01,-3.125453417070838125e-01,6.772934452639519654e-01,1.928031102554228493e-01,-4.582417470262433179e-01,-3.160212394988132778e-01,-2.942654387241503411e-01,-1.417901445114485015e-01,-1.030813967700668493e-01,5.191834995600649177e-02,-2.708936297688933625e-01,4.212873701354825640e-01,4.577354115598035456e-02,-4.176907386252172727e-01,-3.413385764964216862e-01,-2.228015124815822812e-01,2.166208681274972569e-01,-4.881501685940357049e-01,-3.345669891269101304e-02,4.050292688271366764e-02,2.622901540848440738e-01,1.918306615473982513e-01,-1.672745024072719577e-01,-8.754911651831875918e-02,-8.886630512493473577e-02,2.509953259159329320e-01,3.934178515272688248e-01,1.498516410783675146e-01,4.434323841154011459e-02,7.034657432602925420e-01,-7.233508295620132145e-02,-1.062855880161538424e-01,3.349253028605154725e-01,2.133636133629185361e-01,-4.573746750719711457e-02,7.615941559557648510e-01,4.942598940020747483e-02,-2.176492783677758946e-01,-1.098553157821045984e-01,-2.695960883979228728e-01,-1.091816923763946207e-01,-1.409824674463957817e-01,1.354787563746314705e-01,-1.175183205669976388e-01,5.350381360824670862e-01,6.401196955023814861e-02,-3.689675114934393707e-01,-3.833778642065989728e-01,-1.201652775205165752e-01,2.405767798728961349e-01,-3.572023268199032153e-01,2.043847396822141560e-01,3.040141296048547437e-01,2.476029406628728891e-01,1.441547053903676767e-01,-1.497804579673669700e-01,1.973380585549840138e-01,-1.132291187124523785e-01,-9.755449166680921907e-03,-5.098923123521825057e-02,6.227464194437846157e-01,1.655255530151725774e-01,3.333304845861638777e-01,1.553690169115502506e-01,1.663205615753035882e-01,-2.431728559122904865e-01,2.108031188644746978e-01,-2.302053482343690005e-01,-7.007753366548367946e-02,-2.779358957974178979e-02,6.510654431846397694e-01,1.231928907759332059e-01,-7.525704854975305558e-02
-3.969329072242532702e-02,2.752529135314701891e-01,3.272639957326519133e-01,-3.034010266149153590e-01,-4.906994829400117275e-02,-1.928932506612827669e-01,-2.145554756436610089e-01,4.985877515412485972e-02,-2.818308976571009226e-03,1.322858531430300827e-02,2.142388742908054311e-01,-2.124865527130924067e-02,-1.061837928742795645e-01,-1.020683300481501632e-01,7.656862793250270860e-01,-3.225586009039882462e-03,1.039979261628302606e-02,-8.048542090914464001e-03,1.923408112503658951e-01,5.166343714547876331e-01,1.259196206224264813e-01,4.363725467575663708e-01,2.449927162642359102e-01,5.284311939118140067e-02,-1.455851133213694748e-01,6.356311947712904586e-02,4.843311626389474323e-01,1.835295356148421153e-01,2.846208908673831250e-01,2.193562124187664331e-01,-4.153475326161623626e-02,7.627085185327123207e-02,2.397807599420264113e-01,-1.508753933360608250e-02,2.696898272125251017e-01,1.657381177650746329e-01,-3.826198466691203004e-01,-1.411970280861576943e-01,-1.144335818062274619e-03,-1.167321163361663278e-01,-1.524333700980442519e-01,7.577658549547221234e-02,-3.625582706488676178e-03,7.010744363254824141e-02,-3.046661103173467847e-02,-1.309195234899266091e-01,4.942598940020744014e-02,7.615941559557648510e-01,1.959376333612764254e-01,-2.738575564021111797e-01,2.302588783866086133e-03,1.975834552406352806e-01,5.403750236729176759e-01,3.083935860013219399e-01,5.538504156561658842e-01,2.050326676335222365e-01,6.817359259615483891e-02,-1.739274085587244334e-01,2.183174267425007919e-01,7.570753664595188115e-02,8.452564112611893332e-02,2.457396761208519576e-01,-1.660439272064622163e-01,-5.387720991420385380e-02,1.196469711160029481e-01,2.342638299967605420e-01,1.788567326208987396e-01,-2.477854073112265576e-01,-6.986151532279821774e-02,2.024374990329901869e-01,-2.511202086702647995e-01,-2.431802365288485701e-01,-1.774098023981205141e-01,-1.992713746869357594e-01,4.942846323777126509e-03,-1.181571700818954546e-01,1.039833475172066285e-01,-1.131711251610481445e-01,-1.208254765043959428e-01,2.253874983949321620e-01,-1.522886802463831006e-02,-3.163851544878182320e-01,-1.719229239812084808e-01,-7.213271722812154840e-02
-2.523601734315796818e-01,5.495443066965910450e-01,-2.676661873654033463e-02,6.752796873416094803e-02,-2.849722777577503030e-01,-3.564763807102836468e-01,-2.422708794483530159e-01,-5.214254580711419340e-01,-2.716808326729355794e-01,-6.520194576443275047e-02,-2.965580302477459074e-01,-1.589968456968037513e-01,-9.411878290570876993e-02,-3.245963165465161060e-01,2.618697276496162463e-01,3.505855966134540092e-01,-1.294126585100651705e-01,1.940807634261484671e-01,-1.938894040461403290e-01,3.783486977356351200e-01,5.884727706808688674e-02,5.394974004166145365e-01,-2.440057127720083596e-01,-3.217132986063185318e-01,8.938134105581407862e-02,2.326017389663053575e-02,2.762634864553586977e-01,-1.809866772657805004e-02,3.930174095011138014e-01,-1.696025842324299093e-01,9.012533965327639528e-04,-1.440878120448449706e-01,2.857989794580713672e-01,2.362108597053344528e-01,5.740716757283781391e-01,-7.675732171781175783e-02,-6.580393912205939611e-02,-2.324525140379875843e-01,-1.808655022902347642e-01,1.420717873641114300e-02,-5.433713292498840719e-01,-2.588437117020667699e-01,1.771050642918896578e-01,-1.794792015169123789e-01,-3.982763939935266562e-01,3.911176143669448449e-03,-2.176492783677758669e-01,1.959376333612764531e-01,7.615941559557648510e-01,-2.063275041346784577e-01,7.274422076989460750e-01,-2.413362834928199641e-01,4.242433939703176837e-01,1.951225073558987833e-01,4.596976828848441943e-01,-1.061127185795135153e-01,1.234962043908960491e-03,3.083033838362353452e-01,5.567146414309709357e-01,8.097451467586908036e-02,8.845486642603555064e-03,7.523376875317395740e-01,-3.983851150114790518e-01,-2.827511710225220076e-01,-6.159352725469447593e-02,3.282588200191864369e-01,5.087248959514231034e-02,-3.019171654299089291e-01,1.247487415052619536e-01,4.574327494134210470e-01,-5.425505192405824517e-02,-2.254055840374473707e-01,2.427550485958775706e-01,-2.952383942278682949e-02,5.101262162230935093e-02,-1.850948762431915418e-01,-1.482418276076586106e-01,1.141745686091757139e-01,3.350398455260664154e-01,5.158027523515357204e-01,2.490577247762646163e-01,-1.181143671620498298e-01,2.260787680856548576e-01,4.289347683970173297e-01
1.282171131087979365e-01,-3.249557418060319836e-01,5.090788300826197890e-03,7.102215462679629943e-02,1.789759009651044064e-01,2.212763976986938941e-01,5.408922458779535924e-02,-3.056396375302116927e-02,2.422794758481304211e-01,2.262563723330766607e-01,1.680411697283031303e-01,1.860335739132586153e-01,2.602182910418115447e-01,-2.086859312664176846e-01,-1.536488061956760853e-01,3.792641807990245612e-02,6.064429168191175501e-01,2.413163526644705736e-01,-7.592062113216900554e-02,-1.226587655697920498e-01,-2.912365410388157438e-01,-1.970986157436709629e-01,-4.302948439971610028e-01,6.344401405468605253e-03,1.605068383099712837e-01,3.307906596189295889e-02,-2.554076925099231232e-01,2.406251427788144437e-01,-7.190039392411536057e-02,-3.389855278276881351e-02,-3.751460805474760019e-01,2.481415158602789661e-01,-1.266397246354575290e-01,2.892243006389620397e-01,-2.684068461537940098e-01,1.325029494927026409e-02,-2.698485877580778305e-02,1.338603763468541596e-01,3.603916532995552480e-01,5.297730754453135876e-02,-3.743500926470929441e-02,1.537536610748199417e-01,2.055784649225519678e-01,2.664152415029741316e-01,2.035181159868507950e-01,4.818339446630880429e-01,-1.098553157821045984e-01,-2.738575564021113462e-01,-2.063275041346784577e-01,7.615941559557648510e-01,2.487864850057012467e-01,5.530164488385186372e-02,-1.605171521686176439e-01,-1.844689587760603988e-01,-1.634213096268188059e-01,-4.129830815436819069e-01,-2.450159199171249857e-01,3.018980161590426037e-01,5.563590193302755949e-02,1.629846287926743631e-01,2.798822323584354010e-01,-2.523716993525722957e-02,2.122428059846769299e-01,-7.883737430437560978e-02,2.925829705128319969e-01,-1.880164318544123858e-01,3.831439873574320892e-02,-2.107059078627990523e-01,2.048306050827214397e-02,-1.689025382503061556e-01,-5.684421761513595850e-02,1.594325794651156591e-01,6.685094554476115995e-03,-1.327042387080837847e-02,-1.357408023339352898e-01,9.456404619278317714e-02,2.147011242993000779e-02,-1.653745530046902834e-01,2.242589121426564469e-01,-1.857563099686508346e-01,-8.265014858062375014e-02,1.240402095518601533e-01,-6.533937676532024230e-02,-2.665405970774338829e-01
1.278159826024851016e-02,3.413466495232264641e-01,6.482264353295694170e-02,9.722471241060461067e-02,-1.108253744833644500e-01,-2.702352697970642481e-01,-8.041548036789379628e-02,-3.768263138976284399e-01,-8.763496045437443871e-02,2.817773915766795811e-01,-6.697039844004248899e-02,8.239675898267717624e-02,6.671851204540722724e-02,-2.304174612966269353e-01,1.280235056623182932e-01,4.917158385236817808e-01,1.735735101701333383e-01,3.540085715091031426e-01,-9.987360060910559223e-02,3.141918965876247527e-01,-4.280737252466851328e-02,3.774278173838854777e-01,-3.782526132317955425e-01,-1.839606420015809651e-01,1.247321071843024293e-01,9.046626367916464628e-02,8.745661287181023813e-02,1.999848281611392442e-01,3.381464885052629654e-01,-2.396850306402893149e-01,-1.098782068081660852e-02,1.481190164341952440e-03,2.779079716064140060e-01,4.816539194144301983e-01,4.317047753914011743e-01,7.239526825208175698e-02,-8.262843897568120100e-02,-1.016177441650487068e-01,-1.378082585469369847e-01,-3.847401775759904524e-02,-4.260227267148143926e-01,-8.272525175699474431e-02,4.905792559761872895e-01,1.236640814218011308e-01,-1.572656174627805326e-01,6.217919984070282430e-02,-2.695960883979229283e-01,2.302588783866030622e-03,7.274422076989459640e-01,2.487864850057012467e-01,7.615941559557648510e-01,-9.833875154233447102e-02,2.055099545568903341e-01,-9.316992492761475356e-03,3.182359214152281068e-01,-2.588168501431625801e-01,7.753192485859819461e-02,2.857765654510640019e-01,4.556754188823792240e-01,1.934544395676143225e-01,2.160516078516548644e-01,5.436674802420861097e-01,-3.949345428917347411e-01,-2.671963598882515778e-01,1.795892779384373195e-01,2.927022819735649595e-01,1.066275551755157813e-01,-2.068317933123784147e-01,8.268543015867460544e-02,2.079807292145872677e-01,2.681079117539568457e-02,-1.958223415633844611e-01,1.739325320117714180e-01,3.493110071224968249e-02,-2.399235335327765811e-02,-9.668515435897741261e-02,-8.373314177315119289e-02,2.503066211753690248e-02,3.503720448815741961e-01,2.409474996458551010e-01,1.638501336548850440e-01,-1.017652803844668191e-01,2.802769029005859891e-01,2.987787632993841869e-01
2.973180691122729868e-01,-1.904367343307857008e-01,4.343932801144210210e-01,-3.157626248324337248e-01,-1.419345819235331152e-01,-4.864912775392168758e-03,7.490465157689900344e-02,1.664191009754719952e-01,2.954367536022364793e-01,1.716210080373311297e-01,5.548808378893118620e-01,1.498265902334479371e-01,2.421024826451309286e-01,2.439828561443769736e-02,1.267923797293024624e-01,1.220055552712457775e-01,4.122333650551953665e-01,3.216539997778620763e-01,9.240391510418629606e-01,4.753547647561476297e-02,-1.950089322223821919e-01,-7.444880047659459266e-02,-1.876501128079714198e-01,5.412689557568529930e-02,-1.472063787661097856e-01,2.771431267011121857e-01,-7.453152117672362520e-02,7.058574163284619951e-02,-9.612339650428014526e-02,3.835948336640542244e-01,5.663060437031325334e-02,-1.634329009022436052e-01,-2.007598664169125968e-01,-9.667680810761107579e-02,-4.013327525934580753e-01,5.527164524878479535e-01,-3.318200765961203391e-01,-1.735893686890758736e-01,-1.572858119290403978e-01,-7.300987381090753847e-02,-5.752486108725133468e-02,8.995703472766317099e-02,-6.458529293377896809e-03,3.802420313494040416e-01,1.123756564970372906e-01,-3.775854475912978486e-02,-1.091816923763946068e-01,1.975834552406353084e-01,-2.413362834928199641e-01,5.530164488385193311e-02,-9.833875154233441551e-02,7.615941559557648510e-01,2.265324490887223596e-01,-3.497274995295744371e-01,-3.505162005710512479e-02,-3.022548460305327089e-01,-1.375329441158112398e-01,-2.784698231802602009e-01,-1.673447880206418992e-02,-9.937997754513717974e-02,-9.795994414555427021e-02,-1.846867306141275478e-01,1.711463446141097966e-01,-1.837345834833737646e-01,-1.191541046743793131e-01,-2.358235485599204095e-01,1.781046469981433789e-01,-1.707547733351193198e-01,1.800812133763498094e-02,-3.378281663698675108e-01,-1.937825756185475312e-01,-8.933346654958375377e-02,-7.944846665344036662e-02,-6.333900230143470200e-02,2.664552229059292121e-01,-5.278974053777094055e-02,1.821171463414315017e-01,-1.598489693834599101e-01,-5.470475710470638908e-02,-4.272384462123023918e-01,-4.527032378112982869e-02,-3.450586682299665586e-01,-1.104717334110553034e-01,-1.419713303492518564e-01
-9.938972564878653659e-02,3.006755173222695476e-01,2.267873448643309975e-01,-1.455996708709214882e-01,-1.157310307995601806e-01,-1.519165143197837298e-01,-1.667826069061497662e-01,-2.665070706398189881e-01,7.668132653855766478e-02,1.137260592023732614e-01,1.225534346238111878e-03,-9.632366773028783191e-02,5.863769016993044397e-02,-2.749809953363998583e-01,2.360363312579961959e-01,1.686935610950943409e-01,9.777950958872426435e-02,1.389350092009679627e-01,2.456751898995044037e-01,6.229889440320206528e-01,-3.395562781331536856e-02,3.566292389296440435e-01,-1.030364237020353346e-01,-1.196427550824581965e-01,-6.925160498962300293e-02,-1.795610782282172982e-02,6.047785217420139636e-01,1.778954182252019123e-01,5.440666614205332818e-01,2.648104190363924637e-01,1.354582210919089147e-01,7.979773082562497538e-03,3.141096911579748796e-01,-1.262130788391498948e-01,2.951742747876966444e-01,2.165283750984029199e-01,-3.602196730218945597e-01,-2.772479345499032632e-01,3.825031884887591244e-02,5.021723736760674156e-02,-4.378558772217471806e-01,3.837969424720220207e-02,2.451239280680934940e-01,-1.182560860708550821e-01,-7.221199365014778493e-02,2.485599373999131112e-02,-1.409824674463957261e-01,5.403750236729176759e-01,4.242433939703176837e-01,-1.605171521686176161e-01,2.055099545568903341e-01,2.265324490887223041e-01,7.615941559557648510e-01,1.495763654700993373e-01,5.026614331676815262e-01,-8.032099274713157266e-02,-9.879174480807026426e-02,-3.772833909083961323e-02,2.806548491869663153e-01,2.603029595939549412e-01,1.068461539631616330e-01,5.815535404773747308e-01,4.333767257594470235e-02,1.751130073565209874e-02,-1.364179190176435970e-02,4.169857834418440046e-01,2.976603041419603191e-01,-2.699105031743790351e-01,7.392983214663977065e-02,2.996813378921889814e-01,-2.810005555237953256e-01,-2.971764191180219505e-01,-6.478568183455832297e-02,-1.170962456194422213e-01,-8.287283518209166006e-03,1.538042892216128811e-02,2.556943916882400622e-02,-5.649659718798026586e-02,1.003931172065542915e-01,3.839341129653542906e-01,1.245166203097608365e-01,-3.612689378403055041e-01,-1.048399870274086508e-02,1.335643222014931963e-01
-3.360882297193603652e-01,4.454385751479275624e-01,-3.488457898282356501e-02,2.653004337409460289e-01,1.179848317261900231e-01,-3.656531893355977614e-01,-2.599267031760787994e-01,9.822104202456675981e-02,-1.434743909788297467e-01,-1.823935762386823256e-01,-7.296129583176645672e-02,-3.127770838712608525e-01,-2.967035573647051061e-01,-5.485456196452975948e-03,3.363101080037263491e-01,-8.427051426174070325e-02,-2.746462801468487758e-01,-1.304146535473895419e-01,-3.358684477432135607e-01,-4.295392372494228478e-02,5.431631479402831975e-01,1.499647479945213999e-03,2.992243856709428385e-01,-2.256283243866569477e-01,-1.870185924296969282e-01,-2.612291594734231226e-01,-4.727912934207677276e-03,1.397582872955107913e-01,-1.109850860281145768e-01,-3.928329180691603750e-01,4.909361093064652792e-02,1.748717455561299705e-01,5.189826763313558633e-01,-4.059324677346443783e-02,4.470635304971796176e-01,6.349473367310669303e-02,3.295992417368062144e-01,5.226786179542566163e-02,-6.163747186387004418e-02,-5.264048729317902242e-02,-2.084909798270885399e-03,-3.392476320466029927e-02,1.770205838107173635e-02,1.210259602373906646e-02,-3.155275415970079100e-01,-1.065788036360224705e-01,1.354787563746314427e-01,3.083935860013219399e-01,1.951225073558987833e-01,-1.844689587760603988e-01,-9.316992492761447600e-03,-3.497274995295744371e-01,1.495763654700992817e-01,7.615941559557648510e-01,1.992881107215660197e-01,3.565183303268567583e-01,6.755807038148207988e-02,-5.798086804234046931e-02,-7.733776862764275839e-02,1.115333395767108410e-01,2.049943937557457685e-01,2.282021413576786617e-01,-4.271191145070278861e-01,-1.007785312228469399e-01,2.628213390771856894e-01,5.486413120870764493e-01,6.654838678219027193e-02,-1.596192049029567239e-01,-4.629223547384779536e-02,1.512346731691710522e-02,-8.568228474672119621e-02,1.025617788763621835e-01,3.002196305329150050e-01,9.356725866978160555e-02,1.566951981243191738e-01,-2.997689929321415425e-01,-1.227887543954156030e-01,5.663380562420804176e-02,-4.564769397180323818e-02,1.408583596103350766e-01,5.833958999444657095e-02,1.743694603476531324e-01,1.514777416243082153e-01,2.673193946388516817e-01
6.280643592160828348e-02,1.202631593523012798e-01,1.824356589519144645e-01,-2.055423787900152732e-01,-2.803047626649053936e-01,-2.378734853655770087e-01,-2.620118715867371106e-01,-2.469383193780536612e-01,-7.321299822851000394e-02,4.786972983166934426e-02,-1.457723934968704615e-01,3.256705380156592333e-02,-8.874634817378873608e-02,-3.060720433888658998e-01,5.548945046386054569e-01,1.062777775352554271e-01,5.655383322848448607e-02,2.008871375315922081e-01,3.552150215506761494e-02,7.593953109348499098e-01,6.506544062927455130e-02,5.780036527585024064e-01,-6.449057769310992394e-02,-5.604711373560589127e-02,-4.855916811042466225e-02,-4.024385239515455154e-02,9.880829219209813497e-02,2.592627403560389121e-01,3.795197881936959172e-01,1.318706303694061888e-01,5.201757568649001406e-02,-4.059573669131479046e-02,2.455017189030423430e-01,2.803789133237571396e-01,2.296914874764309500e-01,9.040135674630349338e-03,-2.828421351352934376e-01,-1.442371942481529279e-01,5.706139345722170686e-02,-1.323796961262239391e-01,-3.998732789242222530e-01,-9.370711808390379260e-02,7.396329789195899007e-02,-2.057136399394593196e-01,-1.025950969016657666e-01,8.457055084190742700e-03,-1.175183205669976944e-01,5.538504156561657732e-01,4.596976828848442498e-01,-1.634213096268188059e-01,3.182359214152282179e-01,-3.505162005710515255e-02,5.026614331676815262e-01,1.992881107215660197e-01,7.615941559557648510e-01,-2.833119052254993650e-02,1.075965485557759671e-01,8.313691292837686875e-02,3.849221361572353617e-01,1.018106141832183648e-01,1.985287174920343789e-01,4.850991705799088671e-01,-1.614266353511109031e-01,-1.923972341521341112e-01,7.662581188503338192e-02,3.130054348755556548e-01,1.149100158889533596e-01,-3.888251738083454701e-01,1.506964832077974104e-01,3.673098339955567782e-01,-1.832831167594829169e-01,-3.282043407367201127e-01,-1.167069048464492928e-02,-6.732338353723359148e-02,-1.743392996329799771e-01,6.202106517768770505e-02,-1.375953342515052746e-01,-1.095424230777834740e-01,3.227504076082356455e-01,4.473231847888416990e-01,1.017409633303256594e-01,-3.148085453132323797e-01,-2.201302201972427444e-02,3.229953823788789813e-01
-3.179693383394449624e-01,-9.559416923851013492e-02,2.529681080298892826e-01,1.154374191855950943e-01,1.687886546923358932e-01,-2.296383291012655536e-01,-1.952634503680299449e-01,3.408124223793987939e-01,-1.404459941365639175e-01,-2.255135669969676460e-01,2.962045996068735434e-02,3.529506891687227144e-02,-2.724148437681654933e-01,3.822044080388110610e-01,2.134237577337505798e-01,-4.124195351982485880e-01,-4.342395700568993933e-01,-3.151149336133227674e-01,-3.154721200279634874e-01,-2.123402356793674672e-01,2.527460467673660616e-01,-4.074871594528172714e-01,8.184556083233606172e-01,-1.337908014470362006e-01,-2.868076049185986354e-01,-4.217355015274408814e-01,-1.552002281757542956e-01,2.665954978240484552e-01,-4.246135184830545639e-01,-1.980967592729326876e-02,8.630248698170711608e-02,1.709109308156954998e-01,1.518077867140149306e-01,1.292923204741822270e-02,5.819855195594765551e-02,6.301261799143799414e-02,1.069675537337915483e-01,9.459469888806290583e-02,2.204688830222988061e-01,-7.090226444107677883e-02,4.156640447119251958e-01,-4.296862098068014030e-02,-2.560534819372262683e-01,4.084060600320869004e-03,5.298195025013533593e-02,-3.040721966887323727e-02,5.350381360824670862e-01,2.050326676335222087e-01,-1.061127185795135153e-01,-4.129830815436819069e-01,-2.588168501431626911e-01,-3.022548460305327089e-01,-8.032099274713162818e-02,3.565183303268567028e-01,-2.833119052254985323e-02,7.615941559557648510e-01,-6.687139217126010504e-02,-3.840050399642486734e-01,-3.471928578406074939e-01,-1.125221229291959307e-01,2.871244937305517109e-01,-1.880782864781257724e-01,-1.162273090196012104e-01,1.815101609857295017e-01,1.445358572883858606e-01,2.163463602042001721e-01,2.335630306615371632e-02,1.030073946103228499e-01,-2.945909275314945730e-01,-2.768543688487002385e-01,1.375853254697707384e-03,7.882698580785274522e-03,1.363823941174894527e-01,1.206903061138430849e-01,6.081857163687804171e-03,8.717958140079331859e-04,-1.356433315423306862e-01,1.160723415332228226e-01,-3.632858177750098450e-01,-2.409565055972066605e-01,-1.298511719328099556e-01,1.731838104871319395e-02,4.337039958248753435e-02,-7.218939892317835505e-02
5.781927608187938106e-02,3.484259531769646201e-01,2.097513588641224114e-01,1.165908245589333293e-02,-3.853978352044900441e-02,-9.818731919850874623e-02,-4.781440376620275240e-02,2.583710396183849234e-01,1.280538634993521330e-01,2.770372661389365332e-01,1.386310744240800974e-01,1.851030764466438383e-01,-1.654945289134696351e-01,1.494687360911358676e-01,1.397480331429602207e-01,6.518909383679077907e-02,-1.042324911561334222e-01,1.020730218942393630e-01,6.320897336134088246e-03,-7.184767383658453854e-02,1.462162405520750774e-01,8.131367213962406582e-02,1.188090585838002811e-01,7.177764974029504641e-01,1.253875976805104708e-01,3.772669013815316275e-01,-6.713617426084641810e-04,1.884038455929163414e-01,-1.935757361052914960e-01,3.550908242683492588e-01,1.668716400957312440e-01,-6.659883146992200131e-02,1.306735462616609722e-01,-1.462156344553744436e-01,1.835808392433388170e-01,8.422817400179166691e-02,3.462402778674333187e-02,-3.791449297098083149e-02,-1.940727724473697846e-01,-2.357943033006350553e-01,1.077135981718642388e-01,1.265895287263102131e-01,2.634944237126262689e-01,1.051185935770511254e-01,2.939242207823212216e-01,-2.030366326342837313e-01,6.401196955023813473e-02,6.817359259615482503e-02,1.234962043908918857e-03,-2.450159199171250413e-01,7.753192485859822236e-02,-1.375329441158112398e-01,-9.879174480807030589e-02,6.755807038148206600e-02,1.075965485557759532e-01,-6.687139217126002178e-02,7.615941559557648510e-01,3.086075959454907466e-02,3.354964039678605681e-01,-2.751221737338811479e-01,2.771736992658614326e-02,-2.553296021978448960e-01,2.766341135700514653e-01,8.535302270069129726e-02,1.872949957978410074e-01,3.763187346026448249e-02,1.035251721466006053e-01,-1.179697447251382425e-01,7.135812187737713974e-02,1.681515919241351534e-02,1.300750909270576572e-01,5.904057914628136478e-02,-6.379397418369406325e-02,2.336371226653534972e-01,1.617575219809606890e-01,-3.985701117362968476e-02,2.079170234456942101e-01,-3.163337644318768849e-01,-4.274907247631441060e-02,-1.210062179724061965e-01,2.001552042828490599e-02,-4.164800638328026473e-03,-2.488405327220927499e-01,1.963839076708107090e-01
-1.632063946067900673e-01,2.576064865411357152e-01,-2.186405516879805777e-01,-1.474024893576165174e-01,-5.107383955012297916e-01,5.615356946684366135e-02,-1.076434665609100755e-01,-3.808369358233932855e-01,-1.881944150705261720e-01,4.692444954980289074e-02,-4.181384480663644099e-01,2.435331205394705156e-01,-4.834411083620340083e-02,-4.294704353673781672e-01,-1.854410473256331779e-02,3.000426560827259004e-01,1.365357662446114451e-01,1.317287374013112189e-01,-2.390010914161074251e-01,2.773805894640366324e-02,-1.642471718072807674e-02,1.697623471123188843e-01,-4.498935284503419174e-01,3.324499608785441707e-02,6.221268114950803119e-01,1.449367559620994093e-03,-1.779691722821727731e-02,-2.381006140144418387e-02,3.489189558768072685e-01,-2.463027527977698361e-01,-2.751941392798461505e-01,1.482122478881873207e-01,-5.378424916972051467e-02,7.963344462139312907e-02,1.505047159277721480e-01,-1.800047327451669843e-01,-1.559838808507574559e-01,-3.982984796493779234e-01,9.736767461998659112e-02,-3.118865762777284223e-01,-4.931869392441933231e-01,-4.062980162250028338e-01,1.111666051485729056e-01,-5.102912551476646019e-01,-1.715962049612657081e-02,1.063411868107204741e-02,-3.689675114934393707e-01,-1.739274085587244056e-01,3.083033838362352341e-01,3.018980161590426037e-01,2.857765654510640019e-01,-2.784698231802601454e-01,-3.772833909083961323e-02,-5.798086804234042768e-02,8.313691292837684099e-02,-3.840050399642486179e-01,3.086075959454907466e-02,7.615941559557648510e-01,3.806216693580952715e-01,9.813731156028145108e-02,-1.857744377033568317e-02,3.435018333866305396e-01,-1.054148601781415562e-01,-2.134426323525244473e-01,-9.623923644083189066e-03,6.984342293639039453e-03,-2.542956456676149779e-01,-2.989056961503079868e-01,2.041554478917659843e-01,1.506708939993293972e-01,-7.425109452182525327e-02,-2.659712209841146313e-01,-8.077562507967286920e-02,1.906714131610401930e-01,-3.132360916190311539e-01,-3.449923146003684715e-02,-3.505369159178248206e-01,-1.661800692793305445e-01,1.858339638886606360e-01,1.634844867502479593e-01,-4.041140846614486859e-02,-1.572236704129491569e-01,8.451936163493295462e-03,3.268422506184023857e-01
-2.631551039772244902e-02,4.652871158552405739e-01,4.249837636205187202e-02,-2.066964037410728705e-01,-3.150600114470247237e-01,-2.540304168712266275e-01,-1.277279469652009003e-01,-4.368324817132760995e-01,6.845879422309220606e-03,1.384731594371924612e-01,-4.812480672060275716e-02,-7.683621819901340078e-02,7.735540683481821611e-02,-4.659110067710254821e-01,2.865247889584549568e-01,4.046105247967954344e-01,1.848731139662287970e-01,2.607373334675882615e-01,1.273100450226122976e-02,2.181243226019541348e-01,-1.320976829198798885e-01,3.942617745096039239e-01,-3.904866666214074633e-01,1.327052813944867293e-01,1.092501970378178255e-01,3.958427242631403775e-01,2.188967878836876046e-01,1.490176850090020322e-01,2.614836076701577139e-01,1.339212046285493951e-01,-5.382005487434309531e-03,1.160423409206767648e-01,4.404698160394655143e-02,2.377788976554277012e-01,2.140816820949708044e-01,7.133164196332913987e-02,-1.524003732575116843e-01,-2.934364324723663375e-01,-1.369318609117426699e-01,-2.114862215305836068e-01,-5.496401569430788836e-01,-1.342023843433853558e-01,2.504897591910953403e-01,-2.552984200083642796e-01,-2.440542634502603989e-02,1.214353274733948745e-01,-3.833778642065989728e-01,2.183174267425007642e-01,5.567146414309709357e-01,5.563590193302757336e-02,4.556754188823792240e-01,-1.673447880206418992e-02,2.806548491869663153e-01,-7.733776862764275839e-02,3.849221361572354172e-01,-3.471928578406076049e-01,3.354964039678604570e-01,3.806216693580953270e-01,7.615941559557648510e-01,-1.452003329709364854e-01,2.506056816163460335e-02,3.816174371593834547e-01,-9.704448097991232036e-02,-2.312687854281866018e-01,3.948197106926935873e-02,4.032184210715687028e-02,1.643240596658351316e-01,-4.223562787254640516e-01,1.483622913698373624e-01,1.898999918355070704e-01,1.210371508994176337e-02,-4.362053696318010099e-01,-2.215160710647018083e-01,4.758107182752893682e-02,-1.662836844760728211e-02,-5.586979814905070757e-02,-5.969325125044348812e-02,-2.582652551918758754e-01,1.595513895610072008e-01,1.970110367851268529e-01,2.681708242174710155e-02,-3.049551550046243342e-01,-1.644528351994990478e-01,1.536912220161254783e-01
2.294972430258154783e-02,-1.390752141313975065e-01,1.147316189462894709e-01,1.819065185330324963e-01,1.818643699038274830e-01,-2.039936990451907475e-02,2.839698718997654137e-01,-3.888204462129274952e-01,2.334482588102791134e-01,2.162735444457085376e-01,-1.117678992014344147e-01,2.205764463142859122e-02,1.581742545056821492e-01,-3.259340653594243742e-01,1.025423562341002542e-01,5.837673689934959331e-02,7.557576153023339016e-02,9.478376960372479620e-02,-1.284979412580574687e-01,6.830226629657734638e-02,-4.237363640464205522e-02,-4.537663055459446870e-03,-2.360985568430184756e-01,-3.446258836405096115e-01,-8.206209893760145480e-02,-3.661986747466909886e-01,5.148259766313669772e-01,1.440456215511581872e-01,4.029283226221419545e-01,4.285635895952430441e-02,1.259506627712829174e-01,-5.600267166742775755e-03,3.042094188732343690e-02,1.116045119411255421e-01,9.537730547597131348e-02,1.906382701888193754e-01,-3.921329614668297991e-02,2.897059868646406286e-02,2.421092528310414271e-01,4.025741010465366809e-01,-3.722646304954211893e-01,1.900328635775485331e-01,2.947720689541916128e-01,-5.209362632982515728e-02,-7.094446340717586175e-02,3.196900770990501739e-01,-1.201652775205165752e-01,7.570753664595190890e-02,8.097451467586891383e-02,1.629846287926743076e-01,1.934544395676143780e-01,-9.937997754513715198e-02,2.603029595939549412e-01,1.115333395767108410e-01,1.018106141832184203e-01,-1.125221229291961111e-01,-2.751221737338811479e-01,9.813731156028145108e-02,-1.452003329709364299e-01,7.615941559557648510e-01,1.994692653459851639e-01,4.477172929007759428e-01,-6.820617639458542714e-02,8.344961864806595131e-02,-1.643623106552488944e-01,4.635630354846454479e-04,6.833331221437574654e-02,-2.666035185943103070e-01,3.522831713108530438e-02,-7.986941215972249986e-02,-3.475306035788650050e-01,-1.813605694213571429e-01,3.044079331897096147e-02,-1.159778468267250034e-01,-2.198428616876846320e-01,2.275485025968418742e-02,-2.053970357797306745e-01,1.880717834628158752e-02,1.566903366292183575e-01,9.538512501821067024e-02,-1.007290950929210088e-01,-2.601467575572471436e-01,7.007027298998894094e-02,2.140136775205143671e-01
6.102193527696558178e-02,-6.996553899997490569e-03,1.896930656639919943e-01,1.847554740457944544e-01,2.624745050617573461e-01,1.286885879819695266e-01,2.567567672396887102e-01,3.088794725421861176e-01,6.995222306022792769e-02,1.842867502836784133e-02,1.304280998626314581e-01,1.681322940131917132e-01,2.323803093072147885e-01,1.076397290482750124e-01,2.343140891378169000e-01,-7.370165344552917497e-02,4.107770900981676243e-02,2.328804185922422887e-01,-1.466333563529967632e-01,1.918365370264226710e-01,1.248440557783753596e-01,3.182402594386708056e-02,2.174530996654553960e-01,2.708968675372101960e-03,-6.657123523386961061e-02,-7.579892158184992068e-02,-4.993782108234229300e-02,6.394705859888150101e-01,5.360960503694597173e-02,3.409467119815875469e-01,1.409566003610143170e-01,4.435407377431809239e-01,3.167716828948363705e-01,2.057528262345047210e-01,-3.380926298917113527e-03,1.153696856649250174e-01,1.426674474489305067e-01,3.915200314151448535e-01,4.336968024378746733e-01,2.619356604474181727e-01,3.068737863513928410e-01,1.532729096353238341e-01,1.119425030843353847e-01,2.855082204259877798e-01,6.026131376385566313e-02,5.573155048738346329e-01,2.405767798728962459e-01,8.452564112611896108e-02,8.845486642603568941e-03,2.798822323584354010e-01,2.160516078516548366e-01,-9.795994414555429797e-02,1.068461539631616330e-01,2.049943937557458240e-01,1.985287174920343789e-01,2.871244937305517109e-01,2.771736992658606000e-02,-1.857744377033572480e-02,2.506056816163460335e-02,1.994692653459851639e-01,7.615941559557648510e-01,4.881451990112362777e-02,1.731083913869649327e-01,2.430147270211267807e-02,5.018443336615995287e-01,3.803045794104244481e-01,1.609695308266944624e-01,-2.017261187320227439e-02,-2.406850237220298783e-01,9.023635407566429900e-02,-1.213742552284245296e-01,2.171928026948713730e-01,1.837199262154352863e-01,2.253499867606208462e-01,2.051601454723317730e-01,1.203994685577985113e-01,1.678049930678434387e-01,3.100286488168213853e-02,-9.175647073056114600e-02,1.266898036708658526e-01,1.110590584411360604e-01,2.988019976613252582e-01,2.818349319935270492e-01,1.081474977880809152e-01
-1.797798840320555813e-01,2.938841909516121675e-01,-1.856912421939656971e-02,1.055813442751277337e-01,-2.366620949958074260e-01,-2.322194052723507429e-01,-1.108075125345726747e-01,-5.941995117809053539e-01,-2.100519802672897174e-01,-8.405076438136109551e-02,-2.958862181495349741e-01,-2.335928506518263892e-01,3.946377935311302237e-02,-5.380607372018691992e-01,1.958256575845587488e-01,3.880515197092586077e-01,-1.722434997206785797e-03,1.831245137801744138e-01,-1.755269485889104364e-01,4.312951749563018744e-01,3.586562580431203184e-02,4.788371883768932080e-01,-2.862844834214658407e-01,-4.551336372869277946e-01,3.798505840603663697e-02,-1.202297810031566494e-01,4.670914338305602320e-01,-1.437652051323362948e-02,5.805527153357374903e-01,-2.281703916398929166e-01,-2.022502360787399936e-02,-1.514368824116416913e-02,1.717407425344008864e-01,2.597788680244652038e-01,3.346560676511349808e-01,-2.152772353951103862e-02,-9.999594762320988817e-02,-2.927527256663041144e-01,2.795949322382194902e-02,7.475293611932327942e-02,-6.232166271514905098e-01,-2.475817230249190981e-01,2.188897759774114105e-01,-2.617760997965663528e-01,-4.842242889946695716e-01,7.353744664042960455e-02,-3.572023268199032708e-01,2.457396761208520131e-01,7.523376875317395740e-01,-2.523716993525721569e-02,5.436674802420859987e-01,-1.846867306141274923e-01,5.815535404773746198e-01,2.282021413576786895e-01,4.850991705799089782e-01,-1.880782864781257169e-01,-2.553296021978448960e-01,3.435018333866304285e-01,3.816174371593834547e-01,4.477172929007759428e-01,4.881451990112364164e-02,7.615941559557648510e-01,-4.270730500895297821e-01,-1.643147123979732394e-01,-1.509527406885786405e-01,1.979222153492820324e-01,6.196738207676231319e-02,-3.855193093157514017e-01,2.554548567480009053e-02,1.881881583405383418e-01,-1.522019093082183083e-01,-3.833518023666497299e-01,6.490003949421983831e-02,-1.525867193557823853e-01,-6.416726344837160589e-02,-2.025989990299393584e-01,-2.036729990897896136e-01,-3.439168451381847263e-02,2.211049055918876127e-01,3.545571225147930439e-01,1.370145912501181396e-01,-2.981749733767866672e-01,3.349164186250887243e-02,3.335185479157664057e-01
1.805249078715884595e-02,-2.669027262777793896e-01,3.897038739535543805e-01,-5.482402130712828864e-02,1.657589943820893807e-01,4.306384772126452543e-01,5.996765823111848553e-02,3.368034965889524779e-01,3.807830982785357365e-01,2.908938823704596555e-01,2.462214319069812585e-01,4.815491968025126801e-01,1.930860134710722098e-01,1.809513510700126726e-01,-3.449529907754783631e-02,-2.974001033759706702e-01,6.336574816499900009e-02,-1.253612998226040498e-01,1.528507215841452549e-01,-9.627724007371951664e-02,-2.299610873203479233e-01,-2.928780198537563328e-01,5.662705502085439713e-03,4.685118687811377081e-01,1.107174410587202784e-01,-5.858955603363315799e-03,2.406430510684208143e-02,2.891430506806238476e-01,-3.582166051844171695e-01,6.357979670545592654e-01,-2.325105360145333089e-01,2.099718531048099801e-01,-1.787458880422141128e-01,-1.752047203504314699e-01,-3.047482581608974561e-01,3.169596369857323181e-01,-1.219935196930049537e-01,1.299451914407236675e-01,3.069564023947189413e-01,-6.496208362371076739e-02,2.340259447453119646e-01,3.578189416894868580e-01,2.106806259233272305e-01,1.232725971981398078e-01,6.896140499143357250e-01,1.933799770795527062e-01,2.043847396822141560e-01,-1.660439272064622718e-01,-3.983851150114790518e-01,2.122428059846769299e-01,-3.949345428917346856e-01,1.711463446141097411e-01,4.333767257594468847e-02,-4.271191145070278861e-01,-1.614266353511109031e-01,-1.162273090196012382e-01,2.766341135700514653e-01,-1.054148601781415839e-01,-9.704448097991240363e-02,-6.820617639458545489e-02,1.731083913869649327e-01,-4.270730500895298376e-01,7.615941559557648510e-01,1.762160013349573229e-01,1.417421823072349540e-01,-2.750943715453247340e-01,-1.089694113162512634e-01,-2.805014906852854040e-01,-2.420727844494738323e-01,-2.006990596626356538e-01,-7.792893098182128442e-02,1.672312829151197666e-01,-1.549263836046051723e-01,4.420417867596308087e-02,-3.684818531359466270e-02,1.457959894009305535e-01,3.796568523829828290e-02,-3.247231990519908740e-01,-1.244452131677820234e-01,-2.245743618517939133e-01,1.629980375065286646e-01,8.904992151155852187e-02,-3.045321582433123120e-01,-2.728254667339731765e-01
-2.489821579611035673e-01,-2.379055271269689409e-01,-4.067203958859547802e-02,1.296209268394852288e-01,3.791525204700549878e-01,-1.575923132963995277e-01,1.369614821434359808e-01,1.829154483031318612e-01,9.805997027628719775e-02,-8.873645932689180893e-02,-1.236849694968695720e-02,-2.330056780172805320e-03,-3.721062239822513218e-02,1.949226340893355780e-01,-9.394620250115595650e-02,-3.924506764507468826e-01,-2.766718872995563294e-01,-3.946960212322864758e-01,-2.292630787942397386e-01,6.039650497355402575e-02,-1.762549845100552792e-01,-2.078916359503632239e-01,1.305203778520740154e-02,-6.715368575771586690e-02,-4.173877467888797432e-01,-2.481320362732562790e-01,1.362668279598361898e-01,-8.823020593939075867e-03,-2.654370059919191061e-01,-2.352314082403678119e-02,4.219595642851608347e-02,1.828389079323309852e-01,-2.063876766619931191e-01,-8.671598747664961693e-02,-1.789616682944593640e-01,-8.346075568705875469e-02,1.715822335430882417e-01,1.775862374243366293e-01,8.197516286723931234e-02,2.924597742373148401e-01,3.617432196745242745e-01,1.643024674030245658e-01,1.780997863612835130e-01,4.488722025526402370e-02,8.062099573673438269e-03,1.641954896359723026e-01,3.040141296048547992e-01,-5.387720991420382605e-02,-2.827511710225219521e-01,-7.883737430437560978e-02,-2.671963598882515223e-01,-1.837345834833737090e-01,1.751130073565211262e-02,-1.007785312228469121e-01,-1.923972341521340834e-01,1.815101609857295017e-01,8.535302270069129726e-02,-2.134426323525244473e-01,-2.312687854281866018e-01,8.344961864806595131e-02,2.430147270211271970e-02,-1.643147123979732394e-01,1.762160013349572951e-01,7.615941559557648510e-01,-4.877745570395845137e-02,-9.650946864999118691e-02,2.292541665934107187e-02,-1.740635891174140693e-01,-2.232301377177252355e-01,-2.718028943808600828e-01,1.043105863971068373e-02,2.498702738547705360e-01,-6.036653377269741994e-02,-1.934977954327197214e-01,4.450398566046914750e-02,-6.400624971323749801e-02,-2.112443616604342891e-02,4.002198692650979495e-02,-2.471360793108915432e-01,-1.337464428840008657e-01,1.435904225096683307e-01,3.757971691061079977e-01,-2.690225118844505880e-01,-3.725167205620827926e-01
6.478466576583926002e-03,-1.678178133235471575e-02,5.040744548647978912e-02,-1.484225017782617650e-03,3.691858217990380553e-02,2.064031664777465219e-02,-9.116246955316738287e-02,2.267480064709901932e-01,-8.823241228532145708e-02,-1.133772879813240396e-03,-5.956621241211610546e-02,1.985282472160625755e-01,9.097749537643880224e-02,6.176448066473944586e-03,5.771210695918607692e-02,-2.050065788707310377e-01,1.212357574454458464e-01,5.057624128406803393e-02,-1.174541915673280035e-01,8.359387762992394333e-02,1.368467336139527202e-01,-7.900247424360224910e-03,7.876893185749778148e-02,1.020779120456260791e-01,-1.243883416028878502e-01,-1.052461827822504248e-01,-1.784049658379786574e-01,5.703778489891935255e-01,-1.402290799102072494e-01,2.346501078350624048e-01,-1.911902016642753610e-01,4.621111262539698283e-01,2.631430293040512569e-01,-7.832356920542758727e-02,4.382918947793977560e-02,-2.025818733791411586e-01,4.334855961527540880e-02,-4.267317552279508569e-02,1.982094855484663465e-01,-6.633340053785799495e-02,2.424588474831302631e-01,-8.309946227429283738e-02,1.890719108016412353e-01,7.777929984845902145e-02,2.272482917109242828e-01,2.061700192973754953e-01,2.476029406628728891e-01,1.196469711160029203e-01,-6.159352725469448980e-02,2.925829705128319969e-01,1.795892779384373195e-01,-1.191541046743793131e-01,-1.364179190176438572e-02,2.628213390771856894e-01,7.662581188503342355e-02,1.445358572883858328e-01,1.872949957978410074e-01,-9.623923644083133555e-03,3.948197106926935873e-02,-1.643623106552488944e-01,5.018443336615994177e-01,-1.509527406885786682e-01,1.417421823072349263e-01,-4.877745570395845137e-02,7.615941559557648510e-01,3.889905870236811669e-01,3.210592451887362558e-02,-1.315511086083147596e-01,-3.234572972582261396e-02,1.631374005530176197e-01,-2.299042833417969944e-01,2.365817210269333393e-01,1.680645826974529744e-01,1.922104813227991371e-01,1.712289684889475028e-01,1.416895270597603451e-01,3.635434681910541810e-02,-3.973820519505669863e-02,4.073484491220175086e-02,2.352936089723469126e-01,7.105041611408600966e-02,2.066210984737076317e-01,2.607127094641603082e-01,1.128937000625818560e-01
-3.130107316386186445e-01,3.771605231707257921e-01,6.008920083601839573e-02,1.440583031575044526e-01,1.181081448769362857e-01,-3.663758366862685523e-01,-2.740169351681284171e-01,-5.031906443506822466e-03,-4.329430269558159211e-02,-9.637594076058120240e-02,-1.172697441373817956e-01,4.990875583032404125e-03,-2.008235629803699074e-01,1.056666806088749078e-01,2.551176729422601208e-01,-6.611270050506190543e-02,-1.896943623690303948e-01,-9.820469212141905158e-02,-2.331379044914298482e-01,3.679518482397491352e-01,3.330609522152017110e-01,2.290419998161603576e-01,1.015071442779171551e-01,-1.671679234556692761e-01,-2.210224536099741621e-01,-2.464059502944346558e-01,8.818462778672199465e-02,3.078438928244952022e-01,2.125892460689358075e-03,2.386706887274804567e-02,1.672077289796369270e-01,3.379669477792512366e-01,7.848074133553750720e-01,-1.779982570326369973e-01,4.727186678042847312e-01,1.123779385345839710e-01,6.149026284573796269e-02,1.046746247907378996e-01,-3.526928203388750988e-02,8.777814861177184180e-02,-3.353102511545313913e-02,7.111546295402908224e-02,1.578692162096491103e-01,1.047968836908755030e-01,-1.437895929873428402e-01,1.888344370624630425e-02,1.441547053903676490e-01,2.342638299967604865e-01,3.282588200191866590e-01,-1.880164318544123858e-01,2.927022819735649595e-01,-2.358235485599204095e-01,4.169857834418440046e-01,5.486413120870764493e-01,3.130054348755556548e-01,2.163463602042001721e-01,3.763187346026449637e-02,6.984342293639046392e-03,4.032184210715680783e-02,4.635630354845899368e-04,3.803045794104245592e-01,1.979222153492819214e-01,-2.750943715453247895e-01,-9.650946864999122854e-02,3.889905870236811669e-01,7.615941559557648510e-01,6.302750881736718380e-02,-3.397657234134986159e-02,2.744376714959522595e-02,3.310272432744284510e-01,-3.501298339583370223e-01,1.608812690031079240e-01,3.233825537361850744e-01,1.249017292773263732e-01,3.471911885113071472e-01,-8.387660496330960613e-02,-1.243103460750605294e-01,3.027157184841874904e-01,1.030898973015109271e-01,4.613123051847791700e-01,2.018654442925336412e-01,2.248968157240293086e-01,4.047643279611203293e-01,4.582134750554150426e-01
2.555471241042469033e-01,-1.944752976604847972e-01,3.654459614677582624e-02,1.263619320789841904e-01,1.660402379592035016e-01,-4.009970750265839934e-02,1.589852014464618046e-01,1.135796444191622678e-01,1.404168578108382637e-01,-2.559087647307262819e-02,3.449464360959646481e-01,-1.791016719801341583e-01,3.714178645900220732e-01,-1.006127628552804798e-01,2.738532968586640526e-01,1.007904432189462018e-01,2.595360625762957452e-01,2.183116624110899018e-01,8.070365459541045672e-02,1.652173212059258600e-01,1.062918270025242085e-01,2.757710634478634584e-02,4.580462202252806592e-02,-6.851961011876546437e-02,-2.372706596193482065e-01,1.153652797406179847e-01,4.347052529670537846e-02,1.313979233259212342e-01,-3.985504232549487436e-02,9.460684054753160099e-02,-1.050401453470309887e-01,6.088512910913518317e-02,-8.929495755065962326e-02,1.925748234844967266e-01,-1.462393714238352238e-01,3.446220561397351778e-01,3.234137041467924356e-02,3.952732518882394463e-02,-8.886314152493959492e-03,1.383374426003159408e-01,7.128482972373639814e-02,1.704547299621531065e-01,7.087730533591234117e-02,2.943268545494296395e-01,-1.428872734206804440e-01,1.302183162508808167e-01,-1.497804579673669145e-01,1.788567326208986841e-01,5.087248959514233809e-02,3.831439873574323668e-02,1.066275551755157536e-01,1.781046469981433789e-01,2.976603041419603191e-01,6.654838678219016090e-02,1.149100158889533457e-01,2.335630306615371632e-02,1.035251721466006192e-01,-2.542956456676149224e-01,1.643240596658351593e-01,6.833331221437573266e-02,1.609695308266944624e-01,6.196738207676228544e-02,-1.089694113162513328e-01,2.292541665934114820e-02,3.210592451887362558e-02,6.302750881736714217e-02,7.615941559557648510e-01,-1.693706268320739339e-01,8.130978822879307566e-02,-9.658791015916778910e-02,3.162682750985607028e-01,9.697299518549444206e-03,-1.643454363640179106e-01,8.601424949883115789e-02,4.585582634824413861e-01,1.133160428395389580e-01,6.671435351109978873e-01,-1.116182033025432674e-01,3.852644860872007481e-03,-1.125019085608406841e-02,1.944684084842097926e-01,-1.465783731375401022e-01,-3.638965632084226881e-02,-1.279954361830586973e-01
-4.567526753442581466e-02,-1.975623124566334710e-01,-1.225450728079511414e-01,6.918569994017577385e-02,2.127357468139098873e-02,-3.268575873566069434e-02,-1.232303610205687655e-01,1.730694041671911043e-01,-2.317066708368007710e-01,-2.592731842893746808e-01,5.713157736883860832e-02,-1.753698402576824023e-01,-1.485953729333080453e-01,2.705426893560289314e-01,-1.109066045822134222e-01,-5.195329352685565394e-02,-2.406741414460123740e-01,-1.840527370573751542e-01,-1.951973096440318689e-01,-3.459184564828907682e-01,-1.547706443158001488e-01,-3.449725653894031852e-01,1.563479214292982367e-01,-1.202865382790703208e-01,-2.623396230724948097e-01,-6.616525451789014023e-02,-3.275252967192213149e-01,-1.185006570146691085e-01,-2.701801082567425460e-01,-1.904530418069606268e-01,1.714768893819612061e-01,3.849000268988149454e-02,-7.701544784344880983e-04,-2.017960829051350102e-01,-8.896958186730007101e-02,-3.833394330323681293e-02,1.006246079723934067e-01,7.295756055677411756e-02,-2.285382067828189978e-02,-7.748843237746183901e-03,1.639704683141097463e-01,-1.980382435115551343e-01,-2.202975557370127069e-01,-6.241732850684174327e-02,-1.860931724283641508e-01,-1.766146421162903268e-01,1.973380585549840138e-01,-2.477854073112266131e-01,-3.019171654299089846e-01,-2.107059078627990523e-01,-2.068317933123784425e-01,-1.707547733351192365e-01,-2.699105031743790351e-01,-1.596192049029567239e-01,-3.888251738083454145e-01,1.030073946103228499e-01,-1.179697447251382009e-01,-2.989056961503079868e-01,-4.223562787254642181e-01,-2.666035185943103070e-01,-2.017261187320227439e-02,-3.855193093157514017e-01,-2.805014906852854040e-01,-1.740635891174141248e-01,-1.315511086083147874e-01,-3.397657234134988935e-02,-1.693706268320739061e-01,7.615941559557648510e-01,3.396910967773586476e-02,-7.346064201761288992e-02,-6.340010085003476570e-02,2.688163526482408860e-01,-1.076976944276319403e-01,2.024072677147432664e-01,3.944129138580740324e-01,1.014382197674504500e-02,2.897859749816673880e-02,5.163054414817888071e-01,-3.295200823880973379e-02,3.090577909280727356e-02,-9.997954361138652879e-02,1.601283634372322739e-01,3.809633132799446903e-02,6.915561185851698545e-02
-5.340791108430673756e-02,3.497044911600854511e-01,-1.554867903391669859e-01,-8.173371612159829880e-02,-2.749235971288367386e-01,-3.226937757390744843e-01,-2.802911630079378824e-01,-2.462911986834979416e-01,-4.981113373947065881e-02,1.857819333552818142e-01,-7.954124822556737917e-03,-1.620345643718788531e-01,-2.614649113837716476e-01,-1.289922113442898977e-01,-3.353314355172559713e-02,2.345105933200613002e-01,7.632669649916626331e-02,6.280057289439366919e-02,1.799500445073560009e-02,7.447154612001349872e-02,-1.331770999531908806e-01,2.071899349177578897e-01,-2.195461614602715605e-01,7.308814194383850271e-02,8.590199621858377044e-02,1.755997214661317585e-01,2.833128597187883901e-02,-1.932888917108842031e-01,5.693304198615874168e-02,-2.046765471916924817e-01,1.351715331386022512e-01,-2.227518031819085975e-01,1.087713208381286129e-01,-2.095297792970023110e-01,2.024211509916981899e-01,-5.281926824436605078e-02,-7.026292627299499105e-02,-2.162980927022791489e-01,-2.850263983827058811e-01,-1.229640227843256106e-01,-2.568148342507955428e-01,-1.599524718388091737e-01,1.328207934273580582e-01,-3.174460627800505808e-02,-9.033386458240962036e-02,-3.954856883243044186e-01,-1.132291187124523646e-01,-6.986151532279821774e-02,1.247487415052619258e-01,2.048306050827214397e-02,8.268543015867457768e-02,1.800812133763509196e-02,7.392983214663977065e-02,-4.629223547384776760e-02,1.506964832077974659e-01,-2.945909275314946840e-01,7.135812187737715362e-02,2.041554478917659565e-01,1.483622913698373624e-01,3.522831713108533214e-02,-2.406850237220298783e-01,2.554548567480010440e-02,-2.420727844494738046e-01,-2.232301377177252910e-01,-3.234572972582258621e-02,2.744376714959525371e-02,8.130978822879310342e-02,3.396910967773592027e-02,7.615941559557648510e-01,3.269108709080163488e-01,3.359220887808830880e-01,-1.458918982950787591e-01,-2.475575843461436665e-01,4.761359157085734428e-01,1.287361162436746753e-01,8.202514790979767434e-02,-2.715896712205509433e-02,7.537565922264452545e-02,5.598655204898919102e-01,2.294550866903718456e-01,1.144733105107733628e-01,-2.231669623184396323e-01,-2.433037216512337897e-01,4.978663773417905114e-01
-1.792220615513067938e-01,4.653467629337214584e-01,-2.926503348209937294e-01,-1.230692772922592632e-01,-2.746809080012698745e-01,-3.420506564227482893e-01,-3.148070756216607147e-01,-3.847524180871898514e-01,-2.692014597749337601e-01,-2.556572524269317137e-01,-2.402457806044952793e-01,-3.078518728564869078e-01,-2.434137857919946579e-01,-2.657321763365692591e-01,2.943469408006281207e-01,7.431743238889122749e-02,-2.209850853000462079e-01,1.733558308386487848e-02,-3.170708404105243017e-01,4.111908304711248130e-01,2.695483284928941459e-02,4.362078314072926344e-01,-2.953641527550304735e-01,-2.014206952500477432e-01,5.485949528977793199e-02,-2.940047698321020253e-02,1.687283833077267703e-01,-3.529634748265590011e-02,2.595678171076937213e-01,3.652116362149433054e-02,2.723998874148733304e-02,-1.374239160105660551e-01,3.164245224490030983e-01,-2.690527837560434746e-02,3.788493786668596375e-01,-3.434913581952587225e-01,-1.739100301256784817e-02,-8.766030160544380917e-03,-1.954175921508640168e-01,2.083682392477699194e-02,-4.196867157193661657e-01,-1.877317586520403092e-01,-5.313839252070389624e-02,-1.531537940283446697e-01,-3.725226864411826933e-01,-1.435399806103090647e-01,-9.755449166680880274e-03,2.024374990329901314e-01,4.574327494134211025e-01,-1.689025382503061556e-01,2.079807292145872955e-01,-3.378281663698675108e-01,2.996813378921889814e-01,1.512346731691704971e-02,3.673098339955568337e-01,-2.768543688487001830e-01,1.681515919241350493e-02,1.506708939993293972e-01,1.898999918355070982e-01,-7.986941215972249986e-02,9.023635407566428512e-02,1.881881583405383418e-01,-2.006990596626356815e-01,-2.718028943808600273e-01,1.631374005530175919e-01,3.310272432744284510e-01,-9.658791015916780298e-02,-7.346064201761283441e-02,3.269108709080163488e-01,7.615941559557648510e-01,-1.236438503501224168e-01,-6.594649679787729923e-02,-1.183136575714676952e-01,2.651344653773486382e-01,2.761876744950336193e-01,1.006655941970803492e-01,-7.527229766697202118e-02,6.657239214949445261e-02,3.959005806602050592e-01,8.362644001084843515e-01,2.469456171743933670e-01,-5.427722451511378388e-02,1.505289842120242638e-01,5.795598166699311715e-01
1.107548438544430358e-01,7.997898851492597772e-02,-3.019298216242350952e-01,3.566721651997752374e-01,-6.137867734304010975e-02,2.571096045770900063e-02,2.829177505529651415e-01,-1.241791437590184909e-03,-2.299481772827950965e-01,-8.291741629105370270e-03,-1.517408806038250402e-01,-1.667444206852058269e-02,2.418861709120195269e-01,2.721035792650089088e-02,-1.568319382937642115e-01,2.000473931302372832e-01,1.787497463413847687e-01,2.625257678341909040e-01,-1.800513165759155543e-01,-3.094223713221461169e-01,-5.293124285200794150e-03,-1.868279039343534176e-01,1.781717371977001654e-02,4.160614399614558090e-02,1.356409025665552270e-01,1.750995030682442888e-01,-2.490616597453912395e-01,-6.016395702720906541e-02,-1.281142309437880988e-01,-5.422324724076826169e-02,-6.112839868033601021e-02,-1.346655960099167881e-01,-2.802603846937291032e-01,1.320419499061239454e-01,8.686590300947750337e-03,-1.237518027864290687e-01,2.226902440637894276e-01,-3.749971718647748115e-02,-1.513031578022622781e-01,1.889766234662785399e-02,-7.356198902701349684e-02,-3.153775170162304575e-01,-5.368358215654298049e-02,-3.190482547700735361e-01,-1.505349249666015632e-01,-4.578746519082720068e-02,-5.098923123521825751e-02,-2.511202086702648550e-01,-5.425505192405829374e-02,-5.684421761513598625e-02,2.681079117539567763e-02,-1.937825756185475035e-01,-2.810005555237953256e-01,-8.568228474672116846e-02,-1.832831167594828892e-01,1.375853254697707384e-03,1.300750909270576572e-01,-7.425109452182526715e-02,1.210371508994179113e-02,-3.475306035788649495e-01,-1.213742552284245296e-01,-1.522019093082183638e-01,-7.792893098182128442e-02,1.043105863971070454e-02,-2.299042833417969944e-01,-3.501298339583370223e-01,3.162682750985607028e-01,-6.340010085003477958e-02,3.359220887808831435e-01,-1.236438503501224168e-01,7.615941559557648510e-01,2.483076192469819629e-02,2.148355692371357317e-01,1.141774285271690004e-01,2.818335189872197000e-01,1.666254302594284420e-01,3.124712945140957765e-01,-1.847569311721035945e-01,2.018697568832738820e-01,-7.319857455590077222e-02,1.067476683873308657e-01,-2.672338184592944893e-02,7.479794028638660219e-02,5.600916812081541769e-05
-2.702190692568519348e-02,-2.663840398721714631e-01,-1.326147883083894918e-01,4.497232893699326106e-01,4.491349840760638923e-01,8.271475788629527315e-02,2.422404548948096370e-01,4.477430687467684467e-01,-4.529104608918318314e-02,-1.289755760169755405e-01,2.366615073354469412e-01,-2.676929249706352584e-02,-6.011839743962952426e-02,6.021098878107105090e-01,-2.165027159276866064e-01,-2.367962917121748667e-01,2.587984394437579938e-02,-2.878799802647450876e-02,-1.291880569223002317e-01,-3.947539237163226744e-01,4.284043932277537686e-02,-4.137162976402112280e-01,3.829174421181014837e-02,-4.563603688677851135e-03,-1.992589860778568311e-01,-1.207056194328137155e-01,-1.746601337846366286e-01,1.550014376499292412e-01,-3.658394035794961807e-01,-6.209383541942101875e-02,1.938239642050993417e-01,4.061909297796924001e-01,1.879813243184615124e-01,-2.394396427045651088e-01,-2.084120567639387300e-01,-7.068293410237766472e-02,5.460543693383073105e-01,4.595064002707887618e-01,1.717254280476882278e-01,2.766473135506326009e-01,5.676713863018129080e-01,2.482262759545865449e-02,4.242845877791532466e-02,2.963591877009059128e-01,7.732060952186907421e-02,2.006512591487091129e-02,6.227464194437846157e-01,-2.431802365288486534e-01,-2.254055840374474817e-01,1.594325794651156591e-01,-1.958223415633844611e-01,-8.933346654958375377e-02,-2.971764191180220060e-01,1.025617788763621696e-01,-3.282043407367201127e-01,7.882698580785357789e-03,5.904057914628133702e-02,-2.659712209841147423e-01,-4.362053696318008988e-01,-1.813605694213571984e-01,2.171928026948713175e-01,-3.833518023666496743e-01,1.672312829151197944e-01,2.498702738547705360e-01,2.365817210269333115e-01,1.608812690031078685e-01,9.697299518549402572e-03,2.688163526482408860e-01,-1.458918982950787591e-01,-6.594649679787729923e-02,2.483076192469814772e-02,7.615941559557648510e-01,1.724589813360546675e-01,1.465938814859865102e-01,4.740840406598615941e-01,1.874601768706826363e-02,2.322379682326519701e-01,9.489123401538296018e-03,-2.993072488892521976e-01,-2.678207409482184428e-02,-7.652224803518839491e-02,8.713433002614793255e-01,3.008035213596307877e-01,-1.540170322359671606e-01
-2.954227864083446287e-01,9.466310522417506479e-02,1.071205353183702774e-01,2.534841434922595060e-01,1.526388290876078413e-01,-3.710098896844006844e-01,-2.643092884878451843e-01,-7.678766297190746382e-02,-4.520680500573506094e-02,-6.618440551270184102e-02,-2.397489149867985600e-02,-8.273128449979789967e-02,-3.329651215100831729e-01,3.247457860184693040e-02,-1.108207716866881493e-01,-8.775761091026310079e-02,-1.145590871087891482e-01,-8.686226485315701185e-02,-3.747921424820669506e-02,-3.629298722186598269e-02,1.307916587771310868e-01,-3.207352534750686213e-02,5.221917765273269979e-02,-1.181102023263501388e-01,-2.122019921954856614e-01,-3.921341939449158875e-01,7.549936847646054883e-02,2.539449127919810589e-01,-3.695862753478024870e-02,-1.345222206595105829e-01,1.236397887033571785e-01,1.424570663243073521e-01,4.161342674327212499e-01,-4.142626838073396045e-02,2.184859599529221930e-01,7.229326150623809066e-02,2.505357427111886692e-01,8.136677052249957631e-02,-1.602563671038198245e-01,-1.125802340244417693e-01,-3.942040291980151295e-02,-3.345426819919648104e-02,1.013384818306247021e-01,-4.370181475584471176e-02,-3.477063169590136060e-02,-8.452392333737039631e-02,1.655255530151725496e-01,-1.774098023981205141e-01,2.427550485958775428e-01,6.685094554476115995e-03,1.739325320117714180e-01,-7.944846665344042214e-02,-6.478568183455832297e-02,3.002196305329150050e-01,-1.167069048464492928e-02,1.363823941174894527e-01,-6.379397418369406325e-02,-8.077562507967288308e-02,-2.215160710647018083e-01,3.044079331897098922e-02,1.837199262154353141e-01,6.490003949421986607e-02,-1.549263836046052001e-01,-6.036653377269746157e-02,1.680645826974530299e-01,3.233825537361850744e-01,-1.643454363640179106e-01,-1.076976944276319403e-01,-2.475575843461436110e-01,-1.183136575714676814e-01,2.148355692371357872e-01,1.724589813360546953e-01,7.615941559557648510e-01,-2.241139862210608791e-01,-4.680634356868425792e-03,-1.472467123596947480e-01,-3.367419582057420424e-01,-1.280212630943483310e-01,-1.550846167504944251e-01,3.883745536938696535e-02,1.469477617924224658e-03,2.203114715707124305e-01,5.488923085542122271e-01,3.662611581895219848e-02
3.927570936980975813e-02,1.914659387398557344e-01,3.816568375413499550e-03,-5.424448623961730664e-02,1.918988023488706618e-01,-5.242939384426395510e-02,5.852766637331272698e-02,2.199416562579371570e-01,2.076236459165339554e-01,-2.981433192871214000e-01,2.546305613459916573e-01,-1.774346408099988087e-02,-2.987812405054008410e-03,1.729938146406032329e-01,-6.771481844869611799e-02,5.475066282251194599e-02,-9.679820653492093863e-02,1.214098415249690623e-02,-5.500600654073946327e-02,5.474880193027988062e-02,3.690252136874500044e-02,-1.459085185225957731e-02,8.389383627668879628e-02,1.518840058302272367e-01,1.427249337903366277e-01,1.957611547021451959e-01,2.052218688938943492e-02,2.966628230556502821e-01,-8.331173104374414717e-02,1.875083305436783462e-02,-2.138454555436130888e-01,2.861385392133570793e-01,1.630137485154779797e-01,-4.783550648782759762e-02,1.443587439821122087e-01,-5.104656559815572148e-02,5.364069854866702555e-03,3.190068433054437658e-01,1.399773288003427762e-01,5.094091278998290340e-02,3.233184224187242162e-01,1.689079519088143577e-01,-1.359787249536028864e-01,2.203199538860259876e-01,-6.776580727848052765e-02,6.484121523943864318e-02,3.333304845861639332e-01,-1.992713746869357871e-01,-2.952383942278685725e-02,-1.327042387080837847e-02,3.493110071224973107e-02,-6.333900230143466037e-02,-1.170962456194422213e-01,9.356725866978159167e-02,-6.732338353723356372e-02,1.206903061138430849e-01,2.336371226653534972e-01,1.906714131610403040e-01,4.758107182752890213e-02,-1.159778468267249896e-01,2.253499867606208740e-01,-1.525867193557823853e-01,4.420417867596302536e-02,-1.934977954327197491e-01,1.922104813227991926e-01,1.249017292773262899e-01,8.601424949883115789e-02,2.024072677147432664e-01,4.761359157085733873e-01,2.651344653773485827e-01,1.141774285271690004e-01,1.465938814859864270e-01,-2.241139862210609068e-01,7.615941559557648510e-01,1.824451583313282665e-01,1.794535111014826934e-01,9.588838108671753069e-02,1.483506478997131672e-01,2.518038096542091209e-01,1.475844489940217052e-01,-5.004895645162303619e-02,1.798311941141964299e-01,-2.953963021669866323e-02,4.351421138634878338e-01
1.510113302653190437e-01,5.122896459368071059e-02,-2.745172990806989816e-02,2.803733515699586842e-01,3.705274295241134386e-01,-1.501672985760023060e-01,2.900230458146764168e-01,2.207684451083952448e-01,1.828750062732214243e-01,-2.454863874247441291e-01,4.048664911681384981e-01,-3.637870954093424536e-01,9.824667729425236307e-02,3.796589661311816077e-01,4.095202886268429349e-02,1.964613443071740184e-01,-4.331742469256365247e-02,2.116354059685268962e-01,2.674844528246531072e-01,-7.782110358511068471e-02,1.766623605552989917e-01,-2.300033562471773610e-02,2.007171051330566142e-02,-6.652694616253685897e-03,-2.224780700842120540e-01,1.920136105351204214e-01,-5.093183140307670775e-02,6.172038870063718818e-02,8.817073829565568940e-03,1.513632478271927650e-01,2.717176355348617789e-01,2.372542081361465049e-01,3.016992648638004981e-01,-2.826699832532118470e-02,1.293201545643771211e-01,2.978045491668287470e-01,4.525402453999966546e-01,4.140122476217776293e-01,-1.098892987875373928e-01,2.869720732013247289e-01,2.412439764871235903e-01,2.510497979942390434e-01,-5.876071731013209065e-02,3.837785405202579492e-01,-2.785376849377497743e-01,-7.717668999246349304e-02,1.553690169115502506e-01,4.942846323777126509e-03,5.101262162230940644e-02,-1.357408023339352898e-01,-2.399235335327763036e-02,2.664552229059291566e-01,-8.287283518209181618e-03,1.566951981243191738e-01,-1.743392996329800326e-01,6.081857163687873560e-03,1.617575219809607445e-01,-3.132360916190310984e-01,-1.662836844760724048e-02,-2.198428616876846042e-01,2.051601454723317730e-01,-6.416726344837161977e-02,-3.684818531359466270e-02,4.450398566046918913e-02,1.712289684889475028e-01,3.471911885113071472e-01,4.585582634824413861e-01,3.944129138580739768e-01,1.287361162436746476e-01,2.761876744950336193e-01,2.818335189872198110e-01,4.740840406598617607e-01,-4.680634356868439670e-03,1.824451583313282665e-01,7.615941559557648510e-01,-1.781972769479326507e-02,5.457116704393684126e-01,9.288556425623550883e-02,3.081898584580529746e-02,2.362320163999463429e-01,8.444098053587770214e-02,2.588652605620274105e-01,3.702625624745927158e-01,2.806093746914717704e-02
2.099810189073001432e-01,-1.932813483919585407e-01,8.801349277042345987e-02,-9.823236717680430830e-02,-4.289012494343244324e-03,1.936139848350603709e-01,1.267218895736466587e-02,2.046937317183775973e-01,1.962418932452893172e-01,-1.189666464873847945e-01,1.258483303181150981e-01,6.339611300190084453e-02,1.487237703415443257e-01,7.943469887106098526e-02,-3.730768237817945476e-02,2.041032493297336922e-02,2.268701515986640271e-01,2.267394996493090342e-01,-3.579861075864794462e-02,1.442039661705421250e-01,-2.142752810610221714e-01,-2.916131383484722728e-02,6.177180086995923830e-02,1.220753833881836788e-02,1.167384988857414901e-01,1.196369988998711720e-01,1.032157460964686913e-01,1.810787305376397316e-01,-1.411745465082991924e-01,2.362106665514575043e-01,-1.025384868429518037e-01,6.520335734782199688e-02,-1.282419138531668557e-01,1.907912591215133735e-01,-2.084675424292682100e-01,4.933862468832553305e-02,-5.697583904780743197e-02,1.723823003842145651e-01,1.146755818384207898e-01,-1.158676121485562177e-01,8.782467844291295955e-02,1.775227569204344130e-02,-2.374256248492632171e-01,-2.666134192784462564e-03,-5.738391560301001580e-03,4.996289796957084639e-02,1.663205615753035882e-01,-1.181571700818954823e-01,-1.850948762431915418e-01,9.456404619278317714e-02,-9.668515435897745425e-02,-5.278974053777090586e-02,1.538042892216126729e-02,-2.997689929321415425e-01,6.202106517768769117e-02,8.717958140079297164e-04,-3.985701117362965701e-02,-3.449923146003680552e-02,-5.586979814905067981e-02,2.275485025968417702e-02,1.203994685577984697e-01,-2.025989990299393306e-01,1.457959894009305535e-01,-6.400624971323752577e-02,1.416895270597603451e-01,-8.387660496330957838e-02,1.133160428395389580e-01,1.014382197674496520e-02,8.202514790979771597e-02,1.006655941970803630e-01,1.666254302594284420e-01,1.874601768706826363e-02,-1.472467123596947203e-01,1.794535111014827211e-01,-1.781972769479332752e-02,7.615941559557648510e-01,2.478855382171422927e-01,-1.372712976251543038e-01,1.061003754064176741e-01,4.563801669069374872e-02,-3.155627673313404075e-02,7.757119359166979311e-02,6.129128071418431245e-02,7.406869591650735996e-02
4.986127665990910396e-01,-2.973711130577655903e-01,-7.347440807030176935e-02,8.752505663753228082e-02,7.345038369434118974e-02,1.849166022738677195e-01,4.261195080005084623e-01,2.899079678008897876e-01,3.183041047782270150e-02,-4.865534575807815842e-02,3.452253350359577033e-01,-2.329829716406145446e-01,4.958198819559316850e-01,-7.165023009934468057e-02,1.890875975985673585e-01,1.569409702477441160e-01,3.191549142080017387e-01,3.075943327237468661e-01,1.074081023600484269e-01,6.859456647776408789e-03,2.397094357731051339e-02,5.481870056729086504e-02,3.093082977292657687e-02,1.505035180337766232e-01,-1.171559483042391714e-01,3.461747250871176074e-01,-5.642596056059193121e-02,8.051824647182583006e-02,-3.800612977241705354e-02,2.386481249827443751e-01,-8.897513273548184054e-02,6.518521199699567337e-02,-2.263332217528894741e-01,1.671103228772197469e-01,-2.985024642400162520e-01,2.140900327064267639e-01,1.580550613011943717e-01,1.189853373650841956e-01,-1.377683879406665646e-01,1.819002178382306545e-01,1.764842488028326162e-01,2.705656980272166598e-02,-2.033206672919146141e-01,2.820345438265401405e-01,-1.382307647965317354e-01,6.267787271740456190e-02,-2.431728559122904032e-01,1.039833475172066285e-01,-1.482418276076585828e-01,2.147011242993003555e-02,-8.373314177315113738e-02,1.821171463414314462e-01,2.556943916882406173e-02,-1.227887543954156030e-01,-1.375953342515052746e-01,-1.356433315423307140e-01,2.079170234456942101e-01,-3.505369159178248761e-01,-5.969325125044348812e-02,-2.053970357797306745e-01,1.678049930678434110e-01,-2.036729990897896136e-01,3.796568523829824821e-02,-2.112443616604345667e-02,3.635434681910543198e-02,-1.243103460750605016e-01,6.671435351109977763e-01,2.897859749816673880e-02,-2.715896712205512209e-02,-7.527229766697202118e-02,3.124712945140957210e-01,2.322379682326520256e-01,-3.367419582057419869e-01,9.588838108671753069e-02,5.457116704393684126e-01,2.478855382171423483e-01,7.615941559557648510e-01,-1.893568406564845596e-01,-8.719264434228726768e-02,-1.134853359085305491e-01,1.024553928903899069e-01,4.690915662318544122e-02,-1.691627857844798521e-01,-2.026498291210174774e-01
-4.085573273976500497e-01,-1.293006292915740985e-01,-1.708549661321589752e-01,6.531590734612707783e-02,-9.624120901211792589e-02,-3.255903597850686726e-01,-2.381559304532069876e-01,-6.024730790595138330e-02,-3.160925721082367690e-01,-2.843911210102336162e-01,-1.611382968555277739e-01,-2.405162005672224212e-01,-2.590380858787871277e-01,1.217988266565096234e-01,2.326860119427775001e-03,-1.826809826621978161e-01,-2.611741744274694299e-01,-2.366950991976701502e-01,-2.835079109744948478e-01,-9.381076194928676670e-02,-4.071152369906725493e-02,-2.571619010340689959e-01,-4.375217453917618071e-02,-3.442406955494142218e-01,-4.036845730237516583e-01,-3.257434851082678939e-01,-2.000918296999716073e-01,-1.331392984180617134e-01,-2.205309700884263702e-01,-3.334439442176329038e-01,7.968465313650177628e-02,9.018491168485524845e-02,1.748137315159743466e-01,-1.546739000721821800e-01,-2.037217074700148692e-02,-1.109315158884281588e-01,7.952333443583971262e-02,2.616560541481901397e-02,2.828654151270991804e-02,1.693738235067943076e-01,4.889141182044325074e-02,-2.537541900195969813e-01,-7.337371817492419068e-02,-6.259530545288051473e-02,-3.277252655418661509e-01,9.561963769692523405e-04,2.108031188644746701e-01,-1.131711251610481167e-01,1.141745686091757139e-01,-1.653745530046903667e-01,2.503066211753684697e-02,-1.598489693834599656e-01,-5.649659718798026586e-02,5.663380562420787523e-02,-1.095424230777834462e-01,1.160723415332228087e-01,-3.163337644318769404e-01,-1.661800692793305445e-01,-2.582652551918758199e-01,1.880717834628155977e-02,3.100286488168213853e-02,-3.439168451381847263e-02,-3.247231990519908185e-01,4.002198692650978107e-02,-3.973820519505672638e-02,3.027157184841874349e-01,-1.116182033025431841e-01,5.163054414817889182e-01,7.537565922264451157e-02,6.657239214949445261e-02,-1.847569311721036778e-01,9.489123401538212751e-03,-1.280212630943483587e-01,1.483506478997131672e-01,9.288556425623553658e-02,-1.372712976251543038e-01,-1.893568406564845596e-01,7.615941559557648510e-01,2.084573851690354196e-01,2.355049760435107276e-01,2.931967352935720417e-01,5.380803185922713311e-02,1.109457650301346882e-01,1.966303253959022779e-01
-3.759700817445385534e-02,2.369081234872750519e-01,-1.838216554601069530e-01,-9.482971470977638595e-03,-3.053604382849320897e-01,-3.023464482020349897e-01,-3.143892282076894973e-01,-3.938948603662794090e-01,-1.555095153634949434e-01,1.910540692830633713e-01,-1.879705892757555785e-01,-2.183237664660479527e-01,-2.096201846679795755e-01,-3.596226665188535510e-01,4.283170600635995834e-02,1.278340847124618540e-01,1.218974838286418921e-01,1.619472069986848672e-01,-6.537520835891404147e-02,2.426770649402240909e-01,-2.191932397414959321e-01,2.766471567819868138e-01,-3.567316916777564795e-01,-1.815257945522801564e-01,-2.014360432190178893e-02,3.668822967417122854e-02,-9.169999747165917536e-03,-1.186706520990166019e-01,1.251012128782845456e-01,-1.323715181061456414e-01,3.563958619602784761e-03,-3.387645033008084283e-01,8.471038390703813925e-02,1.678162397031697783e-01,1.814662105007679993e-01,-1.665771268538937810e-01,1.429961338616917571e-02,-1.765196451952461554e-01,-1.926533191404485867e-01,-1.011756373076879746e-02,-3.990965641054462498e-01,-1.538091246539487755e-01,1.779707989308698668e-01,-9.142812023074520233e-02,-1.826783923283696598e-01,-6.668925957074881006e-02,-2.302053482343690005e-01,-1.208254765043959428e-01,3.350398455260664710e-01,2.242589121426564469e-01,3.503720448815742516e-01,-5.470475710470638908e-02,1.003931172065543193e-01,-4.564769397180318267e-02,3.227504076082357565e-01,-3.632858177750099005e-01,-4.274907247631441060e-02,1.858339638886606360e-01,1.595513895610071453e-01,1.566903366292183575e-01,-9.175647073056114600e-02,2.211049055918876682e-01,-1.244452131677820511e-01,-2.471360793108915432e-01,4.073484491220172310e-02,1.030898973015109549e-01,3.852644860872007481e-03,-3.295200823880970603e-02,5.598655204898920212e-01,3.959005806602050037e-01,2.018697568832739930e-01,-2.993072488892521976e-01,-1.550846167504944251e-01,2.518038096542091764e-01,3.081898584580528358e-02,1.061003754064177018e-01,-8.719264434228729543e-02,2.084573851690354473e-01,7.615941559557648510e-01,4.682848383003308523e-01,3.358198608089725257e-01,-2.613608657357896492e-01,-1.309367162235963999e-01,5.741203342883370864e-01
-2.263241439532951704e-01,4.769546227732527344e-01,-3.348924114521170670e-01,9.186773663623851172e-02,-1.196173513412675249e-01,-3.939820259176996520e-01,-2.203700290268630901e-01,-5.137273515234773713e-01,-2.151839817018106060e-01,-2.274142208857794778e-01,-3.251663500897933878e-01,-3.170530445055856905e-01,-1.937232454137517712e-01,-3.350283007565023619e-01,3.089604898419334722e-01,4.298109278676610912e-02,-2.764873473717449071e-01,-6.642164505493908244e-02,-4.068686294145791305e-01,3.342874821526309326e-01,-8.585890330531789627e-02,4.122352160260276954e-01,-2.898514261208529064e-01,-4.230601895287298131e-01,-6.190310345624408517e-02,-1.355395252092081171e-01,1.690479686338363097e-01,8.105919475523110096e-02,3.018671539100108991e-01,-8.733497285960026280e-02,1.888622102281620752e-01,-1.663537117429483500e-02,4.225711075506157210e-01,6.434355331075522488e-02,4.730179792253838000e-01,-3.219050738853954097e-01,1.747158342449980084e-01,4.183254481964740479e-02,-1.451458779433145996e-01,1.255911259117744316e-01,-4.944352794112503724e-01,-1.155204180679195447e-01,4.679715179743008935e-02,-2.046235953408737374e-01,-4.009853199782292266e-01,-5.525730813355848176e-02,-7.007753366548367946e-02,2.253874983949321065e-01,5.158027523515357204e-01,-1.857563099686508346e-01,2.409474996458550733e-01,-4.272384462123025584e-01,3.839341129653542350e-01,1.408583596103349100e-01,4.473231847888416990e-01,-2.409565055972066605e-01,-1.210062179724061826e-01,1.634844867502480426e-01,1.970110367851268529e-01,9.538512501821067024e-02,1.266898036708658248e-01,3.545571225147930994e-01,-2.245743618517938578e-01,-1.337464428840008379e-01,2.352936089723469404e-01,4.613123051847791700e-01,-1.125019085608403718e-02,3.090577909280730132e-02,2.294550866903719288e-01,8.362644001084843515e-01,-7.319857455590073059e-02,-2.678207409482184428e-02,3.883745536938699311e-02,1.475844489940216220e-01,2.362320163999463429e-01,4.563801669069377648e-02,-1.134853359085306046e-01,2.355049760435107831e-01,4.682848383003308523e-01,7.615941559557648510e-01,3.199952412381405487e-01,6.972059634723214161e-03,2.286772079911398581e-01,6.065962733885696956e-01
-1.192104605812427526e-01,2.650541655428136911e-01,3.263419684643192875e-02,5.805172079928222484e-02,-1.381143915954552437e-01,-1.710257461025741638e-02,-1.684514874342402796e-02,-1.935976866442295705e-02,-1.603944839358611152e-01,1.769227424606718002e-01,-1.162571100160929016e-01,1.551087228813713970e-01,2.715272065395891998e-02,-2.422427609179131358e-02,-4.034230154500482307e-02,1.616417138058311859e-02,-8.492863648384164910e-02,2.835739781847532170e-02,-1.207117716417430153e-01,1.236721983549349257e-01,4.355213160371450287e-02,3.793343794659791157e-02,6.233668168335384195e-03,-1.640072076003309606e-02,-6.475670793735113784e-02,-9.535171827843609560e-02,-9.519378377875606367e-02,4.952715229566706512e-02,3.734162936763750495e-02,3.578970943459576504e-02,-3.300044105697624852e-02,-2.019230663139087376e-02,1.599930979752239857e-01,4.901891696845582513e-02,2.519816066100766805e-01,8.954312473072041645e-02,5.603771481802851534e-02,-1.040822744534965205e-01,7.239128596079928701e-02,9.852557515299456559e-02,-3.968613191702309584e-02,-1.292907309909349933e-01,2.968281758773745338e-01,-9.234778664179314756e-03,1.261252687195179023e-01,1.839319224858000923e-01,-2.779358957974180366e-02,-1.522886802463825455e-02,2.490577247762646163e-01,-8.265014858062373626e-02,1.638501336548850162e-01,-4.527032378112985644e-02,1.245166203097608643e-01,5.833958999444658483e-02,1.017409633303256039e-01,-1.298511719328099834e-01,2.001552042828487823e-02,-4.041140846614486165e-02,2.681708242174706686e-02,-1.007290950929209811e-01,1.110590584411360188e-01,1.370145912501181396e-01,1.629980375065286091e-01,1.435904225096683584e-01,7.105041611408603741e-02,2.018654442925336689e-01,1.944684084842097926e-01,-9.997954361138654267e-02,1.144733105107733490e-01,2.469456171743933670e-01,1.067476683873308241e-01,-7.652224803518838103e-02,1.469477617924148331e-03,-5.004895645162306395e-02,8.444098053587771602e-02,-3.155627673313401299e-02,1.024553928903899069e-01,2.931967352935720417e-01,3.358198608089725257e-01,3.199952412381406042e-01,7.615941559557648510e-01,-7.105513251015420362e-02,9.116294939237140627e-02,6.226888257838586460e-02
-1.861084926665229067e-01,-1.822642531049246117e-01,-3.690450697754329989e-01,4.889685158692318456e-01,3.303217655450048640e-01,-1.250020327297828859e-01,2.341676158299465516e-01,2.969858410768350110e-01,-1.813408917159945455e-01,-2.538193570191792925e-01,-6.081692836007629444e-02,9.258035506932778269e-03,-1.309198109711069147e-01,5.165416829764402085e-01,-7.924170588464450604e-02,-3.251062785570922320e-01,-1.636507472203510838e-01,-1.195443795591771691e-01,-4.005441042644760086e-01,-3.820261708946311452e-01,3.903905425133433887e-02,-4.102306417548525763e-01,-5.470045272898985816e-02,-1.756606064856524110e-02,-2.403447794684389349e-01,-1.803875580465023054e-01,-3.729555097124529484e-01,1.641945944441718652e-01,-4.383652982959304056e-01,-6.117483354746662549e-02,1.433931110361397754e-01,4.427865575082508554e-01,1.874196891375510265e-01,-1.125458840687313111e-01,-1.432309432869243726e-01,-2.571655911944635275e-01,6.513148380147623095e-01,4.299870582485865733e-01,7.131799878653534430e-02,2.955522259687937692e-01,4.997464698048018072e-01,-1.325410327000627331e-01,-8.460537920421282165e-02,5.216861771134861936e-02,2.486084212600583182e-02,9.829821525294012152e-02,6.510654431846397694e-01,-3.163851544878181210e-01,-1.181143671620498298e-01,1.240402095518601394e-01,-1.017652803844668469e-01,-3.450586682299665031e-01,-3.612689378403055596e-01,1.743694603476531046e-01,-3.148085453132323241e-01,1.731838104871324946e-02,-4.164800638328068107e-03,-1.572236704129492124e-01,-3.049551550046243342e-01,-2.601467575572471436e-01,2.988019976613252582e-01,-2.981749733767867228e-01,8.904992151155849411e-02,3.757971691061079422e-01,2.066210984737075762e-01,2.248968157240293364e-01,-1.465783731375400467e-01,1.601283634372323017e-01,-2.231669623184396323e-01,-5.427722451511375612e-02,-2.672338184592946975e-02,8.713433002614793255e-01,2.203114715707124582e-01,1.798311941141964299e-01,2.588652605620276326e-01,7.757119359166980699e-02,4.690915662318544122e-02,5.380803185922721638e-02,-2.613608657357896492e-01,6.972059634723214161e-03,-7.105513251015423137e-02,7.615941559557648510e-01,3.060336428210732040e-01,-3.393815595579302569e-02
-1.051169801529052011e-01,-1.874864785815444010e-02,-1.250231996862145589e-01,1.444838301103961720e-01,5.438258074582402388e-03,-2.107949334322963553e-01,-3.321016123655243929e-02,-2.579544090133555415e-02,-2.324000392002802395e-01,-4.423789718213879674e-01,-1.566606879820436615e-01,-2.185589426222011855e-01,-2.284180141298809974e-01,1.310194127517103624e-01,-3.800323384651020653e-02,1.202838719599201968e-03,-1.452624307169662621e-01,1.322743186051135444e-01,-7.035495575277193880e-02,-3.990804989520243401e-02,1.629213927225185432e-01,-1.114874162046857603e-01,-1.156251760523392819e-01,-4.670446529518865741e-01,-1.107349458526688812e-01,-3.645141979107793251e-01,-9.190668398242157755e-02,1.333133066041913284e-01,-6.363015441921055816e-04,-1.549422503323877667e-02,1.925027618419321573e-01,2.365205215210835765e-01,2.514098181848647418e-01,7.386536646194248254e-03,2.616381849652801295e-01,-5.135313136765647102e-02,3.152788235948748019e-01,1.798410268919017341e-01,4.466451643177844766e-02,5.394452818453129156e-03,1.113528106474363268e-02,-2.073319750281332474e-01,-1.836023338817676098e-01,-1.010050928156615707e-01,-3.341069942735421794e-01,-1.201490566670045113e-01,1.231928907759332198e-01,-1.719229239812085086e-01,2.260787680856549409e-01,-6.533937676532025618e-02,2.802769029005859891e-01,-1.104717334110553312e-01,-1.048399870274081998e-02,1.514777416243081876e-01,-2.201302201972427444e-02,4.337039958248758986e-02,-2.488405327220928054e-01,8.451936163493323217e-03,-1.644528351994991033e-01,7.007027298998895481e-02,2.818349319935269937e-01,3.349164186250884467e-02,-3.045321582433123120e-01,-2.690225118844505325e-01,2.607127094641603637e-01,4.047643279611203293e-01,-3.638965632084224106e-02,3.809633132799448291e-02,-2.433037216512338452e-01,1.505289842120242916e-01,7.479794028638658832e-02,3.008035213596307877e-01,5.488923085542122271e-01,-2.953963021669869099e-02,3.702625624745927158e-01,6.129128071418433327e-02,-1.691627857844797966e-01,1.109457650301346604e-01,-1.309367162235963999e-01,2.286772079911398858e-01,9.116294939237137851e-02,3.060336428210731485e-01,7.615941559557648510e-01,1.337634128790199661e-01
-8.085996172609204169e-02,5.673898503299861229e-01,-1.288667275849277316e-01,-1.071214059842221233e-01,-1.081502790643911333e-01,-3.570595155986262537e-01,-2.530920965781755516e-01,-2.577976188744499075e-01,-2.883762511978478146e-02,-2.775118844010820429e-01,-2.256386890930297817e-01,-1.683315258666917003e-01,-3.223055311443470128e-01,-2.777386345858057215e-01,7.709392028179001821e-02,2.450439877685795798e-01,-2.593640312291216610e-01,9.327599041896328380e-02,-7.803745671897015235e-02,2.518554491816789587e-01,1.311670740932476265e-01,3.154712068350724596e-01,-1.229216024040321598e-01,-5.338604749725602006e-02,6.357775744230316495e-02,2.741430273999350201e-02,1.627901486204351711e-01,1.122415763265947886e-01,1.728263729892920153e-01,-1.406005412726438197e-01,3.642100561762060679e-02,1.331075214138886624e-02,5.173663260205224601e-01,7.848920380227438626e-03,4.797590808847244093e-01,-1.164368173207664392e-01,5.418703694906582338e-03,1.005841430004143083e-01,-1.568400406618130905e-01,-1.236738244561121358e-01,-2.763934474522641294e-01,-8.194539675555147229e-02,-1.016646227412047326e-01,-1.696912107970041383e-01,-3.578064556664572460e-01,-1.302591837825748666e-01,-7.525704854975311109e-02,-7.213271722812154840e-02,4.289347683970173852e-01,-2.665405970774339384e-01,2.987787632993841869e-01,-1.419713303492518564e-01,1.335643222014932241e-01,2.673193946388516817e-01,3.229953823788789813e-01,-7.218939892317839668e-02,1.963839076708107645e-01,3.268422506184023302e-01,1.536912220161255616e-01,2.140136775205143116e-01,1.081474977880809152e-01,3.335185479157664057e-01,-2.728254667339731765e-01,-3.725167205620828481e-01,1.128937000625818143e-01,4.582134750554150426e-01,-1.279954361830586695e-01,6.915561185851690218e-02,4.978663773417905114e-01,5.795598166699311715e-01,5.600916812084317327e-05,-1.540170322359671606e-01,3.662611581895217072e-02,4.351421138634878338e-01,2.806093746914720480e-02,7.406869591650737383e-02,-2.026498291210175606e-01,1.966303253959023611e-01,5.741203342883370864e-01,6.065962733885698066e-01,6.226888257838587154e-02,-3.393815595579303263e-02,1.337634128790200216e-01,7.615941559557648510e-01
