7.615941559557648510e-01,-6.107472942730510224e-02,-2.358525208150155927e-01,-2.446722412069850527e-01,-4.609815170112265270e-01,3.756975682207603362e-01,-5.252729035356994147e-02,3.034349037356838252e-01,-2.091081310487258038e-01,-2.086445850453213791e-01,-5.376368687104837729e-01,8.087011668454276159e-02,6.289207656324747875e-01,-4.361501190674725859e-01,-5.104662450567801768e-01,3.277509060808190822e-01,1.465329467126239849e-01,3.068011437395566365e-01,-3.987730962254843470e-01,-4.366772177062759885e-01,-1.329977698719567447e-01,-3.520207713346230616e-01,2.655347492704762113e-01,9.767623303671560397e-02,-1.182184228391285896e-01,2.783264903787130429e-01,-2.898134020263243293e-01,4.373712726623005809e-01,9.568765902793418057e-03,4.308618407265256411e-03,4.717816943718514686e-04,-2.451684449777086910e-02,-2.374714543125222288e-01,4.178272716113242691e-01,-1.083840822095096107e-01,-2.895423312233847413e-01,-3.902020641552287339e-01,-4.587417505004716678e-01,-4.912626707564675399e-02,-2.004946729596348842e-01,1.826301064634612212e-02,-1.329632162343300228e-01,-3.686140782682382766e-01,-4.692249851225117063e-01,4.330553694631838341e-02,3.051987141951356675e-01,-2.793396974179418457e-01,-4.555160602580344276e-01,-1.436882345930036442e-01,-1.665477625690541807e-01,-3.697536729645459902e-02,-4.272967511846531008e-01,-4.655003454569238142e-01,-2.782653239691502689e-01,-5.705700388462966455e-01,-2.962901719401444048e-02,1.920846457815782726e-01,-3.613510432669675976e-01,-2.029668277795658449e-01,-4.867452447508541780e-01,4.076525892893231307e-01,-3.764869838367901900e-01,-2.786400640297003739e-01,9.081408911629963721e-02,-1.453363698178807284e-01,-3.093009164429557645e-01,-2.863002922559856334e-01,-1.681537650740119461e-01,-3.352236827036337297e-01,-2.182044553598610492e-01,-4.185004137198708972e-03,-8.719042073113339453e-02,-1.866082404144588647e-01,-3.965787179240222726e-01,-2.033626010059997880e-01,1.923679238253135915e-01,1.265072751042250754e-01,-3.737788200933384597e-01,-2.974546868014485979e-01,-2.432492408189217692e-01,1.103680593516290082e-01,-2.493967769756826602e-01,-3.497493289014275142e-01,-2.579497706592616124e-01
-6.107472942730510224e-02,7.615941559557648510e-01,-3.882222099954874550e-01,-1.062275170381504902e-01,-4.917236106189051270e-01,-3.102544132530206666e-01,-3.821772089024280117e-01,2.701646540777065120e-01,-5.039486339592292863e-01,-1.404817594198048969e-01,-3.846041218667654027e-01,3.117484414182060681e-01,-2.214061630943244541e-01,-1.084155762999802625e-01,-1.730325138153518127e-01,1.160285269008535930e-01,-3.075132120669904490e-01,3.381247743362202907e-01,-5.192986772297860654e-01,-5.860210729644979022e-01,7.327732017309619428e-01,-4.584495097760659665e-01,1.107591677731999263e-01,7.149271408366758562e-01,1.340515907233211790e-01,3.800950900561712587e-01,-7.063964384667086316e-01,2.656634004116960324e-02,-3.907438919608756112e-01,4.453910519137560531e-02,-5.203329028899870978e-02,3.749662443176048909e-01,6.677227161203985739e-01,1.400474013344158997e-01,9.340307870250518230e-01,-3.127937569621589420e-01,-3.845579788601181936e-02,-4.448178776220537145e-01,-3.217828368059266197e-01,-3.265748242467746421e-01,1.894920118538397091e-01,-5.159967704229139196e-01,-3.737389949368098430e-01,-4.511931307936065672e-01,3.330657134367482897e-01,-3.463936260200881634e-01,-2.885563332096625078e-01,-1.477461800545057935e-01,-5.324296903018487653e-02,-5.037138686342567118e-01,4.137541045651084715e-01,-6.345112261044200119e-01,-5.202068029474103961e-01,6.876289780972133503e-01,-3.952249567326327484e-01,-5.995886720971618095e-02,7.991002567034659609e-01,-6.737143279327234557e-02,3.482962327806551905e-01,-7.392488709649780443e-01,7.423808143125958103e-02,-3.393568105999604789e-01,-3.209543122794000780e-01,1.302074314779159137e-01,3.613994910127203419e-01,3.095420527185930859e-01,-2.772975831746246622e-01,3.117881873219903177e-01,1.924666899018651900e-01,7.248107910330828241e-02,2.962928038249642015e-01,7.147018729295913364e-02,-2.333423421419137389e-01,2.956216775335400171e-01,2.427593414285077467e-01,-3.495160951613056344e-02,-2.318472255388774883e-01,2.526913836743747699e-01,1.519281181441918260e-01,1.212705196143858688e-01,1.356769369502457689e-01,-2.771552086113320823e-01,-2.106273634612986778e-01,4.780460671002716988e-01
-2.358525208150156205e-01,-3.882222099954875105e-01,7.615941559557648510e-01,-6.201379485828234506e-02,8.948302252692069692e-02,-4.203872524769652341e-01,-1.542414175475354809e-01,2.772343912857842541e-01,-4.961191928362329064e-03,3.351455168124038014e-02,6.449031128671359747e-01,-1.085864911958640544e-01,-3.190299423404011625e-01,1.709361156196023690e-01,2.881031443538877856e-01,-2.567705776183889510e-01,-6.573516741417188662e-03,-7.194155669047315460e-02,7.159294557419126903e-01,4.112949291251764145e-02,-2.557477941705947888e-01,-1.514326999185043043e-01,1.001077739625598900e-01,-3.069879973433585207e-01,-4.251511953288449885e-01,-3.325924772478158764e-01,2.222118786880653701e-02,-6.957846834576777995e-02,-1.966243422227743620e-01,1.729839189049809933e-01,1.934990434961118833e-01,4.800340561188978783e-02,-1.101379215102505083e-01,-1.089368699653579103e-01,-3.670418336935354908e-01,9.404058063345341889e-01,6.640584621460825232e-02,-5.879172937417427754e-03,-2.715710339011361829e-01,-2.873757749550315266e-01,2.519856497248587068e-01,1.705412227024191360e-02,-1.988202665369849798e-01,7.507494919248087761e-01,-3.353609141295975093e-01,-3.183395025241634313e-01,2.509973001369678602e-01,3.279244530390191259e-01,-2.137938278604755715e-01,-3.328963066418385019e-01,-2.101610540964067575e-01,6.635060440786413327e-01,2.578572513701847813e-01,-2.034649024713737764e-01,1.459310715328701324e-01,4.184611742810487311e-01,-5.744270657547623227e-01,-2.988552979136871457e-01,-2.511023647692542382e-01,2.729065022997922974e-01,-1.663308726551055161e-01,-2.632940955738944169e-02,3.455809380565236233e-01,-4.241173213398509168e-01,-1.074085532168400359e-01,-1.643641248634954144e-01,-1.702703704539744733e-01,-5.078369902225589039e-01,-5.113606738531293328e-01,-3.440943110257499438e-01,-2.130389336887590634e-01,-4.406156566086111281e-02,-1.010114560377048110e-01,-9.848392173690433127e-02,5.460132406026533408e-02,-7.437317954314646984e-02,-2.397468396566428406e-01,-5.734935665201807975e-01,-5.934666171300927440e-01,-3.535342653069263319e-01,-1.717135219777651822e-01,-1.485784098005871190e-01,2.319444518765251262e-02,-2.589327933155016748e-01
-2.446722412069850527e-01,-1.062275170381504902e-01,-6.201379485828234506e-02,7.615941559557648510e-01,4.518830700870578587e-01,6.011599752670346297e-02,4.364258574226513310e-01,-4.729900099973924354e-02,3.165853082047317968e-01,2.545064904860998012e-01,1.553621884695723654e-01,1.660387800456573637e-01,1.149408354319520487e-01,3.260291886578362552e-01,-1.327063408851559545e-01,-2.419598400311891440e-01,4.852278624940042917e-02,-2.293034173130042430e-01,1.660576135273334752e-01,2.224772866507564173e-01,-1.091413460402366198e-01,1.050997124562221968e-01,-1.647091748849118797e-01,1.043244484610154118e-03,-2.752232447556728356e-01,-1.345064756506835491e-01,3.825988972852177317e-01,-5.788930146916689695e-02,-7.559605740543093311e-02,6.246543769339239771e-02,1.075921286040852978e-02,-3.152680816652419366e-02,2.200666963794926934e-02,-1.208666713157364875e-01,-6.383678760638369920e-02,-4.263227289574141217e-03,8.310303867572380043e-02,4.199449051129354737e-01,-8.876421342070632547e-02,4.717957018207495357e-01,-1.791212819346970353e-01,3.129365282597341147e-01,3.989613512754850988e-01,-2.961594117464658865e-02,1.711321407430349550e-02,1.242937514679949146e-01,1.340955410707501128e-01,-5.891282011154728299e-02,-1.539634881574710248e-02,2.336995441279794139e-01,-4.066598949399072294e-02,1.611324123729618862e-01,1.212679296794524353e-01,-1.238384107094677999e-01,4.591471190312625128e-02,-1.300824572277559099e-01,9.211232490788950900e-02,-1.834181001182777215e-01,-3.651558196412371671e-02,3.442037268927310434e-01,-8.722787989690759108e-03,1.154296925988949341e-01,2.574477635545203147e-01,-9.745892457910876328e-02,-2.810443905345921811e-01,2.309623328007639476e-01,4.322515825834543496e-02,-1.706332430606349315e-01,-2.403719527119320132e-01,-2.810918516621439545e-01,-2.974250750075024818e-01,5.372049216282603901e-01,3.228479429995113614e-01,1.348102862057788953e-01,3.011633616772998456e-01,2.029702113744528413e-01,3.809233314668265119e-02,-1.674550842967723052e-01,-1.412463150220796826e-01,-1.544721109924732105e-01,2.035795902554722245e-02,4.991470217069873816e-01,1.727450885419485604e-01,-2.617890950154638796e-02
-4.609815170112265270e-01,-4.917236106189051270e-01,8.948302252692064140e-02,4.518830700870577477e-01,7.615941559557648510e-01,2.219427182685894048e-02,4.481906917097514542e-01,8.944710849130145525e-02,7.824916186571174714e-01,1.020914526100434039e-01,5.422231060158654303e-01,1.597473983917489238e-01,-1.459708943337540421e-01,5.529752159130499889e-01,-1.077400368436228911e-01,-6.295691035661118429e-01,-6.831611717209806756e-02,-5.436360854537257703e-01,2.459497831845365301e-01,1.001787617912344025e-01,-2.036283449148017510e-01,-8.749602521571604730e-02,-1.402917770432338951e-01,-2.383207421169490636e-01,-4.238706117998337630e-01,-5.212808720528051554e-01,5.953398410502468430e-01,-3.716960348159435434e-01,-1.879017764096061194e-01,3.412813159043701083e-01,3.314760577302096611e-01,-2.819458471995359705e-01,-3.109545864018528616e-01,-2.801746921382974320e-01,-4.152689906034514600e-01,2.087676423115908397e-01,2.354171621095225639e-02,9.137234636015775235e-01,-9.243428229453785547e-03,4.803157162236090794e-01,7.064573400024869165e-02,6.837695762401246879e-01,1.831311387046144212e-01,4.874355908361123202e-01,3.792731381483305936e-02,3.792912468575782015e-02,5.989230361101118838e-01,-9.577891860052498152e-02,-3.127077547997699769e-01,5.343852185948098216e-02,-3.372986109001926969e-01,3.027465924752918980e-01,3.339488744820234140e-02,-2.364289526563059518e-01,-9.848603457994777044e-02,-7.317359736454458023e-04,-4.248614934479999494e-01,-2.011587079584657156e-01,-3.812359240594037635e-01,5.273281872982567009e-01,-2.845101836441772947e-01,-1.259802573810773693e-02,3.877381126342548945e-01,1.965609603140655859e-01,-5.778170182604357441e-01,-6.706850613030708452e-02,-3.505497384964747359e-02,-3.915471637688656692e-01,-6.888360961865708232e-01,-4.359003608867722535e-01,-2.669742117364272138e-01,1.818678418475814795e-01,1.287261944275878978e-01,4.591643670157777996e-02,2.840688172849754611e-01,1.200303506924664532e-02,-5.978162286457520264e-02,-5.467639497114413771e-01,-7.096116483377359341e-01,-4.088808884819444822e-01,9.616623618655091577e-02,2.237758119338766616e-01,1.557617139020559538e-01,-1.173199357940396675e-01
3.756975682207603362e-01,-3.102544132530207222e-01,-4.203872524769652896e-01,6.011599752670340052e-02,2.219427182685880170e-02,7.615941559557648510e-01,3.989864322396526886e-01,1.306153449159313529e-01,3.317268182272459232e-02,2.109538548987054812e-03,-3.327679079778797511e-01,2.301574395844206977e-01,6.841947201113572907e-01,-5.977302247979569133e-02,-4.198046288803024551e-01,-2.693204958492340442e-04,5.256273892266036807e-01,-3.289334717210174452e-01,-2.512730329041605315e-01,-3.997568316007434341e-01,-9.120895601659199936e-02,-2.619989497192581340e-01,1.965634281785947346e-01,-6.516075612137584017e-02,1.370019642054171594e-01,1.696966183628646208e-01,1.002250773031888448e-01,9.281400780971048314e-02,2.266860624141163738e-01,1.600419846340857544e-01,1.803415423469101053e-01,-6.233742613478074346e-02,-4.296837461957033755e-01,-7.255826468874818080e-02,-3.319463491014155165e-01,-4.765069837191442392e-01,-7.268317270239893491e-02,-1.202799744781902908e-01,5.885288998615531009e-01,1.454467057375493852e-02,-4.669543728628743062e-02,-8.774869678626873171e-02,-2.471870008627136822e-02,-4.132924582696017035e-01,9.707889394228735869e-02,4.332611203409820200e-01,-2.429140764115354095e-02,-4.609619934379287631e-01,-1.467542807830041485e-01,1.312814978210921080e-01,-3.411308412261790379e-01,-3.354468853627024516e-01,-4.049974717810581049e-01,-1.994395664815429847e-01,-4.655072502733065831e-01,-1.647957455020893081e-01,-1.894740121770483454e-01,1.358572444022121753e-02,-1.472983110959232012e-01,-1.965279783871864139e-01,9.263445355206907650e-02,-8.607831542519354950e-02,8.751300176020805621e-03,-3.819615265403875082e-02,-6.512756946678815995e-02,-2.373694329593739050e-01,-4.603759802514779259e-02,-2.904369591269617135e-01,-4.311708126589144929e-01,-1.624033376561430098e-01,-1.268024190985173882e-01,-5.310876746102559387e-02,-8.234563276966366807e-02,-3.037238146410944917e-01,-1.583093982344745132e-01,2.116325286145281093e-01,1.873828852960347791e-01,-2.971602597807969093e-01,-3.015619649881328690e-01,-2.108353819107803007e-01,1.655625786693557533e-01,-8.293587297042703810e-02,-1.631126343969548087e-01,-2.714984348826702809e-01
-5.252729035356992759e-02,-3.821772089024279562e-01,-1.542414175475354809e-01,4.364258574226513865e-01,4.481906917097515097e-01,3.989864322396527996e-01,7.615941559557648510e-01,-2.288061974826196068e-02,2.718571758053525134e-01,4.184725680111312518e-01,1.250451715938254715e-01,4.640610171648882343e-01,4.529389628668930023e-01,2.760219077933803167e-01,9.082544187991279131e-04,-3.804225715142819930e-01,2.541851188537202488e-01,-3.490944126901853739e-01,-1.470669024829175664e-01,1.299855206623179715e-01,-1.389237748247734716e-01,6.552778979235816814e-02,-3.122926279070874570e-02,-2.301649300510821491e-02,-9.060537012091137571e-03,5.021387976965851346e-02,5.164412437219850771e-01,-6.266692116151521830e-02,9.418633365139746083e-02,8.448560792477306791e-02,5.205180969657529078e-01,-5.154055411414772830e-02,-1.005532672230357166e-01,-8.800814001015520860e-02,-2.408111624130457595e-01,-1.546011405809749883e-01,-2.192016542773556342e-01,3.116861117087629252e-01,1.725218140740801542e-02,7.736745370263290456e-01,-2.085165723716385366e-01,2.546844482422505052e-01,2.560089735674012656e-01,-7.799410194741887570e-02,3.023733608198851952e-01,3.676489124804824815e-01,-4.697960546324227160e-02,-4.502126052191565003e-02,-2.338601931159603742e-01,1.614728846771535664e-01,-3.120456142249929954e-01,-1.820229385648844400e-01,-2.053349738390166865e-02,-1.605811613779002944e-01,-7.290080871838133802e-02,-1.799037884687784139e-01,-5.493554900147359227e-02,-1.714127502414098114e-01,-1.190148326398096507e-01,3.333780814775345602e-01,8.195267387926465086e-02,1.228544474515614604e-01,4.068954990111642994e-02,3.832353638372402171e-01,-2.673921550806634961e-01,-4.828337315627329734e-02,-3.824171972203715443e-03,-4.293870586383545795e-01,-5.235332447927727451e-01,-1.900932293964279485e-01,-7.960950494533883259e-02,2.862903645383333417e-01,4.037108192338893509e-01,-4.814123047848495318e-02,2.144352145023744605e-01,-5.194267001012832508e-02,2.410689689731645435e-01,-4.312803908306764300e-01,-3.649289001172425495e-01,-9.760013508220541367e-02,9.160311253168978984e-02,3.503239240798194376e-01,1.553022724963683786e-02,-5.884369679836272404e-02
3.034349037356838252e-01,2.701646540777064565e-01,2.772343912857842541e-01,-4.729900099973917416e-02,8.944710849130144137e-02,1.306153449159313529e-01,-2.288061974826190517e-02,7.615941559557648510e-01,4.876965952863628745e-02,2.109375975299385420e-01,3.839680604078263837e-01,6.126755173716460501e-01,2.092195511764814719e-01,3.468353934613698231e-01,-1.582249404623919109e-01,-6.825197230817435512e-02,3.233398108777166824e-01,-2.523275042582753466e-02,3.962605582525524084e-01,-4.129517747113773396e-01,4.306360283018380031e-01,-3.780348449542208500e-01,5.533356033166494381e-01,5.726098421411115469e-01,-7.088523882637801088e-02,2.280872047451801832e-01,-2.743555612787351161e-01,3.059144446524384997e-01,-3.797779254953382311e-01,4.198381578534401970e-01,2.901190555016304184e-01,3.912402011739702368e-01,1.557845854327203662e-02,1.580126702793445762e-02,2.028782685119981111e-01,2.884398244916135390e-01,-9.687518102519458718e-02,-6.661224998532477848e-02,2.737708690217966478e-01,-9.480654949435481094e-02,8.285688530241560601e-01,-4.112906962828449114e-02,5.949373615039458413e-02,2.593413983945578316e-01,5.881603346197049609e-01,2.010924592194925919e-01,3.083144836005163869e-01,-1.647944453065008363e-01,-3.850083959383597820e-01,-4.566672706034177048e-02,-5.224244527382877062e-02,2.104867696332338722e-01,-2.199833016458741242e-01,3.910403594795047177e-01,-2.503030634427259038e-01,5.602515459707771983e-01,2.487336214423189473e-01,-1.185811921563944271e-01,2.175042753079530489e-01,-3.306299094761080415e-01,2.623676940610401576e-01,-3.354734476785717345e-01,3.729225255626234525e-01,-2.102317834991916656e-01,2.671416667738385486e-01,-3.599533263964194846e-02,1.137489223912380443e-01,-2.911135888399117230e-02,-3.423781164758947781e-01,-1.780133987988367361e-01,-7.056483381967609825e-02,-1.845744087099474573e-01,-1.651104215244716678e-01,-1.122164134671923760e-02,9.611061169912736568e-02,2.082538697972015906e-01,1.862059346371432444e-01,-8.797699442047174356e-02,-3.057236533554141267e-01,-2.508573809404768262e-01,6.769050339319142295e-02,-1.921932624931946276e-01,-1.769415586783195660e-01,1.051068871218409778e-01
-2.091081310487257761e-01,-5.039486339592292863e-01,-4.961191928362329064e-03,3.165853082047317968e-01,7.824916186571174714e-01,3.317268182272459232e-02,2.718571758053524579e-01,4.876965952863628745e-02,7.615941559557648510e-01,3.582130473650580599e-02,3.011688675286809946e-01,2.456126148050594843e-02,-3.736622420443863613e-02,2.049126656535452118e-01,-3.020033333542922471e-01,-3.809231301595462083e-01,-6.263871719125485571e-02,-2.908025882901671966e-01,3.540413410078642742e-01,-4.205793888104597533e-02,-3.099332994086800852e-01,-1.858870225983385860e-01,-1.873483522458315453e-01,-3.009917866236181405e-01,-3.552600178859920965e-01,-5.492648480281189238e-01,4.696646256969194133e-01,-1.812848111047650201e-01,-1.295932690570072432e-01,3.484586560112063469e-01,2.899396694788277107e-01,-2.797998527088794152e-01,-3.017232828078302842e-01,-1.186941466097269221e-01,-3.891251162020639698e-01,1.513711712372618201e-01,5.499032668577755883e-02,6.192746506662178962e-01,-7.173329197308114802e-02,1.988372594580635200e-01,-1.623340053268596808e-03,9.108768526327623016e-01,1.059505790935413513e-02,2.121229451527293919e-01,-1.889260173933020592e-01,-2.268605751527492595e-02,4.175795203544501177e-01,-2.470592361835688699e-01,-2.251256989965705613e-01,-1.222371462069518494e-01,-1.347822578856545939e-01,3.168742246068717572e-01,-4.812268824051003230e-02,-3.243626846865672597e-01,-1.412770022456943386e-01,-7.145600802291796061e-02,-4.832803237702413823e-01,-1.924069320411415651e-01,-4.667039483124986732e-01,4.695290657766599818e-01,-1.856716453182722937e-01,-4.210162389176044795e-02,5.144062371098437891e-01,5.628200904002017557e-02,-5.564442450756809100e-01,-9.885528014323978485e-02,-1.038348577013077471e-02,-4.822422883472683441e-01,-6.453149061740385273e-01,-4.703114575070282410e-01,-1.677080730081941529e-01,8.281359815942225533e-02,-5.481974946316033048e-02,-9.032491018490604318e-02,2.664656878403823259e-01,2.987444912756255788e-01,-2.039886954027870028e-02,-5.555878338502647784e-01,-7.188594036971602819e-01,-4.142451093928545824e-01,7.892145429979821603e-02,-6.302467313804684113e-02,1.430582803935527003e-01,-1.692017169018803502e-01
-2.086445850453213791e-01,-1.404817594198048969e-01,3.351455168124036627e-02,2.545064904860998567e-01,1.020914526100433761e-01,2.109538548987054812e-03,4.184725680111311963e-01,2.109375975299385420e-01,3.582130473650583374e-02,7.615941559557648510e-01,1.464607479915892296e-01,5.135579676990298381e-01,3.223628005527750390e-02,2.826088735478679559e-01,-3.822365011586366379e-02,1.230214826251247590e-01,3.676008703534202615e-01,2.895547412529855813e-01,-3.335761168685514449e-02,-8.087339904467251428e-02,-3.776804180417913520e-02,-7.995625408441138504e-02,-5.868647844021789017e-02,3.111812907092221803e-01,2.857561946953782184e-01,3.222942441154812432e-01,1.740911972398363761e-02,-1.437222562557607941e-01,-9.413442242308003860e-02,5.693441885913571058e-04,1.581848816973035754e-01,8.941213665566895286e-02,-3.709944401341144782e-02,-1.995444297065780137e-01,-5.874544123415130492e-02,-8.095495540110005106e-02,-3.815875427840235146e-01,1.727627993956606933e-02,-2.696814163095402339e-01,2.023789865950266220e-01,-3.031547404781534394e-02,-2.497164324343206440e-02,5.378929575671147489e-01,4.861513627418926307e-03,2.649613206619458872e-01,-1.337995623071445428e-01,-1.073859637043702436e-02,-7.482369624545270881e-02,-4.368718196951514032e-02,1.713354170681449795e-01,2.713592862288554675e-01,-1.173487671237424673e-01,-9.427156487222661252e-02,-7.063859988229141684e-02,-1.100528375279060944e-01,-1.882663716811502075e-01,2.662654074251819547e-01,9.868838460098229570e-02,3.622452630746388763e-02,-8.740386093923796507e-02,-5.043352303626808669e-02,-5.232138771034459956e-02,2.947850195055580769e-01,-5.145997690850748207e-02,-1.151317323785950447e-01,6.041335719017907474e-02,1.405173441943583235e-01,-3.569823853815425330e-01,-1.050413150251778144e-01,-1.704952359859763719e-02,-9.966553860553185873e-02,3.575748992369319201e-01,-5.693942306880213355e-02,3.505883040383192539e-01,4.825967084323750655e-01,7.122713758430082587e-02,3.453425442587582661e-01,-3.666091113988728667e-01,1.776037391106045915e-02,1.450888314898727757e-02,2.602288221070063745e-01,2.476216774985699753e-01,-2.302316387634398276e-01,1.879118379955400098e-01
-5.376368687104837729e-01,-3.846041218667654027e-01,6.449031128671361968e-01,1.553621884695722821e-01,5.422231060158655414e-01,-3.327679079778797511e-01,1.250451715938254160e-01,3.839680604078263837e-01,3.011688675286811057e-01,1.464607479915892574e-01,7.615941559557648510e-01,1.733159277325937442e-01,-3.720065839803440855e-01,5.217770008821803751e-01,7.111283453892938700e-02,-4.493296693605865477e-01,8.007757651186828141e-02,-1.942078638263095292e-01,8.225632306180168385e-01,-1.351085256441884597e-01,-2.602033249009610416e-01,-2.188224271705786761e-01,-5.168982551947939180e-02,-1.157956759836167582e-01,-4.083654053209002655e-01,-3.929840407376237188e-01,1.809452978535095180e-01,-4.121858041557165953e-01,-3.543954665619437061e-01,3.390094423677057489e-01,3.159732106692303977e-01,-8.606041560134977675e-02,-1.480415532590460548e-01,-5.075587779208092787e-01,-3.706561023036211711e-01,6.367358476392867006e-01,4.371641740691348255e-02,3.897245936589653903e-01,-2.648022913185959504e-01,1.854284057739228470e-02,3.664263082649998338e-01,2.082212234681269647e-01,5.359048062991885603e-02,8.704912942636033879e-01,-6.509655354333850064e-02,-2.921584528441654172e-01,5.903622236110908084e-01,9.226780978063814365e-02,-3.675805393878420757e-01,-1.283373729529698748e-01,-2.301201673562718875e-01,7.619695570983907595e-01,5.358722852372467538e-02,-2.527058465292868483e-01,5.883930421950826078e-02,2.355645076336873034e-01,-4.489037341314666696e-01,-3.094718175158249762e-01,-2.557153482093196262e-01,3.141557142978319006e-01,-4.525351027869253806e-01,-1.545780491208856577e-01,4.896687900367470703e-01,-2.927768619034536446e-01,-3.633394797920412866e-01,-1.421928294787023761e-01,-4.418401591753406965e-02,-3.964094157316244149e-01,-5.488361461834685429e-01,-2.129835707450960236e-01,-2.534668394530228408e-01,2.967915017944756234e-02,-8.602938775657768128e-03,1.223249844158371541e-01,3.056372273328411548e-01,-7.096717167607612120e-02,-1.320207253726849717e-01,-5.484484526746505884e-01,-6.086290244807064376e-01,-2.397731709459718918e-01,1.477478695238063355e-01,-2.897524820963354522e-02,6.433342854382919328e-03,-4.502577578001955294e-02
8.087011668454273383e-02,3.117484414182060681e-01,-1.085864911958640266e-01,1.660387800456574470e-01,1.597473983917489238e-01,2.301574395844206977e-01,4.640610171648882343e-01,6.126755173716459391e-01,2.456126148050597618e-02,5.135579676990298381e-01,1.733159277325937442e-01,7.615941559557648510e-01,4.187004976694564951e-01,4.547650821562681522e-01,-1.189081146881402345e-02,-3.910814535266656650e-02,4.689295932391313038e-01,8.485213832221216723e-02,1.882163869528326317e-01,-2.633749430338540032e-01,2.938144342002915743e-01,-2.356074723127803416e-01,2.118951213364485553e-01,7.906954713457335915e-01,4.472646615185069119e-02,5.445389418630000034e-01,-2.528575212515150605e-01,2.608858553698942262e-01,-2.982998200314057047e-01,2.220713604183679746e-01,3.590459750405718409e-01,3.070639902030570245e-01,1.508691038156801945e-01,-6.672743155155408390e-02,2.853565790024377713e-01,-1.178857829867295814e-01,-1.907675692139344514e-01,6.319912277389290456e-02,2.276978458767848768e-01,3.343412972434637864e-01,4.260169119719172670e-01,-1.673685945067474208e-03,4.177861385407243833e-01,-3.495951928841214279e-02,8.523901734237445682e-01,4.380275448746391853e-01,3.032215004935022162e-01,-1.551362830763930167e-01,-1.878159009379741229e-01,3.868473355306165096e-01,1.725742191372350021e-01,-9.768529066670028627e-02,-1.792810032713443580e-01,1.893449355129329936e-01,-2.126326088045814855e-01,1.217998781730753599e-01,5.746957651156340274e-01,-1.457551462707380382e-02,4.463624052171414336e-01,-3.670382272099172449e-01,2.781223569377949123e-01,-2.569499342800191100e-01,1.957912347555054722e-01,-1.039706963778442954e-02,5.930264012597027956e-02,2.200269567964800027e-02,2.471855134171918600e-01,-6.651729817969768976e-02,-1.314098336473760731e-01,8.338610864147492918e-02,-3.109848212246067375e-02,6.563591130309950894e-02,4.449540093685123293e-02,2.041771212678109571e-01,3.803322608962060869e-01,2.386104036212043367e-01,3.586060367246547975e-01,1.729543133836356980e-02,-1.165787104034923631e-03,7.432889610352112764e-02,1.789857338060649727e-01,1.485370518234424286e-01,-1.086259379620645588e-01,1.930917964538575449e-01
6.289207656324747875e-01,-2.214061630943244541e-01,-3.190299423404011070e-01,1.149408354319520209e-01,-1.459708943337541531e-01,6.841947201113574017e-01,4.529389628668931689e-01,2.092195511764814719e-01,-3.736622420443863613e-02,3.223628005527742063e-02,-3.720065839803441410e-01,4.187004976694565506e-01,7.615941559557648510e-01,-2.677678364051253035e-01,-4.247967882164393472e-01,-4.535472941048934725e-02,5.413421224309644675e-01,-2.666235723796415158e-01,-3.191812855309660302e-01,-3.788460742979851692e-01,-5.888313693921691516e-02,-3.950396132227449453e-01,1.938107732327798149e-01,2.406635331924272467e-02,6.425176603683666055e-02,3.382575846797812313e-01,-4.382180542438941784e-02,3.744589001405995154e-01,6.873365223365229815e-02,1.759935878131901055e-01,3.389515086510082598e-01,3.678680309163381845e-02,-3.925811636634268242e-01,2.467162159960293866e-01,-2.322177063773657457e-01,-3.924267730902740725e-01,-3.803220888931043708e-01,-2.393984309347254591e-01,2.834663266561703865e-01,3.401005234260292553e-01,-2.715277484209512038e-02,1.857057836855049646e-02,-8.075855970614416457e-02,-4.162760955594940748e-01,2.858375655278783123e-01,6.551773587393924236e-01,-2.415756600364862283e-01,-4.515786304512383054e-01,-2.166718126364081676e-01,2.384479650087875935e-01,-1.509850046463723228e-01,-3.591683442830937434e-01,-3.269772570634663089e-01,-2.159984540656378349e-01,-4.515245391749859727e-01,-1.584669971183287340e-01,-1.337563117100400677e-02,-1.309421430233425054e-01,2.405432683199279845e-02,-2.151106475012028174e-01,3.600382269544810665e-01,-1.225766646178815117e-01,-1.029138859552280877e-01,2.221313811010040273e-01,-1.207379706831243349e-01,-3.217178300614201292e-01,-3.591013811016634250e-02,-3.563111596222469646e-01,-4.295983525814308646e-01,-2.324100361793778879e-01,2.225767327300452042e-02,-9.542845177901153331e-02,4.216809597091979861e-02,-2.026371895855033911e-01,-1.056254011350294536e-01,2.134727543235232505e-01,2.890163788750963469e-01,-2.823648502722168052e-01,-2.863425031833967127e-01,-1.295323678113781130e-01,2.606660559321338222e-01,-2.447568786639559291e-01,-2.840617278855468997e-01,-1.769185287337506352e-01
-4.361501190674726969e-01,-1.084155762999803041e-01,1.709361156196023690e-01,3.260291886578364773e-01,5.529752159130498779e-01,-5.977302247979563582e-02,2.760219077933802057e-01,3.468353934613697676e-01,2.049126656535452118e-01,2.826088735478679004e-01,5.217770008821804861e-01,4.547650821562681522e-01,-2.677678364051251925e-01,7.615941559557648510e-01,1.762447355338393751e-01,-4.939989589879532073e-01,1.219616895702656106e-01,-3.470664436821300769e-01,3.483023020154253913e-01,2.116976348640094707e-01,1.730459324899651444e-02,-2.003602072783963045e-02,1.109447757564844123e-01,1.040389948439739420e-01,-3.946512165836328356e-01,-2.185254482183565661e-01,9.413706128329236977e-02,-1.507601823922682382e-01,-3.265101366962894769e-01,-3.716746055837256285e-02,2.817389568420765045e-01,9.301286789913668085e-02,7.100950178910281352e-02,-3.181632902390555961e-01,-4.875402587075593902e-02,1.810612722030748023e-01,-1.998800496459894327e-01,4.588440864354974003e-01,-7.415169124193736472e-02,3.426470528475892841e-01,2.898446313534889240e-01,5.403854100435465796e-02,2.853851727448607489e-01,4.013460561007949901e-01,3.980267262084505320e-01,9.920552317480764784e-03,7.369916341017951344e-01,2.098098099010431705e-01,-3.626758869720037581e-01,2.022972523546667512e-01,-2.033526479434799306e-01,3.161239939412315847e-01,1.260134549795021708e-01,1.753399743739197285e-03,1.733811844865407181e-02,1.532826105862733213e-01,-6.526727966806410153e-02,-2.739402439479665108e-01,-6.595711092534160824e-02,7.444703630097487812e-02,-4.228247452204240281e-02,-1.338875212295390360e-01,2.700680416153877772e-01,8.464792932391010383e-03,-4.131675888852725381e-02,8.609406470115865684e-02,9.741209831145505871e-02,7.159793170983605112e-03,-3.862188404884203119e-01,-1.257427244516022002e-01,-1.345415902507430261e-01,3.216263202137969457e-01,3.489366136734838308e-01,7.529073068823735615e-02,3.029393893852637687e-01,7.963495541475461292e-02,3.265989178363419565e-02,-6.746256766624705858e-02,-2.632896035415684954e-01,-1.523666909652716395e-01,7.298517205866726643e-02,4.965250712440356651e-01,2.171844204970379277e-01,1.536558293263521908e-03
-5.104662450567801768e-01,-1.730325138153517295e-01,2.881031443538878412e-01,-1.327063408851559823e-01,-1.077400368436229050e-01,-4.198046288803025106e-01,9.082544187991834243e-04,-1.582249404623918831e-01,-3.020033333542921916e-01,-3.822365011586358052e-02,7.111283453892935924e-02,-1.189081146881407897e-02,-4.247967882164393472e-01,1.762447355338392918e-01,7.615941559557648510e-01,-1.534398734683939669e-01,-6.358854122835422285e-02,3.363456942012879071e-03,-6.699693291214588176e-02,2.189892167608706863e-01,1.596669190947846290e-02,2.660149566093329976e-01,-1.331750570223264041e-01,-1.134014993580613889e-01,-1.998488006683365667e-02,7.626358815776530797e-02,-1.683717126116243967e-01,-4.083471254693733510e-01,-8.347803022491614988e-02,7.707201525291040856e-02,-2.548908223493371455e-02,1.434640836365851380e-01,1.605908628754400824e-01,-3.787649297041472130e-01,-5.784230380336155553e-02,2.948480394445676112e-01,-6.744407046222840318e-02,-4.194293963191800256e-02,-3.033090753042824717e-01,1.129957878939346211e-01,-1.881010503697322089e-01,-2.725761399155762765e-01,-1.663955822537918801e-03,1.017578112812892455e-01,-9.322453793036597491e-02,-2.786032163464405853e-01,1.318029684172295768e-01,8.787550586873935643e-01,-8.107890154164405783e-02,7.947706467356386792e-03,-4.706596791135826685e-02,4.385680889840970487e-02,1.356478236200199250e-01,2.704031659620770994e-02,3.276740380872941172e-01,-4.111418282649789702e-02,-3.248589762717727369e-01,-1.407805202880935691e-01,4.668891413978107363e-02,-9.501221208925526851e-02,-3.458072830661927388e-01,-2.277844483437600417e-02,-3.287207791773197330e-02,-4.792980467081498497e-01,5.910911002673471110e-02,-4.837264045875639545e-02,1.535082154500639617e-01,-6.867873119532351411e-02,3.894671916492176700e-01,2.380896431150495429e-01,-1.441745935435715664e-01,-1.028681073715020516e-01,-1.822321939875722330e-01,1.006374581798403361e-01,-3.131717146959306364e-02,-2.035442672910090511e-01,2.691553218254429947e-01,-3.843769440902981838e-02,2.885042674798335982e-01,1.745025654653822866e-01,-3.790886710561955364e-01,-2.878817029500445324e-02,1.771260216074400373e-01,-5.678801632735262089e-02
3.277509060808190822e-01,1.160285269008536485e-01,-2.567705776183890065e-01,-2.419598400311891717e-01,-6.295691035661118429e-01,-2.693204958492617998e-04,-3.804225715142819930e-01,-6.825197230817439675e-02,-3.809231301595462083e-01,1.230214826251247590e-01,-4.493296693605865477e-01,-3.910814535266662201e-02,-4.535472941048935419e-02,-4.939989589879532073e-01,-1.534398734683939114e-01,7.615941559557648510e-01,2.302246239528290550e-01,8.580808294293373883e-01,-3.067074512114155160e-01,-2.728830037757757343e-01,6.532308856292640131e-02,1.622170395100622220e-02,-1.069482550523030984e-01,1.595604276092309759e-01,2.637987828871432017e-01,2.520678190082415449e-01,-5.647324196700858057e-01,9.205023267080712779e-02,2.763212923786526609e-01,2.846045687052556894e-01,-2.239619915619768253e-01,5.701405368620639236e-02,3.988719286334803105e-01,1.507797781071009736e-02,1.077830452385435817e-01,-2.732148768764907087e-01,-8.800721234663463899e-02,-5.601253242905213092e-01,-3.683105315483999886e-01,-5.094558256071377578e-01,-3.223477810893712880e-01,-4.338860059403307212e-01,-3.395623201938602898e-01,-3.719784219872051545e-01,-1.109050098775075932e-01,-3.533836200003608319e-01,-4.162872291445306461e-01,-1.741749426425677760e-01,1.966784670550090486e-01,-2.250103458188066063e-01,5.374499314092318070e-01,-2.989023625937901607e-01,-2.566698474266240759e-01,2.425696314657475525e-02,-1.386472562330697822e-01,-3.267909322521065918e-01,2.644386115231391332e-01,-8.233048101218169712e-02,-9.214657599153783241e-02,-6.217543615849466798e-01,3.701517649120247833e-02,-7.672424443481370981e-02,-1.773812900887092592e-01,5.179336996904446849e-02,2.533178443720234818e-01,1.462154153705491622e-01,-4.475549007564897930e-01,-1.040366126079422804e-01,1.101139266557231988e-01,1.389442708895399226e-01,-3.850798031664434315e-04,2.882322848226645529e-01,-2.341604512337115696e-01,-8.032636637414326819e-02,-6.583379924756065094e-02,-1.328730577747427519e-02,-2.750602255655668626e-01,-2.043407783587553872e-01,9.075077930730406084e-02,-1.595167625284474658e-02,-1.582095200970317916e-01,-1.812302813704316229e-01,-2.943754922198213997e-01,3.051983714144373624e-02
1.465329467126239293e-01,-3.075132120669903379e-01,-6.573516741417190397e-03,4.852278624940044305e-02,-6.831611717209806756e-02,5.256273892266036807e-01,2.541851188537202488e-01,3.233398108777166824e-01,-6.263871719125481408e-02,3.676008703534202060e-01,8.007757651186835079e-02,4.689295932391313038e-01,5.413421224309644675e-01,1.219616895702655968e-01,-6.358854122835411182e-02,2.302246239528290273e-01,7.615941559557648510e-01,1.936934240534099183e-01,1.155748680012949475e-01,-2.815145135819873690e-01,-6.620892063557642926e-02,-2.069772696193308836e-01,1.034306028266213096e-01,2.929327450718350323e-01,3.095434049233511953e-01,4.686692607525667631e-01,-2.266510399291127298e-01,-1.890658862674587104e-01,-9.552291529547496385e-02,1.672139067215803743e-01,8.879441717293240499e-02,-6.077736853271208106e-02,-1.569520717635083662e-01,-3.792106965044568789e-01,-2.893029980873184637e-01,-1.421069495194303978e-01,-4.202418409534219301e-01,-1.358444959257496809e-01,5.720332638351652982e-02,1.745448360868911281e-02,5.762544383095886263e-02,-1.009842517176971349e-01,-1.121345224187862005e-01,-1.659005224514199101e-02,2.111600634596789983e-01,1.045427194629426210e-01,-8.775714718916291512e-02,-2.255716280196969348e-01,-2.656676486023665795e-01,3.682755731707059721e-01,-1.679901697162516916e-01,2.744035229351973401e-02,-1.754027039610257799e-01,-1.396686288730020764e-01,-2.022951362781365559e-01,-7.775758245240359245e-02,3.801623457777956322e-02,7.141584442952933487e-02,1.643449040348675672e-01,-3.220884208658569281e-01,-1.762841075089738030e-01,-2.703883884806638216e-01,3.139683509837339070e-02,1.270915281674983577e-01,-1.275087530416051280e-02,-2.926411067561972001e-01,1.298549814653458534e-01,-1.963385306796140151e-01,-1.856661855599102962e-01,-5.604179147664341276e-02,9.334383034529623868e-02,1.813984367121848351e-01,4.536744562218514992e-02,2.347170532998204065e-02,1.897757536209124796e-01,-2.518479404651514930e-02,3.945280954099044668e-01,-2.489958731218879229e-01,-4.358424768331378013e-02,-5.288121023932432219e-02,2.557919173131565360e-01,-2.197215971719587366e-02,-4.606253714557937973e-01,5.008325733751711750e-02
3.068011437395566365e-01,3.381247743362202907e-01,-7.194155669047323787e-02,-2.293034173130042430e-01,-5.436360854537255483e-01,-3.289334717210175008e-01,-3.490944126901853184e-01,-2.523275042582756242e-02,-2.908025882901671966e-01,2.895547412529855813e-01,-1.942078638263094736e-01,8.485213832221211172e-02,-2.666235723796416823e-01,-3.470664436821300214e-01,3.363456942012875601e-03,8.580808294293373883e-01,1.936934240534098073e-01,7.615941559557648510e-01,-1.533986688844423685e-01,-5.892931107300154042e-02,6.786462462291360798e-02,1.199636805982794846e-01,-2.995922438008783995e-01,2.127770649449255425e-01,3.399619128528655887e-01,2.979260251312605967e-01,-5.359276666529670941e-01,2.335443391818076420e-01,2.486443466491626564e-01,1.580084436924896474e-01,-1.204400723520803740e-01,2.819018151547308393e-01,6.015756170529169555e-01,-8.076151999645249380e-02,3.230176518469858871e-01,-6.798587945650208519e-02,-2.846285691870013013e-01,-4.852909627077817700e-01,-6.314082255296837864e-01,-4.582698999314457899e-01,-3.116139295712761492e-01,-3.041270780205314050e-01,-2.773621747198959375e-01,-1.280773612390338489e-01,-3.303275373472537666e-03,-5.233312070912148339e-01,-3.965346571647145879e-01,-5.521353676662954513e-02,2.745191831394415138e-01,-3.873239027324805739e-01,4.769925306917137675e-01,-1.633136048250871941e-01,6.396083441653321877e-02,-3.999762330095802537e-02,1.204653258729107834e-01,-4.404398887670291085e-01,3.106751735836479900e-01,-1.525634406255016728e-01,-7.782359341423353283e-02,-5.106236094338768572e-01,1.400355182363046680e-01,5.879847249134118742e-02,-1.803277027425934098e-01,1.968170274369006600e-01,4.395497839247027305e-01,3.514412574634055431e-01,-3.145958763105398126e-01,-1.095125983886212490e-01,6.388168974716026960e-02,2.997236175493536159e-01,1.234505351587385086e-01,2.610243831885813992e-01,-1.263657900599237938e-01,-2.157908955197527720e-02,-1.463800877906698376e-02,-7.690319521880198406e-02,-2.026981938234822811e-01,-1.621491470013146641e-01,1.627168256594619666e-01,1.494163101756554313e-01,-9.850291029071445159e-02,-1.636517575627881305e-01,-2.419812275835865611e-01,1.253585016616442782e-01
-3.987730962254843470e-01,-5.192986772297860654e-01,7.159294557419128013e-01,1.660576135273334752e-01,2.459497831845365301e-01,-2.512730329041604205e-01,-1.470669024829175664e-01,3.962605582525522974e-01,3.540413410078642742e-01,-3.335761168685520001e-02,8.225632306180168385e-01,1.882163869528327982e-01,-3.191812855309659747e-01,3.483023020154253913e-01,-6.699693291214582624e-02,-3.067074512114156271e-01,1.155748680012949475e-01,-1.533986688844422852e-01,7.615941559557648510e-01,-1.648700647588689783e-01,-4.027467049343296801e-01,-2.983089524603403375e-01,-8.165572873517146224e-02,-2.319531911773908273e-01,-3.440001577530374388e-01,-4.611251710834659012e-01,-1.035251142607711977e-01,-2.309465441267867791e-01,-4.759480889567726525e-01,3.936139618022360676e-01,2.844487881003241458e-01,-1.029529245273746452e-01,-2.182012284239563671e-01,-3.925895851851345375e-01,-4.713393624623462563e-01,6.053802949821052160e-01,2.093874381497817239e-01,1.122476637486311546e-01,-3.411971905225992252e-01,-3.945393483700524451e-01,2.431160138341585120e-01,2.536334461267739648e-01,-1.586883464931194143e-01,6.866772867405858127e-01,-3.927370606555096594e-02,-3.875250114587308059e-01,4.833174473197592302e-01,-8.940277248029329660e-02,-3.587063852086478377e-01,-3.409859522440589208e-01,-2.685584740663607972e-01,8.927591990832383084e-01,6.795382201963733049e-02,-4.579326376239745700e-01,-8.519257139172731197e-03,8.326989427831303636e-02,-4.739817611785006601e-01,-4.156101333587474689e-01,-4.138129488814926704e-01,-2.048817664193314236e-02,-2.825140131090242424e-01,-3.710297317108946502e-01,4.660927772483525744e-01,-2.971336413652824193e-01,-1.267175143836078155e-01,-2.280730730544772156e-01,-1.467630926071687991e-01,-5.227884090760703817e-01,-5.843875181190889556e-01,-3.814925827712131179e-01,-2.369158695695572359e-01,7.960241385964404726e-02,-1.025389090687693350e-01,-2.110212303688356605e-02,1.991057339488511158e-01,-4.429878320028043069e-03,-1.841742996007385003e-01,-5.893139172657895219e-01,-6.483977776101546020e-01,-4.234846812706947183e-01,-1.953921068933828220e-01,3.421488450193648639e-02,4.827446889823781145e-02,-2.950353966864776023e-01
-4.366772177062760441e-01,-5.860210729644979022e-01,4.112949291251761369e-02,2.224772866507564173e-01,1.001787617912343886e-01,-3.997568316007434341e-01,1.299855206623178050e-01,-4.129517747113772841e-01,-4.205793888104597533e-02,-8.087339904467254204e-02,-1.351085256441884597e-01,-2.633749430338540032e-01,-3.788460742979851692e-01,2.116976348640094985e-01,2.189892167608707141e-01,-2.728830037757757343e-01,-2.815145135819874245e-01,-5.892931107300156818e-02,-1.648700647588690338e-01,7.615941559557648510e-01,-5.382151078545035494e-01,5.824519242280036257e-01,-5.760310659389314969e-01,-4.502056649596651861e-01,-4.909437038699165368e-01,-3.851513788731118493e-01,2.120715989789685382e-02,-1.927173825598260393e-01,8.761134452106797421e-02,3.023175154824650490e-01,1.105740513003452274e-01,1.620671827601113599e-02,1.116490729636840235e-01,-3.353657229086716707e-01,-4.355433814990402053e-01,1.359551454712190355e-01,2.541118945986487465e-01,1.830753360281555386e-01,-4.222584248314874000e-01,1.608856803289225312e-01,-4.108374841750003781e-01,-4.346616653853358631e-02,-4.418631853700186185e-02,-3.966831045355488639e-02,-2.660366884636932716e-01,-3.676369283316442971e-01,2.187610298756651750e-01,4.167413719918862669e-01,-2.064433460938907006e-01,-2.189743986578058244e-01,-1.417434964720199198e-01,4.167962532777786527e-02,7.930214465692673187e-01,-5.021596105832951684e-01,5.440588450768530926e-01,-4.364210245025700874e-01,-5.115030400050112336e-01,-4.134491288465674819e-01,-4.361607816734622278e-01,1.195101844344647751e-01,-8.442816298775371320e-02,7.063863861246948150e-02,9.512721521077326103e-02,-3.309190537616549244e-02,4.515490156492607543e-02,2.712223856323180415e-01,-6.981075687568674519e-03,-2.445667458061097366e-01,-1.960787658422658286e-01,7.873958399725992235e-03,-5.760989939154410600e-01,2.855940828952000521e-01,2.033291599800153837e-01,-1.745668084048034030e-01,-6.806854904678803775e-02,-3.173610405771424420e-02,1.102017197360713324e-01,-3.387147687486352643e-01,-1.975633337048496030e-01,-2.846185445003868164e-02,-6.124917202376746195e-01,1.648689558694304558e-01,4.255263726224006726e-01,-4.541336641992300138e-01
-1.329977698719568002e-01,7.327732017309619428e-01,-2.557477941705947888e-01,-1.091413460402365920e-01,-2.036283449148017233e-01,-9.120895601659199936e-02,-1.389237748247735549e-01,4.306360283018380031e-01,-3.099332994086800852e-01,-3.776804180417916296e-02,-2.602033249009610416e-01,2.938144342002915743e-01,-5.888313693921691516e-02,1.730459324899651444e-02,1.596669190947839004e-02,6.532308856292647070e-02,-6.620892063557644314e-02,6.786462462291352471e-02,-4.027467049343296801e-01,-5.382151078545035494e-01,7.615941559557648510e-01,-3.298399143866707628e-01,4.122548478785855730e-01,4.728034107468559455e-01,3.221964272090225845e-01,3.503158849219600857e-01,-3.876173119050741467e-01,5.001557724884556078e-02,3.427540090284003551e-03,-6.916116246033107706e-02,7.867047731132503774e-02,5.751161785193463771e-01,4.060204881279553812e-01,-5.399745722597574377e-02,7.065125955547412184e-01,-2.271438394955214157e-01,-1.118388303330297151e-01,-3.613013026279334738e-01,-1.346928063424720490e-01,-1.504256238404320378e-01,2.744377002618241801e-01,-3.779023782348637783e-01,-2.908620942443338464e-01,-2.949121965376701460e-01,2.978136160384275977e-01,-2.667996766459739266e-01,-6.348860619028780239e-02,2.399931893679497011e-02,-7.951279122114637832e-02,-3.779968746028656290e-01,9.873244402588192414e-02,-4.976931031022748253e-01,-3.969681285178139896e-01,8.556624545241469093e-01,-1.736745058740273295e-01,1.742033438425323044e-01,4.371876177120556095e-01,5.763589445801275274e-02,3.949690571135938133e-01,-4.989309885674920730e-01,-3.287205607473189795e-02,1.016311464767812728e-01,-1.912778238763666872e-01,-1.566746664525028032e-01,4.941411584821530090e-01,2.210667782340871856e-01,-1.153018273137403071e-01,-2.723091580220357924e-02,-1.037774661240800367e-01,-7.300236365954797246e-02,2.067049045167302646e-01,-2.497685767081574693e-01,-4.372362271008343182e-01,2.193508233634598459e-01,1.519758761845244888e-01,-1.298224139909698593e-01,4.619664049918600218e-02,3.294113762283047166e-05,-1.414169536199349764e-01,-7.240299161775586023e-02,1.832098470119165878e-02,-3.935258067921344471e-01,-2.723170104473376929e-01,3.771887026678368282e-01
-3.520207713346230061e-01,-4.584495097760659110e-01,-1.514326999185043043e-01,1.050997124562221968e-01,-8.749602521571606117e-02,-2.619989497192581340e-01,6.552778979235823753e-02,-3.780348449542208500e-01,-1.858870225983387248e-01,-7.995625408441144055e-02,-2.188224271705787316e-01,-2.356074723127803694e-01,-3.950396132227448898e-01,-2.003602072783960270e-02,2.660149566093331086e-01,1.622170395100633322e-02,-2.069772696193309669e-01,1.199636805982794568e-01,-2.983089524603402265e-01,5.824519242280038478e-01,-3.298399143866708183e-01,7.615941559557648510e-01,-4.447576000691217391e-01,-2.905952112771892915e-01,-2.204481012762964376e-01,-1.654623757690907027e-01,-3.766727273327767633e-02,-2.865872083132411929e-01,2.945241428851407273e-01,2.908603504334421608e-01,-1.186073450422271414e-01,-1.378510239149121352e-01,2.563177926469529244e-01,-3.842304046870114731e-01,-2.310046766091265191e-01,-1.438645004064195709e-01,2.572773586683231861e-01,-1.119020023159183509e-02,-3.914949311507239238e-01,-5.529233477267711527e-02,-4.050064095895493099e-01,-2.694238489817318283e-01,-1.387664989156078277e-01,-2.148219671046037171e-01,-2.780446563457398268e-01,-3.789885286631508032e-01,6.420997959661109422e-02,4.077791196621808334e-01,1.964593758786483679e-01,-3.543968354196012638e-01,4.314552540538921926e-02,-1.703921336070418069e-01,2.476202716386714520e-01,-3.068462548046031468e-01,5.511342689425271502e-01,-3.864670951177398006e-01,-3.096725840782876271e-01,-2.220506870194132454e-01,-2.005164220129467545e-01,-1.620918409804203708e-01,-2.209940979312828013e-01,1.156543258642894617e-01,-1.051494154605807085e-01,-5.103695961972615214e-02,9.892846603838848993e-03,3.455720088754515307e-01,-1.780060879703613264e-01,-2.988923610198602199e-01,-1.246953707528823396e-01,1.960744530314025014e-01,-5.162446286469518641e-01,2.768495462196322032e-01,1.043928845743243017e-01,-2.030325198753770433e-01,-1.202022900587542409e-01,-5.600525238734775646e-02,1.361304185504366368e-02,-3.982743477860940517e-01,-2.061977701670068830e-01,1.187973983399267797e-01,-5.502532746634772876e-01,9.015337459245367779e-02,1.757188590520376847e-01,-3.809567184780973115e-01
2.655347492704762113e-01,1.107591677731999541e-01,1.001077739625599455e-01,-1.647091748849119908e-01,-1.402917770432338951e-01,1.965634281785948456e-01,-3.122926279070874570e-02,5.533356033166495491e-01,-1.873483522458316008e-01,-5.868647844021784854e-02,-5.168982551947941956e-02,2.118951213364483610e-01,1.938107732327797594e-01,1.109447757564844678e-01,-1.331750570223264318e-01,-1.069482550523031261e-01,1.034306028266213373e-01,-2.995922438008783995e-01,-8.165572873517129571e-02,-5.760310659389314969e-01,4.122548478785854065e-01,-4.447576000691216280e-01,7.615941559557648510e-01,1.413455876445414428e-01,9.020816173119992898e-02,1.441812582897085693e-01,-2.000211703997247514e-01,2.570855826737266647e-01,-1.415243378146070485e-01,1.205804325464198551e-01,1.845183963864509835e-01,1.869667325180840167e-01,-2.223832184805598911e-01,2.374767107583358183e-01,4.165463708525096731e-02,6.636357369543706419e-02,-1.167273450433331389e-01,-3.099392295229017602e-01,4.501261655656668137e-01,-1.803230752568603101e-01,4.609423400304161755e-01,-2.446867180163308231e-01,-1.104265283577994666e-01,-1.153352859705726458e-01,2.407108628163540098e-01,2.209683214438689092e-01,1.810633550274289294e-01,-6.375626619934401940e-02,-1.886233382183104268e-01,-2.739014348115302866e-01,-2.136125541207214706e-01,-2.229217516156224432e-01,-5.026290250118643499e-01,2.772243584166222408e-01,-4.708240325615769550e-01,8.079668320734911813e-01,-5.234583272949949219e-03,-3.198767920446454055e-02,7.926704242323112659e-02,-3.158882534702385225e-01,1.588991301401309619e-01,-1.984224215110721723e-01,-3.977822936815436639e-02,-3.501969027230482645e-01,2.525319840893562248e-02,-2.399679383957462886e-01,-7.646325037511961242e-02,-1.979875160212453133e-01,-2.265401651053580434e-01,-1.413646491366774560e-01,2.723171072661603742e-02,-3.843423924611995557e-01,-3.083728684468770020e-01,-1.537533938257919057e-02,-5.515109786791308477e-02,1.613899817631194444e-01,8.372785229522546058e-02,-2.534265647210073302e-01,-3.120631903044985833e-01,-1.852156357420298993e-01,3.636009314164586476e-02,-3.882942179383908066e-01,-1.351010485143427919e-01,8.261469059352000155e-02
9.767623303671563173e-02,7.149271408366758562e-01,-3.069879973433585207e-01,1.043244484610167996e-03,-2.383207421169490636e-01,-6.516075612137584017e-02,-2.301649300510815940e-02,5.726098421411115469e-01,-3.009917866236181405e-01,3.111812907092221803e-01,-1.157956759836167998e-01,7.906954713457335915e-01,2.406635331924272467e-02,1.040389948439739420e-01,-1.134014993580613889e-01,1.595604276092310592e-01,2.929327450718350323e-01,2.127770649449255425e-01,-2.319531911773908273e-01,-4.502056649596652416e-01,4.728034107468560565e-01,-2.905952112771892915e-01,1.413455876445414428e-01,7.615941559557648510e-01,2.812742981626529248e-01,6.963758939329515174e-01,-4.689609470393381607e-01,1.263391207827385954e-01,-3.728751673442943781e-01,-2.795311687834008477e-02,2.334077768117417268e-02,2.426039958335746982e-01,3.727109788316804173e-01,2.044746717151604137e-02,6.754479588729294104e-01,-2.745608022329464326e-01,-2.612904149598564985e-01,-2.075404158888055073e-01,-1.910587003285090651e-02,-3.943533905946254581e-02,4.093334429298077781e-01,-2.677171812892275571e-01,7.935318013580643093e-02,-2.154395636193087715e-01,7.500195869066970111e-01,3.154822302299412073e-02,-3.739295393467235301e-02,-1.419829505389931523e-01,-3.215392496573916958e-02,6.506396442951729864e-02,3.284455411497013699e-01,-4.315751823392489084e-01,-3.123821364127413736e-01,4.617280867631484709e-01,-1.630773888636623536e-01,1.376479607967741846e-02,8.798894844006721616e-01,1.383897277201130427e-01,5.823204618051035508e-01,-5.375957257143775259e-01,9.181412476888321794e-02,-2.812873913873744636e-01,-1.247268640353865476e-01,-1.574499685169512553e-01,2.296718236139125013e-01,8.098891706437880145e-02,7.410394992025259864e-02,2.066575037176128782e-01,5.503992359416847585e-02,2.642834875536579919e-01,1.465225003489874500e-01,-8.652149897547388446e-02,-1.823939030175178722e-01,1.609216019818552890e-01,1.964864435528499986e-01,8.137337496016158744e-02,1.926307876272998487e-01,2.441020862823186366e-01,1.380498435580883310e-01,1.400199592960909567e-01,1.180469907652529349e-01,-2.056277713321620626e-01,-3.136356407319343398e-01,3.341135351724566216e-01
-1.182184228391286451e-01,1.340515907233212900e-01,-4.251511953288450441e-01,-2.752232447556728911e-01,-4.238706117998337630e-01,1.370019642054171316e-01,-9.060537012091137571e-03,-7.088523882637791373e-02,-3.552600178859920965e-01,2.857561946953782184e-01,-4.083654053209003765e-01,4.472646615185074670e-02,6.425176603683670218e-02,-3.946512165836328356e-01,-1.998488006683360116e-02,2.637987828871432017e-01,3.095434049233511953e-01,3.399619128528655887e-01,-3.440001577530376609e-01,-4.909437038699165368e-01,3.221964272090226400e-01,-2.204481012762964376e-01,9.020816173120006776e-02,2.812742981626529803e-01,7.615941559557648510e-01,2.323235784874357335e-01,-4.008146567242167335e-01,-1.010516986871621420e-01,2.366506508255022401e-01,1.357757912962871405e-01,-1.319097727189476599e-01,1.810883410180703645e-01,3.022837036641147224e-01,-1.830942538876040859e-01,1.352328929913321209e-01,-4.504680108247738346e-01,-1.420774885512891550e-01,-4.393416691325152112e-01,-1.412343780119832901e-02,-2.387185651797104069e-01,-1.737282926402464456e-01,-4.150424566719067565e-01,-2.247415129419768898e-01,-3.984999570792903678e-01,1.347448768733039148e-01,-1.128849760968300142e-01,-4.571114389819995183e-01,-1.373224767015182590e-01,2.437745340233473668e-01,-1.933929900241450894e-01,2.446409601326677841e-01,-4.604795332374726491e-01,-3.207833150533891953e-01,3.219822958341526653e-01,-1.821654877566128428e-01,-1.603146794912357065e-01,2.813900609648951612e-01,5.130964142459339961e-01,4.268120801980872236e-02,-4.371790535650783016e-01,-1.196050647817532425e-01,1.829257604242403579e-01,-1.460503451295706856e-01,5.741565874063393748e-02,3.013911206973385326e-01,1.577563831778207859e-01,-1.075574631029458383e-01,-9.014220767861759465e-02,1.537794316666747096e-01,3.892975577349129246e-01,2.160443770860896451e-01,-1.267791566082649701e-01,-4.104382237453957916e-01,7.624746787935725301e-02,-1.567582912349592683e-01,-2.424665635737414671e-01,-4.837995693730589436e-02,-1.176418053547324399e-01,1.743043034675864911e-01,2.922235688155270794e-01,2.093827650547319327e-02,-3.788341651354918960e-01,-3.917146998611821251e-01,2.631231114679722927e-01
2.783264903787129874e-01,3.800950900561712587e-01,-3.325924772478159319e-01,-1.345064756506835768e-01,-5.212808720528051554e-01,1.696966183628646763e-01,5.021387976965852734e-02,2.280872047451802664e-01,-5.492648480281189238e-01,3.222942441154812432e-01,-3.929840407376236633e-01,5.445389418630001144e-01,3.382575846797812313e-01,-2.185254482183565661e-01,7.626358815776536348e-02,2.520678190082415449e-01,4.686692607525667631e-01,2.979260251312604857e-01,-4.611251710834659012e-01,-3.851513788731118493e-01,3.503158849219600857e-01,-1.654623757690908692e-01,1.441812582897084860e-01,6.963758939329515174e-01,2.323235784874356780e-01,7.615941559557648510e-01,-5.529657174019094734e-01,1.726641318313857087e-01,-1.180960684320468412e-01,3.535254945860005216e-01,1.307720328161826595e-01,2.063016855966322283e-01,2.543154867717133394e-01,-6.008765244278160139e-02,3.545867602629875215e-01,-3.254077252546536125e-01,-2.925686132555955776e-01,-4.761230950907180404e-01,-1.590154232785939981e-01,-3.189630664595497628e-02,1.989360674089415276e-02,-5.194259421431028922e-01,-1.119769112168048086e-01,-4.834404828835702217e-01,5.222997788258552099e-01,-5.242479970123185319e-03,-2.471850222628397264e-01,2.320609805818313331e-02,-4.277111484170453143e-02,-1.966328707818156343e-02,1.469755897770750885e-01,-5.393993156162986136e-01,-3.009840502263072537e-01,1.862390718905140297e-01,-1.655712780048034516e-01,-1.007273862814513504e-01,5.064249673244743954e-01,-1.601170862408543838e-01,5.149473656911712771e-01,-5.789789094936736991e-01,3.622357336529302696e-02,-2.801303319445849760e-01,-2.307107272571898016e-01,-4.143383620091265623e-02,2.856893204743109482e-01,1.086103432648271097e-02,-1.509017197240850594e-01,-2.814314362750348561e-02,3.050804019016710167e-01,3.290843991578943362e-01,-5.537071261254458004e-02,-5.090340092521000726e-02,-1.139074985360605113e-01,9.062130332335059657e-02,-2.340708320614637572e-01,-4.971096327017365812e-02,4.422520470402723641e-02,-6.156063587547652011e-02,3.365450467108505039e-01,2.653581346780763406e-01,-1.930934077356642187e-01,-2.315798708011681528e-01,-2.012516132407730085e-01,1.844950219504399302e-01
-2.898134020263243293e-01,-7.063964384667086316e-01,2.222118786880662028e-02,3.825988972852177317e-01,5.953398410502468430e-01,1.002250773031888448e-01,5.164412437219849661e-01,-2.743555612787351161e-01,4.696646256969194133e-01,1.740911972398366536e-02,1.809452978535095735e-01,-2.528575212515150050e-01,-4.382180542438944559e-02,9.413706128329242528e-02,-1.683717126116244245e-01,-5.647324196700858057e-01,-2.266510399291127020e-01,-5.359276666529669830e-01,-1.035251142607711422e-01,2.120715989789690933e-02,-3.876173119050742022e-01,-3.766727273327773184e-02,-2.000211703997248069e-01,-4.689609470393380497e-01,-4.008146567242167890e-01,-5.529657174019094734e-01,7.615941559557648510e-01,-2.989178244535059537e-01,2.146104219590914963e-01,3.651531437962263205e-01,2.456591245454179950e-01,-3.287984353001184856e-01,-2.971587279885488653e-01,-2.495616814656450855e-01,-4.762536227304013936e-01,9.971052769059360332e-02,4.423109268406648087e-01,4.828039528365732913e-01,-6.739404608887067383e-02,4.028778110639528731e-01,-2.734763568959897584e-01,3.230231826786452154e-01,8.165529835942229864e-02,1.185674371188714105e-01,-3.129902202745414308e-01,-3.172365129690888491e-02,3.003090385975188403e-01,-5.783566672250630564e-02,-2.135993812922268031e-01,-3.153327006335820415e-01,-4.357304803681642524e-01,1.470910793879622556e-02,-9.570605896672500223e-02,-4.102673305089825639e-01,-2.061908370594642548e-01,-1.314458484866881105e-01,-5.091369480795101543e-01,-1.977251386231958508e-01,-5.407241118821072279e-01,8.445845420170476903e-01,-2.516704461925912129e-01,1.743772409461690209e-01,2.549258176989309677e-01,2.337061594790473817e-01,-5.332801982626552695e-01,-1.233487989600496187e-01,-1.332920514463708239e-01,-6.614041198109329445e-01,-6.171943947724783941e-01,-4.783321928355724895e-01,-4.620849889163671231e-01,2.182705858022677969e-01,7.181898840336473945e-03,-9.152275448758977194e-02,6.038006090098495260e-02,5.182156845405157947e-02,-3.605489884772408032e-02,-6.339115300935763697e-01,-6.217348294837716782e-01,-4.881673537575291766e-01,-1.991303980427010234e-01,1.676402863955543110e-01,2.815935954092447790e-01,-3.520192341470260167e-01
4.373712726623006919e-01,2.656634004116963099e-02,-6.957846834576779382e-02,-5.788930146916698022e-02,-3.716960348159434879e-01,9.281400780971042763e-02,-6.266692116151517666e-02,3.059144446524385552e-01,-1.812848111047649369e-01,-1.437222562557607664e-01,-4.121858041557166508e-01,2.608858553698943372e-01,3.744589001405995710e-01,-1.507601823922682382e-01,-4.083471254693733510e-01,9.205023267080715554e-02,-1.890658862674587104e-01,2.335443391818075864e-01,-2.309465441267868069e-01,-1.927173825598260393e-01,5.001557724884544975e-02,-2.865872083132411929e-01,2.570855826737267757e-01,1.263391207827385954e-01,-1.010516986871621559e-01,1.726641318313857643e-01,-2.989178244535059537e-01,7.615941559557648510e-01,-8.202743376100193884e-02,9.262938960280620027e-02,-1.353994931205138863e-01,5.757349557328159673e-01,-4.391993934470295180e-02,6.114694040552771659e-01,7.867971321988251332e-02,-1.563623427022486356e-01,-3.055834845970522018e-01,-3.674884651812939107e-01,-3.572361830425073437e-02,-5.708615329185074555e-02,1.071556881606268857e-01,-1.166530530918876013e-01,-1.435432941472673252e-01,-2.998489278284192094e-01,2.098502285446816606e-01,2.206873735237342704e-01,-1.326553104501667912e-01,-3.677957204423800697e-01,-9.092439470746709052e-02,-1.332130405964980779e-01,1.915302982677319077e-01,-2.686009968353905708e-01,-1.762728755651646051e-01,-2.382345368784921993e-02,-2.757849774035502355e-01,3.860066135267473109e-02,2.991116631426514183e-01,-2.632131956546512330e-01,-6.141967117955311750e-02,-4.043023364710719436e-01,9.337373578545934416e-01,-1.772405604531842038e-01,-1.810930587453768170e-01,2.021667501188064986e-01,2.995894595858256126e-01,1.096434971068789045e-03,-2.502640664947062277e-01,-1.925898669705701505e-01,-4.727745022804207831e-01,-3.995061798886303528e-01,5.444511658440386731e-02,2.126297028242137288e-01,-2.540585600337685532e-02,-2.963241131292362329e-01,5.871372905277746218e-02,-2.742560602631086142e-02,1.933055391789150271e-02,-2.355517698955350014e-01,-5.011420120799890965e-01,-3.114299860113682317e-01,-1.500939649266047442e-02,-9.739778965912050668e-02,-7.347072886723617080e-02,-3.124624400715043659e-01
9.568765902793414588e-03,-3.907438919608757777e-01,-1.966243422227743065e-01,-7.559605740543087760e-02,-1.879017764096061194e-01,2.266860624141164848e-01,9.418633365139740532e-02,-3.797779254953380090e-01,-1.295932690570074652e-01,-9.413442242307998309e-02,-3.543954665619435951e-01,-2.982998200314055937e-01,6.873365223365227039e-02,-3.265101366962894769e-01,-8.347803022491612213e-02,2.763212923786528274e-01,-9.552291529547497773e-02,2.486443466491626009e-01,-4.759480889567725970e-01,8.761134452106794646e-02,3.427540090283837017e-03,2.945241428851406162e-01,-1.415243378146070485e-01,-3.728751673442943781e-01,2.366506508255024344e-01,-1.180960684320469661e-01,2.146104219590914131e-01,-8.202743376100199435e-02,7.615941559557648510e-01,1.989107494956486866e-01,-4.878224033987542396e-02,7.544548928077914052e-02,8.055403601981019068e-02,4.641658733408893407e-03,-2.584553715785875005e-01,-2.252193982044214671e-01,1.111899175329200545e-01,-1.896323238450693116e-01,-1.303492508519556448e-01,-1.814396917837692857e-01,-4.110015310675917966e-01,-1.925603893248818976e-01,-2.297542879504388957e-01,-2.522071011343323121e-01,-3.674916051261759020e-01,-2.686044328635259215e-01,-2.076115444064004223e-01,-2.393235001198815159e-02,2.389148228632531068e-01,-3.249088854502388823e-01,2.373142038674587173e-01,-3.924601786628124089e-01,-4.352139350354803857e-03,-1.513046623745173680e-01,1.131419764791121996e-01,-3.416311950994732616e-01,-1.511464331678979145e-01,1.373611097748749510e-01,-2.385214751046632331e-01,-3.111784429162070195e-02,1.830483192364553476e-03,5.562818977188856984e-01,-1.966490493195881817e-01,1.840023289242595506e-01,1.260040861045287341e-01,2.461934377109101235e-01,-3.552823039329962573e-01,-4.122646709886155225e-01,-2.561642008096675638e-01,-4.987535135310047080e-02,-7.049093589691986239e-02,2.635055719156688125e-01,-1.748437788257141690e-01,-1.255283136118031662e-01,6.706193902810858587e-02,-2.901806531176384651e-01,-1.276522950123921141e-01,-5.112926473346829370e-01,-2.529331083646375045e-01,-1.318487994586373391e-01,-1.716816638392662242e-01,-1.323689386688911007e-01,-1.179372192762612737e-01,-1.748431551967730702e-01
4.308618407265231258e-03,4.453910519137559143e-02,1.729839189049810211e-01,6.246543769339238383e-02,3.412813159043701083e-01,1.600419846340857821e-01,8.448560792477308179e-02,4.198381578534401970e-01,3.484586560112064024e-01,5.693441885914273621e-04,3.390094423677057489e-01,2.220713604183679191e-01,1.759935878131900222e-01,-3.716746055837256285e-02,7.707201525291038080e-02,2.846045687052556894e-01,1.672139067215803743e-01,1.580084436924895919e-01,3.936139618022360676e-01,3.023175154824650490e-01,-6.916116246033110482e-02,2.908603504334421608e-01,1.205804325464198273e-01,-2.795311687834009171e-02,1.357757912962870850e-01,3.535254945860004661e-01,3.651531437962263205e-01,9.262938960280617251e-02,1.989107494956487421e-01,7.615941559557648510e-01,2.197147438980846246e-01,3.617545423354538020e-02,1.608728638430196034e-01,-1.843758452467791353e-01,-3.368679249772563861e-02,1.117762247150627941e-01,1.317282071865064907e-01,2.197879289774280209e-01,-1.517738841215091894e-01,-1.111454827095604003e-01,2.927611525256012537e-01,3.348677599046904207e-01,-2.178820494982488809e-01,2.666049973159033137e-01,-1.010954819796338611e-01,-1.280266636953621695e-01,1.550252979203530501e-01,1.305808748660285401e-01,-1.934782927239425123e-03,-5.530107850117038648e-01,-2.574239198988874724e-02,2.916267439995502975e-01,4.131756371131702910e-01,-1.307841917205405935e-01,3.779781574247905174e-01,-3.715353695651160606e-03,-2.408171691954796301e-01,-4.300068725896351307e-02,9.752132307499183916e-02,3.775414969699812939e-01,-5.507880657147801173e-02,1.795588081368077182e-01,5.378416813185555867e-01,-1.336509466419585901e-01,1.946168653123276637e-01,2.103697129344787864e-01,3.013292644048612412e-01,-2.125165820565498298e-01,4.046945485855948932e-02,2.690665389639498306e-01,-9.077390068268029188e-02,-1.400323459297019846e-01,8.797231957601524960e-03,-1.494822952502962154e-01,-8.106901741209844581e-02,1.863092581635170941e-01,3.121348628023564720e-01,-2.867088830755166740e-01,-2.057127784296897133e-02,1.396852453971043628e-01,-8.653691523105250250e-02,-1.138256327722718814e-01,2.048995291462890611e-01,-8.047868812147919784e-03
4.717816943718931020e-04,-5.203329028899868203e-02,1.934990434961118833e-01,1.075921286040819672e-02,3.314760577302095501e-01,1.803415423469101053e-01,5.205180969657529078e-01,2.901190555016304184e-01,2.899396694788277107e-01,1.581848816973034921e-01,3.159732106692302867e-01,3.590459750405717854e-01,3.389515086510082598e-01,2.817389568420764490e-01,-2.548908223493379782e-02,-2.239619915619768253e-01,8.879441717293230785e-02,-1.204400723520802907e-01,2.844487881003241458e-01,1.105740513003451997e-01,7.867047731132505162e-02,-1.186073450422271275e-01,1.845183963864510390e-01,2.334077768117422819e-02,-1.319097727189476321e-01,1.307720328161825762e-01,2.456591245454180505e-01,-1.353994931205138585e-01,-4.878224033987546560e-02,2.197147438980846246e-01,7.615941559557648510e-01,7.072162622418007305e-02,-2.607468492194005560e-01,-2.875489198472283014e-01,-1.533477814444563214e-01,1.336937813962675581e-01,-2.656435674430957516e-01,2.216013037959328469e-01,1.281981032376875718e-01,4.122303981222130154e-01,2.182551402303119781e-01,2.603261024997653994e-01,9.892880925770299039e-02,5.363857709822757169e-02,1.155039934627147824e-01,2.494932935317366873e-01,2.159844965624065638e-01,5.549090403471071409e-02,-3.330313619473876385e-01,-6.922935831349764056e-03,-9.431287860483482388e-02,1.500115567539678230e-01,-1.443617367802404149e-02,-2.623888038279261620e-02,-1.255428032333811561e-01,1.549459867902295007e-01,4.760985972480302753e-02,-1.214813391543413251e-01,4.318371930858049684e-02,8.903943388260764091e-02,-1.572346611466166610e-01,-7.628504272441201384e-02,3.093774237598324595e-01,-5.176860068826160122e-01,-3.455150078498205324e-01,-1.944751815381771942e-01,1.795037255672756182e-01,-2.171411431838260117e-02,-2.063608115961504952e-01,-4.039245215263855687e-02,-8.339047222018865224e-02,-3.187024554103437546e-02,3.881461767642335747e-02,2.258532683552981479e-02,2.003067411587267366e-01,-3.289663317339241305e-02,2.840111717390757518e-01,-1.217268236896994760e-01,-1.007530147345335192e-01,1.100949017765253807e-01,2.556584752348505796e-01,1.207396644811335185e-01,1.285481958576576156e-01,2.285886372173218453e-02
-2.451684449777092462e-02,3.749662443176048909e-01,4.800340561188986416e-02,-3.152680816652424917e-02,-2.819458471995359705e-01,-6.233742613478075734e-02,-5.154055411414767279e-02,3.912402011739702368e-01,-2.797998527088794707e-01,8.941213665566893898e-02,-8.606041560134977675e-02,3.070639902030569690e-01,3.678680309163379070e-02,9.301286789913668085e-02,1.434640836365850824e-01,5.701405368620633685e-02,-6.077736853271210882e-02,2.819018151547308393e-01,-1.029529245273746729e-01,1.620671827601108048e-02,5.751161785193464882e-01,-1.378510239149122463e-01,1.869667325180839890e-01,2.426039958335747260e-01,1.810883410180702535e-01,2.063016855966321172e-01,-3.287984353001184301e-01,5.757349557328161893e-01,7.544548928077911276e-02,3.617545423354543571e-02,7.072162622418007305e-02,7.615941559557648510e-01,4.428426326963910142e-01,1.189271893393350765e-01,4.268082536981571140e-01,-1.848954656045991712e-02,-6.963471761961757822e-02,-2.868384967879500369e-01,-3.726170081344368744e-03,-2.174394524427797262e-03,2.639200744087477069e-01,-2.649569227976300567e-01,-3.172867866122100478e-02,-6.204787474769150185e-02,2.684766651480829935e-01,-3.649356800424126586e-03,-5.887130287759075736e-02,1.850384761156765034e-01,-2.746431636778956867e-02,-1.175180655172945593e-01,3.120215735011474534e-01,-1.130409610997463871e-01,1.408280707754785144e-01,6.430521938232092172e-01,1.756958649192566224e-01,1.588210082198270590e-01,2.809037005826524047e-01,3.994745046493892310e-02,2.609334819267946082e-01,-3.523997246773332148e-01,6.490817221733135023e-01,2.433638206108568458e-01,1.424278521898949268e-01,3.916234242957537803e-02,8.917253906405190333e-01,5.130204743773660869e-01,1.055056793165163459e-01,1.970706201427699367e-01,-3.551696871800956723e-01,-1.491083173284381835e-01,3.241698348471070412e-01,3.175352540605693580e-02,-6.074484586144356102e-02,-6.988183984568202556e-02,4.236517700972888267e-01,-1.610673206222181797e-01,1.264243276719299036e-01,2.463169167187384268e-01,-3.257182201001889710e-01,-7.699731035334539397e-02,7.691146741571547318e-02,-1.446414066160477130e-01,1.106274480239051311e-01,5.352426552271116050e-02
-2.374714543125222010e-01,6.677227161203984629e-01,-1.101379215102505083e-01,2.200666963794923811e-02,-3.109545864018529171e-01,-4.296837461957033200e-01,-1.005532672230357444e-01,1.557845854327209213e-02,-3.017232828078302842e-01,-3.709944401341153108e-02,-1.480415532590461103e-01,1.508691038156801112e-01,-3.925811636634269353e-01,7.100950178910278576e-02,1.605908628754400824e-01,3.988719286334803660e-01,-1.569520717635083384e-01,6.015756170529169555e-01,-2.182012284239563671e-01,1.116490729636840790e-01,4.060204881279553812e-01,2.563177926469528689e-01,-2.223832184805598633e-01,3.727109788316804173e-01,3.022837036641147779e-01,2.543154867717133949e-01,-2.971587279885488098e-01,-4.391993934470289629e-02,8.055403601981024619e-02,1.608728638430196034e-01,-2.607468492194005005e-01,4.428426326963910142e-01,7.615941559557648510e-01,-1.833531895204440210e-01,6.781372101811524722e-01,-1.230776349633500438e-01,-8.645717176216968780e-03,-2.507239600455993811e-01,-5.040517566587062737e-01,-1.603798047545439420e-01,-1.422050558518166419e-01,-3.633509655382355374e-01,-2.207032517022552986e-01,-1.431182892859300115e-01,7.229307260437482785e-02,-4.963390018294276396e-01,-1.758819123674079110e-01,1.845386924804359174e-01,1.445331535248982058e-01,-3.383185094350042998e-01,5.560845912825711501e-01,-2.563456295690468290e-01,4.376294555629259980e-02,4.471343571994215171e-01,2.164721496268101342e-01,-2.697966498701770965e-01,5.488907776151389362e-01,-2.709986660327306021e-02,1.605342233564836796e-01,-4.365758818405265917e-01,4.726643976583590027e-03,1.582922159721125710e-01,-1.946002804456672952e-01,-2.356157206420277789e-02,5.106902996005489026e-01,6.669499066353811179e-01,-2.830677297695145533e-01,1.874642600346367038e-01,-1.797576149881783799e-03,1.650641049936625582e-01,4.139720182332148196e-02,3.083460900194847643e-01,-9.356195704353985343e-02,-2.656468562490292562e-03,2.029398271330387915e-01,-2.574435753625125556e-01,-1.373294259016641927e-01,8.207058338402806186e-02,4.186555130276976844e-02,8.545837390126528876e-02,-5.204512229079642088e-02,-9.375525671931085603e-02,-1.891357247289727206e-01,2.051553731746916798e-01
4.178272716113243801e-01,1.400474013344159552e-01,-1.089368699653579242e-01,-1.208666713157364875e-01,-2.801746921382973210e-01,-7.255826468874812529e-02,-8.800814001015520860e-02,1.580126702793442986e-02,-1.186941466097269221e-01,-1.995444297065780692e-01,-5.075587779208093897e-01,-6.672743155155415329e-02,2.467162159960294698e-01,-3.181632902390556517e-01,-3.787649297041472685e-01,1.507797781070998634e-02,-3.792106965044569344e-01,-8.076151999645238277e-02,-3.925895851851345375e-01,-3.353657229086716707e-01,-5.399745722597571601e-02,-3.842304046870114731e-01,2.374767107583357906e-01,2.044746717151602750e-02,-1.830942538876040859e-01,-6.008765244278167078e-02,-2.495616814656451687e-01,6.114694040552770549e-01,4.641658733408837896e-03,-1.843758452467791353e-01,-2.875489198472283570e-01,1.189271893393351320e-01,-1.833531895204440210e-01,7.615941559557648510e-01,2.309145583445572358e-01,-1.615656769952474592e-01,-2.697698511994674475e-01,-2.230290206527481833e-01,8.978879836369842160e-02,1.007631204756817417e-01,-8.266009903229400158e-02,-2.663746945780745209e-02,-1.088036665703242117e-01,-4.494033141557539635e-01,7.970349010790547112e-03,3.660195391019214761e-01,-1.986479651514564682e-01,-3.504062596640235006e-01,2.585006675305656088e-01,-1.651454490503673489e-01,4.163882176440714677e-01,-4.100066934369402949e-01,-3.595892107360376122e-01,-4.156099530050674784e-02,-4.030075096172893723e-01,9.432521451569265969e-02,2.115050689658585226e-01,-6.597042105464485939e-02,7.810906744382697942e-02,-3.646741768183733856e-01,6.853271570283866465e-01,2.834348984451436591e-03,-3.572847243749870949e-01,2.244738142692094540e-01,-1.229331473111317241e-01,-1.678939313081420082e-01,-1.945507195870064820e-01,-2.943493597846628118e-01,-3.284599211085155734e-01,-3.885700039171913200e-01,2.421608233365664734e-02,-2.994169176548125075e-02,-6.523925538922709100e-02,-2.980031222420013726e-01,-2.144943101921359951e-01,7.766798147718806389e-02,-1.789560684156088211e-01,-2.157278507174456850e-01,-3.420482448821280386e-01,-2.668427652296502250e-01,4.609293429997861347e-02,-2.401920010415120876e-01,-1.379177075598807811e-01,-3.002221211922854738e-01
-1.083840822095097772e-01,9.340307870250518230e-01,-3.670418336935354908e-01,-6.383678760638368532e-02,-4.152689906034515155e-01,-3.319463491014155165e-01,-2.408111624130457595e-01,2.028782685119981388e-01,-3.891251162020639698e-01,-5.874544123415127717e-02,-3.706561023036210600e-01,2.853565790024377713e-01,-2.322177063773657457e-01,-4.875402587075589739e-02,-5.784230380336161104e-02,1.077830452385436927e-01,-2.893029980873184637e-01,3.230176518469858871e-01,-4.713393624623464229e-01,-4.355433814990400943e-01,7.065125955547412184e-01,-2.310046766091265191e-01,4.165463708525099507e-02,6.754479588729294104e-01,1.352328929913322875e-01,3.545867602629874105e-01,-4.762536227304013936e-01,7.867971321988251332e-02,-2.584553715785874450e-01,-3.368679249772561085e-02,-1.533477814444563214e-01,4.268082536981570030e-01,6.781372101811524722e-01,2.309145583445572081e-01,7.615941559557648510e-01,-2.641247344194601610e-01,2.591628783280541803e-02,-3.459899318074862173e-01,-3.615636635353576267e-01,-2.237999757247345345e-01,1.186107615383574093e-01,-3.766537273109757389e-01,-1.899122600267866279e-01,-4.256856680492062117e-01,3.647857099625877453e-01,-3.277022494536808161e-01,-2.104249760839929650e-01,-2.476624444006156334e-02,6.928770071780550321e-02,-3.862054871354388963e-01,4.304344088718671801e-01,-5.931107780167902410e-01,-3.357743316626622399e-01,7.369429191568134252e-01,-1.329949228441231479e-01,-6.160356839412892832e-02,8.047452075051845233e-01,-5.441301738946223432e-02,3.861408738247268380e-01,-6.001677180994878791e-01,7.221305180901667342e-02,-1.140331133828452609e-01,-3.373736301165954909e-01,2.038029141785677179e-01,3.683019971827931616e-01,4.029228792388914737e-01,-2.897143835039343585e-01,1.777676308342548694e-01,1.026480645585290258e-01,-6.200923058728739085e-02,2.412357266252647403e-01,1.387945571707079606e-01,-2.468552690104318104e-01,2.239784121205826706e-01,3.162474732912868292e-01,-1.195118683047432656e-01,-2.274206225402282122e-01,1.931953340920838369e-01,2.157188689017580999e-02,5.082315051501399422e-02,1.029075457985540176e-01,-1.573988504488645912e-01,-1.591681253118239214e-01,4.535250708291425625e-01
-2.895423312233846858e-01,-3.127937569621589420e-01,9.404058063345340779e-01,-4.263227289574113461e-03,2.087676423115907287e-01,-4.765069837191442392e-01,-1.546011405809749883e-01,2.884398244916136500e-01,1.513711712372619311e-01,-8.095495540110005106e-02,6.367358476392865896e-01,-1.178857829867295814e-01,-3.924267730902740170e-01,1.810612722030746913e-01,2.948480394445676112e-01,-2.732148768764906532e-01,-1.421069495194303145e-01,-6.798587945650204356e-02,6.053802949821052160e-01,1.359551454712189800e-01,-2.271438394955213602e-01,-1.438645004064195987e-01,6.636357369543723073e-02,-2.745608022329464326e-01,-4.504680108247738346e-01,-3.254077252546536125e-01,9.971052769059363108e-02,-1.563623427022485524e-01,-2.252193982044214116e-01,1.117762247150627664e-01,1.336937813962675581e-01,-1.848954656045987549e-02,-1.230776349633500022e-01,-1.615656769952474592e-01,-2.641247344194601054e-01,7.615941559557648510e-01,4.883674587894473035e-02,8.771825918048210824e-02,-3.498462145429604431e-01,-2.578985169876568673e-01,2.831237003253285200e-01,1.924377554995648498e-01,-1.819853069835788983e-01,7.910416642254997077e-01,-3.337059098996356110e-01,-3.829141370119820698e-01,2.921452641130487526e-01,3.709333625138245272e-01,-2.553119938571127845e-01,-3.505171941177002704e-01,-2.114734797754757589e-01,6.846750378869841391e-01,3.396192176495262949e-01,-1.702112077580594240e-01,2.228386344633952465e-01,3.996215971879243378e-01,-5.214011843389489975e-01,-3.323898636192578748e-01,-2.236423198025243309e-01,3.842862200500258285e-01,-2.671650847318172151e-01,-2.796146933123436207e-02,3.047397299815967076e-01,-4.659314454464075772e-01,-2.113043824595010334e-01,-1.348671023008554959e-01,-1.403252340148401778e-01,-3.539175350482634541e-01,-4.844506840190543340e-01,-3.312975052149944588e-01,-1.872989818116951588e-01,-8.156369802258810198e-02,-2.362314888155326864e-01,-1.053650083548827165e-01,1.371263794505097611e-01,-9.770122536736283725e-02,-1.770104466963042522e-01,-4.670371695169442949e-01,-5.988411941215234791e-01,-3.507496165856867631e-01,-9.571344297392640754e-02,-1.763221517518192560e-01,-4.550928881658501679e-02,-2.872279329351560828e-01
-3.902020641552286229e-01,-3.845579788601181936e-02,6.640584621460825232e-02,8.310303867572391145e-02,2.354171621095224251e-02,-7.268317270239894878e-02,-2.192016542773555787e-01,-9.687518102519465657e-02,5.499032668577755883e-02,-3.815875427840235146e-01,4.371641740691345479e-02,-1.907675692139344514e-01,-3.803220888931043708e-01,-1.998800496459894049e-01,-6.744407046222843094e-02,-8.800721234663461123e-02,-4.202418409534219856e-01,-2.846285691870013013e-01,2.093874381497816128e-01,2.541118945986488575e-01,-1.118388303330297429e-01,2.572773586683231306e-01,-1.167273450433331250e-01,-2.612904149598565540e-01,-1.420774885512891550e-01,-2.925686132555955776e-01,4.423109268406647532e-01,-3.055834845970522018e-01,1.111899175329201378e-01,1.317282071865065463e-01,-2.656435674430957516e-01,-6.963471761961755047e-02,-8.645717176216982658e-03,-2.697698511994674475e-01,2.591628783280543191e-02,4.883674587894464708e-02,7.615941559557648510e-01,3.701173570320795414e-02,4.280894156759579294e-02,-3.285104792191091416e-01,-7.963537909903806514e-03,8.714106784669553574e-02,-5.076758089206166724e-02,-1.721929528808140153e-02,-3.282727032501411846e-01,-3.865039249502752461e-01,-1.932024039163061646e-01,-1.725739376128703623e-02,2.376451898709288080e-01,-3.655239653843713188e-01,3.590020022649322712e-02,1.577671742974728897e-01,2.151792609713858995e-01,6.738011809751962879e-03,3.328738445526548961e-01,1.940882271561351555e-02,-1.069363364892350204e-01,1.787026071832785168e-01,5.885928355658015532e-02,4.524822625663034170e-01,-2.838956047975808583e-01,3.361214122904974677e-01,3.464095117689434677e-01,-1.264222260366576756e-01,-1.505287386920070580e-01,1.528696184597137520e-01,-2.872126969593831736e-01,-2.872932824820954578e-01,-2.350323233369620290e-01,-3.876180193374970800e-02,-1.301494153158633538e-01,3.278235749936423415e-01,-4.402478639354794748e-02,-4.250826671818555558e-02,1.469847202300956016e-02,2.794088333285745310e-02,-4.949783350018840400e-01,-1.968966072122141364e-01,-3.088088523991796008e-01,-5.032559751965934303e-02,-1.185892148244628158e-01,3.369471116696780566e-01,2.025888259522229395e-01,-3.108238100131887061e-01
-4.587417505004716678e-01,-4.448178776220536035e-01,-5.879172937417440764e-03,4.199449051129354182e-01,9.137234636015775235e-01,-1.202799744781901797e-01,3.116861117087629807e-01,-6.661224998532475072e-02,6.192746506662178962e-01,1.727627993956605545e-02,3.897245936589654458e-01,6.319912277389293231e-02,-2.393984309347255424e-01,4.588440864354975113e-01,-4.194293963191801644e-02,-5.601253242905213092e-01,-1.358444959257496254e-01,-4.852909627077817700e-01,1.122476637486312656e-01,1.830753360281556219e-01,-3.613013026279334738e-01,-1.119020023159189060e-02,-3.099392295229018157e-01,-2.075404158888054795e-01,-4.393416691325152668e-01,-4.761230950907180404e-01,4.828039528365732913e-01,-3.674884651812939107e-01,-1.896323238450692283e-01,2.197879289774279654e-01,2.216013037959328469e-01,-2.868384967879500924e-01,-2.507239600455993256e-01,-2.230290206527481278e-01,-3.459899318074861618e-01,8.771825918048206661e-02,3.701173570320800965e-02,7.615941559557648510e-01,-2.068796069984922825e-01,3.816589045777481481e-01,-7.133691310003499597e-02,7.239953135833430142e-01,8.451046884884495791e-02,4.201167177345093151e-01,-1.528166021637761100e-02,-3.655749159832771822e-02,5.992039657617665993e-01,-2.318752049108097069e-02,-2.469143154083626723e-01,3.176842869037670852e-02,-3.346054158257236177e-01,2.802792119044755781e-01,1.095662359807399178e-01,-3.876511421384430389e-01,3.623216617707566284e-02,-1.736914851372061419e-01,-3.630860847681952608e-01,-2.509146207325048117e-01,-3.919381320463578011e-01,4.816979440419216774e-01,-2.758670268752128618e-01,-3.465724662794469196e-02,3.209119294813747580e-01,2.197248220592125378e-01,-5.836574843985290473e-01,-4.041403041684493019e-02,-1.199236507935489832e-01,-3.523028696356894085e-01,-6.142727862591820243e-01,-2.795830053721967690e-01,-2.821602310252928625e-01,2.176411091669665787e-01,2.224332102510098164e-01,-5.406254823895968037e-02,1.372303195929018838e-01,5.382431739807738702e-02,-1.427347628419332881e-01,-4.182196094489478710e-01,-6.265724819479878693e-01,-2.991688025776482185e-01,8.279466028092226371e-02,2.482159249600122131e-01,1.391712253274975664e-01,-1.091110459105523456e-01
-4.912626707564680950e-02,-3.217828368059266197e-01,-2.715710339011362939e-01,-8.876421342070628384e-02,-9.243428229453896569e-03,5.885288998615533229e-01,1.725218140740790440e-02,2.737708690217967034e-01,-7.173329197308114802e-02,-2.696814163095401784e-01,-2.648022913185958949e-01,2.276978458767849600e-01,2.834663266561705530e-01,-7.415169124193739247e-02,-3.033090753042822496e-01,-3.683105315483999886e-01,5.720332638351652982e-02,-6.314082255296838975e-01,-3.411971905225993362e-01,-4.222584248314873445e-01,-1.346928063424721600e-01,-3.914949311507239793e-01,4.501261655656669802e-01,-1.910587003285110080e-02,-1.412343780119841227e-02,-1.590154232785939425e-01,-6.739404608887067383e-02,-3.572361830425090090e-02,-1.303492508519557280e-01,-1.517738841215090784e-01,1.281981032376876273e-01,-3.726170081344368744e-03,-5.040517566587062737e-01,8.978879836369844936e-02,-3.615636635353576267e-01,-3.498462145429604431e-01,4.280894156759572355e-02,-2.068796069984923103e-01,7.615941559557648510e-01,-9.011262370925830767e-02,4.210547477514198778e-01,-1.178912315789392706e-01,6.937658466517916678e-02,-3.214044273694659504e-01,3.249736276959794834e-01,5.754342774241462122e-01,1.234016392196049666e-01,-3.978438332856739090e-01,-1.796282922650383959e-02,9.594904122452764528e-02,-2.608290367302841251e-01,-4.233118856266528951e-01,-4.509642890406637128e-01,-2.055051625151347455e-02,-4.006922419332856200e-01,4.285206966814242846e-01,-8.606081436079045938e-03,4.231979854421501486e-01,2.904912389592912980e-01,-1.012953410097418572e-01,7.466248898420042857e-02,-8.845742243850866771e-02,6.138670491322537493e-04,3.244569327970851097e-02,-1.188979292931328091e-01,-3.647632302549167482e-01,1.821354083171533578e-01,-3.897280146741746165e-01,-3.095358921872367608e-01,-2.515886439178621758e-01,3.640723855272110648e-02,-2.296713206043358713e-01,-2.244565753730441704e-01,-9.595065506969423230e-02,-1.336002113413581049e-01,-2.478838944080857462e-02,-2.442678929856909043e-02,-2.060670384945797462e-01,-3.655611724247201932e-01,-2.206120555521093318e-01,8.942002383024176548e-02,-1.362737981415614863e-01,-2.514229745251603254e-01,-1.381713080506759839e-01
-2.004946729596348842e-01,-3.265748242467745310e-01,-2.873757749550314711e-01,4.717957018207495912e-01,4.803157162236092459e-01,1.454467057375493852e-02,7.736745370263289345e-01,-9.480654949435478318e-02,1.988372594580636032e-01,2.023789865950266220e-01,1.854284057739236796e-02,3.343412972434637864e-01,3.401005234260290888e-01,3.426470528475892841e-01,1.129957878939346766e-01,-5.094558256071376467e-01,1.745448360868911281e-02,-4.582698999314458455e-01,-3.945393483700522230e-01,1.608856803289224757e-01,-1.504256238404320933e-01,-5.529233477267715691e-02,-1.803230752568603101e-01,-3.943533905946257356e-02,-2.387185651797102959e-01,-3.189630664595497628e-02,4.028778110639528176e-01,-5.708615329185070392e-02,-1.814396917837692302e-01,-1.111454827095604142e-01,4.122303981222130709e-01,-2.174394524427741750e-03,-1.603798047545439698e-01,1.007631204756817278e-01,-2.237999757247345900e-01,-2.578985169876568673e-01,-3.285104792191090861e-01,3.816589045777481481e-01,-9.011262370925830767e-02,7.615941559557648510e-01,-2.003361204381652605e-01,2.051839554808439769e-01,1.142840216562990424e-01,-1.327808489959591554e-01,2.342415938310141721e-01,4.353833895495025641e-01,-4.311021280902934544e-03,6.548241952468687038e-03,-1.997254964207786920e-01,2.167523810388075900e-01,-2.802784835459490309e-01,-3.647093175479779736e-01,3.234253895866474188e-02,-1.995648471522601386e-01,-3.652352056232512773e-02,-2.075998520433265382e-01,-8.910257435259702485e-02,-2.039012710370800840e-01,-6.022721176758956407e-02,3.788322600907622073e-01,6.991597946255526108e-02,7.057842708393130549e-02,5.598137859240106401e-02,2.993246487578927750e-01,-3.698748775800020372e-01,-4.657196252518556318e-02,-1.164745937121478524e-02,-3.577832914819221166e-01,-4.062237856623904797e-01,-1.626946758880459254e-01,-2.655505002060752281e-02,2.739940228455408633e-01,4.725850925227123578e-01,9.020711164912266489e-02,9.426746374669195405e-02,-3.609339997255877480e-02,1.270597491216089170e-01,-3.622324509659508585e-01,-3.652652990193078208e-01,-1.268912330823139811e-01,1.183273419442228830e-01,2.428996888212260341e-01,1.027496567468758476e-01,3.734381744570496736e-02
1.826301064634612212e-02,1.894920118538396536e-01,2.519856497248587068e-01,-1.791212819346970908e-01,7.064573400024870553e-02,-4.669543728628743062e-02,-2.085165723716385922e-01,8.285688530241560601e-01,-1.623340053268624563e-03,-3.031547404781540986e-02,3.664263082649998338e-01,4.260169119719170450e-01,-2.715277484209512038e-02,2.898446313534889240e-01,-1.881010503697321812e-01,-3.223477810893713436e-01,5.762544383095875161e-02,-3.116139295712763158e-01,2.431160138341585120e-01,-4.108374841750003781e-01,2.744377002618241801e-01,-4.050064095895494209e-01,4.609423400304162310e-01,4.093334429298077781e-01,-1.737282926402464456e-01,1.989360674089426378e-02,-2.734763568959897584e-01,1.071556881606269690e-01,-4.110015310675919076e-01,2.927611525256013092e-01,2.182551402303120891e-01,2.639200744087477624e-01,-1.422050558518167529e-01,-8.266009903229404321e-02,1.186107615383573677e-01,2.831237003253284090e-01,-7.963537909903924475e-03,-7.133691310003496822e-02,4.210547477514199333e-01,-2.003361204381652605e-01,7.615941559557648510e-01,-4.001827640603208142e-02,-1.773155773893009268e-02,3.269410110795215596e-01,5.582086027417386687e-01,2.247591669504604150e-01,4.054717494498860098e-01,-2.250894801226907826e-01,-3.227253488564927331e-01,-9.364089823832583148e-02,-1.323489509168018774e-01,9.660518020616080948e-02,-2.788145854473126350e-01,3.410799007474099587e-01,-2.541339720736601193e-01,6.648424671748093262e-01,2.570433401275767915e-01,7.433386210184278475e-02,3.820130952022757209e-01,-2.016132801342295222e-01,8.499944862202611640e-02,-2.953002556311375981e-01,3.296312416520542632e-01,-2.130990138452220350e-01,1.860951076698781348e-01,-1.701633083345277242e-01,2.357148243885663907e-01,-2.126882513070567637e-01,-3.207832597172110001e-01,-1.941535801067346412e-01,-1.318716788256271422e-01,-2.715135890236959892e-01,-2.315121945816560889e-01,4.676694503336222691e-02,1.068415563838088639e-01,5.332434826358602165e-02,7.341684392912654900e-02,-1.233691192680525101e-01,-3.185191945443234252e-01,-1.930392768002828496e-01,2.916624593579672867e-02,-1.844097471282213907e-01,-2.737941074074695669e-01,1.978793267982342785e-01
-1.329632162343300783e-01,-5.159967704229136976e-01,1.705412227024196911e-02,3.129365282597341147e-01,6.837695762401246879e-01,-8.774869678626867620e-02,2.546844482422505052e-01,-4.112906962828438012e-02,9.108768526327623016e-01,-2.497164324343206440e-02,2.082212234681271867e-01,-1.673685945067418697e-03,1.857057836855038543e-02,5.403854100435468572e-02,-2.725761399155762765e-01,-4.338860059403307212e-01,-1.009842517176972460e-01,-3.041270780205314050e-01,2.536334461267739648e-01,-4.346616653853366957e-02,-3.779023782348637783e-01,-2.694238489817317728e-01,-2.446867180163308786e-01,-2.677171812892275016e-01,-4.150424566719067565e-01,-5.194259421431031143e-01,3.230231826786452709e-01,-1.166530530918874348e-01,-1.925603893248817866e-01,3.348677599046904207e-01,2.603261024997653439e-01,-2.649569227976299457e-01,-3.633509655382354819e-01,-2.663746945780750761e-02,-3.766537273109756834e-01,1.924377554995648498e-01,8.714106784669556349e-02,7.239953135833429032e-01,-1.178912315789392984e-01,2.051839554808439769e-01,-4.001827640603208142e-02,7.615941559557648510e-01,-2.766669896209652396e-02,2.326582926811660568e-01,-1.304174410591476818e-01,2.993041309735051947e-02,3.066458878389267118e-01,-1.805767778749085284e-01,-2.070531722505620231e-01,-1.452601570349520976e-01,-1.593240576961182930e-01,2.529077605843385590e-01,-4.067694788109945531e-03,-3.535947595425602552e-01,-1.571276244795908328e-01,-1.216757616974224188e-01,-4.029205157617425370e-01,-2.154950627654782513e-01,-3.941194661058712301e-01,4.420198611612091710e-01,-1.367558991460151863e-01,-4.392078505479406203e-02,4.234687032560300879e-01,1.426537805821250782e-01,-5.996664939925023807e-01,-1.330138086378953588e-01,-6.425905987976139599e-02,-4.861568598568656308e-01,-6.576608144363835784e-01,-4.490190627986699878e-01,-2.238750982010820068e-01,2.936091939458048902e-02,-5.145551691478139622e-02,-1.450858802823287996e-01,2.409714946972870142e-01,1.599842749760242711e-01,-8.268137827466076617e-02,-5.326976192070752569e-01,-7.230745569786610760e-01,-4.036115458399614497e-01,4.581484561884226680e-04,-1.183881793642793251e-01,3.274673148705086606e-02,-2.011265667115499367e-01
-3.686140782682382211e-01,-3.737389949368099540e-01,-1.988202665369851463e-01,3.989613512754850988e-01,1.831311387046144212e-01,-2.471870008627136822e-02,2.560089735674012101e-01,5.949373615039458413e-02,1.059505790935396860e-02,5.378929575671148600e-01,5.359048062991891154e-02,4.177861385407243833e-01,-8.075855970614416457e-02,2.853851727448606934e-01,-1.663955822537891045e-03,-3.395623201938602898e-01,-1.121345224187863254e-01,-2.773621747198959375e-01,-1.586883464931194143e-01,-4.418631853700182022e-02,-2.908620942443338464e-01,-1.387664989156078832e-01,-1.104265283577993279e-01,7.935318013580640317e-02,-2.247415129419768898e-01,-1.119769112168047948e-01,8.165529835942240966e-02,-1.435432941472673252e-01,-2.297542879504388125e-01,-2.178820494982488809e-01,9.892880925770290712e-02,-3.172867866122104641e-02,-2.207032517022553542e-01,-1.088036665703242256e-01,-1.899122600267866279e-01,-1.819853069835791204e-01,-5.076758089206165336e-02,8.451046884884493016e-02,6.937658466517913902e-02,1.142840216562990147e-01,-1.773155773893009268e-02,-2.766669896209652396e-02,7.615941559557648510e-01,-4.409089654377498085e-02,2.873009176594573111e-01,6.466149727748070342e-02,1.624254357595826814e-01,-1.852462591793719443e-02,7.419544042991405020e-02,4.253778357822547984e-01,2.475298799290863161e-01,-1.140909187191241486e-01,-1.018364169491901006e-01,-1.647051921589682832e-01,-9.438300621996835449e-02,-8.008809270606534469e-02,2.078512864771662472e-01,2.138984630068369031e-01,1.425032342835551302e-01,8.679391876072542478e-02,-2.454469605366682919e-02,2.147201942246952655e-02,2.674856650125925772e-01,6.757541966329785876e-02,-2.482529868975863196e-01,1.069379392253696076e-01,1.217833632513272979e-01,-5.526355312408056664e-01,-3.942476874475310811e-01,-2.498852171788631393e-01,-8.140727675350799275e-02,4.013265736904393366e-01,2.818960966459195180e-02,2.480752291091267159e-01,5.751986867219616162e-01,1.804239990903450802e-02,1.389716492984390331e-02,-4.676035065140932701e-01,-3.553192785679064047e-01,-1.974300887727564180e-01,3.391579796290150606e-01,4.466405023839326027e-01,-5.617849110548262664e-03,3.322107468488622040e-02
-4.692249851225117063e-01,-4.511931307936064561e-01,7.507494919248087761e-01,-2.961594117464653314e-02,4.874355908361123202e-01,-4.132924582696015925e-01,-7.799410194741884794e-02,2.593413983945578871e-01,2.121229451527291698e-01,4.861513627418919369e-03,8.704912942636031659e-01,-3.495951928841204565e-02,-4.162760955594940193e-01,4.013460561007949901e-01,1.017578112812892038e-01,-3.719784219872050435e-01,-1.659005224514199101e-02,-1.280773612390338767e-01,6.866772867405858127e-01,-3.966831045355496965e-02,-2.949121965376701460e-01,-2.148219671046034951e-01,-1.153352859705725070e-01,-2.154395636193087715e-01,-3.984999570792903678e-01,-4.834404828835703882e-01,1.185674371188714105e-01,-2.998489278284192094e-01,-2.522071011343324232e-01,2.666049973159032582e-01,5.363857709822757169e-02,-6.204787474769151573e-02,-1.431182892859299283e-01,-4.494033141557540190e-01,-4.256856680492062672e-01,7.910416642254998187e-01,-1.721929528808145704e-02,4.201167177345090931e-01,-3.214044273694658949e-01,-1.327808489959591554e-01,3.269410110795216706e-01,2.326582926811658902e-01,-4.409089654377489759e-02,7.615941559557648510e-01,-1.821736689067122439e-01,-3.256850475637248499e-01,5.214185363799699324e-01,1.504412587149016600e-01,-2.841188659517313031e-01,-1.754148523744291366e-01,-1.854672668134124680e-01,8.038418782194960421e-01,1.543987395124140349e-01,-3.103916964535261558e-01,7.888703137124697395e-02,2.317285284822701574e-01,-4.846144018239345042e-01,-2.509256649835315822e-01,-3.466926087812396973e-01,3.479745196414172903e-01,-3.459241103759980174e-01,-8.123598711231985736e-02,3.447830793312440245e-01,-3.132024445200267126e-01,-3.434287933880029176e-01,-9.685405895074890303e-02,-1.911627957317512116e-01,-4.042202484268825335e-01,-5.578431333223381472e-01,-2.279666099840395865e-01,-2.655287238479102641e-01,-4.082121628561879295e-02,-1.482896999905919944e-01,-5.330545032924152715e-02,2.191268886839989605e-01,-2.940692310837940693e-01,-3.143986017254069565e-01,-5.764253700969972360e-01,-6.377855289266022298e-01,-2.408998861565900818e-01,1.825359883387700777e-01,-8.373864728735615215e-02,-1.793889074664169470e-01,-1.265969775867125946e-01
4.330553694631835565e-02,3.330657134367481786e-01,-3.353609141295974538e-01,1.711321407430346775e-02,3.792731381483307324e-02,9.707889394228724766e-02,3.023733608198853062e-01,5.881603346197049609e-01,-1.889260173933021147e-01,2.649613206619458872e-01,-6.509655354333850064e-02,8.523901734237445682e-01,2.858375655278782568e-01,3.980267262084505320e-01,-9.322453793036600267e-02,-1.109050098775077736e-01,2.111600634596789983e-01,-3.303275373472551544e-03,-3.927370606555097288e-02,-2.660366884636933271e-01,2.978136160384275977e-01,-2.780446563457398823e-01,2.407108628163541486e-01,7.500195869066970111e-01,1.347448768733040259e-01,5.222997788258552099e-01,-3.129902202745413198e-01,2.098502285446816051e-01,-3.674916051261758465e-01,-1.010954819796338888e-01,1.155039934627147824e-01,2.684766651480830491e-01,7.229307260437475846e-02,7.970349010790463845e-03,3.647857099625877453e-01,-3.337059098996356110e-01,-3.282727032501411291e-01,-1.528166021637756937e-02,3.249736276959794279e-01,2.342415938310141443e-01,5.582086027417386687e-01,-1.304174410591476263e-01,2.873009176594573666e-01,-1.821736689067122161e-01,7.615941559557648510e-01,4.558232751964698126e-01,3.464342351102537854e-01,-2.217055225058928991e-01,-7.617957560777037507e-02,3.784047077392602154e-01,2.080588087342740422e-01,-2.369478853285495734e-01,-2.261465995536291740e-01,2.442366272661196103e-01,-1.976123641186207369e-01,2.419094448090821081e-01,6.899820775258157513e-01,1.802856480260988659e-01,5.766873159002738891e-01,-3.243479160823012353e-01,2.271462223431877370e-01,-2.727970165556822812e-01,-2.209252476274714203e-02,1.574322935291016254e-03,7.646757157258184112e-02,2.308460278308608477e-02,1.810156296189668612e-01,-5.653456188632517698e-02,-6.206511145857757095e-02,1.758246984060382045e-01,-1.516347637924901348e-01,6.301773243727101792e-02,4.867385926303244986e-02,2.758544141143945069e-02,2.084295924275942347e-01,1.315122044233605625e-01,2.901757048614941326e-01,2.029199234226176651e-01,6.491125546821206738e-02,1.929194379593061892e-01,1.128521246430692349e-01,2.067872362313827317e-01,-1.420548739991676079e-01,1.761088165170263120e-01
3.051987141951355564e-01,-3.463936260200881634e-01,-3.183395025241634313e-01,1.242937514679949840e-01,3.792912468575768137e-02,4.332611203409819089e-01,3.676489124804826480e-01,2.010924592194927585e-01,-2.268605751527498146e-02,-1.337995623071445705e-01,-2.921584528441654727e-01,4.380275448746391298e-01,6.551773587393924236e-01,9.920552317480875806e-03,-2.786032163464405853e-01,-3.533836200003607209e-01,1.045427194629426210e-01,-5.233312070912147229e-01,-3.875250114587308059e-01,-3.676369283316442971e-01,-2.667996766459739266e-01,-3.789885286631508587e-01,2.209683214438689092e-01,3.154822302299414849e-02,-1.128849760968300142e-01,-5.242479970123171441e-03,-3.172365129690882246e-02,2.206873735237342704e-01,-2.686044328635259215e-01,-1.280266636953621973e-01,2.494932935317365763e-01,-3.649356800424098830e-03,-4.963390018294276396e-01,3.660195391019214761e-01,-3.277022494536807051e-01,-3.829141370119820698e-01,-3.865039249502753571e-01,-3.655749159832774597e-02,5.754342774241461012e-01,4.353833895495024531e-01,2.247591669504603595e-01,2.993041309735051947e-02,6.466149727748064791e-02,-3.256850475637247389e-01,4.558232751964697571e-01,7.615941559557648510e-01,9.112725670684894419e-02,-3.706046515836354249e-01,-8.570307466428286891e-02,3.274953935372746927e-01,-1.709712992741383997e-01,-3.962556068069452153e-01,-4.397574748856330484e-01,-2.563221693031648152e-01,-4.010270071876094744e-01,1.045393899448291281e-01,8.099159633603003616e-02,1.212979081084207267e-01,2.106079539459377870e-01,-9.352043835916747094e-02,3.676990091723470466e-01,-2.113657054336651742e-01,-2.010070268110164815e-01,3.601553081490798669e-01,-3.001186278364288418e-01,-3.352166136158181153e-01,8.803649401334255609e-02,-4.685895900188377095e-01,-5.085938139536453351e-01,-3.181888006254592338e-01,2.688107499639630360e-02,4.443675978681418948e-02,1.283862072594201265e-01,-1.713891191068134534e-01,-1.218835649576003981e-02,7.204023716903223962e-02,1.340045306560485872e-01,-3.636096900064407778e-01,-4.757684054806887719e-01,-2.588562643846669120e-01,2.482209171605593567e-01,-8.079318270320234863e-02,-3.169006404634055474e-01,-1.233839472831440437e-01
-2.793396974179418457e-01,-2.885563332096624523e-01,2.509973001369678602e-01,1.340955410707501128e-01,5.989230361101118838e-01,-2.429140764115354095e-02,-4.697960546324227160e-02,3.083144836005163869e-01,4.175795203544501177e-01,-1.073859637043710763e-02,5.903622236110909194e-01,3.032215004935021607e-01,-2.415756600364863393e-01,7.369916341017951344e-01,1.318029684172294103e-01,-4.162872291445306461e-01,-8.775714718916294288e-02,-3.965346571647144769e-01,4.833174473197591747e-01,2.187610298756651750e-01,-6.348860619028780239e-02,6.420997959661120524e-02,1.810633550274289294e-01,-3.739295393467242934e-02,-4.571114389819996293e-01,-2.471850222628397264e-01,3.003090385975188403e-01,-1.326553104501667912e-01,-2.076115444064004223e-01,1.550252979203531056e-01,2.159844965624065083e-01,-5.887130287759078512e-02,-1.758819123674079388e-01,-1.986479651514564682e-01,-2.104249760839929373e-01,2.921452641130488082e-01,-1.932024039163061369e-01,5.992039657617665993e-01,1.234016392196049527e-01,-4.311021280902934544e-03,4.054717494498860098e-01,3.066458878389269893e-01,1.624254357595826259e-01,5.214185363799699324e-01,3.464342351102537854e-01,9.112725670684894419e-02,7.615941559557648510e-01,1.399929287649823162e-01,-2.520509265539461197e-01,-5.935498602225617671e-04,-1.875027168576409164e-01,5.380143553104093090e-01,1.987192388740186277e-01,-9.243858762069488699e-02,8.339243351371788959e-02,3.388197838295929909e-01,-1.552332097245374409e-01,-1.676957691844261911e-01,-8.058238342718033326e-03,3.975609748834428303e-01,9.515648004801782484e-04,-3.606101941828932650e-02,4.266898713016816780e-01,-1.506303271927411092e-01,-2.462659437690656872e-01,-1.129422654862961665e-02,5.037409071719607667e-02,-1.325230411541500897e-01,-4.466274001320744147e-01,-1.521699854703419674e-01,-1.760897579936363810e-01,3.773318151240587781e-01,1.093135733852321767e-01,-1.826157388524362324e-01,3.279122707796125469e-01,1.585457736399781825e-01,-1.705467340637728257e-01,-1.169258641188944958e-01,-3.784604885996284418e-01,-2.321546817214330538e-01,2.506102787080920491e-01,5.747944440662572374e-01,1.973548304269203135e-01,-1.255815961498693289e-01
-4.555160602580343165e-01,-1.477461800545057657e-01,3.279244530390191814e-01,-5.891282011154728299e-02,-9.577891860052495376e-02,-4.609619934379287631e-01,-4.502126052191567085e-02,-1.647944453065008363e-01,-2.470592361835687589e-01,-7.482369624545270881e-02,9.226780978063817140e-02,-1.551362830763930167e-01,-4.515786304512381943e-01,2.098098099010432260e-01,8.787550586873935643e-01,-1.741749426425678315e-01,-2.255716280196969070e-01,-5.521353676662970472e-02,-8.940277248029337986e-02,4.167413719918862114e-01,2.399931893679494582e-02,4.077791196621809444e-01,-6.375626619934396389e-02,-1.419829505389932356e-01,-1.373224767015182590e-01,2.320609805818318883e-02,-5.783566672250627788e-02,-3.677957204423800142e-01,-2.393235001198824874e-02,1.305808748660285956e-01,5.549090403471068633e-02,1.850384761156764479e-01,1.845386924804359452e-01,-3.504062596640235006e-01,-2.476624444006161885e-02,3.709333625138245272e-01,-1.725739376128702235e-02,-2.318752049108108171e-02,-3.978438332856740201e-01,6.548241952468766836e-03,-2.250894801226907549e-01,-1.805767778749085284e-01,-1.852462591793713892e-02,1.504412587149016600e-01,-2.217055225058928991e-01,-3.706046515836354249e-01,1.399929287649823162e-01,7.615941559557648510e-01,-1.025069151655586680e-01,-1.277517062373944023e-01,-8.329916616171258170e-02,7.677505592993943973e-02,3.614997739715458680e-01,9.805229539986709542e-02,5.521599758541383407e-01,5.927520632860204530e-02,-2.866126498740018125e-01,-1.800664653392833048e-01,4.807835834502895839e-02,4.743828397416763321e-02,-3.210906695827744350e-01,1.000213246522359822e-01,-9.740493111415700345e-02,-5.017483633626192985e-01,1.417687030404986281e-01,9.957967975170159414e-02,8.683376929419671375e-02,-8.737750353298585904e-02,2.069996963253751265e-01,1.870199809174215300e-01,-2.319171324618600483e-01,-8.065894744508760039e-02,-8.277922738510147538e-02,4.961077082933799953e-02,-1.272595650917124344e-02,-2.650072486926000614e-01,2.415306234474524916e-01,-1.402770597153879528e-01,9.773103279350900396e-02,2.066048647831882634e-01,-4.217767048176822020e-01,-1.004031964726152283e-02,2.444754362365898215e-01,-1.901396398556047182e-02
-1.436882345930036442e-01,-5.324296903018498756e-02,-2.137938278604755715e-01,-1.539634881574704697e-02,-3.127077547997699214e-01,-1.467542807830041207e-01,-2.338601931159603187e-01,-3.850083959383597820e-01,-2.251256989965705058e-01,-4.368718196951514726e-02,-3.675805393878419647e-01,-1.878159009379742894e-01,-2.166718126364081121e-01,-3.626758869720039247e-01,-8.107890154164405783e-02,1.966784670550092429e-01,-2.656676486023665795e-01,2.745191831394414583e-01,-3.587063852086477822e-01,-2.064433460938907561e-01,-7.951279122114640607e-02,1.964593758786484234e-01,-1.886233382183104268e-01,-3.215392496573922509e-02,2.437745340233473668e-01,-4.277111484170453143e-02,-2.135993812922267476e-01,-9.092439470746714603e-02,2.389148228632532178e-01,-1.934782927239445940e-03,-3.330313619473876385e-01,-2.746431636778951316e-02,1.445331535248981503e-01,2.585006675305656643e-01,6.928770071780558648e-02,-2.553119938571127290e-01,2.376451898709287802e-01,-2.469143154083626723e-01,-1.796282922650386735e-02,-1.997254964207786643e-01,-3.227253488564926220e-01,-2.070531722505620786e-01,7.419544042991405020e-02,-2.841188659517314141e-01,-7.617957560777034731e-02,-8.570307466428286891e-02,-2.520509265539462307e-01,-1.025069151655586541e-01,7.615941559557648510e-01,-2.043652986574664709e-01,7.365063026837309623e-01,-3.265919633025142210e-01,-1.768279847751025036e-01,4.394077765679906683e-02,2.009094683093278211e-01,-2.101344394788338676e-01,2.468792796584975691e-01,4.715206784494795911e-01,3.061093693280740324e-01,-2.286649777569287334e-01,5.197931156211802427e-03,3.915571388067862202e-01,-1.472334042254022368e-01,1.778732997657418158e-01,1.737517472124751605e-01,2.861177666873436221e-01,-3.336308549363778964e-01,-3.558696079364954135e-01,1.785533829659179637e-03,4.682867791505120059e-02,-1.319306792790443141e-02,3.586985547672176811e-01,3.603216374658654853e-02,-7.160936362275578670e-02,-5.470972491579420560e-02,-3.281708575293190711e-01,-4.621434027777469589e-01,-1.463087984099918637e-01,-2.135960271518404577e-02,5.965847482360241844e-02,-1.666907616345646159e-01,1.195919462744390593e-01,-1.251409292456745481e-02,1.387056018422141860e-03
-1.665477625690541807e-01,-5.037138686342567118e-01,-3.328963066418384464e-01,2.336995441279794139e-01,5.343852185948109318e-02,1.312814978210921080e-01,1.614728846771537052e-01,-4.566672706034176354e-02,-1.222371462069517939e-01,1.713354170681449518e-01,-1.283373729529698748e-01,3.868473355306166206e-01,2.384479650087874547e-01,2.022972523546667512e-01,7.947706467356400670e-03,-2.250103458188066341e-01,3.682755731707060276e-01,-3.873239027324804629e-01,-3.409859522440589208e-01,-2.189743986578058244e-01,-3.779968746028655735e-01,-3.543968354196012638e-01,-2.739014348115304531e-01,6.506396442951729864e-02,-1.933929900241450339e-01,-1.966328707818160507e-02,-3.153327006335820970e-01,-1.332130405964980224e-01,-3.249088854502388823e-01,-5.530107850117038648e-01,-6.922935831349791812e-03,-1.175180655172945732e-01,-3.383185094350042443e-01,-1.651454490503673211e-01,-3.862054871354388963e-01,-3.505171941177002704e-01,-3.655239653843714298e-01,3.176842869037665301e-02,9.594904122452758977e-02,2.167523810388075345e-01,-9.364089823832594250e-02,-1.452601570349520421e-01,4.253778357822547984e-01,-1.754148523744290811e-01,3.784047077392599934e-01,3.274953935372747482e-01,-5.935498602225617671e-04,-1.277517062373944301e-01,-2.043652986574664709e-01,7.615941559557648510e-01,-1.284366061271799420e-01,-3.003208720627770223e-01,-2.125980236910998133e-01,-3.126614605281935466e-01,-3.423004727489932231e-01,-2.340739101143352041e-01,6.850671255515310143e-02,3.961977592259073588e-02,1.179063859896232747e-01,-2.061601375999037034e-01,-1.416678459907508986e-02,-2.593058469154248535e-01,-2.747558555210024012e-01,1.400216752235962925e-01,-1.559766494139201432e-01,-2.435083919839494127e-01,8.528469405692855332e-02,-2.653665926675924935e-01,-2.125444387590536832e-01,-9.055133166717957427e-02,-3.007512248585446357e-02,3.888825015456148226e-01,2.423470618436280588e-01,5.748174977228939775e-02,2.704793584988082200e-01,-3.717099898122144114e-02,9.031801046858395354e-02,-2.134826876909360349e-01,-1.280156551645027230e-01,-8.355024315231945886e-02,1.563916711078058575e-01,3.152851951594845548e-01,-2.297314961385498178e-01,-9.785825153029457935e-02
-3.697536729645451575e-02,4.137541045651084715e-01,-2.101610540964067575e-01,-4.066598949399073681e-02,-3.372986109001926969e-01,-3.411308412261789269e-01,-3.120456142249930509e-01,-5.224244527382886777e-02,-1.347822578856545939e-01,2.713592862288555230e-01,-2.301201673562719152e-01,1.725742191372350021e-01,-1.509850046463722673e-01,-2.033526479434799306e-01,-4.706596791135828767e-02,5.374499314092318070e-01,-1.679901697162517193e-01,4.769925306917136010e-01,-2.685584740663607972e-01,-1.417434964720198365e-01,9.873244402588197965e-02,4.314552540538919151e-02,-2.136125541207212764e-01,3.284455411497014254e-01,2.446409601326678396e-01,1.469755897770750608e-01,-4.357304803681642524e-01,1.915302982677318244e-01,2.373142038674587173e-01,-2.574239198988874724e-02,-9.431287860483483776e-02,3.120215735011474534e-01,5.560845912825711501e-01,4.163882176440714677e-01,4.304344088718671801e-01,-2.114734797754758144e-01,3.590020022649322018e-02,-3.346054158257235622e-01,-2.608290367302841806e-01,-2.802784835459490309e-01,-1.323489509168018774e-01,-1.593240576961182930e-01,2.475298799290862606e-01,-1.854672668134124958e-01,2.080588087342740422e-01,-1.709712992741383997e-01,-1.875027168576410552e-01,-8.329916616171266497e-02,7.365063026837309623e-01,-1.284366061271799420e-01,7.615941559557648510e-01,-3.095081064909978585e-01,-8.996103806984298568e-02,1.563953331039636685e-01,1.146076142880720766e-01,-2.568599707049421532e-01,5.628542442033025450e-01,2.278387854644694510e-01,3.513003677287130366e-01,-4.185423784087762833e-01,2.373802069900233791e-01,3.536312549675439953e-01,-1.468116599586563875e-01,2.963221265290135187e-01,4.432272669457831271e-01,4.911777053806051785e-01,-1.400161546648370225e-01,-1.807447943661031620e-01,7.222087493147849591e-02,1.693186590417656845e-01,1.158289256893131475e-01,3.511239845452214237e-01,-1.396700270723772938e-02,5.605931550644920741e-02,8.305495427768962158e-02,-1.037906109145703554e-01,-2.462709812106390617e-01,-7.763804928470445510e-02,1.735454831854444102e-01,9.210842369264383989e-02,-2.904508802688000185e-02,-2.857886152966394866e-02,-1.177611755923317349e-01,2.724681095651711460e-01
-4.272967511846531008e-01,-6.345112261044201230e-01,6.635060440786412217e-01,1.611324123729618307e-01,3.027465924752918980e-01,-3.354468853627025071e-01,-1.820229385648845510e-01,2.104867696332338445e-01,3.168742246068718682e-01,-1.173487671237424673e-01,7.619695570983906485e-01,-9.768529066670032790e-02,-3.591683442830937989e-01,3.161239939412315847e-01,4.385680889840966323e-02,-2.989023625937901607e-01,2.744035229351983809e-02,-1.633136048250870831e-01,8.927591990832384194e-01,4.167962532777780976e-02,-4.976931031022748253e-01,-1.703921336070417791e-01,-2.229217516156223877e-01,-4.315751823392491859e-01,-4.604795332374727046e-01,-5.393993156162985025e-01,1.470910793879617005e-02,-2.686009968353905708e-01,-3.924601786628122979e-01,2.916267439995504085e-01,1.500115567539678507e-01,-1.130409610997462483e-01,-2.563456295690467179e-01,-4.100066934369402949e-01,-5.931107780167902410e-01,6.846750378869842502e-01,1.577671742974729729e-01,2.802792119044756891e-01,-4.233118856266528951e-01,-3.647093175479779736e-01,9.660518020616078172e-02,2.529077605843386145e-01,-1.140909187191241486e-01,8.038418782194960421e-01,-2.369478853285494901e-01,-3.962556068069452153e-01,5.380143553104093090e-01,7.677505592993953687e-02,-3.265919633025142210e-01,-3.003208720627768558e-01,-3.095081064909978030e-01,7.615941559557648510e-01,2.922061603779483319e-01,-5.488583088471882254e-01,1.359980187146829778e-01,9.385944937827643900e-03,-6.291879758224442343e-01,-4.592378059298714565e-01,-5.132983613113661914e-01,2.017841172950783357e-01,-2.878572887699922811e-01,-2.483893036991167147e-01,3.467388648190368183e-01,-3.374199016319108235e-01,-1.319600582973747827e-01,-2.453900127517656959e-01,-8.691310235632310199e-02,-4.385764761378813659e-01,-5.460383881177113263e-01,-3.473468786197057567e-01,-2.462131302608030758e-01,1.041752231537808049e-01,-5.673793741798170698e-02,-9.444759411656447612e-02,1.971405512322194631e-01,-8.748807290201549014e-02,-1.511574195505195617e-01,-5.475262081663515579e-01,-5.893415318860306673e-01,-4.002872828780156822e-01,-1.107062221107167066e-01,9.386706306173814296e-02,-3.457320945541971641e-02,-3.021275217993923956e-01
-4.655003454569238142e-01,-5.202068029474103961e-01,2.578572513701848368e-01,1.212679296794524492e-01,3.339488744820236915e-02,-4.049974717810581049e-01,-2.053349738390166865e-02,-2.199833016458741242e-01,-4.812268824051003230e-02,-9.427156487222658476e-02,5.358722852372467538e-02,-1.792810032713442747e-01,-3.269772570634662534e-01,1.260134549795021985e-01,1.356478236200200360e-01,-2.566698474266240759e-01,-1.754027039610256689e-01,6.396083441653319102e-02,6.795382201963735824e-02,7.930214465692673187e-01,-3.969681285178139896e-01,2.476202716386713409e-01,-5.026290250118644609e-01,-3.123821364127413180e-01,-3.207833150533891953e-01,-3.009840502263071982e-01,-9.570605896672489121e-02,-1.762728755651645773e-01,-4.352139350354720590e-03,4.131756371131701799e-01,-1.443617367802402414e-02,1.408280707754786532e-01,4.376294555629259980e-02,-3.595892107360376122e-01,-3.357743316626622954e-01,3.396192176495263504e-01,2.151792609713858995e-01,1.095662359807398900e-01,-4.509642890406636573e-01,3.234253895866463779e-02,-2.788145854473125795e-01,-4.067694788109945531e-03,-1.018364169491901144e-01,1.543987395124141182e-01,-2.261465995536291740e-01,-4.397574748856330484e-01,1.987192388740186832e-01,3.614997739715459790e-01,-1.768279847751024758e-01,-2.125980236910997301e-01,-8.996103806984295792e-02,2.922061603779482764e-01,7.615941559557648510e-01,-3.364397315973404190e-01,7.628522792973287947e-01,-4.060975529682576135e-01,-5.072387791534804791e-01,-2.890775236765588674e-01,-2.762370207564295299e-01,1.614178837971023961e-01,-8.030624959698787202e-02,1.579145298423464128e-01,1.986330261903755945e-01,-1.387149381976688634e-01,2.279089570216336902e-01,2.766313178093335323e-01,2.269987892248659031e-02,-2.186597599515328894e-01,-1.111033431572249347e-01,-2.621849469227647503e-03,-5.183934973171543392e-01,1.735843423036794175e-01,-4.227943870236082480e-02,-4.905413117334575523e-02,-1.640030109201914832e-01,-9.674753329619621700e-02,4.522363442198265582e-03,-3.163389550455378840e-01,-1.602901190884412075e-01,5.683583933564542029e-02,-5.253411596452296495e-01,1.370450423922058292e-01,3.415722209496527828e-01,-3.441655185394960070e-01
-2.782653239691502689e-01,6.876289780972133503e-01,-2.034649024713737486e-01,-1.238384107094678138e-01,-2.364289526563058963e-01,-1.994395664815430402e-01,-1.605811613779004610e-01,3.910403594795047177e-01,-3.243626846865673707e-01,-7.063859988229141684e-02,-2.527058465292869593e-01,1.893449355129330214e-01,-2.159984540656379459e-01,1.753399743739259735e-03,2.704031659620768219e-02,2.425696314657478300e-02,-1.396686288730020209e-01,-3.999762330095796986e-02,-4.579326376239745700e-01,-5.021596105832951684e-01,8.556624545241470203e-01,-3.068462548046032023e-01,2.772243584166223518e-01,4.617280867631484154e-01,3.219822958341526653e-01,1.862390718905140297e-01,-4.102673305089826195e-01,-2.382345368784919218e-02,-1.513046623745174235e-01,-1.307841917205406490e-01,-2.623888038279258844e-02,6.430521938232092172e-01,4.471343571994215171e-01,-4.156099530050685886e-02,7.369429191568135362e-01,-1.702112077580594518e-01,6.738011809751810223e-03,-3.876511421384431499e-01,-2.055051625151328026e-02,-1.995648471522601386e-01,3.410799007474098477e-01,-3.535947595425600887e-01,-1.647051921589681445e-01,-3.103916964535261558e-01,2.442366272661196103e-01,-2.563221693031648152e-01,-9.243858762069494250e-02,9.805229539986709542e-02,4.394077765679912234e-02,-3.126614605281935466e-01,1.563953331039636685e-01,-5.488583088471882254e-01,-3.364397315973404745e-01,7.615941559557648510e-01,-5.572256123791656524e-02,2.142658625480249601e-01,5.206232449184015065e-01,2.690286248141575132e-01,5.318458078321955940e-01,-4.107413074251059504e-01,-6.516751681524687867e-02,1.612789626522032338e-01,-2.058576402883446899e-01,-1.236732327958260935e-01,5.681361358800399719e-01,2.693653405590238914e-01,-7.226091917832469340e-03,-1.654390539688916639e-01,-6.921339201859701140e-02,-1.109703614452158121e-01,1.085136837680062555e-01,-1.804468097660749948e-01,-3.709260321955679118e-01,2.721601952974835315e-01,1.812386234402372787e-01,-1.417768262512982547e-01,8.832733880578449298e-03,4.071895912496273362e-02,-1.328736012303960434e-01,-6.407944378652853656e-02,-5.245967599111709539e-02,-3.202055600995522000e-01,-2.979764761642189064e-01,4.525547198054422626e-01
-5.705700388462966455e-01,-3.952249567326326374e-01,1.459310715328700769e-01,4.591471190312626516e-02,-9.848603457994778432e-02,-4.655072502733066386e-01,-7.290080871838136578e-02,-2.503030634427259593e-01,-1.412770022456944219e-01,-1.100528375279060112e-01,5.883930421950826078e-02,-2.126326088045815688e-01,-4.515245391749859727e-01,1.733811844865407181e-02,3.276740380872940062e-01,-1.386472562330697267e-01,-2.022951362781365836e-01,1.204653258729108389e-01,-8.519257139172897730e-03,5.440588450768532036e-01,-1.736745058740273018e-01,5.511342689425270391e-01,-4.708240325615768440e-01,-1.630773888636622981e-01,-1.821654877566128705e-01,-1.655712780048034516e-01,-2.061908370594642548e-01,-2.757849774035502355e-01,1.131419764791120608e-01,3.779781574247904063e-01,-1.255428032333811561e-01,1.756958649192566502e-01,2.164721496268100509e-01,-4.030075096172894278e-01,-1.329949228441231479e-01,2.228386344633952465e-01,3.328738445526548406e-01,3.623216617707584325e-02,-4.006922419332855645e-01,-3.652352056232509997e-02,-2.541339720736601193e-01,-1.571276244795907218e-01,-9.438300621996838224e-02,7.888703137124686293e-02,-1.976123641186207369e-01,-4.010270071876094744e-01,8.339243351371788959e-02,5.521599758541381187e-01,2.009094683093279599e-01,-3.423004727489932786e-01,1.146076142880721183e-01,1.359980187146828667e-01,7.628522792973286837e-01,-5.572256123791656524e-02,7.615941559557648510e-01,-3.220974992349012744e-01,-2.913477180459771443e-01,-4.840495088039101917e-02,1.340657136380103698e-01,1.692215561836412849e-02,-1.776932295953120855e-01,3.342441497106428683e-01,1.068640974153083761e-01,-1.879178992046174890e-01,2.543788163866019802e-01,4.161767831948255392e-01,9.318324983432363373e-02,-2.521986269441412465e-01,6.937801739792445743e-02,2.468898477474173736e-01,-4.329263238493610277e-01,1.884349702794317627e-01,-2.393932595811045644e-02,2.207534251510176460e-02,-1.181064588616873717e-01,-1.885460001805043806e-01,-1.995969868253363866e-02,-2.871964569253615540e-01,-5.790539717685068422e-02,3.052793298315408799e-01,-4.589277205304130858e-01,1.285749590224213312e-01,2.530549786385168365e-01,-1.516896377000618579e-01
-2.962901719401449599e-02,-5.995886720971615319e-02,4.184611742810486756e-01,-1.300824572277558822e-01,-7.317359736454180467e-04,-1.647957455020891970e-01,-1.799037884687783306e-01,5.602515459707770873e-01,-7.145600802291773856e-02,-1.882663716811501520e-01,2.355645076336873589e-01,1.217998781730752628e-01,-1.584669971183287895e-01,1.532826105862732935e-01,-4.111418282649781375e-02,-3.267909322521064808e-01,-7.775758245240356470e-02,-4.404398887670289975e-01,8.326989427831303636e-02,-4.364210245025700874e-01,1.742033438425321656e-01,-3.864670951177398006e-01,8.079668320734912923e-01,1.376479607967744621e-02,-1.603146794912356510e-01,-1.007273862814513504e-01,-1.314458484866880550e-01,3.860066135267475190e-02,-3.416311950994732616e-01,-3.715353695651216117e-03,1.549459867902294452e-01,1.588210082198271145e-01,-2.697966498701770410e-01,9.432521451569267357e-02,-6.160356839412899771e-02,3.996215971879243378e-01,1.940882271561348779e-02,-1.736914851372060864e-01,4.285206966814244511e-01,-2.075998520433266215e-01,6.648424671748091042e-01,-1.216757616974224465e-01,-8.008809270606534469e-02,2.317285284822700742e-01,2.419094448090821359e-01,1.045393899448291281e-01,3.388197838295929909e-01,5.927520632860201755e-02,-2.101344394788338676e-01,-2.340739101143352041e-01,-2.568599707049422087e-01,9.385944937827643900e-03,-4.060975529682576690e-01,2.142658625480248769e-01,-3.220974992349011634e-01,7.615941559557648510e-01,-6.011629918057861260e-02,3.950235872958098721e-02,1.982061094040945826e-01,-1.242158781815737995e-01,-2.945069303124624172e-02,-2.429401003542862869e-01,1.899629238572255949e-02,-3.455495364483516796e-01,1.027230386311111208e-02,-2.949689379377527509e-01,8.016899836840536697e-02,-2.753991184467615705e-01,-1.779874651464904978e-01,-1.616712431879737955e-01,1.168395182032961818e-02,-3.904090760398482574e-01,-3.398426772128984030e-01,6.785724270959170301e-02,-2.528970977801095130e-02,-3.100334102738342909e-02,5.697827297110581030e-02,-2.221356477521331807e-01,-3.175271940844081042e-01,-1.899696224631326480e-01,3.772982898850421596e-02,-2.917926240118557946e-01,-1.859558561116791686e-01,1.208752005855765060e-01
1.920846457815783281e-01,7.991002567034659609e-01,-5.744270657547623227e-01,9.211232490788945348e-02,-4.248614934480000049e-01,-1.894740121770485120e-01,-5.493554900147356451e-02,2.487336214423188918e-01,-4.832803237702415489e-01,2.662654074251819547e-01,-4.489037341314666696e-01,5.746957651156339164e-01,-1.337563117100406228e-02,-6.526727966806404602e-02,-3.248589762717727369e-01,2.644386115231391332e-01,3.801623457777936893e-02,3.106751735836479344e-01,-4.739817611785008267e-01,-5.115030400050112336e-01,4.371876177120556095e-01,-3.096725840782876271e-01,-5.234583272949852074e-03,8.798894844006721616e-01,2.813900609648951057e-01,5.064249673244743954e-01,-5.091369480795101543e-01,2.991116631426512518e-01,-1.511464331678979145e-01,-2.408171691954796301e-01,4.760985972480299977e-02,2.809037005826524047e-01,5.488907776151389362e-01,2.115050689658585226e-01,8.047452075051845233e-01,-5.214011843389489975e-01,-1.069363364892350482e-01,-3.630860847681952608e-01,-8.606081436079136143e-03,-8.910257435259699710e-02,2.570433401275767915e-01,-4.029205157617425370e-01,2.078512864771664692e-01,-4.846144018239345042e-01,6.899820775258157513e-01,8.099159633603006392e-02,-1.552332097245374132e-01,-2.866126498740018125e-01,2.468792796584975135e-01,6.850671255515315694e-02,5.628542442033025450e-01,-6.291879758224442343e-01,-5.072387791534804791e-01,5.206232449184016176e-01,-2.913477180459771443e-01,-6.011629918057850852e-02,7.615941559557648510e-01,2.405849985876692965e-01,5.809462717872506676e-01,-5.986196082633793436e-01,2.161407833517385024e-01,-1.170338347876050122e-01,-2.772993442964475364e-01,2.804344837254303391e-01,2.408848540728972809e-01,3.395814047164424365e-01,-4.820172662775570188e-02,1.290191411580281777e-01,4.629115997962962581e-02,1.860404145702899692e-01,1.414638293647396683e-01,6.707478668632303742e-02,-1.055128531398701469e-01,1.452933125620866628e-01,2.153892754640943097e-01,6.516250549073486498e-02,3.707997706449813347e-03,2.335532842062177650e-01,1.592826721567354997e-01,1.243795347766805670e-01,-1.128146238848506261e-02,-1.757404413908144059e-01,-2.687931991798950260e-01,2.884119004151705079e-01
-3.613510432669675421e-01,-6.737143279327234557e-02,-2.988552979136871457e-01,-1.834181001182777215e-01,-2.011587079584657156e-01,1.358572444022118977e-02,-1.714127502414097559e-01,-1.185811921563944271e-01,-1.924069320411415651e-01,9.868838460098229570e-02,-3.094718175158249762e-01,-1.457551462707388709e-02,-1.309421430233425054e-01,-2.739402439479665108e-01,-1.407805202880935691e-01,-8.233048101218183590e-02,7.141584442952940426e-02,-1.525634406255016173e-01,-4.156101333587473579e-01,-4.134491288465674819e-01,5.763589445801278049e-02,-2.220506870194133009e-01,-3.198767920446445728e-02,1.383897277201129317e-01,5.130964142459337740e-01,-1.601170862408543283e-01,-1.977251386231958508e-01,-2.632131956546511775e-01,1.373611097748750620e-01,-4.300068725896354083e-02,-1.214813391543412696e-01,3.994745046493897861e-02,-2.709986660327306021e-02,-6.597042105464479000e-02,-5.441301738946224820e-02,-3.323898636192576528e-01,1.787026071832785723e-01,-2.509146207325047562e-01,4.231979854421501486e-01,-2.039012710370801118e-01,7.433386210184278475e-02,-2.154950627654782236e-01,2.138984630068369586e-01,-2.509256649835313602e-01,1.802856480260988381e-01,1.212979081084208516e-01,-1.676957691844261078e-01,-1.800664653392832770e-01,4.715206784494794801e-01,3.961977592259072201e-02,2.278387854644694510e-01,-4.592378059298714565e-01,-2.890775236765589229e-01,2.690286248141575687e-01,-4.840495088039110244e-02,3.950235872958098721e-02,2.405849985876692965e-01,7.615941559557648510e-01,4.004002353124502256e-01,-1.051393585553254961e-01,-1.942308795096710228e-01,3.165641554728378937e-01,3.445308420103339320e-02,1.301322975579238261e-01,9.809320142052022073e-02,1.585465579482683296e-01,3.088299263972657527e-01,-3.356530225378245302e-01,1.535228933278950936e-01,2.032269695707304424e-01,1.679105388059053960e-01,-1.111598507677616018e-02,-2.347617985122001927e-01,1.943427480007479946e-01,1.923068402110612168e-02,-2.361796874276594072e-01,-4.450335981331085544e-02,-1.975498912480146418e-01,2.442515362209299323e-02,2.580179582828924234e-01,8.962068720075355710e-02,-1.116951028851739386e-01,-2.769588635206991500e-01,2.765421636009038342e-01
-2.029668277795659281e-01,3.482962327806553016e-01,-2.511023647692542382e-01,-3.651558196412374446e-02,-3.812359240594037635e-01,-1.472983110959233677e-01,-1.190148326398096507e-01,2.175042753079530211e-01,-4.667039483124987842e-01,3.622452630746385988e-02,-2.557153482093195707e-01,4.463624052171414336e-01,2.405432683199282620e-02,-6.595711092534159437e-02,4.668891413978090710e-02,-9.214657599153780465e-02,1.643449040348674839e-01,-7.782359341423353283e-02,-4.138129488814926704e-01,-4.361607816734623388e-01,3.949690571135938133e-01,-2.005164220129468655e-01,7.926704242323112659e-02,5.823204618051035508e-01,4.268120801980883339e-02,5.149473656911714992e-01,-5.407241118821072279e-01,-6.141967117955318689e-02,-2.385214751046632331e-01,9.752132307499178365e-02,4.318371930858055235e-02,2.609334819267946082e-01,1.605342233564837073e-01,7.810906744382697942e-02,3.861408738247269490e-01,-2.236423198025243309e-01,5.885928355658012756e-02,-3.919381320463579121e-01,2.904912389592912425e-01,-6.022721176758956407e-02,3.820130952022757764e-01,-3.941194661058712301e-01,1.425032342835550747e-01,-3.466926087812396418e-01,5.766873159002738891e-01,2.106079539459378425e-01,-8.058238342718061081e-03,4.807835834502893063e-02,3.061093693280740324e-01,1.179063859896233024e-01,3.513003677287129811e-01,-5.132983613113661914e-01,-2.762370207564295299e-01,5.318458078321955940e-01,1.340657136380103975e-01,1.982061094040943328e-01,5.809462717872507787e-01,4.004002353124503366e-01,7.615941559557648510e-01,-3.482353754472962692e-01,-6.933158107005592263e-02,4.901237289518126788e-02,-1.586944373319087997e-01,1.135164270792046216e-02,2.573311293191905547e-01,1.128639071313871506e-01,2.720183436272144428e-01,-2.548279952999421005e-01,3.519798711294964688e-01,2.207253386282576058e-01,5.674638456352906930e-03,-9.248712832067244871e-02,-1.717277867353923515e-01,2.199161435306400403e-01,-1.549879018445526335e-01,-1.577490835952426174e-01,-5.707883896526379230e-02,6.902732197379278511e-02,2.603876940670449835e-01,3.378061739508401717e-01,-1.104950414314069124e-01,-1.484972064576103590e-01,-1.692130251223753212e-01,2.669352255633821169e-01
-4.867452447508541780e-01,-7.392488709649779333e-01,2.729065022997921863e-01,3.442037268927310434e-01,5.273281872982568119e-01,-1.965279783871864694e-01,3.333780814775345602e-01,-3.306299094761079860e-01,4.695290657766599818e-01,-8.740386093923796507e-02,3.141557142978319006e-01,-3.670382272099172449e-01,-2.151106475012029007e-01,7.444703630097486424e-02,-9.501221208925537953e-02,-6.217543615849466798e-01,-3.220884208658569836e-01,-5.106236094338767462e-01,-2.048817664193308685e-02,1.195101844344648306e-01,-4.989309885674919620e-01,-1.620918409804201765e-01,-3.158882534702385225e-01,-5.375957257143774148e-01,-4.371790535650782461e-01,-5.789789094936736991e-01,8.445845420170476903e-01,-4.043023364710719991e-01,-3.111784429162059093e-02,3.775414969699813494e-01,8.903943388260762704e-02,-3.523997246773332148e-01,-4.365758818405265917e-01,-3.646741768183733856e-01,-6.001677180994878791e-01,3.842862200500257175e-01,4.524822625663034725e-01,4.816979440419217329e-01,-1.012953410097418849e-01,3.788322600907623738e-01,-2.016132801342295222e-01,4.420198611612092265e-01,8.679391876072549417e-02,3.479745196414173458e-01,-3.243479160823012353e-01,-9.352043835916754033e-02,3.975609748834428858e-01,4.743828397416757769e-02,-2.286649777569288999e-01,-2.061601375999037866e-01,-4.185423784087762833e-01,2.017841172950782247e-01,1.614178837971023406e-01,-4.107413074251059504e-01,1.692215561836412849e-02,-1.242158781815740215e-01,-5.986196082633793436e-01,-1.051393585553253851e-01,-3.482353754472962137e-01,7.615941559557648510e-01,-4.467379361518736824e-01,1.697036172564255485e-01,3.919694108013943024e-01,8.502892213986612546e-02,-5.078160559692540543e-01,-2.226954908838248148e-01,6.091481121188156017e-02,-5.892721483748475375e-01,-4.252177801512244670e-01,-4.073178325340888195e-01,-4.082627787060642000e-01,2.426292331683297387e-01,-8.716126982800062595e-02,8.640099156140224057e-02,5.173605815649846840e-02,-1.234146271360326702e-01,-8.830005823539906207e-02,-5.634885241488390983e-01,-5.446857139839609285e-01,-3.568780917008664288e-01,-3.217721627154301878e-01,2.569433875879424956e-01,2.278352768204061907e-01,-2.468030737032902433e-01
4.076525892893231307e-01,7.423808143125960879e-02,-1.663308726551056271e-01,-8.722787989690766047e-03,-2.845101836441774057e-01,9.263445355206910425e-02,8.195267387926465086e-02,2.623676940610401576e-01,-1.856716453182721549e-01,-5.043352303626804506e-02,-4.525351027869253251e-01,2.781223569377949123e-01,3.600382269544811775e-01,-4.228247452204240281e-02,-3.458072830661927388e-01,3.701517649120245057e-02,-1.762841075089738030e-01,1.400355182363047235e-01,-2.825140131090242424e-01,-8.442816298775379646e-02,-3.287205607473189795e-02,-2.209940979312828291e-01,1.588991301401309342e-01,9.181412476888323182e-02,-1.196050647817533258e-01,3.622357336529305472e-02,-2.516704461925912684e-01,9.337373578545934416e-01,1.830483192364553476e-03,-5.507880657147795622e-02,-1.572346611466165500e-01,6.490817221733132802e-01,4.726643976583590027e-03,6.853271570283864245e-01,7.221305180901667342e-02,-2.671650847318172151e-01,-2.838956047975808583e-01,-2.758670268752129173e-01,7.466248898420031754e-02,6.991597946255537210e-02,8.499944862202611640e-02,-1.367558991460152140e-01,-2.454469605366696797e-02,-3.459241103759979619e-01,2.271462223431877647e-01,3.676990091723470466e-01,9.515648004802753929e-04,-3.210906695827744350e-01,5.197931156211802427e-03,-1.416678459907508986e-02,2.373802069900233513e-01,-2.878572887699923366e-01,-8.030624959698787202e-02,-6.516751681524679540e-02,-1.776932295953120855e-01,-2.945069303124626947e-02,2.161407833517383914e-01,-1.942308795096710505e-01,-6.933158107005590876e-02,-4.467379361518736824e-01,7.615941559557648510e-01,-1.009547610420383351e-01,-1.809099868745055184e-01,1.921108744937318480e-01,3.783719632880461203e-01,9.028725226628346590e-02,-1.725666572081502037e-01,-2.848775320960093005e-01,-4.666544622524201880e-01,-3.486835400938428364e-01,1.703886442260847461e-03,1.860747436448260683e-01,6.549162131306171530e-02,-3.317148225804157358e-01,3.950842142605676816e-02,1.558420228055318801e-03,1.287866505885168836e-02,-2.723352021628461239e-01,-4.859367618088936136e-01,-2.881185905659099378e-01,2.536711935809428040e-02,-6.751555978594440954e-02,1.373167304029495293e-02,-3.816712871233950422e-01
-3.764869838367901345e-01,-3.393568105999604789e-01,-2.632940955738941394e-02,1.154296925988949618e-01,-1.259802573810781846e-02,-8.607831542519354950e-02,1.228544474515614049e-01,-3.354734476785716790e-01,-4.210162389176044795e-02,-5.232138771034459956e-02,-1.545780491208856577e-01,-2.569499342800190544e-01,-1.225766646178816782e-01,-1.338875212295390082e-01,-2.277844483437600417e-02,-7.672424443481370981e-02,-2.703883884806637661e-01,5.879847249134115966e-02,-3.710297317108946502e-01,7.063863861246931497e-02,1.016311464767813283e-01,1.156543258642894617e-01,-1.984224215110720613e-01,-2.812873913873744636e-01,1.829257604242404689e-01,-2.801303319445850315e-01,1.743772409461690209e-01,-1.772405604531843148e-01,5.562818977188858094e-01,1.795588081368077182e-01,-7.628504272441198608e-02,2.433638206108569013e-01,1.582922159721124600e-01,2.834348984451346386e-03,-1.140331133828452609e-01,-2.796146933123438982e-02,3.361214122904974122e-01,-3.465724662794469196e-02,-8.845742243850862607e-02,7.057842708393130549e-02,-2.953002556311376536e-01,-4.392078505479411060e-02,2.147201942246958206e-02,-8.123598711231974634e-02,-2.727970165556822257e-01,-2.113657054336650631e-01,-3.606101941828932650e-02,1.000213246522360100e-01,3.915571388067861647e-01,-2.593058469154247980e-01,3.536312549675439953e-01,-2.483893036991166592e-01,1.579145298423465238e-01,1.612789626522032893e-01,3.342441497106428683e-01,-2.429401003542862592e-01,-1.170338347876050400e-01,3.165641554728378937e-01,4.901237289518117074e-02,1.697036172564256040e-01,-1.009547610420383351e-01,7.615941559557648510e-01,-4.322312892818522267e-02,1.441708680997449976e-01,2.722770907657995898e-01,4.726365441870608586e-01,-6.490940844538596599e-02,-3.526745733545946226e-01,-1.312557890552181195e-01,-1.111048840159413742e-01,-1.373234870649428785e-01,2.848902086468039219e-01,-1.013672013362358904e-01,1.542176818603041011e-01,1.484894212385962919e-01,-3.309410524296857448e-01,-1.403877716677674747e-01,-3.078929761268083820e-01,-1.818923531027125950e-01,-6.968802132875737826e-04,-2.259596526194609101e-01,6.624712190320486416e-02,3.445941389392604554e-02,1.018038611257587739e-01
-2.786400640297004294e-01,-3.209543122794000780e-01,3.455809380565236233e-01,2.574477635545203147e-01,3.877381126342547835e-01,8.751300176020833377e-03,4.068954990111637443e-02,3.729225255626233970e-01,5.144062371098439002e-01,2.947850195055579103e-01,4.896687900367471813e-01,1.957912347555053889e-01,-1.029138859552280599e-01,2.700680416153877772e-01,-3.287207791773197330e-02,-1.773812900887093147e-01,3.139683509837343928e-02,-1.803277027425933821e-01,4.660927772483525744e-01,9.512721521077323328e-02,-1.912778238763667149e-01,-1.051494154605807085e-01,-3.977822936815442190e-02,-1.247268640353866032e-01,-1.460503451295707411e-01,-2.307107272571898016e-01,2.549258176989309677e-01,-1.810930587453768170e-01,-1.966490493195882372e-01,5.378416813185555867e-01,3.093774237598325150e-01,1.424278521898949268e-01,-1.946002804456673785e-01,-3.572847243749870949e-01,-3.373736301165954354e-01,3.047397299815967076e-01,3.464095117689434677e-01,3.209119294813746470e-01,6.138670491322259937e-04,5.598137859240106401e-02,3.296312416520542632e-01,4.234687032560300324e-01,2.674856650125924662e-01,3.447830793312440245e-01,-2.209252476274701713e-02,-2.010070268110164260e-01,4.266898713016816780e-01,-9.740493111415703120e-02,-1.472334042254022368e-01,-2.747558555210024012e-01,-1.468116599586563320e-01,3.467388648190367628e-01,1.986330261903755667e-01,-2.058576402883445788e-01,1.068640974153083761e-01,1.899629238572255949e-02,-2.772993442964475919e-01,3.445308420103330993e-02,-1.586944373319088830e-01,3.919694108013943579e-01,-1.809099868745055462e-01,-4.322312892818533370e-02,7.615941559557648510e-01,-2.254141064504691372e-01,-5.299428471609233561e-03,2.250700053243898449e-02,3.894452878516659888e-01,-4.621389842120490199e-01,-7.396767650872558553e-02,-1.341064317073011602e-01,-7.945901218685106487e-03,2.851440701501385677e-02,-1.885290973422579230e-01,1.360795636109364548e-01,2.700381276366257133e-01,3.045885460211797402e-01,2.621161910400343631e-01,-4.009087359507589876e-01,-1.205656819756340953e-01,-1.338983626917682745e-01,1.402699978448059513e-02,1.067172474251420061e-01,6.915489161313519151e-02,1.268044560170844270e-01
9.081408911629963721e-02,1.302074314779159137e-01,-4.241173213398510278e-01,-9.745892457910879103e-02,1.965609603140655859e-01,-3.819615265403875082e-02,3.832353638372402727e-01,-2.102317834991916379e-01,5.628200904002018251e-02,-5.145997690850773187e-02,-2.927768619034536446e-01,-1.039706963778440178e-02,2.221313811010039996e-01,8.464792932391010383e-03,-4.792980467081497387e-01,5.179336996904446849e-02,1.270915281674984409e-01,1.968170274369006600e-01,-2.971336413652824748e-01,-3.309190537616543693e-02,-1.566746664525028587e-01,-5.103695961972614520e-02,-3.501969027230482645e-01,-1.574499685169513108e-01,5.741565874063390973e-02,-4.143383620091265623e-02,2.337061594790473817e-01,2.021667501188064986e-01,1.840023289242595228e-01,-1.336509466419585901e-01,-5.176860068826160122e-01,3.916234242957537803e-02,-2.356157206420272238e-02,2.244738142692094540e-01,2.038029141785676068e-01,-4.659314454464075772e-01,-1.264222260366576756e-01,2.197248220592125656e-01,3.244569327970853873e-02,2.993246487578927750e-01,-2.130990138452220073e-01,1.426537805821250227e-01,6.757541966329792815e-02,-3.132024445200266571e-01,1.574322935291127276e-03,3.601553081490799779e-01,-1.506303271927411647e-01,-5.017483633626192985e-01,1.778732997657417880e-01,1.400216752235962647e-01,2.963221265290135187e-01,-3.374199016319108235e-01,-1.387149381976688634e-01,-1.236732327958260380e-01,-1.879178992046174890e-01,-3.455495364483516796e-01,2.804344837254304501e-01,1.301322975579237984e-01,1.135164270792046216e-02,8.502892213986612546e-02,1.921108744937319035e-01,1.441708680997450254e-01,-2.254141064504691372e-01,7.615941559557648510e-01,-9.771591190806036553e-02,1.187808790612772808e-01,-5.686518206864969033e-02,-1.958861290932611410e-01,-2.329376797938796650e-01,-9.283152099891336939e-02,-1.323474669342853682e-01,4.264046525080009836e-02,7.716859055838648507e-02,-1.961561868158504252e-01,-1.089833345742220044e-01,-5.640636668943599386e-02,-8.391687368716918560e-02,-3.679833153232405646e-02,-9.882406159556202108e-02,-4.520343769011383322e-02,1.102308096305913698e-01,-1.229897948457850110e-01,-2.960300363035724414e-01,-5.658125873455314286e-02
-1.453363698178807284e-01,3.613994910127202864e-01,-1.074085532168400359e-01,-2.810443905345921811e-01,-5.778170182604357441e-01,-6.512756946678817382e-02,-2.673921550806634961e-01,2.671416667738385486e-01,-5.564442450756811320e-01,-1.151317323785948643e-01,-3.633394797920413422e-01,5.930264012597025874e-02,-1.207379706831243071e-01,-4.131675888852722606e-02,5.910911002673473885e-02,2.533178443720234818e-01,-1.275087530416051280e-02,4.395497839247027305e-01,-1.267175143836078155e-01,4.515490156492604767e-02,4.941411584821530090e-01,9.892846603838779604e-03,2.525319840893560860e-02,2.296718236139125013e-01,3.013911206973385881e-01,2.856893204743110593e-01,-5.332801982626552695e-01,2.995894595858255571e-01,1.260040861045286786e-01,1.946168653123276915e-01,-3.455150078498206434e-01,8.917253906405189223e-01,5.106902996005489026e-01,-1.229331473111316686e-01,3.683019971827931616e-01,-2.113043824595009779e-01,-1.505287386920070580e-01,-5.836574843985290473e-01,-1.188979292931327814e-01,-3.698748775800020372e-01,1.860951076698781625e-01,-5.996664939925022697e-01,-2.482529868975863752e-01,-3.434287933880028620e-01,7.646757157258182724e-02,-3.001186278364288418e-01,-2.462659437690656872e-01,1.417687030404985449e-01,1.737517472124751883e-01,-1.559766494139201709e-01,4.432272669457831271e-01,-1.319600582973747827e-01,2.279089570216336347e-01,5.681361358800399719e-01,2.543788163866020913e-01,1.027230386311104963e-02,2.408848540728972809e-01,9.809320142052027625e-02,2.573311293191906102e-01,-5.078160559692540543e-01,3.783719632880461758e-01,2.722770907657995898e-01,-5.299428471609261317e-03,-9.771591190806036553e-02,7.615941559557648510e-01,5.826425200024719642e-01,-7.050488326964601815e-02,1.656855847317385277e-01,-7.117543392956401926e-02,8.801483503053780799e-02,7.534781971779035137e-02,5.897892535545707499e-02,-1.594784159703057647e-01,-2.169283596791650448e-01,1.899795940438191166e-01,-8.550727216453528345e-02,-8.418868606658430620e-02,2.082283632325352407e-01,-4.999011427052419548e-02,2.186074830883859565e-01,-6.761557004043360075e-02,-1.186102806925017905e-01,-1.182834269662771109e-01,-1.024864340761646730e-01
-3.093009164429557645e-01,3.095420527185930859e-01,-1.643641248634954422e-01,2.309623328007639753e-01,-6.706850613030705677e-02,-2.373694329593739327e-01,-4.828337315627331122e-02,-3.599533263964197621e-02,-9.885528014323975710e-02,6.041335719017901923e-02,-1.421928294787023206e-01,2.200269567964791700e-02,-3.217178300614200737e-01,8.609406470115860133e-02,-4.837264045875629831e-02,1.462154153705493009e-01,-2.926411067561972557e-01,3.514412574634053765e-01,-2.280730730544771878e-01,2.712223856323180970e-01,2.210667782340871856e-01,3.455720088754515862e-01,-2.399679383957462886e-01,8.098891706437877369e-02,1.577563831778208414e-01,1.086103432648277342e-02,-1.233487989600496187e-01,1.096434971068955579e-03,2.461934377109099570e-01,2.103697129344787864e-01,-1.944751815381771942e-01,5.130204743773661979e-01,6.669499066353811179e-01,-1.678939313081420637e-01,4.029228792388914182e-01,-1.348671023008554959e-01,1.528696184597137797e-01,-4.041403041684504122e-02,-3.647632302549167482e-01,-4.657196252518556318e-02,-1.701633083345276409e-01,-1.330138086378954421e-01,1.069379392253695243e-01,-9.685405895074890303e-02,2.308460278308609170e-02,-3.352166136158181708e-01,-1.129422654862967217e-02,9.957967975170160801e-02,2.861177666873436221e-01,-2.435083919839493849e-01,4.911777053806051785e-01,-2.453900127517656959e-01,2.766313178093335323e-01,2.693653405590239469e-01,4.161767831948255947e-01,-2.949689379377526954e-01,3.395814047164424920e-01,1.585465579482683296e-01,1.128639071313870673e-01,-2.226954908838249259e-01,9.028725226628349365e-02,4.726365441870606365e-01,2.250700053243894286e-02,1.187808790612772253e-01,5.826425200024719642e-01,7.615941559557648510e-01,-6.730605583589416296e-02,-1.351643636777293822e-01,-2.109303229011922354e-01,-5.548006153825140591e-02,-9.084156102170848346e-02,4.643844378404975437e-01,2.604184639552140773e-02,-2.135915772937090746e-04,2.999883529346643596e-01,-5.814246683194488480e-02,-1.866061033957218396e-02,-1.369702249025790408e-01,-1.596544557010195764e-01,-5.264325951412080450e-03,-1.397195676335435677e-01,1.604941718620905011e-01,1.480929067659604581e-01,-3.849802163529231973e-04
-2.863002922559857444e-01,-2.772975831746246622e-01,-1.702703704539744733e-01,4.322515825834540720e-02,-3.505497384964736257e-02,-4.603759802514773708e-02,-3.824171972203548910e-03,1.137489223912379332e-01,-1.038348577013083023e-02,1.405173441943583512e-01,-4.418401591753401414e-02,2.471855134171920820e-01,-3.591013811016645352e-02,9.741209831145500320e-02,1.535082154500639617e-01,-4.475549007564897930e-01,1.298549814653459089e-01,-3.145958763105397016e-01,-1.467630926071689934e-01,-6.981075687568705744e-03,-1.153018273137401684e-01,-1.780060879703613541e-01,-7.646325037511972345e-02,7.410394992025264027e-02,-1.075574631029458245e-01,-1.509017197240851704e-01,-1.332920514463709072e-01,-2.502640664947062277e-01,-3.552823039329962573e-01,3.013292644048612412e-01,1.795037255672757293e-01,1.055056793165163181e-01,-2.830677297695146644e-01,-1.945507195870064265e-01,-2.897143835039343585e-01,-1.403252340148401223e-01,-2.872126969593832846e-01,-1.199236507935489832e-01,1.821354083171534410e-01,-1.164745937121500728e-02,2.357148243885664463e-01,-6.425905987976128497e-02,1.217833632513272701e-01,-1.911627957317512394e-01,1.810156296189668612e-01,8.803649401334263935e-02,5.037409071719624321e-02,8.683376929419665824e-02,-3.336308549363777853e-01,8.528469405692859495e-02,-1.400161546648370781e-01,-8.691310235632307424e-02,2.269987892248659378e-02,-7.226091917832552607e-03,9.318324983432361985e-02,8.016899836840539473e-02,-4.820172662775566025e-02,3.088299263972658082e-01,2.720183436272143873e-01,6.091481121188156017e-02,-1.725666572081502037e-01,-6.490940844538602150e-02,3.894452878516658778e-01,-5.686518206864957237e-02,-7.050488326964601815e-02,-6.730605583589423235e-02,7.615941559557648510e-01,-2.109960389544605075e-01,1.213054535132050832e-01,5.464322703395637498e-02,1.216551423039273841e-02,-3.215934587390789634e-02,1.577227900287868356e-02,3.460526950458980844e-01,1.387303249587072129e-01,2.615588207508589003e-01,6.876211001591026051e-01,-2.590297678907118595e-01,2.537195740999580520e-02,1.703707565202036978e-01,1.989797987879924901e-01,-5.480543946253826210e-02,-3.843127020363284324e-02,4.109597268401342651e-01
-1.681537650740118073e-01,3.117881873219903177e-01,-5.078369902225589039e-01,-1.706332430606349870e-01,-3.915471637688657247e-01,-2.904369591269617135e-01,-4.293870586383545240e-01,-2.911135888399117924e-02,-4.822422883472683441e-01,-3.569823853815425330e-01,-3.964094157316244149e-01,-6.651729817969766201e-02,-3.563111596222469646e-01,7.159793170983716135e-03,-6.867873119532345860e-02,-1.040366126079423220e-01,-1.963385306796139873e-01,-1.095125983886212767e-01,-5.227884090760703817e-01,-2.445667458061097366e-01,-2.723091580220338495e-02,-2.988923610198601644e-01,-1.979875160212453689e-01,2.066575037176128782e-01,-9.014220767861753913e-02,-2.814314362750348561e-02,-6.614041198109330555e-01,-1.925898669705702060e-01,-4.122646709886155225e-01,-2.125165820565498298e-01,-2.171411431838260117e-02,1.970706201427697979e-01,1.874642600346367038e-01,-2.943493597846627008e-01,1.777676308342549250e-01,-3.539175350482635096e-01,-2.872932824820954578e-01,-3.523028696356893530e-01,-3.897280146741746165e-01,-3.577832914819221166e-01,-2.126882513070568193e-01,-4.861568598568656308e-01,-5.526355312408054443e-01,-4.042202484268824225e-01,-5.653456188632523249e-02,-4.685895900188377095e-01,-1.325230411541500619e-01,-8.737750353298585904e-02,-3.558696079364954135e-01,-2.653665926675924935e-01,-1.807447943661032175e-01,-4.385764761378813104e-01,-2.186597599515328894e-01,-1.654390539688916639e-01,-2.521986269441411910e-01,-2.753991184467615150e-01,1.290191411580282332e-01,-3.356530225378244747e-01,-2.548279952999423781e-01,-5.892721483748475375e-01,-2.848775320960093005e-01,-3.526745733545946226e-01,-4.621389842120490199e-01,-1.958861290932611965e-01,1.656855847317383612e-01,-1.351643636777294377e-01,-2.109960389544605075e-01,7.615941559557648510e-01,2.453209126109187621e-01,4.383153300045441320e-02,1.802741661012938479e-01,-2.951748507527327328e-02,-1.597987488008766055e-01,-1.537076200522565217e-01,-5.491940702150446135e-02,1.193956068714581431e-01,-5.289496758176463059e-02,6.959135647604549613e-01,1.790472846018753006e-01,-1.391043561610323387e-01,-3.021641881280120664e-02,-1.635929686470963262e-01,-2.349679566149197041e-01,5.906895527753820707e-02
-3.352236827036337852e-01,1.924666899018650512e-01,-5.113606738531293328e-01,-2.403719527119320132e-01,-6.888360961865709342e-01,-4.311708126589144374e-01,-5.235332447927726340e-01,-3.423781164758947781e-01,-6.453149061740385273e-01,-1.050413150251776895e-01,-5.488361461834685429e-01,-1.314098336473760176e-01,-4.295983525814309201e-01,-3.862188404884203674e-01,3.894671916492175590e-01,1.101139266557232266e-01,-1.856661855599102962e-01,6.388168974716021409e-02,-5.843875181190889556e-01,-1.960787658422658286e-01,-1.037774661240798979e-01,-1.246953707528822286e-01,-2.265401651053582099e-01,5.503992359416851748e-02,1.537794316666747096e-01,3.050804019016709612e-01,-6.171943947724783941e-01,-4.727745022804207831e-01,-2.561642008096675638e-01,4.046945485855956565e-02,-2.063608115961505507e-01,-3.551696871800956723e-01,-1.797576149881783799e-03,-3.284599211085155734e-01,1.026480645585290397e-01,-4.844506840190543340e-01,-2.350323233369620290e-01,-6.142727862591820243e-01,-3.095358921872368163e-01,-4.062237856623904797e-01,-3.207832597172110001e-01,-6.576608144363834674e-01,-3.942476874475310811e-01,-5.578431333223382582e-01,-6.206511145857754319e-02,-5.085938139536453351e-01,-4.466274001320743592e-01,2.069996963253751265e-01,1.785533829659131065e-03,-2.125444387590536832e-01,7.222087493147845427e-02,-5.460383881177112153e-01,-1.111033431572249347e-01,-6.921339201859695589e-02,6.937801739792454070e-02,-1.779874651464905533e-01,4.629115997962964663e-02,1.535228933278950658e-01,3.519798711294964133e-01,-4.252177801512244115e-01,-4.666544622524201880e-01,-1.312557890552180917e-01,-7.396767650872555777e-02,-2.329376797938797761e-01,-7.117543392956396375e-02,-2.109303229011922076e-01,1.213054535132050554e-01,2.453209126109188454e-01,7.615941559557648510e-01,5.978126460841004519e-01,5.034266347956602994e-01,-1.785253436666283111e-01,-1.146452524332048639e-01,4.660428946661869798e-01,4.434301104490073753e-02,-3.423430814602033967e-02,1.979151600736575676e-03,1.717682285805153253e-01,7.996812434873166175e-01,4.711523687236976454e-01,1.429507453694534025e-02,-3.829049543738965999e-01,-3.827265078303269674e-01,5.269615688388845642e-01
-2.182044553598609937e-01,7.248107910330819914e-02,-3.440943110257498883e-01,-2.810918516621439545e-01,-4.359003608867723090e-01,-1.624033376561430375e-01,-1.900932293964278375e-01,-1.780133987988366251e-01,-4.703114575070282410e-01,-1.704952359859756780e-02,-2.129835707450959681e-01,8.338610864147494306e-02,-2.324100361793778324e-01,-1.257427244516022002e-01,2.380896431150495429e-01,1.389442708895398670e-01,-5.604179147664341276e-02,2.997236175493536714e-01,-3.814925827712131179e-01,7.873958399725992235e-03,-7.300236365954805573e-02,1.960744530314025014e-01,-1.413646491366774005e-01,2.642834875536579364e-01,3.892975577349129246e-01,3.290843991578943362e-01,-4.783321928355724895e-01,-3.995061798886303528e-01,-4.987535135310041529e-02,2.690665389639498306e-01,-4.039245215263854993e-02,-1.491083173284381558e-01,1.650641049936624472e-01,-3.885700039171912645e-01,-6.200923058728741860e-02,-3.312975052149944588e-01,-3.876180193374972188e-02,-2.795830053721968800e-01,-2.515886439178621203e-01,-1.626946758880459254e-01,-1.941535801067346689e-01,-4.490190627986699878e-01,-2.498852171788631948e-01,-2.279666099840395865e-01,1.758246984060382045e-01,-3.181888006254592338e-01,-1.521699854703419119e-01,1.870199809174214467e-01,4.682867791505128385e-02,-9.055133166717957427e-02,1.693186590417657400e-01,-3.473468786197057567e-01,-2.621849469227730770e-03,-1.109703614452158121e-01,2.468898477474174291e-01,-1.616712431879737399e-01,1.860404145702899692e-01,2.032269695707304424e-01,2.207253386282576613e-01,-4.073178325340888195e-01,-3.486835400938428364e-01,-1.111048840159413742e-01,-1.341064317073012158e-01,-9.283152099891331388e-02,8.801483503053780799e-02,-5.548006153825140591e-02,5.464322703395629172e-02,4.383153300045452422e-02,5.978126460841004519e-01,7.615941559557648510e-01,1.443795163962267036e-01,6.053002879824894572e-02,7.391055299941684531e-02,1.263972233321822292e-01,1.302156159701189642e-01,-1.448216423552128873e-01,7.768766058260380414e-02,-1.007731843998664889e-01,6.314543851162156551e-01,8.725240843979075178e-01,3.462902802030657940e-03,-1.567088075305778372e-01,-3.487722235958600758e-01,4.000284576206225573e-01
-4.185004137198708972e-03,2.962928038249640905e-01,-2.130389336887590634e-01,-2.974250750075024818e-01,-2.669742117364271583e-01,-1.268024190985173882e-01,-7.960950494533879096e-02,-7.056483381967615376e-02,-1.677080730081941529e-01,-9.966553860553188648e-02,-2.534668394530228408e-01,-3.109848212246064600e-02,2.225767327300455858e-02,-1.345415902507429984e-01,-1.441745935435715664e-01,-3.850798031664573093e-04,9.334383034529628032e-02,1.234505351587385363e-01,-2.369158695695572359e-01,-5.760989939154410600e-01,2.067049045167302090e-01,-5.162446286469518641e-01,2.723171072661609293e-02,1.465225003489874500e-01,2.160443770860896728e-01,-5.537071261254455229e-02,-4.620849889163671231e-01,5.444511658440390894e-02,-7.049093589691980688e-02,-9.077390068268026413e-02,-8.339047222018866612e-02,3.241698348471070967e-01,4.139720182332153053e-02,2.421608233365661958e-02,2.412357266252647958e-01,-1.872989818116951588e-01,-1.301494153158633538e-01,-2.821602310252928625e-01,3.640723855272110648e-02,-2.655505002060750894e-02,-1.318716788256271422e-01,-2.238750982010819512e-01,-8.140727675350799275e-02,-2.655287238479102641e-01,-1.516347637924901071e-01,2.688107499639633829e-02,-1.760897579936363810e-01,-2.319171324618601593e-01,-1.319306792790448692e-02,-3.007512248585449133e-02,1.158289256893131475e-01,-2.462131302608030758e-01,-5.183934973171543392e-01,1.085136837680062694e-01,-4.329263238493610277e-01,1.168395182032961818e-02,1.414638293647396683e-01,1.679105388059053405e-01,5.674638456352920808e-03,-4.082627787060640889e-01,1.703886442260861339e-03,-1.373234870649429618e-01,-7.945901218685106487e-03,-1.323474669342853405e-01,7.534781971779035137e-02,-9.084156102170848346e-02,1.216551423039270372e-02,1.802741661012938479e-01,5.034266347956604104e-01,1.443795163962267036e-01,7.615941559557648510e-01,-1.484354762870629951e-01,-2.600014985089140751e-01,3.272012503687042884e-01,2.788603954308911947e-01,-6.127511469085416759e-03,3.256213424114969262e-03,4.588999139907357083e-02,3.783783956908327029e-01,-3.612787158635987709e-03,3.781843390061168653e-01,-2.671035153530298967e-01,-1.659944167053436365e-02,3.873747841712523177e-01
-8.719042073113346392e-02,7.147018729295907813e-02,-4.406156566086105730e-02,5.372049216282603901e-01,1.818678418475814518e-01,-5.310876746102559387e-02,2.862903645383333417e-01,-1.845744087099474851e-01,8.281359815942219982e-02,3.575748992369319201e-01,2.967915017944755540e-02,6.563591130309937016e-02,-9.542845177901153331e-02,3.216263202137968902e-01,-1.028681073715020794e-01,2.882322848226646084e-01,1.813984367121848351e-01,2.610243831885813437e-01,7.960241385964408889e-02,2.855940828951999966e-01,-2.497685767081574137e-01,2.768495462196322032e-01,-3.843423924611995557e-01,-8.652149897547388446e-02,-1.267791566082649146e-01,-5.090340092520996562e-02,2.182705858022677969e-01,2.126297028242137288e-01,2.635055719156688125e-01,-1.400323459297021234e-01,-3.187024554103437546e-02,3.175352540605699131e-02,3.083460900194847643e-01,-2.994169176548125075e-02,1.387945571707079884e-01,-8.156369802258811585e-02,3.278235749936423415e-01,2.176411091669665510e-01,-2.296713206043358435e-01,2.739940228455408633e-01,-2.715135890236959337e-01,2.936091939458065556e-02,4.013265736904393366e-01,-4.082121628561869581e-02,6.301773243727096241e-02,4.443675978681422417e-02,3.773318151240587226e-01,-8.065894744508761427e-02,3.586985547672175700e-01,3.888825015456147671e-01,3.511239845452214237e-01,1.041752231537808188e-01,1.735843423036793620e-01,-1.804468097660750225e-01,1.884349702794317627e-01,-3.904090760398482018e-01,6.707478668632300967e-02,-1.111598507677618794e-02,-9.248712832067226830e-02,2.426292331683297110e-01,1.860747436448260683e-01,2.848902086468038664e-01,2.851440701501387759e-02,4.264046525080001510e-02,5.897892535545701947e-02,4.643844378404975437e-01,-3.215934587390795879e-02,-2.951748507527327328e-02,-1.785253436666283111e-01,6.053002879824896654e-02,-1.484354762870630229e-01,7.615941559557648510e-01,4.482584297958097097e-01,-8.856940812552363540e-02,2.129184256306815293e-01,4.685558342626706951e-02,-1.030642939447050099e-01,-1.629205242801684550e-01,-3.476105420479472241e-02,5.155254881213825607e-02,-2.240539736384559721e-01,7.876849192336645711e-01,3.497767481441324544e-01,-1.517093639956537676e-01
-1.866082404144588369e-01,-2.333423421419136834e-01,-1.010114560377048387e-01,3.228479429995114169e-01,1.287261944275879255e-01,-8.234563276966366807e-02,4.037108192338892398e-01,-1.651104215244717233e-01,-5.481974946316035130e-02,-5.693942306880218907e-02,-8.602938775657795883e-03,4.449540093685128844e-02,4.216809597091993739e-02,3.489366136734839419e-01,-1.822321939875723440e-01,-2.341604512337115696e-01,4.536744562218508053e-02,-1.263657900599237938e-01,-1.025389090687693350e-01,2.033291599800153560e-01,-4.372362271008343182e-01,1.043928845743243572e-01,-3.083728684468770020e-01,-1.823939030175178999e-01,-4.104382237453957916e-01,-1.139074985360604836e-01,7.181898840336487823e-03,-2.540585600337682756e-02,-1.748437788257141967e-01,8.797231957601524960e-03,3.881461767642335747e-02,-6.074484586144356796e-02,-9.356195704353985343e-02,-6.523925538922710488e-02,-2.468552690104318659e-01,-2.362314888155326864e-01,-4.402478639354803075e-02,2.224332102510098164e-01,-2.244565753730441704e-01,4.725850925227121913e-01,-2.315121945816561166e-01,-5.145551691478131295e-02,2.818960966459195180e-02,-1.482896999905919666e-01,4.867385926303244986e-02,1.283862072594202097e-01,1.093135733852321073e-01,-8.277922738510150313e-02,3.603216374658649301e-02,2.423470618436280033e-01,-1.396700270723775714e-02,-5.673793741798174861e-02,-4.227943870236085255e-02,-3.709260321955679118e-01,-2.393932595811045644e-02,-3.398426772128983475e-01,-1.055128531398701747e-01,-2.347617985122002482e-01,-1.717277867353923793e-01,-8.716126982800059819e-02,6.549162131306175694e-02,-1.013672013362358626e-01,-1.885290973422579230e-01,7.716859055838637405e-02,-1.594784159703057647e-01,2.604184639552140773e-02,1.577227900287868356e-02,-1.597987488008766610e-01,-1.146452524332048084e-01,7.391055299941676204e-02,-2.600014985089140196e-01,4.482584297958098207e-01,7.615941559557648510e-01,-1.102365295139227097e-01,-3.254258784821061068e-02,3.430329922638666873e-02,4.331580345484187244e-02,-1.391909092798509218e-01,-4.678566697009219066e-02,1.790409666875963646e-01,-1.863790004663149480e-01,5.605937475043417662e-01,5.326506137001204566e-01,-2.830387231330484532e-01
-3.965787179240222726e-01,2.956216775335401281e-01,-9.848392173690431739e-02,1.348102862057787843e-01,4.591643670157777996e-02,-3.037238146410944917e-01,-4.814123047848489767e-02,-1.122164134671924454e-02,-9.032491018490604318e-02,3.505883040383191984e-01,1.223249844158370708e-01,2.041771212678110681e-01,-2.026371895855033356e-01,7.529073068823732839e-02,1.006374581798403778e-01,-8.032636637414329595e-02,2.347170532998192963e-02,-2.157908955197526332e-02,-2.110212303688351054e-02,-1.745668084048034585e-01,2.193508233634598459e-01,-2.030325198753770433e-01,-1.537533938257920445e-02,1.609216019818553445e-01,7.624746787935721137e-02,9.062130332335062433e-02,-9.152275448758978582e-02,-2.963241131292362329e-01,-1.255283136118031106e-01,-1.494822952502962987e-01,2.258532683552975928e-02,-6.988183984568205331e-02,-2.656468562490278684e-03,-2.980031222420012615e-01,2.239784121205826706e-01,-1.053650083548827165e-01,-4.250826671818551394e-02,-5.406254823895966649e-02,-9.595065506969421842e-02,9.020711164912272040e-02,4.676694503336222691e-02,-1.450858802823288551e-01,2.480752291091269102e-01,-5.330545032924144389e-02,2.758544141143941600e-02,-1.713891191068134257e-01,-1.826157388524361769e-01,4.961077082933795790e-02,-7.160936362275582834e-02,5.748174977228939775e-02,5.605931550644925598e-02,-9.444759411656442061e-02,-4.905413117334574830e-02,2.721601952974835315e-01,2.207534251510180970e-02,6.785724270959167526e-02,1.452933125620866905e-01,1.943427480007481056e-01,2.199161435306400125e-01,8.640099156140230996e-02,-3.317148225804156247e-01,1.542176818603041011e-01,1.360795636109363715e-01,-1.961561868158504529e-01,-2.169283596791649615e-01,-2.135915772938200969e-04,3.460526950458980289e-01,-1.537076200522564939e-01,4.660428946661868688e-01,1.263972233321822292e-01,3.272012503687042884e-01,-8.856940812552374642e-02,-1.102365295139227652e-01,7.615941559557648510e-01,4.975173521669850052e-01,1.216202896735247944e-02,2.393718550974852366e-01,-1.355228984818869220e-01,2.763788735536651386e-01,1.410537186893462691e-01,3.712637105981062557e-01,-1.425019402844884264e-01,-1.920551808112540559e-01,7.503503688783129677e-01
-2.033626010059998435e-01,2.427593414285077467e-01,5.460132406026533408e-02,3.011633616772997901e-01,2.840688172849755166e-01,-1.583093982344745410e-01,2.144352145023744327e-01,9.611061169912733793e-02,2.664656878403823259e-01,4.825967084323750655e-01,3.056372273328411548e-01,3.803322608962060869e-01,-1.056254011350294814e-01,3.029393893852637132e-01,-3.131717146959306364e-02,-6.583379924756072032e-02,1.897757536209124241e-01,-1.463800877906706703e-02,1.991057339488510602e-01,-6.806854904678806550e-02,1.519758761845244055e-01,-1.202022900587542964e-01,-5.515109786791303620e-02,1.964864435528500541e-01,-1.567582912349592128e-01,-2.340708320614637850e-01,6.038006090098498035e-02,5.871372905277746218e-02,6.706193902810850260e-02,-8.106901741209840417e-02,2.003067411587267088e-01,4.236517700972888267e-01,2.029398271330387915e-01,-2.144943101921360507e-01,3.162474732912867736e-01,1.371263794505097611e-01,1.469847202300958791e-02,1.372303195929018838e-01,-1.336002113413580772e-01,9.426746374669182915e-02,1.068415563838088778e-01,2.409714946972869865e-01,5.751986867219616162e-01,2.191268886839989882e-01,2.084295924275942902e-01,-1.218835649576012307e-02,3.279122707796125469e-01,-1.272595650917127119e-02,-5.470972491579415009e-02,2.704793584988081645e-01,8.305495427768964933e-02,1.971405512322194076e-01,-1.640030109201915109e-01,1.812386234402372787e-01,-1.181064588616873717e-01,-2.528970977801085415e-02,2.153892754640944207e-01,1.923068402110612168e-02,-1.549879018445525503e-01,5.173605815649851003e-02,3.950842142605676816e-02,1.484894212385962919e-01,2.700381276366257133e-01,-1.089833345742219350e-01,1.899795940438190889e-01,2.999883529346643041e-01,1.387303249587071574e-01,-5.491940702150455156e-02,4.434301104490070977e-02,1.302156159701189919e-01,2.788603954308912503e-01,2.129184256306815293e-01,-3.254258784821063843e-02,4.975173521669850052e-01,7.615941559557648510e-01,1.529708217206271481e-01,1.497600815171783450e-01,-2.715871447098098246e-01,6.587207538205616664e-02,1.028205978887868077e-01,5.035505683406965582e-01,2.033335093943159366e-01,1.361527572875087869e-02,5.293278835760218959e-01
1.923679238253135915e-01,-3.495160951613054956e-02,-7.437317954314649759e-02,2.029702113744528413e-01,1.200303506924672858e-02,2.116325286145281093e-01,-5.194267001012832508e-02,2.082538697972015906e-01,2.987444912756256343e-01,7.122713758430085362e-02,-7.096717167607619059e-02,2.386104036212042812e-01,2.134727543235232783e-01,7.963495541475464068e-02,-2.035442672910089401e-01,-1.328730577747423355e-02,-2.518479404651514930e-02,-7.690319521880194242e-02,-4.429878320027987558e-03,-3.173610405771424420e-02,-1.298224139909699149e-01,-5.600525238734781197e-02,1.613899817631194444e-01,8.137337496016161520e-02,-2.424665635737415226e-01,-4.971096327017368588e-02,5.182156845405154477e-02,-2.742560602631083366e-02,-2.901806531176384096e-01,1.863092581635170941e-01,-3.289663317339241305e-02,-1.610673206222181797e-01,-2.574435753625125556e-01,7.766798147718803613e-02,-1.195118683047432795e-01,-9.770122536736290664e-02,2.794088333285745310e-02,5.382431739807738702e-02,-2.478838944080857462e-02,-3.609339997255883031e-02,5.332434826358600083e-02,1.599842749760242711e-01,1.804239990903448027e-02,-2.940692310837940693e-01,1.315122044233605625e-01,7.204023716903221186e-02,1.585457736399781825e-01,-2.650072486926001170e-01,-3.281708575293190711e-01,-3.717099898122149665e-02,-1.037906109145703970e-01,-8.748807290201543463e-02,-9.674753329619624476e-02,-1.417768262512981992e-01,-1.885460001805044084e-01,-3.100334102738343256e-02,6.516250549073490661e-02,-2.361796874276593239e-01,-1.577490835952426174e-01,-1.234146271360326980e-01,1.558420228055318801e-03,-3.309410524296857448e-01,3.045885460211797402e-01,-5.640636668943602161e-02,-8.550727216453531121e-02,-5.814246683194488480e-02,2.615588207508589003e-01,1.193956068714580321e-01,-3.423430814602023559e-02,-1.448216423552128596e-01,-6.127511469085444515e-03,4.685558342626706257e-02,3.430329922638673118e-02,1.216202896735250720e-02,1.529708217206270648e-01,7.615941559557648510e-01,4.324002586804334691e-01,-1.458190226271540921e-02,6.014961823748445763e-02,-6.702447833031409397e-02,9.095616813550934376e-02,-7.432828724134875331e-02,4.723529556355566400e-02,9.025961588231257854e-03
1.265072751042250754e-01,-2.318472255388774605e-01,-2.397468396566427573e-01,3.809233314668256792e-02,-5.978162286457520264e-02,1.873828852960347235e-01,2.410689689731646546e-01,1.862059346371433555e-01,-2.039886954027881130e-02,3.453425442587583216e-01,-1.320207253726851382e-01,3.586060367246547420e-01,2.890163788750964025e-01,3.265989178363408463e-02,2.691553218254429947e-01,-2.750602255655669182e-01,3.945280954099044668e-01,-2.026981938234823089e-01,-1.841742996007385558e-01,1.102017197360713185e-01,4.619664049918597443e-02,1.361304185504360817e-02,8.372785229522543282e-02,1.926307876272998487e-01,-4.837995693730590130e-02,4.422520470402729192e-02,-3.605489884772413584e-02,1.933055391789143332e-02,-1.276522950123920863e-01,3.121348628023564720e-01,2.840111717390757518e-01,1.264243276719299591e-01,-1.373294259016641372e-01,-1.789560684156088211e-01,-2.274206225402282122e-01,-1.770104466963043077e-01,-4.949783350018841510e-01,-1.427347628419333991e-01,-2.442678929856909043e-02,1.270597491216088060e-01,7.341684392912677104e-02,-8.268137827466076617e-02,1.389716492984384780e-02,-3.143986017254070675e-01,2.901757048614940770e-01,1.340045306560485316e-01,-1.705467340637728257e-01,2.415306234474524916e-01,-4.621434027777469589e-01,9.031801046858396742e-02,-2.462709812106390062e-01,-1.511574195505195062e-01,4.522363442198321093e-03,8.832733880578421543e-03,-1.995969868253358315e-02,5.697827297110583805e-02,3.707997706449799469e-03,-4.450335981331095259e-02,-5.707883896526373679e-02,-8.830005823539899268e-02,1.287866505885163285e-02,-1.403877716677675025e-01,2.621161910400343076e-01,-8.391687368716921336e-02,-8.418868606658429232e-02,-1.866061033957215620e-02,6.876211001591023830e-01,-5.289496758176463059e-02,1.979151600736575676e-03,7.768766058260380414e-02,3.256213424114920690e-03,-1.030642939447049405e-01,4.331580345484187244e-02,2.393718550974852644e-01,1.497600815171782895e-01,4.324002586804334691e-01,7.615941559557648510e-01,-2.517942631263554998e-01,-6.650687846340635340e-03,1.024390424121002785e-01,2.473107827948309301e-01,-1.658008006022497483e-01,-1.302782081686723326e-01,3.469237739728197600e-01
-3.737788200933384597e-01,2.526913836743748254e-01,-5.734935665201807975e-01,-1.674550842967721387e-01,-5.467639497114413771e-01,-2.971602597807968538e-01,-4.312803908306764300e-01,-8.797699442047175744e-02,-5.555878338502647784e-01,-3.666091113988727557e-01,-5.484484526746504773e-01,1.729543133836362531e-02,-2.823648502722166387e-01,-6.746256766624703083e-02,-3.843769440902976287e-02,-2.043407783587553872e-01,-2.489958731218879229e-01,-1.621491470013146918e-01,-5.893139172657895219e-01,-3.387147687486352643e-01,3.294113762288598281e-05,-3.982743477860942183e-01,-2.534265647210074412e-01,2.441020862823186921e-01,-1.176418053547327175e-01,-6.156063587547640908e-02,-6.339115300935763697e-01,-2.355517698955349737e-01,-5.112926473346828260e-01,-2.867088830755167295e-01,-1.217268236896994760e-01,2.463169167187383712e-01,8.207058338402811737e-02,-2.157278507174456850e-01,1.931953340920839479e-01,-4.670371695169443504e-01,-1.968966072122141364e-01,-4.182196094489478710e-01,-2.060670384945796907e-01,-3.622324509659509140e-01,-1.233691192680524545e-01,-5.326976192070752569e-01,-4.676035065140931035e-01,-5.764253700969972360e-01,2.029199234226176651e-01,-3.636096900064407778e-01,-1.169258641188945236e-01,-1.402770597153878973e-01,-1.463087984099918637e-01,-2.134826876909361737e-01,-7.763804928470456612e-02,-5.475262081663516689e-01,-3.163389550455378840e-01,4.071895912496256709e-02,-2.871964569253615540e-01,-2.221356477521332085e-01,2.335532842062177650e-01,-1.975498912480146418e-01,6.902732197379289614e-02,-5.634885241488390983e-01,-2.723352021628460129e-01,-3.078929761268083820e-01,-4.009087359507589876e-01,-3.679833153232408421e-02,2.082283632325351852e-01,-1.369702249025790963e-01,-2.590297678907117485e-01,6.959135647604549613e-01,1.717682285805154085e-01,-1.007731843998664889e-01,4.588999139907346675e-02,-1.629205242801685938e-01,-1.391909092798509773e-01,-1.355228984818869220e-01,-2.715871447098097691e-01,-1.458190226271538145e-02,-2.517942631263555553e-01,7.615941559557648510e-01,1.480163892815032078e-01,-9.970522565500236634e-02,-1.132630678369964256e-01,-3.076383714810351777e-01,-2.402992596759266908e-01,1.047413755117485197e-02
-2.974546868014486534e-01,1.519281181441918538e-01,-5.934666171300929660e-01,-1.412463150220797103e-01,-7.096116483377358231e-01,-3.015619649881329245e-01,-3.649289001172425495e-01,-3.057236533554141267e-01,-7.188594036971603929e-01,1.776037391106048691e-02,-6.086290244807065486e-01,-1.165787104034854242e-03,-2.863425031833967127e-01,-2.632896035415684954e-01,2.885042674798335982e-01,9.075077930730400533e-02,-4.358424768331369686e-02,1.627168256594621054e-01,-6.483977776101544910e-01,-1.975633337048495752e-01,-1.414169536199348376e-01,-2.061977701670069385e-01,-3.120631903044985833e-01,1.380498435580883310e-01,1.743043034675864911e-01,3.365450467108504484e-01,-6.217348294837715672e-01,-5.011420120799890965e-01,-2.529331083646375600e-01,-2.057127784296895745e-02,-1.007530147345335192e-01,-3.257182201001889710e-01,4.186555130276965742e-02,-3.420482448821280386e-01,2.157188689017580999e-02,-5.988411941215234791e-01,-3.088088523991795453e-01,-6.265724819479878693e-01,-3.655611724247201932e-01,-3.652652990193078208e-01,-3.185191945443233696e-01,-7.230745569786610760e-01,-3.553192785679064047e-01,-6.377855289266022298e-01,6.491125546821201187e-02,-4.757684054806887719e-01,-3.784604885996284418e-01,9.773103279350900396e-02,-2.135960271518402495e-02,-1.280156551645027230e-01,1.735454831854444657e-01,-5.893415318860306673e-01,-1.602901190884412630e-01,-1.328736012303959046e-01,-5.790539717685082299e-02,-3.175271940844081042e-01,1.592826721567353609e-01,2.442515362209299323e-02,2.603876940670449835e-01,-5.446857139839609285e-01,-4.859367618088936136e-01,-1.818923531027125673e-01,-1.205656819756341369e-01,-9.882406159556210434e-02,-4.999011427052419548e-02,-1.596544557010195486e-01,2.537195740999580520e-02,1.790472846018753561e-01,7.996812434873166175e-01,6.314543851162158772e-01,3.783783956908328694e-01,-3.476105420479476404e-02,-4.678566697009213515e-02,2.763788735536651942e-01,6.587207538205611113e-02,6.014961823748449232e-02,-6.650687846340690851e-03,1.480163892815031523e-01,7.615941559557648510e-01,6.261140787915608907e-01,8.896086791202822974e-02,-3.647182732134345851e-01,-4.231548360849651802e-01,4.954270781214188402e-01
-2.432492408189217414e-01,1.212705196143858410e-01,-3.535342653069262764e-01,-1.544721109924732383e-01,-4.088808884819444822e-01,-2.108353819107803284e-01,-9.760013508220538592e-02,-2.508573809404767707e-01,-4.142451093928545824e-01,1.450888314898727757e-02,-2.397731709459717808e-01,7.432889610352109988e-02,-1.295323678113781130e-01,-1.523666909652715840e-01,1.745025654653822589e-01,-1.595167625284477433e-02,-5.288121023932446096e-02,1.494163101756554035e-01,-4.234846812706947183e-01,-2.846185445003859837e-02,-7.240299161775583248e-02,1.187973983399268074e-01,-1.852156357420298993e-01,1.400199592960909567e-01,2.922235688155270794e-01,2.653581346780764516e-01,-4.881673537575292876e-01,-3.114299860113682317e-01,-1.318487994586373391e-01,1.396852453971043628e-01,1.100949017765253807e-01,-7.699731035334540785e-02,8.545837390126528876e-02,-2.668427652296502250e-01,5.082315051501399422e-02,-3.507496165856867631e-01,-5.032559751965936384e-02,-2.991688025776481075e-01,-2.206120555521093318e-01,-1.268912330823139256e-01,-1.930392768002829051e-01,-4.036115458399614497e-01,-1.974300887727563347e-01,-2.408998861565900818e-01,1.929194379593061892e-01,-2.588562643846669120e-01,-2.321546817214330261e-01,2.066048647831882634e-01,5.965847482360252946e-02,-8.355024315231943111e-02,9.210842369264377050e-02,-4.002872828780159598e-01,5.683583933564542029e-02,-6.407944378652861983e-02,3.052793298315408799e-01,-1.899696224631326480e-01,1.243795347766805393e-01,2.580179582828924789e-01,3.378061739508402272e-01,-3.568780917008664288e-01,-2.881185905659099933e-01,-6.968802132875182714e-04,-1.338983626917682745e-01,-4.520343769011381935e-02,2.186074830883860121e-01,-5.264325951412135961e-03,1.703707565202037533e-01,-1.391043561610323387e-01,4.711523687236979230e-01,8.725240843979076288e-01,-3.612787158635890564e-03,5.155254881213825607e-02,1.790409666875963646e-01,1.410537186893461581e-01,1.028205978887868355e-01,-6.702447833031409397e-02,1.024390424121002369e-01,-9.970522565500231083e-02,6.261140787915607797e-01,7.615941559557648510e-01,1.513605517351509187e-03,-6.510389332595559186e-02,-1.685098585013083961e-01,4.185675238425159428e-01
1.103680593516290082e-01,1.356769369502457967e-01,-1.717135219777651267e-01,2.035795902554721551e-02,9.616623618655088801e-02,1.655625786693557810e-01,9.160311253168978984e-02,6.769050339319139520e-02,7.892145429979821603e-02,2.602288221070064855e-01,1.477478695238063355e-01,1.789857338060649727e-01,2.606660559321337667e-01,7.298517205866721091e-02,-3.790886710561954809e-01,-1.582095200970318194e-01,2.557919173131565915e-01,-9.850291029071447935e-02,-1.953921068933827665e-01,-6.124917202376746195e-01,1.832098470119168654e-02,-5.502532746634772876e-01,3.636009314164589251e-02,1.180469907652530043e-01,2.093827650547319327e-02,-1.930934077356642187e-01,-1.991303980427008569e-01,-1.500939649266039115e-02,-1.716816638392663075e-01,-8.653691523105255801e-02,2.556584752348505796e-01,7.691146741571544543e-02,-5.204512229079642088e-02,4.609293429997857877e-02,1.029075457985541009e-01,-9.571344297392637979e-02,-1.185892148244628436e-01,8.279466028092224983e-02,8.942002383024173773e-02,1.183273419442228969e-01,2.916624593579671479e-02,4.581484561884781792e-04,3.391579796290151161e-01,1.825359883387700777e-01,1.128521246430692071e-01,2.482209171605593012e-01,2.506102787080919936e-01,-4.217767048176821465e-01,-1.666907616345646159e-01,1.563916711078058852e-01,-2.904508802688005042e-02,-1.107062221107167066e-01,-5.253411596452296495e-01,-5.245967599111712315e-02,-4.589277205304129748e-01,3.772982898850413269e-02,-1.128146238848510424e-02,8.962068720075355710e-02,-1.104950414314069679e-01,-3.217721627154301878e-01,2.536711935809422835e-02,-2.259596526194609101e-01,1.402699978448055350e-02,1.102308096305914115e-01,-6.761557004043357300e-02,-1.397195676335435677e-01,1.989797987879925179e-01,-3.021641881280122399e-02,1.429507453694534025e-02,3.462902802030657940e-03,3.781843390061168098e-01,-2.240539736384559721e-01,-1.863790004663150035e-01,3.712637105981062002e-01,5.035505683406965582e-01,9.095616813550937152e-02,2.473107827948309856e-01,-1.132630678369964117e-01,8.896086791202822974e-02,1.513605517351550821e-03,7.615941559557648510e-01,-1.691123050335099076e-01,-2.630381902961591023e-01,4.473166482785923548e-01
-2.493967769756827435e-01,-2.771552086113319713e-01,-1.485784098005872300e-01,4.991470217069874371e-01,2.237758119338766616e-01,-8.293587297042706585e-02,3.503239240798194376e-01,-1.921932624931946276e-01,-6.302467313804673010e-02,2.476216774985699198e-01,-2.897524820963360073e-02,1.485370518234423731e-01,-2.447568786639559568e-01,4.965250712440356651e-01,-2.878817029500448099e-02,-1.812302813704316229e-01,-2.197215971719585978e-02,-1.636517575627881027e-01,3.421488450193648639e-02,1.648689558694305390e-01,-3.935258067921345582e-01,9.015337459245367779e-02,-3.882942179383908621e-01,-2.056277713321621181e-01,-3.788341651354918960e-01,-2.315798708011681251e-01,1.676402863955543387e-01,-9.739778965912052056e-02,-1.323689386688911285e-01,-1.138256327722719369e-01,1.207396644811334907e-01,-1.446414066160477130e-01,-9.375525671931082827e-02,-2.401920010415120876e-01,-1.573988504488645912e-01,-1.763221517518192005e-01,3.369471116696780566e-01,2.482159249600121853e-01,-1.362737981415614863e-01,2.428996888212260896e-01,-1.844097471282214185e-01,-1.183881793642792696e-01,4.466405023839326027e-01,-8.373864728735626317e-02,2.067872362313826762e-01,-8.079318270320234863e-02,5.747944440662572374e-01,-1.004031964726145344e-02,1.195919462744391704e-01,3.152851951594845548e-01,-2.857886152966394866e-02,9.386706306173828174e-02,1.370450423922058014e-01,-3.202055600995522000e-01,1.285749590224213590e-01,-2.917926240118557946e-01,-1.757404413908143781e-01,-1.116951028851739663e-01,-1.484972064576103312e-01,2.569433875879424956e-01,-6.751555978594438179e-02,6.624712190320483640e-02,1.067172474251420061e-01,-1.229897948457850665e-01,-1.186102806925018599e-01,1.604941718620904734e-01,-5.480543946253817883e-02,-1.635929686470963262e-01,-3.829049543738966555e-01,-1.567088075305778094e-01,-2.671035153530298967e-01,7.876849192336645711e-01,5.605937475043417662e-01,-1.425019402844884264e-01,2.033335093943160476e-01,-7.432828724134872556e-02,-1.658008006022497760e-01,-3.076383714810350667e-01,-3.647182732134345851e-01,-6.510389332595559186e-02,-1.691123050335099354e-01,7.615941559557648510e-01,4.731615521561303161e-01,-2.874831912065850537e-01
-3.497493289014275142e-01,-2.106273634612986778e-01,2.319444518765245711e-02,1.727450885419485604e-01,1.557617139020558983e-01,-1.631126343969548087e-01,1.553022724963683786e-02,-1.769415586783195660e-01,1.430582803935527003e-01,-2.302316387634398276e-01,6.433342854382711161e-03,-1.086259379620645449e-01,-2.840617278855470662e-01,2.171844204970379277e-01,1.771260216074399263e-01,-2.943754922198213997e-01,-4.606253714557938528e-01,-2.419812275835865611e-01,4.827446889823778370e-02,4.255263726224006726e-01,-2.723170104473376929e-01,1.757188590520376847e-01,-1.351010485143427919e-01,-3.136356407319343953e-01,-3.917146998611822917e-01,-2.012516132407729808e-01,2.815935954092447790e-01,-7.347072886723607366e-02,-1.179372192762613292e-01,2.048995291462891166e-01,1.285481958576576711e-01,1.106274480239051727e-01,-1.891357247289727483e-01,-1.379177075598807811e-01,-1.591681253118238659e-01,-4.550928881658501679e-02,2.025888259522229673e-01,1.391712253274974831e-01,-2.514229745251603254e-01,1.027496567468758754e-01,-2.737941074074695669e-01,3.274673148705086606e-02,-5.617849110548234909e-03,-1.793889074664169747e-01,-1.420548739991676634e-01,-3.169006404634054919e-01,1.973548304269203135e-01,2.444754362365897937e-01,-1.251409292456745481e-02,-2.297314961385498178e-01,-1.177611755923316933e-01,-3.457320945541974416e-02,3.415722209496528383e-01,-2.979764761642189064e-01,2.530549786385168365e-01,-1.859558561116791131e-01,-2.687931991798950815e-01,-2.769588635206991500e-01,-1.692130251223753767e-01,2.278352768204061629e-01,1.373167304029495293e-02,3.445941389392601778e-02,6.915489161313516375e-02,-2.960300363035723858e-01,-1.182834269662770554e-01,1.480929067659604581e-01,-3.843127020363278773e-02,-2.349679566149196763e-01,-3.827265078303270784e-01,-3.487722235958599648e-01,-1.659944167053439140e-02,3.497767481441325099e-01,5.326506137001202346e-01,-1.920551808112540559e-01,1.361527572875085093e-02,4.723529556355571951e-02,-1.302782081686722493e-01,-2.402992596759266630e-01,-4.231548360849651802e-01,-1.685098585013083683e-01,-2.630381902961591578e-01,4.731615521561302051e-01,7.615941559557648510e-01,-5.072678234998856395e-01
-2.579497706592616124e-01,4.780460671002715878e-01,-2.589327933155016193e-01,-2.617890950154649898e-02,-1.173199357940396675e-01,-2.714984348826702809e-01,-5.884369679836272404e-02,1.051068871218409778e-01,-1.692017169018803502e-01,1.879118379955400098e-01,-4.502577578001955294e-02,1.930917964538574894e-01,-1.769185287337505519e-01,1.536558293263535786e-03,-5.678801632735264865e-02,3.051983714144370849e-02,5.008325733751711750e-02,1.253585016616442505e-01,-2.950353966864777133e-01,-4.541336641992300693e-01,3.771887026678368837e-01,-3.809567184780972560e-01,8.261469059352000155e-02,3.341135351724566216e-01,2.631231114679722927e-01,1.844950219504398747e-01,-3.520192341470260167e-01,-3.124624400715043659e-01,-1.748431551967730702e-01,-8.047868812147919784e-03,2.285886372173224004e-02,5.352426552271107724e-02,2.051553731746916243e-01,-3.002221211922854738e-01,4.535250708291426180e-01,-2.872279329351561938e-01,-3.108238100131886505e-01,-1.091110459105523456e-01,-1.381713080506759839e-01,3.734381744570507838e-02,1.978793267982342508e-01,-2.011265667115499090e-01,3.322107468488627591e-02,-1.265969775867125946e-01,1.761088165170263398e-01,-1.233839472831440992e-01,-1.255815961498693845e-01,-1.901396398556047182e-02,1.387056018422124512e-03,-9.785825153029469037e-02,2.724681095651711460e-01,-3.021275217993923956e-01,-3.441655185394959515e-01,4.525547198054422071e-01,-1.516896377000618856e-01,1.208752005855764644e-01,2.884119004151705634e-01,2.765421636009038897e-01,2.669352255633821724e-01,-2.468030737032903543e-01,-3.816712871233950422e-01,1.018038611257587461e-01,1.268044560170843715e-01,-5.658125873455317062e-02,-1.024864340761647563e-01,-3.849802163528954417e-04,4.109597268401343206e-01,5.906895527753806829e-02,5.269615688388845642e-01,4.000284576206225573e-01,3.873747841712523732e-01,-1.517093639956537676e-01,-2.830387231330484532e-01,7.503503688783129677e-01,5.293278835760216738e-01,9.025961588231299487e-03,3.469237739728197045e-01,1.047413755117490748e-02,4.954270781214189512e-01,4.185675238425161093e-01,4.473166482785923548e-01,-2.874831912065849426e-01,-5.072678234998856395e-01,7.615941559557648510e-01
