7.615941559557648510e-01,7.883375314526075428e-02,-1.833986536978305659e-01,2.375142980647361735e-01,-3.490944135286944694e-01,1.368727300380033138e-02,-4.180563390049423650e-02,5.301845999645140445e-02,-3.255957637780583225e-01,3.534365199623230036e-01,-3.240840532643833316e-01,1.636201085056775695e-01,1.621250167790748431e-01,-2.917070994611379864e-01,-1.188505592150348872e-01,5.765519784140389348e-01,2.301445972977700094e-01,7.204448071805799048e-01,-1.563860234215732059e-01,-3.340392240542349733e-01,-3.320164320586617146e-01,-1.949297141166340952e-02,-2.003611078699210069e-01,4.842353358453135165e-02,6.942742809874834220e-02,2.435778251149823825e-01,-3.242307247478483090e-01,-5.867682571377319523e-02,4.905422786349657865e-02,2.946079381568723621e-01,2.436048602101799354e-01,-2.519564900846622546e-01,-1.515687541810997463e-01,6.111248451242521362e-01,-1.526552458305789339e-01,-2.505035978969217259e-01,4.460365123113214231e-02,-1.348660858532031714e-01,-2.021511232808591296e-01,5.156519771362453458e-02,-2.143710822787288084e-01,-1.700366732470096343e-01,4.849507464278957763e-02,-2.431771592852440822e-01,1.323180409422963222e-01,2.275227796037615144e-02,-1.100558351691725140e-02,-1.737390124469821717e-01,2.946168146397228071e-02,1.053169941758766576e-01,1.667961558677180101e-01,-1.045586249708491400e-01,-2.869682783747641297e-01,-4.157463606299037773e-01,-1.821564365395747787e-01,-4.730266582573324774e-01,-1.732267136282745479e-01,-2.110707401392514226e-01,-2.117960354072059570e-01,-4.194569943258519285e-01,1.411417611917364368e-01,-3.990056331274072776e-01,8.330942782783508360e-02,1.242576899472366270e-01,-2.413085686477627334e-01,-9.397903914344822585e-02,-4.721806379804041609e-02,2.335123065352132272e-03,-9.480096234153674584e-02,-6.418553723078755657e-02,-6.064511949174383049e-02,3.346199674451530437e-01,2.761683630529862543e-01,-8.336598401979948558e-02,1.180522795894339422e-01,1.051709852088156816e-01,2.101689708462081141e-01,-3.293617435398572546e-01,2.543697612459615634e-02,-1.723029017335076796e-01,4.287659888060994649e-06,2.182018117654246636e-01,-7.484666822589905455e-02,-9.339660011474205936e-02
7.883375314526075428e-02,7.615941559557648510e-01,6.880516870606531721e-02,1.557774894847950287e-01,1.580357148989877947e-01,-3.902992829964433419e-01,-2.313002728077632186e-01,-1.270716061584913625e-01,1.123926570413900580e-02,5.679654638733420274e-02,1.929181303281915227e-01,-6.799455669921763978e-02,-4.446359745842658473e-01,9.358898058844781521e-04,7.988803071287840785e-02,3.339413630695355906e-01,-1.643412854750951613e-01,1.934865330802603145e-01,1.612288619329153294e-01,-2.582250511467425180e-03,2.218513976061528004e-01,4.865897252945852736e-01,-2.240721368556156459e-02,1.425518729410955865e-01,-2.968212798538227490e-02,2.910197947918073957e-01,-7.573988099976983190e-02,-1.027712872990155929e-02,1.534949460545864675e-02,-6.090991786354538196e-02,1.131455910922114644e-01,4.020214643075726429e-02,3.897604218649300956e-01,1.167753832059566926e-01,7.505921007187738025e-01,-8.289189054747210864e-03,1.382309499984915035e-01,1.509470638812293874e-01,-3.734329769418295308e-01,-2.676134302513399343e-01,-8.972573183247181672e-02,9.933119699551334197e-03,-1.201681365645534405e-01,2.386947584637285069e-01,-1.479110109566650171e-02,-4.271582924030278838e-01,1.433645852490080530e-01,2.721390874062679655e-01,2.581979532357635554e-01,-3.578120763932027271e-01,2.574384804990941800e-01,9.290268426440610738e-02,1.165166588110831125e-01,3.143266069202332869e-01,3.981441680634928426e-01,4.474808803918559758e-02,3.348304630242009972e-01,2.255413311744241256e-01,1.395209667615822657e-01,-8.178885970209089085e-02,4.069390193033767950e-02,3.724438953395434182e-02,-1.247738676282808684e-01,2.719844268617788857e-02,7.764922684766209504e-02,2.892483847892531879e-01,-1.424946795829163393e-01,5.390628061147982597e-02,2.612421412227369723e-04,-1.476935472487294135e-02,2.909096904587500365e-01,8.503506268665804446e-02,-2.143708710196147796e-02,5.583874679155814008e-02,2.733934651212297506e-01,1.122571640035479879e-01,-2.053272913374704356e-01,-3.028736201620919055e-01,-2.220656000825014798e-01,-2.852009581318273521e-02,3.406738746287818476e-01,6.195482285578401971e-02,-1.755161895240012759e-01,1.751171883597167286e-02
-1.833986536978305659e-01,6.880516870606527557e-02,7.615941559557648510e-01,5.050501565658799957e-02,6.056568736649945439e-01,-4.135136359864038380e-01,6.988631496179165126e-02,1.593732857511903911e-01,6.854538991734154818e-01,1.393932402225802059e-01,8.056572210977367421e-01,1.664771785022676753e-01,-3.163900712907600776e-01,2.951483965555798394e-01,4.240245388369272561e-01,-2.327504598334548536e-01,3.567118325330830703e-02,-1.452454668477573541e-01,7.564945280439142605e-01,1.483592725111513022e-01,2.883044834460324335e-01,6.751248601366066637e-02,1.893508023208467783e-01,-6.423760895225988365e-02,-5.220110151571100143e-02,-7.285112006639668514e-02,-7.908042457536487713e-02,2.999604057910765786e-01,-1.325706029291140176e-01,-1.390441601648655934e-01,7.537616618017525805e-02,1.669187807651454636e-01,2.413590308117658234e-01,2.731881843079253178e-02,2.065609615543431976e-01,9.125522261853024064e-01,2.637420751856168685e-02,5.215995360278127269e-01,-2.698030142867816061e-01,-5.694147198512694227e-03,1.891498560474194901e-01,6.369203948349446698e-01,-3.878904290327436777e-02,7.836287081778952057e-01,1.603804793902864068e-01,-1.529309764219393686e-01,3.049294697300825030e-01,4.221827474799118018e-01,1.733007924657024579e-01,-5.512627722367343525e-02,9.641479057974886024e-02,6.980680311586708875e-01,3.400521525311968052e-01,3.261315594862898015e-01,2.228232516685474951e-01,3.342630649895370065e-01,5.135990106753728079e-02,1.347984419028777081e-01,9.650082106419856365e-02,9.484468822126888854e-02,1.083634569390450053e-01,1.444634373041130404e-01,-1.044824761328848051e-01,1.855233123738596612e-01,1.840678155873518296e-01,2.262588958914064363e-01,4.770342748424544893e-02,1.073719183674716193e-01,-2.779700959356353196e-01,-2.132846179328625746e-01,-6.684041921146441183e-04,-1.344124388977250839e-01,2.764288306500487305e-02,-8.083372343769854029e-02,1.048322232856931970e-02,2.687494830996451922e-01,-3.102337512471263145e-02,8.345679191077454151e-03,-3.682591557082437461e-01,-2.233707864318090763e-01,-7.706280056219212693e-02,1.509345804114464173e-01,-2.776173849922643905e-02,-6.167744233808006987e-02
2.375142980647361457e-01,1.557774894847950287e-01,5.050501565658801345e-02,7.615941559557648510e-01,7.788862278928888883e-02,1.563922153521231651e-01,1.802202275739687720e-01,1.264722187261399788e-01,1.201444562879595973e-01,3.282009702133068529e-01,3.942732021339680204e-02,4.925271955808773611e-02,2.491521974468521305e-01,1.248576193731914391e-01,-1.828345033479812642e-02,1.991942447704138364e-01,-1.024428895398357513e-02,2.317047289487767781e-01,1.116526331158254753e-01,4.753424798411479135e-02,-6.767564495497112309e-02,8.209619077873640813e-02,2.430865338524381553e-02,1.165359576118187024e-01,-6.835587393469871875e-02,-1.546107160248245960e-02,-1.055540977690597459e-01,2.546132510730485521e-01,3.772337808086872329e-02,3.425290294493880117e-01,5.960722622428793298e-03,2.682316759126726069e-01,2.883314999832709002e-01,8.065508580912676695e-02,1.767530629294689071e-01,7.587903842682060251e-02,1.667061021340364435e-01,1.929911987129598883e-01,1.626164586047785521e-01,2.847728715151302548e-01,2.066794228119183952e-01,2.103965233103052002e-01,2.079968737366659215e-01,4.913841725325383825e-02,1.870670954339158920e-01,1.763887078508148409e-01,2.915554110897020101e-01,-1.158480929544500188e-01,1.710574282844705418e-01,5.280008595391765674e-02,1.960102767635480137e-01,9.238929249737837246e-02,3.703712153621181724e-02,-5.171298557837803594e-02,4.209088788375074663e-02,4.186770405782146154e-02,1.489748313640185118e-01,-2.907337574993198656e-02,1.199890617900620099e-01,-3.661646694159179788e-02,2.583705664428903592e-01,2.707557741320228140e-02,4.763466479258811614e-01,-5.523722692938556195e-02,4.610685698801490762e-02,2.232769045914197725e-01,1.315930832105912385e-01,-1.164038621033446491e-01,-2.258868189560326034e-01,-1.644715028437863102e-01,1.430607614994069410e-01,5.180069764970193225e-01,3.495227312818249832e-01,-1.858891817307289362e-01,2.052447757623247215e-01,1.948347573358283624e-01,1.395495305252161256e-01,-1.545769264859210568e-02,-9.664591869986215167e-02,-1.150795488184821469e-01,9.328758570199649491e-02,4.002097202433537171e-01,2.412967832214797936e-01,-2.390063706114934142e-02
-3.490944135286944694e-01,1.580357148989877669e-01,6.056568736649945439e-01,7.788862278928881944e-02,7.615941559557648510e-01,-3.643030663753137333e-01,3.052642641770270115e-01,-3.904447084087724062e-02,8.072447308797656707e-01,-7.353406234183115786e-02,7.953330559595671589e-01,-1.313514139791829016e-01,-2.915252805288118809e-01,3.302919260763388376e-01,4.526091573702902826e-01,-2.244336884503141671e-01,-4.328419607124687346e-02,-2.481163495064639402e-01,5.229931900841761072e-01,4.885976099763030822e-01,3.892287520770655318e-01,3.029232409578828111e-01,1.689683770765739723e-01,-1.749868945518734953e-01,-1.708734059635839408e-01,-2.093749220746202178e-01,2.214759473416887114e-01,2.789855227294786300e-01,1.303423115469349580e-01,-1.307965447158712935e-01,1.243098790164687550e-01,2.998318734823101073e-01,4.435837677496505260e-01,-7.796998658899825796e-02,4.534179543522302014e-01,5.684821973604552436e-01,1.621490051929658782e-01,8.458555356087338328e-01,-9.827748325428413423e-02,2.772821412076648673e-01,1.854983166868939548e-01,7.941827987293348379e-01,2.516898282190723271e-02,7.779863593351800111e-01,-2.134608905144049634e-02,-1.690160303882868448e-02,4.724697437997342764e-01,3.493800075741228528e-01,3.703297774269483367e-01,-4.449935307126792056e-02,2.031739108025353568e-01,4.364775896657372423e-01,5.890901151884114784e-01,4.816276838941375704e-01,4.049124902061609355e-01,4.530069549291230180e-01,-7.873420096553274822e-03,2.453345594241566341e-01,1.562239712337991360e-01,3.938298113668045608e-01,1.578501075655304176e-01,4.772932318145062802e-01,3.956729491964568017e-04,2.797280150792809672e-01,1.631636689463286660e-01,3.546349519095211011e-01,2.878565535944228870e-02,-2.405415922179794923e-03,-2.839575512206991559e-01,-1.329822560367373563e-01,2.711711533141306640e-01,-8.984759223532108596e-02,2.247944758425745454e-02,1.301588264501438337e-02,3.597217881884488544e-01,3.605622426015162724e-02,-2.047517009757984507e-01,-1.088719644187175345e-01,-4.338866870224541983e-01,-8.094726350352751676e-02,1.277232799510857331e-01,1.431487399761993962e-01,1.113498342537377755e-01,-4.894375873359645135e-02
1.368727300380031750e-02,-3.902992829964433419e-01,-4.135136359864038380e-01,1.563922153521231095e-01,-3.643030663753137333e-01,7.615941559557648510e-01,2.126052324664053361e-01,5.462356435981221559e-01,-4.512213331086223356e-01,2.975532202252402225e-01,-4.538138190341997613e-01,4.531171886279113381e-01,8.467301021612736456e-01,1.864551447958811281e-01,-2.114597954570653360e-01,3.035415747455287860e-01,3.834179667253452273e-01,3.478269781775493175e-01,-4.484714391819254464e-01,-2.307703725312314491e-01,8.761902554484310435e-02,-3.946416972660647948e-01,4.382373559951850406e-01,3.777485519904388300e-01,5.398011517347800492e-01,4.414642680635710859e-01,-2.365716686142891045e-01,-1.452964213935605819e-01,-1.543954750708360912e-01,5.216285101801939605e-01,-8.457935066351633668e-02,-5.769091000659162111e-02,-2.274735485564918780e-01,-2.172781445009342727e-01,-4.200988193446576480e-01,-3.490233924745825833e-01,-1.173430073961816283e-01,-3.074379752705994062e-01,5.365205073420656889e-01,-1.187673203557510458e-02,2.945087083426056740e-01,-4.017742548358364529e-01,3.466113413603469362e-02,-4.947247697658189169e-01,2.936637371909172622e-01,3.419930510703267923e-01,3.437399174095921023e-02,-3.847221896304937050e-01,-2.604136762082477352e-01,1.521601738074878363e-01,-1.835734323598233464e-01,-4.433902623611066796e-01,-2.571884207904656106e-01,-2.349682364016967839e-01,-3.457676234704870066e-01,-9.638670145497804653e-02,1.322241043023498173e-02,-1.035032654858389356e-01,5.034950094975771534e-02,-4.423054410765014377e-01,-8.560741240077401892e-02,-4.666125248103398238e-01,1.705949767761044678e-01,-1.254261658908844557e-01,-1.325032447296722871e-02,-3.123439228856674243e-01,2.276836622985863867e-01,3.160737013047161710e-03,-1.059861145861402953e-01,-1.264415824831559981e-02,-2.308236794189313101e-01,4.095432539327265586e-01,-2.939638677116828899e-02,-1.468287173734221240e-01,7.788234491853385927e-03,3.527400995624722230e-02,5.364357451543697586e-01,-4.756815227876090568e-02,1.896278424063645995e-01,-3.931088851532928835e-02,1.334081575813805820e-01,1.703189119047149591e-01,3.246714866770480240e-02,-8.518044766302816651e-02
-4.180563390049424344e-02,-2.313002728077632186e-01,6.988631496179166513e-02,1.802202275739687998e-01,3.052642641770271781e-01,2.126052324664053639e-01,7.615941559557648510e-01,-8.002099340712182096e-02,2.378321049874558557e-01,3.183957708767717887e-01,2.268806840769136413e-01,1.518389793580258475e-02,4.155412211843513837e-01,-2.290933440813791577e-02,9.815144559608988961e-02,4.430993042039278046e-02,3.072031968638762600e-01,1.178027067603023420e-02,3.029799770171139051e-02,2.910584562564808575e-01,1.371120724056440650e-02,1.252499667567657238e-01,1.363076592214576555e-01,-2.742646748474126747e-02,4.436409308755222963e-02,2.431134938573525223e-02,4.334987460427742745e-01,1.103942180494437708e-01,2.358850202941984719e-01,1.102770955492648752e-01,2.413112984967724917e-01,2.180827533214394764e-01,1.270516428538816245e-01,5.663753720037382339e-02,4.235277874699877598e-02,1.423947069929713538e-01,6.307066764751072252e-02,3.276986038890091213e-01,2.466562737091536062e-01,6.486612009796556277e-01,-1.261308786485163848e-02,3.322397612925537258e-01,2.143634937590072898e-01,2.100036804070721241e-01,1.362072896877736423e-02,4.755218077591425452e-01,2.325721292948596530e-01,-1.422979627142379744e-01,1.047758433408501472e-01,2.055672938793420557e-01,1.147845909942837167e-01,-2.043123097650029890e-02,2.746352836252346497e-01,-4.711721847497974541e-02,1.364901561300447264e-01,1.174317335466012052e-01,-7.463660864536238171e-02,8.187074466626886871e-02,1.836771409135769528e-01,3.868496423728244871e-01,1.138572990985516342e-01,2.589657398950489520e-01,2.026170706261149757e-01,8.312642906778165697e-02,-4.901189100698118833e-02,-5.674017654954069401e-02,2.482246723293343171e-01,-3.361502318914146858e-01,-3.621180887392618786e-01,-3.557616355499653715e-01,1.664959481466855573e-01,2.258256650474735339e-01,-3.969165182243954842e-02,5.300218515167652578e-02,4.604551526289684116e-01,-5.696334095867498087e-02,2.638105602732736532e-01,-4.170557327658615532e-01,-3.094457946878361176e-01,-3.222768655981799180e-01,7.117206209309429044e-02,1.305993231978588853e-01,-1.967126252676506485e-03,1.032168103254521713e-01
5.301845999645142526e-02,-1.270716061584913625e-01,1.593732857511903911e-01,1.264722187261400066e-01,-3.904447084087723369e-02,5.462356435981221559e-01,-8.002099340712180708e-02,7.615941559557648510e-01,-1.350046122616387024e-03,3.469493648569573208e-01,1.485352036729648828e-01,7.341460210464282321e-01,4.726362827445733106e-01,4.993841203369910886e-01,1.888165132556160752e-01,1.073386536525639812e-01,1.597604558276109754e-01,2.535855876553494981e-01,1.359865540958245245e-01,-1.613724048235026243e-01,4.628674311730662794e-01,-2.650988645443344005e-01,6.453928922475876684e-01,5.175355964509378293e-01,4.081818923066772853e-01,4.729956520177842072e-01,-3.285476326405932235e-01,1.678352607307498356e-01,-5.167266014574027899e-01,3.835989493102666681e-01,2.651094521332387002e-02,2.972524965010693229e-02,-1.404112983848768703e-01,4.340501458833120885e-03,-1.076650456723941274e-01,2.283288698291365826e-01,-1.491249289829857938e-01,-9.919747984850904587e-02,2.784095746837025875e-01,-1.634303427589897939e-01,7.604971985509849652e-01,-2.018960789356863406e-02,7.268912158196597084e-02,3.072752959436475528e-02,5.973745231009288670e-01,1.479675277456266591e-01,3.109322989503219281e-01,4.452491828904497906e-02,-2.787238635916013951e-01,-1.023226155415157546e-01,-1.657953826676532016e-01,7.549911910236674351e-02,-1.425089630348121694e-01,1.934052278098298827e-01,-2.373266591874370057e-01,2.651140534985327868e-01,3.121391288834121092e-01,-7.565688086014576985e-02,1.484219122193788098e-01,-4.484466388544000592e-01,2.427725969377633186e-01,-5.204955612859000214e-01,2.686129590769315567e-01,1.332660128691723900e-01,9.978118209059194665e-02,-1.588468581473708174e-01,2.537086217146780065e-01,1.168582851871798195e-01,-1.534279735153672442e-01,-6.071736650309031424e-02,-1.939224617013244056e-01,4.085954008994578945e-01,2.875375483634883683e-02,-2.579041565429416316e-01,-5.702367301272912720e-02,2.233974471270151752e-01,4.482248408683496832e-01,-1.234502955477182959e-02,-8.194112678132625671e-02,-1.913838024875981481e-01,1.311256232093433449e-01,1.930683988952387742e-01,-9.674148242916880136e-02,-2.117627461616078399e-01
-3.255957637780582115e-01,1.123926570413895029e-02,6.854538991734154818e-01,1.201444562879596112e-01,8.072447308797656707e-01,-4.512213331086222801e-01,2.378321049874558279e-01,-1.350046122616387024e-03,7.615941559557648510e-01,-8.410525094023554860e-02,8.078676412765113390e-01,-3.880839773318944114e-02,-3.568914691759012547e-01,1.764625977462017103e-01,4.153446718905204338e-01,-3.188539244920401972e-01,-2.569497649177134371e-02,-2.877120231815818996e-01,7.243748803964218386e-01,2.652090824635456312e-01,2.505395625267731741e-01,1.150590600784453799e-01,3.240004808528568203e-02,-1.056582162060148433e-01,-1.803230719115629932e-01,-1.633162856848702493e-01,5.214461586075209293e-02,2.135438528007697345e-01,-1.222176574933825227e-01,-2.433723101296495495e-01,9.871914513333313046e-02,1.343618531973334584e-01,2.432028341398856930e-01,-1.795468320838335130e-01,3.375864990800256926e-01,6.266168658093709265e-01,-9.188433484508903848e-02,5.557107736949287169e-01,-2.669899956690293119e-01,1.598860610793110815e-01,1.562361183024974232e-01,9.295250709549328638e-01,-2.196421320787575460e-01,8.063443254646543989e-01,-5.431370259092276748e-02,-2.020077778045448746e-01,2.408924521261364138e-01,3.475251161544148926e-01,1.586603424755173852e-01,-1.340032526405507129e-01,-1.165737446193279049e-02,6.524181886863906765e-01,4.333176264054353632e-01,3.541378623054824981e-01,2.586943342705444460e-01,2.983687048490836213e-01,-5.293362361978867781e-02,3.473868066505474139e-02,1.067668669335367221e-01,3.426119280471829898e-01,-2.065646126642361330e-02,2.795047100719837418e-01,-1.098718194263713366e-01,1.789975345688587238e-01,1.075774598796045041e-02,1.972022505095408218e-01,-2.999730197983137975e-02,-7.128058365608547220e-02,-3.027596727681532429e-01,-1.996194411845851335e-01,9.105765829099002340e-02,-1.571788730524092126e-01,2.123620922048101781e-02,-1.700193504713507220e-01,2.264477238648866242e-01,8.513898327221422480e-02,-1.143730265585863326e-01,-1.305364185741937910e-01,-4.775750759930655343e-01,-1.759041515240023501e-01,-4.206135703861862626e-03,5.383617649974268421e-02,-6.497535059380807332e-02,-8.856086784209775409e-02
3.534365199623229481e-01,5.679654638733418193e-02,1.393932402225802336e-01,3.282009702133068529e-01,-7.353406234183118562e-02,2.975532202252402225e-01,3.183957708767717887e-01,3.469493648569573763e-01,-8.410525094023557635e-02,7.615941559557648510e-01,4.335647390719517269e-02,5.736950610884609114e-01,3.107775797646141758e-01,7.212782029486471125e-02,-1.018322531584912177e-01,6.292722291587008465e-01,4.653783335598179471e-01,6.461525229600638687e-01,3.474372469250789491e-02,-7.869389581813339418e-02,7.891710754270084283e-02,1.068258417602891419e-01,1.167006350139473125e-01,3.875787103776202613e-01,4.635692999774147505e-01,4.756419589334315856e-01,-4.971960194534368049e-02,2.817286277004605322e-01,1.185730078100608390e-02,6.604186832857400491e-01,1.784809509266794755e-02,2.695320141039767026e-01,1.707861420289533694e-01,2.321792944240451406e-01,-3.020434126313817011e-02,5.749485314009600972e-02,6.716107682870529894e-02,9.524706059196907937e-02,2.447706294923395268e-02,2.738612974336958605e-01,8.384830174500587652e-02,9.202418211821906946e-02,6.150560081844341775e-01,3.015035768626865564e-02,3.703830068005047327e-01,5.540353049179353589e-02,2.041392784313345310e-01,-2.563227946214270969e-01,1.030756275440895681e-01,3.891000196381160792e-01,3.809276010664935930e-01,4.878047458157074023e-02,9.305077586545331542e-03,-1.580834953408630783e-01,3.249682070787762028e-02,-2.392107068505985590e-01,1.723350137847031449e-01,9.257355820559391713e-02,1.501538090980936435e-01,-1.941612314294475228e-01,3.059536254581757264e-01,-2.747833844936352632e-01,6.465232384149038891e-01,-1.829889206804638790e-01,9.519520826791648405e-02,-1.115449560586369813e-02,7.154669865007164120e-02,-1.068218477669924671e-01,-4.772068617064596785e-02,-1.531203696592450814e-01,1.644749575001663300e-01,6.074071837497566628e-01,1.070919999425296587e-01,1.491937746913983565e-01,4.471839438211129836e-01,7.614232895220011954e-02,2.971167244469903879e-01,-4.001620024500084360e-01,8.774360166319447596e-02,-2.032472324861806234e-01,2.223815991510813550e-01,4.794738719916682435e-01,8.033813585598395535e-02,2.135177445539943042e-01
-3.240840532643833316e-01,1.929181303281915227e-01,8.056572210977368531e-01,3.942732021339675347e-02,7.953330559595671589e-01,-4.538138190341997613e-01,2.268806840769136135e-01,1.485352036729648273e-01,8.078676412765113390e-01,4.335647390719517963e-02,7.615941559557648510e-01,3.741939994243806411e-02,-3.361224158963592723e-01,4.442105900258986328e-01,4.272307106931243492e-01,-1.496036128563853762e-01,3.987070175477864381e-02,-1.444300676989845600e-01,8.826600360187556449e-01,1.692261907088974116e-01,3.066578310716649991e-01,1.657367440584176232e-01,1.457773950990446377e-01,-1.267046937883630764e-01,-7.776268227919801157e-02,-3.294413096661142487e-02,7.260978730481641719e-02,2.267440761523304427e-01,-1.219526480984177153e-01,-1.663871241081250063e-01,2.282570089119638768e-01,2.069655875503233211e-01,2.844127501957050552e-01,-9.624122497260174935e-02,4.219676571495000195e-01,7.429943795968884102e-01,-3.451215871281671649e-02,5.908074510871470508e-01,-2.995276516469286832e-01,8.084759851176165357e-02,2.578954784875633344e-01,7.490987246196357807e-01,-1.224384813352991930e-01,9.661616915293551600e-01,-6.923962383472291766e-03,-1.715824476983045799e-01,5.344870098246082835e-01,3.909656086552331655e-01,2.595821336252065459e-01,-9.887635825654103594e-02,1.388433213126101518e-01,8.023396613483543272e-01,4.030391564025974649e-01,3.883812753723991928e-01,3.272425152930534265e-01,3.685522059820214302e-01,-2.626556348855800180e-02,1.428727141778373400e-01,1.447940455676977045e-01,2.265198835018161772e-01,6.638356471276884996e-02,2.411695432068149125e-01,-8.310712107204447363e-02,1.741986096480186430e-01,1.065198570641456705e-01,2.511941124404017400e-01,2.487794946227152651e-02,1.529707346970119591e-02,-3.435593755542468153e-01,-2.376394576761570454e-01,1.229803531935463462e-01,-7.758578616253868077e-02,-1.925358961914269001e-02,-1.932253222258512038e-01,2.771910107333594442e-01,1.283065379451801824e-01,-9.935487615932130090e-02,-1.133299233897702984e-01,-4.552717105842407075e-01,-2.613012220983040312e-01,1.293325631473392356e-01,6.145246931095495885e-02,-1.787687063607950322e-01,-1.980028724593356215e-01
1.636201085056775695e-01,-6.799455669921763978e-02,1.664771785022677031e-01,4.925271955808777774e-02,-1.313514139791829571e-01,4.531171886279112826e-01,1.518389793580258128e-02,7.341460210464283431e-01,-3.880839773318943420e-02,5.736950610884609114e-01,3.741939994243805023e-02,7.615941559557648510e-01,4.198544886159064071e-01,6.491899199710687851e-02,1.558343733226637273e-01,3.666185386907712118e-01,4.051797494529189581e-01,5.098595306855172593e-01,1.529561687162725447e-01,-1.382549771505550418e-01,3.330916993381519142e-01,-1.059295021263566700e-01,2.799538351604229924e-01,5.645286048216872077e-01,4.505804480369318687e-01,5.585452055855175679e-01,-3.140258204725169255e-01,2.813754536976947884e-01,-2.510269441743709917e-01,3.881293697659515818e-01,-1.542360004887850244e-01,2.140698631441227962e-01,-1.831165485314121058e-02,1.194731822432680973e-01,-2.000329391404764567e-01,1.542407266127064358e-01,1.498264323641635039e-02,-7.144516247947130250e-02,2.419405439148187564e-01,-1.277793735398194408e-01,4.213820870579828015e-01,5.377453869646022649e-02,4.207396420703969908e-01,-8.453097679104834561e-03,6.387445312949090459e-01,1.268289595603340203e-01,1.430903770238192707e-01,1.917620693082279504e-02,-1.232570269588172951e-01,2.494356545312534368e-01,1.270626550326715842e-01,1.293910106548079586e-01,-9.981995691076341048e-02,1.761049276665695856e-02,-1.002384785461209044e-01,-6.777053434766333595e-02,2.727927681732690290e-01,3.380803993769807697e-02,2.268444129118943609e-01,-4.299524451424697746e-01,3.958048267221742633e-01,-3.855657927770705373e-01,3.239674090261333572e-01,-1.337685693727257846e-02,2.154482977339327587e-01,1.220557807222944456e-02,1.946521801414163866e-01,1.215546562027884636e-01,1.920549098651180286e-01,1.765030551045667084e-01,8.764606083608714182e-02,5.354714849545865185e-01,1.190277242769456484e-01,1.160498975577626407e-01,2.396943509801771621e-02,3.107558503044883236e-01,4.406494547952274909e-01,-1.277667978268097748e-01,1.992190343299607702e-01,1.963224385487551821e-02,2.085607656877941085e-01,4.638111447395424358e-01,1.126379437274633993e-01,3.929808822559735515e-02
1.621250167790748709e-01,-4.446359745842658473e-01,-3.163900712907600776e-01,2.491521974468521305e-01,-2.915252805288118809e-01,8.467301021612736456e-01,4.155412211843514392e-01,4.726362827445733106e-01,-3.568914691759012547e-01,3.107775797646141203e-01,-3.361224158963592168e-01,4.198544886159064071e-01,7.615941559557648510e-01,-2.095231707764729986e-02,-2.279264842896193133e-01,2.611999125838317948e-01,5.365771490021410406e-01,3.596029717274344395e-01,-3.015755669446927301e-01,-2.872333410294845568e-01,-9.235194434663101040e-03,-4.243932436053459156e-01,2.892742856753275915e-01,5.094341269723855481e-01,3.896308511706689237e-01,3.855590596864667541e-01,-2.449096713227014999e-01,-1.064611591550672642e-01,-1.062579655331574169e-01,6.079763373709913266e-01,1.192917219562543568e-01,-9.138871079238149175e-02,-2.627617154277735456e-01,-1.196746639640779847e-01,-3.770541751594542745e-01,-2.530518795471262683e-01,-1.411891638027176488e-01,-2.383375821662616079e-01,4.284131041055926903e-01,1.791809372396957478e-01,1.938296054818314795e-01,-2.403640748130051741e-01,2.250638577442018798e-03,-3.418341864488418369e-01,2.738938752672588905e-01,4.455667394514312707e-01,-1.280959493706812329e-03,-4.000142466763569882e-01,-2.185929013029171697e-01,2.147360563417772816e-01,-1.070175454372765955e-01,-2.907333457796560383e-01,-3.066715874361450878e-01,-2.771187327845512360e-01,-3.282748445770626300e-01,-1.516401550377981799e-01,5.157529213573775612e-02,-1.428571327909016475e-01,2.076464858730226737e-01,-4.414782542557553202e-01,-2.156844674973141737e-02,-4.510767690616075964e-01,2.811904203147636561e-01,4.625710798765752391e-02,-1.386197073831273441e-01,-3.728647938735953904e-01,2.603155663291569222e-01,-1.240189033822332865e-01,-2.713635095056569635e-01,-1.043395248186573948e-01,-7.485364237852148994e-02,4.522635342103433209e-01,3.021382339434081424e-02,-1.565239193807768381e-01,7.708226051882442753e-02,9.450650071293976995e-02,5.627737670882220211e-01,-1.050353648691264713e-01,7.215736569514205612e-02,-1.086136638341049648e-01,2.353599967697006801e-01,1.087733648306919848e-01,-7.762574228635879536e-02,-1.225461456029883767e-01
-2.917070994611379864e-01,9.358898058844642744e-04,2.951483965555798394e-01,1.248576193731914391e-01,3.302919260763387821e-01,1.864551447958812114e-01,-2.290933440813802680e-02,4.993841203369909776e-01,1.764625977462017103e-01,7.212782029486466961e-02,4.442105900258986328e-01,6.491899199710687851e-02,-2.095231707764727211e-02,7.615941559557648510e-01,2.957421178149735597e-01,-4.961373838118262464e-02,-1.052254019429859355e-01,-5.635510712486886675e-02,3.052010218269540220e-01,3.886175578894985327e-01,3.191022433874354247e-01,2.093949143538572366e-01,5.168503678456524142e-01,-2.597856975179584083e-02,-1.384740807516027326e-03,-5.689939228791035530e-02,2.352691614201295744e-01,9.944058317502874056e-02,-1.282683334133845332e-01,5.095552523807048845e-02,4.661336114168017353e-02,1.933318610535078585e-01,2.122606868488398080e-01,-8.931060397223899994e-02,2.320350493334644160e-01,3.201109402510058377e-01,-6.225470921788403555e-02,2.825588456951843019e-01,1.796193146436934618e-01,-1.120462917047244517e-01,5.952492064834119523e-01,1.558772672761017941e-01,3.285298490517252895e-02,3.366038770868670649e-01,1.602228871584292502e-01,7.686060412905919292e-02,6.413643371582161690e-01,1.235621728685740439e-01,1.835518856415889466e-01,-1.623105141311870225e-01,1.331323666090868107e-01,2.082471510543989768e-01,3.017713039570672495e-01,2.797888820290414524e-01,2.086274413576251485e-01,5.583483181544993679e-01,9.148765222349598825e-02,7.235379204859786195e-02,7.517707604496011442e-02,9.481425903473071626e-02,7.469884382537908540e-02,7.571538478767529667e-02,2.344372753623887307e-01,6.938068170571993522e-03,1.562716157015027474e-01,2.764944402674590629e-02,1.717503891024386165e-01,1.214809694960560828e-02,-2.710588383418750524e-01,-4.092143044414400105e-02,-3.825506493378780931e-02,1.535894587861887095e-01,-6.918260531227778121e-02,-2.178957359332228394e-01,2.072178276884866499e-01,5.617325002780289289e-03,5.870736768502180652e-02,1.175668173013260098e-01,-1.660943615973952958e-01,-6.171961915617379946e-02,3.056138793500809414e-01,1.235839231427599966e-01,-3.637089336327777728e-02,-1.241330068836797584e-01
-1.188505592150348872e-01,7.988803071287844948e-02,4.240245388369272561e-01,-1.828345033479813336e-02,4.526091573702902826e-01,-2.114597954570653637e-01,9.815144559608993124e-02,1.888165132556161308e-01,4.153446718905204338e-01,-1.018322531584911900e-01,4.272307106931242382e-01,1.558343733226637273e-01,-2.279264842896193410e-01,2.957421178149735597e-01,7.615941559557648510e-01,-1.314225681405731538e-01,-6.940016483288094506e-02,-1.054229505784058663e-01,3.847714675490365166e-01,3.744473123549104665e-01,4.632757520098642612e-01,4.180270321434899627e-01,1.228145916775496005e-01,-1.182521206690571869e-01,-1.213464953936021495e-01,4.409282079038936292e-02,5.497146481408255597e-02,2.240131782670941873e-01,-1.247012378888641415e-01,-6.554583305604003152e-02,5.787278243200660865e-02,3.075508131372042819e-01,1.043379636740031785e-01,-6.668982931551031834e-02,2.917728342536317077e-01,3.022184588617085055e-01,5.623686875256751760e-02,3.486462486209895295e-01,-2.154829144239675809e-01,-7.819862819674776311e-02,1.317903599512704471e-01,3.827733670092702822e-01,-1.152961345866893722e-01,4.201119198441793379e-01,9.209460701776400748e-02,-2.828923256937339592e-01,3.188912748963024790e-01,7.876065562145522225e-01,3.452755327826823473e-03,-3.156306655312608456e-01,-3.141769693796609992e-03,2.923795874348907864e-01,3.620896106850032270e-01,5.496668309114101092e-01,5.149289127027213420e-01,1.810399196732822569e-01,-1.033283109087128893e-01,-1.415294686395445201e-01,-3.374813331966062396e-02,5.573409185530960736e-02,1.896287333986730050e-01,5.021940064577727625e-02,-2.119172284554418917e-01,1.331503488137281699e-01,1.945950601588935791e-01,1.152381444906542124e-01,3.936261896185600483e-03,9.574555205874349384e-02,1.103325419332954888e-01,1.990465488360604329e-01,-6.557350618177686108e-02,-2.650553083618703912e-02,-8.965415483100588889e-02,-1.043517995908906787e-01,1.046122235559665270e-01,-1.873982484175545915e-02,9.891788757144939770e-02,1.156957091679986782e-01,-6.704807072090117337e-02,2.587222879926993069e-01,9.096956771643850692e-02,1.514751157218591771e-01,8.709288539376795757e-02,-3.578523893991392146e-01
5.765519784140389348e-01,3.339413630695355906e-01,-2.327504598334548536e-01,1.991942447704138364e-01,-2.244336884503141671e-01,3.035415747455287860e-01,4.430993042039278046e-02,1.073386536525639534e-01,-3.188539244920401972e-01,6.292722291587007355e-01,-1.496036128563853485e-01,3.666185386907711563e-01,2.611999125838318503e-01,-4.961373838118262464e-02,-1.314225681405730983e-01,7.615941559557648510e-01,4.850177781669666732e-01,8.997272257811930185e-01,-2.132831356880839080e-02,-4.041749341486275959e-01,-6.849312347862089589e-02,8.091710203106215749e-02,-6.697370330157613461e-02,2.573566884067204907e-01,5.507138872079131442e-01,6.000368176555769262e-01,-1.142021290158115182e-01,-1.513433852292620785e-01,1.283919697232451251e-01,3.771708550106706581e-01,1.388336781734197667e-01,-2.505326872622528830e-02,-4.753602855901690669e-03,3.313459416660112233e-01,5.270344909006742865e-03,-2.614524784638817545e-01,1.698436509252819471e-01,-8.916881266364572178e-02,-2.092499186017847679e-01,-2.114202601391786465e-02,-2.774001068382029311e-01,-2.109167811992044006e-01,1.936761003360603639e-01,-8.510690227625195003e-02,6.684826971196348999e-02,-2.595888890191196396e-01,1.177862623180670337e-01,-1.367038690185592986e-01,2.034170185713142509e-01,1.962861001007634165e-01,3.808179852305725310e-01,2.508767584330556105e-02,-3.295334824505326554e-01,-2.652647772607905075e-01,-5.924255455823981137e-02,-4.276806603897486125e-01,-4.551079548350152326e-02,-6.935358537865657586e-04,-1.198363853694366654e-01,-4.389506940585995443e-01,-4.757533122382540114e-02,-3.752274807160959069e-01,2.961776844686575538e-02,-1.008839609106092772e-01,-1.535630148940281270e-01,-5.511887945965295021e-02,-8.394584010211446345e-02,9.685012172161880373e-02,2.539227266974008329e-02,-1.291082100724878223e-01,1.148091733503220080e-01,4.456753422445626223e-01,1.012602438778199693e-01,-1.144287292791475730e-01,2.964605125676466613e-01,4.811635634556551966e-02,3.175331298465904895e-01,-2.571901859926755129e-01,6.952439561769459264e-02,-1.556035762162018277e-01,3.059985743243590073e-01,4.227842337187754929e-01,-1.407897073669215349e-01,-8.022923712785448580e-02
2.301445972977699816e-01,-1.643412854750951058e-01,3.567118325330830703e-02,-1.024428895398356125e-02,-4.328419607124687346e-02,3.834179667253451718e-01,3.072031968638762600e-01,1.597604558276109754e-01,-2.569497649177131249e-02,4.653783335598181137e-01,3.987070175477866463e-02,4.051797494529189581e-01,5.365771490021410406e-01,-1.052254019429859078e-01,-6.940016483288093119e-02,4.850177781669665622e-01,7.615941559557648510e-01,5.647454693352224053e-01,1.263129849738294785e-01,-3.899735300615121414e-01,-2.990094436173727777e-02,-2.618733588182441396e-01,-1.188228415662258008e-01,3.427899835500373693e-01,4.753253658686081851e-01,3.819814722658577133e-01,-2.113749941026910883e-01,-2.340605820393354686e-01,-9.107193371045387009e-02,1.118944218655249789e-01,3.206629207873760751e-04,-1.241312395359168569e-01,-2.098345949478050421e-01,1.742728687709995672e-01,-1.564024495924718483e-01,1.690648534986350510e-02,-2.704205829503265601e-01,-7.619015318206333320e-02,3.875002837310411591e-02,6.613229401804342211e-02,-1.535116983663276369e-01,6.091397228929863045e-02,5.317126684540973702e-02,8.665612218524000598e-02,7.593507891764214590e-02,1.026666187829406718e-01,9.102301834269817260e-02,-2.146963091940885526e-01,1.385623733042339600e-01,6.302236704355859143e-01,4.047675391103476294e-01,1.438212962246049886e-01,-2.706035581052881889e-01,-2.314301830227597778e-01,-2.594725511712936417e-01,-3.446542868304754426e-01,9.454476369174864142e-03,2.328866883346397965e-01,2.724112607406780073e-01,-3.665236846535619430e-01,-9.873516169409840559e-02,-3.496656981347107118e-01,-2.390885235294928912e-02,1.045266123246508527e-01,-2.217675785935887822e-01,-2.062462170188996136e-01,1.443036334879938820e-01,-2.940054364334027115e-01,-1.848578433653804143e-01,-4.108835230184798015e-01,-3.351683209821432197e-02,4.046175653619526469e-01,1.869443294700977656e-02,-9.171835072718459436e-02,1.322168605582251799e-01,-2.077987129451212660e-03,3.580674439775157758e-01,-4.330400567366603504e-01,7.371728674563608752e-02,-4.062579311390137060e-01,6.034320197465464081e-02,1.609408096182317616e-01,-1.646965595872230959e-01,-1.940761489148124797e-01
7.204448071805799048e-01,1.934865330802602590e-01,-1.452454668477573818e-01,2.317047289487768336e-01,-2.481163495064638846e-01,3.478269781775493175e-01,1.178027067603024808e-02,2.535855876553494981e-01,-2.877120231815818996e-01,6.461525229600638687e-01,-1.444300676989845322e-01,5.098595306855172593e-01,3.596029717274343285e-01,-5.635510712486890839e-02,-1.054229505784058801e-01,8.997272257811930185e-01,5.647454693352224053e-01,7.615941559557648510e-01,-6.508710530162849228e-02,-3.803916503146817507e-01,-1.987845605700163110e-01,1.100859687800692481e-02,-8.400952028351441059e-02,3.610291281035860611e-01,4.924584121393053016e-01,5.722492152841869295e-01,-2.671630068340495323e-01,-2.350545065351161700e-02,-3.730573502016289872e-02,4.476003615721628193e-01,1.131283186047066097e-01,-6.789360048648873658e-02,-6.525570053121858283e-02,4.615214234997436216e-01,-1.353497749083280299e-01,-1.603118919928969432e-01,6.376113521341927881e-02,-8.694489654940165679e-02,-1.685729109131000325e-01,-5.969596471073083943e-02,-1.627117071883182886e-01,-1.489964821946999363e-01,2.298515532908142756e-01,-9.249780718453766426e-02,2.208970398301097482e-01,-1.409400623262025143e-01,1.607764236827037285e-01,-1.594088684211782958e-01,1.191315718660306833e-01,2.193783895958293650e-01,3.359338891444780262e-01,-1.478182050253377781e-02,-3.072615116742924424e-01,-4.168692773253263040e-01,-1.194975431821248962e-01,-4.501127085144041584e-01,-3.649423515745984364e-02,-5.241359110726530324e-02,-6.343463365151980060e-02,-5.323883359717815900e-01,1.164004453254273708e-01,-5.544658304525812431e-01,9.671358807697552629e-02,7.795990814466619012e-02,-1.511082166996327858e-01,-1.096086652592725419e-01,3.883740331305544219e-02,3.487183527055127269e-02,-5.015785278133703604e-03,-1.101769009286262674e-01,6.908709398578831429e-02,5.397779059605070096e-01,1.456768508542251594e-01,-8.807778696397901286e-02,2.140333340117541727e-01,1.295365541701525014e-01,3.928069338067667338e-01,-2.810481585891090872e-01,1.073429001289875895e-01,-1.664407742309574612e-01,1.563838938675227996e-01,4.593990639282060084e-01,-1.096381008100940496e-02,-1.349023686866974159e-01
-1.563860234215731504e-01,1.612288619329153017e-01,7.564945280439142605e-01,1.116526331158254753e-01,5.229931900841762182e-01,-4.484714391819253909e-01,3.029799770171140438e-02,1.359865540958246077e-01,7.243748803964218386e-01,3.474372469250787410e-02,8.826600360187555339e-01,1.529561687162726002e-01,-3.015755669446927301e-01,3.052010218269540220e-01,3.847714675490365721e-01,-2.132831356880841855e-02,1.263129849738294785e-01,-6.508710530162846453e-02,7.615941559557648510e-01,2.890796799551322710e-02,2.501898625623389869e-02,1.537770811189362041e-01,-3.738184842242598532e-02,-2.265741189781694254e-01,-2.947388606783083939e-02,2.183259873574966425e-02,1.812205954459790436e-02,9.610828997746688473e-02,-2.568546892029608397e-01,-1.679168340282311267e-01,3.251532833109077036e-01,3.523033600912393176e-02,4.511578046794956220e-02,-1.340156485567505808e-02,2.227284677673899149e-01,6.524971505590414500e-01,-5.640165897615926488e-02,3.201279444614954506e-01,-4.526546653500240769e-01,-1.533577987149869204e-01,7.114112138120673445e-02,6.580852655297882992e-01,-1.784873632981151814e-01,8.907876826759891786e-01,-8.907012985989235312e-03,-3.385693835730839152e-01,4.097968366224422621e-01,3.156935449064273702e-01,1.450125840760945473e-01,-1.367544432756941652e-01,2.912816529875441197e-03,9.437602159728550877e-01,2.976538031571797638e-01,4.063504988078243951e-02,2.801469407153055480e-01,5.630850043739930172e-02,-1.810779978039436799e-01,-7.464930916451396892e-02,-7.117174858068443799e-02,6.103681479072246147e-02,-6.097677546848772473e-02,-2.363703074873665932e-02,-1.110906264039882990e-01,-7.656545302331554601e-03,1.046764501914938632e-02,9.526010145940097540e-02,-7.381582994988776514e-02,-2.456932499630895897e-02,-2.708195500461481053e-01,-3.207206486080738106e-01,7.887028832982906357e-02,-3.162147401598661839e-02,5.458371811872777396e-02,-2.185944797359044012e-01,9.858383710623128127e-02,2.182537024066791564e-01,-5.793213492753555155e-02,-1.216149120183115800e-01,-4.008034836504189014e-01,-3.848821355264949173e-01,6.286921202243329898e-02,9.833850491793559578e-02,-2.486112693110809624e-01,-2.556610889815093546e-01
-3.340392240542349733e-01,-2.582250511467425180e-03,1.483592725111513022e-01,4.753424798411479135e-02,4.885976099763030822e-01,-2.307703725312314214e-01,2.910584562564808020e-01,-1.613724048235026243e-01,2.652090824635456312e-01,-7.869389581813339418e-02,1.692261907088973005e-01,-1.382549771505550418e-01,-2.872333410294845568e-01,3.886175578894985327e-01,3.744473123549104110e-01,-4.041749341486275959e-01,-3.899735300615121414e-01,-3.803916503146817507e-01,2.890796799551325486e-02,7.615941559557648510e-01,3.072314908112739884e-01,6.696792614860382908e-01,1.013548594969964217e-01,-3.629388406104784859e-01,-4.444548652128183508e-01,-2.766082772998872952e-01,9.283084873365797518e-02,5.106545693533982577e-01,3.684662296757065247e-01,6.471090263733353387e-03,1.024406805312827601e-01,5.748931148213484166e-01,5.753555657927253986e-01,-1.960870361723439648e-01,2.265216754219247786e-01,5.801314759964273926e-02,3.181361152586292818e-01,4.468441858204181272e-01,-6.650303312650322762e-02,1.408732294483289460e-01,2.417036672891886492e-02,1.948461809594116967e-01,1.241141937018930552e-01,1.495649000113309091e-01,-4.514833697243357535e-02,-3.395434102592246456e-02,3.622536345282326153e-01,3.806203017726411120e-01,-1.263351504932377911e-02,-3.448109690211513256e-01,-3.655287260260308563e-02,-3.676084771054871636e-02,8.392724146290398979e-01,3.581613104737901843e-01,5.689173333728267945e-01,3.608156836541719925e-01,-1.087914829181531179e-01,-1.741674029643802135e-01,-2.375953313087949270e-01,2.441442795874037008e-01,3.847933645474291842e-01,5.742530343405889415e-01,5.680317717717340252e-03,1.293803666560642551e-01,6.051011703906735706e-01,5.050594159857937360e-01,1.102224320388402040e-01,2.263982028724322304e-01,5.421263919309302071e-02,3.081027989465162098e-01,5.489839738593697838e-02,-1.321939423851219153e-01,1.598457732273539933e-01,2.116503203757278129e-01,2.384725213358155349e-01,-5.272986508012549034e-02,-5.917219809182329426e-02,1.103888689375757820e-01,-2.114802925315647786e-01,3.538576461222143754e-01,5.902194433457527006e-02,1.101344688491073948e-01,3.116549100071837053e-01,-6.519313294389258995e-02
-3.320164320586617701e-01,2.218513976061528836e-01,2.883044834460324335e-01,-6.767564495497112309e-02,3.892287520770655318e-01,8.761902554484311823e-02,1.371120724056440650e-02,4.628674311730662794e-01,2.505395625267731741e-01,7.891710754270084283e-02,3.066578310716649436e-01,3.330916993381519697e-01,-9.235194434663114918e-03,3.191022433874354802e-01,4.632757520098642612e-01,-6.849312347862085426e-02,-2.990094436173730552e-02,-1.987845605700163110e-01,2.501898625623389869e-02,3.072314908112739884e-01,7.615941559557648510e-01,2.036602416918768810e-01,5.385916024387480405e-01,2.675095445994197241e-01,1.368840009294673143e-01,3.037102294658274304e-01,-8.992087012386654199e-02,2.597557950083789202e-01,9.129030423204591294e-02,-3.678846546177759642e-03,8.714057030599312026e-02,3.105559232951086157e-01,4.174128960419435375e-01,-3.203078034352067061e-01,3.639334881000644839e-01,2.414006295994111928e-01,-4.972184944567883957e-02,2.322385465802174476e-01,-1.892941732951544109e-01,-1.512995479770775087e-01,3.417303633829774645e-01,2.159056535154423584e-01,-1.402751696599182918e-01,2.479532438335439182e-01,1.667401953004792048e-01,-2.873379273501986964e-01,2.051846222530017694e-01,4.562868762840736059e-01,-1.004880697646111376e-01,-3.047726198681835474e-01,-1.888474590846384860e-01,-2.441884527293785440e-02,2.787944317946886574e-01,7.084095145410036487e-01,2.503335487210369137e-01,3.950704472241185483e-01,3.640535506231730167e-01,-3.992322045679940618e-02,1.168588828039605065e-01,-1.007777652344111624e-01,7.918377608086950292e-02,1.250503298284773579e-01,-1.245072790447655647e-01,-9.444188135855988847e-03,4.016346830617753549e-01,2.814698766770614147e-01,1.220535432743642817e-01,1.850372990648892491e-01,-9.090789339127863800e-02,1.632187658718970424e-01,1.496220804027302287e-01,1.483456251641103452e-01,-8.429509240698700168e-02,-2.718745405909228988e-02,1.950096714542043363e-01,-1.399192621131732477e-02,2.601544341275549010e-01,-1.552712718637275051e-02,-2.462358243361409682e-01,1.243181752375200344e-01,2.000159434205350528e-01,2.196187497160575208e-01,-6.686310407755363672e-02,-1.400376252351233641e-01
-1.949297141166337483e-02,4.865897252945853846e-01,6.751248601366065250e-02,8.209619077873640813e-02,3.029232409578828111e-01,-3.946416972660647948e-01,1.252499667567657515e-01,-2.650988645443344560e-01,1.150590600784453105e-01,1.068258417602891003e-01,1.657367440584177065e-01,-1.059295021263566838e-01,-4.243932436053459156e-01,2.093949143538572644e-01,4.180270321434900738e-01,8.091710203106221300e-02,-2.618733588182441951e-01,1.100859687800691440e-02,1.537770811189362319e-01,6.696792614860385129e-01,2.036602416918768810e-01,7.615941559557648510e-01,-1.492178259998039602e-01,-3.768447136463521918e-01,-2.412536761946663944e-01,-1.565556776573213960e-02,2.305593819656806265e-01,2.501724902265339279e-01,4.208448210594209482e-01,-3.962889668348550803e-02,1.492415663175133411e-01,4.511446494151065689e-01,4.789307001730592206e-01,-2.228800006463771757e-02,4.037576178723488729e-01,-8.982107488563628728e-02,2.843817600891662689e-01,3.000074168909520611e-01,-4.188756296584362215e-01,-2.947358547614804813e-03,-2.338963330490924364e-01,9.355841701024826540e-02,2.215312059102591061e-02,1.818133815487101845e-01,-2.060840103147005831e-01,-4.148717783841024409e-01,3.119204439841344878e-01,4.434539295356830779e-01,2.051722215306895636e-01,-3.995450198074798065e-01,8.877367164841264147e-02,8.200601914368486900e-02,5.719338159140108235e-01,2.380864444466268548e-01,7.487529063198166135e-01,-6.307253240425321020e-06,-2.542568946888197901e-01,-2.054559193475641588e-01,-2.979932832119150388e-01,1.132134090625497441e-01,1.724654028874119116e-01,4.111161836776446310e-01,-7.415473052397837661e-02,1.395582265771372690e-02,3.550537382859563773e-01,4.691608079547381904e-01,-2.010696875455960375e-01,2.333578706966343563e-01,6.375074893885336602e-02,2.811636720695134817e-01,1.529295271808949752e-01,5.926318822730940183e-02,1.602711611959304061e-01,1.162004366236910891e-01,3.503812037374603450e-01,-4.853546789385979054e-02,-1.333863756676515744e-01,-9.950411182709770208e-02,-2.070700171416947621e-01,2.825282481107722621e-01,2.018886775363653296e-01,2.107747832065012261e-01,1.157826080909298422e-01,-9.823995482368921839e-02
-2.003611078699210069e-01,-2.240721368556156459e-02,1.893508023208468338e-01,2.430865338524375308e-02,1.689683770765740001e-01,4.382373559951850406e-01,1.363076592214576277e-01,6.453928922475877794e-01,3.240004808528565428e-02,1.167006350139473264e-01,1.457773950990446654e-01,2.799538351604229369e-01,2.892742856753275915e-01,5.168503678456524142e-01,1.228145916775495866e-01,-6.697370330157617624e-02,-1.188228415662257731e-01,-8.400952028351441059e-02,-3.738184842242590206e-02,1.013548594969963940e-01,5.385916024387480405e-01,-1.492178259998039047e-01,7.615941559557648510e-01,3.540629630380703885e-01,3.480367921307393475e-01,3.062164380727260826e-01,-1.448173533216364217e-01,2.802457476312819051e-01,-2.069897658395886131e-01,2.066860215223977337e-01,-2.362622311235258038e-03,1.710286267009459293e-01,1.283866737673212410e-01,-9.433401795070012197e-02,9.194325468881175967e-02,2.651710243876014839e-01,4.801347808854786875e-02,9.870296962570564159e-02,3.727411638520232162e-01,-8.434464167417697611e-02,6.321478134672058324e-01,-8.366963584104063559e-03,-3.216104504858553759e-02,4.556916693639528892e-02,3.531366818353712800e-01,1.794430810854389657e-01,3.231825229214928541e-01,4.334527618646439456e-02,-1.084745479429866655e-01,-3.280975056578486759e-01,-2.685109170036047432e-01,-1.086087638758611446e-01,1.011560314311240882e-01,3.794922377306281236e-01,-7.004915088235919018e-02,7.282403528918451885e-01,2.888649597527733204e-01,5.789558404268892178e-02,1.690294924978514024e-01,-1.809397210427533265e-01,2.356758353702797515e-01,-1.539796756094523322e-01,5.380512070843348170e-03,-4.663032861519680189e-02,2.975959729834120604e-01,-1.181310461311737593e-03,3.246403781010019363e-01,2.524735511410695632e-01,-2.295592261232080045e-01,-3.234659124416125464e-02,-4.509574988241943361e-02,1.191029900941639186e-01,2.924110054267506993e-04,-1.067773157361167069e-01,2.898731988115529554e-02,1.954117905592519522e-01,3.618130749750317898e-01,6.457021066795713693e-02,-2.706506858084002931e-01,-5.110127341017185743e-02,2.712401632408695806e-01,8.397201452268016064e-02,-1.443444574989144642e-02,-5.628327504973754114e-02
4.842353358453135859e-02,1.425518729410955865e-01,-6.423760895225989753e-02,1.165359576118187024e-01,-1.749868945518734675e-01,3.777485519904388300e-01,-2.742646748474125359e-02,5.175355964509376072e-01,-1.056582162060148433e-01,3.875787103776202058e-01,-1.267046937883631041e-01,5.645286048216872077e-01,5.094341269723855481e-01,-2.597856975179585123e-02,-1.182521206690571869e-01,2.573566884067204907e-01,3.427899835500374248e-01,3.610291281035860056e-01,-2.265741189781694254e-01,-3.629388406104784304e-01,2.675095445994196686e-01,-3.768447136463521918e-01,3.540629630380703885e-01,7.615941559557648510e-01,4.348756339619180844e-01,5.759856769606620519e-01,-4.407988035943149474e-01,2.130794179434569724e-01,-1.955216240135793093e-01,4.026060068726124985e-01,-1.603716151649455246e-01,1.181300086651585757e-01,5.616448737770637217e-02,2.356251464283132604e-02,1.370797033789624697e-01,4.331432353563082621e-02,-2.204323757576996112e-01,-1.843831603964584676e-01,2.659437071763602334e-01,-6.024767653039213300e-02,3.445673077304623466e-01,-5.320994377900292727e-02,1.180007533030240224e-01,-1.618037496917132945e-01,5.917328469961061765e-01,2.369998105617869555e-01,-1.094381617146247404e-01,-1.354295682058647143e-01,4.486622738484084827e-02,1.154961827899472493e-01,1.500929569440245803e-01,-2.406258585806213546e-01,-3.201335449185220283e-01,1.005248201520734935e-01,-2.404818837398232934e-01,6.874265494288533951e-02,7.553530394286408489e-01,2.201654169871870015e-01,5.243940473963069060e-01,-4.291099462884101490e-01,2.626375541127223268e-01,-3.750892390647998509e-01,2.059690462567216052e-01,-8.382061239199735392e-02,6.739662922963106373e-02,-1.327813429930469469e-01,2.940488172165738878e-01,6.504042820872828201e-02,-7.037662461312239881e-02,4.915243551552347240e-02,2.843453414700781653e-02,4.296297506405702404e-01,-6.049174249469133763e-02,-4.689638952351708051e-02,3.907116105376542969e-02,2.754762923878396608e-01,4.162908347558890165e-01,-2.969709449255571870e-02,-1.806576264201921467e-02,-7.844248232319593617e-02,1.451539499761987650e-01,1.142019469260816822e-01,-1.508792334870184548e-01,4.223656426746478371e-02
6.942742809874831444e-02,-2.968212798538216388e-02,-5.220110151571102919e-02,-6.835587393469871875e-02,-1.708734059635839408e-01,5.398011517347799382e-01,4.436409308755222963e-02,4.081818923066773408e-01,-1.803230719115629932e-01,4.635692999774146950e-01,-7.776268227919809484e-02,4.505804480369318687e-01,3.896308511706689237e-01,-1.384740807516001305e-03,-1.213464953936021218e-01,5.507138872079130332e-01,4.753253658686080740e-01,4.924584121393053016e-01,-2.947388606783092266e-02,-4.444548652128183508e-01,1.368840009294673699e-01,-2.412536761946663944e-01,3.480367921307395140e-01,4.348756339619181399e-01,7.615941559557648510e-01,7.207640488285315117e-01,-1.639686607481165848e-01,-2.787713641342699500e-01,-1.619842713155316138e-01,3.205288268355917514e-01,-5.592585924830013877e-02,-1.293367212551301271e-01,-1.333374608382244531e-01,-3.757673270150260064e-02,-2.176336517794018044e-01,-8.100773710999545352e-02,-8.779262311789953754e-02,-2.052907330803319108e-01,-1.577055829209623658e-03,-1.457772420441193761e-01,2.140956002462311367e-02,-1.574458627489599416e-01,-4.156676232497852341e-03,-7.221785713292697140e-02,1.519228503690192023e-01,-1.536532917966258738e-01,1.947097542743872131e-02,-2.080935861681355581e-01,-3.505090595802411862e-02,1.616756252436661045e-01,1.213856563258853133e-01,-4.120080582482804621e-02,-3.693854193752261206e-01,-1.210588409636454421e-01,-2.854382188655181785e-01,-6.371612790235051116e-02,8.677011211097065968e-02,2.085193228872204152e-01,-2.122471038780987182e-02,-4.959769901357811706e-01,-1.870082522517139412e-01,-4.400242120529965772e-01,1.443757614168120380e-02,-2.106057957711301998e-01,-9.451151858967866970e-02,-1.895273672129879350e-01,8.097860283483383770e-02,6.269729650083753769e-02,3.837034451842680216e-02,-8.711668134698954957e-02,6.944403978359763897e-03,3.511563507568730702e-01,-1.451933716530479646e-01,-1.115694804851909139e-01,6.924014661579634689e-02,1.908761001511522989e-02,5.267501826658729236e-01,-2.892061687945836623e-01,6.320931321527552271e-02,-1.341804425011509372e-01,1.964672911007118994e-01,2.570729256387054296e-01,-2.119363951185164741e-01,-6.040147604098587697e-02
2.435778251149823548e-01,2.910197947918074513e-01,-7.285112006639674065e-02,-1.546107160248247347e-02,-2.093749220746201900e-01,4.414642680635709748e-01,2.431134938573526610e-02,4.729956520177842072e-01,-1.633162856848702216e-01,4.756419589334315856e-01,-3.294413096661137630e-02,5.585452055855176789e-01,3.855590596864666986e-01,-5.689939228791035530e-02,4.409282079038939067e-02,6.000368176555769262e-01,3.819814722658577688e-01,5.722492152841869295e-01,2.183259873574967813e-02,-2.766082772998872952e-01,3.037102294658274859e-01,-1.565556776573216735e-02,3.062164380727260271e-01,5.759856769606621629e-01,7.207640488285315117e-01,7.615941559557648510e-01,-2.026430643983705981e-01,-2.827675722494584279e-02,-8.623148405611015532e-02,4.353081658977430712e-01,-1.405882233824501740e-02,4.020713089456787875e-02,-4.695957375942226564e-02,4.815377928686615655e-02,1.184533618441773323e-01,-1.091673750100850271e-01,-1.509257775170533000e-01,-1.726981643979793590e-01,-5.974165189532149728e-02,-1.188266272569212106e-01,8.049011862617221069e-02,-7.327206406953212792e-02,-1.784843798662142864e-02,-3.482659334594936928e-02,3.366458513677261788e-01,-1.622072046320783278e-01,6.434014506096127906e-02,3.439295038303872426e-02,2.910098593817380536e-02,-3.983466053543182478e-02,1.223555537822350048e-01,2.077157192242721356e-02,-1.669330203844006377e-01,3.480769768623762084e-02,-2.521913117880042118e-02,-1.086304112420925089e-01,1.898603044108727878e-01,3.555065416951364975e-03,1.095441080181335930e-01,-3.914501822099634154e-01,4.439414902278942393e-02,-3.607090272032997258e-01,-1.053901405330547741e-02,-4.936757530273774147e-02,2.411277604174986294e-02,-5.786555373402102465e-02,-8.550291879600230988e-03,4.142408169934685969e-02,3.097557461076335533e-02,4.208220039521897576e-02,-6.541730035799453447e-02,3.780473709897625434e-01,-1.698628013854193083e-02,-1.529155202858162865e-01,-1.272668251530138274e-02,8.486312210754666518e-02,3.814559360256554732e-01,-2.820203256849533324e-01,5.333709374917345453e-02,-8.460031274953874747e-02,2.612359861300305175e-01,2.531161611142251910e-01,-2.150146887904473003e-01,-7.257540553780278403e-02
-3.242307247478483090e-01,-7.573988099976977639e-02,-7.908042457536484937e-02,-1.055540977690597182e-01,2.214759473416887114e-01,-2.365716686142891045e-01,4.334987460427742190e-01,-3.285476326405932235e-01,5.214461586075213456e-02,-4.971960194534366662e-02,7.260978730481644494e-02,-3.140258204725168145e-01,-2.449096713227014999e-01,2.352691614201296300e-01,5.497146481408252822e-02,-1.142021290158115182e-01,-2.113749941026910883e-01,-2.671630068340495323e-01,1.812205954459795987e-02,9.283084873365797518e-02,-8.992087012386659750e-02,2.305593819656805710e-01,-1.448173533216363940e-01,-4.407988035943149474e-01,-1.639686607481165848e-01,-2.026430643983705704e-01,7.615941559557648510e-01,-2.743099921627970006e-01,2.673021342336244222e-01,-1.511606464651339965e-01,2.313960343228617378e-01,2.592603513717751246e-02,3.852245919305460897e-02,-3.040698530536186106e-01,7.962931684472078497e-02,-7.535335140134777343e-02,-5.386764029939362236e-02,1.344479071704916817e-01,-1.602464871776742850e-01,4.247023015437441651e-01,-1.820184124616437693e-01,5.394343504542284916e-03,-1.235850360167580764e-01,1.113855020774854321e-01,-3.578660880050282822e-01,-1.447260365099587442e-01,2.091844957828813134e-01,-1.299790162039268782e-01,-5.387614368145712124e-02,-1.715825187025636633e-01,-7.098517117759231554e-02,-1.812932104336579392e-02,3.224168243967454744e-02,-1.348748117099458077e-01,4.724192838767070357e-02,2.125892242612815140e-03,-3.238769956124095128e-01,-1.510204818752239608e-01,-3.269115720546224013e-01,7.322091247606340447e-01,-3.865490852634332342e-01,2.933790850569106823e-01,-3.117232497350708176e-02,-9.292864085498933613e-02,-3.138693526525892508e-01,-9.492820820455558084e-02,-1.785616973000371532e-01,-2.360828279507024008e-01,-2.258538451189666951e-01,-1.848040339598221449e-01,-2.033032502320704649e-01,-2.471118569242511109e-01,-3.003613004202166925e-01,-6.822624232342498762e-02,2.998301556691626568e-01,-1.499534954731473191e-01,-6.842828017727617396e-02,-2.239623862773615637e-01,-1.927493395992654623e-01,-2.314885334765054425e-01,3.910104604445971757e-03,-7.294173454498711906e-02,-1.591024466680504568e-01,8.731901451433490835e-02
-5.867682571377311196e-02,-1.027712872990153153e-02,2.999604057910765786e-01,2.546132510730485521e-01,2.789855227294786855e-01,-1.452964213935605819e-01,1.103942180494437986e-01,1.678352607307499189e-01,2.135438528007698178e-01,2.817286277004605322e-01,2.267440761523304149e-01,2.813754536976947884e-01,-1.064611591550672642e-01,9.944058317502876831e-02,2.240131782670941873e-01,-1.513433852292620785e-01,-2.340605820393354686e-01,-2.350545065351167251e-02,9.610828997746685698e-02,5.106545693533982577e-01,2.597557950083788647e-01,2.501724902265339279e-01,2.802457476312819051e-01,2.130794179434569724e-01,-2.787713641342700055e-01,-2.827675722494584279e-02,-2.743099921627970561e-01,7.615941559557648510e-01,2.850094947613472929e-01,3.313254271960831554e-01,1.876946934938916733e-01,7.960889450701914560e-01,6.060301308188564828e-01,-6.804324907859453375e-02,1.954640644419982920e-01,2.087933156464854834e-01,3.699280983265238465e-01,3.394551983355967306e-01,-1.048901095481801077e-01,2.055305544453130129e-02,2.202483258976755953e-01,2.653947834594582167e-01,3.407683461832800020e-01,1.915508836911968826e-01,3.306552528187700624e-01,1.041718150729988544e-02,1.743319944052199033e-01,2.302168295635473039e-01,4.175000262381084459e-02,-1.375911936766458510e-01,1.393535944457286943e-02,9.159564258822633365e-02,5.358944323230300233e-01,3.010469977003151221e-01,3.639253130462042907e-01,2.956048136756282974e-01,2.707015462077961288e-01,-8.137211118297824064e-02,4.605003367559736688e-02,3.188678361908008248e-03,7.979919815926810323e-01,3.660539897520093122e-01,2.909745217153695274e-01,-4.372957685519100052e-02,7.870046392667972013e-01,5.600383720583600455e-01,1.562379837130924154e-01,3.037137339225302601e-01,-1.162257308545336515e-01,1.128219743234878392e-01,4.242288179843243801e-01,2.392164918926511230e-01,4.066642368110796601e-01,1.644096768797194963e-01,4.004915812638925598e-01,1.805786716622048982e-01,7.394672832624317460e-02,7.785859058443032887e-02,-3.270721531245247560e-01,1.525708805005880075e-01,2.396566674414411235e-01,3.803856096935144260e-01,3.088636332457346811e-01,7.989476523152820586e-02
4.905422786349659947e-02,1.534949460545864675e-02,-1.325706029291140176e-01,3.772337808086875799e-02,1.303423115469349025e-01,-1.543954750708360635e-01,2.358850202941984442e-01,-5.167266014574026789e-01,-1.222176574933825782e-01,1.185730078100609777e-02,-1.219526480984176597e-01,-2.510269441743709917e-01,-1.062579655331574308e-01,-1.282683334133845054e-01,-1.247012378888641415e-01,1.283919697232452639e-01,-9.107193371045387009e-02,-3.730573502016294729e-02,-2.568546892029608397e-01,3.684662296757064692e-01,9.129030423204582967e-02,4.208448210594208927e-01,-2.069897658395886686e-01,-1.955216240135793648e-01,-1.619842713155315306e-01,-8.623148405611023859e-02,2.673021342336243666e-01,2.850094947613472929e-01,7.615941559557648510e-01,-4.858718985065416801e-02,1.912122999611482188e-01,4.039991218364622494e-01,4.717100198823694357e-01,-7.531648328676844584e-02,4.298982428035434677e-02,-1.957590836957890101e-01,2.954272596109631666e-01,2.091049513145075700e-01,-2.442519797117602975e-01,2.394922793282928397e-01,-4.696346461564694375e-01,-1.095395478922517735e-01,8.415892247288783712e-02,-6.317087901950171891e-02,-2.792599048604149092e-01,-1.397238167764080774e-01,-2.574840552415097114e-02,-1.444938004791319203e-02,8.390312018794446325e-02,2.345613105258056302e-02,7.484610321074247619e-02,-2.054178187171748493e-01,2.945254239386747575e-01,-4.310160877767214155e-02,2.647677895999993036e-01,-1.574274548631039439e-01,-3.487226797861495836e-02,-5.674801197472802150e-02,-2.402646770281383626e-01,2.017818261981847994e-01,1.566968276124926229e-01,5.485772037778158250e-01,-1.341848976381727898e-01,-1.090171235632637209e-01,3.038006898162883829e-01,4.499021014631048310e-01,-5.277593467280880524e-02,1.427633390851906769e-01,-1.314054520714018175e-02,1.759311406632907970e-01,3.338258570410474468e-01,1.367097011660069021e-02,1.688402175897839308e-01,1.333671831647151029e-01,3.609120082632762405e-01,-1.649367378879984525e-01,2.487804811848791722e-02,-1.426397014729246550e-02,-1.210654767046940583e-01,1.570248846553587430e-01,1.729434750149284050e-01,2.301966131175829655e-01,9.147793165034623364e-02,1.628299134353800026e-01
2.946079381568723621e-01,-6.090991786354536808e-02,-1.390441601648655934e-01,3.425290294493879562e-01,-1.307965447158712935e-01,5.216285101801941826e-01,1.102770955492648752e-01,3.835989493102666126e-01,-2.433723101296495495e-01,6.604186832857400491e-01,-1.663871241081250063e-01,3.881293697659515263e-01,6.079763373709913266e-01,5.095552523807048845e-02,-6.554583305604000376e-02,3.771708550106707136e-01,1.118944218655249789e-01,4.476003615721628193e-01,-1.679168340282311267e-01,6.471090263733367265e-03,-3.678846546177773520e-03,-3.962889668348548028e-02,2.066860215223977892e-01,4.026060068726123875e-01,3.205288268355916959e-01,4.353081658977430157e-01,-1.511606464651339965e-01,3.313254271960831554e-01,-4.858718985065411250e-02,7.615941559557648510e-01,7.071075564673202918e-02,1.731134882520637130e-01,1.514247193844989736e-01,5.265058351146132548e-02,-2.060524586452241735e-01,-1.427935849240442590e-01,8.951273850038454771e-02,-6.430994029584484462e-02,3.680033676035581597e-02,6.642290178884396878e-02,1.028517181974573091e-01,-6.930347638798364795e-02,4.022838410717617386e-01,-2.294117973851831360e-01,2.530856475494648872e-01,2.149480831097629885e-01,-6.452684759971454020e-02,-2.360197998223030058e-01,-1.819777848097315631e-01,2.314232661907072650e-02,-1.431309612673942466e-01,-1.436732454537102410e-01,3.621989936888121014e-02,-3.042132368944267529e-01,-8.861570804840681118e-03,-2.186681681578369341e-01,3.220623870531084260e-02,-3.847956395500878868e-01,4.624266353355673854e-03,-2.152792179666635775e-01,2.086239345064820339e-01,-3.643092895257302732e-01,7.183766722169538932e-01,-2.073205608718661497e-01,2.245953429492417441e-01,-1.259911227785579790e-01,5.363130375662002181e-02,7.418060025217966362e-03,-6.141023253244569380e-02,1.574772974895193578e-01,-1.014878694716969121e-01,3.823294284625444739e-01,1.882977558775124072e-01,9.830928624131783644e-02,1.949920339641721678e-01,3.788481596735002177e-02,2.752760246394996835e-01,-1.391488077089484965e-01,1.107286489737666080e-01,1.256507147777572164e-01,9.001717146923413071e-02,2.275568202830260955e-01,2.234212968885298245e-01,1.866593572951056046e-01
2.436048602101799354e-01,1.131455910922114921e-01,7.537616618017525805e-02,5.960722622428654520e-03,1.243098790164686995e-01,-8.457935066351635056e-02,2.413112984967724917e-01,2.651094521332388390e-02,9.871914513333315822e-02,1.784809509266794755e-02,2.282570089119638213e-01,-1.542360004887850244e-01,1.192917219562543707e-01,4.661336114168011802e-02,5.787278243200657396e-02,1.388336781734197944e-01,3.206629207873240334e-04,1.131283186047066375e-01,3.251532833109076481e-01,1.024406805312827323e-01,8.714057030599314801e-02,1.492415663175133411e-01,-2.362622311235258038e-03,-1.603716151649454691e-01,-5.592585924830011795e-02,-1.405882233824505903e-02,2.313960343228617655e-01,1.876946934938917011e-01,1.912122999611481633e-01,7.071075564673202918e-02,7.615941559557648510e-01,1.551737136433318232e-01,-6.795311174454195247e-02,1.711821681724531585e-01,1.255274523645484863e-01,8.130496187307777178e-02,-1.136352639401834730e-01,1.200147972132203089e-01,-1.101405245593431587e-01,2.298198921503935011e-01,4.202027797536277837e-02,1.097284264284902056e-01,-8.424037969001538229e-02,1.849620865056972041e-01,-2.333132872489915022e-01,1.753335218154880304e-01,1.804736207720028240e-01,-1.158696050297017971e-01,1.455747653816598375e-01,-7.794517347599215495e-02,1.650585936682395088e-02,2.639966689605779404e-01,5.973706258367770389e-02,6.119116573036686296e-02,4.428307955367203480e-02,-7.852621266147657986e-02,-5.688165511740200103e-02,-2.824562957344417882e-02,-7.058467379172542189e-02,1.070963250219945373e-01,1.380338926881867490e-01,5.673860194869175672e-02,3.371557697755363237e-02,-3.135778498845411821e-01,-4.751212500030824876e-02,-2.473833235783237314e-02,-7.972327235389847777e-02,-6.368175490294254726e-02,-3.119416985167770551e-01,-1.160394524532627203e-01,1.322243806753545248e-01,9.253412661424569030e-02,4.180600151580207702e-02,-7.409218698595927688e-02,3.099642875467352177e-01,-1.109047971207343941e-01,-8.257341052226968570e-02,-2.641345995331560031e-02,-2.136187312211043632e-01,-2.091806567483390222e-01,2.396705809213932059e-01,-8.312537290550578439e-02,-2.401942032047196807e-01,-1.443116128471226556e-01
-2.519564900846623101e-01,4.020214643075726429e-02,1.669187807651455191e-01,2.682316759126726069e-01,2.998318734823101073e-01,-5.769091000659163498e-02,2.180827533214395042e-01,2.972524965010694617e-02,1.343618531973334307e-01,2.695320141039767026e-01,2.069655875503233211e-01,2.140698631441227962e-01,-9.138871079238151951e-02,1.933318610535078308e-01,3.075508131372042264e-01,-2.505326872622529871e-02,-1.241312395359169124e-01,-6.789360048648873658e-02,3.523033600912393176e-02,5.748931148213484166e-01,3.105559232951086712e-01,4.511446494151065134e-01,1.710286267009459016e-01,1.181300086651586034e-01,-1.293367212551301548e-01,4.020713089456782324e-02,2.592603513717749164e-02,7.960889450701915671e-01,4.039991218364622494e-01,1.731134882520637408e-01,1.551737136433318232e-01,7.615941559557648510e-01,6.273731217911487912e-01,-2.031476607160348780e-01,2.074941062005147552e-01,8.428230476317064013e-02,3.769144799054597317e-01,3.478636085599197680e-01,1.789793296602674305e-02,9.773590089272078674e-02,1.624414929938901575e-01,1.620926501286500121e-01,3.837581771092676286e-01,1.663701871989121950e-01,2.621691371160528305e-01,4.899501235589661524e-02,2.660275956455642188e-01,2.917361174903593812e-01,2.127611201252504469e-01,9.405831290413152468e-02,1.860719766730850044e-01,2.668523092623710513e-02,5.162320924525122257e-01,2.986861036388880897e-01,5.114673621907316337e-01,2.615529899752308540e-01,2.879029482642238014e-01,1.610442758018729159e-01,1.750302708116453221e-01,1.162498497717206758e-01,6.678908717738653023e-01,4.553563774454260638e-01,3.092861744470860597e-01,-1.559062655520350449e-01,8.484311734517170356e-01,6.241593896001628172e-01,1.486013527525906486e-01,3.310856816288706983e-01,4.852858815517770846e-02,2.171315556172211114e-01,5.239512435845731231e-01,2.748238566954733231e-01,2.387008898484946906e-01,1.636403775266397631e-01,4.159967649683098401e-01,2.847342787186531339e-03,8.234094177522624514e-02,1.846850279241381843e-01,-1.258374486313353080e-01,2.674039523967640664e-01,2.923572739391057662e-01,3.545316822623532094e-01,4.005448929688513182e-01,1.800832084326532689e-01
-1.515687541810997463e-01,3.897604218649299845e-01,2.413590308117658234e-01,2.883314999832709002e-01,4.435837677496505260e-01,-2.274735485564918225e-01,1.270516428538815967e-01,-1.404112983848768148e-01,2.432028341398856930e-01,1.707861420289533139e-01,2.844127501957049997e-01,-1.831165485314123834e-02,-2.627617154277735456e-01,2.122606868488398357e-01,1.043379636740031646e-01,-4.753602855901690669e-03,-2.098345949478050421e-01,-6.525570053121855507e-02,4.511578046794954833e-02,5.753555657927253986e-01,4.174128960419435375e-01,4.789307001730592206e-01,1.283866737673212133e-01,5.616448737770637217e-02,-1.333374608382244253e-01,-4.695957375942222400e-02,3.852245919305462285e-02,6.060301308188564828e-01,4.717100198823696022e-01,1.514247193844989736e-01,-6.795311174454195247e-02,6.273731217911487912e-01,7.615941559557648510e-01,-1.846201653901654860e-01,5.601546791836710115e-01,1.123487516813775899e-01,3.825951427157347484e-01,4.962270083227833806e-01,-2.244867772851485421e-01,7.685182804150607339e-02,-1.767595074516488049e-02,2.586165088645197563e-01,2.788473971355026060e-01,2.261899708461126146e-01,7.155238759478645127e-02,-2.009817819852605103e-01,2.359482913534102222e-01,2.888792655577396840e-01,1.526715069335743968e-01,-2.024413741480615425e-01,2.039178583817168877e-01,-2.087296478313027627e-04,5.689253128309987861e-01,4.343395124772691518e-01,4.522304132930560217e-01,2.467337729575649063e-01,3.565772487223616838e-01,6.962846301821871975e-02,-8.874924787893319345e-02,1.035149403811760072e-01,4.405123442063660355e-01,5.362614491340762513e-01,6.680291321304064611e-02,-6.244983046342649641e-02,6.246114462364713571e-01,7.580056621098761882e-01,8.528350578895228795e-02,2.283266581912734294e-01,-3.953486244074164851e-02,9.858798754179143309e-02,4.196037001175581538e-01,8.097974317202506767e-02,1.780125986949434580e-01,1.369213757575137858e-01,5.074685152068068028e-01,5.801946227605678241e-02,8.577074564655501332e-02,1.952830062874630346e-02,-2.650646270374246716e-01,1.612670598338104833e-01,3.456763789767840489e-01,3.609496841549679202e-01,2.582970605327030156e-01,1.334398954954734984e-01
6.111248451242521362e-01,1.167753832059567204e-01,2.731881843079252484e-02,8.065508580912678083e-02,-7.796998658899821633e-02,-2.172781445009342172e-01,5.663753720037383033e-02,4.340501458833127824e-03,-1.795468320838335130e-01,2.321792944240451684e-01,-9.624122497260177711e-02,1.194731822432680973e-01,-1.196746639640779986e-01,-8.931060397223901381e-02,-6.668982931551033222e-02,3.313459416660111123e-01,1.742728687709995394e-01,4.615214234997436216e-01,-1.340156485567507195e-02,-1.960870361723439370e-01,-3.203078034352066505e-01,-2.228800006463770370e-02,-9.433401795070012197e-02,2.356251464283132604e-02,-3.757673270150260064e-02,4.815377928686612879e-02,-3.040698530536186106e-01,-6.804324907859464477e-02,-7.531648328676845972e-02,5.265058351146132548e-02,1.711821681724531308e-01,-2.031476607160348224e-01,-1.846201653901654860e-01,7.615941559557648510e-01,-5.168959460644622500e-02,1.487869029545372743e-02,2.641553857320144694e-02,7.492276366730500625e-02,-6.269604001218773148e-02,6.910248132597494874e-02,-1.273358665658875233e-01,-5.633214888027479605e-02,1.690967830937137872e-01,-6.150628134230973904e-02,9.723456827500406852e-02,8.022828769070476651e-02,2.113148609759267493e-01,-1.269522615955282485e-01,3.539333370970812465e-01,7.289987538690692603e-02,3.946845881341162765e-01,1.940030645854402824e-02,-1.563096139287296349e-01,-2.561202829104881618e-01,-1.080609433469694597e-01,-1.349606485627203867e-01,-8.332593535184580624e-02,9.787024309149566781e-02,9.559365002686663615e-03,-3.538019061501900264e-01,2.190616662105459300e-01,-2.485174533145170228e-01,-4.290473537220230484e-03,1.357217868234248115e-01,-1.769927725229715754e-01,-1.543795896434886350e-01,6.622374250826396080e-02,-9.658927744957557238e-02,-1.231058314571581852e-01,-1.714553638853043571e-01,3.708593555208413578e-03,1.736863140897583757e-01,2.430352089549582262e-01,1.342416715409163776e-02,6.194097736496337325e-02,5.167274793960248414e-02,-3.656878828095929540e-02,-4.036471093787937781e-01,-1.288022021381659832e-01,-1.459716803665669638e-01,1.096130517562079187e-01,9.425620694985235859e-02,-8.173899616523168377e-02,-1.712047088795035088e-01
-1.526552458305790172e-01,7.505921007187736915e-01,2.065609615543432254e-01,1.767530629294689071e-01,4.534179543522301459e-01,-4.200988193446575925e-01,4.235277874699876210e-02,-1.076650456723941551e-01,3.375864990800256926e-01,-3.020434126313814235e-02,4.219676571495000750e-01,-2.000329391404764567e-01,-3.770541751594542745e-01,2.320350493334644160e-01,2.917728342536316521e-01,5.270344909006812253e-03,-1.564024495924718483e-01,-1.353497749083280577e-01,2.227284677673898594e-01,2.265216754219248341e-01,3.639334881000644839e-01,4.037576178723489839e-01,9.194325468881178742e-02,1.370797033789624697e-01,-2.176336517794017489e-01,1.184533618441773323e-01,7.962931684472077110e-02,1.954640644419982920e-01,4.298982428035437453e-02,-2.060524586452240625e-01,1.255274523645484863e-01,2.074941062005146997e-01,5.601546791836710115e-01,-5.168959460644623888e-02,7.615941559557648510e-01,2.144713243846053108e-01,8.410547576765774191e-02,4.040684428967824537e-01,-2.776609593340930160e-01,3.677340844683066323e-02,1.088687527466195848e-01,3.237264697793283963e-01,-9.914892158366528374e-02,4.285974332791681607e-01,6.198404654999596468e-03,-1.986095080972813676e-01,3.302024733820467239e-01,4.274482987038589754e-01,3.050243188174299180e-01,-2.880400282898513686e-01,2.037826765280300045e-01,1.198902258349393568e-01,4.031680283091844119e-01,5.876354597988681094e-01,4.898961186315167748e-01,3.071555665919457057e-01,5.146944487422495662e-01,2.522958847790393033e-01,3.623284596760598664e-01,2.066408177502150889e-01,1.443730857311699145e-01,3.648193559471927250e-01,-1.638408299352751563e-01,2.457995308533933720e-01,1.810666501026685360e-01,4.015544578201917791e-01,1.178062401491836303e-01,-1.086519870530500004e-01,-1.770094195314049212e-01,-1.649027691161883691e-01,2.623656487464321452e-01,6.317562708772658797e-02,-7.140012279961809039e-02,-7.634007575171238014e-02,4.812820695427794671e-01,3.002088295307464919e-02,-8.702973879418625380e-02,-2.781194049556032777e-01,-3.710036488393738674e-01,-1.094613957262627890e-01,3.631725784140218960e-01,1.519942661122000369e-02,-1.467596206266742198e-01,2.054045129308814960e-03
-2.505035978969217259e-01,-8.289189054747217802e-03,9.125522261853024064e-01,7.587903842682060251e-02,5.684821973604552436e-01,-3.490233924745826388e-01,1.423947069929713538e-01,2.283288698291365826e-01,6.266168658093709265e-01,5.749485314009601666e-02,7.429943795968881881e-01,1.542407266127064080e-01,-2.530518795471262683e-01,3.201109402510057822e-01,3.022184588617086165e-01,-2.614524784638817545e-01,1.690648534986353285e-02,-1.603118919928969432e-01,6.524971505590416720e-01,5.801314759964274620e-02,2.414006295994111928e-01,-8.982107488563628728e-02,2.651710243876015394e-01,4.331432353563079152e-02,-8.100773710999546739e-02,-1.091673750100850687e-01,-7.535335140134777343e-02,2.087933156464854834e-01,-1.957590836957889546e-01,-1.427935849240442867e-01,8.130496187307775791e-02,8.428230476317066788e-02,1.123487516813776177e-01,1.487869029545374130e-02,2.144713243846053385e-01,7.615941559557648510e-01,-5.801100102652676643e-02,4.702437757546598651e-01,-1.205096535320109158e-01,7.096435841227131947e-02,3.500721510649005275e-01,5.790645478356266640e-01,-3.663853856713859131e-02,7.586621232847674534e-01,1.995006749181228445e-01,1.750592894546763173e-02,3.945699430305626976e-01,2.934159606802081433e-01,1.844876242288019941e-01,7.509998374699112383e-03,1.173599436499489085e-01,6.559144526996929514e-01,2.117269519263919875e-01,3.266539975254155181e-01,9.008349111978437851e-02,4.374630595184968440e-01,1.918465390984258334e-01,1.944553005717823135e-01,2.519259258896062170e-01,1.372556203218205928e-01,8.854601432877659550e-02,7.556536043084066678e-02,-5.312519068778416564e-02,1.397363973019242478e-01,6.275858957759172796e-02,1.117881899731139328e-01,1.998682306702301570e-01,1.992201532055890359e-02,-3.744040879473964911e-01,-2.969779535874709775e-01,-4.172342683502923422e-02,-1.233012094124770475e-01,-1.309702537382994303e-01,-1.890162677354531029e-01,9.834142790766314812e-02,2.112437866895419680e-01,1.850951775926377302e-02,-9.575594392256678300e-03,-4.068557744024163259e-01,-3.047591339712908409e-01,-2.410777505081552682e-02,4.808105581644476351e-02,-1.698045447081477644e-01,-1.534927821110333157e-01
4.460365123113217006e-02,1.382309499984915035e-01,2.637420751856168685e-02,1.667061021340364435e-01,1.621490051929658505e-01,-1.173430073961816283e-01,6.307066764751076415e-02,-1.491249289829858493e-01,-9.188433484508903848e-02,6.716107682870529894e-02,-3.451215871281674424e-02,1.498264323641633824e-02,-1.411891638027175933e-01,-6.225470921788402862e-02,5.623686875256749679e-02,1.698436509252819471e-01,-2.704205829503265601e-01,6.376113521341930657e-02,-5.640165897615926488e-02,3.181361152586292818e-01,-4.972184944567887427e-02,2.843817600891661579e-01,4.801347808854788263e-02,-2.204323757576996390e-01,-8.779262311789953754e-02,-1.509257775170533000e-01,-5.386764029939362236e-02,3.699280983265237910e-01,2.954272596109631666e-01,8.951273850038457547e-02,-1.136352639401834869e-01,3.769144799054597317e-01,3.825951427157347484e-01,2.641553857320144694e-02,8.410547576765774191e-02,-5.801100102652680807e-02,7.615941559557648510e-01,2.919039022066499678e-01,5.295027704069146107e-02,1.085820163385680798e-01,-1.257600744497673340e-01,3.076424139634019103e-02,4.244242768016180944e-01,1.069913947559779713e-02,7.266963052820601954e-02,5.702221771396214639e-02,3.847053025200676546e-02,1.417917238096519095e-01,2.561908400751805037e-01,-1.848809482817814070e-02,2.164874285337412274e-01,-2.860076188636221511e-02,3.344127948432798481e-01,1.685666242004323079e-02,4.322158082335441631e-01,9.365908575275752601e-02,-9.546717403859179829e-02,1.797900723549716584e-01,-3.111344758092339513e-02,1.187225108443221711e-01,3.116192096410000945e-01,3.325400381759446855e-01,2.349211441305653902e-01,7.283612253539004100e-02,3.520718326424456812e-01,3.440493337956007647e-01,7.092547789770486943e-02,2.200717103855875101e-01,1.698254177869574222e-01,9.049342976458521481e-02,4.349774306309024396e-01,3.374214765141234640e-01,3.925203934092673652e-01,2.572412817637009241e-01,2.247420883329520891e-01,1.809843943382403175e-01,-1.049696632844160926e-01,1.531812672556313315e-01,-2.044569500041193769e-02,2.423718971308423953e-01,2.415496327423011513e-01,5.043883797863455420e-01,3.730793602108057883e-01,6.081247083851783197e-02
-1.348660858532031714e-01,1.509470638812294152e-01,5.215995360278127269e-01,1.929911987129598883e-01,8.458555356087338328e-01,-3.074379752705994062e-01,3.276986038890091213e-01,-9.919747984850904587e-02,5.557107736949287169e-01,9.524706059196906549e-02,5.908074510871469398e-01,-7.144516247947127474e-02,-2.383375821662616911e-01,2.825588456951843574e-01,3.486462486209895295e-01,-8.916881266364574954e-02,-7.619015318206330545e-02,-8.694489654940169843e-02,3.201279444614955061e-01,4.468441858204180717e-01,2.322385465802174476e-01,3.000074168909520611e-01,9.870296962570555832e-02,-1.843831603964584398e-01,-2.052907330803319108e-01,-1.726981643979793590e-01,1.344479071704915707e-01,3.394551983355966751e-01,2.091049513145076255e-01,-6.430994029584487237e-02,1.200147972132203089e-01,3.478636085599197680e-01,4.962270083227833806e-01,7.492276366730503401e-02,4.040684428967825093e-01,4.702437757546598651e-01,2.919039022066499678e-01,7.615941559557648510e-01,-4.512033190705553448e-02,3.720926842792101064e-01,1.680644664486103390e-01,6.924766816578558082e-01,1.803535144459549044e-01,6.181527082757032332e-01,1.412143182561876875e-01,1.229060036698852859e-01,5.806255252145100521e-01,3.037595441669796448e-01,3.692284204770715506e-01,2.446126391838372716e-02,2.537977663075483004e-01,2.949484828530249403e-01,5.166369913526369650e-01,3.274344916010404338e-01,4.042581724066684479e-01,3.628478778673364102e-01,-5.474593534425960771e-03,2.056701533287994543e-01,1.235806995324219976e-01,2.974867380338349077e-01,3.226309474834604951e-01,4.414593194945430898e-01,1.274714479996544303e-01,4.031415369751448763e-01,1.738899207202845021e-01,4.139275994822707028e-01,8.892388688707930644e-02,3.962101727819490604e-02,-1.898482741897307702e-01,6.928064863529412309e-03,2.883140463713403379e-01,9.545681393461867559e-04,1.113431531294710036e-01,7.662641320168155079e-02,3.396604283934447355e-01,9.993223115477817275e-02,-8.601115402858071357e-02,-5.477627264224096959e-02,-2.980547227182549497e-01,7.133167918207575231e-02,2.102083849881497268e-01,2.925446141006191048e-01,2.295725234995791841e-01,5.589998461440853078e-02
-2.021511232808591851e-01,-3.734329769418295308e-01,-2.698030142867816061e-01,1.626164586047785521e-01,-9.827748325428420362e-02,5.365205073420656889e-01,2.466562737091535507e-01,2.784095746837026430e-01,-2.669899956690293119e-01,2.447706294923393880e-02,-2.995276516469286276e-01,2.419405439148188119e-01,4.284131041055927458e-01,1.796193146436934618e-01,-2.154829144239675254e-01,-2.092499186017847401e-01,3.875002837310412285e-02,-1.685729109131001158e-01,-4.526546653500240769e-01,-6.650303312650321375e-02,-1.892941732951544109e-01,-4.188756296584362215e-01,3.727411638520232162e-01,2.659437071763601224e-01,-1.577055829209672230e-03,-5.974165189532146952e-02,-1.602464871776742850e-01,-1.048901095481801632e-01,-2.442519797117602420e-01,3.680033676035581597e-02,-1.101405245593431587e-01,1.789793296602673611e-02,-2.244867772851485421e-01,-6.269604001218770373e-02,-2.776609593340930160e-01,-1.205096535320109435e-01,5.295027704069141250e-02,-4.512033190705553448e-02,7.615941559557648510e-01,2.523229376917986433e-01,5.042427339551223131e-01,-2.418490083351419739e-01,2.300176642600501031e-01,-3.266694382754268267e-01,5.193186844870354424e-01,7.027456097104832766e-01,2.943148424749471026e-01,-3.834952331264906977e-01,-5.704486303396046933e-03,3.237054979031734891e-01,-1.108994750121796852e-01,-4.422003387690015552e-01,-1.515471479426271917e-01,-1.790662807957411062e-01,-2.669138274567418034e-01,3.269099055481484717e-01,3.071881983505931335e-01,3.034320490331566811e-01,4.933175474264042126e-01,-2.879724459844025530e-02,5.347736390902928238e-02,-2.175101162083693807e-01,1.869099708568131846e-01,3.574223409732652651e-02,1.911101964948930254e-02,-3.510305457694777864e-01,4.614184737683989512e-01,-1.665415218454229518e-01,-2.000514169804558928e-01,-1.691254818217965139e-01,-1.858631985414093413e-01,3.020129288458232586e-01,-7.306998288079981363e-02,1.216985920288131406e-01,6.817865618587179433e-02,5.374319899027571457e-02,1.745477747968918747e-01,-7.862889901663550063e-02,-5.284935178043452531e-03,-1.594469855079596321e-01,5.611421404197000640e-02,1.164829319410460445e-01,9.080293292200238009e-02,6.918305804411785387e-02
5.156519771362450683e-02,-2.676134302513398788e-01,-5.694147198512680350e-03,2.847728715151302548e-01,2.772821412076648673e-01,-1.187673203557509070e-02,6.486612009796557388e-01,-1.634303427589897661e-01,1.598860610793111092e-01,2.738612974336958605e-01,8.084759851176165357e-02,-1.277793735398194686e-01,1.791809372396957201e-01,-1.120462917047244378e-01,-7.819862819674774923e-02,-2.114202601391785771e-02,6.613229401804344987e-02,-5.969596471073084637e-02,-1.533577987149868371e-01,1.408732294483289460e-01,-1.512995479770775364e-01,-2.947358547614818691e-03,-8.434464167417697611e-02,-6.024767653039214688e-02,-1.457772420441193206e-01,-1.188266272569212106e-01,4.247023015437441096e-01,2.055305544453132904e-02,2.394922793282929230e-01,6.642290178884396878e-02,2.298198921503935566e-01,9.773590089272080061e-02,7.685182804150596236e-02,6.910248132597494874e-02,3.677340844683066323e-02,7.096435841227131947e-02,1.085820163385681630e-01,3.720926842792101064e-01,2.523229376917986988e-01,7.615941559557648510e-01,1.089621983645458307e-02,2.508905877496652170e-01,3.385606980899318885e-01,4.763663304380148095e-02,5.373832146238025076e-02,5.394081584468739532e-01,1.898724956397094821e-01,-2.870862142630805081e-01,1.989589150638284842e-01,3.574202169195321299e-01,1.461653878109062388e-01,-1.720225518142441401e-01,8.919560572754538230e-02,-1.988870674074072198e-01,-2.168269915090084829e-04,-4.507774520694645543e-02,6.269248484432810020e-02,1.451771614012014044e-01,2.768241895018787591e-01,4.711882202003649933e-01,6.382953912545111241e-02,2.380588579995329968e-01,3.546000169499362586e-01,1.481085073532148744e-01,-2.234449892574261742e-01,-6.408919487185661679e-02,2.599552586530471388e-01,-4.335393809784124919e-01,-3.884641489177798612e-01,-3.384091435028755424e-01,8.757802018463754778e-02,2.544819525145003980e-01,4.865283505848799761e-02,-8.410585426243399887e-03,4.421034533026572677e-01,-1.468820753624006659e-01,9.789404178664068423e-02,-4.171537076705232328e-01,-2.716514847313354908e-01,-3.535637983566684017e-01,-2.047867190639199308e-02,1.715056252811789639e-01,7.349788465725723419e-02,2.293383211223544438e-01
-2.143710822787288084e-01,-8.972573183247181672e-02,1.891498560474195456e-01,2.066794228119184229e-01,1.854983166868939826e-01,2.945087083426056740e-01,-1.261308786485168011e-02,7.604971985509850763e-01,1.562361183024973676e-01,8.384830174500583488e-02,2.578954784875634454e-01,4.213820870579827460e-01,1.938296054818314795e-01,5.952492064834119523e-01,1.317903599512704471e-01,-2.774001068382029866e-01,-1.535116983663276924e-01,-1.627117071883183441e-01,7.114112138120672058e-02,2.417036672891885105e-02,3.417303633829774090e-01,-2.338963330490924641e-01,6.321478134672058324e-01,3.445673077304624021e-01,2.140956002462311367e-02,8.049011862617226620e-02,-1.820184124616437693e-01,2.202483258976756231e-01,-4.696346461564694375e-01,1.028517181974573369e-01,4.202027797536284082e-02,1.624414929938902130e-01,-1.767595074516494988e-02,-1.273358665658875510e-01,1.088687527466195848e-01,3.500721510649004720e-01,-1.257600744497673895e-01,1.680644664486103390e-01,5.042427339551225351e-01,1.089621983645456919e-02,7.615941559557648510e-01,1.208610623796737837e-01,2.971183916287102600e-02,1.728046432742217919e-01,5.915529677323988489e-01,3.629750182836894989e-01,5.478209746902403809e-01,-5.243899270401418400e-02,-1.426086971183194996e-01,-1.553733685660184660e-01,-2.071007543564520603e-01,1.176461713247083530e-03,-1.538533838753435024e-02,2.725566939723820803e-01,-1.817471055863128793e-01,5.721873481611369217e-01,4.533258687142991961e-01,8.976016097425724982e-02,3.394714850654920735e-01,-1.302329444369838551e-01,3.028192338644843384e-01,-2.927924931509930384e-01,2.397508750831991997e-01,2.079696989383154060e-01,1.780271956499315522e-01,-1.094211468253995095e-01,3.371129679699262915e-01,2.680432560656405283e-02,-3.200470685412876715e-01,-1.297253411147849811e-01,-1.850645816927883325e-01,2.908899862883261300e-01,-6.983782815898952057e-02,-1.270189435328847039e-01,1.322089188935528514e-01,1.514887403642077024e-01,1.758044437380722747e-01,3.907022949727748107e-02,-3.036640523192477015e-01,-2.194596985398778732e-01,9.944400094217863140e-02,1.081709516007654942e-01,-5.606220894250935061e-02,-9.418739156705803472e-02
-1.700366732470096620e-01,9.933119699551389709e-03,6.369203948349445588e-01,2.103965233103052279e-01,7.941827987293348379e-01,-4.017742548358363419e-01,3.322397612925536703e-01,-2.018960789356862018e-02,9.295250709549328638e-01,9.202418211821908334e-02,7.490987246196360028e-01,5.377453869646026813e-02,-2.403640748130052851e-01,1.558772672761017941e-01,3.827733670092702822e-01,-2.109167811992044006e-01,6.091397228929856106e-02,-1.489964821946999918e-01,6.580852655297881881e-01,1.948461809594116412e-01,2.159056535154423306e-01,9.355841701024829316e-02,-8.366963584104119070e-03,-5.320994377900289951e-02,-1.574458627489599138e-01,-7.327206406953214179e-02,5.394343504542243282e-03,2.653947834594582722e-01,-1.095395478922517318e-01,-6.930347638798366183e-02,1.097284264284901778e-01,1.620926501286501231e-01,2.586165088645198673e-01,-5.633214888027483075e-02,3.237264697793283408e-01,5.790645478356267750e-01,3.076424139634020491e-02,6.924766816578556972e-01,-2.418490083351419739e-01,2.508905877496651615e-01,1.208610623796737837e-01,7.615941559557648510e-01,-6.933213733049888028e-02,7.924669456233489617e-01,4.433697124091936365e-02,-9.517489101306582377e-02,3.445799970972710513e-01,3.278590952423092730e-01,1.327429042859417374e-01,-5.497772772822188264e-02,7.357504532211886494e-02,6.013483054441721709e-01,3.745164909805167586e-01,2.834002145243466053e-01,2.170829969094385248e-01,2.042404023334919994e-01,-3.605934147399056378e-02,2.869667400550286393e-02,1.457757122650085446e-01,2.691269449615477094e-01,9.958014390321749676e-02,2.281111972241621766e-01,3.161743444656237023e-02,2.469248840527700217e-01,-3.609195369754074345e-02,2.233250204040770903e-01,-3.674419137682679443e-03,-1.086861043737820109e-01,-2.708985783684769166e-01,-1.759219174525383511e-01,7.804539149985170732e-02,-4.690718785426332971e-02,9.898096358996714972e-02,-1.148293422876330017e-01,2.897529192144712162e-01,5.708338543632678758e-02,-4.232805944337765525e-02,-2.428352843963072216e-01,-4.004447263267409962e-01,-1.471490598432521890e-01,4.399502179083914053e-04,1.975356151044042607e-01,-7.007517520899713553e-03,-7.251421279909704698e-02
4.849507464278959151e-02,-1.201681365645534960e-01,-3.878904290327440940e-02,2.079968737366658937e-01,2.516898282190717720e-02,3.466113413603472138e-02,2.143634937590072342e-01,7.268912158196597084e-02,-2.196421320787576015e-01,6.150560081844343996e-01,-1.224384813352991652e-01,4.207396420703969908e-01,2.250638577442018798e-03,3.285298490517254283e-02,-1.152961345866893722e-01,1.936761003360603917e-01,5.317126684540966070e-02,2.298515532908142756e-01,-1.784873632981151814e-01,1.241141937018930830e-01,-1.402751696599183195e-01,2.215312059102588285e-02,-3.216104504858548901e-02,1.180007533030239669e-01,-4.156676232497810708e-03,-1.784843798662142864e-02,-1.235850360167580486e-01,3.407683461832800575e-01,8.415892247288786487e-02,4.022838410717617386e-01,-8.424037969001539616e-02,3.837581771092676286e-01,2.788473971355026615e-01,1.690967830937137317e-01,-9.914892158366525599e-02,-3.663853856713867457e-02,4.244242768016180944e-01,1.803535144459548767e-01,2.300176642600500476e-01,3.385606980899318885e-01,2.971183916287102600e-02,-6.933213733049888028e-02,7.615941559557648510e-01,-1.021680372145477161e-01,4.330367919953842515e-01,2.675020607592121236e-01,1.682049664146398615e-01,-2.482214694313422676e-01,1.173313469121846225e-01,5.195179551966524478e-01,3.890658020178692222e-01,-1.090037833710431059e-01,1.869761946430332222e-01,-2.002351783165133015e-01,1.133065769830137320e-01,-1.351644327845778204e-01,1.964313922049756855e-01,2.637265892875648166e-01,2.121052794312027479e-01,-7.295411205276071398e-02,3.897892987698543532e-01,3.916064232239644533e-03,6.779753083352870746e-01,-1.324322849192158813e-01,3.147665446910353770e-01,1.606155528556772738e-01,1.749992825875123226e-01,-1.508342952294966788e-01,1.217380583122101984e-01,-4.188396327111840178e-02,2.663520903700184461e-01,4.550487562603272029e-01,1.511124301049825147e-01,4.921870430210967262e-01,3.208379556327186632e-01,-3.775766462282323377e-02,-4.253148037771421058e-02,-2.419051184996157400e-01,1.806373415255312365e-01,2.352028584584934731e-02,1.508008114368164787e-01,4.888354424992060188e-01,3.908013075935011793e-01,5.369682114780068849e-01
-2.431771592852440822e-01,2.386947584637285347e-01,7.836287081778950947e-01,4.913841725325385906e-02,7.779863593351800111e-01,-4.947247697658190280e-01,2.100036804070720964e-01,3.072752959436475528e-02,8.063443254646541769e-01,3.015035768626864870e-02,9.661616915293551600e-01,-8.453097679104772111e-03,-3.418341864488418924e-01,3.366038770868672314e-01,4.201119198441792824e-01,-8.510690227625195003e-02,8.665612218523997823e-02,-9.249780718453766426e-02,8.907876826759891786e-01,1.495649000113308813e-01,2.479532438335438627e-01,1.818133815487102678e-01,4.556916693639531668e-02,-1.618037496917133500e-01,-7.221785713292694364e-02,-3.482659334594940398e-02,1.113855020774854321e-01,1.915508836911968826e-01,-6.317087901950176054e-02,-2.294117973851832470e-01,1.849620865056971764e-01,1.663701871989121672e-01,2.261899708461126701e-01,-6.150628134230976679e-02,4.285974332791680497e-01,7.586621232847674534e-01,1.069913947559776937e-02,6.181527082757032332e-01,-3.266694382754268267e-01,4.763663304380148095e-02,1.728046432742218197e-01,7.924669456233488507e-01,-1.021680372145477161e-01,7.615941559557648510e-01,-5.700549385523674684e-02,-1.845107070508231473e-01,4.994667212756098706e-01,3.816090316092650703e-01,3.061800134464612300e-01,-6.485744811722087000e-02,2.114021251446401850e-01,8.457558437037793198e-01,3.701021846988777342e-01,3.317827042022927775e-01,3.038066581215180251e-01,2.916847733755212335e-01,-5.332487073786455062e-02,1.804141718845454767e-01,1.436117615004367520e-01,2.598455675960548716e-01,3.986150665941353560e-02,2.501773435736640017e-01,-1.240878690353003772e-01,1.693945269608099768e-01,-1.831288125129950858e-02,2.519680383361960763e-01,-7.225996557559279110e-02,-1.047915946821405819e-01,-3.689928604444724369e-01,-2.833094724766829775e-01,5.988491454622391769e-02,-1.182149925711361571e-01,-9.196458609223226444e-02,-1.854999076869005559e-01,2.558425402722944719e-01,7.020726536224029812e-02,-1.790228795601883083e-01,-1.905428513011110103e-01,-4.752540970419745214e-01,-2.901265551912969309e-01,1.738939750941426166e-01,1.894562560262461406e-02,-2.465328363662065703e-01,-2.371514031797427313e-01
1.323180409422962944e-01,-1.479110109566652946e-02,1.603804793902864345e-01,1.870670954339158920e-01,-2.134608905144049287e-02,2.936637371909172067e-01,1.362072896877739893e-02,5.973745231009288670e-01,-5.431370259092280911e-02,3.703830068005047327e-01,-6.923962383472281358e-03,6.387445312949088239e-01,2.738938752672587795e-01,1.602228871584292502e-01,9.209460701776403524e-02,6.684826971196342060e-02,7.593507891764214590e-02,2.208970398301097482e-01,-8.907012985989228374e-03,-4.514833697243359617e-02,1.667401953004791770e-01,-2.060840103147005553e-01,3.531366818353713355e-01,5.917328469961061765e-01,1.519228503690192578e-01,3.366458513677261788e-01,-3.578660880050282267e-01,3.306552528187700069e-01,-2.792599048604149092e-01,2.530856475494648317e-01,-2.333132872489914744e-01,2.621691371160527750e-01,7.155238759478640964e-02,9.723456827500405464e-02,6.198404654999589529e-03,1.995006749181228722e-01,7.266963052820608893e-02,1.412143182561876875e-01,5.193186844870354424e-01,5.373832146238022300e-02,5.915529677323988489e-01,4.433697124091937752e-02,4.330367919953842515e-01,-5.700549385523673296e-02,7.615941559557648510e-01,4.226614207258856393e-01,3.208348240079085256e-01,-5.824448925332744754e-03,1.965844342117193527e-02,2.271695659374179666e-01,1.172592156733950758e-01,-2.957907938141687842e-02,-1.500479800538154565e-02,5.966093359431721976e-02,-4.972862586585496264e-02,2.290546800777771841e-01,6.433992141147523158e-01,3.284285189959399442e-01,5.247125637054820269e-01,-2.224854811135875687e-01,5.126897318083082355e-01,-2.718741558474604414e-01,4.100069482878473948e-01,-2.892677852959682234e-03,2.469724149470211294e-01,-1.403592575524383913e-02,3.596733905068310033e-01,1.073984418977199512e-01,1.221101873970274337e-01,2.276089281271366227e-01,9.466764916817453634e-02,5.504854293905904195e-01,1.201384679402793809e-01,1.566131214299788799e-01,1.311258884112837253e-01,3.855204124271932042e-01,2.863453527570227197e-01,4.467666014686402787e-02,1.928888942804969919e-01,1.339861724529519960e-01,1.531420271441101544e-01,4.751102376188597320e-01,2.487804858786016871e-01,1.410254621329596059e-01
2.275227796037609593e-02,-4.271582924030278838e-01,-1.529309764219393686e-01,1.763887078508148964e-01,-1.690160303882873999e-02,3.419930510703266813e-01,4.755218077591426007e-01,1.479675277456266869e-01,-2.020077778045449024e-01,5.540353049179348038e-02,-1.715824476983045799e-01,1.268289595603339925e-01,4.455667394514312707e-01,7.686060412905922068e-02,-2.828923256937339037e-01,-2.595888890191195841e-01,1.026666187829406440e-01,-1.409400623262025143e-01,-3.385693835730839152e-01,-3.395434102592245068e-02,-2.873379273501988074e-01,-4.148717783841023854e-01,1.794430810854389102e-01,2.369998105617869555e-01,-1.536532917966258738e-01,-1.622072046320783278e-01,-1.447260365099587165e-01,1.041718150729988544e-02,-1.397238167764080496e-01,2.149480831097630162e-01,1.753335218154880304e-01,4.899501235589662218e-02,-2.009817819852605103e-01,8.022828769070476651e-02,-1.986095080972813398e-01,1.750592894546761785e-02,5.702221771396213251e-02,1.229060036698853137e-01,7.027456097104832766e-01,5.394081584468738422e-01,3.629750182836894989e-01,-9.517489101306582377e-02,2.675020607592121236e-01,-1.845107070508230918e-01,4.226614207258855282e-01,7.615941559557648510e-01,3.104393933711430131e-01,-4.493027090862264372e-01,2.930946462749211764e-02,3.980679461143163400e-01,-3.721563019274808787e-02,-3.229718571297640062e-01,-1.173604604966142773e-01,-2.484928447722440092e-01,-2.350337260605524226e-01,1.992545543610370895e-01,2.731250602813436457e-01,2.822691063902541542e-01,5.168475492408035610e-01,-7.840672144261864526e-03,2.279922986026264309e-01,-1.426878143764964413e-01,3.330782283804768484e-01,2.158531813758321483e-01,-8.891688037972356184e-02,-3.026240805476938522e-01,5.251511937273628527e-01,-3.284106876254891949e-01,-3.621859986495181150e-01,-2.647208499305075402e-01,2.699648718118454957e-02,4.149061729363059947e-01,8.264290518621623602e-03,9.924778546970253190e-02,2.957523630401087678e-01,6.651236016364173512e-03,1.898728421119939558e-01,-2.420367701956154804e-01,-1.479782622639589373e-01,-2.364448165703746108e-01,1.335220613691270319e-01,5.066614848302947866e-02,4.456256608987890083e-02,8.236853431567178752e-02
-1.100558351691726527e-02,1.433645852490081085e-01,3.049294697300826140e-01,2.915554110897019546e-01,4.724697437997341654e-01,3.437399174095921023e-02,2.325721292948597363e-01,3.109322989503219281e-01,2.408924521261364138e-01,2.041392784313344755e-01,5.344870098246082835e-01,1.430903770238192707e-01,-1.280959493706867840e-03,6.413643371582162800e-01,3.188912748963024235e-01,1.177862623180670337e-01,9.102301834269815872e-02,1.607764236827037563e-01,4.097968366224422065e-01,3.622536345282326709e-01,2.051846222530017694e-01,3.119204439841345433e-01,3.231825229214928541e-01,-1.094381617146247959e-01,1.947097542743870743e-02,6.434014506096125130e-02,2.091844957828812857e-01,1.743319944052199033e-01,-2.574840552415096420e-02,-6.452684759971451245e-02,1.804736207720027685e-01,2.660275956455642188e-01,2.359482913534102222e-01,2.113148609759267493e-01,3.302024733820467239e-01,3.945699430305626976e-01,3.847053025200679321e-02,5.806255252145100521e-01,2.943148424749471026e-01,1.898724956397095098e-01,5.478209746902404920e-01,3.445799970972711623e-01,1.682049664146398060e-01,4.994667212756097041e-01,3.208348240079085256e-01,3.104393933711430686e-01,7.615941559557648510e-01,1.446262328754093218e-01,3.761007828459305702e-01,6.854122214054335360e-02,3.540491714274768831e-01,3.536166168932357579e-01,3.252249001706776776e-01,2.176897357455830906e-01,3.021951940434970951e-01,4.772424277949336990e-01,4.768139835029019946e-02,2.695359321618736592e-01,3.228020148572885994e-01,2.320298714505183713e-01,3.581296469709892016e-01,1.453476559887121322e-01,2.420047442676645233e-01,2.001162985883125633e-01,1.510479255113190977e-01,1.746922005522073273e-01,3.791851369532281413e-01,-5.805722463300663772e-02,-1.954294924296553770e-01,-5.096950137478313721e-03,5.322279850002607088e-02,3.533283226325692472e-01,6.196285416326360179e-02,-8.041527510002666190e-02,3.658051370420390969e-01,1.176622674834175569e-01,8.389969001488029043e-02,-2.386292948317612211e-02,-1.505961218071231733e-01,-8.849551821059660484e-02,3.896695367946213517e-01,3.671943971701653320e-01,6.598325153916501096e-02,-1.578440757127700933e-01
-1.737390124469821162e-01,2.721390874062680210e-01,4.221827474799118018e-01,-1.158480929544500188e-01,3.493800075741228528e-01,-3.847221896304935940e-01,-1.422979627142379744e-01,4.452491828904497212e-02,3.475251161544149481e-01,-2.563227946214270969e-01,3.909656086552331655e-01,1.917620693082280198e-02,-4.000142466763569327e-01,1.235621728685740578e-01,7.876065562145522225e-01,-1.367038690185592986e-01,-2.146963091940885526e-01,-1.594088684211783791e-01,3.156935449064273147e-01,3.806203017726410009e-01,4.562868762840736059e-01,4.434539295356830779e-01,4.334527618646442232e-02,-1.354295682058647698e-01,-2.080935861681355858e-01,3.439295038303876589e-02,-1.299790162039268782e-01,2.302168295635473039e-01,-1.444938004791323713e-02,-2.360197998223030058e-01,-1.158696050297017971e-01,2.917361174903592702e-01,2.888792655577396840e-01,-1.269522615955281653e-01,4.274482987038588644e-01,2.934159606802081988e-01,1.417917238096519095e-01,3.037595441669795338e-01,-3.834952331264907532e-01,-2.870862142630804525e-01,-5.243899270401416318e-02,3.278590952423092730e-01,-2.482214694313422121e-01,3.816090316092650703e-01,-5.824448925332725673e-03,-4.493027090862263817e-01,1.446262328754092941e-01,7.615941559557648510e-01,3.490275585273985154e-02,-4.037849317468671928e-01,1.919554471280045596e-02,2.708690243314466617e-01,5.014449936427949339e-01,6.502004057484548349e-01,6.668935021312720757e-01,1.925389636873562071e-01,1.496306110827984662e-02,-1.040763736952821789e-01,-5.656363969163810679e-02,5.012756290144624455e-02,1.868649252766912405e-01,2.574834856053913046e-01,-4.682375157343814931e-01,1.802921643628046244e-01,3.255104046784932925e-01,3.862286396324037252e-01,1.230769813709745031e-02,2.474901333285209337e-01,1.409865253082653591e-01,2.858044944345838889e-01,6.413916505260937317e-02,-1.939698451560365466e-01,-1.730460500481421915e-02,-1.233183833593751999e-01,-7.735397298230835619e-03,-1.883473923147882187e-02,5.921561804615124019e-02,2.524503393071946267e-01,-4.977510518779127563e-02,3.473630544913818285e-01,7.832853684611083833e-02,8.387996155880125815e-02,1.224002021025429321e-01,-3.339284818365155227e-01
2.946168146397228071e-02,2.581979532357634444e-01,1.733007924657024301e-01,1.710574282844705696e-01,3.703297774269482812e-01,-2.604136762082478462e-01,1.047758433408502027e-01,-2.787238635916013951e-01,1.586603424755173852e-01,1.030756275440895542e-01,2.595821336252066569e-01,-1.232570269588173784e-01,-2.185929013029171697e-01,1.835518856415889466e-01,3.452755327826823473e-03,2.034170185713144452e-01,1.385623733042339600e-01,1.191315718660306278e-01,1.450125840760946028e-01,-1.263351504932383462e-02,-1.004880697646111376e-01,2.051722215306895636e-01,-1.084745479429866655e-01,4.486622738484077888e-02,-3.505090595802406311e-02,2.910098593817380536e-02,-5.387614368145709348e-02,4.175000262381084459e-02,8.390312018794462978e-02,-1.819777848097316186e-01,1.455747653816598097e-01,2.127611201252504469e-01,1.526715069335743968e-01,3.539333370970812465e-01,3.050243188174300291e-01,1.844876242288020218e-01,2.561908400751805037e-01,3.692284204770715506e-01,-5.704486303396060810e-03,1.989589150638285120e-01,-1.426086971183194718e-01,1.327429042859417097e-01,1.173313469121846364e-01,3.061800134464611745e-01,1.965844342117194915e-02,2.930946462749213152e-02,3.761007828459304592e-01,3.490275585273986542e-02,7.615941559557648510e-01,1.787118740510530435e-01,7.111133022428398620e-01,1.196730503176182542e-01,4.346578445135237945e-02,3.391053194500030787e-02,2.767452910730848759e-01,1.563695943363005714e-01,2.543758968020116695e-01,5.609669073354626168e-01,4.345457220102871276e-01,1.777082613558441868e-02,3.569873187055223884e-02,1.995726268675895310e-01,-7.443901887552271945e-02,-7.547873526656277698e-02,7.127673699553280229e-02,3.111058097439128173e-02,1.941414075710836684e-01,-3.936926525812334265e-02,-1.252893785617539280e-01,-1.475319754255868809e-01,1.336599636505290956e-01,2.422654780229195337e-01,-1.345675176001789354e-02,-8.632810068419848049e-02,2.782859419212695418e-01,-6.860644398181818537e-02,-9.020638826869299687e-02,-1.042638239959661067e-01,-1.761238321714023447e-01,-6.777974541380734491e-03,2.453796109450837870e-01,2.719409737513865943e-01,-1.082756229799727299e-01,-1.385904021834850897e-01
1.053169941758766298e-01,-3.578120763932027271e-01,-5.512627722367342137e-02,5.280008595391768450e-02,-4.449935307126786505e-02,1.521601738074878640e-01,2.055672938793421112e-01,-1.023226155415157546e-01,-1.340032526405506574e-01,3.891000196381160792e-01,-9.887635825654103594e-02,2.494356545312534368e-01,2.147360563417772816e-01,-1.623105141311870503e-01,-3.156306655312608456e-01,1.962861001007633888e-01,6.302236704355859143e-01,2.193783895958294206e-01,-1.367544432756941652e-01,-3.448109690211513256e-01,-3.047726198681834919e-01,-3.995450198074797510e-01,-3.280975056578487870e-01,1.154961827899472493e-01,1.616756252436661601e-01,-3.983466053543184560e-02,-1.715825187025636911e-01,-1.375911936766458510e-01,2.345613105258053527e-02,2.314232661907071262e-02,-7.794517347599215495e-02,9.405831290413152468e-02,-2.024413741480615148e-01,7.289987538690692603e-02,-2.880400282898513686e-01,7.509998374699140139e-03,-1.848809482817818234e-02,2.446126391838371328e-02,3.237054979031734891e-01,3.574202169195321299e-01,-1.553733685660184660e-01,-5.497772772822186876e-02,5.195179551966526699e-01,-6.485744811722084224e-02,2.271695659374179110e-01,3.980679461143162845e-01,6.854122214054333972e-02,-4.037849317468671928e-01,1.787118740510529880e-01,7.615941559557648510e-01,4.977658395695732652e-01,-3.988516853765534248e-02,-2.636001290799327990e-01,-3.709065976132892573e-01,-2.922502898332061116e-01,-3.613956851224199851e-01,6.248330849853836466e-02,4.841657091742381236e-01,3.990860717894692544e-01,-1.069913042893547023e-01,7.846006737212005838e-03,-1.457416557572810967e-01,2.545463452751762223e-01,5.973578702619151450e-03,-5.073815846463024248e-02,-1.422782687498131693e-01,2.804488264933062691e-01,-3.403866035952719526e-01,-2.383565085608762082e-03,-2.874579804068981281e-01,4.924998931234957078e-02,3.890884471016368140e-01,4.337121150532429609e-02,1.520020259843610222e-01,1.857719567234461799e-01,-1.454614691637021173e-01,1.384021524062484798e-01,-3.202851938351232719e-01,2.950644617760356803e-01,-2.386673260098635396e-01,-1.073493765112601278e-01,1.929839976216441710e-01,6.601980177400956773e-02,1.989760648017534495e-01
1.667961558677180378e-01,2.574384804990941245e-01,9.641479057974886024e-02,1.960102767635480137e-01,2.031739108025353568e-01,-1.835734323598232631e-01,1.147845909942836889e-01,-1.657953826676532294e-01,-1.165737446193280437e-02,3.809276010664935930e-01,1.388433213126101518e-01,1.270626550326715842e-01,-1.070175454372765816e-01,1.331323666090867552e-01,-3.141769693796613461e-03,3.808179852305725865e-01,4.047675391103475184e-01,3.359338891444778041e-01,2.912816529875427319e-03,-3.655287260260305787e-02,-1.888474590846384304e-01,8.877367164841261371e-02,-2.685109170036046877e-01,1.500929569440246358e-01,1.213856563258853549e-01,1.223555537822349770e-01,-7.098517117759230166e-02,1.393535944457284168e-02,7.484610321074247619e-02,-1.431309612673942466e-01,1.650585936682394048e-02,1.860719766730849767e-01,2.039178583817168877e-01,3.946845881341162765e-01,2.037826765280300323e-01,1.173599436499488807e-01,2.164874285337411719e-01,2.537977663075483004e-01,-1.108994750121797407e-01,1.461653878109062110e-01,-2.071007543564520326e-01,7.357504532211886494e-02,3.890658020178692222e-01,2.114021251446401850e-01,1.172592156733950758e-01,-3.721563019274806011e-02,3.540491714274768831e-01,1.919554471280041780e-02,7.111133022428398620e-01,4.977658395695732652e-01,7.615941559557648510e-01,5.923773146668124406e-02,6.687670455903825702e-03,-2.071671064379553562e-01,1.241762115944849282e-01,-1.535267894942456968e-01,3.123314186416141225e-01,5.046259727570401310e-01,3.696867662691850076e-01,-9.555985044123764538e-02,5.580044212180419738e-02,-1.004149126554230477e-02,-1.325350800526236550e-01,1.299300965555435367e-02,7.915343387050703672e-02,1.817276457685993163e-01,2.502005405082183831e-01,-8.892893867778439709e-02,3.415141491642387228e-02,-2.012745534772485134e-01,3.385589788104708710e-03,2.223661634229250894e-01,-6.723327743926181543e-02,-3.274292840330427640e-02,1.989397779943255229e-01,-8.881118309814862999e-02,1.008541162906503724e-01,-1.986218619366266480e-01,1.183589182110270088e-01,-8.667514125131502156e-02,1.577214254032958674e-01,3.065718267241188677e-01,-5.454938540368830385e-02,-2.367967554859093729e-02
-1.045586249708491400e-01,9.290268426440607963e-02,6.980680311586708875e-01,9.238929249737834470e-02,4.364775896657372978e-01,-4.433902623611067351e-01,-2.043123097650034747e-02,7.549911910236671575e-02,6.524181886863905655e-01,4.878047458157073329e-02,8.023396613483543272e-01,1.293910106548079031e-01,-2.907333457796560938e-01,2.082471510543989768e-01,2.923795874348907864e-01,2.508767584330558881e-02,1.438212962246049886e-01,-1.478182050253373271e-02,9.437602159728550877e-01,-3.676084771054873718e-02,-2.441884527293785440e-02,8.200601914368486900e-02,-1.086087638758610890e-01,-2.406258585806214656e-01,-4.120080582482804621e-02,2.077157192242722744e-02,-1.812932104336582168e-02,9.159564258822633365e-02,-2.054178187171748216e-01,-1.436732454537101578e-01,2.639966689605779959e-01,2.668523092623717452e-02,-2.087296478312472515e-04,1.940030645854400049e-02,1.198902258349394123e-01,6.559144526996931734e-01,-2.860076188636219430e-02,2.949484828530248848e-01,-4.422003387690015552e-01,-1.720225518142441401e-01,1.176461713247104347e-03,6.013483054441720599e-01,-1.090037833710430781e-01,8.457558437037792087e-01,-2.957907938141684720e-02,-3.229718571297640062e-01,3.536166168932357579e-01,2.708690243314466617e-01,1.196730503176182819e-01,-3.988516853765528003e-02,5.923773146668125794e-02,7.615941559557648510e-01,2.545421782718915726e-01,-3.725758746983442310e-02,1.946180012953999394e-01,-1.881926083012795334e-02,-2.287224396103857971e-01,-5.851106170874439960e-02,-8.913911752806284727e-02,9.074255582519913377e-02,-3.578233584758300223e-02,-2.214861168402474517e-02,-1.194764648827431192e-01,-4.580263469982023827e-02,2.188093752107661202e-02,1.192307908016139867e-01,-4.380711180582533282e-02,-2.514731347036725656e-02,-2.713933264311045312e-01,-3.245420294084992441e-01,7.808319863112121728e-02,-7.693525459914607456e-02,4.942000948067899052e-02,-2.427539057763667407e-01,2.652659914533164395e-02,1.797940136182849258e-01,-6.848088752705785986e-02,-7.712277931820094024e-02,-3.262319988269319904e-01,-3.748885345274944325e-01,6.927510900241309888e-02,1.231062887037043391e-01,-2.370325339834694345e-01,-2.188498158771850499e-01
-2.869682783747641297e-01,1.165166588110830570e-01,3.400521525311968052e-01,3.703712153621180336e-02,5.890901151884114784e-01,-2.571884207904656106e-01,2.746352836252346497e-01,-1.425089630348121694e-01,4.333176264054352522e-01,9.305077586545345419e-03,4.030391564025974649e-01,-9.981995691076338273e-02,-3.066715874361450878e-01,3.017713039570673050e-01,3.620896106850032825e-01,-3.295334824505325999e-01,-2.706035581052881889e-01,-3.072615116742923314e-01,2.976538031571798193e-01,8.392724146290398979e-01,2.787944317946886574e-01,5.719338159140106015e-01,1.011560314311241021e-01,-3.201335449185220283e-01,-3.693854193752261206e-01,-1.669330203844005822e-01,3.224168243967454744e-02,5.358944323230300233e-01,2.945254239386748130e-01,3.621989936888121014e-02,5.973706258367771083e-02,5.162320924525122257e-01,5.689253128309987861e-01,-1.563096139287296349e-01,4.031680283091845229e-01,2.117269519263919875e-01,3.344127948432798481e-01,5.166369913526368540e-01,-1.515471479426272194e-01,8.919560572754532679e-02,-1.538533838753435024e-02,3.745164909805167031e-01,1.869761946430332222e-01,3.701021846988777897e-01,-1.500479800538154565e-02,-1.173604604966143328e-01,3.252249001706777332e-01,5.014449936427950449e-01,4.346578445135240720e-02,-2.636001290799327434e-01,6.687670455903827436e-03,2.545421782718915171e-01,7.615941559557648510e-01,4.735298344631563849e-01,7.555000914091631881e-01,3.323918495472352186e-01,-8.456267750397611360e-02,-5.224535748831717064e-02,-1.267220022140866931e-01,3.076088947162390341e-01,4.217212347498098257e-01,6.488106933509669716e-01,3.996507053159148145e-04,1.728669482922995104e-01,6.237934592954250679e-01,6.425126196236505827e-01,1.752736831785948468e-01,1.949407637737106125e-01,3.812287282755539436e-02,1.095338757006217578e-01,1.730077180136563308e-01,-1.498765480974708353e-01,2.178431195241102569e-01,1.737147985003764106e-01,2.035222805998338214e-01,8.178878723394529537e-02,-8.173561250494454367e-02,5.343557179094602511e-02,-2.119636728827605510e-01,2.563671209332328282e-01,1.306678971837356429e-01,1.978771386274764954e-01,3.469091918510472383e-01,-2.637933174054732724e-02
-4.157463606299037773e-01,3.143266069202333979e-01,3.261315594862898015e-01,-5.171298557837804982e-02,4.816276838941376814e-01,-2.349682364016968394e-01,-4.711721847497980092e-02,1.934052278098298827e-01,3.541378623054824426e-01,-1.580834953408630783e-01,3.883812753723991373e-01,1.761049276665694469e-02,-2.771187327845512915e-01,2.797888820290414524e-01,5.496668309114101092e-01,-2.652647772607906185e-01,-2.314301830227597778e-01,-4.168692773253263040e-01,4.063504988078243951e-02,3.581613104737902398e-01,7.084095145410035377e-01,2.380864444466267993e-01,3.794922377306281236e-01,1.005248201520734797e-01,-1.210588409636454421e-01,3.480769768623762084e-02,-1.348748117099458632e-01,3.010469977003151776e-01,-4.310160877767216930e-02,-3.042132368944268084e-01,6.119116573036689072e-02,2.986861036388882007e-01,4.343395124772692073e-01,-2.561202829104882173e-01,5.876354597988682205e-01,3.266539975254154626e-01,1.685666242004318915e-02,3.274344916010403783e-01,-1.790662807957409952e-01,-1.988870674074072475e-01,2.725566939723820803e-01,2.834002145243467163e-01,-2.002351783165132182e-01,3.317827042022928885e-01,5.966093359431721976e-02,-2.484928447722440092e-01,2.176897357455830628e-01,6.502004057484547239e-01,3.391053194500033563e-02,-3.709065976132892573e-01,-2.071671064379553562e-01,-3.725758746983442310e-02,4.735298344631562739e-01,7.615941559557648510e-01,4.449597195101520630e-01,5.259434915825923484e-01,4.217226617257453514e-01,1.476396444360954519e-01,2.379226496094493937e-01,1.323218987635665089e-01,1.568727233563462775e-01,3.377494504236646100e-01,-2.775796486091391957e-01,7.282216925252450734e-02,4.287761986583645824e-01,3.683993654280877106e-01,1.624527573277842196e-01,-2.544820020477173497e-02,-2.004132587953619815e-01,-1.578928624527865896e-03,2.250481686355610689e-01,1.447103274303923257e-02,-1.235878239140083129e-01,-1.084894271210040846e-02,2.340032883625367266e-01,-3.211883701091705970e-03,2.206109523762157104e-02,-5.857797845647653295e-02,-4.144591670522731475e-01,1.841504293780751519e-02,2.151851535826296569e-01,9.824333900862970703e-02,-1.167385482751566866e-01,-1.601251506808049341e-01
-1.821564365395747509e-01,3.981441680634928426e-01,2.228232516685474673e-01,4.209088788375076051e-02,4.049124902061609355e-01,-3.457676234704870066e-01,1.364901561300447264e-01,-2.373266591874370057e-01,2.586943342705444460e-01,3.249682070787768967e-02,3.272425152930534265e-01,-1.002384785461209737e-01,-3.282748445770626855e-01,2.086274413576251485e-01,5.149289127027213420e-01,-5.924255455823981137e-02,-2.594725511712937527e-01,-1.194975431821248685e-01,2.801469407153054370e-01,5.689173333728267945e-01,2.503335487210369137e-01,7.487529063198165025e-01,-7.004915088235910692e-02,-2.404818837398232378e-01,-2.854382188655181785e-01,-2.521913117880042118e-02,4.724192838767075908e-02,3.639253130462042907e-01,2.647677895999993036e-01,-8.861570804840708873e-03,4.428307955367201398e-02,5.114673621907316337e-01,4.522304132930560217e-01,-1.080609433469694597e-01,4.898961186315167748e-01,9.008349111978436463e-02,4.322158082335440521e-01,4.042581724066684479e-01,-2.669138274567418589e-01,-2.168269915090154218e-04,-1.817471055863129070e-01,2.170829969094384970e-01,1.133065769830137320e-01,3.038066581215179141e-01,-4.972862586585496958e-02,-2.350337260605524226e-01,3.021951940434971506e-01,6.668935021312719647e-01,2.767452910730849314e-01,-2.922502898332061116e-01,1.241762115944849559e-01,1.946180012953998839e-01,7.555000914091629660e-01,4.449597195101520630e-01,7.615941559557648510e-01,1.298111484462680931e-01,-3.833431657922080349e-02,-8.098149987066881588e-04,4.227200686751646230e-02,2.113077990331803657e-01,2.875554412109656011e-01,5.116845544852913763e-01,-5.263456997523738301e-02,7.691022033260447310e-02,4.360589413978801510e-01,5.210389724729681538e-01,9.214326672941854091e-02,2.104027016149473406e-01,1.590114327465255717e-01,2.123198579590212243e-01,2.300669198969800266e-01,7.012384549676263512e-02,1.878945860592498018e-01,1.426303770248274760e-01,2.266230655279996287e-01,5.766824313350205761e-02,-6.186405590495397400e-02,8.983806251233183993e-02,-6.329358909335701389e-02,3.679512848479039588e-01,2.892801595511242385e-01,3.034575087288854944e-01,2.393076094747360882e-01,-9.366964264919469541e-02
-4.730266582573324774e-01,4.474808803918561145e-02,3.342630649895370065e-01,4.186770405782146848e-02,4.530069549291230735e-01,-9.638670145497799102e-02,1.174317335466012885e-01,2.651140534985325647e-01,2.983687048490836213e-01,-2.392107068505985590e-01,3.685522059820213747e-01,-6.777053434766337758e-02,-1.516401550377982355e-01,5.583483181544993679e-01,1.810399196732823124e-01,-4.276806603897486125e-01,-3.446542868304754426e-01,-4.501127085144041584e-01,5.630850043739931560e-02,3.608156836541719370e-01,3.950704472241185483e-01,-6.307253240432259914e-06,7.282403528918451885e-01,6.874265494288531175e-02,-6.371612790235048340e-02,-1.086304112420925089e-01,2.125892242612822079e-03,2.956048136756282974e-01,-1.574274548631039161e-01,-2.186681681578369063e-01,-7.852621266147662149e-02,2.615529899752308540e-01,2.467337729575649341e-01,-1.349606485627203867e-01,3.071555665919457057e-01,4.374630595184968440e-01,9.365908575275752601e-02,3.628478778673364658e-01,3.269099055481485272e-01,-4.507774520694648318e-02,5.721873481611369217e-01,2.042404023334919438e-01,-1.351644327845778204e-01,2.916847733755211780e-01,2.290546800777772396e-01,1.992545543610370895e-01,4.772424277949336435e-01,1.925389636873561794e-01,1.563695943363005714e-01,-3.613956851224200406e-01,-1.535267894942457245e-01,-1.881926083012792905e-02,3.323918495472351631e-01,5.259434915825923484e-01,1.298111484462681486e-01,7.615941559557648510e-01,3.278107520118975216e-01,2.734973882193192929e-01,3.031222573854885360e-01,1.959128663787400859e-01,2.213349358569230430e-01,1.629112019330353767e-01,-1.659075126473073813e-01,1.360673754069429975e-01,3.637507798111274671e-01,1.161377383510790173e-01,4.072968393404513554e-01,1.479957587265079977e-01,-2.928777249181792608e-01,-7.068035836680482131e-02,-3.715276723037110734e-02,-1.706135055324134453e-01,-1.772472596296755798e-01,-3.850365018183856541e-02,1.654231698485528548e-02,1.373244596271592788e-01,8.070231512723922973e-02,1.328778496850711588e-01,-4.119687960148486483e-01,-4.793620586213385298e-02,2.748478265569483381e-01,-6.242455070225295943e-02,-8.897489760929438996e-03,-1.033299178704958216e-01
-1.732267136282746034e-01,3.348304630242010527e-01,5.135990106753729467e-02,1.489748313640184840e-01,-7.873420096553260944e-03,1.322241043023487071e-02,-7.463660864536238171e-02,3.121391288834121092e-01,-5.293362361978871250e-02,1.723350137847031727e-01,-2.626556348855800180e-02,2.727927681732690290e-01,5.157529213573775612e-02,9.148765222349601600e-02,-1.033283109087128615e-01,-4.551079548350152326e-02,9.454476369174794753e-03,-3.649423515745987140e-02,-1.810779978039437632e-01,-1.087914829181530346e-01,3.640535506231730167e-01,-2.542568946888197901e-01,2.888649597527733759e-01,7.553530394286409599e-01,8.677011211097063192e-02,1.898603044108727878e-01,-3.238769956124094573e-01,2.707015462077960732e-01,-3.487226797861495836e-02,3.220623870531084260e-02,-5.688165511740201491e-02,2.879029482642238569e-01,3.565772487223616838e-01,-8.332593535184583400e-02,5.146944487422495662e-01,1.918465390984258334e-01,-9.546717403859182605e-02,-5.474593534425960771e-03,3.071881983505930780e-01,6.269248484432811408e-02,4.533258687142991961e-01,-3.605934147399054990e-02,1.964313922049757688e-01,-5.332487073786455756e-02,6.433992141147522048e-01,2.731250602813437012e-01,4.768139835029019252e-02,1.496306110827983794e-02,2.543758968020116695e-01,6.248330849853839242e-02,3.123314186416141780e-01,-2.287224396103857971e-01,-8.456267750397614136e-02,4.217226617257453514e-01,-3.833431657922081737e-02,3.278107520118975216e-01,7.615941559557648510e-01,5.008315517773033188e-01,6.564676770380735160e-01,-1.225722217850118839e-01,2.937916317609521877e-01,4.076472660700668910e-02,1.213426635057184289e-01,-6.289904374506505302e-02,2.412184006956685223e-01,1.410135816630045114e-01,4.432217913672961140e-01,4.609217365294355860e-05,-1.261989108880517407e-01,1.700306772577717465e-02,1.500803756172061354e-01,2.435895009104546705e-01,-1.410828757035152980e-01,-2.223944489663309473e-02,1.706685856648316735e-01,2.057585983315191880e-01,1.900511896227860542e-01,2.155037165475405178e-02,-1.106443800126023641e-01,-7.013514443022195177e-02,1.594283501000846037e-01,-5.609924305969683257e-03,-1.228409808845352391e-01,9.868069028929435382e-02
-2.110707401392514226e-01,2.255413311744241256e-01,1.347984419028777081e-01,-2.907337574993199003e-02,2.453345594241567451e-01,-1.035032654858389634e-01,8.187074466626889646e-02,-7.565688086014579761e-02,3.473868066505474139e-02,9.257355820559391713e-02,1.428727141778373400e-01,3.380803993769804922e-02,-1.428571327909016475e-01,7.235379204859786195e-02,-1.415294686395445201e-01,-6.935358537866073919e-04,2.328866883346398242e-01,-5.241359110726528936e-02,-7.464930916451391341e-02,-1.741674029643802135e-01,-3.992322045679942005e-02,-2.054559193475641865e-01,5.789558404268903280e-02,2.201654169871869737e-01,2.085193228872203042e-01,3.555065416951406609e-03,-1.510204818752239608e-01,-8.137211118297821288e-02,-5.674801197472802150e-02,-3.847956395500878868e-01,-2.824562957344415107e-02,1.610442758018729437e-01,6.962846301821871975e-02,9.787024309149573720e-02,2.522958847790393033e-01,1.944553005717824246e-01,1.797900723549717417e-01,2.056701533287994821e-01,3.034320490331566811e-01,1.451771614012014322e-01,8.976016097425724982e-02,2.869667400550289169e-02,2.637265892875648721e-01,1.804141718845455322e-01,3.284285189959398887e-01,2.822691063902542097e-01,2.695359321618737147e-01,-1.040763736952821650e-01,5.609669073354623947e-01,4.841657091742381236e-01,5.046259727570401310e-01,-5.851106170874437185e-02,-5.224535748831718451e-02,1.476396444360954796e-01,-8.098149987067297922e-04,2.734973882193192929e-01,5.008315517773034298e-01,7.615941559557648510e-01,6.118164113719888331e-01,-2.380371889192820552e-03,6.245093481213937793e-03,1.225540080441349239e-01,-1.638354436120637858e-01,-9.430712870162578920e-02,1.234471449696745299e-01,8.001236884611638567e-02,4.380223352783619850e-01,-1.224566831945654022e-01,2.033219632614571143e-02,-1.787368528993965311e-01,1.085698154766409074e-01,1.706209717874058174e-01,-1.940757434623077982e-01,1.740483587576743263e-01,1.050611775035928258e-01,1.580599922607684588e-02,2.404456086526019984e-02,-1.353672474898942879e-01,-1.844694314183308731e-02,-9.394915472620193886e-02,1.575094908648521363e-01,1.363588070628230786e-01,-1.516728927986834008e-01,9.490912580970219115e-02
-2.117960354072060125e-01,1.395209667615822935e-01,9.650082106419860528e-02,1.199890617900619821e-01,1.562239712337990805e-01,5.034950094975761820e-02,1.836771409135770083e-01,1.484219122193788376e-01,1.067668669335366388e-01,1.501538090980936435e-01,1.447940455676977878e-01,2.268444129118943609e-01,2.076464858730228402e-01,7.517707604496012830e-02,-3.374813331966068641e-02,-1.198363853694366654e-01,2.724112607406779518e-01,-6.343463365151980060e-02,-7.117174858068441023e-02,-2.375953313087950103e-01,1.168588828039604788e-01,-2.979932832119150943e-01,1.690294924978514579e-01,5.243940473963069060e-01,-2.122471038780984406e-02,1.095441080181337595e-01,-3.269115720546224013e-01,4.605003367559735300e-02,-2.402646770281383626e-01,4.624266353355673854e-03,-7.058467379172539413e-02,1.750302708116453221e-01,-8.874924787893317957e-02,9.559365002686663615e-03,3.623284596760599219e-01,2.519259258896062170e-01,-3.111344758092342289e-02,1.235806995324219559e-01,4.933175474264041571e-01,2.768241895018787591e-01,3.394714850654920735e-01,1.457757122650085446e-01,2.121052794312027201e-01,1.436117615004367520e-01,5.247125637054820269e-01,5.168475492408035610e-01,3.228020148572885439e-01,-5.656363969163807209e-02,4.345457220102871831e-01,3.990860717894693099e-01,3.696867662691850076e-01,-8.913911752806283340e-02,-1.267220022140867208e-01,2.379226496094494492e-01,4.227200686751649006e-02,3.031222573854884250e-01,6.564676770380735160e-01,6.118164113719888331e-01,7.615941559557648510e-01,-4.440398404294054746e-02,1.313813284613001009e-01,-9.594289056903496093e-02,4.670532292895182569e-02,5.531057388282033943e-02,-3.041095009094361718e-03,-2.066612932200484198e-01,5.054087273090979160e-01,-3.058770492602777002e-01,-2.726360135294471632e-01,-2.570428873666191216e-01,-1.031893323723023920e-01,3.057173012978836035e-01,-2.035754609167750029e-01,-6.216049676641337285e-02,8.243727587501357978e-02,-4.519922665546318580e-02,3.248287621299662115e-02,-2.115049947972117428e-01,-1.599724421166136834e-01,-1.578264453445265281e-01,2.648884964825356514e-01,3.907929165990489673e-02,-1.692569315885147918e-01,-7.402270293162059589e-02
-4.194569943258519285e-01,-8.178885970209083534e-02,9.484468822126891629e-02,-3.661646694159182563e-02,3.938298113668046163e-01,-4.423054410765014377e-01,3.868496423728244871e-01,-4.484466388544000037e-01,3.426119280471829898e-01,-1.941612314294475228e-01,2.265198835018161772e-01,-4.299524451424697746e-01,-4.414782542557553757e-01,9.481425903473071626e-02,5.573409185530954491e-02,-4.389506940585995443e-01,-3.665236846535619986e-01,-5.323883359717815900e-01,6.103681479072246147e-02,2.441442795874036176e-01,-1.007777652344111069e-01,1.132134090625498551e-01,-1.809397210427533265e-01,-4.291099462884101490e-01,-4.959769901357811706e-01,-3.914501822099634709e-01,7.322091247606339337e-01,3.188678361907959675e-03,2.017818261981848549e-01,-2.152792179666635775e-01,1.070963250219945373e-01,1.162498497717206758e-01,1.035149403811760072e-01,-3.538019061501899709e-01,2.066408177502150889e-01,1.372556203218205373e-01,1.187225108443221711e-01,2.974867380338349632e-01,-2.879724459844026918e-02,4.711882202003650488e-01,-1.302329444369838551e-01,2.691269449615477094e-01,-7.295411205276067235e-02,2.598455675960548716e-01,-2.224854811135875410e-01,-7.840672144261913099e-03,2.320298714505183435e-01,5.012756290144629312e-02,1.777082613558433541e-02,-1.069913042893547300e-01,-9.555985044123765926e-02,9.074255582519918928e-02,3.076088947162390341e-01,1.323218987635664812e-01,2.113077990331803935e-01,1.959128663787399471e-01,-1.225722217850118978e-01,-2.380371889192848308e-03,-4.440398404294046419e-02,7.615941559557648510e-01,-2.075217091869612507e-01,5.555583755539005297e-01,-1.919323125679803926e-02,-2.817303074532591725e-02,-9.278752600895177893e-02,5.317980417790464653e-02,2.654267334854490401e-02,-2.537260416421588394e-01,-2.700658470762431485e-01,-2.876238275634613872e-01,-1.238937907451528736e-01,-3.399034521217183524e-01,-2.427461370069597391e-01,1.736201772530106269e-02,2.340337372787042458e-01,-6.814189839102355317e-02,-2.851862374668469036e-01,-1.527452752074097975e-01,-3.755152962210123735e-01,-2.567722549565967238e-01,-1.298427040992419790e-01,-2.157598236823066520e-02,-9.716830603231481345e-02,5.829648037704073665e-02
1.411417611917364645e-01,4.069390193033769337e-02,1.083634569390449498e-01,2.583705664428902482e-01,1.578501075655303620e-01,-8.560741240077401892e-02,1.138572990985516342e-01,2.427725969377632909e-01,-2.065646126642358554e-02,3.059536254581757819e-01,6.638356471276893322e-02,3.958048267221742633e-01,-2.156844674973137574e-02,7.469884382537907153e-02,1.896287333986730050e-01,-4.757533122382540114e-02,-9.873516169409839172e-02,1.164004453254273846e-01,-6.097677546848775942e-02,3.847933645474290731e-01,7.918377608086951680e-02,1.724654028874119116e-01,2.356758353702797237e-01,2.626375541127223823e-01,-1.870082522517139689e-01,4.439414902278942393e-02,-3.865490852634332897e-01,7.979919815926810323e-01,1.566968276124925952e-01,2.086239345064820616e-01,1.380338926881867767e-01,6.678908717738651912e-01,4.405123442063660910e-01,2.190616662105457912e-01,1.443730857311699145e-01,8.854601432877660938e-02,3.116192096410000389e-01,3.226309474834604951e-01,5.347736390902928238e-02,6.382953912545120956e-02,3.028192338644843384e-01,9.958014390321746900e-02,3.897892987698542977e-01,3.986150665941352866e-02,5.126897318083082355e-01,2.279922986026264864e-01,3.581296469709892571e-01,1.868649252766912960e-01,3.569873187055223884e-02,7.846006737211991960e-03,5.580044212180416269e-02,-3.578233584758303693e-02,4.217212347498098257e-01,1.568727233563463885e-01,2.875554412109656011e-01,2.213349358569230152e-01,2.937916317609520767e-01,6.245093481213916976e-03,1.313813284613001009e-01,-2.075217091869612507e-01,7.615941559557648510e-01,1.821174245009823112e-01,2.523513572374723180e-01,1.958910276598049838e-01,6.790649033623555875e-01,4.578544436701184051e-01,2.444822642144517666e-01,1.909100677080432795e-01,-8.254718888752361761e-02,1.439805548890114029e-01,3.932210798808783436e-01,4.229197061477681929e-01,4.943524066087052748e-01,1.827074650689308466e-01,3.463995787443500118e-01,3.066182762817499241e-01,1.375020043431579853e-01,-8.992245492405384621e-02,-2.321839174076503198e-01,1.538090947927610863e-01,3.107723534610958294e-01,4.209796539001113835e-01,4.061123125508430132e-01,-1.831052416401635725e-03
-3.990056331274072776e-01,3.724438953395439733e-02,1.444634373041130126e-01,2.707557741320229527e-02,4.772932318145061137e-01,-4.666125248103398238e-01,2.589657398950489520e-01,-5.204955612859000214e-01,2.795047100719836863e-01,-2.747833844936352632e-01,2.411695432068149125e-01,-3.855657927770705928e-01,-4.510767690616075964e-01,7.571538478767532443e-02,5.021940064577726931e-02,-3.752274807160957959e-01,-3.496656981347107673e-01,-5.544658304525812431e-01,-2.363703074873668708e-02,5.742530343405889415e-01,1.250503298284773857e-01,4.111161836776446865e-01,-1.539796756094522767e-01,-3.750892390647998509e-01,-4.400242120529964662e-01,-3.607090272032997258e-01,2.933790850569105713e-01,3.660539897520093122e-01,5.485772037778158250e-01,-3.643092895257302732e-01,5.673860194869176365e-02,4.553563774454261193e-01,5.362614491340762513e-01,-2.485174533145170228e-01,3.648193559471927805e-01,7.556536043084065291e-02,3.325400381759446855e-01,4.414593194945432009e-01,-2.175101162083694362e-01,2.380588579995329968e-01,-2.927924931509930939e-01,2.281111972241622876e-01,3.916064232239665349e-03,2.501773435736640572e-01,-2.718741558474603859e-01,-1.426878143764964135e-01,1.453476559887121322e-01,2.574834856053913601e-01,1.995726268675895587e-01,-1.457416557572810967e-01,-1.004149126554230477e-02,-2.214861168402468966e-02,6.488106933509669716e-01,3.377494504236646655e-01,5.116845544852913763e-01,1.629112019330354044e-01,4.076472660700668216e-02,1.225540080441349794e-01,-9.594289056903500257e-02,5.555583755539005297e-01,1.821174245009823112e-01,7.615941559557648510e-01,-2.613235036366622355e-01,6.637671630902423903e-02,4.531338406146074305e-01,5.925501814902863762e-01,3.837774586380691966e-02,-6.309587127035423681e-02,-1.010009769284831160e-01,-4.511800054261481258e-02,2.457021200687886375e-01,-1.727536104871331968e-01,5.878724023218849515e-02,1.270197277866831065e-01,2.703698892760260097e-01,-1.260067697753854132e-01,-1.810685471740152153e-01,-5.056508552717837307e-02,-3.467409424399809370e-01,5.686198386885848999e-02,5.308345121444824760e-02,1.458735469246304484e-01,5.256874953173940046e-02,7.954504679704085812e-02
8.330942782783506972e-02,-1.247738676282808684e-01,-1.044824761328847773e-01,4.763466479258811614e-01,3.956729491964151683e-04,1.705949767761044955e-01,2.026170706261148924e-01,2.686129590769315012e-01,-1.098718194263713366e-01,6.465232384149037781e-01,-8.310712107204444588e-02,3.239674090261332462e-01,2.811904203147637116e-01,2.344372753623887584e-01,-2.119172284554418917e-01,2.961776844686571375e-02,-2.390885235294925443e-02,9.671358807697554016e-02,-1.110906264039882990e-01,5.680317717717326374e-03,-1.245072790447655925e-01,-7.415473052397837661e-02,5.380512070843320414e-03,2.059690462567215774e-01,1.443757614168119686e-02,-1.053901405330549129e-02,-3.117232497350708176e-02,2.909745217153695829e-01,-1.341848976381727898e-01,7.183766722169538932e-01,3.371557697755365318e-02,3.092861744470860597e-01,6.680291321304063223e-02,-4.290473537220230484e-03,-1.638408299352751007e-01,-5.312519068778416564e-02,2.349211441305654458e-01,1.274714479996543748e-01,1.869099708568131013e-01,3.546000169499362586e-01,2.397508750831991997e-01,3.161743444656238411e-02,6.779753083352870746e-01,-1.240878690353003772e-01,4.100069482878473948e-01,3.330782283804769039e-01,2.420047442676645233e-01,-4.682375157343814931e-01,-7.443901887552271945e-02,2.545463452751762223e-01,-1.325350800526236272e-01,-1.194764648827431469e-01,3.996507053159148145e-04,-2.775796486091390847e-01,-5.263456997523738301e-02,-1.659075126473073813e-01,1.213426635057184705e-01,-1.638354436120637858e-01,4.670532292895179793e-02,-1.919323125679806008e-02,2.523513572374722624e-01,-2.613235036366623465e-01,7.615941559557648510e-01,-2.080903964860129907e-01,1.913651377958144606e-01,-1.849065493895128143e-01,9.457592076504453549e-02,-2.268738738298353153e-01,-2.155929311789781325e-02,3.057517236413751990e-02,-5.857616323395552216e-02,4.712342838420612301e-01,1.067195183644493450e-01,3.325347141415128660e-01,2.505783065499823659e-01,2.011953540210148841e-02,3.574193301852768290e-03,-2.129258706297305070e-01,1.187414396083212587e-01,4.245127344138544673e-02,1.144351069699778428e-01,2.606880706704747253e-01,1.919579719573571985e-01,4.621594162512890902e-01
1.242576899472366270e-01,2.719844268617788510e-02,1.855233123738596057e-01,-5.523722692938558970e-02,2.797280150792809672e-01,-1.254261658908844002e-01,8.312642906778165697e-02,1.332660128691723900e-01,1.789975345688587516e-01,-1.829889206804639623e-01,1.741986096480186708e-01,-1.337685693727255765e-02,4.625710798765751003e-02,6.938068170571965766e-03,1.331503488137281699e-01,-1.008839609106092633e-01,1.045266123246509082e-01,7.795990814466617624e-02,-7.656545302331606642e-03,1.293803666560642829e-01,-9.444188135856037419e-03,1.395582265771372343e-02,-4.663032861519680189e-02,-8.382061239199738167e-02,-2.106057957711302275e-01,-4.936757530273772759e-02,-9.292864085498928062e-02,-4.372957685519099358e-02,-1.090171235632637486e-01,-2.073205608718661497e-01,-3.135778498845411821e-01,-1.559062655520350449e-01,-6.244983046342644090e-02,1.357217868234247837e-01,2.457995308533933720e-01,1.397363973019242478e-01,7.283612253539002712e-02,4.031415369751448208e-01,3.574223409732654733e-02,1.481085073532149021e-01,2.079696989383154060e-01,2.469248840527700217e-01,-1.324322849192158535e-01,1.693945269608099213e-01,-2.892677852959626723e-03,2.158531813758321760e-01,2.001162985883125356e-01,1.802921643628046799e-01,-7.547873526656277698e-02,5.973578702619153184e-03,1.299300965555433285e-02,-4.580263469982022440e-02,1.728669482922995104e-01,7.282216925252456285e-02,7.691022033260450086e-02,1.360673754069430252e-01,-6.289904374506505302e-02,-9.430712870162581696e-02,5.531057388282034637e-02,-2.817303074532593113e-02,1.958910276598050948e-01,6.637671630902426678e-02,-2.080903964860130184e-01,7.615941559557648510e-01,-1.698669703826773403e-01,2.769844848284349834e-02,1.163274616985066762e-01,-1.777736172382381463e-01,-1.943544582202689774e-01,-1.748626127389178442e-01,5.969310421441951370e-02,1.158113743131662932e-01,9.938033948697024000e-02,-2.648889877723351050e-01,7.726049252497702025e-02,1.830096161813730693e-01,9.317226900740727125e-02,-1.642125330650236470e-01,-2.086640311132944847e-01,-1.576518393300946619e-01,9.203585958283799773e-02,9.542839528087010414e-02,3.980775622937113983e-02,-3.132060740281888966e-01
-2.413085686477627612e-01,7.764922684766209504e-02,1.840678155873518296e-01,4.610685698801489374e-02,1.631636689463286938e-01,-1.325032447296723911e-02,-4.901189100698118833e-02,9.978118209059194665e-02,1.075774598796031163e-02,9.519520826791652568e-02,1.065198570641456427e-01,2.154482977339327587e-01,-1.386197073831272886e-01,1.562716157015027751e-01,1.945950601588935791e-01,-1.535630148940281270e-01,-2.217675785935887822e-01,-1.511082166996328136e-01,1.046764501914937244e-02,6.051011703906735706e-01,4.016346830617753549e-01,3.550537382859563773e-01,2.975959729834120049e-01,6.739662922963107761e-02,-9.451151858967864194e-02,2.411277604174990458e-02,-3.138693526525892508e-01,7.870046392667972013e-01,3.038006898162883829e-01,2.245953429492417441e-01,-4.751212500030829733e-02,8.484311734517170356e-01,6.246114462364715791e-01,-1.769927725229715754e-01,1.810666501026685915e-01,6.275858957759178347e-02,3.520718326424456812e-01,1.738899207202845576e-01,1.911101964948931989e-02,-2.234449892574261465e-01,1.780271956499315522e-01,-3.609195369754068794e-02,3.147665446910353215e-01,-1.831288125129945307e-02,2.469724149470211294e-01,-8.891688037972354797e-02,1.510479255113190977e-01,3.255104046784932925e-01,7.127673699553278841e-02,-5.073815846463018697e-02,7.915343387050702284e-02,2.188093752107662590e-02,6.237934592954251789e-01,4.287761986583645824e-01,4.360589413978801510e-01,3.637507798111275226e-01,2.412184006956685223e-01,1.234471449696745854e-01,-3.041095009094361718e-03,-9.278752600895179281e-02,6.790649033623555875e-01,4.531338406146073750e-01,1.913651377958144328e-01,-1.698669703826773403e-01,7.615941559557648510e-01,6.958831186775275013e-01,1.647748275972650833e-01,3.945321836832588747e-01,9.520746115782414976e-02,2.191108618807368902e-01,4.722548749616339303e-01,1.210982900875218482e-01,2.853679880325003526e-01,2.241550044467736647e-01,2.908090241476422033e-01,1.786803815973551646e-01,-2.594955085062312233e-02,1.889963295853654690e-01,-2.193401667563687207e-01,3.418285843402589230e-01,3.406938524222975495e-01,3.812898278379541206e-01,3.931834116778855082e-01,1.064352271019157192e-01
-9.397903914344821197e-02,2.892483847892532989e-01,2.262588958914064363e-01,2.232769045914198280e-01,3.546349519095211011e-01,-3.123439228856674799e-01,-5.674017654954070095e-02,-1.588468581473708452e-01,1.972022505095408218e-01,-1.115449560586373283e-02,2.511941124404017955e-01,1.220557807222938905e-02,-3.728647938735953349e-01,2.764944402674589241e-02,1.152381444906542540e-01,-5.511887945965289470e-02,-2.062462170188995858e-01,-1.096086652592725419e-01,9.526010145940097540e-02,5.050594159857938470e-01,2.814698766770614147e-01,4.691608079547381904e-01,-1.181310461311741063e-03,-1.327813429930469469e-01,-1.895273672129878795e-01,-5.786555373402098995e-02,-9.492820820455558084e-02,5.600383720583600455e-01,4.499021014631048310e-01,-1.259911227785580345e-01,-2.473833235783237314e-02,6.241593896001628172e-01,7.580056621098761882e-01,-1.543795896434886905e-01,4.015544578201917236e-01,1.117881899731139606e-01,3.440493337956007647e-01,4.139275994822706473e-01,-3.510305457694777864e-01,-6.408919487185661679e-02,-1.094211468253994402e-01,2.233250204040769515e-01,1.606155528556772183e-01,2.519680383361960763e-01,-1.403592575524383913e-02,-3.026240805476939078e-01,1.746922005522073273e-01,3.862286396324036142e-01,3.111058097439128173e-02,-1.422782687498131415e-01,1.817276457685992608e-01,1.192307908016139867e-01,6.425126196236505827e-01,3.683993654280877106e-01,5.210389724729681538e-01,1.161377383510790451e-01,1.410135816630045114e-01,8.001236884611639955e-02,-2.066612932200484198e-01,5.317980417790456327e-02,4.578544436701184606e-01,5.925501814902862652e-01,-1.849065493895128143e-01,2.769844848284349140e-02,6.958831186775275013e-01,7.615941559557648510e-01,6.031121697328287873e-02,2.781882175414170932e-01,9.997765816860203214e-02,1.008812724436464747e-01,4.731153277349972042e-01,-8.154608309599659099e-03,2.636451818305967643e-01,5.539696232264348236e-02,2.296506455496563348e-01,1.573529626495563660e-01,1.001853825933954056e-01,1.304289212163987632e-01,-1.592316908243580631e-01,1.745764846292542083e-01,2.549199884960955398e-01,3.745171362244099633e-01,3.100756357745280689e-01,1.291415866944030100e-01
-4.721806379804045772e-02,-1.424946795829163393e-01,4.770342748424542118e-02,1.315930832105912107e-01,2.878565535944228870e-02,2.276836622985864422e-01,2.482246723293344282e-01,2.537086217146780065e-01,-2.999730197983140750e-02,7.154669865007164120e-02,2.487794946227155427e-02,1.946521801414164698e-01,2.603155663291568112e-01,1.717503891024385609e-01,3.936261896185600483e-03,-8.394584010211446345e-02,1.443036334879939098e-01,3.883740331305550464e-02,-7.381582994988782065e-02,1.102224320388402040e-01,1.220535432743643234e-01,-2.010696875455960375e-01,3.246403781010019363e-01,2.940488172165739433e-01,8.097860283483385158e-02,-8.550291879600300377e-03,-1.785616973000371810e-01,1.562379837130924154e-01,-5.277593467280879136e-02,5.363130375662000793e-02,-7.972327235389845002e-02,1.486013527525906486e-01,8.528350578895228795e-02,6.622374250826400244e-02,1.178062401491836442e-01,1.998682306702302403e-01,7.092547789770484168e-02,8.892388688707927868e-02,4.614184737683990067e-01,2.599552586530470832e-01,3.371129679699262360e-01,-3.674419137682651687e-03,1.749992825875123226e-01,-7.225996557559284661e-02,3.596733905068310033e-01,5.251511937273628527e-01,3.791851369532281968e-01,1.230769813709742255e-02,1.941414075710837239e-01,2.804488264933062691e-01,2.502005405082183276e-01,-4.380711180582534670e-02,1.752736831785948468e-01,1.624527573277841364e-01,9.214326672941854091e-02,4.072968393404513554e-01,4.432217913672960585e-01,4.380223352783620405e-01,5.054087273090979160e-01,2.654267334854489013e-02,2.444822642144517666e-01,3.837774586380690578e-02,9.457592076504445222e-02,1.163274616985067317e-01,1.647748275972650833e-01,6.031121697328283709e-02,7.615941559557648510e-01,-8.311700146410622159e-02,-7.158114496111890601e-02,-1.565002600131732147e-01,8.359822439310210518e-02,3.211898220658000458e-01,-4.451580347014672326e-03,-8.182378705923536166e-02,2.962938402834273677e-01,2.315435121339985136e-01,4.836265508303846938e-01,-9.800770016249331362e-02,-4.090886573984887226e-02,-1.015640986257545925e-01,2.201601205863231714e-01,1.811741677971345499e-01,1.115083807971176122e-01,6.141018555396758616e-02
2.335123065352187784e-03,5.390628061147975658e-02,1.073719183674715916e-01,-1.164038621033446769e-01,-2.405415922179794923e-03,3.160737013047161710e-03,-3.361502318914146858e-01,1.168582851871798334e-01,-7.128058365608547220e-02,-1.068218477669924671e-01,1.529707346970119591e-02,1.215546562027884636e-01,-1.240189033822332726e-01,1.214809694960565685e-02,9.574555205874357711e-02,9.685012172161873434e-02,-2.940054364334026005e-01,3.487183527055132820e-02,-2.456932499630895897e-02,2.263982028724322582e-01,1.850372990648893323e-01,2.333578706966343563e-01,2.524735511410696742e-01,6.504042820872828201e-02,6.269729650083753769e-02,4.142408169934688744e-02,-2.360828279507024008e-01,3.037137339225301491e-01,1.427633390851906769e-01,7.418060025217994118e-03,-6.368175490294254726e-02,3.310856816288707538e-01,2.283266581912734017e-01,-9.658927744957551687e-02,-1.086519870530499449e-01,1.992201532055886196e-02,2.200717103855875101e-01,3.962101727819490604e-02,-1.665415218454228963e-01,-4.335393809784124919e-01,2.680432560656402508e-02,-1.086861043737820109e-01,-1.508342952294966233e-01,-1.047915946821405542e-01,1.073984418977199373e-01,-3.284106876254891949e-01,-5.805722463300662384e-02,2.474901333285209892e-01,-3.936926525812331490e-02,-3.403866035952719526e-01,-8.892893867778442485e-02,-2.514731347036720105e-02,1.949407637737106125e-01,-2.544820020477173497e-02,2.104027016149473683e-01,1.479957587265079977e-01,4.609217365299213086e-05,-1.224566831945653883e-01,-3.058770492602778668e-01,-2.537260416421588394e-01,1.909100677080433073e-01,-6.309587127035423681e-02,-2.268738738298353153e-01,-1.777736172382381741e-01,3.945321836832588192e-01,2.781882175414170377e-01,-8.311700146410622159e-02,7.615941559557648510e-01,3.825935081674936566e-01,5.336051512424977439e-01,4.249475948991231489e-01,9.945188797041162876e-02,8.189542016798796731e-02,-3.689288926214805142e-03,-1.544698794185337884e-02,2.334292567278129227e-01,1.620232461335940205e-02,6.533227850678464677e-01,1.437225743636695585e-01,4.347351260729633848e-01,1.657238847614687649e-01,3.255787687741737990e-01,3.108113926982892239e-01,8.216311274669188536e-02
-9.480096234153680135e-02,2.612421412227369723e-04,-2.779700959356353196e-01,-2.258868189560326034e-01,-2.839575512206991559e-01,-1.059861145861402676e-01,-3.621180887392617676e-01,-1.534279735153672442e-01,-3.027596727681532429e-01,-4.772068617064590540e-02,-3.435593755542468153e-01,1.920549098651180564e-01,-2.713635095056569635e-01,-2.710588383418750524e-01,1.103325419332955720e-01,2.539227266974011105e-02,-1.848578433653804143e-01,-5.015785278133731359e-03,-2.708195500461481053e-01,5.421263919309302071e-02,-9.090789339127859636e-02,6.375074893885347704e-02,-2.295592261232080600e-01,-7.037662461312237105e-02,3.837034451842677441e-02,3.097557461076327207e-02,-2.258538451189666951e-01,-1.162257308545336515e-01,-1.314054520714020950e-02,-6.141023253244563135e-02,-3.119416985167771106e-01,4.852858815517768071e-02,-3.953486244074162076e-02,-1.231058314571581852e-01,-1.770094195314049490e-01,-3.744040879473964911e-01,1.698254177869574222e-01,-1.898482741897307702e-01,-2.000514169804559483e-01,-3.884641489177798612e-01,-3.200470685412876715e-01,-2.708985783684768611e-01,1.217380583122102261e-01,-3.689928604444724924e-01,1.221101873970274060e-01,-3.621859986495181150e-01,-1.954294924296553770e-01,1.409865253082654146e-01,-1.252893785617539557e-01,-2.383565085608769021e-03,3.415141491642385146e-02,-2.713933264311044757e-01,3.812287282755542211e-02,-2.004132587953619260e-01,1.590114327465256550e-01,-2.928777249181792608e-01,-1.261989108880517407e-01,2.033219632614569408e-02,-2.726360135294471632e-01,-2.700658470762431485e-01,-8.254718888752361761e-02,-1.010009769284830883e-01,-2.155929311789778202e-02,-1.943544582202690330e-01,9.520746115782417751e-02,9.997765816860203214e-02,-7.158114496111890601e-02,3.825935081674936566e-01,7.615941559557648510e-01,6.158198209471673623e-01,4.051273699048293930e-01,-4.855663297487391311e-02,-4.328299587988484326e-02,4.915885055533540937e-01,-9.799901133767993655e-02,1.074309853962698430e-01,-5.197580825819664296e-02,2.949161127400209970e-01,6.953086243172081904e-01,6.010954906972555412e-01,-2.112222451525161415e-02,6.640590146269680083e-02,2.949716680644574596e-01,3.922413637104001372e-01
-6.418553723078754270e-02,-1.476935472487298298e-02,-2.132846179328625191e-01,-1.644715028437863102e-01,-1.329822560367373840e-01,-1.264415824831561716e-02,-3.557616355499653160e-01,-6.071736650309027261e-02,-1.996194411845851058e-01,-1.531203696592450814e-01,-2.376394576761570177e-01,1.765030551045667362e-01,-1.043395248186573948e-01,-4.092143044414400105e-02,1.990465488360604329e-01,-1.291082100724878223e-01,-4.108835230184798015e-01,-1.101769009286262813e-01,-3.207206486080738106e-01,3.081027989465162098e-01,1.632187658718970424e-01,2.811636720695134817e-01,-3.234659124416122689e-02,4.915243551552343770e-02,-8.711668134698952182e-02,4.208220039521898964e-02,-1.848040339598221449e-01,1.128219743234877975e-01,1.759311406632908248e-01,1.574772974895193578e-01,-1.160394524532626787e-01,2.171315556172211392e-01,9.858798754179137758e-02,-1.714553638853043294e-01,-1.649027691161883691e-01,-2.969779535874709775e-01,9.049342976458520094e-02,6.928064863529384554e-03,-1.691254818217964861e-01,-3.384091435028754868e-01,-1.297253411147849811e-01,-1.759219174525383511e-01,-4.188396327111842954e-02,-2.833094724766829775e-01,2.276089281271366227e-01,-2.647208499305075402e-01,-5.096950137478285965e-03,2.858044944345838889e-01,-1.475319754255868254e-01,-2.874579804068980726e-01,-2.012745534772484857e-01,-3.245420294084992441e-01,1.095338757006217023e-01,-1.578928624527921407e-03,2.123198579590212798e-01,-7.068035836680477968e-02,1.700306772577716077e-02,-1.787368528993965311e-01,-2.570428873666191771e-01,-2.876238275634614427e-01,1.439805548890114584e-01,-4.511800054261482645e-02,3.057517236413751296e-02,-1.748626127389177887e-01,2.191108618807369735e-01,1.008812724436465302e-01,-1.565002600131732147e-01,5.336051512424977439e-01,6.158198209471673623e-01,7.615941559557648510e-01,3.713258777957210155e-01,8.739907753624781561e-02,6.448426453006524117e-02,2.464100948579457107e-01,7.706423778801353708e-02,4.718644286454520831e-02,-4.226261821782983236e-02,4.291954824354921039e-01,4.827734246138267182e-01,8.894411769261804102e-01,2.012675955453109566e-01,1.486441585267973264e-01,3.493319666555826375e-01,9.074414048392678844e-02
-6.064511949174383049e-02,2.909096904587500365e-01,-6.684041921146718739e-04,1.430607614994069132e-01,2.711711533141307195e-01,-2.308236794189312824e-01,1.664959481466855851e-01,-1.939224617013244056e-01,9.105765829099005115e-02,1.644749575001663022e-01,1.229803531935463462e-01,8.764606083608715570e-02,-7.485364237852146219e-02,-3.825506493378780237e-02,-6.557350618177686108e-02,1.148091733503219941e-01,-3.351683209821430809e-02,6.908709398578832817e-02,7.887028832982906357e-02,5.489839738593689511e-02,1.496220804027302287e-01,1.529295271808949475e-01,-4.509574988241940585e-02,2.843453414700781653e-02,6.944403978359767367e-03,-6.541730035799453447e-02,-2.033032502320704649e-01,4.242288179843243801e-01,3.338258570410475023e-01,-1.014878694716968843e-01,1.322243806753545248e-01,5.239512435845731231e-01,4.196037001175581538e-01,3.708593555208399700e-03,2.623656487464322007e-01,-4.172342683502923422e-02,4.349774306309024396e-01,2.883140463713402268e-01,-1.858631985414093413e-01,8.757802018463757554e-02,-1.850645816927883047e-01,7.804539149985167956e-02,2.663520903700184461e-01,5.988491454622388993e-02,9.466764916817453634e-02,2.699648718118457733e-02,5.322279850002605006e-02,6.413916505260926215e-02,1.336599636505290123e-01,4.924998931234956384e-02,3.385589788104722588e-03,7.808319863112127279e-02,1.730077180136562198e-01,2.250481686355610966e-01,2.300669198969799989e-01,-3.715276723037109347e-02,1.500803756172061354e-01,1.085698154766409074e-01,-1.031893323723023920e-01,-1.238937907451528181e-01,3.932210798808783436e-01,2.457021200687886375e-01,-5.857616323395552216e-02,5.969310421441952758e-02,4.722548749616339303e-01,4.731153277349972042e-01,8.359822439310209130e-02,4.249475948991231489e-01,4.051273699048295041e-01,3.713258777957210155e-01,7.615941559557648510e-01,2.344070131860226947e-01,3.784133161943724621e-01,3.221093238800330494e-01,4.034306745182298370e-01,3.143279644023198038e-01,2.977980505605565958e-02,1.690238901142816497e-01,2.426120465002724880e-01,3.298024892164522770e-01,3.290963738970860697e-01,3.819463654189521051e-01,3.777049226096758638e-01,3.566610310928459704e-01
3.346199674451530437e-01,8.503506268665800283e-02,-1.344124388977250562e-01,5.180069764970193225e-01,-8.984759223532108596e-02,4.095432539327266697e-01,2.258256650474735339e-01,4.085954008994580056e-01,-1.571788730524092403e-01,6.074071837497566628e-01,-7.758578616253868077e-02,5.354714849545864075e-01,4.522635342103433209e-01,1.535894587861886817e-01,-2.650553083618701830e-02,4.456753422445626778e-01,4.046175653619526469e-01,5.397779059605070096e-01,-3.162147401598660451e-02,-1.321939423851219153e-01,1.483456251641103729e-01,5.926318822730938796e-02,1.191029900941639463e-01,4.296297506405702959e-01,3.511563507568731257e-01,3.780473709897625434e-01,-2.471118569242511109e-01,2.392164918926511508e-01,1.367097011660069021e-02,3.823294284625444739e-01,9.253412661424570418e-02,2.748238566954733786e-01,8.097974317202506767e-02,1.736863140897583757e-01,6.317562708772660185e-02,-1.233012094124770613e-01,3.374214765141234640e-01,9.545681393462006337e-04,3.020129288458233141e-01,2.544819525145003980e-01,2.908899862883261855e-01,-4.690718785426326032e-02,4.550487562603272029e-01,-1.182149925711361155e-01,5.504854293905905305e-01,4.149061729363059947e-01,3.533283226325691917e-01,-1.939698451560366022e-01,2.422654780229194504e-01,3.890884471016368140e-01,2.223661634229250894e-01,-7.693525459914606068e-02,-1.498765480974708630e-01,1.447103274303921175e-02,7.012384549676266288e-02,-1.706135055324134453e-01,2.435895009104546705e-01,1.706209717874058451e-01,3.057173012978836590e-01,-3.399034521217184635e-01,4.229197061477681929e-01,-1.727536104871331968e-01,4.712342838420612301e-01,1.158113743131662932e-01,1.210982900875218204e-01,-8.154608309599686855e-03,3.211898220658000458e-01,9.945188797041162876e-02,-4.855663297487391311e-02,8.739907753624782949e-02,2.344070131860226391e-01,7.615941559557648510e-01,4.724027389572624247e-01,2.404368997787536752e-02,2.680887475450658974e-01,1.653201145098008584e-01,3.821659552627598155e-01,-1.013990879484588381e-01,1.032261698864023608e-01,-1.080219398698318949e-02,1.308333055906772402e-01,6.422748483985307733e-01,2.595110014427639555e-01,3.801163068966693925e-02
2.761683630529862543e-01,-2.143708710196143633e-02,2.764288306500487305e-02,3.495227312818249832e-01,2.247944758425751005e-02,-2.939638677116828899e-02,-3.969165182243952067e-02,2.875375483634883683e-02,2.123620922048100740e-02,1.070919999425297003e-01,-1.925358961914270389e-02,1.190277242769456345e-01,3.021382339434089750e-02,-6.918260531227772570e-02,-8.965415483100595828e-02,1.012602438778199693e-01,1.869443294700974534e-02,1.456768508542251594e-01,5.458371811872777396e-02,1.598457732273540211e-01,-8.429509240698700168e-02,1.602711611959304339e-01,2.924110054268062105e-04,-6.049174249469133763e-02,-1.451933716530479646e-01,-1.698628013854190308e-02,-3.003613004202166925e-01,4.066642368110797712e-01,1.688402175897839030e-01,1.882977558775124072e-01,4.180600151580207702e-02,2.387008898484946628e-01,1.780125986949434580e-01,2.430352089549582262e-01,-7.140012279961811814e-02,-1.309702537382994303e-01,3.925203934092673097e-01,1.113431531294710036e-01,-7.306998288079979975e-02,4.865283505848795598e-02,-6.983782815898953444e-02,9.898096358996721911e-02,1.511124301049825147e-01,-9.196458609223225056e-02,1.201384679402793809e-01,8.264290518621665235e-03,6.196285416326358098e-02,-1.730460500481423303e-02,-1.345675176001792130e-02,4.337121150532429609e-02,-6.723327743926184319e-02,4.942000948067896970e-02,2.178431195241102569e-01,-1.235878239140083129e-01,1.878945860592498018e-01,-1.772472596296755520e-01,-1.410828757035153258e-01,-1.940757434623078537e-01,-2.035754609167750306e-01,-2.427461370069597113e-01,4.943524066087051083e-01,5.878724023218851596e-02,1.067195183644493311e-01,9.938033948697019837e-02,2.853679880325003526e-01,2.636451818305968753e-01,-4.451580347014672326e-03,8.189542016798796731e-02,-4.328299587988481550e-02,6.448426453006525505e-02,3.784133161943724621e-01,4.724027389572623692e-01,7.615941559557648510e-01,1.353144584341808287e-01,1.999545980437882065e-02,2.569817609971742911e-01,3.908072670702510826e-02,-1.824083913498213139e-02,-6.637624229137541187e-02,6.656303982329586644e-02,1.429635787878134334e-01,4.843508775605435690e-01,5.909583231119350799e-01,7.307220871813714658e-02
-8.336598401979948558e-02,5.583874679155820947e-02,-8.083372343769851254e-02,-1.858891817307289362e-01,1.301588264501438337e-02,-1.468287173734221240e-01,5.300218515167653965e-02,-2.579041565429415761e-01,-1.700193504713506942e-01,1.491937746913982732e-01,-1.932253222258512038e-01,1.160498975577626823e-01,-1.565239193807768103e-01,-2.178957359332228394e-01,-1.043517995908906232e-01,-1.144287292791476007e-01,-9.171835072718459436e-02,-8.807778696397899898e-02,-2.185944797359043457e-01,2.116503203757277851e-01,-2.718745405909228641e-02,1.162004366236910752e-01,-1.067773157361167208e-01,-4.689638952351705969e-02,-1.115694804851909278e-01,-1.529155202858162588e-01,-6.822624232342500150e-02,1.644096768797194963e-01,1.333671831647151584e-01,9.830928624131780869e-02,-7.409218698595933239e-02,1.636403775266397631e-01,1.369213757575137858e-01,1.342416715409165164e-02,-7.634007575171240789e-02,-1.890162677354530751e-01,2.572412817637010907e-01,7.662641320168156467e-02,1.216985920288131129e-01,-8.410585426243413765e-03,-1.270189435328847039e-01,-1.148293422876330155e-01,4.921870430210965597e-01,-1.854999076869005281e-01,1.566131214299788799e-01,9.924778546970254578e-02,-8.041527510002663415e-02,-1.233183833593752277e-01,-8.632810068419850824e-02,1.520020259843610222e-01,-3.274292840330424864e-02,-2.427539057763667130e-01,1.737147985003764383e-01,-1.084894271210041193e-02,1.426303770248275038e-01,-3.850365018183857929e-02,-2.223944489663308779e-02,1.740483587576743818e-01,-6.216049676641340754e-02,1.736201772530108697e-02,1.827074650689308744e-01,1.270197277866831065e-01,3.325347141415128660e-01,-2.648889877723351050e-01,2.241550044467737202e-01,5.539696232264339909e-02,-8.182378705923537554e-02,-3.689288926214763509e-03,4.915885055533539827e-01,2.464100948579457107e-01,3.221093238800330494e-01,2.404368997787532589e-02,1.353144584341808287e-01,7.615941559557648510e-01,1.227980397307359972e-01,2.426186192008204096e-02,-2.399180066705637326e-01,-7.866628503040841436e-02,3.643405405096140082e-01,2.627059908736650296e-01,2.282428623043702975e-02,5.234253289092863359e-02,3.937764975495658959e-01,7.092907199860771783e-01
1.180522795894339144e-01,2.733934651212297506e-01,1.048322232856931970e-02,2.052447757623247770e-01,3.597217881884487989e-01,7.788234491853399805e-03,4.604551526289685226e-01,-5.702367301272915495e-02,2.264477238648866519e-01,4.471839438211129836e-01,2.771910107333594442e-01,2.396943509801778560e-02,7.708226051882442753e-02,2.072178276884865111e-01,1.046122235559665131e-01,2.964605125676465502e-01,1.322168605582251522e-01,2.140333340117541450e-01,9.858383710623123963e-02,2.384725213358155349e-01,1.950096714542043086e-01,3.503812037374603450e-01,2.898731988115533717e-02,3.907116105376547133e-02,6.924014661579637464e-02,-1.272668251530138274e-02,2.998301556691626568e-01,4.004915812638925598e-01,3.609120082632762405e-01,1.949920339641721401e-01,3.099642875467351066e-01,4.159967649683098401e-01,5.074685152068068028e-01,6.194097736496336631e-02,4.812820695427794671e-01,9.834142790766313424e-02,2.247420883329521446e-01,3.396604283934447355e-01,6.817865618587180820e-02,4.421034533026572122e-01,1.322089188935528514e-01,2.897529192144712162e-01,3.208379556327186632e-01,2.558425402722944719e-01,1.311258884112837253e-01,2.957523630401087678e-01,3.658051370420390414e-01,-7.735397298230828680e-03,2.782859419212695973e-01,1.857719567234461799e-01,1.989397779943255506e-01,2.652659914533162661e-02,2.035222805998337936e-01,2.340032883625367266e-01,2.266230655279996287e-01,1.654231698485532712e-02,1.706685856648317012e-01,1.050611775035928536e-01,8.243727587501359366e-02,2.340337372787042736e-01,3.463995787443500118e-01,2.703698892760260097e-01,2.505783065499823659e-01,7.726049252497704800e-02,2.908090241476422033e-01,2.296506455496563348e-01,2.962938402834273677e-01,-1.544698794185343609e-02,-9.799901133767996431e-02,7.706423778801357871e-02,4.034306745182298370e-01,2.680887475450658419e-01,1.999545980437882065e-02,1.227980397307360250e-01,7.615941559557648510e-01,7.162909731110009282e-02,2.144247833298239536e-01,-2.380020715609141857e-01,-1.333954786453789461e-02,-3.227338679919121434e-02,2.913558827586779088e-01,1.009082561850003779e-01,8.825954236274094478e-02,2.208817883666483184e-01
1.051709852088156816e-01,1.122571640035479879e-01,2.687494830996451367e-01,1.948347573358283624e-01,3.605622426015165499e-02,3.527400995624720842e-02,-5.696334095867497394e-02,2.233974471270151752e-01,8.513898327221421092e-02,7.614232895220011954e-02,1.283065379451801546e-01,3.107558503044882681e-01,9.450650071293976995e-02,5.617325002780296228e-03,-1.873982484175542446e-02,4.811635634556554741e-02,-2.077987129451212660e-03,1.295365541701525569e-01,2.182537024066791564e-01,-5.272986508012548340e-02,-1.399192621131732477e-02,-4.853546789385983218e-02,1.954117905592519522e-01,2.754762923878396608e-01,1.908761001511519520e-02,8.486312210754666518e-02,-1.499534954731473468e-01,1.805786716622048982e-01,-1.649367378879984247e-01,3.788481596735002177e-02,-1.109047971207343941e-01,2.847342787186517461e-03,5.801946227605678241e-02,5.167274793960247026e-02,3.002088295307462143e-02,2.112437866895419403e-01,1.809843943382403730e-01,9.993223115477817275e-02,5.374319899027570069e-02,-1.468820753624006936e-01,1.514887403642077024e-01,5.708338543632678758e-02,-3.775766462282325459e-02,7.020726536224028425e-02,3.855204124271932598e-01,6.651236016364159634e-03,1.176622674834175569e-01,-1.883473923147882187e-02,-6.860644398181818537e-02,-1.454614691637021173e-01,-8.881118309814865774e-02,1.797940136182849535e-01,8.178878723394526762e-02,-3.211883701091692092e-03,5.766824313350204373e-02,1.373244596271592510e-01,2.057585983315192157e-01,1.580599922607688057e-02,-4.519922665546319274e-02,-6.814189839102353929e-02,3.066182762817499241e-01,-1.260067697753854132e-01,2.011953540210149188e-02,1.830096161813730415e-01,1.786803815973551923e-01,1.573529626495563938e-01,2.315435121339984859e-01,2.334292567278128394e-01,1.074309853962698846e-01,4.718644286454521525e-02,3.143279644023198038e-01,1.653201145098008584e-01,2.569817609971743466e-01,2.426186192008204096e-02,7.162909731110005118e-02,7.615941559557648510e-01,3.334354803722169858e-01,1.248114048668888393e-01,2.475806801491373804e-02,1.390128133337016104e-02,1.834802121580487444e-01,3.091790130685952986e-01,1.478361621585045360e-01,-4.981299555125808659e-02
2.101689708462080863e-01,-2.053272913374703801e-01,-3.102337512471257594e-02,1.395495305252160700e-01,-2.047517009757985063e-01,5.364357451543696476e-01,2.638105602732736532e-01,4.482248408683497387e-01,-1.143730265585863048e-01,2.971167244469903879e-01,-9.935487615932132865e-02,4.406494547952275465e-01,5.627737670882220211e-01,5.870736768502180652e-02,9.891788757144941158e-02,3.175331298465904895e-01,3.580674439775158313e-01,3.928069338067667338e-01,-5.793213492753560706e-02,-5.917219809182329426e-02,2.601544341275549010e-01,-1.333863756676516299e-01,3.618130749750318453e-01,4.162908347558890165e-01,5.267501826658729236e-01,3.814559360256554732e-01,-6.842828017727620171e-02,7.394672832624313297e-02,2.487804811848793110e-02,2.752760246394996280e-01,-8.257341052226968570e-02,8.234094177522627289e-02,8.577074564655505495e-02,-3.656878828095929540e-02,-8.702973879418625380e-02,1.850951775926374526e-02,-1.049696632844161204e-01,-8.601115402858085235e-02,1.745477747968918469e-01,9.789404178664073974e-02,1.758044437380724412e-01,-4.232805944337773851e-02,-4.253148037771424528e-02,-1.790228795601883083e-01,2.863453527570227197e-01,1.898728421119939003e-01,8.389969001488034595e-02,5.921561804615124713e-02,-9.020638826869296911e-02,1.384021524062485076e-01,1.008541162906504141e-01,-6.848088752705785986e-02,-8.173561250494451591e-02,2.206109523762153982e-02,-6.186405590495391849e-02,8.070231512723922973e-02,1.900511896227860265e-01,2.404456086526015821e-02,3.248287621299663502e-02,-2.851862374668469036e-01,1.375020043431579575e-01,-1.810685471740152153e-01,3.574193301852733595e-03,9.317226900740725737e-02,-2.594955085062310846e-02,1.001853825933954056e-01,4.836265508303845828e-01,1.620232461335940205e-02,-5.197580825819667072e-02,-4.226261821782983930e-02,2.977980505605562489e-02,3.821659552627598155e-01,3.908072670702508050e-02,-2.399180066705637326e-01,2.144247833298239536e-01,3.334354803722169858e-01,7.615941559557648510e-01,-1.159312285958263300e-01,1.247446103185202854e-01,-1.185817041452600501e-01,1.900226355081678919e-01,3.134805910830546494e-01,3.968289141697130956e-02,1.969202348346640527e-02
-3.293617435398571436e-01,-3.028736201620919055e-01,8.345679191077426395e-03,-1.545769264859205017e-02,-1.088719644187175623e-01,-4.756815227876089874e-02,-4.170557327658615532e-01,-1.234502955477182959e-02,-1.305364185741937910e-01,-4.001620024500083805e-01,-1.133299233897702429e-01,-1.277667978268097748e-01,-1.050353648691264158e-01,1.175668173013260098e-01,1.156957091679986782e-01,-2.571901859926755129e-01,-4.330400567366602949e-01,-2.810481585891090872e-01,-1.216149120183116356e-01,1.103888689375757820e-01,-1.552712718637266724e-02,-9.950411182709772984e-02,6.457021066795705366e-02,-2.969709449255569789e-02,-2.892061687945837178e-01,-2.820203256849533879e-01,-2.239623862773615637e-01,7.785859058443030112e-02,-1.426397014729238223e-02,-1.391488077089485520e-01,-2.641345995331560031e-02,1.846850279241381565e-01,1.952830062874633121e-02,-4.036471093787937781e-01,-2.781194049556032777e-01,-9.575594392256678300e-03,1.531812672556313315e-01,-5.477627264224099735e-02,-7.862889901663544512e-02,-4.171537076705232328e-01,3.907022949727749495e-02,-2.428352843963072216e-01,-2.419051184996156567e-01,-1.905428513011110103e-01,4.467666014686402093e-02,-2.420367701956154527e-01,-2.386292948317614640e-02,2.524503393071946267e-01,-1.042638239959660790e-01,-3.202851938351233274e-01,-1.986218619366266758e-01,-7.712277931820096799e-02,5.343557179094602511e-02,-5.857797845647664398e-02,8.983806251233183993e-02,1.328778496850711310e-01,2.155037165475402403e-02,-1.353672474898943157e-01,-2.115049947972116873e-01,-1.527452752074097975e-01,-8.992245492405379070e-02,-5.056508552717834531e-02,-2.129258706297305070e-01,-1.642125330650237025e-01,1.889963295853654413e-01,1.304289212163986522e-01,-9.800770016249328587e-02,6.533227850678465787e-01,2.949161127400209970e-01,4.291954824354921594e-01,1.690238901142815942e-01,-1.013990879484589075e-01,-1.824083913498214526e-02,-7.866628503040841436e-02,-2.380020715609141302e-01,1.248114048668888393e-01,-1.159312285958263439e-01,7.615941559557648510e-01,2.032148180094873746e-01,3.960434144916398780e-01,1.390429403727976021e-01,4.321085604962758564e-02,1.607931490305851419e-01,-4.829006218184744154e-02
2.543697612459612858e-02,-2.220656000825014798e-01,-3.682591557082438016e-01,-9.664591869986216555e-02,-4.338866870224540873e-01,1.896278424063645440e-01,-3.094457946878361176e-01,-8.194112678132625671e-02,-4.775750759930655898e-01,8.774360166319447596e-02,-4.552717105842407075e-01,1.992190343299607980e-01,7.215736569514198673e-02,-1.660943615973953236e-01,-6.704807072090117337e-02,6.952439561769462040e-02,7.371728674563608752e-02,1.073429001289875895e-01,-4.008034836504188458e-01,-2.114802925315647508e-01,-2.462358243361408849e-01,-2.070700171416948177e-01,-2.706506858084002931e-01,-1.806576264201921467e-02,6.320931321527557822e-02,5.333709374917345453e-02,-1.927493395992654346e-01,-3.270721531245247005e-01,-1.210654767046940583e-01,1.107286489737666080e-01,-2.136187312211043632e-01,-1.258374486313353080e-01,-2.650646270374246716e-01,-1.288022021381659832e-01,-3.710036488393738674e-01,-4.068557744024163259e-01,-2.044569500041190993e-02,-2.980547227182549497e-01,-5.284935178043445592e-03,-2.716514847313354908e-01,-3.036640523192477015e-01,-4.004447263267409962e-01,1.806373415255312365e-01,-4.752540970419745214e-01,1.928888942804969919e-01,-1.479782622639589096e-01,-1.505961218071231733e-01,-4.977510518779127563e-02,-1.761238321714023169e-01,2.950644617760357358e-01,1.183589182110270366e-01,-3.262319988269320459e-01,-2.119636728827606065e-01,-4.144591670522730920e-01,-6.329358909335709715e-02,-4.119687960148486483e-01,-1.106443800126023641e-01,-1.844694314183308731e-02,-1.599724421166136556e-01,-3.755152962210123735e-01,-2.321839174076503198e-01,-3.467409424399809370e-01,1.187414396083212587e-01,-2.086640311132944847e-01,-2.193401667563687207e-01,-1.592316908243580631e-01,-4.090886573984888613e-02,1.437225743636695585e-01,6.953086243172083014e-01,4.827734246138267182e-01,2.426120465002725712e-01,1.032261698864023469e-01,-6.637624229137541187e-02,3.643405405096140082e-01,-1.333954786453792236e-02,2.475806801491376580e-02,1.247446103185202715e-01,2.032148180094872358e-01,7.615941559557648510e-01,5.510302269356939231e-01,1.720237195906139382e-01,3.953237397292973243e-02,3.038065122630948522e-01,4.029994326296209017e-01
-1.723029017335076241e-01,-2.852009581318277337e-02,-2.233707864318089931e-01,-1.150795488184821885e-01,-8.094726350352753064e-02,-3.931088851532928835e-02,-3.222768655981799180e-01,-1.913838024875981481e-01,-1.759041515240023501e-01,-2.032472324861806234e-01,-2.613012220983039757e-01,1.963224385487550086e-02,-1.086136638341049787e-01,-6.171961915617379946e-02,2.587222879926993069e-01,-1.556035762162018832e-01,-4.062579311390138170e-01,-1.664407742309574612e-01,-3.848821355264949173e-01,3.538576461222143754e-01,1.243181752375200344e-01,2.825282481107723176e-01,-5.110127341017185743e-02,-7.844248232319595004e-02,-1.341804425011509372e-01,-8.460031274953877523e-02,-2.314885334765054703e-01,1.525708805005880075e-01,1.570248846553587430e-01,1.256507147777572164e-01,-2.091806567483390222e-01,2.674039523967640664e-01,1.612670598338105110e-01,-1.459716803665669638e-01,-1.094613957262628029e-01,-3.047591339712908964e-01,2.423718971308423120e-01,7.133167918207579394e-02,-1.594469855079596043e-01,-3.535637983566683462e-01,-2.194596985398778732e-01,-1.471490598432521890e-01,2.352028584584939241e-02,-2.901265551912969309e-01,1.339861724529519960e-01,-2.364448165703746108e-01,-8.849551821059660484e-02,3.473630544913817175e-01,-6.777974541380692858e-03,-2.386673260098635674e-01,-8.667514125131500768e-02,-3.748885345274945435e-01,2.563671209332328282e-01,1.841504293780745968e-02,3.679512848479039588e-01,-4.793620586213384605e-02,-7.013514443022192402e-02,-9.394915472620191110e-02,-1.578264453445265558e-01,-2.567722549565967238e-01,1.538090947927610586e-01,5.686198386885851774e-02,4.245127344138544673e-02,-1.576518393300946619e-01,3.418285843402589230e-01,1.745764846292542083e-01,-1.015640986257545647e-01,4.347351260729633848e-01,6.010954906972555412e-01,8.894411769261804102e-01,3.298024892164524435e-01,-1.080219398698319296e-02,6.656303982329588032e-02,2.627059908736649740e-01,-3.227338679919121434e-02,1.390128133337019574e-02,-1.185817041452600917e-01,3.960434144916398780e-01,5.510302269356939231e-01,7.615941559557648510e-01,2.231105058466084923e-01,1.799890140792458071e-01,5.216601751468354919e-01,1.574184197708025090e-01
4.287659888054055755e-06,3.406738746287819031e-01,-7.706280056219209917e-02,9.328758570199649491e-02,1.277232799510857608e-01,1.334081575813806098e-01,7.117206209309430431e-02,1.311256232093433172e-01,-4.206135703861862626e-03,2.223815991510814105e-01,1.293325631473392912e-01,2.085607656877941085e-01,2.353599967697007078e-01,3.056138793500808304e-01,9.096956771643850692e-02,3.059985743243590073e-01,6.034320197465461305e-02,1.563838938675227719e-01,6.286921202243335449e-02,5.902194433457531170e-02,2.000159434205350806e-01,2.018886775363653019e-01,2.712401632408696361e-01,1.451539499761987928e-01,1.964672911007119271e-01,2.612359861300304620e-01,3.910104604446027268e-03,2.396566674414411791e-01,1.729434750149283773e-01,9.001717146923410295e-02,2.396705809213932059e-01,2.923572739391057662e-01,3.456763789767840489e-01,1.096130517562079187e-01,3.631725784140218960e-01,-2.410777505081542968e-02,2.415496327423011513e-01,2.102083849881496991e-01,5.611421404196999946e-02,-2.047867190639197574e-02,9.944400094217863140e-02,4.399502179083358941e-04,1.508008114368165342e-01,1.738939750941426721e-01,1.531420271441101544e-01,1.335220613691270319e-01,3.896695367946212962e-01,7.832853684611086609e-02,2.453796109450837870e-01,-1.073493765112601278e-01,1.577214254032958396e-01,6.927510900241312664e-02,1.306678971837356706e-01,2.151851535826296846e-01,2.892801595511242385e-01,2.748478265569483381e-01,1.594283501000846037e-01,1.575094908648521641e-01,2.648884964825355959e-01,-1.298427040992419512e-01,3.107723534610957739e-01,5.308345121444824760e-02,1.144351069699778151e-01,9.203585958283802548e-02,3.406938524222974940e-01,2.549199884960955398e-01,2.201601205863231436e-01,1.657238847614687094e-01,-2.112222451525162803e-02,2.012675955453109844e-01,3.290963738970860142e-01,1.308333055906772679e-01,1.429635787878133779e-01,2.282428623043701241e-02,2.913558827586779088e-01,1.834802121580487722e-01,1.900226355081678919e-01,1.390429403727975743e-01,1.720237195906139105e-01,2.231105058466085200e-01,7.615941559557648510e-01,7.703900793395722368e-02,1.442707285883985391e-01,6.729252850689153298e-02
2.182018117654246359e-01,6.195482285578406828e-02,1.509345804114463618e-01,4.002097202433537726e-01,1.431487399761993684e-01,1.703189119047149591e-01,1.305993231978589131e-01,1.930683988952387742e-01,5.383617649974272584e-02,4.794738719916682435e-01,6.145246931095493109e-02,4.638111447395423248e-01,1.087733648306919848e-01,1.235839231427600104e-01,1.514751157218591771e-01,4.227842337187754929e-01,1.609408096182318171e-01,4.593990639282060640e-01,9.833850491793560966e-02,1.101344688491074086e-01,2.196187497160574653e-01,2.107747832065012261e-01,8.397201452268013289e-02,1.142019469260816683e-01,2.570729256387054296e-01,2.531161611142252466e-01,-7.294173454498713294e-02,3.803856096935144260e-01,2.301966131175829378e-01,2.275568202830260123e-01,-8.312537290550578439e-02,3.545316822623532094e-01,3.609496841549678092e-01,9.425620694985234471e-02,1.519942661121998287e-02,4.808105581644476351e-02,5.043883797863455420e-01,2.925446141006191048e-01,1.164829319410460168e-01,1.715056252811789361e-01,1.081709516007655081e-01,1.975356151044042885e-01,4.888354424992060188e-01,1.894562560262455855e-02,4.751102376188597320e-01,5.066614848302949253e-02,3.671943971701653875e-01,8.387996155880129978e-02,2.719409737513865943e-01,1.929839976216441988e-01,3.065718267241188122e-01,1.231062887037043668e-01,1.978771386274764676e-01,9.824333900862967928e-02,3.034575087288854944e-01,-6.242455070225287617e-02,-5.609924305969697135e-03,1.363588070628230231e-01,3.907929165990494530e-02,-2.157598236823065480e-02,4.209796539001113835e-01,1.458735469246304206e-01,2.606880706704747253e-01,9.542839528087006251e-02,3.812898278379541206e-01,3.745171362244099633e-01,1.811741677971346054e-01,3.255787687741737990e-01,6.640590146269680083e-02,1.486441585267973819e-01,3.819463654189520496e-01,6.422748483985307733e-01,4.843508775605436800e-01,5.234253289092863359e-02,1.009082561850004611e-01,3.091790130685952986e-01,3.134805910830545383e-01,4.321085604962758564e-02,3.953237397292976019e-02,1.799890140792458071e-01,7.703900793395718205e-02,7.615941559557648510e-01,5.467968877419927543e-01,1.051188691775060552e-01
-7.484666822589905455e-02,-1.755161895240013314e-01,-2.776173849922646680e-02,2.412967832214797936e-01,1.113498342537377339e-01,3.246714866770477464e-02,-1.967126252676506485e-03,-9.674148242916881524e-02,-6.497535059380807332e-02,8.033813585598395535e-02,-1.787687063607950877e-01,1.126379437274634132e-01,-7.762574228635887863e-02,-3.637089336327780503e-02,8.709288539376790206e-02,-1.407897073669215626e-01,-1.646965595872231236e-01,-1.096381008100940496e-02,-2.486112693110809624e-01,3.116549100071836498e-01,-6.686310407755360896e-02,1.157826080909298005e-01,-1.443444574989143948e-02,-1.508792334870184548e-01,-2.119363951185165851e-01,-2.150146887904472726e-01,-1.591024466680504568e-01,3.088636332457347922e-01,9.147793165034620588e-02,2.234212968885298800e-01,-2.401942032047196529e-01,4.005448929688512627e-01,2.582970605327030156e-01,-8.173899616523168377e-02,-1.467596206266741921e-01,-1.698045447081477644e-01,3.730793602108058438e-01,2.295725234995791841e-01,9.080293292200233846e-02,7.349788465725720643e-02,-5.606220894250935061e-02,-7.007517520899727431e-03,3.908013075935011793e-01,-2.465328363662065703e-01,2.487804858786016871e-01,4.456256608987895634e-02,6.598325153916501096e-02,1.224002021025429043e-01,-1.082756229799727299e-01,6.601980177400956773e-02,-5.454938540368828997e-02,-2.370325339834694345e-01,3.469091918510472938e-01,-1.167385482751566728e-01,2.393076094747360882e-01,-8.897489760929418179e-03,-1.228409808845352530e-01,-1.516728927986833730e-01,-1.692569315885148196e-01,-9.716830603231482733e-02,4.061123125508430687e-01,5.256874953173940046e-02,1.919579719573571985e-01,3.980775622937116759e-02,3.931834116778855637e-01,3.100756357745280134e-01,1.115083807971176261e-01,3.108113926982891684e-01,2.949716680644574041e-01,3.493319666555826375e-01,3.777049226096758083e-01,2.595110014427640666e-01,5.909583231119348579e-01,3.937764975495657849e-01,8.825954236274093090e-02,1.478361621585045915e-01,3.968289141697135120e-02,1.607931490305851974e-01,3.038065122630947967e-01,5.216601751468356030e-01,1.442707285883985113e-01,5.467968877419927543e-01,7.615941559557648510e-01,3.735128263026384898e-01
-9.339660011474207324e-02,1.751171883597163123e-02,-6.167744233808005599e-02,-2.390063706114939693e-02,-4.894375873359645135e-02,-8.518044766302815263e-02,1.032168103254522268e-01,-2.117627461616078399e-01,-8.856086784209775409e-02,2.135177445539943319e-01,-1.980028724593355938e-01,3.929808822559734127e-02,-1.225461456029883905e-01,-1.241330068836797446e-01,-3.578523893991392701e-01,-8.022923712785452743e-02,-1.940761489148124797e-01,-1.349023686866973881e-01,-2.556610889815094101e-01,-6.519313294389264546e-02,-1.400376252351233919e-01,-9.823995482368917675e-02,-5.628327504973754114e-02,4.223656426746478371e-02,-6.040147604098587697e-02,-7.257540553780281178e-02,8.731901451433492223e-02,7.989476523152820586e-02,1.628299134353800026e-01,1.866593572951056046e-01,-1.443116128471226278e-01,1.800832084326532967e-01,1.334398954954734706e-01,-1.712047088795034810e-01,2.054045129308842716e-03,-1.534927821110333712e-01,6.081247083851784585e-02,5.589998461440853772e-02,6.918305804411786775e-02,2.293383211223544160e-01,-9.418739156705806248e-02,-7.251421279909704698e-02,5.369682114780067739e-01,-2.371514031797427313e-01,1.410254621329596336e-01,8.236853431567173200e-02,-1.578440757127701766e-01,-3.339284818365155227e-01,-1.385904021834850341e-01,1.989760648017533662e-01,-2.367967554859091647e-02,-2.188498158771850499e-01,-2.637933174054729601e-02,-1.601251506808048786e-01,-9.366964264919470928e-02,-1.033299178704958632e-01,9.868069028929438158e-02,9.490912580970217727e-02,-7.402270293162055426e-02,5.829648037704069502e-02,-1.831052416401635725e-03,7.954504679704085812e-02,4.621594162512890902e-01,-3.132060740281888966e-01,1.064352271019156776e-01,1.291415866944030100e-01,6.141018555396762779e-02,8.216311274669180209e-02,3.922413637104001372e-01,9.074414048392676069e-02,3.566610310928459704e-01,3.801163068966693925e-02,7.307220871813714658e-02,7.092907199860771783e-01,2.208817883666483461e-01,-4.981299555125806577e-02,1.969202348346637405e-02,-4.829006218184742072e-02,4.029994326296207352e-01,1.574184197708025090e-01,6.729252850689153298e-02,1.051188691775060413e-01,3.735128263026384343e-01,7.615941559557648510e-01
