7.615941559557648510e-01,-4.264815758848445326e-01,1.497098877891804847e-01,6.842368576249895085e-02,1.123850911493018759e-02,4.523971400745290805e-01,5.735711424167675432e-01,-3.222119791807087075e-01,6.271901730859703872e-02,2.251886884010770584e-01,-2.472266771215684833e-01,3.317734117503529090e-02,6.994194749253862531e-01,-2.327154071983973671e-01,-1.981136072187826835e-01,4.696466935072153293e-01,3.652016600566489468e-01,6.615143563127507953e-01,-1.303625233927550031e-01,2.583344452522535750e-01,-3.905780144835759859e-01,2.910576607064943033e-01,-2.490408952423487088e-01,-5.642317642165169955e-01,1.529430518953563412e-01,1.898727560164439887e-01,1.874796117833889553e-01,5.742650110555714837e-01,5.407550951883519641e-01,1.519433822476854712e-01,1.652616263083430403e-01,1.725443036574696998e-01,-2.537334293186557788e-01,2.262638227648096634e-01,-3.232174708357483106e-01,2.317546328505679445e-02,-1.908352839096732201e-01,-3.903451508528742175e-02,-1.588560678459921272e-01,2.532113497351448084e-01,-4.083111890984698067e-01,2.325134312927406577e-01,-5.061464738346294762e-02,-2.487207785097371449e-01,-1.460222839634025549e-01,3.029963499123263238e-01,-8.834108636209299370e-02,-6.056503938858398550e-02,-3.493982333703481852e-02,-3.226675544966765841e-02,-1.085281710824261142e-01,-1.519142141355424303e-01,4.229798035488999686e-01,-3.745325605962613325e-01,2.786496596894579847e-01,-4.658839946036237301e-01,-5.150303106336737713e-01,-2.008242524804370877e-01,-3.964909455449250331e-01,1.278668190409175398e-01,4.054946884609720303e-01,2.431248197451661985e-01,2.712696276968924458e-01,1.883478792494767129e-01,1.720822446255819704e-01,-7.822976011994010881e-02,-1.579752625955117007e-01,-1.573986881261933979e-01,-4.739316045409387446e-01,-2.135379455293693607e-01,-9.095101735549097899e-02,1.159700601571819617e-01,1.171118167004090160e-01,-2.489864301578843531e-01,7.321302049818259605e-02,7.186527433309436441e-02,1.828179888215391569e-01,-5.896142834344592076e-01,-3.912328308335129012e-01,-2.334619832352387014e-01,8.054190866317853525e-02,4.438846790392081409e-02,-1.531319039196800125e-01,-1.176594977204341169e-01
-4.264815758848444771e-01,7.615941559557648510e-01,-2.547707198988196642e-01,-2.776322770122646166e-01,-4.682714157935958799e-01,-5.752556102095853774e-01,-5.626476787377512334e-01,1.853250247542631846e-01,-4.311085820804481661e-01,-3.720804866519875076e-02,-2.925604964823234622e-01,1.970500448822286310e-02,-5.724908503425586437e-01,-7.396216544080563837e-02,1.910660055170321781e-01,6.597617548758233363e-02,-3.146181065827191592e-01,-1.626601356898780826e-01,-3.770326500348282206e-01,-2.462435574845779629e-01,4.539218889636896792e-01,-1.975751042117800116e-01,7.561611672035982445e-02,6.865563523797250101e-01,2.984972740064024271e-02,5.043234929708469982e-01,-5.283160465317736643e-01,-1.973414467792473093e-01,-3.108889980574411904e-01,-1.440507664106248642e-01,-6.630204388661824211e-02,1.162917321292163825e-01,5.187316159754299383e-01,-1.088563892575443032e-01,9.051716376650963403e-01,-1.959164598206441787e-01,-2.437374540653845009e-03,-3.606380198596341735e-01,-3.309180140625025968e-01,-3.367644880655153439e-01,1.842177615701225957e-01,-3.873119588947179781e-01,7.421048312935209224e-02,-1.535138384254673138e-01,2.026274954000462369e-01,-2.722414351458503634e-01,-1.285095621816791656e-01,3.799984081182739559e-01,2.581144635694591627e-01,-1.386475206014379513e-01,3.214139890378753805e-01,-3.270469071574358955e-01,-2.039871443816355379e-01,5.252760336434543209e-01,-7.903146392820471766e-02,6.416761337744648908e-02,7.595717921142191020e-01,3.422148485822723574e-01,6.912095924984009709e-01,-3.828972456182341277e-01,9.160720002762264003e-02,-1.092195718275147838e-02,-4.573042564054081160e-01,-1.436071976753885149e-01,3.085489201990781472e-01,5.226848767516596439e-01,-1.273045657058428370e-01,-4.458237291996160201e-02,2.574146899246202436e-01,2.404939783903742648e-02,1.626302118716114742e-01,-3.891906481914097354e-02,-2.266407022394472948e-01,3.857546679506210219e-01,1.721509382679866640e-01,-1.504955123821810625e-01,-1.109314943825254057e-01,1.979740029036470422e-02,1.076906869546285644e-01,1.228281419803158858e-01,1.841239181619653276e-01,4.975044328849915348e-02,1.888068564758797752e-02,4.213652366749613409e-01
1.497098877891804569e-01,-2.547707198988196642e-01,7.615941559557648510e-01,-1.840038951878213147e-02,3.421831369802706413e-01,-8.968906870860429703e-02,2.949277449995995060e-01,2.566210026799559119e-01,1.016937011448745681e-01,1.159884018295724156e-01,7.486516725771649172e-01,9.739872143215444478e-02,8.483773395979413157e-02,3.023437505605157671e-01,3.835291689399439319e-01,-9.256914237225281894e-02,4.728170929535462086e-02,1.824860319339376979e-01,6.123704899898494425e-01,4.728998606096418977e-01,-6.228543438054018333e-02,3.657403832375397124e-01,3.099195667007142441e-01,-2.544536753500267201e-01,-2.764663449177715560e-01,-9.317714711551450257e-02,5.340918779975299957e-01,3.880908927120215735e-01,1.236343004605326978e-01,-3.642381370806548058e-02,5.485741876051631466e-02,3.233954931154664481e-01,6.892640160716716202e-02,1.435719587615654491e-01,-2.018633415968765776e-01,8.949639098639673440e-01,-1.144710582967379126e-01,3.516126757592194507e-01,-3.230755319265367631e-01,3.730219785612977346e-02,1.816839212519499869e-01,9.590184896090024613e-02,-1.619894436326972387e-01,7.251668904633118418e-01,-2.069093878070729642e-01,-3.834400344900931734e-02,2.348810151831348947e-01,3.129270642514528911e-01,-9.752709327901881720e-02,-1.957423328487985781e-01,-1.744080461987841113e-01,4.927840115230159856e-01,4.726971931064947174e-01,-2.286973547203691864e-02,4.216899422431668043e-01,2.879622194118048317e-01,-4.083214170116953867e-01,-3.828370160720727111e-01,-3.275003823408743076e-01,3.780309169700298288e-01,2.604082537479302517e-01,1.517890162056181012e-02,2.832372645899076113e-01,1.706572636015315503e-01,1.498421334927839133e-01,2.090024022175591880e-03,-2.188499069169978772e-01,-1.417625993948116170e-01,-3.403942269542101773e-01,-2.221789254030565597e-01,-2.191139905080945194e-01,1.131632998499144949e-01,3.008768796299623460e-01,-1.883088781155939639e-01,1.359920980623181008e-01,8.614969963495502925e-02,-4.654219305606573098e-02,-3.173533181782599577e-01,-3.312272174787166956e-01,-2.246649258032331897e-01,-3.056541336131460285e-02,9.103559301861291475e-02,1.006932100089191623e-01,-1.899145380881712142e-01
6.842368576249895085e-02,-2.776322770122646166e-01,-1.840038951878212106e-02,7.615941559557648510e-01,4.026080029438461882e-01,1.765263431770611180e-01,5.652215459988941815e-01,-3.241221896635291810e-01,4.146635967392673372e-01,2.099312152613777849e-01,4.182970044994489822e-02,1.688356246412293649e-01,3.205454190904649669e-01,1.474821078290330378e-01,-1.396113022722927921e-01,-1.620547190724743458e-01,3.214481166773514031e-01,1.164767880249434895e-01,6.468753456059588014e-02,-8.867833896575609207e-03,-2.586259014929809252e-01,-6.702304683017545894e-02,-3.945775252211171091e-01,-2.517506134215062308e-01,-1.354899621841291202e-01,-1.727296126436245749e-01,5.432312197886796784e-02,1.255355992705785295e-01,-6.458138940445317527e-03,4.351882112429030225e-01,2.930030087980306508e-01,1.499839542827831884e-01,-3.928420028806502498e-03,2.444285071258012754e-01,-1.866431718416530494e-01,4.492931634133693480e-02,-3.102924764669134569e-02,4.193082355724964128e-01,1.101949350321655141e-01,5.244652626947647889e-01,-2.447455284755034599e-01,4.386683871760823084e-01,2.135458077685901401e-01,-2.800736960764111782e-03,2.540171719559036201e-01,3.588032838655331180e-01,2.162045423902637376e-01,-1.958847207993937578e-01,-9.636276573247434807e-02,1.541363565528026114e-01,1.931253127288679039e-01,8.558608029183299715e-02,5.952672901532926435e-03,-3.164799562270779743e-01,-3.889196569046489416e-02,-2.465379709776235329e-01,-2.280585312412261589e-01,-1.277256093347009513e-01,-6.828986880954523997e-02,2.109153555797688984e-01,1.990819919984457287e-01,1.987225851768314316e-02,1.602110738229689524e-01,-1.112053995082924046e-02,-1.393931254495242023e-01,-1.109311333158498163e-02,3.817311060789851246e-02,-8.672090638088825187e-02,-3.562520621513949326e-01,-1.708060959708762594e-01,3.421027994939426775e-01,4.616473709048021234e-01,1.931436122857534132e-01,-3.008822313253882719e-01,1.659105543701843155e-01,-2.337355358876353761e-01,-1.336360370442365164e-01,-2.238991443464727615e-01,-2.432238797158776944e-01,-8.378076999894824850e-02,-3.120741325930491764e-02,3.660355279875909806e-01,7.692509910784997573e-02,-1.788236113060933385e-01
1.123850911493018759e-02,-4.682714157935958799e-01,3.421831369802705858e-01,4.026080029438461327e-01,7.615941559557648510e-01,2.161517409165392145e-01,5.493870409743220051e-01,-6.096971087918782312e-02,7.381291614258077560e-01,2.663858115873980054e-02,5.105933342890514037e-01,2.214737819145684017e-01,1.412454154408089302e-01,4.460147912315275409e-01,1.467834493937039408e-01,-2.012374564977882085e-01,1.897769166312224254e-01,1.293712168584364441e-01,4.154779790236986514e-01,2.804706984325810448e-01,-9.888941850036163383e-02,2.100188262851417353e-01,-1.925084574649659486e-01,-3.615446132069675689e-01,-4.673365792942489327e-01,-3.989399321682166044e-01,4.052562883596188548e-01,-2.354726274027424404e-02,-1.404547646136607431e-01,3.712158351446263049e-01,1.814744667193755601e-01,-2.501462662215026694e-02,-4.686630989859717072e-02,-4.564112831481611371e-02,-3.459788644004424540e-01,4.698049967772680580e-01,-3.216824814582228131e-02,8.976329698766651877e-01,1.919783153724185371e-02,3.284994359110739448e-01,-2.430471735048378434e-02,6.864034968729981756e-01,2.995197749674399432e-02,5.183398676816186601e-01,1.331623274975170246e-01,5.967179103876105867e-02,4.754497175576555823e-01,4.139888247239884023e-02,-2.881636400991564595e-01,3.253807226136733177e-02,-1.706380595802625411e-01,4.954495874332330296e-01,1.103300242510835832e-01,-1.169159198147380618e-01,1.241829550852746322e-01,-7.553389108905224358e-02,-5.535130465773032693e-01,-4.654595677296116119e-01,-4.109400867836178195e-01,3.905398652393055614e-01,-6.124970778986195408e-02,-1.226799392602400812e-01,3.892092433932087259e-01,2.511959799512830660e-01,-3.229734164806466468e-01,-1.565006942784151200e-01,-2.765307956052927008e-01,2.070410342075248641e-02,-4.833301004160198699e-01,-1.053643583778283155e-01,1.301270137531221685e-02,4.042550814935991776e-01,3.915432489419261031e-01,-2.325319725948808147e-01,3.064845517099710204e-01,5.999360497721125535e-02,-4.232897941453653279e-01,-2.115070549458804849e-01,-3.894424607226515400e-01,-1.571170589117935890e-01,-1.426897090749723318e-01,2.451426577286757724e-01,1.340701404313402456e-01,-1.453763632562038444e-01
4.523971400745290250e-01,-5.752556102095853774e-01,-8.968906870860432479e-02,1.765263431770610625e-01,2.161517409165391868e-01,7.615941559557648510e-01,3.345421654495253083e-01,-2.119206804831158530e-01,9.459664330011444133e-02,-1.629038383917295052e-01,-3.072998837453971288e-01,-1.126383302861689029e-01,3.856772935221105536e-01,-6.081925243479630733e-03,-4.093181632377314028e-01,1.677778895374453794e-01,2.580652430233237316e-01,2.224664233582122064e-01,-2.190382448638964474e-01,2.412306366723485779e-02,-1.741823634766503925e-01,6.761781732917863464e-04,-1.618307581478952706e-01,-5.511784312622686199e-01,2.610749828351172641e-01,-1.631028035776536100e-01,2.639522272564642225e-01,-6.716412808249669353e-02,3.077175601325862209e-01,1.539668141331901607e-01,3.117280241231151772e-02,-2.542859964471573808e-01,-4.671130034752474791e-01,-2.091218120464975738e-01,-4.418558941462327194e-01,-1.776548793145806548e-01,-1.104356223452003342e-02,2.018251606488585467e-02,4.070537502160411769e-01,-4.348572441474635869e-02,-2.271299880974858576e-01,1.178145088115499367e-01,-3.421795657804161950e-01,-2.753515014973406672e-01,-2.123075261947649783e-01,-3.221383434057721595e-02,-1.788077343687052012e-01,-3.259429459289598929e-01,-4.285036333518535412e-01,1.951388162121662703e-02,-3.741357021155562457e-01,-2.191369973248096237e-01,8.768331225079815938e-02,-2.166654842445629725e-01,-1.119403512542668649e-01,-3.803629926826265217e-01,-5.943005383614021753e-01,-4.102903972536062205e-02,-5.370047413723640917e-01,1.738949712133137371e-01,-2.186065780598196728e-01,3.835205959707185808e-02,2.726385752741729562e-01,-1.097674389510767956e-02,-1.784455178484586346e-01,-3.366029780847524244e-01,3.957326569334874977e-02,7.466742422285999048e-02,-4.623885010235720960e-01,3.849410619076470974e-02,-5.922038740864490197e-02,-4.357903320283429416e-02,-1.833324781354646327e-01,-2.697483207187401089e-01,-2.819385680544956863e-01,3.482697262277733435e-02,5.066361421897512540e-02,-1.367608188389072554e-01,4.730658874533659464e-02,-1.086834934361489702e-01,3.182441933023137659e-02,-2.413274105756083587e-01,-2.962585052177022504e-01,-2.539966946870232944e-01
5.735711424167675432e-01,-5.626476787377512334e-01,2.949277449995995060e-01,5.652215459988941815e-01,5.493870409743221161e-01,3.345421654495254749e-01,7.615941559557648510e-01,-4.472909489114741954e-01,4.969201171652986027e-01,5.292340090092871874e-01,1.224008103524359264e-01,3.154706409592380467e-01,7.452550207174192254e-01,-2.511365518007815587e-02,6.814971709475324373e-03,1.137525015569099546e-01,5.241757414659616865e-01,3.718734470021381466e-01,9.678004588819606735e-02,4.501631792277032140e-01,-4.889633622087459219e-01,3.796803749243382042e-01,-4.156177185793830109e-01,-5.674131617417625950e-01,-1.613876547571186371e-01,-9.339962187378030023e-02,4.020435708298485400e-01,4.332194604455845699e-01,3.933571488817848016e-01,3.146743756741413045e-01,4.091211507335764108e-01,2.668168330804993049e-01,-4.035385568499529063e-02,3.768138091052610772e-01,-3.917620432069254255e-01,2.760966949447702934e-01,-6.069075697434821171e-02,5.575130956810657734e-01,-7.432205526274543450e-02,7.614997245371478707e-01,-5.864941650836911213e-01,5.917890469104805096e-01,3.851794023146895007e-01,1.809470361961431836e-02,2.089935978461718025e-01,4.012375378941939186e-01,1.637343016324530054e-01,-1.024272064378309033e-01,-1.154153287506229086e-01,1.656107143473574128e-01,-1.132589393478296569e-01,1.105522146985305765e-01,4.525597825921088835e-01,-5.079952890837916568e-01,3.424184619404200269e-01,-4.928424105382751552e-01,-5.641804261110435759e-01,-3.959326913861164199e-01,-3.149694808857328998e-01,4.144909134315264421e-01,4.247408470087535304e-01,3.274908055190902112e-01,2.636247487970221348e-01,4.561807090583252511e-01,7.239313080300022185e-02,-6.123277671003662936e-02,-2.692474326182446864e-01,-4.143476462935184457e-01,-6.185127671522840931e-01,-2.628851521548785652e-01,7.235997665023453929e-02,5.768728792686184104e-01,5.738408834404961079e-01,-3.115991494978099796e-01,3.434683090340296951e-01,8.751926131967016631e-02,-2.299547207883767819e-01,-5.980533229491802327e-01,-4.281816974354333283e-01,-2.900943802557949813e-01,2.029791042716619712e-02,3.600625026330587231e-01,2.241531042013744646e-01,-2.372624928213145357e-01
-3.222119791807087075e-01,1.853250247542631846e-01,2.566210026799559119e-01,-3.241221896635291810e-01,-6.096971087918780230e-02,-2.119206804831158530e-01,-4.472909489114741954e-01,7.615941559557648510e-01,-3.239374496156768313e-01,7.114394842325479085e-02,4.344487161516464302e-01,2.763540383586276517e-01,-3.972059833991866129e-01,4.135481056933631994e-01,1.408520874894144403e-01,-1.849200273691392615e-01,-1.196559352549936700e-01,-7.641944670239726733e-02,1.443091142190194576e-01,-1.607078558642077021e-02,4.772760774930170924e-01,-9.456638999180047578e-02,6.576498283415131985e-01,4.562050769463928401e-01,-2.601399145903789401e-01,5.964777877723598763e-03,-1.108407915352033618e-01,-2.544079614899177888e-02,-4.355981310773058834e-01,-1.558786376951863395e-01,-1.890378173424245578e-01,-5.018287162467133938e-02,2.204123272984465642e-01,-3.456408572287995584e-01,5.466742666233552483e-02,2.361288086002491793e-01,1.314050278368424918e-01,-1.397107312892111597e-01,-2.425624617954287021e-01,-4.712196141614077849e-01,7.732625364716485539e-01,-4.334345455595945973e-01,-5.135912031280354118e-02,4.239684341692608882e-01,2.176625475496000994e-01,-3.721124368200083854e-01,1.464032969982580756e-01,-6.981642927140460468e-03,-2.112601671181599527e-01,-7.702837531105373448e-02,-1.102296565325981414e-01,1.588415633941428484e-01,-1.113577132067353898e-01,3.364883967886727612e-01,-1.169135461784227836e-01,5.405866665852682162e-01,2.853384104610566796e-01,-2.299837613828538130e-01,-1.338528068229119794e-01,-2.662444846798715514e-01,-1.045891169534583220e-01,-4.981405662406770962e-01,3.571107616276614216e-02,1.780892548558428781e-02,-5.962476216503521942e-02,1.157193842793126509e-01,-8.804418111190015495e-02,2.121177432781672437e-02,1.114608679561620158e-01,-4.619467312028094699e-03,-1.076507510070992962e-01,-1.828191920491978664e-02,-1.325133882811209973e-01,1.819635944036191166e-01,-1.419109757339106180e-02,9.056130493001357529e-02,-3.005420645550721179e-02,1.328231498982710423e-01,1.217570493076756688e-01,-1.805172947153460827e-01,-1.084903929628877745e-01,1.157845269897693485e-01,-6.797681990587005341e-02,8.476758330106967665e-02
6.271901730859703872e-02,-4.311085820804482771e-01,1.016937011448746514e-01,4.146635967392672817e-01,7.381291614258075340e-01,9.459664330011446909e-02,4.969201171652984916e-01,-3.239374496156768868e-01,7.615941559557648510e-01,1.152371613135892425e-01,2.375107870878687688e-01,1.560556359790257197e-01,9.033771683882682590e-02,2.399791755355374923e-01,5.078422697709703351e-03,-1.414329404497680423e-02,2.372144212824678078e-01,3.290307536171438452e-01,4.838816828853519381e-01,2.834691282203623541e-01,-3.441782909696197712e-01,1.871977672979834584e-01,-5.642752657732296173e-01,-2.983484472684980182e-01,-1.729303384754163064e-01,-2.576373669536350386e-01,2.615417223125595103e-01,7.895420258961052817e-02,-1.407842671674962021e-01,2.831406307425634594e-01,2.581585789033352119e-01,-1.779464249281293570e-02,-2.159808179219915164e-02,-1.051454580625324764e-01,-2.767379917059657468e-01,1.846770390411327512e-01,-9.931875982857689411e-02,5.584345770145658916e-01,-2.545114350066312037e-01,2.057280356604355154e-01,-3.206027435419553373e-01,9.215919391430115182e-01,-2.669826454544203115e-02,1.980176712509036929e-01,1.561530661624011170e-02,-9.015795953995460466e-02,1.696649922160963497e-01,3.475162142891274897e-02,-2.781189854651445748e-01,7.568347625750143637e-02,-1.074532360472253839e-01,4.293406799201497925e-01,2.431442220224519224e-01,-3.310431335653614693e-01,1.666252246365494127e-01,-4.563255348853764160e-01,-4.969379226322963028e-01,-3.134664048472054487e-01,-4.303212479910417110e-01,3.653653869999953785e-01,-2.997416767185446737e-02,-1.253704410922382440e-01,2.293790379328544404e-01,1.006660609620313729e-01,-2.368919062317484947e-01,-1.241029818386789607e-01,-3.899234021407861350e-01,-9.359621437992152182e-02,-4.567400648040454425e-01,-8.609833309175510263e-02,-7.329017631438287245e-03,2.130543129785171241e-01,2.535928262284746770e-01,-2.575202638853905102e-01,3.254246245786736602e-01,1.200349526621322105e-01,-4.296401509645076389e-01,-3.510963276399154953e-01,-4.011783219200804607e-01,-7.579637960347956893e-02,-2.367756969262193589e-01,-1.586135284367132725e-03,6.975160154956884517e-02,-2.338295185356415451e-01
2.251886884010771139e-01,-3.720804866519876464e-02,1.159884018295724295e-01,2.099312152613778126e-01,2.663858115873977278e-02,-1.629038383917294774e-01,5.292340090092871874e-01,7.114394842325479085e-02,1.152371613135892148e-01,7.615941559557648510e-01,1.718864766034097769e-01,6.187221967138724077e-01,3.329254158747628201e-01,4.041647490395913755e-01,1.167687359044857487e-01,4.412500675494188673e-01,8.079873349262574056e-01,6.163226435947540827e-01,1.804926796236287212e-01,3.338411480045648805e-01,-3.100483159701203917e-01,3.300249336196125483e-01,-3.874905047577770212e-01,1.361069076845021764e-01,1.185804551535825091e-01,4.676727507098050185e-01,-9.054441738493002045e-02,4.466389033456172886e-01,7.344186357351488448e-02,2.071515753911967739e-01,2.892959823483903792e-01,4.359562590229938417e-01,4.709937106891419756e-01,5.241032960391039247e-02,-1.655928600265116346e-02,2.394669738870489756e-02,-2.276340526018920674e-01,1.843338765215134789e-01,-5.391314905538202584e-01,5.186152004099402468e-01,-3.433158922457342777e-01,1.654119501337972531e-01,7.601342547437167640e-01,8.449768654759216846e-02,6.221487573888461187e-01,9.545759994195703035e-02,4.792878307501375335e-01,1.917492273338932199e-02,8.501796096095839972e-02,4.943224831101940553e-01,3.390560555121880371e-01,1.296283101823425266e-01,3.559281196979688922e-01,-3.873948433113082457e-01,2.710129232397724963e-01,-4.869228095652256560e-01,1.448407412378780179e-01,-1.014047790089007972e-01,6.014200526686965670e-02,-1.750931867747862469e-01,4.666088255572760080e-01,-3.135390239215137681e-02,-1.444854040152652730e-01,2.174037039346470856e-01,2.662783437625086957e-01,4.140867362649649497e-01,-4.434416103078477334e-01,-5.539731181839228080e-01,-3.099617144921362755e-01,-2.054167547060889443e-01,1.636777147817153888e-01,6.205372798621966446e-01,2.988077820995574396e-01,-3.174692037121178423e-01,4.720169246276830766e-01,2.073038970622606211e-02,-1.803225802753081475e-01,-6.146430464283629824e-01,-2.728017492863496485e-01,-3.849130422509750571e-01,9.130826121029188280e-02,5.118566779335098627e-01,2.943842250042389211e-02,-2.751217080056923003e-01
-2.472266771215684833e-01,-2.925604964823233511e-01,7.486516725771650282e-01,4.182970044994484965e-02,5.105933342890514037e-01,-3.072998837453971288e-01,1.224008103524358848e-01,4.344487161516463747e-01,2.375107870878687411e-01,1.718864766034097769e-01,7.615941559557648510e-01,2.905725966869843746e-01,-1.444950881190907588e-01,5.432078875383944405e-01,3.436372126229764179e-01,-1.856468058596227599e-01,1.069006484952603198e-01,1.311230527998198114e-01,7.101859619857592287e-01,2.749481982612391184e-01,-1.031068809716755019e-02,1.883597544310428584e-01,1.666448351923165982e-01,-7.105328346652098337e-02,-5.391000425130841878e-01,-2.331592411550519606e-01,2.965718282908751391e-01,1.760102512304660693e-01,-2.777272213105944076e-01,1.509616181837827309e-01,6.749793829696580129e-03,1.985610209236531587e-01,2.046146337214554967e-01,-1.376040093284982557e-01,-2.718324364156741724e-01,7.256573649667240611e-01,-8.865333574377785852e-02,4.288191609841078833e-01,-4.817715209263706000e-01,-3.157220691261016648e-02,2.958461134306105134e-01,1.161399791510345919e-01,-8.374181016913278684e-05,8.935600014976328165e-01,3.363556891807235188e-02,-2.052673366532402621e-01,4.909429106313960567e-01,1.951795851970184459e-01,-1.427087358897678182e-01,-5.649693396229130832e-02,-8.916540743302381333e-02,7.129855211209915611e-01,2.110252277986242875e-01,-7.836748744071224404e-02,2.546066715235663080e-01,2.281738432576856934e-01,-3.207395580600787000e-01,-5.567957133525508473e-01,-3.597726433437026805e-01,2.147421303481328037e-01,3.978504789489245574e-02,-2.583456507604047214e-01,2.289142650397167633e-01,9.094097340916314220e-02,-6.973492225200289552e-02,-5.629820497917446863e-04,-2.407300660397305170e-01,-9.443420012315997076e-04,-2.067986112088144590e-01,-7.267221154242993475e-02,-1.514585565231209852e-01,3.028079850411326546e-01,3.509814224719314257e-01,-1.423917471771159182e-01,4.037280033906936461e-01,8.045511570725923101e-02,-2.011606401435486746e-01,-1.685923094256223664e-01,-3.275203178852602037e-01,-1.247011236876171270e-01,-1.010924937785836752e-01,2.113834783758899716e-01,1.466623400932386967e-01,-2.176550196094941825e-01
3.317734117503530478e-02,1.970500448822286310e-02,9.739872143215445865e-02,1.688356246412294204e-01,2.214737819145683739e-01,-1.126383302861689306e-01,3.154706409592380467e-01,2.763540383586277072e-01,1.560556359790257197e-01,6.187221967138724077e-01,2.905725966869843746e-01,7.615941559557648510e-01,2.178991444018388846e-01,2.489178979837234351e-01,1.569997711266555018e-01,5.971660138803242673e-02,5.747712188830308433e-01,4.816009741634973418e-01,3.528446468875428566e-01,2.533192321590637675e-01,-8.793326818352563412e-02,1.918621676937017351e-01,-1.933609819195366564e-01,3.644148456685494808e-01,-3.658356063151335102e-01,3.627645654453233726e-01,-1.246953590563256303e-01,4.084339906699139822e-01,-7.941869448234645246e-02,2.620280478463457019e-01,2.292661961669432424e-01,3.139829205327736572e-01,4.001698839848829570e-01,8.524640316709189425e-02,1.887095728857678470e-02,1.202478915819434890e-01,3.732212847501618219e-02,3.034985484953176549e-01,-3.678290140252961637e-01,1.812352787300758050e-01,4.874554189628468176e-02,1.906159351565969440e-01,6.404190179204429789e-01,2.403794355643963099e-01,7.120147823371910656e-01,1.037564660240109793e-01,4.306171829969852594e-01,7.197866730918408944e-03,6.241007011996672210e-02,3.675789256380342929e-01,3.184057429741329326e-01,2.895507781303217065e-01,2.949439093166713599e-01,-2.785160719372343774e-01,2.060833955565268827e-01,-2.231990480358748974e-01,2.180603344734892701e-01,-2.903250748515374680e-01,8.843410030213598449e-02,-1.981470831237268637e-01,4.147973645098675388e-01,-1.488708403221294108e-01,3.053834497200789977e-02,1.074099954702618098e-01,1.873330314527824336e-01,3.870436185308177013e-01,-1.867917695357171337e-01,-3.669441277802464874e-01,-2.481614951916988610e-01,2.096595955936430833e-01,2.204641312273708520e-01,4.353119934891873655e-01,2.780376971588414126e-01,-5.914864669218820176e-02,4.512447499514776750e-01,1.303023072104093349e-01,-2.472849351784679739e-01,-3.859144645523274186e-01,-1.613596931239543730e-01,-5.424728505188523148e-03,-5.380652959483148839e-02,5.003331217462900771e-01,2.359334326208771260e-01,-1.686116559489251876e-01
6.994194749253862531e-01,-5.724908503425586437e-01,8.483773395979414544e-02,3.205454190904649669e-01,1.412454154408088747e-01,3.856772935221106091e-01,7.452550207174192254e-01,-3.972059833991866684e-01,9.033771683882682590e-02,3.329254158747628201e-01,-1.444950881190907310e-01,2.178991444018388846e-01,7.615941559557648510e-01,-1.747604084000893843e-01,-2.468539081365823118e-01,1.342862254423506929e-01,5.819476602302251500e-01,3.563302251302838397e-01,-8.088934745337111355e-04,2.046194038777714996e-01,-5.686417563551142695e-01,1.499566354046690531e-01,-3.903588244426667853e-01,-5.462685864088681065e-01,-1.753966462551245547e-04,4.392928128442141061e-02,3.533227603294665509e-02,6.502717445428580767e-01,4.017374683387100465e-01,2.315366728272910124e-01,3.043844583785668134e-01,3.420612230713293012e-01,-2.148071127328745056e-01,5.403906695948723637e-01,-5.208992707795384591e-01,-3.862977673205193752e-02,-8.349911438846185918e-02,2.155623619654606637e-01,-3.701193375223575666e-02,5.321955118590031564e-01,-4.867661849617299641e-01,2.660516444790917423e-01,2.091000116866542080e-01,-2.022708497944202821e-01,-4.412818988486558874e-03,5.395019437814623231e-01,4.138292190788279284e-02,-2.703052503903116688e-01,3.134307037361905302e-02,2.729501537835019032e-01,5.729948270657907877e-03,-4.722912997323872042e-02,3.656544763981270374e-01,-5.843934866881586032e-01,2.941208115517709998e-01,-5.230308894545214748e-01,-5.553107856050526481e-01,-2.578949196209816552e-01,-2.866999416336155071e-01,3.242046287247053044e-02,5.680282166809907940e-01,2.354444078313991662e-01,2.544371423396781795e-01,2.818867270415608695e-01,2.863288584780508961e-01,-9.034126615381841974e-02,-1.953337125601225799e-01,-3.811954638043923427e-01,-5.172155247929051125e-01,-2.889921562671747268e-01,-2.617833533165555768e-02,3.701753830105971588e-01,2.892384900232530809e-01,-2.430734965713065576e-01,1.287364669163207909e-01,1.199961492338736252e-01,-3.463552139462667406e-02,-5.960769361427135093e-01,-4.388294762892644973e-01,-1.777009361325237735e-01,5.665780931451856739e-02,1.994615915634421477e-01,2.663511070440130815e-02,-2.375865974030455241e-01
-2.327154071983974226e-01,-7.396216544080566613e-02,3.023437505605157671e-01,1.474821078290329823e-01,4.460147912315274299e-01,-6.081925243479575222e-03,-2.511365518007815587e-02,4.135481056933631994e-01,2.399791755355374923e-01,4.041647490395913755e-01,5.432078875383944405e-01,2.489178979837234351e-01,-1.747604084000894120e-01,7.615941559557648510e-01,8.312308586736449900e-02,-8.252341741206031811e-02,3.177917088529957357e-01,1.228496806812281600e-01,4.128845059212992719e-01,1.528702860528349528e-01,7.290163765305512911e-02,1.025850367559357768e-01,1.024285297408876055e-01,7.202669241532744238e-02,-3.083814012242805380e-01,-2.804776289394070310e-01,-6.284248567785799544e-02,-9.429624374825081035e-02,-3.114560169503173270e-01,7.872052038305583574e-03,-1.010097850567933525e-01,-1.788271024342343030e-02,3.816682262817062132e-01,-2.000124907474229163e-01,-3.854512311217964116e-02,2.022954637355539043e-01,6.841633945249213367e-02,4.432796420339137344e-01,-8.329972770466143039e-02,2.720642146665857089e-02,2.899236524977463203e-01,1.478313601425972346e-01,3.206160250697500103e-01,4.436447353259593274e-01,4.044975080042214066e-01,-7.453946984852503899e-02,6.266949844429327010e-01,-5.880521260278702422e-02,-1.177031316805201011e-01,3.069748062477231643e-01,4.361045148950928874e-02,3.320663578597630172e-01,3.383656382769725107e-02,3.693339529922403525e-02,8.759527937010698484e-02,1.398777265810470793e-01,-6.318446577737209247e-02,-2.594518436456528243e-01,-1.535703245962071473e-01,-1.194572068124868380e-01,-6.991912381587683800e-02,-2.044228708369442427e-01,1.889376671563314514e-01,1.943348597530365485e-01,-5.086866959159147550e-02,2.281103561810604585e-01,-2.109380867557240358e-01,-1.398159835943782181e-01,-1.740719970608377853e-01,-1.565746407085189806e-01,1.326654034164721496e-01,4.258129456392545920e-01,1.939640301467717431e-01,-2.995717841439719531e-01,1.501459400778108466e-01,2.187548434609658532e-01,-3.149463880016612483e-01,-3.328839334587015142e-02,-1.244574525843112345e-01,-2.776720891171929329e-01,1.895148710767680100e-02,3.958558340771257678e-01,2.284871954034951250e-03,-2.516242964136389260e-01
-1.981136072187826835e-01,1.910660055170322336e-01,3.835291689399439874e-01,-1.396113022722928199e-01,1.467834493937039408e-01,-4.093181632377313472e-01,6.814971709475365139e-03,1.408520874894144681e-01,5.078422697709708555e-03,1.167687359044857903e-01,3.436372126229764179e-01,1.569997711266555018e-01,-2.468539081365823118e-01,8.312308586736447125e-02,7.615941559557648510e-01,5.221564195435694777e-02,1.005260591384185276e-01,1.140039392284352832e-01,2.834090247473341484e-01,5.729734223788701675e-01,4.223373253455900422e-01,6.047123173031853094e-01,3.793682245383663693e-02,4.650441564222650148e-02,-1.731739178168774651e-01,1.982321195499302247e-01,3.255401315488673508e-01,2.100888692692660653e-01,2.571323145944623967e-01,6.284214001321791754e-02,-1.302645860378220388e-01,5.779783513504263004e-01,3.825255607408515335e-01,-7.239811524758651973e-02,3.182530213746949110e-01,5.185517392063261344e-01,-1.824785970776759414e-01,8.081003586738266797e-02,-5.002086676746880789e-01,5.588258982162645078e-02,4.546722135308108037e-02,2.764471808786049534e-02,2.363640919065286283e-01,4.108661570317459488e-01,1.184675479903747053e-01,-9.153684828096778081e-02,2.918116872595282185e-01,8.475562654984346578e-01,9.557337961522818781e-02,1.420933911440017683e-01,2.029808143535358489e-01,3.583524271518506721e-01,4.149935351903636382e-01,3.977869744404019525e-01,5.395548589304517417e-01,1.794819994860957779e-01,-2.369503476788575869e-02,-1.116137522487302275e-01,1.446025536276403511e-01,2.887579196927541614e-01,2.158996539752981170e-01,1.060110647938592027e-01,-6.473484396934901797e-02,-1.280698449374373660e-01,3.151084208135805920e-01,2.534563055964724199e-01,-3.336518484060385648e-02,2.400167553781630200e-02,-8.979733764246859706e-02,1.909199185006324809e-02,-2.117673975010845866e-01,7.137470241266420656e-02,3.991981454147510572e-02,5.355966411272863187e-02,2.537245059010317383e-01,-1.571718844780404245e-01,2.343140064089309915e-01,1.264289324201541276e-01,-2.870131608780239207e-01,4.892011027706578280e-02,-8.040508601480930717e-02,1.960930603634443159e-01,2.882681076866124292e-01,-1.319484474185000367e-01
4.696466935072153293e-01,6.597617548758238915e-02,-9.256914237225280506e-02,-1.620547190724743458e-01,-2.012374564977882641e-01,1.677778895374453516e-01,1.137525015569099823e-01,-1.849200273691392893e-01,-1.414329404497677647e-02,4.412500675494189228e-01,-1.856468058596227599e-01,5.971660138803237122e-02,1.342862254423506929e-01,-8.252341741206031811e-02,5.221564195435697553e-02,7.615941559557648510e-01,3.156711602442897058e-01,7.835384818285678898e-01,-9.996956057526885930e-02,1.358555052163332721e-01,1.053628905868936455e-01,3.517129617718398049e-01,-2.169404771665648379e-01,-1.070853282431390441e-01,3.571346884665553278e-01,4.659429133568698256e-01,-2.241232775590508430e-02,2.847688872751917843e-01,5.019445957835462213e-01,1.957441182486294451e-01,7.654046992963434159e-02,2.703648794611397954e-01,2.341104363710626302e-01,-1.101530569548170857e-01,1.761214513539099968e-01,-9.478180312464476454e-02,-3.855428449666165568e-03,-2.761888777700053366e-01,-2.863921970311330001e-01,5.243586778992761349e-02,-3.018677216113871409e-01,4.347648074303988447e-02,1.303226062239596639e-01,-1.996410791314724709e-01,1.403115524077110932e-01,-4.226292512444001365e-02,4.590536281959308601e-02,2.246927205660996518e-01,3.127176471587389539e-01,2.234388891780856867e-01,3.198552110940637294e-01,-5.780913949119986101e-02,1.736000964295155713e-01,1.373305694390579701e-01,1.794295404891526058e-01,-3.640299258862220722e-01,-6.307187336666443545e-02,1.810917435812383902e-01,6.099000914481823854e-03,-4.536099921779524619e-02,2.407923538046012057e-01,3.183845439070209227e-01,-3.233310679209416838e-02,5.306056998094094146e-02,3.658354153586728663e-01,2.205509059332393385e-01,-2.581620328635007566e-01,-5.612917560147294427e-02,-1.615664580772376568e-01,-2.122251023827417468e-02,-8.167185229438642113e-02,1.651329412613914693e-01,-4.045441304082839085e-02,-2.321030666598565273e-01,2.636082211895864336e-01,-5.648168905038126325e-02,9.629411894260275773e-02,-2.341963652467801693e-01,-1.438527837567888379e-01,-2.024553370655487738e-01,2.238920971539795357e-01,1.482638521390155506e-01,-2.207342746683060020e-01,-1.067756276626275064e-01
3.652016600566490578e-01,-3.146181065827191037e-01,4.728170929535463474e-02,3.214481166773514031e-01,1.897769166312223976e-01,2.580652430233237316e-01,5.241757414659616865e-01,-1.196559352549936561e-01,2.372144212824678355e-01,8.079873349262575166e-01,1.069006484952603475e-01,5.747712188830308433e-01,5.819476602302253720e-01,3.177917088529957357e-01,1.005260591384185553e-01,3.156711602442896503e-01,7.615941559557648510e-01,6.097636999800516433e-01,3.055055082694858037e-01,3.988010638706765421e-01,-3.448558258932750142e-01,3.119552595229554970e-01,-4.253203538801826888e-01,-1.779686279657073933e-01,8.281118993323828559e-02,3.824277863815718215e-01,-4.547843399103444761e-02,3.513036446560731108e-01,1.718910075669429216e-01,3.435175650807046899e-01,4.049939551988687714e-01,3.430547951184100275e-01,2.201313361796425894e-01,-2.864362783064073117e-02,-2.288829647578011217e-01,-1.478166569763892171e-02,-2.831516291074344105e-01,2.020693968301194021e-01,-4.036971238419487240e-01,3.794476602858927738e-01,-3.941989079987106570e-01,2.883556828936391092e-01,5.743208856405828122e-01,5.709050637228584718e-02,5.489441330830904242e-01,9.243969154384865106e-02,4.439932892871708559e-01,4.081137630844499514e-02,-1.104208747399553353e-01,5.509056342433736875e-01,3.003654584351074519e-02,2.711412292347572528e-01,4.346356140816341473e-01,-4.408503979247387905e-01,2.597776724841842078e-01,-5.219355625353575556e-01,-2.419875833801518050e-01,-1.920034742441708298e-01,-8.245204110923758101e-02,-1.298012372397053527e-01,3.060716702386675481e-01,-3.132055501339338355e-02,-5.808133343220359818e-02,1.030192168556306326e-01,2.938186368888132671e-01,2.476758377932496147e-01,-3.307003239090827162e-01,-3.911058295221264691e-01,-5.210787420834275263e-01,-2.855267263675421163e-01,2.164889712448213044e-01,5.617172076554849403e-01,3.065616984657634769e-01,-3.798664354800396215e-01,3.344921821002210804e-01,-4.919129132050149150e-02,-1.379114239833230671e-01,-5.312096873058382851e-01,-3.777104981648681803e-01,-4.019664136136964494e-01,-6.024897583878286583e-02,3.440548472985435757e-01,1.089215176439941798e-02,-3.849363832680764430e-01
6.615143563127509063e-01,-1.626601356898780826e-01,1.824860319339376702e-01,1.164767880249434617e-01,1.293712168584364997e-01,2.224664233582122064e-01,3.718734470021381466e-01,-7.641944670239728121e-02,3.290307536171437897e-01,6.163226435947540827e-01,1.311230527998198114e-01,4.816009741634973418e-01,3.563302251302837287e-01,1.228496806812281461e-01,1.140039392284352693e-01,7.835384818285678898e-01,6.097636999800517543e-01,7.615941559557648510e-01,1.979963948835480880e-01,4.513120829820173041e-01,-7.912329053496691689e-02,4.900687555563433828e-01,-2.771434872786638359e-01,-1.502914315517586141e-01,1.439821364001324100e-01,5.042166127971454692e-01,7.628059189779937133e-02,5.881699064204165550e-01,4.550425868392726780e-01,3.793179355317342072e-01,2.853137496027011166e-01,4.368478748020076519e-01,2.310747127928440836e-01,9.072417047712656724e-02,1.049189529583657160e-03,2.019562797002177057e-01,-2.652051221511408582e-02,8.885790639263280166e-02,-4.230789672093793752e-01,1.867004507113901868e-01,-2.150301651571726314e-01,4.272454694996223878e-01,2.784260975688512274e-01,1.100054406378147553e-01,3.925679265531369921e-01,1.265932755906303865e-02,3.794607704197147102e-01,2.005957417949460198e-01,7.609721308352287994e-02,3.030189764258162111e-01,1.496592991706569009e-01,2.108816428463706205e-01,4.633512156609081445e-01,-1.380938716997086868e-01,3.809341183869228709e-01,-3.798032601124627927e-01,-2.484641409962442260e-01,-1.365662855035979228e-01,-1.506766179220083157e-01,3.617916583304330025e-02,5.078103815759873463e-01,1.460774533345438331e-01,1.171221918897313446e-01,1.324397357364464622e-01,3.792276994114814892e-01,1.973616993576425005e-01,-3.075114476544441033e-01,-1.514119475939509074e-01,-3.845394716467673280e-01,-7.463949125998203815e-02,6.233670144267496743e-02,4.726553625570397710e-01,1.723583446445688394e-01,-3.117431051372542283e-01,4.005564852238929774e-01,1.283175125132307061e-02,-5.008883233247334726e-02,-4.164367678885533275e-01,-3.196321189899988813e-01,-2.276666426830815104e-01,6.384001635041648692e-02,3.537742595375022447e-01,-1.422014935003010003e-02,-1.793013964744490096e-01
-1.303625233927549476e-01,-3.770326500348282206e-01,6.123704899898495535e-01,6.468753456059585238e-02,4.154779790236986514e-01,-2.190382448638963919e-01,9.678004588819606735e-02,1.443091142190194576e-01,4.838816828853519381e-01,1.804926796236286934e-01,7.101859619857592287e-01,3.528446468875429121e-01,-8.088934745337111355e-04,4.128845059212992719e-01,2.834090247473342039e-01,-9.996956057526888706e-02,3.055055082694858037e-01,1.979963948835481158e-01,7.615941559557648510e-01,2.400793862131885559e-01,-3.046882404536825351e-01,1.605561801731184013e-01,-1.683846626864779483e-01,-9.379816683837220725e-02,-4.109285360603519011e-01,-1.823887593736158996e-01,9.376017606780742697e-02,2.427666297306881327e-01,-3.239372455720209154e-01,6.853842097231101216e-02,1.387284750213851614e-01,2.558921417801668929e-01,1.673889119255737024e-01,-1.566251966791399886e-01,-3.393824467926626620e-01,5.404275401461690054e-01,-8.645057577538665938e-02,2.716336914142815639e-01,-5.528335683322591620e-01,-2.670148056112345292e-01,5.531170155547207590e-02,3.246505934288999029e-01,2.201485081483854286e-02,6.342573592162248364e-01,4.463272100762852995e-02,-3.562460559529605497e-01,3.047321440031703910e-01,2.005583422685867090e-01,-2.156004112096977232e-01,-1.172230860630381344e-01,-1.801337259541457847e-01,8.897684817549121883e-01,2.502700365294520668e-01,-3.505454484402867332e-01,2.263986166097711472e-01,-1.376923503121358361e-01,-3.107149089589705815e-01,-5.922986659544375865e-01,-4.043286071733511178e-01,5.380744492415019921e-06,4.135047815729103043e-02,-4.011164872084335142e-01,1.245834841204085663e-01,-4.062242018502985191e-02,1.172782599934061865e-01,-5.392686545044928295e-03,-4.054355226026601922e-01,-2.224242918292490823e-01,-4.168366269105752142e-01,-3.594583203617625622e-01,-1.314086346059821775e-01,1.279655222348801691e-01,1.261205004957851594e-01,-1.692077020382360408e-01,1.751078665780274324e-01,1.258170637425778393e-01,-2.842311329579442214e-01,-3.596894650350773159e-01,-4.930710360941001902e-01,-4.290055820771502826e-01,-2.828600486222619947e-01,-2.380005075108777152e-02,-9.206068597515455754e-02,-3.993947042214889276e-01
2.583344452522535195e-01,-2.462435574845779629e-01,4.728998606096418977e-01,-8.867833896575616145e-03,2.804706984325810448e-01,2.412306366723485779e-02,4.501631792277031585e-01,-1.607078558642077021e-02,2.834691282203623541e-01,3.338411480045648805e-01,2.749481982612391184e-01,2.533192321590637675e-01,2.046194038777714996e-01,1.528702860528349805e-01,5.729734223788700564e-01,1.358555052163333277e-01,3.988010638706763755e-01,4.513120829820172486e-01,2.400793862131885836e-01,7.615941559557648510e-01,-3.993740671744638177e-02,8.419726182223798983e-01,-2.120935546082660106e-01,-2.734200321490714014e-01,-9.792279956015280395e-02,1.581839774470887583e-01,4.729345682418477637e-01,4.645781498120568620e-01,5.030178425063807079e-01,1.837916013599537879e-01,8.522527915126082432e-02,6.544462883033016487e-01,2.773067262290516699e-01,3.102287405373335347e-02,-6.388515005042097808e-03,5.721550025047144050e-01,-1.641383324697262835e-01,2.477812494329048598e-01,-3.509522645409363650e-01,3.256571605282300164e-01,-1.235704122662380222e-01,3.154986667607898587e-01,2.600225653967515593e-01,3.142955316197581506e-01,8.286583374824535442e-02,1.075696140543679902e-01,3.544630856027766730e-01,5.725793209195756406e-01,-1.945726545515823747e-01,2.435239813974881817e-01,8.328683455383599499e-02,2.678306512809308648e-01,8.201047957116367471e-01,-5.092669533652693925e-02,6.277696058079109687e-01,-1.234007547230406843e-01,-3.677102825613461357e-01,-2.366357087684388960e-01,-2.089771514603634139e-01,3.288806723718887826e-01,4.532408503702133884e-01,1.536618215390481157e-01,1.577106115103891759e-01,2.574826648977573407e-01,3.226938744027527117e-01,2.633124983480646386e-01,-2.019129894350339960e-01,-1.360536622433229648e-01,-4.045652718402518166e-01,5.607589272017422972e-03,-2.885593117204871549e-01,2.758226946531537327e-01,2.646953552600259663e-01,-8.769336559233015249e-02,4.279856304999686278e-01,5.481651819878351206e-02,1.412729125850877565e-01,-3.516754993838089316e-01,-3.441748097802594386e-01,-9.246787364642776452e-02,-1.064079663231280587e-01,1.599350637230693983e-01,2.288127163299682187e-01,-1.840553208405342200e-01
-3.905780144835760415e-01,4.539218889636897347e-01,-6.228543438054016945e-02,-2.586259014929809252e-01,-9.888941850036159220e-02,-1.741823634766503925e-01,-4.889633622087459219e-01,4.772760774930170924e-01,-3.441782909696197712e-01,-3.100483159701203362e-01,-1.031068809716755019e-02,-8.793326818352566188e-02,-5.686417563551143806e-01,7.290163765305512911e-02,4.223373253455899867e-01,1.053628905868936871e-01,-3.448558258932750697e-01,-7.912329053496695852e-02,-3.046882404536825351e-01,-3.993740671744640952e-02,7.615941559557648510e-01,1.170867458955682922e-01,3.969506983118117893e-01,2.892307378380142846e-01,-8.888664342857081901e-02,4.377081304090177372e-02,-3.119682025450272803e-02,-2.990545061227463108e-01,-1.044963244308928646e-01,-1.766069222441790099e-01,-2.745387382432407097e-01,5.506155419544495055e-02,3.222012763022914505e-01,-3.513368519232526466e-01,4.234724326585433962e-01,2.183355371245398677e-02,2.179740634273776290e-01,-1.828950148133416664e-01,-2.177057996528049821e-01,-4.286088878738161800e-01,4.777694880773842856e-01,-3.519212251910981415e-01,-3.447992563976565727e-01,8.144994365087902810e-02,-2.887479792219710493e-03,-3.542918653384482530e-01,-3.461847176101622708e-02,3.865457126940535781e-01,-6.912937533596595630e-02,-2.311007005350227406e-01,-3.378435446305312617e-02,-2.141939928841105900e-01,-1.794542333816428747e-01,8.140303860568499639e-01,5.000689586852925805e-02,3.957756253051098461e-01,2.635928556509810616e-01,9.314243336678159138e-03,7.740768156539352962e-02,-2.618487657373561386e-02,-2.133573453417555166e-01,-3.048361982284429963e-02,-1.324934978580371847e-01,-2.758659681250611451e-01,3.442177459259689043e-02,1.683840742601221963e-01,-7.037947165011586292e-02,3.104722089895955439e-01,1.491348035941181538e-01,1.479296069468332420e-01,-4.882453156809056505e-02,-3.714605132779544294e-02,-1.967281397343330074e-01,1.643474820785431612e-01,1.279036617421754340e-01,-1.350006934638169898e-01,1.276748969654100396e-01,3.509129594320664070e-01,-2.031619289023472996e-02,4.496947611406549444e-02,-8.802666063238989702e-02,3.401863130134348545e-02,-5.709402666833594819e-02,1.733956376027087909e-01
2.910576607064943588e-01,-1.975751042117799838e-01,3.657403832375396568e-01,-6.702304683017545894e-02,2.100188262851417076e-01,6.761781732918002242e-04,3.796803749243382597e-01,-9.456638999180048966e-02,1.871977672979834029e-01,3.300249336196125483e-01,1.883597544310428584e-01,1.918621676937017351e-01,1.499566354046690808e-01,1.025850367559358045e-01,6.047123173031855314e-01,3.517129617718399159e-01,3.119552595229554415e-01,4.900687555563433828e-01,1.605561801731183735e-01,8.419726182223798983e-01,1.170867458955682783e-01,7.615941559557648510e-01,-1.764365153739181624e-01,-2.959774248704726829e-01,-1.040236043654110126e-01,1.817167159148541100e-01,3.934991914249995615e-01,4.439661507396661655e-01,5.727736880993683499e-01,1.268942651168641911e-01,4.630869335296766698e-02,6.556929530552766394e-01,3.458052391366534528e-01,-1.046668605323942090e-02,9.994997812418009164e-02,4.383953822147180768e-01,-1.638943888727290854e-01,1.097291130620412364e-01,-4.031784147972096166e-01,2.596460996815079247e-01,-2.164359819581434252e-01,2.151950225642298431e-01,2.292454308256569595e-01,1.317902881125290748e-01,3.531335934636444657e-02,3.893987669759874418e-04,3.225504641161501818e-01,6.438301499750098689e-01,6.499744006722210643e-02,1.091050738915933654e-01,1.094080558672201053e-01,1.771927364149646078e-01,6.593732308386945906e-01,1.015781693737347752e-01,7.116757155573022464e-01,-1.528114203259992587e-01,-3.705348369094637051e-01,-2.575040765620305594e-01,-1.381438831497507902e-01,2.532642497105639379e-01,3.618804882372015364e-01,2.746055134050363611e-01,8.045176207481870290e-02,1.927816634633037762e-01,3.785130857262450910e-01,3.209199387966152894e-01,-2.875804929176737357e-01,-1.111850271385155658e-01,-3.668771370505716223e-01,2.301346451648558777e-02,-2.561239213845099560e-01,2.792975994558638542e-01,2.423265020147059023e-01,-9.027137020590533800e-02,4.829097900698902102e-01,4.816052636252129288e-02,1.268142466101208621e-01,-3.172203813686070295e-01,-3.624962409470521285e-01,-7.742010337136692733e-02,2.379053066678397943e-02,1.686146546521142542e-01,3.319849023699698171e-02,-1.995505269093373335e-01
-2.490408952423487643e-01,7.561611672035985221e-02,3.099195667007142441e-01,-3.945775252211171091e-01,-1.925084574649659486e-01,-1.618307581478952706e-01,-4.156177185793830664e-01,6.576498283415131985e-01,-5.642752657732296173e-01,-3.874905047577770212e-01,1.666448351923166260e-01,-1.933609819195367396e-01,-3.903588244426667853e-01,1.024285297408876055e-01,3.793682245383660917e-02,-2.169404771665648934e-01,-4.253203538801827444e-01,-2.771434872786638359e-01,-1.683846626864778651e-01,-2.120935546082660106e-01,3.969506983118118448e-01,-1.764365153739181069e-01,7.615941559557648510e-01,1.336544842592866100e-01,-8.097057800999288291e-02,-2.116658519820392714e-01,-5.002409879870713116e-02,-6.292540725336821794e-02,-2.019249178652970655e-01,-4.602013107140419113e-01,-4.272504009626738597e-01,-7.021781371960604534e-02,-1.197829837960594362e-01,-4.387453538054498364e-02,-4.265640083951822981e-02,2.357011290981073093e-01,7.811891074949431357e-02,-2.271431526174544635e-01,2.414123069136790700e-02,-5.047657419203636087e-01,6.366619146144644192e-01,-5.913661263929502754e-01,-4.266772253429494954e-01,2.068282671073439216e-01,-3.717608793565461700e-01,-3.230006877387235908e-01,-6.976949190272860313e-02,-2.140688651112548566e-02,-1.295730491541447205e-01,-3.957439463342802832e-01,-2.336619511590249110e-01,-8.709041499625480576e-02,-2.438728950382501315e-01,3.108934637429068837e-01,-1.773926840659499349e-01,8.537798549718000896e-01,-1.693004599080707301e-02,-1.361073486556640122e-01,-2.565349175375253865e-01,-2.729188844624833576e-01,-1.710935789397275975e-01,-3.263128747966618226e-01,-1.112283727988390980e-01,-7.513633606785273533e-02,-8.148978431642793507e-02,-1.726357013833363652e-01,3.707467514231634759e-02,1.424217943595091351e-01,1.709736978971975463e-01,4.118954072992056514e-02,-2.377027579804939228e-01,-3.570710500269480558e-01,-2.528090393631400867e-01,1.622493970014650400e-01,-2.830470718062624846e-01,2.054627265248777266e-04,1.411012022174161773e-01,2.237085456085078916e-01,2.092866289821620207e-01,-2.125533660158341817e-02,8.901567928085923898e-02,-2.177806454332387454e-01,-1.640212859882300700e-01,1.542044277348352810e-01
-5.642317642165171065e-01,6.865563523797250101e-01,-2.544536753500267756e-01,-2.517506134215062863e-01,-3.615446132069675689e-01,-5.511784312622686199e-01,-5.674131617417625950e-01,4.562050769463927291e-01,-2.983484472684980182e-01,1.361069076845021486e-01,-7.105328346652101112e-02,3.644148456685495918e-01,-5.462685864088681065e-01,7.202669241532741462e-02,4.650441564222648760e-02,-1.070853282431389747e-01,-1.779686279657073378e-01,-1.502914315517586419e-01,-9.379816683837220725e-02,-2.734200321490714014e-01,2.892307378380142291e-01,-2.959774248704726274e-01,1.336544842592866100e-01,7.615941559557648510e-01,-5.852260368852746364e-02,3.463663496436822919e-01,-4.464875045730165581e-01,-1.713131423618058369e-01,-4.734762337060155479e-01,-3.555600849598902213e-01,-7.034114511896355504e-02,-9.836109296921975720e-02,4.302849154772491747e-01,-1.840487980996113604e-01,5.506017998103842626e-01,-2.552765489103068774e-01,-4.021796916469419503e-02,-1.803128607889998014e-01,-3.000467304049959094e-01,-3.224806913347668669e-01,3.205125704937188957e-01,-3.162475537562366990e-01,2.889875020922133553e-01,2.085566854969952977e-02,4.713236713061355054e-01,-2.416310308516419203e-01,-1.295157570877452091e-01,3.760359801094311644e-02,1.718391635179272736e-01,3.901082324689578162e-02,3.095711360635070020e-01,-9.135127633346858123e-02,-2.104394094511814473e-01,2.343091658912723474e-01,-9.923727711149782360e-02,1.130555777858351235e-01,8.818126173716552829e-01,2.773328869346330938e-01,4.648448347216521670e-01,-4.432505155909833849e-01,-5.000660077950487559e-02,-2.813318750295147330e-01,-4.802001439118275261e-01,-2.521525060418426945e-01,9.834649486199363577e-02,3.860803214432601549e-01,-6.925448987125767952e-02,-1.968185385165097667e-01,2.887410365731428175e-01,1.359914432628157310e-01,6.514942082661694112e-02,-1.482416112182676216e-01,-1.792927437956297332e-01,2.369306649811432630e-01,-2.492091243303493769e-02,4.624476705114860531e-02,-1.040830620323834749e-01,7.409991422001567518e-02,7.856801751276409895e-02,1.116026568247674988e-01,-5.530221057594274237e-02,8.502895559627117114e-03,-1.594669226490403116e-02,1.673806895674109785e-01
1.529430518953563412e-01,2.984972740064029822e-02,-2.764663449177715560e-01,-1.354899621841290924e-01,-4.673365792942489327e-01,2.610749828351172641e-01,-1.613876547571186371e-01,-2.601399145903788845e-01,-1.729303384754163064e-01,1.185804551535824813e-01,-5.391000425130842988e-01,-3.658356063151334547e-01,-1.753966462551106770e-04,-3.083814012242805380e-01,-1.731739178168774651e-01,3.571346884665553278e-01,8.281118993323829947e-02,1.439821364001324377e-01,-4.109285360603520121e-01,-9.792279956015280395e-02,-8.888664342857080514e-02,-1.040236043654109849e-01,-8.097057800999275801e-02,-5.852260368852740813e-02,7.615941559557648510e-01,1.948438987784422705e-01,-1.655084367217383168e-01,8.776541713282300095e-03,2.260986552984015630e-01,1.844611807034908513e-01,-1.071350209386081331e-01,9.113108757015365990e-02,-4.951956739449446532e-02,-4.296570169004896439e-02,9.036851733231367201e-02,-3.896476078131473342e-01,-1.340100552137320766e-01,-4.432177353250603691e-01,3.709245908387615465e-03,-1.833606975172657194e-01,-3.346690395186587841e-01,-1.265769475561312474e-01,-1.667536033617098290e-01,-4.174128531544324394e-01,-2.168526727491896788e-01,-7.969066861065461638e-02,-3.138138985387293745e-01,2.920403844246974648e-02,3.496547195516693657e-02,2.850024696846378131e-02,-4.026720823316770788e-03,-4.065118688973319849e-01,1.081811323455349472e-01,2.285201580827992546e-02,-5.515733148778214495e-02,-2.594504762401479425e-01,-4.088402217738518196e-02,5.589256981627096499e-01,-1.416845950065037385e-01,-1.452481322066939418e-01,6.133349286781440701e-02,2.679567379430857210e-01,-3.423860574621635094e-02,-2.408941027265501245e-01,2.567780060824765287e-01,8.806090821943608760e-02,-3.437837592896773875e-02,-9.783077200721430888e-02,-1.848963561303346992e-01,-1.453292506109459536e-01,3.773751270567814176e-02,-2.154119690636381590e-01,-3.723832499558806242e-01,-8.005266196037633120e-02,-7.730209471647629671e-02,-7.456515613296546552e-02,1.954023950864756665e-01,-2.834018024078376330e-01,9.791547607482258345e-03,-1.044140738235378174e-01,1.762642975999622608e-01,-4.226150597409065734e-01,-3.010492365221482669e-01,-1.056114361016729022e-02
1.898727560164439332e-01,5.043234929708469982e-01,-9.317714711551455808e-02,-1.727296126436246027e-01,-3.989399321682165489e-01,-1.631028035776535268e-01,-9.339962187378028635e-02,5.964777877723623049e-03,-2.576373669536350386e-01,4.676727507098049075e-01,-2.331592411550519328e-01,3.627645654453233726e-01,4.392928128442142449e-02,-2.804776289394069755e-01,1.982321195499302802e-01,4.659429133568698256e-01,3.824277863815718215e-01,5.042166127971453582e-01,-1.823887593736158996e-01,1.581839774470887583e-01,4.377081304090180841e-02,1.817167159148540545e-01,-2.116658519820392992e-01,3.463663496436822919e-01,1.948438987784422705e-01,7.615941559557648510e-01,-3.226620439572708277e-01,4.471397858714330487e-01,2.136784214252336889e-01,1.639151453936464886e-01,8.499646868391604049e-02,4.346069810234519104e-01,3.606170066825574172e-01,1.365133298114756810e-01,5.738564406765385151e-01,-7.852505043266007345e-02,-2.215911735534947247e-01,-2.945335125831798906e-01,-4.114945423684515102e-01,8.475553603815877705e-05,-1.747995598400130524e-01,-9.929137565305325153e-02,3.150144411568628899e-01,-1.628586111868007280e-01,3.696851668194030549e-01,-2.555358584670905722e-02,6.612688868703625600e-02,3.842062851566742099e-01,3.155738360629782302e-01,2.991236524995730672e-01,3.795322836194914284e-01,-1.486446569471369661e-01,3.880697321644571707e-01,6.832206040702293315e-02,3.664735412699095529e-01,-3.171953959044496174e-01,2.970970711667144104e-01,1.050735137395612112e-01,4.949162777865791507e-01,-1.241536857227291402e-01,4.982857778830355189e-01,2.266353586563900346e-01,-2.681470860629937003e-01,1.599962996289520586e-02,5.514879936433375596e-01,5.055290788613665542e-01,-1.193357643508355936e-01,-2.541506315857284815e-01,-1.245880441057657384e-01,1.638461261711168515e-01,-1.003962438617032743e-01,6.913483522255574332e-02,-1.769033737253182803e-01,8.159500699396665668e-03,1.661338194338573548e-01,8.989187691404956770e-02,4.687891389468779035e-02,-2.113663809137513727e-01,4.106332501829691381e-03,1.455883663024187535e-01,1.938917435487066271e-02,1.131069693530425274e-01,-4.372483036794806016e-02,9.728445884695197804e-03
1.874796117833888998e-01,-5.283160465317736643e-01,5.340918779975301067e-01,5.432312197886796784e-02,4.052562883596188548e-01,2.639522272564642225e-01,4.020435708298485400e-01,-1.108407915352033757e-01,2.615417223125595103e-01,-9.054441738493003433e-02,2.965718282908751391e-01,-1.246953590563255748e-01,3.533227603294664121e-02,-6.284248567785793993e-02,3.255401315488674063e-01,-2.241232775590508430e-02,-4.547843399103444068e-02,7.628059189779937133e-02,9.376017606780756575e-02,4.729345682418477637e-01,-3.119682025450272803e-02,3.934991914249995615e-01,-5.002409879870714504e-02,-4.464875045730166692e-01,-1.655084367217383445e-01,-3.226620439572708277e-01,7.615941559557648510e-01,3.541762539877208599e-02,4.170919036822934300e-01,6.413262701879895999e-02,1.160423354325701567e-01,6.681278154296282912e-02,-1.754268362658518154e-01,-9.515951623187826613e-02,-2.717599922421236047e-01,5.705112464981724196e-01,-1.535517129659682012e-01,2.697497838061968523e-01,-2.073177374496825431e-01,2.775249825434579765e-01,-1.708819195999159990e-01,2.222129596912759963e-01,-2.608712271667950611e-01,2.998547687888340474e-01,-2.491634457391034285e-01,-3.833326366376348798e-02,9.609387356466587982e-02,2.761779359298409675e-01,-2.354575197876491999e-01,-1.853402745253608930e-01,-2.272017653213767863e-01,1.688473345538126780e-01,2.803341904370145188e-01,-3.038029002176130880e-02,1.360547172915101133e-01,-3.534539421343077525e-02,-5.511446417276653076e-01,-2.520299135418621050e-01,-5.207898173883673820e-01,8.070331312710607996e-01,-3.533905483001457959e-02,2.226800717463714163e-01,2.320315733762596533e-01,2.023899831905217606e-01,-2.315774718550264732e-01,-2.937005948343269224e-01,-1.099379886966247305e-01,-1.593701896216148661e-02,-3.521260778589239693e-01,-8.851519277547065245e-02,-2.322300214161110987e-01,1.030015910338853147e-01,2.195762249364461016e-01,-8.633944638140896022e-02,2.040749946135740900e-01,2.500737722376869185e-02,1.062141664169482386e-01,-1.951785409863381615e-01,-1.562390409811968972e-01,-1.162530810667142117e-01,-8.970991305076179978e-02,-2.328306165166423719e-02,1.157173796531998089e-01,-2.333333805594532406e-01
5.742650110555715948e-01,-1.973414467792473093e-01,3.880908927120215735e-01,1.255355992705784463e-01,-2.354726274027418853e-02,-6.716412808249670741e-02,4.332194604455845699e-01,-2.544079614899172337e-02,7.895420258961061144e-02,4.466389033456173441e-01,1.760102512304660138e-01,4.084339906699140932e-01,6.502717445428581877e-01,-9.429624374825081035e-02,2.100888692692660931e-01,2.847688872751918399e-01,3.513036446560729997e-01,5.881699064204164440e-01,2.427666297306880772e-01,4.645781498120568620e-01,-2.990545061227463663e-01,4.439661507396661655e-01,-6.292540725336817631e-02,-1.713131423618058369e-01,8.776541713282279278e-03,4.471397858714330487e-01,3.541762539877206517e-02,7.615941559557648510e-01,2.704297185418587102e-01,1.168924901780714620e-01,7.651978542585947951e-02,7.588435242787348045e-01,6.054665812787954349e-02,5.505004935168014146e-01,-1.729632015975888504e-01,2.990201696278430021e-01,-1.255368445566144298e-01,7.276080134297308044e-02,-3.326632071704237470e-01,2.956294192612978211e-01,-1.255187793732324419e-01,2.145620930834726270e-01,3.610146977163593007e-01,1.068904378994112586e-01,9.184330200788654031e-02,3.580582672844674907e-01,1.910888364555002605e-01,2.318201921463645954e-01,1.683543327576624837e-01,1.827512045823166398e-01,1.899585662525662688e-01,1.758286287910690859e-01,6.056704774193866214e-01,-2.937116137327398513e-01,6.074746532883702477e-01,-1.634225806067135522e-01,-1.828877715007752036e-01,-1.894152771927520851e-01,5.048146116886123580e-02,5.155310339289809890e-02,8.684632000677288133e-01,1.578035413445255386e-01,3.039160457922153724e-01,8.237541310184379184e-02,5.433638677801266859e-01,2.748964731047233157e-01,-2.736568581468339922e-01,-4.102843548727970191e-01,-3.449248928980693796e-01,-2.757464720842914274e-01,8.247560339472279414e-03,3.708266891540681343e-01,3.635795918070768851e-01,-2.281227190096806259e-02,4.177075815792827274e-01,4.103728429002967415e-02,7.969966404800322979e-02,-6.294099369763965779e-01,-5.272792486469326523e-01,-1.581728896397209538e-01,1.200976704467644485e-01,3.439936189028032776e-01,1.024219277638558079e-01,-7.269638848633806771e-02
5.407550951883518531e-01,-3.108889980574412459e-01,1.236343004605327256e-01,-6.458138940445279363e-03,-1.404547646136607431e-01,3.077175601325862209e-01,3.933571488817846351e-01,-4.355981310773057724e-01,-1.407842671674962576e-01,7.344186357351491223e-02,-2.777272213105943521e-01,-7.941869448234638307e-02,4.017374683387099354e-01,-3.114560169503173270e-01,2.571323145944623967e-01,5.019445957835463323e-01,1.718910075669429216e-01,4.550425868392726225e-01,-3.239372455720209154e-01,5.030178425063807079e-01,-1.044963244308929201e-01,5.727736880993684609e-01,-2.019249178652970655e-01,-4.734762337060155479e-01,2.260986552984016740e-01,2.136784214252335501e-01,4.170919036822933745e-01,2.704297185418587102e-01,7.615941559557648510e-01,8.309192232252470001e-02,1.248864474578089689e-01,3.985648946266974746e-01,-1.106190278334987787e-01,1.545560567549023323e-01,-1.722181858787394659e-01,1.150422977991376466e-01,-1.485459332748941264e-01,-1.329776682596544579e-01,-9.606749138035386437e-02,2.619424420646643270e-01,-4.740565044114968818e-01,-1.964064436480824835e-02,-1.381189724010747355e-01,-2.279902057773827151e-01,-2.356950997858510977e-01,1.459998470380423352e-01,-5.545423678586445387e-02,2.711067235124436370e-01,-2.197840922434332253e-02,-2.255783492249788941e-02,-4.625641095203314457e-02,-2.791504002901455395e-01,4.781074078409797146e-01,-1.916715276742703145e-01,3.818536097582112543e-01,-3.259830124391741579e-01,-3.972669148479917589e-01,-1.789341119821690265e-02,-1.541623188566206837e-01,2.539293314331423912e-01,3.208234429339419380e-01,5.036489785177331591e-01,-1.121703984340591395e-03,1.711156098358710409e-01,2.984981431310206323e-01,-1.454384635791992897e-01,-1.805793449938140893e-01,-1.086084483772846582e-01,-2.845219658615704139e-01,-9.599373163150657501e-03,-2.537123141719455632e-01,2.006050045810041371e-01,1.813969981952612831e-01,-1.623903642122560553e-01,2.247553621834750270e-01,-1.981860847788711744e-01,2.140337647394078835e-01,-4.343096124792468204e-01,-2.799585537448089356e-01,-8.623505025624195186e-02,1.088336123997146465e-01,4.039012718270109520e-02,2.453356299072365684e-04,-2.001814589133614486e-01
1.519433822476854434e-01,-1.440507664106248642e-01,-3.642381370806545976e-02,4.351882112429030780e-01,3.712158351446263049e-01,1.539668141331901885e-01,3.146743756741414710e-01,-1.558786376951863395e-01,2.831406307425633484e-01,2.071515753911968016e-01,1.509616181837827587e-01,2.620280478463456464e-01,2.315366728272909569e-01,7.872052038305569696e-03,6.284214001321790366e-02,1.957441182486294451e-01,3.435175650807046899e-01,3.793179355317342072e-01,6.853842097231098440e-02,1.837916013599537879e-01,-1.766069222441790099e-01,1.268942651168641911e-01,-4.602013107140419113e-01,-3.555600849598902768e-01,1.844611807034908235e-01,1.639151453936464609e-01,6.413262701879895999e-02,1.168924901780714620e-01,8.309192232252475552e-02,7.615941559557648510e-01,3.930814771084714665e-01,1.099984420856940925e-01,1.244098885482070871e-01,-4.130279439728156560e-02,-9.951981708516061120e-02,3.533083965207695076e-02,-3.823022514535819039e-02,3.187678101569986211e-01,-2.457717675240480293e-01,1.618702854251421741e-01,-2.533856755277339445e-01,3.905081954753026330e-01,3.009219015717295651e-02,2.273852921505513658e-01,2.194094256456481373e-01,9.858581828107188666e-03,2.659679597463847633e-01,1.201140713170854718e-01,-8.984269049355947390e-02,5.669216022589600862e-02,7.368964279511178161e-02,1.061828731010379112e-01,2.926699065224791507e-01,-2.725106379616358820e-01,1.775061747947066226e-01,-4.829568477415544514e-01,-3.701219855634105826e-01,-2.167165120815354173e-01,-2.340164962780096614e-01,2.495542511759595850e-01,1.091152557446916360e-01,1.376203093086619533e-01,2.643683216593156748e-01,2.995805631321060702e-02,1.652948970149470120e-01,4.779658827489170064e-02,1.760244668245357913e-01,3.169508299856887176e-04,-3.610400787052754357e-01,3.029323038396490864e-01,1.679600234185467944e-01,1.006078621015021463e-01,-5.887635467057673183e-02,-2.636649925685816687e-01,2.040688748460453006e-01,-8.052069668679416592e-02,1.346111349370441579e-01,-1.865823241155666334e-01,-8.282559085241664176e-02,1.862023021727530758e-01,7.798377229858098614e-02,-1.037751663532147928e-02,5.460455989017044820e-02,-1.337137128133471242e-01
1.652616263083430681e-01,-6.630204388661821435e-02,5.485741876051631466e-02,2.930030087980305398e-01,1.814744667193755046e-01,3.117280241231150037e-02,4.091211507335764108e-01,-1.890378173424245578e-01,2.581585789033352119e-01,2.892959823483903792e-01,6.749793829696524618e-03,2.292661961669432147e-01,3.043844583785668134e-01,-1.010097850567934080e-01,-1.302645860378220943e-01,7.654046992963435547e-02,4.049939551988687159e-01,2.853137496027012276e-01,1.387284750213851059e-01,8.522527915126079656e-02,-2.745387382432407097e-01,4.630869335296768086e-02,-4.272504009626738042e-01,-7.034114511896351341e-02,-1.071350209386081193e-01,8.499646868391598498e-02,1.160423354325701845e-01,7.651978542585952114e-02,1.248864474578089412e-01,3.930814771084715220e-01,7.615941559557648510e-01,4.977314067944898363e-02,1.028183335164006666e-02,-8.159899314251735369e-02,-1.447926909115475613e-01,3.087355005035584757e-02,-2.976795029043480811e-01,1.891526052344728870e-01,-1.762309254393538138e-01,2.015470669980941876e-01,-3.007011333430246180e-01,2.107393895438279818e-01,2.265662902453411121e-01,-8.417597009492824855e-02,2.957610759295528080e-01,4.292811945962825282e-02,6.996638520708174658e-02,-2.149726722482667440e-01,-8.085567579012917228e-02,-1.853962578756174553e-02,1.467267727678705537e-02,1.091309380098092752e-01,2.125215652269951336e-02,-3.600525841090473911e-01,-1.126161356088083293e-01,-4.311352977128292130e-01,1.251543240329216523e-02,-1.608464835552762817e-01,-8.463097804986476069e-02,-6.844819427233096373e-03,3.950298357392766080e-03,-1.107034705080038733e-01,-2.789893769757751385e-01,8.424882697232754028e-03,-6.028019789319969540e-02,-1.710699029728427467e-01,-1.930809315902870249e-01,-3.933468047700885289e-02,-3.397256186706097414e-01,-1.144832416668973840e-01,-1.190977992089613108e-01,1.160318893143899854e-01,1.314146475963235694e-01,-3.763090348981495969e-01,-1.639908789110572016e-02,-2.436001088222322641e-01,-2.154528960909369850e-01,-1.851108471905041353e-01,-2.644151903950446858e-01,-1.483272180862560685e-01,-6.616363752116266594e-02,-2.516944029716258746e-02,3.913150066217627177e-02,-1.946027655059186234e-01
1.725443036574696720e-01,1.162917321292163686e-01,3.233954931154665036e-01,1.499839542827831607e-01,-2.501462662215028082e-02,-2.542859964471573808e-01,2.668168330804993049e-01,-5.018287162467132551e-02,-1.779464249281299121e-02,4.359562590229938417e-01,1.985610209236531032e-01,3.139829205327736572e-01,3.420612230713292456e-01,-1.788271024342342336e-02,5.779783513504263004e-01,2.703648794611397954e-01,3.430547951184100275e-01,4.368478748020077629e-01,2.558921417801668374e-01,6.544462883033015377e-01,5.506155419544490892e-02,6.556929530552765284e-01,-7.021781371960605922e-02,-9.836109296921972944e-02,9.113108757015363215e-02,4.346069810234517994e-01,6.681278154296280136e-02,7.588435242787350266e-01,3.985648946266974746e-01,1.099984420856941203e-01,4.977314067944898363e-02,7.615941559557648510e-01,5.564923587944440309e-01,3.536270910095839493e-01,1.492819547279845005e-01,3.022834685610975569e-01,5.112543308182758428e-02,1.108506567662203013e-01,-3.438806176058387121e-01,2.476627475802118672e-01,-1.132706470613355221e-01,7.307459428056890804e-02,3.954644023229088035e-01,2.146581573109035967e-01,8.262214056913576299e-02,2.604877901641735605e-01,1.703516031538072628e-01,5.958815085830764247e-01,3.138177160831754353e-01,2.019628307704579295e-01,3.470113043857986357e-01,2.110197927741702950e-01,6.717185844590947141e-01,7.478206262738359977e-02,7.417571197460460786e-01,-5.883154069322030222e-02,-1.003447005273257718e-02,-7.145079774920844173e-02,2.873379981595852173e-01,3.601689751646872800e-02,8.063641431804015047e-01,3.323271628810320899e-01,3.083371303391813090e-01,8.107459212717313402e-02,8.795000107277413104e-01,6.734223415759815756e-01,-2.531186172032228177e-01,-3.397862243166923091e-01,-3.591570574718300768e-01,-1.962075282002917198e-01,1.518929112173721951e-01,3.125661357357670811e-01,3.086304393277643499e-01,1.206956465634914100e-01,5.483416408705147349e-01,-1.449479756989935086e-01,-1.329132710989941804e-02,-4.913188686473969891e-01,-4.737233744827479831e-01,-8.423040606812806641e-02,1.088611974005755240e-01,2.488008314848796920e-01,2.361714235201101408e-01,-5.641751982889917083e-02
-2.537334293186557788e-01,5.187316159754299383e-01,6.892640160716716202e-02,-3.928420028806526784e-03,-4.686630989859719848e-02,-4.671130034752473681e-01,-4.035385568499530451e-02,2.204123272984465642e-01,-2.159808179219917940e-02,4.709937106891418646e-01,2.046146337214554412e-01,4.001698839848829570e-01,-2.148071127328745611e-01,3.816682262817062132e-01,3.825255607408515335e-01,2.341104363710626579e-01,2.201313361796426449e-01,2.310747127928441391e-01,1.673889119255737024e-01,2.773067262290517254e-01,3.222012763022913950e-01,3.458052391366533973e-01,-1.197829837960594224e-01,4.302849154772491191e-01,-4.951956739449443756e-02,3.606170066825574172e-01,-1.754268362658518154e-01,6.054665812787958512e-02,-1.106190278334987648e-01,1.244098885482070871e-01,1.028183335164008054e-02,5.564923587944440309e-01,7.615941559557648510e-01,-1.860990528285385304e-01,4.657654333285510817e-01,9.861605832301939545e-02,8.777989095376710627e-02,3.226266060076907194e-02,-4.597376055843911957e-01,8.158672455211797570e-02,5.542987764611938956e-02,-3.762254839590734729e-02,4.698521209694442313e-01,1.807421177994331662e-01,4.105312899423433359e-01,-1.014315409490169628e-01,2.997800279411602098e-01,4.270100077113964110e-01,1.783836556371400928e-01,2.179862173662352465e-01,3.868840045900395208e-01,1.282529493527873599e-01,1.597403965668345582e-01,3.421408873361913572e-01,2.851757595247021992e-01,-8.802258025277290288e-02,5.009986442356454406e-01,3.187444464385708054e-02,3.106336414980179761e-01,-2.665726647346259859e-01,2.555842881596913085e-01,-2.869811994786495776e-02,-9.440333602707411120e-02,7.544513478605901526e-03,4.391653515429913557e-01,7.833129865536371250e-01,-2.974055694063815203e-01,-2.877183797353172756e-01,-1.024958162250007437e-01,-9.972923517317866526e-02,5.256913848857040772e-02,3.836237611826178728e-01,1.041428359138660414e-01,-7.222259671286880220e-03,5.018433248315876671e-01,-1.333985415539411523e-01,-7.571292428721534962e-02,-3.325099790917634413e-01,-2.602251460548874462e-01,-1.887295277804161564e-01,1.044088523491659287e-01,3.484839560811620052e-01,7.920223794034562600e-03,-8.666488234718151829e-02
2.262638227648097466e-01,-1.088563892575442338e-01,1.435719587615654769e-01,2.444285071258012754e-01,-4.564112831481607208e-02,-2.091218120464975461e-01,3.768138091052611327e-01,-3.456408572287996694e-01,-1.051454580625324764e-01,5.241032960391036472e-02,-1.376040093284982557e-01,8.524640316709185262e-02,5.403906695948723637e-01,-2.000124907474228886e-01,-7.239811524758654748e-02,-1.101530569548170857e-01,-2.864362783064075893e-02,9.072417047712667826e-02,-1.566251966791399886e-01,3.102287405373340204e-02,-3.513368519232526466e-01,-1.046668605323942090e-02,-4.387453538054499058e-02,-1.840487980996113604e-01,-4.296570169004896439e-02,1.365133298114756810e-01,-9.515951623187832165e-02,5.505004935168013036e-01,1.545560567549023323e-01,-4.130279439728155172e-02,-8.159899314251738145e-02,3.536270910095840048e-01,-1.860990528285385304e-01,7.615941559557648510e-01,-9.185830226884740546e-02,5.315031642370860593e-02,-1.940737562893334045e-02,1.897613466088413359e-01,-4.480041018704258166e-02,4.395248903843574362e-01,-2.968692519943660901e-01,6.996536553558725668e-02,1.281788513544196151e-01,-1.694138604646771018e-01,-1.411285454475450230e-01,6.440614407477498471e-01,2.133252981177542057e-02,-2.760987860732988866e-02,3.686136513020980554e-01,-3.390586801021506363e-02,3.098359620401034409e-01,-1.708998615255370723e-01,2.366391966983370787e-01,-2.813623631244729917e-01,3.490045780548707843e-01,-7.086883746178825050e-02,-1.631631894439028729e-01,2.818139906346524629e-02,1.881110795278865266e-01,-4.418033737653899451e-02,6.891146570063158006e-01,2.547490565636820192e-01,1.185908023769502995e-01,1.870213351876794106e-01,1.211651907638156139e-01,-5.621134827036631393e-02,2.894627622803655140e-02,-3.064783568721536344e-01,-1.477120558799686068e-01,-2.514819090774741417e-01,-1.173282766139705814e-02,1.525095063504901816e-01,2.494437292839722931e-01,7.600462597679711815e-03,1.615487208659074914e-01,4.477218629005066952e-02,4.932736242533954096e-02,-4.069877233546340678e-01,-3.472110133080397731e-01,1.538019883709933755e-01,1.769916775851441137e-01,1.950675090058270333e-01,1.432929693959039963e-01,7.252411003028665093e-02
-3.232174708357483661e-01,9.051716376650963403e-01,-2.018633415968764944e-01,-1.866431718416530494e-01,-3.459788644004425096e-01,-4.418558941462327194e-01,-3.917620432069254255e-01,5.466742666233549014e-02,-2.767379917059657468e-01,-1.655928600265110795e-02,-2.718324364156740613e-01,1.887095728857680899e-02,-5.208992707795384591e-01,-3.854512311217961340e-02,3.182530213746949110e-01,1.761214513539100524e-01,-2.288829647578011217e-01,1.049189529583629404e-03,-3.393824467926627175e-01,-6.388515005042042297e-03,4.234724326585435072e-01,9.994997812418007777e-02,-4.265640083951820899e-02,5.506017998103842626e-01,9.036851733231375527e-02,5.738564406765385151e-01,-2.717599922421236602e-01,-1.729632015975888226e-01,-1.722181858787394659e-01,-9.951981708516061120e-02,-1.447926909115475613e-01,1.492819547279843895e-01,4.657654333285511372e-01,-9.185830226884743321e-02,7.615941559557648510e-01,-1.323734193480182175e-01,6.769880279553480706e-02,-2.447207430979201626e-01,-3.326154697929034065e-01,-1.715719692762787407e-01,6.805982832758489254e-02,-1.704386474969119269e-01,1.110939680266908591e-01,-1.443512787622302507e-01,1.968427176350595609e-01,-2.439774152956196984e-01,-2.897311193704648832e-02,4.874011811771616909e-01,2.484709762465525662e-01,-7.245808478630025307e-02,3.180380204905741137e-01,-3.086212614112130992e-01,2.137720218696431695e-02,5.722860675183827350e-01,1.694030499760977859e-01,-4.708236203123396246e-02,6.429731903429444229e-01,3.513029416156569495e-01,6.552248770102755415e-01,-1.358045986610548761e-01,7.587804608001227913e-02,2.227857137376160757e-01,-3.909641713611133884e-01,-3.915241689951479837e-02,2.348523405319008217e-01,4.189966120582188092e-01,-1.274068500337539878e-01,1.158000726007238530e-02,2.296341202482465316e-01,1.323310874835189055e-01,2.093919871693619705e-01,4.724129573318432834e-02,-1.622753588652632029e-01,3.484175557166744319e-01,2.292037227431063806e-01,-1.585705066709373889e-01,-8.890908848239080509e-02,8.781684178679030617e-02,1.803044761666134366e-01,1.868770403804567715e-01,8.876808500286210990e-02,1.455403412009113606e-01,6.670535270761467073e-02,4.230635103545987707e-01
2.317546328505679445e-02,-1.959164598206442065e-01,8.949639098639672330e-01,4.492931634133694174e-02,4.698049967772678914e-01,-1.776548793145806548e-01,2.760966949447702934e-01,2.361288086002491793e-01,1.846770390411327789e-01,2.394669738870490797e-02,7.256573649667239501e-01,1.202478915819434752e-01,-3.862977673205193752e-02,2.022954637355539043e-01,5.185517392063261344e-01,-9.478180312464473678e-02,-1.478166569763888008e-02,2.019562797002177890e-01,5.404275401461688944e-01,5.721550025047144050e-01,2.183355371245401452e-02,4.383953822147180213e-01,2.357011290981075036e-01,-2.552765489103068774e-01,-3.896476078131473342e-01,-7.852505043266011509e-02,5.705112464981725307e-01,2.990201696278430576e-01,1.150422977991376466e-01,3.533083965207692995e-02,3.087355005035583716e-02,3.022834685610975569e-01,9.861605832301943708e-02,5.315031642370861287e-02,-1.323734193480181620e-01,7.615941559557648510e-01,-1.441139141668739132e-01,3.956967365253507007e-01,-3.737652352526748545e-01,2.522918993793581578e-03,2.428690261787980198e-01,1.817036297980753889e-01,-1.292496129195537802e-01,8.038501763893934893e-01,-1.707777446809612409e-01,-9.712403354346753337e-02,2.506854760869835497e-01,4.455291980424925802e-01,-1.248465714536411697e-01,-2.006440640488461047e-01,-8.601227101302291733e-02,5.930320096438350674e-01,4.664982865734723649e-01,5.377012341058286932e-02,4.344667342826797896e-01,3.247571717276300229e-01,-3.853850720706895050e-01,-4.506172425510177604e-01,-2.949122898376617119e-01,4.699584123033378469e-01,1.709097398663507739e-01,-2.599646670967035306e-02,2.201173902771079993e-01,1.055545317163677915e-01,4.022468585284741383e-02,7.360455580602668930e-04,-2.084971152557557328e-01,3.127985860354629000e-02,-3.369841651908732083e-01,-8.281199620837007003e-02,-1.961291091804339137e-01,8.267101622829875485e-02,2.513542745676892731e-01,-1.176942408460812106e-01,1.903138489448975013e-01,3.365432295118678252e-02,-9.930908457042358917e-02,-1.543749510183600182e-01,-3.444514433633347195e-01,-1.748684218232155196e-01,-2.675397666375518846e-02,4.813482309038522033e-02,1.242223497633455770e-01,-1.950678741189602883e-01
-1.908352839096732201e-01,-2.437374540653841539e-03,-1.144710582967379126e-01,-3.102924764669129018e-02,-3.216824814582229519e-02,-1.104356223452003342e-02,-6.069075697434817701e-02,1.314050278368424363e-01,-9.931875982857690799e-02,-2.276340526018920951e-01,-8.865333574377787240e-02,3.732212847501618913e-02,-8.349911438846180367e-02,6.841633945249214754e-02,-1.824785970776759692e-01,-3.855428449666151690e-03,-2.831516291074344105e-01,-2.652051221511408582e-02,-8.645057577538665938e-02,-1.641383324697262280e-01,2.179740634273776845e-01,-1.638943888727291409e-01,7.811891074949431357e-02,-4.021796916469422278e-02,-1.340100552137320766e-01,-2.215911735534947247e-01,-1.535517129659681734e-01,-1.255368445566144575e-01,-1.485459332748941264e-01,-3.823022514535819039e-02,-2.976795029043480811e-01,5.112543308182760510e-02,8.777989095376710627e-02,-1.940737562893334045e-02,6.769880279553483482e-02,-1.441139141668739687e-01,7.615941559557648510e-01,-5.219339874251729267e-02,2.027651292578493691e-01,-7.863239587733981961e-02,2.555052835205283146e-01,-9.142899440967876268e-03,-1.168051727345819218e-01,-6.718176145951237910e-02,-3.718208974986277754e-02,2.005854691535492382e-02,-6.610502985935767795e-02,-3.816038694624603739e-02,7.339321508946458628e-02,-6.413629718057643758e-02,2.333802220181851184e-01,-4.516160792410445907e-02,-1.565809367165006405e-01,2.362066069356740239e-01,-7.712596722675327254e-02,1.630535960550515973e-01,1.270754293944344471e-01,7.558059817207858633e-02,7.374608003882650656e-03,-2.083314410897420862e-03,1.108979836624206516e-01,9.129943765794937272e-02,1.622879029348894830e-01,1.162117466338277172e-01,3.552030401008402991e-03,-5.281222018951373803e-02,-1.683595286881380826e-01,-6.993388120900169425e-02,-4.309681555123866248e-02,5.434802716046169269e-02,-3.327635818945390983e-02,2.681410470502874621e-01,1.286653710259862311e-02,1.401388694217413078e-01,6.731789440287348769e-02,-4.504691534197773073e-02,-2.246486594681554594e-01,1.371547515470891154e-01,1.715717916616070204e-01,1.578986780326769590e-01,1.417395885180142666e-02,1.986938808209069984e-01,2.519823395897394236e-01,2.318763176797301317e-01
-3.903451508528744951e-02,-3.606380198596341735e-01,3.516126757592194507e-01,4.193082355724963572e-01,8.976329698766651877e-01,2.018251606488591018e-02,5.575130956810657734e-01,-1.397107312892111319e-01,5.584345770145658916e-01,1.843338765215134789e-01,4.288191609841078833e-01,3.034985484953177659e-01,2.155623619654605805e-01,4.432796420339137899e-01,8.081003586738265410e-02,-2.761888777700053921e-01,2.020693968301194021e-01,8.885790639263277391e-02,2.716336914142815639e-01,2.477812494329049986e-01,-1.828950148133416664e-01,1.097291130620412225e-01,-2.271431526174544913e-01,-1.803128607889998014e-01,-4.432177353250603691e-01,-2.945335125831798906e-01,2.697497838061967967e-01,7.276080134297308044e-02,-1.329776682596544302e-01,3.187678101569985101e-01,1.891526052344728870e-01,1.108506567662202874e-01,3.226266060076908582e-02,1.897613466088414191e-01,-2.447207430979201348e-01,3.956967365253507007e-01,-5.219339874251725797e-02,7.615941559557648510e-01,-3.674015533027424202e-02,4.844841699846552663e-01,-7.551233554444496121e-02,6.415123360739284353e-01,1.871533528931097479e-01,4.777241359340013704e-01,2.005681679606707013e-01,2.951767304149949256e-01,5.626907672902526913e-01,-1.187552371317089454e-02,-2.173062336626766233e-01,1.166703183428793172e-01,-8.942392412898000909e-02,3.638075256155725579e-01,1.201385488801261919e-01,-2.140540358883023242e-01,1.558824983597842107e-01,-7.089098830215616320e-02,-3.891640906436772962e-01,-3.944209286305483397e-01,-2.701236605026161586e-01,2.942247127664633921e-01,1.208403265014627720e-01,-6.802699618329892395e-02,4.856349177681122953e-01,3.314165496477604611e-01,-2.611942061842273399e-01,-3.022917933182876077e-02,-2.227627971914184213e-01,-2.124194147256507348e-01,-4.346194508234929033e-01,-9.271915367201771785e-02,1.837076468822160941e-02,4.825266263743668849e-01,4.710938097419357651e-01,-2.025332777151173658e-01,3.894003227996050143e-01,1.628625699352033718e-01,-4.089511231241188538e-01,-3.198745598473550777e-01,-3.640322045125317652e-01,-3.547695830629927355e-02,-1.566803098189344101e-02,3.668156236841456086e-01,2.380803981006098247e-01,-4.884566657360536052e-02
-1.588560678459921272e-01,-3.309180140625026523e-01,-3.230755319265367631e-01,1.101949350321655141e-01,1.919783153724178432e-02,4.070537502160412879e-01,-7.432205526274549001e-02,-2.425624617954287021e-01,-2.545114350066312037e-01,-5.391314905538202584e-01,-4.817715209263706000e-01,-3.678290140252960527e-01,-3.701193375223570114e-02,-8.329972770466143039e-02,-5.002086676746880789e-01,-2.863921970311330001e-01,-4.036971238419487240e-01,-4.230789672093793752e-01,-5.528335683322591620e-01,-3.509522645409363650e-01,-2.177057996528050376e-01,-4.031784147972096166e-01,2.414123069136804578e-02,-3.000467304049959649e-01,3.709245908387518321e-03,-4.114945423684513992e-01,-2.073177374496825431e-01,-3.326632071704238580e-01,-9.606749138035391988e-02,-2.457717675240480293e-01,-1.762309254393537583e-01,-3.438806176058387121e-01,-4.597376055843911957e-01,-4.480041018704254002e-02,-3.326154697929034065e-01,-3.737652352526749100e-01,2.027651292578493136e-01,-3.674015533027429753e-02,7.615941559557648510e-01,-1.200920106241472884e-01,7.116512932742975750e-02,-2.377006445579554206e-01,-2.921271465887317342e-01,-4.555047719830042086e-01,-2.639522074601086121e-01,1.530064929083861103e-01,-1.486105266829852167e-01,-3.980447775015798495e-01,-2.168761618577974559e-01,-1.025457986049821413e-01,-2.305655122668456014e-01,-5.504026971028390669e-01,-2.541030315134749640e-01,-5.903338780102005551e-02,-3.066887135323783098e-01,2.956756717409875918e-02,-1.153904165993772102e-01,2.688333041071237495e-01,2.423008142684452901e-02,-4.626479253947880094e-02,-3.026873753922896260e-01,4.592499571862317803e-02,1.741936395124902004e-01,1.098317040345494627e-01,-1.919520185550077918e-01,-3.166960677643949063e-01,2.506098945067505857e-01,2.584097089878939491e-02,-1.470540280569675173e-01,4.784828311043202997e-03,-2.518237527688511057e-01,-1.310713604990531855e-01,-3.182166586972828282e-01,5.234350980486390109e-02,-4.886732205349218483e-01,-6.419890330555948210e-03,-7.248431287555601177e-02,7.520545050798534137e-02,1.508677067655600501e-01,2.534672279233968206e-02,5.496814879123582132e-03,-1.971683120151078439e-01,-3.016308002316273051e-01,1.939838504102291833e-02
2.532113497351448639e-01,-3.367644880655153439e-01,3.730219785612977346e-02,5.244652626947647889e-01,3.284994359110739448e-01,-4.348572441474633093e-02,7.614997245371479817e-01,-4.712196141614077849e-01,2.057280356604355709e-01,5.186152004099403579e-01,-3.157220691261012485e-02,1.812352787300757773e-01,5.321955118590031564e-01,2.720642146665851538e-02,5.588258982162650629e-02,5.243586778992762043e-02,3.794476602858927738e-01,1.867004507113902145e-01,-2.670148056112344737e-01,3.256571605282300164e-01,-4.286088878738161800e-01,2.596460996815078692e-01,-5.047657419203636087e-01,-3.224806913347668669e-01,-1.833606975172656361e-01,8.475553603814489927e-05,2.775249825434579765e-01,2.956294192612978211e-01,2.619424420646643270e-01,1.618702854251421741e-01,2.015470669980942153e-01,2.476627475802118672e-01,8.158672455211800345e-02,4.395248903843574362e-01,-1.715719692762787685e-01,2.522918993793581578e-03,-7.863239587733979186e-02,4.844841699846552663e-01,-1.200920106241472884e-01,7.615941559557648510e-01,-5.548841680770092433e-01,3.687887733552779879e-01,5.232140003273438866e-01,-1.152450229612312776e-01,3.372919243752638407e-01,7.002225521470520908e-01,3.267632593509398609e-01,-8.915379126938424714e-02,1.837239428954720033e-01,4.246997393850099334e-01,1.793836918755624954e-01,-2.384315620329859053e-01,3.580679830046835099e-01,-4.207253184005124713e-01,3.181714248804697331e-01,-4.668369367754686139e-01,-2.631296309629900243e-01,-1.083127450834552169e-01,4.856218552310031383e-02,3.886977711161750948e-01,4.224736076306806476e-01,4.374070428926789544e-01,1.817532454321230118e-01,4.570103469883547431e-01,5.766585078979635792e-02,1.505932318168046735e-01,-2.511155034324459856e-01,-5.349480299722066956e-01,-4.045915401045758197e-01,-1.590952027340440389e-01,1.306826311435488053e-01,6.208893880275434540e-01,5.449606850046514461e-01,-2.254590788101572263e-01,3.498450811963949025e-01,6.325956810317652501e-02,-2.974887516189648751e-01,-6.153292382047055309e-01,-3.770673578227762279e-01,-1.065592902779717577e-01,1.274403343774068165e-01,5.262783862781827970e-01,3.009373257506626764e-01,-1.556835286924394823e-01
-4.083111890984698067e-01,1.842177615701225679e-01,1.816839212519499591e-01,-2.447455284755034322e-01,-2.430471735048377047e-02,-2.271299880974858576e-01,-5.864941650836911213e-01,7.732625364716485539e-01,-3.206027435419553373e-01,-3.433158922457343332e-01,2.958461134306106799e-01,4.874554189628459849e-02,-4.867661849617299641e-01,2.899236524977462093e-01,4.546722135308108037e-02,-3.018677216113871964e-01,-3.941989079987107680e-01,-2.150301651571727424e-01,5.531170155547206202e-02,-1.235704122662380222e-01,4.777694880773842301e-01,-2.164359819581434530e-01,6.366619146144641972e-01,3.205125704937189512e-01,-3.346690395186587841e-01,-1.747995598400129691e-01,-1.708819195999159990e-01,-1.255187793732324142e-01,-4.740565044114969928e-01,-2.533856755277339445e-01,-3.007011333430245625e-01,-1.132706470613354388e-01,5.542987764611932017e-02,-2.968692519943662012e-01,6.805982832758487866e-02,2.428690261787981031e-01,2.555052835205283146e-01,-7.551233554444496121e-02,7.116512932742978526e-02,-5.548841680770092433e-01,7.615941559557648510e-01,-3.881210400471040711e-01,-3.321320694646019422e-01,3.452304655449112136e-01,2.665978060025339311e-02,-3.130159541552159919e-01,1.632842871751739866e-01,-2.400697121129907741e-02,-2.949393506304833767e-01,-2.440743870868672394e-01,-1.475072598108300714e-01,8.344963278848135935e-02,-2.328118123520385163e-01,4.103687947413138248e-01,-2.311131402287671943e-01,7.332592879161452526e-01,2.880812150554558082e-01,-1.906590351763668423e-01,-5.786371732691053538e-02,-2.127080066789341917e-01,-1.752603201571450442e-01,-4.729879152033083511e-01,7.095249863271910207e-02,-7.669884920961921038e-02,-1.265259539691934443e-01,-4.721570698232885333e-02,-6.193652111765713536e-02,1.757702424581341905e-01,1.476960213610424844e-01,1.293011158366234523e-02,-1.465743887076006446e-01,-8.995732082418904374e-02,-3.231772108252960463e-01,2.921277818056698394e-01,-2.228997710861311266e-01,-6.861633216143421532e-02,-1.303931262795158252e-01,2.849397496801588381e-01,6.223536140072245121e-02,-2.016136021071301410e-01,-1.321719393824296596e-01,5.755143349577605122e-02,-1.240512192497858768e-01,1.796481284718690064e-01
2.325134312927407132e-01,-3.873119588947178671e-01,9.590184896090027389e-02,4.386683871760823084e-01,6.864034968729982866e-01,1.178145088115499922e-01,5.917890469104807316e-01,-4.334345455595945973e-01,9.215919391430116292e-01,1.654119501337972808e-01,1.161399791510347029e-01,1.906159351565970272e-01,2.660516444790917423e-01,1.478313601425972068e-01,2.764471808786052309e-02,4.347648074303988447e-02,2.883556828936391647e-01,4.272454694996223323e-01,3.246505934288999029e-01,3.154986667607896922e-01,-3.519212251910981415e-01,2.151950225642298709e-01,-5.913661263929502754e-01,-3.162475537562366990e-01,-1.265769475561312474e-01,-9.929137565305327928e-02,2.222129596912759963e-01,2.145620930834726270e-01,-1.964064436480816508e-02,3.905081954753026330e-01,2.107393895438279541e-01,7.307459428056893580e-02,-3.762254839590729177e-02,6.996536553558720117e-02,-1.704386474969119269e-01,1.817036297980753889e-01,-9.142899440967876268e-03,6.415123360739286573e-01,-2.377006445579554206e-01,3.687887733552780434e-01,-3.881210400471040711e-01,7.615941559557648510e-01,3.482558785142155638e-02,1.579190337156472779e-01,3.889758505380128129e-02,1.272800543481115709e-01,1.703581294248427136e-01,1.297779923272824876e-01,-2.336999340355708221e-01,1.458995287057059387e-01,-4.209698534036842438e-02,2.812299023684783905e-01,3.226521186564082488e-01,-2.827065658447157626e-01,2.464175374033833188e-01,-5.036953154470086291e-01,-4.872756184572163973e-01,-2.705587492221734336e-01,-3.174984193911862818e-01,3.978529715118968579e-01,1.471253677510347135e-01,3.373633535266508388e-02,3.084299280259769072e-01,2.202622304918502028e-01,-1.949778130773080487e-01,-6.636579464604219769e-02,-3.169968611921636370e-01,-1.221962021106387519e-01,-5.024813531284563206e-01,-4.182042900651496836e-02,2.723828244385059251e-03,2.457127721296698819e-01,2.727426203358378487e-01,-2.432514977362709163e-01,4.008326469531099945e-01,1.681565641140785883e-01,-3.579515733543587319e-01,-4.120484185201302441e-01,-3.794913493885825884e-01,-2.634823551856908114e-02,-1.817173897137003280e-01,2.846178433976380082e-02,1.538871268137387005e-01,-1.787883724572057187e-01
-5.061464738346293374e-02,7.421048312935200897e-02,-1.619894436326972942e-01,2.135458077685901401e-01,2.995197749674399432e-02,-3.421795657804161950e-01,3.851794023146894452e-01,-5.135912031280354118e-02,-2.669826454544211441e-02,7.601342547437170971e-01,-8.374181016910503127e-05,6.404190179204429789e-01,2.091000116866541525e-01,3.206160250697500658e-01,2.363640919065286838e-01,1.303226062239596916e-01,5.743208856405828122e-01,2.784260975688512274e-01,2.201485081483854286e-02,2.600225653967515593e-01,-3.447992563976565727e-01,2.292454308256569040e-01,-4.266772253429494399e-01,2.889875020922132443e-01,-1.667536033617098290e-01,3.150144411568628899e-01,-2.608712271667949500e-01,3.610146977163593007e-01,-1.381189724010746800e-01,3.009219015717294263e-02,2.265662902453411121e-01,3.954644023229088035e-01,4.698521209694442313e-01,1.281788513544195873e-01,1.110939680266908591e-01,-1.292496129195538357e-01,-1.168051727345819218e-01,1.871533528931097201e-01,-2.921271465887317342e-01,5.232140003273439977e-01,-3.321320694646019422e-01,3.482558785142158414e-02,7.615941559557648510e-01,-4.793211195074074948e-02,7.447569549091442864e-01,2.764542384738528646e-01,4.691307694018860830e-01,1.183905530133043948e-01,1.694448564861930628e-01,6.739970395550082261e-01,5.071996635846485191e-01,2.107298914995158617e-02,2.676584737445947271e-01,-3.258568658256444928e-01,2.492170313786142566e-01,-4.088248113008386420e-01,3.473344945212818446e-01,1.395400538777653854e-01,3.677044856907931147e-01,-2.369176277669060027e-01,4.226090177830402195e-01,-2.894104132955193504e-03,-2.692396497677161382e-01,2.716107715143159518e-01,2.605697355099003132e-01,4.770045898152076580e-01,-2.588520143968834342e-01,-5.603368797804560986e-01,-2.714235944795977962e-01,-1.400690033716562033e-01,1.995384157280384249e-02,5.927466507271662577e-01,3.611933468552724347e-01,-1.931377189014202300e-01,4.200507221732163732e-01,1.424349002387421959e-02,-2.554679075353428752e-01,-4.857099282903644677e-01,-1.919499355135471652e-01,-2.409765108783109566e-01,1.424307322250237262e-01,5.260194156711377467e-01,2.137495995502943502e-01,-9.484512150824007948e-02
-2.487207785097371449e-01,-1.535138384254672861e-01,7.251668904633118418e-01,-2.800736960764084026e-03,5.183398676816186601e-01,-2.753515014973406672e-01,1.809470361961433224e-02,4.239684341692608882e-01,1.980176712509036652e-01,8.449768654759216846e-02,8.935600014976327055e-01,2.403794355643963654e-01,-2.022708497944202544e-01,4.436447353259593274e-01,4.108661570317459488e-01,-1.996410791314724709e-01,5.709050637228584718e-02,1.100054406378147553e-01,6.342573592162248364e-01,3.142955316197581506e-01,8.144994365087902810e-02,1.317902881125291581e-01,2.068282671073439771e-01,2.085566854969949507e-02,-4.174128531544324394e-01,-1.628586111868007835e-01,2.998547687888340474e-01,1.068904378994112586e-01,-2.279902057773827984e-01,2.273852921505514213e-01,-8.417597009492824855e-02,2.146581573109035690e-01,1.807421177994331940e-01,-1.694138604646771018e-01,-1.443512787622302507e-01,8.038501763893936003e-01,-6.718176145951240685e-02,4.777241359340013704e-01,-4.555047719830042086e-01,-1.152450229612312776e-01,3.452304655449112691e-01,1.579190337156471668e-01,-4.793211195074074948e-02,7.615941559557648510e-01,1.709775476771111706e-03,-2.122650767780076553e-01,4.127802243926498305e-01,3.495272044087690544e-01,-1.394528565989939517e-01,-1.058115112890525289e-01,-3.842680398573228295e-02,7.788449005617628096e-01,2.626623706658137158e-01,3.545765011482635010e-02,2.612343569029503265e-01,3.030288485970196732e-01,-2.029853349157057507e-01,-4.514178126490261400e-01,-2.856360251197480049e-01,2.462696844023811726e-01,4.786236021369324328e-02,-2.153069738813110368e-01,2.986440714073250735e-01,4.133435257407980755e-03,-7.710593457596627565e-02,6.972033131685895224e-02,-2.713392512635232623e-01,-1.026176005640775241e-01,-2.677989464258521690e-01,-3.387007837371144858e-02,-6.271266331725033893e-02,1.790222627074455619e-01,1.539230927683399863e-01,-1.107984585181262249e-01,3.204385113930483531e-01,-5.429273640096726056e-02,-2.822189941164848781e-01,-1.536381937914410578e-01,-3.013564323650790300e-01,-3.851790695303856926e-02,-6.738351252915274203e-02,7.728210746372797535e-02,1.461322767411559788e-02,-1.749609518387092444e-01
-1.460222839634025827e-01,2.026274954000462092e-01,-2.069093878070729087e-01,2.540171719559036201e-01,1.331623274975170246e-01,-2.123075261947650894e-01,2.089935978461718857e-01,2.176625475496000439e-01,1.561530661624008394e-02,6.221487573888461187e-01,3.363556891807235882e-02,7.120147823371911766e-01,-4.412818988486586630e-03,4.044975080042213511e-01,1.184675479903747192e-01,1.403115524077110099e-01,5.489441330830904242e-01,3.925679265531369921e-01,4.463272100762854383e-02,8.286583374824532666e-02,-2.887479792219703554e-03,3.531335934636441187e-02,-3.717608793565461700e-01,4.713236713061355054e-01,-2.168526727491896233e-01,3.696851668194031659e-01,-2.491634457391034285e-01,9.184330200788648479e-02,-2.356950997858510977e-01,2.194094256456481373e-01,2.957610759295528080e-01,8.262214056913574911e-02,4.105312899423432804e-01,-1.411285454475450230e-01,1.968427176350595609e-01,-1.707777446809612132e-01,-3.718208974986272203e-02,2.005681679606707013e-01,-2.639522074601086121e-01,3.372919243752638407e-01,2.665978060025342433e-02,3.889758505380132292e-02,7.447569549091442864e-01,1.709775476771132523e-03,7.615941559557648510e-01,2.107885098448409322e-01,5.706155831839924142e-01,-4.496589002287439130e-02,8.792686261766947606e-03,6.253008611478469980e-01,4.476732533239396461e-01,3.172571156263898073e-02,2.532051396757347902e-02,-1.731094620578529919e-01,-4.876911191911995763e-02,-2.675011894089472375e-01,4.422812547875567546e-01,8.763483777544728293e-02,3.369456331579100405e-01,-2.196744198523233882e-01,1.740564963039331614e-01,-2.176684198830935169e-01,-2.919800196310324836e-01,2.696110764754544586e-02,4.908268018803862293e-02,3.544667300850538605e-01,-1.219153676338952108e-01,-3.246769390226341145e-01,-1.286332764346977131e-01,1.955117294061240185e-01,1.599908448462612764e-01,4.742773194515657043e-01,1.864558588810638629e-01,-1.440300378016992622e-01,3.539281288164921602e-01,-1.640090984138801999e-02,-1.665857769285450929e-01,-1.800369667305301569e-01,-3.753463143709868510e-03,-1.238086272628603351e-01,6.441335153784295831e-02,5.709800425656225142e-01,1.765889355976671127e-01,-3.902591141572191863e-02
3.029963499123261572e-01,-2.722414351458503634e-01,-3.834400344900931734e-02,3.588032838655331735e-01,5.967179103876103091e-02,-3.221383434057731310e-02,4.012375378941940296e-01,-3.721124368200083854e-01,-9.015795953995466017e-02,9.545759994195697484e-02,-2.052673366532402899e-01,1.037564660240109515e-01,5.395019437814623231e-01,-7.453946984852498348e-02,-9.153684828096772530e-02,-4.226292512443995814e-02,9.243969154384862330e-02,1.265932755906303865e-02,-3.562460559529605497e-01,1.075696140543679902e-01,-3.542918653384482530e-01,3.893987669759874418e-04,-3.230006877387236464e-01,-2.416310308516419203e-01,-7.969066861065460250e-02,-2.555358584670905375e-02,-3.833326366376346023e-02,3.580582672844673797e-01,1.459998470380424740e-01,9.858581828107160910e-03,4.292811945962829445e-02,2.604877901641735605e-01,-1.014315409490169628e-01,6.440614407477498471e-01,-2.439774152956196707e-01,-9.712403354346756112e-02,2.005854691535489606e-02,2.951767304149949256e-01,1.530064929083861103e-01,7.002225521470520908e-01,-3.130159541552159919e-01,1.272800543481115709e-01,2.764542384738528646e-01,-2.122650767780075998e-01,2.107885098448408767e-01,7.615941559557648510e-01,2.072010310358800567e-01,-1.465878597088404456e-01,2.254227901166837578e-01,4.359260632341382946e-01,2.853405933998021116e-01,-3.054625857972551040e-01,2.196410485283988856e-01,-3.120239244166759240e-01,2.565093881783596097e-01,-2.624037277130311652e-01,-1.537444497331186544e-01,1.668602554211670030e-01,1.974424855175954119e-01,9.625694186883533565e-02,5.548233208305347608e-01,2.856127643876935629e-01,7.423971827126757406e-02,3.130051220748039653e-01,1.483129338261653385e-01,5.162835819150910638e-02,1.077013653878734593e-02,-3.525476853089689055e-01,-3.240194253619960163e-01,-2.276288565590432744e-01,3.817733064528901904e-02,4.400994499767634238e-01,3.295830676164167583e-01,-8.282884110307860148e-02,2.139414661870158718e-01,7.134807629789065297e-02,-4.441272910795845963e-02,-4.338823741697284686e-01,-3.693641049898962470e-01,-1.019853912000967706e-02,2.276469167341316213e-01,3.791160295379533696e-01,1.775954791887277284e-01,8.465404516304632018e-03
-8.834108636209302146e-02,-1.285095621816790823e-01,2.348810151831348669e-01,2.162045423902637098e-01,4.754497175576555823e-01,-1.788077343687052012e-01,1.637343016324529776e-01,1.464032969982580201e-01,1.696649922160963220e-01,4.792878307501374779e-01,4.909429106313961122e-01,4.306171829969852594e-01,4.138292190788279284e-02,6.266949844429327010e-01,2.918116872595281630e-01,4.590536281959304438e-02,4.439932892871707448e-01,3.794607704197147657e-01,3.047321440031703910e-01,3.544630856027767285e-01,-3.461847176101622708e-02,3.225504641161501818e-01,-6.976949190272858925e-02,-1.295157570877452646e-01,-3.138138985387294300e-01,6.612688868703625600e-02,9.609387356466583818e-02,1.910888364555002883e-01,-5.545423678586445387e-02,2.659679597463848744e-01,6.996638520708171882e-02,1.703516031538072351e-01,2.997800279411602098e-01,2.133252981177542751e-02,-2.897311193704648832e-02,2.506854760869835497e-01,-6.610502985935765019e-02,5.626907672902526913e-01,-1.486105266829852167e-01,3.267632593509398609e-01,1.632842871751739866e-01,1.703581294248427969e-01,4.691307694018860275e-01,4.127802243926497749e-01,5.706155831839921921e-01,2.072010310358800567e-01,7.615941559557648510e-01,1.049036431057119440e-01,4.221314833241389397e-02,4.165041387077315083e-01,2.548235738794091820e-01,3.111492253448039924e-01,2.233571378897027393e-01,-1.375938382979155494e-01,2.281908190731547215e-01,1.036770232585776941e-01,-1.754003570272816559e-01,-2.301719198102464281e-01,6.204981433418851194e-02,1.364718857606728175e-01,2.046563050801223638e-01,2.208018884918419925e-02,2.687209103703649959e-01,2.628432403626675407e-01,-8.177568839470882034e-02,2.002264110119057750e-01,-1.257973518152210035e-01,-2.291561392250707208e-01,-1.773059932033330122e-01,4.163866793063486504e-02,7.316114098330182836e-02,6.948648775227254104e-01,3.048752233979683535e-01,-2.703472430997249099e-01,3.921143524725874130e-01,1.836892458795000294e-01,-3.477288267710835767e-01,-1.281838968320052341e-01,-1.584637692942676146e-01,-1.096396752805652297e-01,1.631395266247393505e-01,6.996000273136937508e-01,2.295940692136832773e-01,-6.272303453755999347e-02
-6.056503938858391611e-02,3.799984081182739559e-01,3.129270642514529466e-01,-1.958847207993937578e-01,4.139888247239885410e-02,-3.259429459289598374e-01,-1.024272064378308894e-01,-6.981642927140467407e-03,3.475162142891279754e-02,1.917492273338932199e-02,1.951795851970185014e-01,7.197866730918415883e-03,-2.703052503903116133e-01,-5.880521260278701035e-02,8.475562654984346578e-01,2.246927205660995963e-01,4.081137630844500902e-02,2.005957417949459365e-01,2.005583422685866812e-01,5.725793209195755296e-01,3.865457126940535226e-01,6.438301499750098689e-01,-2.140688651112545096e-02,3.760359801094307480e-02,2.920403844246974648e-02,3.842062851566742654e-01,2.761779359298410230e-01,2.318201921463645399e-01,2.711067235124435815e-01,1.201140713170854996e-01,-2.149726722482667440e-01,5.958815085830763136e-01,4.270100077113963555e-01,-2.760987860732981580e-02,4.874011811771616909e-01,4.455291980424925802e-01,-3.816038694624602351e-02,-1.187552371317097434e-02,-3.980447775015799050e-01,-8.915379126938420551e-02,-2.400697121129906006e-02,1.297779923272824598e-01,1.183905530133044365e-01,3.495272044087690544e-01,-4.496589002287437742e-02,-1.465878597088404733e-01,1.049036431057119162e-01,7.615941559557648510e-01,1.389615839797186392e-01,5.029331674912542599e-02,2.942013599972941318e-01,2.965237373349122740e-01,5.402032610404899904e-01,5.024188448728408307e-01,6.840776851093197664e-01,1.164860575626215644e-01,3.733734711924713290e-02,1.656240763883691514e-02,3.111549062065617210e-01,3.213627934993548707e-01,3.051556250224808364e-01,2.398561552819073184e-01,-5.283401145623616013e-02,-1.845353318617650451e-01,4.753411343185188209e-01,3.626132481827576970e-01,-3.985460629124542437e-02,7.036464484776630557e-02,-2.428777053864589752e-01,2.552828999785446834e-02,-2.188435830893400713e-01,-9.347228630924961368e-02,-1.579995619967147769e-01,3.714397492832633568e-02,1.896188358613217773e-01,-1.830265629630328517e-01,2.503178891363423975e-01,1.079717866552177552e-01,-1.977916935983012325e-01,1.543721690317891859e-01,-4.195086073107451990e-02,-6.997251125443589015e-02,1.418171395805760959e-01,-5.899535929999740608e-02
-3.493982333703481852e-02,2.581144635694589962e-01,-9.752709327901884495e-02,-9.636276573247430643e-02,-2.881636400991564595e-01,-4.285036333518534302e-01,-1.154153287506228531e-01,-2.112601671181600083e-01,-2.781189854651445192e-01,8.501796096095839972e-02,-1.427087358897677627e-01,6.241007011996661802e-02,3.134307037361905302e-02,-1.177031316805200734e-01,9.557337961522818781e-02,3.127176471587390649e-01,-1.104208747399553214e-01,7.609721308352285218e-02,-2.156004112096976955e-01,-1.945726545515824579e-01,-6.912937533596595630e-02,6.499744006722213419e-02,-1.295730491541447205e-01,1.718391635179271626e-01,3.496547195516696432e-02,3.155738360629782302e-01,-2.354575197876491999e-01,1.683543327576624837e-01,-2.197840922434326702e-02,-8.984269049355950165e-02,-8.085567579012917228e-02,3.138177160831754353e-01,1.783836556371400095e-01,3.686136513020980554e-01,2.484709762465526217e-01,-1.248465714536411419e-01,7.339321508946458628e-02,-2.173062336626766511e-01,-2.168761618577974837e-01,1.837239428954720588e-01,-2.949393506304833212e-01,-2.336999340355708499e-01,1.694448564861930628e-01,-1.394528565989940072e-01,8.792686261766947606e-03,2.254227901166837855e-01,4.221314833241385234e-02,1.389615839797186392e-01,7.615941559557648510e-01,1.659291106434832713e-02,6.340156869620733326e-01,-1.795030138902254935e-01,-3.307903843862423227e-02,1.664738431395073118e-03,2.701111570790207805e-01,-1.832140798708794260e-01,2.311488217515327293e-01,3.370892210820088941e-01,5.089877221541699859e-01,-2.054256903352026098e-01,3.222263146457393090e-01,4.297446034997623454e-01,-4.769318708828221981e-02,-3.028154469411666050e-02,3.601910872882726489e-01,2.339230471857578209e-01,1.528617636801120512e-02,-2.922500466176433109e-01,2.397812971261696902e-01,-1.036645896598937799e-01,-1.102602615166122929e-01,1.942918713762235572e-01,1.973990828741865045e-01,6.543520254549518855e-02,2.709649488888415947e-01,-1.305102421787653344e-01,1.297254101637760615e-01,-1.724096982604771677e-01,-6.286617374393291963e-03,1.795003335836773961e-01,2.462096779692740933e-01,2.343936855987110157e-01,3.806181741048514366e-02,9.936769292919697683e-02
-3.226675544966765841e-02,-1.386475206014380068e-01,-1.957423328487985503e-01,1.541363565528026114e-01,3.253807226136740116e-02,1.951388162121665132e-02,1.656107143473574961e-01,-7.702837531105373448e-02,7.568347625750149188e-02,4.943224831101939443e-01,-5.649693396229129444e-02,3.675789256380344039e-01,2.729501537835019032e-01,3.069748062477232753e-01,1.420933911440017960e-01,2.234388891780856312e-01,5.509056342433737985e-01,3.030189764258162666e-01,-1.172230860630381066e-01,2.435239813974881817e-01,-2.311007005350227406e-01,1.091050738915933932e-01,-3.957439463342802832e-01,3.901082324689578162e-02,2.850024696846382641e-02,2.991236524995730117e-01,-1.853402745253609207e-01,1.827512045823166398e-01,-2.255783492249791022e-02,5.669216022589599474e-02,-1.853962578756174553e-02,2.019628307704579295e-01,2.179862173662352742e-01,-3.390586801021506363e-02,-7.245808478630025307e-02,-2.006440640488461047e-01,-6.413629718057647922e-02,1.166703183428792756e-01,-1.025457986049821829e-01,4.246997393850099334e-01,-2.440743870868672671e-01,1.458995287057059109e-01,6.739970395550082261e-01,-1.058115112890525011e-01,6.253008611478469980e-01,4.359260632341382391e-01,4.165041387077313972e-01,5.029331674912540517e-02,1.659291106434832713e-02,7.615941559557648510e-01,3.950640850231843526e-01,-1.117370058051752463e-01,2.661198043217629650e-01,-2.000369265295239285e-01,1.466735715280220731e-01,-3.371236425972454764e-01,8.815023504166144552e-02,2.643017859282464355e-01,2.933399004600927285e-01,-1.031288923791964934e-01,3.001374061361136159e-01,-1.350771104138417077e-02,-1.638341100754396040e-01,9.045585410721836139e-02,2.573275422662178458e-01,3.049905564296169769e-01,-1.519314067762775333e-01,-4.109072657166414899e-01,-2.411104199312806562e-01,-1.260580462528372025e-01,1.372800130705740564e-02,5.621328745297933249e-01,2.553211194137631201e-01,-2.130129842928058792e-01,3.883361000160633347e-01,7.327383683310617624e-02,-9.552360957681241271e-02,-3.077344241284520887e-01,-1.871141260932357164e-01,-2.077810458899428392e-01,1.128183307294226001e-01,4.951777350546827106e-01,1.392522867101097517e-01,-1.528930958599412082e-01
-1.085281710824260865e-01,3.214139890378753805e-01,-1.744080461987841391e-01,1.931253127288679039e-01,-1.706380595802625411e-01,-3.741357021155561347e-01,-1.132589393478296708e-01,-1.102296565325981970e-01,-1.074532360472253978e-01,3.390560555121880371e-01,-8.916540743302382721e-02,3.184057429741329326e-01,5.729948270657935633e-03,4.361045148950924710e-02,2.029808143535358489e-01,3.198552110940637294e-01,3.003654584351071744e-02,1.496592991706567621e-01,-1.801337259541457847e-01,8.328683455383603662e-02,-3.378435446305315393e-02,1.094080558672200776e-01,-2.336619511590248277e-01,3.095711360635070020e-01,-4.026720823316715277e-03,3.795322836194913729e-01,-2.272017653213767585e-01,1.899585662525662133e-01,-4.625641095203314457e-02,7.368964279511178161e-02,1.467267727678704670e-02,3.470113043857985247e-01,3.868840045900395208e-01,3.098359620401034409e-01,3.180380204905741137e-01,-8.601227101302295897e-02,2.333802220181850628e-01,-8.942392412897998133e-02,-2.305655122668456569e-01,1.793836918755624676e-01,-1.475072598108300714e-01,-4.209698534036842438e-02,5.071996635846485191e-01,-3.842680398573231071e-02,4.476732533239396461e-01,2.853405933998021671e-01,2.548235738794090710e-01,2.942013599972941318e-01,6.340156869620732216e-01,3.950640850231844081e-01,7.615941559557648510e-01,-1.106491538658866125e-01,9.906755892056756663e-02,-1.712356655417147239e-02,1.880595854022094893e-01,-1.841347956904557381e-01,4.481100411665384642e-01,2.906738798038066562e-01,5.416377811612679283e-01,-1.552098131964700645e-01,4.364916390962084169e-01,2.061591901216334177e-01,-2.344499877733957627e-01,2.109374061665715214e-02,3.902248610074394719e-01,3.631259927663072484e-01,-2.541834816972788486e-02,-2.802899639049932223e-01,-8.984353621645055354e-02,3.215984453725480308e-02,6.833214833828004688e-03,3.352815511003645610e-01,6.098777504322138582e-02,5.525405209764001901e-02,2.022603249835224215e-01,-2.372306625624902021e-01,1.063898021230541167e-03,-9.785114638804642828e-02,1.143918754157762507e-01,1.106672860150732796e-01,2.779395270855136713e-01,3.807263199270222165e-01,1.054438219685332467e-01,1.647264764779818036e-01
-1.519142141355424303e-01,-3.270469071574359510e-01,4.927840115230159856e-01,8.558608029183299715e-02,4.954495874332331407e-01,-2.191369973248097069e-01,1.105522146985305071e-01,1.588415633941428207e-01,4.293406799201497925e-01,1.296283101823424988e-01,7.129855211209915611e-01,2.895507781303215955e-01,-4.722912997323875511e-02,3.320663578597629617e-01,3.583524271518506721e-01,-5.780913949119986101e-02,2.711412292347573083e-01,2.108816428463706760e-01,8.897684817549122993e-01,2.678306512809308093e-01,-2.141939928841105900e-01,1.771927364149646356e-01,-8.709041499625472249e-02,-9.135127633346870613e-02,-4.065118688973319849e-01,-1.486446569471369383e-01,1.688473345538127057e-01,1.758286287910690859e-01,-2.791504002901455395e-01,1.061828731010380222e-01,1.091309380098092890e-01,2.110197927741703783e-01,1.282529493527874154e-01,-1.708998615255371001e-01,-3.086212614112131547e-01,5.930320096438351785e-01,-4.516160792410443131e-02,3.638075256155726134e-01,-5.504026971028390669e-01,-2.384315620329859053e-01,8.344963278848135935e-02,2.812299023684783905e-01,2.107298914995160005e-02,7.788449005617629206e-01,3.172571156263902931e-02,-3.054625857972550484e-01,3.111492253448040479e-01,2.965237373349123851e-01,-1.795030138902254935e-01,-1.117370058051751630e-01,-1.106491538658865847e-01,7.615941559557648510e-01,2.420885516136195570e-01,-2.941021031332115565e-01,2.212040276695780017e-01,-8.689047950395148087e-03,-3.497710435667825135e-01,-5.726375532448609862e-01,-4.004082245200477619e-01,6.826893189351139479e-02,2.493702134505810727e-02,-3.989197212451339181e-01,8.943583575498018079e-02,-7.955413640537213615e-02,4.255317641793457395e-02,-7.914562045225566334e-02,-3.175627801112839710e-01,-1.579515169489208171e-01,-4.039265121259051350e-01,-2.764802523505890952e-01,-7.737012735532779184e-02,5.357260280361725302e-02,1.130230879407994049e-01,-1.651522930734367622e-01,1.958674023611984283e-01,1.100786639993050868e-02,-2.825406212740845247e-01,-2.102323117269123132e-01,-3.726071971921617321e-01,-3.624873557159483117e-01,-2.103550439276310191e-01,-5.087039344533521995e-02,-8.091864219615839404e-02,-2.696179530452114670e-01
4.229798035488999686e-01,-2.039871443816356489e-01,4.726971931064948285e-01,5.952672901532914292e-03,1.103300242510835832e-01,8.768331225079815938e-02,4.525597825921088835e-01,-1.113577132067353898e-01,2.431442220224518114e-01,3.559281196979689477e-01,2.110252277986242875e-01,2.949439093166713599e-01,3.656544763981270374e-01,3.383656382769726495e-02,4.149935351903636938e-01,1.736000964295155713e-01,4.346356140816340363e-01,4.633512156609080890e-01,2.502700365294520668e-01,8.201047957116367471e-01,-1.794542333816428747e-01,6.593732308386944796e-01,-2.438728950382501315e-01,-2.104394094511813917e-01,1.081811323455348639e-01,3.880697321644571707e-01,2.803341904370145743e-01,6.056704774193866214e-01,4.781074078409797146e-01,2.926699065224790952e-01,2.125215652269952377e-02,6.717185844590948252e-01,1.597403965668346415e-01,2.366391966983370510e-01,2.137720218696428920e-02,4.664982865734723649e-01,-1.565809367165006127e-01,1.201385488801261781e-01,-2.541030315134749640e-01,3.580679830046834544e-01,-2.328118123520385163e-01,3.226521186564083044e-01,2.676584737445946716e-01,2.626623706658137158e-01,2.532051396757348596e-02,2.196410485283988578e-01,2.233571378897027393e-01,5.402032610404901014e-01,-3.307903843862420451e-02,2.661198043217629650e-01,9.906755892056759438e-02,2.420885516136195292e-01,7.615941559557648510e-01,-1.567024525702251092e-01,8.481085569920250311e-01,-2.271927488387318339e-01,-3.011252378193002843e-01,-1.029837309745173374e-01,4.603329286734808568e-02,3.662607826750921558e-01,6.188287994418568694e-01,3.331777720356950967e-01,2.993426246197493090e-01,2.058457960689668298e-01,5.085869354486906024e-01,3.462987682128561007e-01,-1.107178796537982846e-01,-2.867948249544294836e-01,-3.926661186621817623e-01,-8.954366685450533547e-02,-2.907503408225448061e-01,1.939220967241471194e-01,1.670592518100226243e-01,-9.027613289855479506e-02,2.968286852657860964e-01,1.367623120631342448e-01,2.102508517274819799e-01,-4.634499058380255332e-01,-3.990156942229106107e-01,4.270839423960930137e-02,-5.174180047079055683e-02,1.571914034885688038e-01,2.444735953922424210e-01,-2.288081776426965364e-01
-3.745325605962613325e-01,5.252760336434544319e-01,-2.286973547203692558e-02,-3.164799562270779187e-01,-1.169159198147380202e-01,-2.166654842445630280e-01,-5.079952890837917678e-01,3.364883967886727612e-01,-3.310431335653615803e-01,-3.873948433113082457e-01,-7.836748744071231343e-02,-2.785160719372343774e-01,-5.843934866881586032e-01,3.693339529922406300e-02,3.977869744404019525e-01,1.373305694390579978e-01,-4.408503979247387905e-01,-1.380938716997086313e-01,-3.505454484402867332e-01,-5.092669533652689762e-02,8.140303860568497418e-01,1.015781693737347197e-01,3.108934637429068837e-01,2.343091658912722919e-01,2.285201580827995321e-02,6.832206040702296090e-02,-3.038029002176133656e-02,-2.937116137327398513e-01,-1.916715276742703145e-01,-2.725106379616358820e-01,-3.600525841090473356e-01,7.478206262738368304e-02,3.421408873361914127e-01,-2.813623631244731027e-01,5.722860675183827350e-01,5.377012341058285544e-02,2.362066069356739406e-01,-2.140540358883023520e-01,-5.903338780101995142e-02,-4.207253184005124713e-01,4.103687947413139359e-01,-2.827065658447156515e-01,-3.258568658256444928e-01,3.545765011482635010e-02,-1.731094620578529919e-01,-3.120239244166758685e-01,-1.375938382979155772e-01,5.024188448728408307e-01,1.664738431395114751e-03,-2.000369265295238730e-01,-1.712356655417147239e-02,-2.941021031332115565e-01,-1.567024525702251647e-01,7.615941559557648510e-01,9.825803625160446642e-02,3.680221159545550291e-01,3.201184826558167718e-01,1.927984548235312234e-01,2.609286686650710840e-01,7.440747376523665357e-02,-1.631483578398642831e-01,9.108035258642316334e-02,-1.297838205192597127e-01,-2.247269948265189499e-01,1.301260202383545672e-01,1.715191551208915532e-01,-4.134403113797906031e-03,2.749042712830205848e-01,1.486071069977591697e-01,5.953717683229908103e-02,-1.149821349407522814e-01,-1.104077825334743024e-01,-2.993707754076413430e-01,2.083473590926207542e-01,5.289717500083831320e-02,-9.566266848107697618e-02,1.369597624286159609e-01,3.224980702344892314e-01,4.460959870188791615e-02,3.939612054829700477e-02,-1.441954632318691865e-01,-8.531774269420288812e-03,-1.314745255104518007e-01,2.129919781500746734e-01
2.786496596894580402e-01,-7.903146392820463439e-02,4.216899422431668043e-01,-3.889196569046488722e-02,1.241829550852746322e-01,-1.119403512542668649e-01,3.424184619404200269e-01,-1.169135461784227975e-01,1.666252246365493850e-01,2.710129232397725518e-01,2.546066715235663080e-01,2.060833955565268272e-01,2.941208115517709998e-01,8.759527937010698484e-02,5.395548589304517417e-01,1.794295404891526335e-01,2.597776724841842078e-01,3.809341183869229264e-01,2.263986166097711195e-01,6.277696058079109687e-01,5.000689586852925805e-02,7.116757155573019133e-01,-1.773926840659498516e-01,-9.923727711149772646e-02,-5.515733148778211720e-02,3.664735412699095529e-01,1.360547172915101133e-01,6.074746532883702477e-01,3.818536097582112543e-01,1.775061747947065394e-01,-1.126161356088083432e-01,7.417571197460460786e-01,2.851757595247021992e-01,3.490045780548707288e-01,1.694030499760978414e-01,4.344667342826797340e-01,-7.712596722675324479e-02,1.558824983597842939e-01,-3.066887135323783098e-01,3.181714248804697887e-01,-2.311131402287672221e-01,2.464175374033833188e-01,2.492170313786143121e-01,2.612343569029503265e-01,-4.876911191911995069e-02,2.565093881783596097e-01,2.281908190731547215e-01,6.840776851093196553e-01,2.701111570790208360e-01,1.466735715280220453e-01,1.880595854022094893e-01,2.212040276695779462e-01,8.481085569920251421e-01,9.825803625160446642e-02,7.615941559557648510e-01,-1.502975772855989489e-01,-2.141699620655056202e-01,-1.643541299755656437e-01,2.411404909728340484e-01,2.144371447835884403e-01,6.191985322907530565e-01,3.974434924984112660e-01,2.814454167269795359e-01,1.484835779053035321e-01,5.683036025386157819e-01,4.417437672142526806e-01,-3.285160285102375899e-02,-2.422519260231475458e-01,-1.967726179012825871e-01,-1.130481725700623330e-01,-2.449615359181308571e-01,2.361792207458979775e-01,1.988111448458090846e-01,-5.097478176662142285e-03,4.140074817752828484e-01,1.529007130260567060e-01,2.539061876132505113e-01,-3.253402421400985456e-01,-3.881175468428125774e-01,1.529860393864846402e-01,7.649399696051926989e-02,1.740767800568067125e-01,1.596243271938527775e-01,-1.722946963216167304e-01
-4.658839946036236190e-01,6.416761337744650295e-02,2.879622194118048317e-01,-2.465379709776234218e-01,-7.553389108905222971e-02,-3.803629926826264662e-01,-4.928424105382751552e-01,5.405866665852683273e-01,-4.563255348853763049e-01,-4.869228095652256560e-01,2.281738432576856934e-01,-2.231990480358749529e-01,-5.230308894545215859e-01,1.398777265810470516e-01,1.794819994860958334e-01,-3.640299258862220722e-01,-5.219355625353575556e-01,-3.798032601124627372e-01,-1.376923503121358361e-01,-1.234007547230407120e-01,3.957756253051097906e-01,-1.528114203259992587e-01,8.537798549718000896e-01,1.130555777858350958e-01,-2.594504762401478870e-01,-3.171953959044496174e-01,-3.534539421343074056e-02,-1.634225806067135245e-01,-3.259830124391741579e-01,-4.829568477415544514e-01,-4.311352977128292130e-01,-5.883154069322026058e-02,-8.802258025277284736e-02,-7.086883746178825050e-02,-4.708236203123399716e-02,3.247571717276299119e-01,1.630535960550515695e-01,-7.089098830215613545e-02,2.956756717409884244e-02,-4.668369367754686694e-01,7.332592879161452526e-01,-5.036953154470086291e-01,-4.088248113008386420e-01,3.030288485970195622e-01,-2.675011894089472375e-01,-2.624037277130311652e-01,1.036770232585776663e-01,1.164860575626215367e-01,-1.832140798708794260e-01,-3.371236425972454764e-01,-1.841347956904557936e-01,-8.689047950395175843e-03,-2.271927488387318617e-01,3.680221159545549736e-01,-1.502975772855989212e-01,7.615941559557648510e-01,5.264705154543837529e-02,-1.418949501290812654e-01,-1.368483639050382394e-01,-1.669335506761619181e-01,-2.124485840743040588e-01,-3.897593515689372068e-01,-1.588679204867363415e-01,-7.471675010078966672e-02,-1.228164667737191018e-01,-1.883482116694967790e-01,5.636151634886689497e-04,1.633816528375148514e-01,1.754052193366985035e-01,2.349991634089971734e-02,-2.707720064563040041e-01,-3.113700069001511528e-01,-2.672749220329678210e-01,1.534018939159118022e-01,-3.152310403719510989e-01,-9.656604507162568074e-02,2.527273961752220938e-02,3.218328393270545318e-01,1.056939788125430824e-01,-6.922770449452123054e-02,5.143334440110564065e-02,-1.480612554936742709e-01,-1.219801332257793580e-01,1.562023926924553385e-01
-5.150303106336736603e-01,7.595717921142189910e-01,-4.083214170116953312e-01,-2.280585312412261867e-01,-5.535130465773032693e-01,-5.943005383614022863e-01,-5.641804261110435759e-01,2.853384104610566796e-01,-4.969379226322963028e-01,1.448407412378780179e-01,-3.207395580600787000e-01,2.180603344734892701e-01,-5.553107856050526481e-01,-6.318446577737206471e-02,-2.369503476788573787e-02,-6.307187336666443545e-02,-2.419875833801518605e-01,-2.484641409962442260e-01,-3.107149089589706925e-01,-3.677102825613460246e-01,2.635928556509810616e-01,-3.705348369094637051e-01,-1.693004599080701056e-02,8.818126173716552829e-01,-4.088402217738522360e-02,2.970970711667142994e-01,-5.511446417276651966e-01,-1.828877715007753146e-01,-3.972669148479917034e-01,-3.701219855634105826e-01,1.251543240329214442e-02,-1.003447005273256330e-02,5.009986442356454406e-01,-1.631631894439029284e-01,6.429731903429444229e-01,-3.853850720706895050e-01,1.270754293944344471e-01,-3.891640906436772962e-01,-1.153904165993772657e-01,-2.631296309629900243e-01,2.880812150554558082e-01,-4.872756184572163973e-01,3.473344945212819557e-01,-2.029853349157057507e-01,4.422812547875566436e-01,-1.537444497331186544e-01,-1.754003570272816559e-01,3.733734711924712596e-02,2.311488217515326737e-01,8.815023504166148716e-02,4.481100411665384642e-01,-3.497710435667825135e-01,-3.011252378193002843e-01,3.201184826558167718e-01,-2.141699620655056202e-01,5.264705154543841692e-02,7.615941559557648510e-01,4.559289305094349487e-01,6.508706449338405031e-01,-4.493016180988208541e-01,3.521804155703918415e-03,-1.403990249059439144e-01,-5.082647368624131357e-01,-2.008965114300187149e-01,1.547266706200090824e-01,4.654348676793088613e-01,8.579931579272982722e-03,-2.980086890348741524e-01,2.490012702220370522e-01,1.407322123257607471e-01,5.494700193458296883e-02,-1.093496964769861413e-01,-2.472757400903991543e-01,3.591356781584496005e-01,-1.128768302370490029e-01,-8.178947528264902955e-02,-6.265183707186716688e-02,-1.758759836635848117e-02,1.283522371926725802e-01,2.907405455430838240e-02,-9.830735377313208623e-02,4.647944336367500900e-02,-1.297638865837208444e-02,2.794636172972625454e-01
-2.008242524804370599e-01,3.422148485822723574e-01,-3.828370160720727111e-01,-1.277256093347009513e-01,-4.654595677296116119e-01,-4.102903972536063593e-02,-3.959326913861164199e-01,-2.299837613828538407e-01,-3.134664048472054487e-01,-1.014047790089008388e-01,-5.567957133525508473e-01,-2.903250748515375235e-01,-2.578949196209816552e-01,-2.594518436456528798e-01,-1.116137522487302136e-01,1.810917435812383347e-01,-1.920034742441707742e-01,-1.365662855035978951e-01,-5.922986659544374755e-01,-2.366357087684388960e-01,9.314243336678145260e-03,-2.575040765620306149e-01,-1.361073486556639012e-01,2.773328869346330938e-01,5.589256981627095389e-01,1.050735137395612528e-01,-2.520299135418621050e-01,-1.894152771927520573e-01,-1.789341119821684714e-02,-2.167165120815354173e-01,-1.608464835552762262e-01,-7.145079774920840010e-02,3.187444464385708054e-02,2.818139906346530180e-02,3.513029416156569495e-01,-4.506172425510176494e-01,7.558059817207861408e-02,-3.944209286305483952e-01,2.688333041071237495e-01,-1.083127450834552447e-01,-1.906590351763668423e-01,-2.705587492221733781e-01,1.395400538777654131e-01,-4.514178126490260845e-01,8.763483777544726905e-02,1.668602554211670863e-01,-2.301719198102463726e-01,1.656240763883692901e-02,3.370892210820087831e-01,2.643017859282464355e-01,2.906738798038067118e-01,-5.726375532448609862e-01,-1.029837309745173513e-01,1.927984548235312789e-01,-1.643541299755656715e-01,-1.418949501290812376e-01,4.559289305094349487e-01,7.615941559557648510e-01,3.996830505753586338e-01,-1.670881269585334228e-01,-2.480842962820205277e-02,2.771200682683430117e-01,-3.627202598958460533e-01,-2.092455074015865113e-01,1.012126527109325491e-01,2.006117098689863543e-01,2.068217880205745207e-01,-8.003753077442911368e-02,1.601531358709542829e-01,3.944064287369840327e-02,-1.447230998181585626e-01,-1.467586614186976723e-01,-1.219194473898215919e-01,1.147518972750620064e-01,-2.055570885143618298e-01,-6.806307081530425795e-02,1.626016850371619082e-01,-3.195878664972372912e-02,2.682482942747768662e-01,1.960115539142671670e-01,1.845175586596372042e-01,-1.459047279011669307e-01,-1.095097601240212909e-01,2.512842658750639169e-01
-3.964909455449250331e-01,6.912095924984009709e-01,-3.275003823408743076e-01,-6.828986880954523997e-02,-4.109400867836178195e-01,-5.370047413723642027e-01,-3.149694808857328998e-01,-1.338528068229119516e-01,-4.303212479910418220e-01,6.014200526686967058e-02,-3.597726433437026805e-01,8.843410030213595674e-02,-2.866999416336154516e-01,-1.535703245962071473e-01,1.446025536276402679e-01,6.099000914481823854e-03,-8.245204110923766427e-02,-1.506766179220083157e-01,-4.043286071733511733e-01,-2.089771514603634417e-01,7.740768156539350187e-02,-1.381438831497508457e-01,-2.565349175375252755e-01,4.648448347216521670e-01,-1.416845950065036830e-01,4.949162777865793172e-01,-5.207898173883673820e-01,5.048146116886120804e-02,-1.541623188566207392e-01,-2.340164962780096614e-01,-8.463097804986471906e-02,2.873379981595852173e-01,3.106336414980179761e-01,1.881110795278865266e-01,6.552248770102756525e-01,-2.949122898376617119e-01,7.374608003882622900e-03,-2.701236605026162141e-01,2.423008142684447350e-02,4.856218552310032077e-02,-5.786371732691050762e-02,-3.174984193911862818e-01,3.677044856907931147e-01,-2.856360251197480049e-01,3.369456331579100405e-01,1.974424855175954396e-01,6.204981433418848419e-02,3.111549062065617766e-01,5.089877221541699859e-01,2.933399004600927840e-01,5.416377811612679283e-01,-4.004082245200477619e-01,4.603329286734808568e-02,2.609286686650710840e-01,2.411404909728340762e-01,-1.368483639050383782e-01,6.508706449338403921e-01,3.996830505753586893e-01,7.615941559557648510e-01,-1.681086560558160969e-01,2.809685109886978505e-01,2.821354015533750204e-01,-4.691052050536388407e-01,7.265070349752494883e-02,4.116210496264218199e-01,4.479344043316785262e-01,1.394874270068071354e-01,-3.651194354403170528e-01,1.698042647063575661e-01,7.942432022561764227e-02,-1.192489300026594451e-01,-4.418079273448186073e-02,-2.223822017522436856e-01,1.999279176894120102e-01,-6.497771692760286044e-02,-4.398650085650956942e-02,-4.018438770206790578e-02,2.049609175450935877e-02,1.577549127811569696e-01,2.646490968251111742e-01,8.864096400899421080e-02,1.383933659088117940e-01,4.537083121167449253e-03,1.467847710934961358e-01
1.278668190409175676e-01,-3.828972456182340722e-01,3.780309169700298288e-01,2.109153555797688984e-01,3.905398652393055614e-01,1.738949712133137093e-01,4.144909134315264421e-01,-2.662444846798714959e-01,3.653653869999953785e-01,-1.750931867747862192e-01,2.147421303481328037e-01,-1.981470831237268637e-01,3.242046287247048186e-02,-1.194572068124868380e-01,2.887579196927541059e-01,-4.536099921779527394e-02,-1.298012372397054082e-01,3.617916583304331413e-02,5.380744492442775496e-06,3.288806723718886160e-01,-2.618487657373555835e-02,2.532642497105639934e-01,-2.729188844624833576e-01,-4.432505155909834405e-01,-1.452481322066938862e-01,-1.241536857227291818e-01,8.070331312710606886e-01,5.155310339289802951e-02,2.539293314331424467e-01,2.495542511759595850e-01,-6.844819427233098108e-03,3.601689751646872800e-02,-2.665726647346259859e-01,-4.418033737653900839e-02,-1.358045986610548483e-01,4.699584123033378469e-01,-2.083314410897400045e-03,2.942247127664633921e-01,-4.626479253947881481e-02,3.886977711161752058e-01,-2.127080066789341917e-01,3.978529715118968579e-01,-2.369176277669059749e-01,2.462696844023810616e-01,-2.196744198523233882e-01,9.625694186883528014e-02,1.364718857606728175e-01,3.213627934993548707e-01,-2.054256903352027208e-01,-1.031288923791965212e-01,-1.552098131964700645e-01,6.826893189351142255e-02,3.662607826750921558e-01,7.440747376523665357e-02,2.144371447835884403e-01,-1.669335506761620569e-01,-4.493016180988208541e-01,-1.670881269585334505e-01,-1.681086560558160137e-01,7.615941559557648510e-01,1.569441297477141770e-02,3.708799917989805128e-01,3.409935690612606041e-01,1.932128138584953136e-01,-1.870330072432496160e-01,-2.541536270189768132e-01,9.784448104187146167e-02,4.521080700578643252e-02,-2.665819411668600147e-01,4.128563038142856606e-02,-2.666224278384553004e-01,1.198967418086918785e-01,1.326917179226828891e-01,-2.911572861994914541e-03,1.237554847328403984e-01,1.298971937426035284e-01,1.720284703193167009e-01,-5.221764331283829108e-02,-1.265580881767392751e-01,7.071571921441553721e-02,-1.956202374174488834e-01,7.253942398062067365e-02,1.919886663802037041e-01,-2.019606496010954710e-01
4.054946884609720303e-01,9.160720002762264003e-02,2.604082537479301962e-01,1.990819919984457009e-01,-6.124970778986200959e-02,-2.186065780598196728e-01,4.247408470087535304e-01,-1.045891169534583220e-01,-2.997416767185446737e-02,4.666088255572760080e-01,3.978504789489251819e-02,4.147973645098675388e-01,5.680282166809910160e-01,-6.991912381587683800e-02,2.158996539752981170e-01,2.407923538046012335e-01,3.060716702386676036e-01,5.078103815759874573e-01,4.135047815729098880e-02,4.532408503702133884e-01,-2.133573453417555166e-01,3.618804882372015364e-01,-1.710935789397276807e-01,-5.000660077950484783e-02,6.133349286781436538e-02,4.982857778830355744e-01,-3.533905483001460734e-02,8.684632000677287023e-01,3.208234429339419380e-01,1.091152557446916638e-01,3.950298357392766080e-03,8.063641431804015047e-01,2.555842881596913085e-01,6.891146570063159116e-01,7.587804608001227913e-02,1.709097398663507739e-01,1.108979836624205961e-01,1.208403265014627581e-01,-3.026873753922896260e-01,4.224736076306809252e-01,-1.752603201571450442e-01,1.471253677510347135e-01,4.226090177830401085e-01,4.786236021369322247e-02,1.740564963039331614e-01,5.548233208305347608e-01,2.046563050801224470e-01,3.051556250224808919e-01,3.222263146457393090e-01,3.001374061361135603e-01,4.364916390962085280e-01,2.493702134505807952e-02,6.188287994418568694e-01,-1.631483578398642553e-01,6.191985322907529454e-01,-2.124485840743040865e-01,3.521804155703849026e-03,-2.480842962820207359e-02,2.809685109886977950e-01,1.569441297477138994e-02,7.615941559557648510e-01,3.548904665987119289e-01,2.820763259731779993e-01,1.465694876042203942e-01,6.727674415333865232e-01,4.262938129657106168e-01,-1.400961202490609014e-01,-4.250468402599910100e-01,-3.023795423926612935e-01,-1.311708350967005776e-01,5.563499798252605905e-02,4.014610469339915944e-01,3.579296329764416473e-01,9.611621103482366479e-02,4.799623035233600565e-01,1.988777492755508872e-02,9.876406204856813531e-02,-5.548201770635468044e-01,-3.586279223958431239e-01,6.942615422308195949e-02,1.933771656644744374e-01,3.814919657348896376e-01,3.054827842892343104e-01,8.952385926777940706e-02
2.431248197451661430e-01,-1.092195718275142287e-02,1.517890162056179625e-02,1.987225851768315357e-02,-1.226799392602401645e-01,3.835205959707189971e-02,3.274908055190902112e-01,-4.981405662406769852e-01,-1.253704410922382440e-01,-3.135390239215139763e-02,-2.583456507604046104e-01,-1.488708403221293552e-01,2.354444078313991384e-01,-2.044228708369442149e-01,1.060110647938592027e-01,3.183845439070208116e-01,-3.132055501339338355e-02,1.460774533345438331e-01,-4.011164872084335142e-01,1.536618215390479769e-01,-3.048361982284424412e-02,2.746055134050363611e-01,-3.263128747966617671e-01,-2.813318750295147330e-01,2.679567379430858320e-01,2.266353586563899791e-01,2.226800717463713053e-01,1.578035413445255108e-01,5.036489785177331591e-01,1.376203093086619533e-01,-1.107034705080038733e-01,3.323271628810320899e-01,-2.869811994786484674e-02,2.547490565636819637e-01,2.227857137376161034e-01,-2.599646670967036693e-02,9.129943765794934496e-02,-6.802699618329892395e-02,4.592499571862320579e-02,4.374070428926789544e-01,-4.729879152033083511e-01,3.373633535266507000e-02,-2.894104132955165748e-03,-2.153069738813109535e-01,-2.176684198830934891e-01,2.856127643876936739e-01,2.208018884918419925e-02,2.398561552819074572e-01,4.297446034997623454e-01,-1.350771104138415689e-02,2.061591901216333067e-01,-3.989197212451338626e-01,3.331777720356950967e-01,9.108035258642324661e-02,3.974434924984113215e-01,-3.897593515689371513e-01,-1.403990249059439421e-01,2.771200682683430117e-01,2.821354015533749648e-01,3.708799917989805128e-01,3.548904665987119289e-01,7.615941559557648510e-01,1.340270198302462301e-01,2.300131310214565128e-01,3.305558639452431113e-01,7.931538164467601126e-02,1.290060308211176954e-01,-1.833283438714985725e-01,-8.682662800985928298e-02,-1.265668170274076090e-02,-1.820471797869559760e-01,1.986329037795505070e-01,1.186582679958450570e-01,-1.030686124860977562e-02,2.867070234700991316e-01,-6.422848362134372935e-02,2.604053333658444269e-01,-3.139496579650155605e-01,-4.767705903071876861e-02,1.767449105723406522e-01,9.690033005970127844e-02,1.626088184805504766e-01,1.145759057074736686e-01,-1.506833362058034725e-02
2.712696276968924458e-01,-4.573042564054081716e-01,2.832372645899076669e-01,1.602110738229689524e-01,3.892092433932086704e-01,2.726385752741729562e-01,2.636247487970220793e-01,3.571107616276607971e-02,2.293790379328544404e-01,-1.444854040152654118e-01,2.289142650397168743e-01,3.053834497200784426e-02,2.544371423396782350e-01,1.889376671563314791e-01,-6.473484396934901797e-02,-3.233310679209421001e-02,-5.808133343220356348e-02,1.171221918897312891e-01,1.245834841204085663e-01,1.577106115103891482e-01,-1.324934978580371847e-01,8.045176207481870290e-02,-1.112283727988390980e-01,-4.802001439118276926e-01,-3.423860574621637176e-02,-2.681470860629937003e-01,2.320315733762596533e-01,3.039160457922153724e-01,-1.121703984340619150e-03,2.643683216593157304e-01,-2.789893769757750830e-01,3.083371303391812535e-01,-9.440333602707412508e-02,1.185908023769502995e-01,-3.909641713611132774e-01,2.201173902771079993e-01,1.622879029348895108e-01,4.856349177681122398e-01,1.741936395124902004e-01,1.817532454321230395e-01,7.095249863271908819e-02,3.084299280259769072e-01,-2.692396497677161937e-01,2.986440714073250735e-01,-2.919800196310324281e-01,7.423971827126765732e-02,2.687209103703650515e-01,-5.283401145623618095e-02,-4.769318708828221981e-02,-1.638341100754396040e-01,-2.344499877733957349e-01,8.943583575498015303e-02,2.993426246197492535e-01,-1.297838205192596572e-01,2.814454167269795914e-01,-1.588679204867363137e-01,-5.082647368624132467e-01,-3.627202598958460533e-01,-4.691052050536388407e-01,3.409935690612605486e-01,2.820763259731779993e-01,1.340270198302461746e-01,7.615941559557648510e-01,1.116236735760432891e-01,2.411444134375636539e-01,-4.143790561089660124e-02,-4.731882475893923329e-02,-1.947960885069996984e-01,-2.099752493881259230e-01,-4.942459102772429197e-03,-5.154516742217994663e-02,1.225724673850730889e-01,-7.046480749091060813e-02,-1.222683473861791575e-01,1.681306188235245913e-01,1.515936875413445573e-01,4.221552614031963413e-02,-2.707808581112886026e-01,-1.593030063083663295e-01,1.795351468964479225e-01,-1.185442559251531636e-01,5.429517042072054545e-02,-1.317341000441923649e-01,-1.439713424009947396e-01
1.883478792494767129e-01,-1.436071976753885149e-01,1.706572636015315503e-01,-1.112053995082926822e-02,2.511959799512830660e-01,-1.097674389510768650e-02,4.561807090583252511e-01,1.780892548558430169e-02,1.006660609620313729e-01,2.174037039346470301e-01,9.094097340916314220e-02,1.074099954702618376e-01,2.818867270415608695e-01,1.943348597530366595e-01,-1.280698449374373937e-01,5.306056998094094146e-02,1.030192168556306326e-01,1.324397357364464345e-01,-4.062242018502990049e-02,2.574826648977573962e-01,-2.758659681250612006e-01,1.927816634633037762e-01,-7.513633606785273533e-02,-2.521525060418426945e-01,-2.408941027265501522e-01,1.599962996289521974e-02,2.023899831905217606e-01,8.237541310184377796e-02,1.711156098358710409e-01,2.995805631321060009e-02,8.424882697232781784e-03,8.107459212717316177e-02,7.544513478605957037e-03,1.870213351876793828e-01,-3.915241689951485388e-02,1.055545317163678054e-01,1.162117466338277449e-01,3.314165496477605166e-01,1.098317040345494905e-01,4.570103469883547431e-01,-7.669884920961921038e-02,2.202622304918501750e-01,2.716107715143159518e-01,4.133435257407954734e-03,2.696110764754550138e-02,3.130051220748040208e-01,2.628432403626674851e-01,-1.845353318617650451e-01,-3.028154469411667091e-02,9.045585410721836139e-02,2.109374061665713132e-02,-7.955413640537213615e-02,2.058457960689668298e-01,-2.247269948265189221e-01,1.484835779053035598e-01,-7.471675010078969448e-02,-2.008965114300187149e-01,-2.092455074015865668e-01,7.265070349752494883e-02,1.932128138584953136e-01,1.465694876042204498e-01,2.300131310214565683e-01,1.116236735760432891e-01,7.615941559557648510e-01,-4.070076990584041432e-02,-4.930548564112175597e-02,4.876276744589538858e-02,-2.619303624168314304e-01,-1.701099863492276931e-01,-1.268229318248679516e-01,8.094465283770238551e-02,1.860775130809480815e-01,9.278634383417676268e-02,-2.623573648181894424e-01,2.699365685634784184e-01,2.820540119640068677e-01,-7.010410101868058685e-02,-2.487286908758114257e-01,6.161881512595661359e-02,-1.342302259152098332e-01,1.009377259403245602e-01,2.974288888256853003e-01,1.450201777100033063e-01,-1.132285011460541918e-01
1.720822446255819704e-01,3.085489201990781472e-01,1.498421334927838577e-01,-1.393931254495242023e-01,-3.229734164806465913e-01,-1.784455178484586346e-01,7.239313080300022185e-02,-5.962476216503523330e-02,-2.368919062317486057e-01,2.662783437625087513e-01,-6.973492225200290939e-02,1.873330314527824336e-01,2.863288584780510071e-01,-5.086866959159148938e-02,3.151084208135806475e-01,3.658354153586728663e-01,2.938186368888132671e-01,3.792276994114814337e-01,1.172782599934061726e-01,3.226938744027527117e-01,3.442177459259689043e-02,3.785130857262450355e-01,-8.148978431642792120e-02,9.834649486199366353e-02,2.567780060824765287e-01,5.514879936433375596e-01,-2.315774718550264732e-01,5.433638677801266859e-01,2.984981431310205768e-01,1.652948970149470398e-01,-6.028019789319975091e-02,8.795000107277411994e-01,4.391653515429913557e-01,1.211651907638156417e-01,2.348523405319008495e-01,4.022468585284746934e-02,3.552030401008389113e-03,-2.611942061842272289e-01,-1.919520185550077640e-01,5.766585078979638568e-02,-1.265259539691934443e-01,-1.949778130773079932e-01,2.605697355099003132e-01,-7.710593457596624789e-02,4.908268018803861599e-02,1.483129338261653107e-01,-8.177568839470883422e-02,4.753411343185187099e-01,3.601910872882727044e-01,2.573275422662178458e-01,3.902248610074394719e-01,4.255317641793457395e-02,5.085869354486904914e-01,1.301260202383545395e-01,5.683036025386161150e-01,-1.228164667737191434e-01,1.547266706200090824e-01,1.012126527109326046e-01,4.116210496264218199e-01,-1.870330072432496160e-01,6.727674415333865232e-01,3.305558639452431113e-01,2.411444134375636539e-01,-4.070076990584041432e-02,7.615941559557648510e-01,6.427854373770638396e-01,-1.640111129671731616e-01,-4.132840536568830880e-01,-2.694538569401968009e-01,-1.613979509036022331e-01,1.526272405559322802e-02,9.849244837462622915e-02,2.315914567920968059e-02,2.895582307991361251e-02,3.992315639473841826e-01,-3.135382785034287328e-02,1.199096039570111405e-01,-4.725946826499772269e-01,-3.205240240945000929e-01,3.422284861910328962e-02,2.772082940865093770e-01,6.016302611953043555e-02,-5.533519736890854523e-02,-6.105627959745107275e-02
-7.822976011994006718e-02,5.226848767516596439e-01,2.090024022175578002e-03,-1.109311333158493999e-02,-1.565006942784150923e-01,-3.366029780847523689e-01,-6.123277671003664324e-02,1.157193842793126093e-01,-1.241029818386789607e-01,4.140867362649648942e-01,-5.629820497917030530e-04,3.870436185308176458e-01,-9.034126615381841974e-02,2.281103561810604585e-01,2.534563055964725309e-01,2.205509059332394217e-01,2.476758377932495592e-01,1.973616993576424727e-01,-5.392686545044928295e-03,2.633124983480646941e-01,1.683840742601222518e-01,3.209199387966152894e-01,-1.726357013833363652e-01,3.860803214432601549e-01,8.806090821943611535e-02,5.055290788613665542e-01,-2.937005948343269224e-01,2.748964731047233712e-01,-1.454384635791993452e-01,4.779658827489168677e-02,-1.710699029728427190e-01,6.734223415759815756e-01,7.833129865536371250e-01,-5.621134827036634168e-02,4.189966120582188092e-01,7.360455580602668930e-04,-5.281222018951372416e-02,-3.022917933182880934e-02,-3.166960677643950173e-01,1.505932318168046735e-01,-4.721570698232877700e-02,-6.636579464604219769e-02,4.770045898152075470e-01,6.972033131685895224e-02,3.544667300850539160e-01,5.162835819150900923e-02,2.002264110119057750e-01,3.626132481827576970e-01,2.339230471857578209e-01,3.049905564296169769e-01,3.631259927663071929e-01,-7.914562045225566334e-02,3.462987682128561007e-01,1.715191551208915532e-01,4.417437672142526806e-01,-1.883482116694967234e-01,4.654348676793088613e-01,2.006117098689864098e-01,4.479344043316784707e-01,-2.541536270189769242e-01,4.262938129657106723e-01,7.931538164467596963e-02,-4.143790561089658736e-02,-4.930548564112178372e-02,6.427854373770639507e-01,7.615941559557648510e-01,-2.071974712213615344e-01,-4.665149081891669103e-01,-1.231200439163138427e-01,-1.460093845484468911e-01,1.703898566606668746e-02,3.672402280531271157e-01,1.616597512236714329e-01,-2.520892020654408316e-02,4.478996099967478273e-01,3.769731047954505421e-02,6.949200418055036244e-02,-4.923549094437181806e-01,-2.304699479373235604e-01,-1.307107691067014299e-01,1.451389207986078511e-01,3.369808102420727147e-01,1.836336781311824484e-02,-1.591148028173380025e-01
-1.579752625955117562e-01,-1.273045657058428370e-01,-2.188499069169979050e-01,3.817311060789847083e-02,-2.765307956052927008e-01,3.957326569334879141e-02,-2.692474326182446309e-01,-8.804418111190018270e-02,-3.899234021407861350e-01,-4.434416103078477334e-01,-2.407300660397304892e-01,-1.867917695357169949e-01,-1.953337125601226909e-01,-2.109380867557240913e-01,-3.336518484060385648e-02,-2.581620328635007011e-01,-3.307003239090827162e-01,-3.075114476544440478e-01,-4.054355226026601922e-01,-2.019129894350339960e-01,-7.037947165011582129e-02,-2.875804929176737357e-01,3.707467514231631983e-02,-6.925448987125766565e-02,-3.437837592896772487e-02,-1.193357643508356769e-01,-1.099379886966247583e-01,-2.736568581468340478e-01,-1.805793449938140893e-01,1.760244668245357635e-01,-1.930809315902869694e-01,-2.531186172032228732e-01,-2.974055694063815758e-01,2.894627622803659303e-02,-1.274068500337539600e-01,-2.084971152557557050e-01,-1.683595286881381103e-01,-2.227627971914184213e-01,2.506098945067506412e-01,-2.511155034324459856e-01,-6.193652111765717699e-02,-3.169968611921636370e-01,-2.588520143968834342e-01,-2.713392512635232623e-01,-1.219153676338952524e-01,1.077013653878740145e-02,-1.257973518152209480e-01,-3.985460629124545906e-02,1.528617636801123288e-02,-1.519314067762775333e-01,-2.541834816972791261e-02,-3.175627801112839710e-01,-1.107178796537982846e-01,-4.134403113798017053e-03,-3.285160285102377287e-02,5.636151634886689497e-04,8.579931579272989661e-03,2.068217880205745762e-01,1.394874270068071631e-01,9.784448104187143391e-02,-1.400961202490609014e-01,1.290060308211176676e-01,-4.731882475893928880e-02,4.876276744589545797e-02,-1.640111129671731616e-01,-2.071974712213615621e-01,7.615941559557648510e-01,2.019811131452264874e-01,1.230657050919723855e-01,3.197777703838061147e-01,-8.677074315489913259e-02,-1.204518523304850403e-01,-1.850447797534427452e-01,-3.581576436967668503e-02,-1.974178653792278970e-01,8.877216325388916085e-02,7.024763527986759293e-01,1.962534133143761239e-01,1.570587313665251228e-01,4.627506721396100198e-01,2.960356163731723278e-01,-1.537016819779381815e-01,1.260426625721043636e-02,1.736694282191470484e-01
-1.573986881261933424e-01,-4.458237291996165752e-02,-1.417625993948116447e-01,-8.672090638088827963e-02,2.070410342075256968e-02,7.466742422286001823e-02,-4.143476462935183902e-01,2.121177432781671049e-02,-9.359621437992152182e-02,-5.539731181839228080e-01,-9.443420012316552188e-04,-3.669441277802464318e-01,-3.811954638043923427e-01,-1.398159835943781626e-01,2.400167553781631588e-02,-5.612917560147299978e-02,-3.911058295221264691e-01,-1.514119475939509074e-01,-2.224242918292490823e-01,-1.360536622433229370e-01,3.104722089895955994e-01,-1.111850271385155658e-01,1.424217943595091074e-01,-1.968185385165097112e-01,-9.783077200721430888e-02,-2.541506315857284815e-01,-1.593701896216148661e-02,-4.102843548727970746e-01,-1.086084483772846582e-01,3.169508299857025954e-04,-3.933468047700884596e-02,-3.397862243166923646e-01,-2.877183797353173311e-01,-3.064783568721536344e-01,1.158000726007244081e-02,3.127985860354626224e-02,-6.993388120900166649e-02,-2.124194147256507348e-01,2.584097089878939491e-02,-5.349480299722066956e-01,1.757702424581341349e-01,-1.221962021106386964e-01,-5.603368797804559875e-01,-1.026176005640775241e-01,-3.246769390226341701e-01,-3.525476853089689055e-01,-2.291561392250707208e-01,7.036464484776636108e-02,-2.922500466176433109e-01,-4.109072657166414899e-01,-2.802899639049932223e-01,-1.579515169489208171e-01,-2.867948249544294836e-01,2.749042712830205848e-01,-2.422519260231475180e-01,1.633816528375148791e-01,-2.980086890348741524e-01,-8.003753077442909980e-02,-3.651194354403171638e-01,4.521080700578643252e-02,-4.250468402599909545e-01,-1.833283438714985725e-01,-1.947960885069997261e-01,-2.619303624168314859e-01,-4.132840536568831435e-01,-4.665149081891670213e-01,2.019811131452265429e-01,7.615941559557648510e-01,2.138001127321872696e-01,1.111197272465611063e-01,-6.685554778009750176e-02,-1.232465909119143388e-01,-2.995518362615713359e-01,-1.122528089016943953e-01,-7.628670451302296818e-02,3.758915619144528875e-03,1.383424481193890054e-01,5.734042653842486015e-01,6.087330221594306617e-02,-5.157445548556158048e-03,-7.468652104163665817e-02,-2.266016002414052433e-01,-5.340139552457142530e-02,1.273557522816954612e-01
-4.739316045409387446e-01,2.574146899246201325e-01,-3.403942269542100663e-01,-3.562520621513948771e-01,-4.833301004160199810e-01,-4.623885010235720960e-01,-6.185127671522840931e-01,1.114608679561620713e-01,-4.567400648040454980e-01,-3.099617144921362200e-01,-2.067986112088144868e-01,-2.481614951916988610e-01,-5.172155247929051125e-01,-1.740719970608378131e-01,-8.979733764246851380e-02,-1.615664580772376013e-01,-5.210787420834275263e-01,-3.845394716467673280e-01,-4.168366269105752142e-01,-4.045652718402518166e-01,1.491348035941181815e-01,-3.668771370505715113e-01,1.709736978971974908e-01,2.887410365731429285e-01,-1.848963561303346992e-01,-1.245880441057658217e-01,-3.521260778589240248e-01,-3.449248928980693796e-01,-2.845219658615704694e-01,-3.610400787052754912e-01,-3.397256186706096859e-01,-3.591570574718300768e-01,-1.024958162250007437e-01,-1.477120558799685512e-01,2.296341202482465593e-01,-3.369841651908732083e-01,-4.309681555123866248e-02,-4.346194508234929033e-01,-1.470540280569675451e-01,-4.045915401045758197e-01,1.476960213610424844e-01,-5.024813531284563206e-01,-2.714235944795977407e-01,-2.677989464258522245e-01,-1.286332764346977131e-01,-3.240194253619960163e-01,-1.773059932033330399e-01,-2.428777053864589752e-01,2.397812971261696624e-01,-2.411104199312806562e-01,-8.984353621645059518e-02,-4.039265121259050240e-01,-3.926661186621817623e-01,1.486071069977591974e-01,-1.967726179012825594e-01,1.754052193366985035e-01,2.490012702220371077e-01,1.601531358709542552e-01,1.698042647063575938e-01,-2.665819411668600147e-01,-3.023795423926612935e-01,-8.682662800985928298e-02,-2.099752493881258952e-01,-1.701099863492277209e-01,-2.694538569401968009e-01,-1.231200439163138149e-01,1.230657050919723577e-01,2.138001127321873251e-01,7.615941559557648510e-01,1.474854636900603810e-01,3.180504861195988520e-01,-1.139185314404967952e-01,-1.667866663231925561e-01,4.451113455495274152e-01,6.829279289492606875e-02,1.278795798845747296e-02,-2.832165803621572095e-02,2.615240082985565429e-01,1.740700475686551285e-01,2.365537737945798136e-01,1.097333936466010490e-01,1.304046034014155406e-02,-1.458655082235571776e-01,3.296082091199891151e-01
-2.135379455293693607e-01,2.404939783903737097e-02,-2.221789254030565042e-01,-1.708060959708762594e-01,-1.053643583778283294e-01,3.849410619076469586e-02,-2.628851521548785097e-01,-4.619467312028011433e-03,-8.609833309175510263e-02,-2.054167547060889165e-01,-7.267221154242990699e-02,2.096595955936430833e-01,-2.889921562671747268e-01,-1.565746407085189806e-01,1.909199185006323421e-02,-2.122251023827418856e-02,-2.855267263675421163e-01,-7.463949125998206591e-02,-3.594583203617625622e-01,5.607589272017422972e-03,1.479296069468332420e-01,2.301346451648560165e-02,4.118954072992059984e-02,1.359914432628157033e-01,-1.453292506109459259e-01,1.638461261711168515e-01,-8.851519277547065245e-02,-2.757464720842914829e-01,-9.599373163150629745e-03,3.029323038396490864e-01,-1.144832416668973840e-01,-1.962075282002916643e-01,-9.972923517317872077e-02,-2.514819090774741417e-01,1.323310874835188777e-01,-8.281199620837009778e-02,5.434802716046168575e-02,-9.271915367201774560e-02,4.784828311043223814e-03,-1.590952027340440111e-01,1.293011158366231747e-02,-4.182042900651498224e-02,-1.400690033716562310e-01,-3.387007837371144858e-02,1.955117294061240185e-01,-2.276288565590432467e-01,4.163866793063490668e-02,2.552828999785444059e-02,-1.036645896598937105e-01,-1.260580462528371748e-01,3.215984453725478920e-02,-2.764802523505890952e-01,-8.954366685450537711e-02,5.953717683229908103e-02,-1.130481725700623052e-01,2.349991634089975898e-02,1.407322123257607194e-01,3.944064287369841021e-02,7.942432022561765614e-02,4.128563038142859382e-02,-1.311708350967005221e-01,-1.265668170274076090e-02,-4.942459102772443075e-03,-1.268229318248679238e-01,-1.613979509036022331e-01,-1.460093845484468911e-01,3.197777703838059482e-01,1.111197272465611063e-01,1.474854636900603810e-01,7.615941559557648510e-01,1.480288668793351137e-01,-1.930761276862886719e-02,-5.205293335325179849e-02,9.955710203888766541e-02,2.233370136210030554e-01,9.258164118041281587e-02,2.378962798448867599e-01,1.369728926351019838e-01,3.192255014538245006e-01,6.451069033066514358e-01,1.729215058970869634e-01,1.020722300400775384e-02,-2.568380319573903420e-02,8.457600659664610276e-02
-9.095101735549097899e-02,1.626302118716114742e-01,-2.191139905080945194e-01,3.421027994939426775e-01,1.301270137531230012e-02,-5.922038740864491585e-02,7.235997665023459480e-02,-1.076507510070992962e-01,-7.329017631438315000e-03,1.636777147817153610e-01,-1.514585565231209574e-01,2.204641312273708520e-01,-2.617833533165552992e-02,1.326654034164721774e-01,-2.117673975010846144e-01,-8.167185229438643501e-02,2.164889712448213321e-01,6.233670144267498131e-02,-1.314086346059821775e-01,-2.885593117204870994e-01,-4.882453156809056505e-02,-2.561239213845099560e-01,-2.377027579804938395e-01,6.514942082661694112e-02,3.773751270567814869e-02,-1.003962438617032743e-01,-2.322300214161110987e-01,8.247560339472308905e-03,-2.537123141719455077e-01,1.679600234185467944e-01,-1.190977992089613247e-01,1.518929112173722229e-01,5.256913848857042854e-02,-1.173282766139707202e-02,2.093919871693619983e-01,-1.961291091804339137e-01,-3.327635818945390983e-02,1.837076468822160941e-02,-2.518237527688511057e-01,1.306826311435488608e-01,-1.465743887076006446e-01,2.723828244385087007e-03,1.995384157280384943e-02,-6.271266331725036669e-02,1.599908448462613042e-01,3.817733064528903986e-02,7.316114098330182836e-02,-2.188435830893401268e-01,-1.102602615166123207e-01,1.372800130705739870e-02,6.833214833827997749e-03,-7.737012735532776408e-02,-2.907503408225448061e-01,-1.149821349407522536e-01,-2.449615359181308571e-01,-2.707720064563040041e-01,5.494700193458296883e-02,-1.447230998181585904e-01,-1.192489300026594312e-01,-2.666224278384552449e-01,5.563499798252606598e-02,-1.820471797869560315e-01,-5.154516742217993969e-02,8.094465283770239938e-02,1.526272405559322455e-02,1.703898566606668052e-02,-8.677074315489914647e-02,-6.685554778009751564e-02,3.180504861195989075e-01,1.480288668793351137e-01,7.615941559557648510e-01,2.909142865815201803e-02,8.398708868852798604e-02,2.800212020378629596e-01,3.293544940776391150e-01,-8.922011717136298092e-02,-2.520645463471725134e-01,-1.540397347053156785e-01,2.960847488519023907e-01,1.174136871336446952e-01,2.607313429670554128e-01,1.248746877824554180e-01,-2.326404368017926261e-03,2.578446554412845981e-01
1.159700601571818646e-01,-3.891906481914101518e-02,1.131632998499145226e-01,4.616473709048021234e-01,4.042550814935991776e-01,-4.357903320283429416e-02,5.768728792686184104e-01,-1.828191920491981440e-02,2.130543129785170131e-01,6.205372798621966446e-01,3.028079850411325991e-01,4.353119934891871989e-01,3.701753830105971588e-01,4.258129456392545920e-01,7.137470241266422044e-02,1.651329412613914971e-01,5.617172076554849403e-01,4.726553625570397710e-01,1.279655222348801968e-01,2.758226946531537327e-01,-3.714605132779542906e-02,2.792975994558638542e-01,-3.570710500269480558e-01,-1.482416112182676216e-01,-2.154119690636381035e-01,6.913483522255575719e-02,1.030015910338853147e-01,3.708266891540681343e-01,2.006050045810041371e-01,1.006078621015020769e-01,1.160318893143899993e-01,3.125661357357670811e-01,3.836237611826177618e-01,1.525095063504902371e-01,4.724129573318434222e-02,8.267101622829875485e-02,2.681410470502874621e-01,4.825266263743668849e-01,-1.310713604990531578e-01,6.208893880275434540e-01,-8.995732082418900211e-02,2.457127721296699374e-01,5.927466507271662577e-01,1.790222627074456174e-01,4.742773194515655932e-01,4.400994499767634238e-01,6.948648775227252994e-01,-9.347228630924962756e-02,1.942918713762234739e-01,5.621328745297933249e-01,3.352815511003645610e-01,5.357260280361725996e-02,1.939220967241471472e-01,-1.104077825334743163e-01,2.361792207458980053e-01,-3.113700069001511528e-01,-1.093496964769861690e-01,-1.467586614186976723e-01,-4.418079273448174971e-02,1.198967418086918507e-01,4.014610469339915944e-01,1.986329037795505348e-01,1.225724673850731167e-01,1.860775130809480260e-01,9.849244837462618751e-02,3.672402280531270602e-01,-1.204518523304850819e-01,-1.232465909119143388e-01,-1.139185314404967952e-01,-1.930761276862884637e-02,2.909142865815197640e-02,7.615941559557648510e-01,5.297772212322605645e-01,-9.069376273431424551e-02,4.309939151075377617e-01,1.245268452111934487e-01,-1.334483475541809461e-01,-3.559580421307617093e-01,-2.083763890795390372e-01,-1.210074646348257010e-01,-8.788352614406125252e-02,8.821757826516289924e-01,4.085863122394996494e-01,-8.835916705627281514e-03
1.171118167004090438e-01,-2.266407022394472670e-01,3.008768796299623460e-01,1.931436122857534410e-01,3.915432489419261586e-01,-1.833324781354646327e-01,5.738408834404961079e-01,-1.325133882811209973e-01,2.535928262284746215e-01,2.988077820995574396e-01,3.509814224719314257e-01,2.780376971588414126e-01,2.892384900232531919e-01,1.939640301467717987e-01,3.991981454147498082e-02,-4.045441304082839085e-02,3.065616984657633659e-01,1.723583446445687839e-01,1.261205004957851594e-01,2.646953552600260773e-01,-1.967281397343330351e-01,2.423265020147059301e-01,-2.528090393631399757e-01,-1.792927437956297609e-01,-3.723832499558805686e-01,-1.769033737253182526e-01,2.195762249364461294e-01,3.635795918070769406e-01,1.813969981952612553e-01,-5.887635467057673183e-02,1.314146475963235694e-01,3.086304393277643499e-01,1.041428359138659998e-01,2.494437292839722375e-01,-1.622753588652632306e-01,2.513542745676892731e-01,1.286653710259860230e-02,4.710938097419357651e-01,-3.182166586972828282e-01,5.449606850046513351e-01,-3.231772108252960463e-01,2.727426203358379597e-01,3.611933468552723236e-01,1.539230927683400141e-01,1.864558588810638629e-01,3.295830676164167583e-01,3.048752233979683535e-01,-1.579995619967147769e-01,1.973990828741865045e-01,2.553211194137631201e-01,6.098777504322135806e-02,1.130230879407993910e-01,1.670592518100225410e-01,-2.993707754076413430e-01,1.988111448458090846e-01,-2.672749220329678210e-01,-2.472757400903991543e-01,-1.219194473898215919e-01,-2.223822017522436856e-01,1.326917179226829169e-01,3.579296329764417028e-01,1.186582679958450848e-01,-7.046480749091063589e-02,9.278634383417673492e-02,2.315914567920970835e-02,1.616597512236714329e-01,-1.850447797534427452e-01,-2.995518362615713914e-01,-1.667866663231925284e-01,-5.205293335325177767e-02,8.398708868852801379e-02,5.297772212322605645e-01,7.615941559557648510e-01,-1.486993786600953882e-01,3.719091486422642645e-01,1.547159723983156376e-01,-1.693538712939219870e-01,-4.553743919739837720e-01,-2.588962686346725217e-01,1.539661040067674853e-02,1.798214176055878966e-01,5.235969751347402390e-01,6.257311723511508328e-01,-6.467127507530084918e-02
-2.489864301578843531e-01,3.857546679506210774e-01,-1.883088781155939639e-01,-3.008822313253882719e-01,-2.325319725948808147e-01,-2.697483207187401089e-01,-3.115991494978099796e-01,1.819635944036191444e-01,-2.575202638853905102e-01,-3.174692037121178978e-01,-1.423917471771159182e-01,-5.914864669218813237e-02,-2.430734965713065576e-01,-2.995717841439720086e-01,5.355966411272866656e-02,-2.321030666598565551e-01,-3.798664354800396215e-01,-3.117431051372542283e-01,-1.692077020382359853e-01,-8.769336559233019412e-02,1.643474820785431612e-01,-9.027137020590535188e-02,1.622493970014650400e-01,2.369306649811432630e-01,-8.005266196037635895e-02,8.159500699396672607e-03,-8.633944638140900185e-02,-2.281227190096805565e-02,-1.623903642122560553e-01,-2.636649925685816687e-01,-3.763090348981495969e-01,1.206956465634913683e-01,-7.222259671286859403e-03,7.600462597679739571e-03,3.484175557166744319e-01,-1.176942408460812106e-01,1.401388694217413078e-01,-2.025332777151173658e-01,5.234350980486388721e-02,-2.254590788101572263e-01,2.921277818056698949e-01,-2.432514977362709718e-01,-1.931377189014201468e-01,-1.107984585181261555e-01,-1.440300378016992899e-01,-8.282884110307857373e-02,-2.703472430997248543e-01,3.714397492832632874e-02,6.543520254549516080e-02,-2.130129842928058237e-01,5.525405209764003289e-02,-1.651522930734367345e-01,-9.027613289855479506e-02,2.083473590926207264e-01,-5.097478176662104121e-03,1.534018939159118022e-01,3.591356781584497115e-01,1.147518972750620619e-01,1.999279176894119825e-01,-2.911572861994885051e-03,9.611621103482370643e-02,-1.030686124860977042e-02,-1.222683473861792131e-01,-2.623573648181894424e-01,2.895582307991366802e-02,-2.520892020654419419e-02,-3.581576436967670585e-02,-1.122528089016943537e-01,4.451113455495273596e-01,9.955710203888765153e-02,2.800212020378629596e-01,-9.069376273431430102e-02,-1.486993786600954159e-01,7.615941559557648510e-01,-5.683288246765179352e-02,-1.205115163234341535e-01,-8.976918632092772965e-02,5.939485612422638894e-02,2.408118303840595109e-01,1.558859495109663207e-01,3.525291615032067477e-02,-4.316951631604099698e-02,7.568916842257196465e-03,6.343970306799967540e-01
7.321302049818256830e-02,1.721509382679866640e-01,1.359920980623181008e-01,1.659105543701843988e-01,3.064845517099709094e-01,-2.819385680544957418e-01,3.434683090340296951e-01,-1.419109757339108435e-02,3.254246245786736602e-01,4.720169246276830766e-01,4.037280033906935905e-01,4.512447499514776750e-01,1.287364669163207631e-01,1.501459400778108466e-01,2.537245059010317383e-01,2.636082211895863781e-01,3.344921821002210804e-01,4.005564852238929219e-01,1.751078665780274324e-01,4.279856304999686278e-01,1.279036617421753785e-01,4.829097900698902102e-01,-2.830470718062624291e-01,-2.492091243303489606e-02,-7.730209471647628283e-02,1.661338194338573271e-01,2.040749946135741177e-01,4.177075815792827274e-01,2.247553621834749993e-01,2.040688748460453839e-01,-1.639908789110577567e-02,5.483416408705148459e-01,5.018433248315876671e-01,1.615487208659075191e-01,2.292037227431063529e-01,1.903138489448974457e-01,6.731789440287350157e-02,3.894003227996050143e-01,-4.886732205349218483e-01,3.498450811963948470e-01,-2.228997710861310710e-01,4.008326469531099945e-01,4.200507221732163177e-01,3.204385113930483531e-01,3.539281288164921602e-01,2.139414661870158441e-01,3.921143524725874130e-01,1.896188358613217773e-01,2.709649488888417057e-01,3.883361000160633347e-01,2.022603249835224493e-01,1.958674023611983450e-01,2.968286852657860964e-01,5.289717500083831320e-02,4.140074817752828484e-01,-3.152310403719510434e-01,-1.128768302370490029e-01,-2.055570885143618021e-01,-6.497771692760281881e-02,1.237554847328404123e-01,4.799623035233600565e-01,2.867070234700991316e-01,1.681306188235245913e-01,2.699365685634784184e-01,3.992315639473841826e-01,4.478996099967478273e-01,-1.974178653792279525e-01,-7.628670451302302369e-02,6.829279289492604099e-02,2.233370136210030554e-01,3.293544940776391150e-01,4.309939151075377617e-01,3.719091486422643755e-01,-5.683288246765178658e-02,7.615941559557648510e-01,2.363778971270084905e-01,-8.904596225832257794e-02,-3.771590283160557999e-01,-4.033300422341227348e-02,2.160527122562602154e-01,1.900093691232475068e-01,3.539368329173247507e-01,4.476893752592679965e-01,1.203139431032766021e-01
7.186527433309439217e-02,-1.504955123821810348e-01,8.614969963495500149e-02,-2.337355358876353761e-01,5.999360497721131086e-02,3.482697262277731354e-02,8.751926131967013855e-02,9.056130493001357529e-02,1.200349526621321827e-01,2.073038970622608987e-02,8.045511570725921713e-02,1.303023072104093072e-01,1.199961492338736391e-01,2.187548434609658532e-01,-1.571718844780403967e-01,-5.648168905038123550e-02,-4.919129132050149844e-02,1.283175125132309836e-02,1.258170637425778671e-01,5.481651819878351206e-02,-1.350006934638169898e-01,4.816052636252126512e-02,2.054627265248846655e-04,4.624476705114860531e-02,-7.456515613296549327e-02,8.989187691404948444e-02,2.500737722376867797e-02,4.103728429002964639e-02,-1.981860847788711466e-01,-8.052069668679416592e-02,-2.436001088222322641e-01,-1.449479756989935364e-01,-1.333985415539411246e-01,4.477218629005065564e-02,-1.585705066709373889e-01,3.365432295118675476e-02,-4.504691534197773073e-02,1.628625699352033163e-01,-6.419890330555948210e-03,6.325956810317646950e-02,-6.861633216143421532e-02,1.681565641140785883e-01,1.424349002387420571e-02,-5.429273640096729525e-02,-1.640090984138803387e-02,7.134807629789063910e-02,1.836892458795000294e-01,-1.830265629630328794e-01,-1.305102421787653344e-01,7.327383683310614848e-02,-2.372306625624902576e-01,1.100786639993055725e-02,1.367623120631342171e-01,-9.566266848107694842e-02,1.529007130260567060e-01,-9.656604507162569462e-02,-8.178947528264900180e-02,-6.806307081530421632e-02,-4.398650085650956942e-02,1.298971937426035006e-01,1.988777492755514423e-02,-6.422848362134372935e-02,1.515936875413445573e-01,2.820540119640068677e-01,-3.135382785034288716e-02,3.769731047954508890e-02,8.877216325388916085e-02,3.758915619144459486e-03,1.278795798845752500e-02,9.258164118041281587e-02,-8.922011717136302256e-02,1.245268452111934210e-01,1.547159723983156099e-01,-1.205115163234341397e-01,2.363778971270084628e-01,7.615941559557648510e-01,2.447844962585640771e-01,-2.052485243105332813e-01,3.071698058579438312e-02,1.986021056391675532e-01,9.859038325663824209e-02,1.655036503756817934e-01,1.042710535947826145e-01,-1.449507950548250823e-01
1.828179888215391291e-01,-1.109314943825253780e-01,-4.654219305606567547e-02,-1.336360370442365719e-01,-4.232897941453653834e-01,5.066361421897504214e-02,-2.299547207883768096e-01,-3.005420645550715628e-02,-4.296401509645076944e-01,-1.803225802753081197e-01,-2.011606401435487301e-01,-2.472849351784680294e-01,-3.463552139462662549e-02,-3.149463880016612483e-01,2.343140064089310193e-01,9.629411894260272997e-02,-1.379114239833230116e-01,-5.008883233247336808e-02,-2.842311329579442214e-01,1.412729125850877565e-01,1.276748969654100119e-01,1.268142466101208343e-01,1.411012022174161773e-01,-1.040830620323834887e-01,1.954023950864756387e-01,4.687891389468780423e-02,1.062141664169482108e-01,7.969966404800318815e-02,2.140337647394079390e-01,1.346111349370441579e-01,-2.154528960909369850e-01,-1.329132710989938335e-02,-7.571292428721532186e-02,4.932736242533955484e-02,-8.890908848239079121e-02,-9.930908457042358917e-02,-2.246486594681555149e-01,-4.089511231241188538e-01,-7.248431287555603952e-02,-2.974887516189648751e-01,-1.303931262795156587e-01,-3.579515733543587874e-01,-2.554679075353429307e-01,-2.822189941164848781e-01,-1.665857769285450651e-01,-4.441272910795854290e-02,-3.477288267710835212e-01,2.503178891363423975e-01,1.297254101637760892e-01,-9.552360957681239884e-02,1.063898021230568923e-03,-2.825406212740845247e-01,2.102508517274820077e-01,1.369597624286159609e-01,2.539061876132505668e-01,2.527273961752220938e-02,-6.265183707186718076e-02,1.626016850371618527e-01,-4.018438770206789190e-02,1.720284703193167564e-01,9.876406204856810755e-02,2.604053333658443714e-01,4.221552614031957168e-02,-7.010410101868061461e-02,1.199096039570111544e-01,6.949200418055037631e-02,7.024763527986759293e-01,1.383424481193890609e-01,-2.832165803621574870e-02,2.378962798448867599e-01,-2.520645463471724024e-01,-1.334483475541809461e-01,-1.693538712939219870e-01,-8.976918632092772965e-02,-8.904596225832257794e-02,2.447844962585641049e-01,7.615941559557648510e-01,2.726777103108652539e-02,-8.054708279688553574e-02,3.279400738188955056e-01,2.953635854752115764e-01,-2.254201224801358761e-01,-7.290343122459545799e-02,1.037264150868785241e-02
-5.896142834344592076e-01,1.979740029036464871e-02,-3.173533181782599577e-01,-2.238991443464727338e-01,-2.115070549458805127e-01,-1.367608188389072554e-01,-5.980533229491802327e-01,1.328231498982710146e-01,-3.510963276399154953e-01,-6.146430464283629824e-01,-1.685923094256223109e-01,-3.859144645523274186e-01,-5.960769361427135093e-01,-3.328839334587014448e-02,1.264289324201541276e-01,-2.341963652467801416e-01,-5.312096873058382851e-01,-4.164367678885532720e-01,-3.596894650350773714e-01,-3.516754993838089316e-01,3.509129594320664070e-01,-3.172203813686070850e-01,2.237085456085078361e-01,7.409991422001570294e-02,-2.834018024078377440e-01,-2.113663809137513727e-01,-1.951785409863381615e-01,-6.294099369763965779e-01,-4.343096124792467649e-01,-1.865823241155666889e-01,-1.851108471905041353e-01,-4.913188686473970446e-01,-3.325099790917634413e-01,-4.069877233546340678e-01,8.781684178679033392e-02,-1.543749510183600182e-01,1.371547515470891154e-01,-3.198745598473551333e-01,7.520545050798539688e-02,-6.153292382047055309e-01,2.849397496801588381e-01,-4.120484185201302441e-01,-4.857099282903643567e-01,-1.536381937914410578e-01,-1.800369667305301569e-01,-4.338823741697284131e-01,-1.281838968320052063e-01,1.079717866552177830e-01,-1.724096982604771677e-01,-3.077344241284521442e-01,-9.785114638804649767e-02,-2.102323117269123687e-01,-4.634499058380255332e-01,3.224980702344890648e-01,-3.253402421400985456e-01,3.218328393270544763e-01,-1.758759836635853668e-02,-3.195878664972375688e-02,2.049609175450938653e-02,-5.221764331283829108e-02,-5.548201770635466934e-01,-3.139496579650155605e-01,-2.707808581112886026e-01,-2.487286908758114812e-01,-4.725946826499772824e-01,-4.923549094437181806e-01,1.962534133143761517e-01,5.734042653842487125e-01,2.615240082985564318e-01,1.369728926351020393e-01,-1.540397347053157617e-01,-3.559580421307617648e-01,-4.553743919739837165e-01,5.939485612422638894e-02,-3.771590283160557444e-01,-2.052485243105332813e-01,2.726777103108652539e-02,7.615941559557648510e-01,2.631065372680776449e-01,1.366595706130490639e-01,-1.738962289504090986e-02,-2.992311150662171904e-01,-1.667003586057853315e-01,2.424396714217427751e-01
-3.912328308335128457e-01,1.076906869546285644e-01,-3.312272174787167511e-01,-2.432238797158776944e-01,-3.894424607226514290e-01,4.730658874533652525e-02,-4.281816974354333283e-01,1.217570493076756410e-01,-4.011783219200804607e-01,-2.728017492863495930e-01,-3.275203178852602592e-01,-1.613596931239543730e-01,-4.388294762892644973e-01,-1.244574525843112622e-01,-2.870131608780239207e-01,-1.438527837567888656e-01,-3.777104981648681248e-01,-3.196321189899987703e-01,-4.930710360940999681e-01,-3.441748097802594386e-01,-2.031619289023461894e-02,-3.624962409470521840e-01,2.092866289821620762e-01,7.856801751276409895e-02,9.791547607482313856e-03,4.106332501829677503e-03,-1.562390409811968417e-01,-5.272792486469326523e-01,-2.799585537448089356e-01,-8.282559085241662789e-02,-2.644151903950446858e-01,-4.737233744827479831e-01,-2.602251460548875017e-01,-3.472110133080397731e-01,1.803044761666134366e-01,-3.444514433633347750e-01,1.715717916616070482e-01,-3.640322045125317652e-01,1.508677067655601056e-01,-3.770673578227761724e-01,6.223536140072247896e-02,-3.794913493885825329e-01,-1.919499355135471652e-01,-3.013564323650790855e-01,-3.753463143709885857e-03,-3.693641049898962470e-01,-1.584637692942676146e-01,-1.977916935983012325e-01,-6.286617374393291963e-03,-1.871141260932357164e-01,1.143918754157762785e-01,-3.726071971921617321e-01,-3.990156942229107218e-01,4.460959870188797166e-02,-3.881175468428126885e-01,1.056939788125430824e-01,1.283522371926725525e-01,2.682482942747768107e-01,1.577549127811569973e-01,-1.265580881767392751e-01,-3.586279223958431239e-01,-4.767705903071869922e-02,-1.593030063083662740e-01,6.161881512595658583e-02,-3.205240240945001484e-01,-2.304699479373235604e-01,1.570587313665250950e-01,6.087330221594312168e-02,1.740700475686552950e-01,3.192255014538243896e-01,2.960847488519024462e-01,-2.083763890795390650e-01,-2.588962686346725217e-01,2.408118303840595387e-01,-4.033300422341235675e-02,3.071698058579440394e-02,-8.054708279688556349e-02,2.631065372680776449e-01,7.615941559557648510e-01,2.448418467544211108e-01,3.056234040283893338e-01,-1.901774526165254664e-01,-1.231032600351711914e-01,3.746917148609666959e-01
-2.334619832352386459e-01,1.228281419803158442e-01,-2.246649258032331065e-01,-8.378076999894827626e-02,-1.571170589117935890e-01,-1.086834934361489702e-01,-2.900943802557949258e-01,-1.805172947153460272e-01,-7.579637960347956893e-02,-3.849130422509750571e-01,-1.247011236876170714e-01,-5.424728505188545699e-03,-1.777009361325237735e-01,-2.776720891171928773e-01,4.892011027706575504e-02,-2.024553370655488016e-01,-4.019664136136965049e-01,-2.276666426830814827e-01,-4.290055820771502826e-01,-9.246787364642770901e-02,4.496947611406550832e-02,-7.742010337136691345e-02,-2.125533660158341817e-02,1.116026568247674711e-01,-1.044140738235378452e-01,1.455883663024187258e-01,-1.162530810667142256e-01,-1.581728896397209538e-01,-8.623505025624195186e-02,1.862023021727530758e-01,-1.483272180862560408e-01,-8.423040606812806641e-02,-1.887295277804161564e-01,1.538019883709933755e-01,1.868770403804567715e-01,-1.748684218232155196e-01,1.578986780326769590e-01,-3.547695830629921804e-02,2.534672279233968206e-02,-1.065592902779717299e-01,-2.016136021071301410e-01,-2.634823551856908114e-02,-2.409765108783109011e-01,-3.851790695303856926e-02,-1.238086272628603351e-01,-1.019853912000969094e-02,-1.096396752805652297e-01,1.543721690317891859e-01,1.795003335836774516e-01,-2.077810458899428392e-01,1.106672860150732518e-01,-3.624873557159484783e-01,4.270839423960929443e-02,3.939612054829694926e-02,1.529860393864846957e-01,-6.922770449452123054e-02,2.907405455430839628e-02,1.960115539142671948e-01,2.646490968251111187e-01,7.071571921441553721e-02,6.942615422308191786e-02,1.767449105723407909e-01,1.795351468964479225e-01,-1.342302259152098332e-01,3.422284861910332432e-02,-1.307107691067014577e-01,4.627506721396100198e-01,-5.157445548556158048e-03,2.365537737945798413e-01,6.451069033066515468e-01,1.174136871336447369e-01,-1.210074646348257010e-01,1.539661040067677629e-02,1.558859495109662652e-01,2.160527122562602154e-01,1.986021056391675810e-01,3.279400738188953945e-01,1.366595706130490917e-01,2.448418467544211108e-01,7.615941559557648510e-01,1.700285485109192252e-01,-5.682195270122977759e-02,2.428953360464199962e-01,2.045177201600497929e-01
8.054190866317853525e-02,1.841239181619653553e-01,-3.056541336131454734e-02,-3.120741325930491417e-02,-1.426897090749723040e-01,3.182441933023139047e-02,2.029791042716619712e-02,-1.084903929628877883e-01,-2.367756969262193034e-01,9.130826121029191056e-02,-1.010924937785836475e-01,-5.380652959483151615e-02,5.665780931451858127e-02,1.895148710767676284e-02,-8.040508601480929329e-02,2.238920971539795357e-01,-6.024897583878289359e-02,6.384001635041647305e-02,-2.828600486222619947e-01,-1.064079663231280309e-01,-8.802666063238986927e-02,2.379053066678389616e-02,8.901567928085926673e-02,-5.530221057594270073e-02,1.762642975999622330e-01,1.938917435487065577e-02,-8.970991305076174427e-02,1.200976704467644762e-01,1.088336123997146049e-01,7.798377229858093063e-02,-6.616363752116265207e-02,1.088611974005755101e-01,1.044088523491659287e-01,1.769916775851440860e-01,8.876808500286216541e-02,-2.675397666375516070e-02,1.417395885180140237e-02,-1.566803098189345489e-02,5.496814879123568254e-03,1.274403343774068442e-01,-1.321719393824296596e-01,-1.817173897137003280e-01,1.424307322250237540e-01,-6.738351252915274203e-02,6.441335153784295831e-02,2.276469167341315658e-01,1.631395266247393505e-01,-4.195086073107445052e-02,2.462096779692740933e-01,1.128183307294226001e-01,2.779395270855136713e-01,-2.103550439276310191e-01,-5.174180047079052908e-02,-1.441954632318692142e-01,7.649399696051926989e-02,5.143334440110559902e-02,-9.830735377313211398e-02,1.845175586596372319e-01,8.864096400899418304e-02,-1.956202374174488834e-01,1.933771656644744097e-01,9.690033005970127844e-02,-1.185442559251531913e-01,1.009377259403245741e-01,2.772082940865093770e-01,1.451389207986078511e-01,2.960356163731723278e-01,-7.468652104163665817e-02,1.097333936466010212e-01,1.729215058970869912e-01,2.607313429670553573e-01,-8.788352614406123864e-02,1.798214176055878410e-01,3.525291615032065395e-02,1.900093691232475068e-01,9.859038325663826985e-02,2.953635854752115764e-01,-1.738962289504088904e-02,3.056234040283892783e-01,1.700285485109192529e-01,7.615941559557648510e-01,-1.460500391280022126e-01,1.086355251307134645e-01,1.541235389015984669e-01
4.438846790392077246e-02,4.975044328849920205e-02,9.103559301861285924e-02,3.660355279875909806e-01,2.451426577286758002e-01,-2.413274105756083865e-01,3.600625026330587786e-01,1.157845269897693485e-01,-1.586135284367104969e-03,5.118566779335098627e-01,2.113834783758898883e-01,5.003331217462900771e-01,1.994615915634422032e-01,3.958558340771258233e-01,1.960930603634443159e-01,1.482638521390155784e-01,3.440548472985435757e-01,3.537742595375022447e-01,-2.380005075108774376e-02,1.599350637230694538e-01,3.401863130134342994e-02,1.686146546521142542e-01,-2.177806454332387454e-01,8.502895559627103236e-03,-4.226150597409065734e-01,1.131069693530425552e-01,-2.328306165166425107e-02,3.439936189028033886e-01,4.039012718270107438e-02,-1.037751663532153479e-02,-2.516944029716258746e-02,2.488008314848796920e-01,3.484839560811620052e-01,1.950675090058270333e-01,1.455403412009113329e-01,4.813482309038522033e-02,1.986938808209069984e-01,3.668156236841456086e-01,-1.971683120151078161e-01,5.262783862781829081e-01,5.755143349577603734e-02,2.846178433976385633e-02,5.260194156711377467e-01,7.728210746372791984e-02,5.709800425656224032e-01,3.791160295379533696e-01,6.996000273136937508e-01,-6.997251125443584852e-02,2.343936855987110712e-01,4.951777350546827106e-01,3.807263199270221610e-01,-5.087039344533518526e-02,1.571914034885687761e-01,-8.531774269420316567e-03,1.740767800568067680e-01,-1.480612554936741876e-01,4.647944336367503676e-02,-1.459047279011669862e-01,1.383933659088118495e-01,7.253942398062070140e-02,3.814919657348895821e-01,1.626088184805504488e-01,5.429517042072053157e-02,2.974288888256852448e-01,6.016302611953041474e-02,3.369808102420727147e-01,-1.537016819779381538e-01,-2.266016002414052433e-01,1.304046034014154018e-02,1.020722300400778160e-02,1.248746877824553903e-01,8.821757826516289924e-01,5.235969751347402390e-01,-4.316951631604099698e-02,3.539368329173247507e-01,1.655036503756818211e-01,-2.254201224801359038e-01,-2.992311150662171348e-01,-1.901774526165254664e-01,-5.682195270122977759e-02,-1.460500391280022403e-01,7.615941559557648510e-01,4.389404649614687126e-01,5.247301063994821296e-02
-1.531319039196800125e-01,1.888068564758796364e-02,1.006932100089191484e-01,7.692509910784997573e-02,1.340701404313402734e-01,-2.962585052177023059e-01,2.241531042013744646e-01,-6.797681990587005341e-02,6.975160154956884517e-02,2.943842250042389211e-02,1.466623400932386412e-01,2.359334326208772648e-01,2.663511070440122488e-02,2.284871954034917423e-03,2.882681076866124292e-01,-2.207342746683060297e-01,1.089215176439939717e-02,-1.422014935003010003e-02,-9.206068597515458529e-02,2.288127163299682187e-01,-5.709402666833594819e-02,3.319849023699703028e-02,-1.640212859882300700e-01,-1.594669226490405892e-02,-3.010492365221483779e-01,-4.372483036794803241e-02,1.157173796531997950e-01,1.024219277638558495e-01,2.453356299072088128e-04,5.460455989017049677e-02,3.913150066217627177e-02,2.361714235201101963e-01,7.920223794034534845e-03,1.432929693959039963e-01,6.670535270761464297e-02,1.242223497633455354e-01,2.519823395897395901e-01,2.380803981006098247e-01,-3.016308002316273051e-01,3.009373257506626764e-01,-1.240512192497858907e-01,1.538871268137387005e-01,2.137495995502943502e-01,1.461322767411559788e-02,1.765889355976670849e-01,1.775954791887278394e-01,2.295940692136832773e-01,1.418171395805760127e-01,3.806181741048514366e-02,1.392522867101097239e-01,1.054438219685332745e-01,-8.091864219615842180e-02,2.444735953922423932e-01,-1.314745255104517729e-01,1.596243271938527775e-01,-1.219801332257793303e-01,-1.297638865837211219e-02,-1.095097601240212631e-01,4.537083121167421497e-03,1.919886663802037319e-01,3.054827842892343104e-01,1.145759057074736409e-01,-1.317341000441923649e-01,1.450201777100033618e-01,-5.533519736890849666e-02,1.836336781311827260e-02,1.260426625721043636e-02,-5.340139552457143224e-02,-1.458655082235571498e-01,-2.568380319573899256e-02,-2.326404368017940139e-03,4.085863122394996494e-01,6.257311723511506107e-01,7.568916842257168709e-03,4.476893752592679965e-01,1.042710535947826145e-01,-7.290343122459540248e-02,-1.667003586057853315e-01,-1.231032600351711914e-01,2.428953360464200240e-01,1.086355251307134367e-01,4.389404649614687126e-01,7.615941559557648510e-01,1.567645660317506795e-01
-1.176594977204341169e-01,4.213652366749612299e-01,-1.899145380881711864e-01,-1.788236113060934218e-01,-1.453763632562038721e-01,-2.539966946870232389e-01,-2.372624928213145912e-01,8.476758330106967665e-02,-2.338295185356416006e-01,-2.751217080056922448e-01,-2.176550196094941270e-01,-1.686116559489252431e-01,-2.375865974030455241e-01,-2.516242964136388705e-01,-1.319484474185000922e-01,-1.067756276626275480e-01,-3.849363832680764430e-01,-1.793013964744489541e-01,-3.993947042214889276e-01,-1.840553208405342756e-01,1.733956376027088186e-01,-1.995505269093372780e-01,1.542044277348353087e-01,1.673806895674109785e-01,-1.056114361016727635e-02,9.728445884695170048e-03,-2.333333805594532129e-01,-7.269638848633806771e-02,-2.001814589133614763e-01,-1.337137128133471242e-01,-1.946027655059185679e-01,-5.641751982889915695e-02,-8.666488234718155992e-02,7.252411003028665093e-02,4.230635103545988263e-01,-1.950678741189603438e-01,2.318763176797301595e-01,-4.884566657360536052e-02,1.939838504102293915e-02,-1.556835286924393991e-01,1.796481284718690064e-01,-1.787883724572057187e-01,-9.484512150824005172e-02,-1.749609518387092444e-01,-3.902591141572189781e-02,8.465404516304576507e-03,-6.272303453756004898e-02,-5.899535929999740608e-02,9.936769292919697683e-02,-1.528930958599412637e-01,1.647264764779818313e-01,-2.696179530452114670e-01,-2.288081776426965086e-01,2.129919781500747844e-01,-1.722946963216167304e-01,1.562023926924553385e-01,2.794636172972626009e-01,2.512842658750639169e-01,1.467847710934961913e-01,-2.019606496010955266e-01,8.952385926777940706e-02,-1.506833362058036113e-02,-1.439713424009948506e-01,-1.132285011460542196e-01,-6.105627959745110744e-02,-1.591148028173379747e-01,1.736694282191470762e-01,1.273557522816953780e-01,3.296082091199891151e-01,8.457600659664604725e-02,2.578446554412846536e-01,-8.835916705627278045e-03,-6.467127507530087693e-02,6.343970306799966430e-01,1.203139431032766299e-01,-1.449507950548250546e-01,1.037264150868782119e-02,2.424396714217427751e-01,3.746917148609666404e-01,2.045177201600497929e-01,1.541235389015984669e-01,5.247301063994819909e-02,1.567645660317506517e-01,7.615941559557648510e-01
