7.615941559557648510e-01,1.054990720184541542e-01,-2.537767710916575825e-01,3.268197336084868176e-01,2.896787431861648776e-01,2.665758766887606213e-02,2.609632540559095881e-01,-6.847626095530337520e-02,3.970559120565019251e-01,3.990326989533766189e-01,-1.731631755668841810e-01,1.546854679854053061e-01,5.953267576992514742e-01,1.610055144291397122e-01,7.164388991373679683e-02,4.625685949372353445e-01,3.150950878241412512e-01,6.535145665966028972e-01,-1.584836480517400337e-01,1.088494450745293440e-01,-9.443787780814498489e-02,1.503384260467758582e-01,-2.866075633567574110e-01,-9.877812145837651381e-02,-3.079823630166732620e-02,3.472291787493842485e-01,2.662729482104002690e-02,6.631726324256873584e-01,3.039927267485878493e-01,-3.982264053451971958e-02,-2.695508793990000068e-02,3.735964601308886524e-01,3.523042456005325285e-01,4.130881361964704457e-01,7.368432593996512847e-02,-2.391915320927941457e-01,1.433927913929428088e-01,3.116240271291477182e-01,-5.135114154364357753e-02,3.202239537117745893e-01,-1.257674068926573074e-01,3.518518673232440830e-01,2.322075379216598789e-01,-2.510245293579331238e-01,2.521966230547198484e-01,4.076690448397830013e-01,1.740057350975336425e-01,1.059362029903823249e-01,-5.428016287575646026e-02,1.540198476800130056e-01,4.213989695663905577e-01,-1.429893279249007110e-01,1.833071933354759597e-01,-2.211389157701303676e-01,1.058991280709458555e-02,-2.667182927023452055e-01,6.206864633695235306e-02,-2.200582948958123564e-01,1.218983316100535480e-01,-8.632155190156651225e-02,4.391424673324066941e-01,-1.187582980053650400e-01,-7.200963235587712341e-02,1.966500585485551622e-01,1.021356756822858897e-01,1.229086081241493877e-01,1.743714965910946879e-01,-1.323896381052159787e-01,-2.256813202936374385e-01,-2.003273491519068036e-04,-2.097147585934312219e-01,2.753903934155330635e-01,1.103399136206124620e-01,3.440346117575299179e-02,2.213803708133931306e-02,-1.422742726229343085e-02,2.669868339466366369e-01,-2.409921609956905963e-01,-2.787273869579851571e-01,-1.324461208780937926e-01,-2.096917302803227023e-01,3.966778050826073598e-01,3.041635717192557875e-01,-9.091987617269454980e-02
1.054990720184541542e-01,7.615941559557648510e-01,1.105408012378055888e-01,-6.009991518103089542e-02,5.435599722474863255e-02,6.239062571819833924e-02,-2.297864166420424403e-01,1.551073823064259005e-01,-2.775640836022638929e-03,3.416261796373994131e-02,1.011016788060509347e-01,-4.506708685974954165e-02,-1.511556125484740110e-01,4.771576288504207619e-02,2.776050320074204686e-02,5.092115666479603009e-01,-3.010887444146118641e-01,4.155260217714154547e-01,5.544013648343140005e-02,7.945694904264556657e-02,4.537384434837667402e-01,3.454587041418833993e-01,3.508540980902811190e-01,9.895454374350692861e-02,3.110093047246640374e-01,5.382739458810695821e-01,1.038700449294252676e-01,1.188464941869623592e-01,4.756275286319548018e-02,2.851749029670279101e-01,-2.836457343671884845e-01,2.397182542595111543e-01,3.529577687551462839e-01,5.700599696312120407e-02,6.759793096820609914e-01,1.053416111762350837e-01,-2.492005005113927252e-02,-1.099242333473496314e-01,-4.380623567875779195e-02,-3.224878961619028206e-01,1.572060915916874968e-01,-1.893085062190539014e-01,-1.724333711757654042e-01,-8.901601862210438421e-02,-1.151185039604484261e-01,-1.432176788546172808e-01,9.738129515438680162e-02,1.704172184140502477e-01,1.154385445891309286e-01,-4.954549791421040128e-01,1.954924613250388910e-02,-8.986939396512054479e-02,-1.263983852130296515e-01,3.203673729807053894e-01,1.343673676226966873e-02,2.618853525577275465e-01,2.952115871446204798e-01,1.097076801540224494e-01,3.625727015865826131e-01,-1.958148755620549297e-01,2.691982433192091281e-02,-1.400967027116490071e-01,-1.621470288168125606e-01,6.466164326860800171e-02,5.736130228543752374e-02,4.934186113929488887e-02,-1.384438820654343150e-01,1.490667534266572163e-02,1.248505867286285320e-01,1.145373046654812182e-01,3.707619069880809665e-02,1.741417370835631473e-01,-7.293773948019681430e-02,9.864754857156536605e-02,7.691529332059710011e-02,9.579025554654074792e-02,-2.440717505860472494e-02,-1.692795106685420214e-01,1.067834858239151974e-01,-3.564730995690752052e-02,1.452103441771506187e-01,1.513215312340102647e-01,3.670132680800804875e-02,1.641261628962920605e-01
-2.537767710916575270e-01,1.105408012378055888e-01,7.615941559557648510e-01,-1.047065270514818541e-01,-1.229933996430559451e-01,-8.645688924466031489e-02,-4.363573649990503539e-02,2.390652878686312655e-01,-2.945232075128388916e-01,-1.334477378087056687e-01,7.901368996853325166e-01,-1.868883780683447959e-01,-4.343693033834856720e-01,-2.863799719004112010e-02,1.226200737766132420e-01,-3.075771949151227813e-02,-3.016094405585170724e-01,-9.831537719949609566e-02,7.986350391383533198e-01,-1.536417522771634479e-02,-6.096488142637576657e-02,8.502542139925885201e-02,3.830757357215131553e-01,-1.415702160941123833e-01,3.846746372869618708e-02,2.746721902722218042e-02,1.888502869873159573e-01,-1.416373968238166317e-02,-2.438894976312815793e-02,3.171134510746576596e-01,2.500345498375204645e-02,1.076025864263714937e-01,1.960989269349261155e-01,-1.806642246820732434e-01,1.539418495298263967e-01,9.373219817332266723e-01,6.174448816086561959e-02,-2.385778681864425821e-01,-2.869858866152653065e-01,-1.857238588345249963e-01,3.022356067174070127e-01,-2.983833494074757953e-01,-1.801877294052295631e-01,7.551490131322597943e-01,-3.095680926390972920e-01,-2.053837514003883369e-01,2.721980674681158396e-02,9.100245100787235364e-02,-1.306987475079658401e-01,-7.628450651814072669e-02,-2.608489694740079856e-01,6.446278493777485297e-01,-5.197950232734408621e-02,-1.351388322533232100e-01,-4.262467602053466795e-03,3.724624312582340280e-01,-2.242866110708720620e-02,5.809709259775279987e-03,-1.063844268813356059e-01,1.622673900551551696e-01,-2.275510302060679835e-01,-1.742656609846406079e-01,1.302771907478996460e-01,-1.476322051635391500e-02,7.304324685126466210e-02,4.580862987730691810e-02,-9.073694611832429369e-02,-2.581142385908890002e-01,-3.182114383440934891e-01,-3.363088402123760590e-01,-1.124807506883903213e-01,-2.114327107292247876e-01,-2.064522065801976669e-01,-2.115851497419932725e-01,8.675179920494478780e-02,1.577333469239674546e-01,-8.274743327044843666e-02,-3.203928286405645642e-01,-2.506780591909689715e-01,-3.698319782518075249e-01,-1.119058023548915176e-01,-2.757922524638707351e-01,-2.441021856240036536e-01,-1.946084176040842884e-01
3.268197336084868176e-01,-6.009991518103088154e-02,-1.047065270514818264e-01,7.615941559557648510e-01,4.268613611094447813e-01,-8.060245429683592089e-02,4.808611949342882497e-01,2.641494983388337214e-02,3.341379094445927067e-01,3.245364687777890222e-01,-2.664444491546545841e-03,8.493377547108603431e-02,3.351336722801337986e-01,2.208790559377756535e-01,-5.479126044720714073e-02,8.221179293452107739e-02,1.143929561606578799e-01,1.595822582050590577e-01,-2.397324339732783555e-02,-1.961864247780808340e-02,-2.321248345187841011e-01,-1.983457622417517802e-02,-1.103204983934279321e-01,-2.084024669978352673e-01,-4.180626835270065400e-02,-4.188037324084138702e-02,1.075177669257038476e-01,3.437253697092295668e-01,-4.684802996988439786e-03,4.952104049038264649e-02,2.479215930867874063e-01,1.536169907522748901e-01,1.510233565530675615e-01,1.843055304828816188e-01,-2.440496840758359098e-01,-5.479861474386337611e-02,5.907286506006719229e-01,3.776385402673473335e-01,1.350892361003458164e-01,3.712921877365197298e-01,1.826830476891938282e-01,3.190050645748315206e-01,2.791035089424915849e-01,-1.985164468388794443e-02,9.297497819614700121e-02,2.651404235128902442e-01,1.976567724648319868e-01,-6.812730096288972803e-03,-7.429446560095105678e-02,1.155665932773149857e-01,2.123416154869084416e-01,2.986061768766980554e-03,2.561484722199944622e-02,-2.636218836255839748e-01,-2.328739958159346812e-03,3.721210691714749164e-02,-2.127603275803631733e-01,3.618170891966127761e-02,-5.167741292604896564e-02,1.219513507902404148e-01,2.727426203227495960e-01,-9.528662270900847830e-02,2.095299247117911323e-01,3.028168462677804373e-01,-5.887942237585707360e-03,9.633502149169259621e-02,3.707404630171324267e-01,-1.376386993436476136e-01,-9.395582654245032694e-02,-5.507731929685788508e-02,1.345896093943653058e-03,4.137743741462365787e-01,3.072477934364636898e-01,-1.340042532256574825e-01,-1.706282982398275513e-02,2.284549342105600955e-01,2.304847559576744531e-01,-4.948731431634545430e-02,-1.700637509677045689e-01,5.968170891542519570e-03,-7.268467691588235968e-02,5.118241640380067903e-01,3.991514020252936445e-01,6.700535885795467009e-03
2.896787431861648776e-01,5.435599722474863255e-02,-1.229933996430559451e-01,4.268613611094447258e-01,7.615941559557648510e-01,6.587216483844653137e-02,5.378200542166454712e-01,1.802176287755928932e-02,7.329469619945968573e-01,2.022344994801761331e-01,2.699595575037542772e-01,2.230226491800624267e-01,3.016915013935932977e-01,4.825996147282778370e-01,1.047293410954341364e-01,2.797079270186961786e-01,4.329934528591564136e-02,2.419657287167533977e-01,2.047925490785263217e-02,-3.597133651909131813e-02,3.867377324108518116e-02,1.493651725074043868e-01,-1.233192955994814460e-01,-1.472844484181579372e-01,1.183628230679976967e-02,1.006579918173382548e-01,5.747722579498564244e-01,3.655581671478271844e-01,1.923289852457004956e-01,1.740124119086260690e-01,1.790095797162292723e-01,7.028520111770884815e-02,1.243491946872748999e-01,1.787683558954364649e-01,-2.333157058737495015e-01,-4.729002782840441288e-03,3.785722063408022975e-01,8.323747448661000803e-01,1.787387167380594666e-01,5.986761824227279094e-01,4.204624659521865038e-01,6.051204817144782977e-01,1.044178952500478957e-01,1.953652700142882170e-01,2.093074980108005911e-01,3.347610737521662383e-01,5.666040092903628089e-01,8.526619023613472848e-02,-1.409594144126018189e-01,-6.040261609478444343e-02,1.925075863388214514e-01,6.675568279070030753e-02,2.908914334467344303e-03,-1.676845648217352436e-01,-6.009082316691781098e-03,7.592086956026949940e-02,-3.147712623280417010e-01,-1.280491149886991975e-01,-3.122407187214939345e-02,5.537096928912987881e-01,3.527973600528986342e-01,-6.045858426199502561e-02,3.432605983615610173e-02,3.017129717098923081e-01,-1.985305188108606178e-01,1.503677691019242660e-02,2.152428279955879153e-01,-2.682743093451856464e-01,-3.049268761039184983e-01,-1.579112486418812744e-01,-1.551841998447968662e-01,5.134239551434516269e-01,4.694156912992485942e-01,7.770520290637905614e-02,9.582538906867718587e-02,1.047427604439030574e-01,9.014743398857945345e-02,-1.757137630056160582e-01,-3.445803670135860752e-01,-2.110418357783996057e-01,-3.629482752515524879e-01,4.172031716337196161e-01,5.367983686306819768e-01,4.353719135877218149e-02
2.665758766887604825e-02,6.239062571819829067e-02,-8.645688924466037040e-02,-8.060245429683596252e-02,6.587216483844650361e-02,7.615941559557648510e-01,2.037505792481282829e-01,2.850109737202748406e-01,1.893642573389901496e-01,1.422328881317937443e-01,-1.548871470318017307e-01,-1.018339754061695912e-01,4.293530221943800962e-01,9.739630447413070991e-02,8.257925984905391259e-02,4.693900695926442324e-01,4.781225669716328008e-01,2.154697466594890642e-01,2.980916991592937743e-02,2.359733127347174442e-01,3.318198464323219299e-01,2.006381525733821891e-01,3.643162836517810921e-01,-1.706698197406247286e-01,5.927269795039136202e-01,3.791239385095497294e-01,2.123143396456273480e-01,1.491785014501390561e-01,6.482528613089099112e-01,5.955752302065875359e-02,8.375441409063225096e-02,1.929034100926774464e-01,1.678524906275575546e-01,3.005243224735081042e-02,-1.005304200416913402e-01,-1.158572831165309847e-01,6.642428032478216171e-02,2.163814389013020423e-02,5.554058581978595921e-01,2.732763353741384793e-01,2.691404432887493092e-01,1.318030098488695290e-01,-1.319028237610861409e-01,-2.368518980749701741e-01,-4.304112605166408173e-02,3.476068102472473220e-01,2.120089882146582172e-01,-6.267572383975619776e-02,6.311342997786532905e-02,8.812027485831322449e-02,-4.473559495664035379e-02,-9.314083739608572388e-02,2.246271540535612343e-01,-1.318337299810282311e-02,1.494420800295807039e-01,2.834933930073744168e-01,3.476187869483100823e-02,3.011641257189536236e-01,9.115885688933372810e-02,1.237576833884093258e-01,1.183673784597163471e-02,1.477795392064793489e-01,1.371892963956366229e-01,1.912240795814998118e-01,2.391618633473114597e-01,-4.628706156599152188e-02,-1.232153640827390040e-01,-4.397867477596213021e-02,-3.771314037660047913e-01,-2.740142461493004222e-01,-3.624734668725319853e-02,4.071744402921537859e-02,-3.150968677584152777e-01,1.008932360395848465e-01,5.779515664711099704e-02,8.676856484518261081e-02,-3.111213065098864666e-02,2.010704441214429539e-02,-2.636739835836317547e-01,-2.829969819666623976e-01,-2.727569756345094576e-01,-1.618114686842223732e-02,-1.394494648806672010e-01,-9.680392511410372547e-02
2.609632540559095326e-01,-2.297864166420424403e-01,-4.363573649990501457e-02,4.808611949342883052e-01,5.378200542166454712e-01,2.037505792481283107e-01,7.615941559557648510e-01,-4.548336778942388414e-02,3.058569486124149139e-01,1.901588730784518622e-01,-5.901117549504466403e-02,1.027384637093461950e-01,6.249379432067118101e-01,1.737110381106833079e-01,2.239079297161266358e-01,1.615816440354443384e-01,2.227044337029013832e-01,-3.022461117283189655e-02,-1.028333305228647659e-01,1.438970963364090971e-01,-1.402236602351821515e-01,1.099047582194298406e-01,2.559031417525154881e-02,-1.745177256853410463e-01,3.395690029506837765e-02,1.065353785517382523e-01,3.117793915149234540e-01,3.776457288193152961e-01,2.315860367470164438e-01,2.788944243043475768e-02,3.908197802846026803e-01,8.878834635655814822e-02,3.765727262807964937e-02,2.500858569330536296e-01,-2.340758186074597957e-01,1.467505585431397482e-02,5.171340624659581664e-01,3.686722849565216564e-01,1.260712640506399251e-01,5.899286784713823062e-01,1.302026029623906123e-01,2.638708848017093933e-01,9.697552403581345681e-02,-1.007520016114794997e-01,4.933639510904739428e-02,3.645135330587193634e-01,2.497731330007754158e-01,1.494247318911946509e-01,3.464298027994431456e-02,-1.143514590950292162e-02,-1.435171411654165025e-03,-8.356649267491632338e-02,1.591295789534682148e-01,-2.088476757244296100e-01,1.634231669576310109e-01,6.696996372404802333e-02,-7.731700295542173751e-02,-1.476541047057705336e-01,4.978250470865425853e-02,2.801813574926277917e-01,3.164520575430058158e-01,1.052341417998516881e-01,1.257311704384974638e-01,3.374897078459401234e-01,1.833386158728161908e-02,1.548587579017548788e-01,2.629785232261520056e-01,-1.738355183189178588e-01,-4.175661583066072047e-01,-3.049407903684647203e-01,5.964511385421045371e-03,1.049747805780944093e-01,2.426127863676876828e-01,1.724453194212133555e-01,2.911439890744657241e-02,2.428045642539004012e-01,1.758021625768452778e-01,-8.667137048161402402e-02,-3.719178707897558001e-01,-2.459786386824723559e-01,-3.210888068451807076e-01,1.096726471575235201e-01,1.520554115661099936e-01,1.511493263758593997e-02
-6.847626095530334744e-02,1.551073823064259005e-01,2.390652878686312932e-01,2.641494983388340684e-02,1.802176287755929626e-02,2.850109737202747850e-01,-4.548336778942387720e-02,7.615941559557648510e-01,-5.722194357561496275e-02,2.288817974118627918e-01,1.723524050128673324e-01,3.102230721695979909e-01,3.804166927678920285e-02,7.403232871411542793e-02,1.437403244434124205e-01,6.944075554098534664e-02,6.105063170599520778e-02,7.734862712354166614e-02,1.306089508603808513e-01,9.838560360921888570e-02,4.596194990969201255e-01,1.254745979204687778e-01,5.205150570011729538e-01,3.003191884004140499e-01,3.840587560093773889e-01,4.322164972581030162e-01,-2.578839132074253748e-03,3.168841165040614527e-02,-5.025985637205673817e-02,4.763920485425671703e-01,1.690318130174812972e-01,5.531606429213557080e-02,9.747656090104481197e-02,-3.307862902504260516e-01,3.908784204059322781e-02,1.958363185023779818e-01,7.943266993737035930e-02,-1.429325050074515546e-01,8.444378560574426762e-02,-1.142595283482028129e-01,7.102142850694872500e-01,-1.185524829252194295e-01,-1.318867384868663284e-01,8.481647248387476357e-02,1.887800694806278101e-01,-1.164001222294586829e-02,7.223563179046708915e-02,1.378971248120678672e-01,-4.336616567166020064e-01,-2.112242048667892225e-01,-2.569836894131581895e-01,-6.009758280688472232e-02,8.742833491143860158e-02,1.308450647868411587e-01,2.697662707269734075e-02,4.693268630757054805e-01,2.736017830263338668e-01,2.761818240064474184e-01,8.227356440826230632e-02,-1.546674783292697510e-02,-4.827972125956258437e-02,-2.952129167589208625e-01,1.973668976672436626e-01,8.193292462189624703e-02,6.330287397834301333e-02,-5.158261893707501156e-02,-4.085705090547674806e-02,1.284143777046337920e-01,-2.081191374597718968e-01,-6.242115883554655298e-02,-3.499869096150279302e-02,2.911965230423823464e-02,-3.291607458211656678e-01,1.241106201699321010e-01,4.688595480141686395e-02,3.710342260201459491e-02,4.530224715342460323e-02,6.906112059408037185e-02,-1.173311634956530902e-01,-1.067869012985223354e-01,-1.118955923583851014e-01,-9.257789412027134235e-02,-2.194065893930601252e-01,2.437810198680119902e-02
3.970559120565017586e-01,-2.775640836022666685e-03,-2.945232075128388916e-01,3.341379094445927067e-01,7.329469619945968573e-01,1.893642573389901773e-01,3.058569486124148584e-01,-5.722194357561496275e-02,7.615941559557648510e-01,2.226490329766591114e-01,4.538285870018010648e-02,1.238824268153384534e-01,3.105822347831823094e-01,3.374932893374337772e-01,1.820591221411976268e-01,2.956984142248079706e-01,1.896794376063858645e-01,2.957413584405261253e-01,1.350644119405472465e-01,7.630288905985049830e-02,-7.893069548224206089e-02,2.128077678194013056e-01,-2.187639600055093225e-01,-1.139717505616307525e-01,8.650106592078164736e-02,9.900912377782823681e-02,5.714992073847424692e-01,3.347922306902079703e-01,1.942091475958534763e-01,1.271724774223325360e-01,3.534572765074424361e-02,8.350651861805874487e-02,1.656872645379773024e-01,1.394594533128122871e-01,-2.478720899290185464e-01,-2.185933029864498556e-01,2.031328199111862853e-01,6.943128870806459796e-01,2.401855705145258535e-01,5.793115932418823055e-01,2.511584279549352039e-01,8.959225168114641757e-01,4.045770465834894192e-02,-6.096586900235222151e-02,1.129089115294057699e-01,3.448180195238069179e-01,4.639760026037018092e-01,9.430763147221216114e-02,-1.759861814793423351e-01,4.178398048105953777e-02,1.669004262310786191e-01,5.808607909400663460e-02,1.874324145811726017e-01,-2.485119955850783879e-01,1.178949643150099674e-01,-6.205906990424654712e-02,-2.358875421063686972e-01,-4.626316677153917423e-02,-9.802593740670312306e-02,5.297148703238467871e-01,2.464695086065323004e-01,-1.016843909545604996e-01,1.484803166650144057e-01,2.372041173458693808e-01,-2.483020872758917863e-01,-1.260410463350838672e-01,7.515263603608672571e-02,-2.723291795754313460e-01,-3.495928353248694553e-01,-2.243401668802263715e-01,-3.577775807752507364e-01,4.330700390054577076e-01,3.055000906020874929e-01,1.210740622876955719e-01,1.001556787046294222e-01,1.516511264464877051e-01,1.804516100978369522e-02,-9.423486583078025114e-02,-4.562747811287076738e-01,-2.269190261002392295e-01,-3.435453143249957986e-01,3.824961127193752253e-01,4.782626299491936628e-01,4.108162918103529238e-02
3.990326989533766189e-01,3.416261796373992049e-02,-1.334477378087056409e-01,3.245364687777890222e-01,2.022344994801761053e-01,1.422328881317937443e-01,1.901588730784518899e-01,2.288817974118627918e-01,2.226490329766590281e-01,7.615941559557648510e-01,1.821606658079111610e-02,6.085170404372516328e-01,3.430450246087121124e-01,2.701072767746926506e-01,3.341390994083954791e-01,4.719136261099362573e-01,4.563909284768246644e-01,5.481912666693151692e-01,-7.838994786229044887e-02,2.989308568018675949e-01,3.265572050198768950e-01,3.791851761178827718e-01,-1.223370480776039652e-02,3.391149370991280443e-01,3.779404460906410912e-01,5.880585278498999813e-01,1.086329365148934051e-01,4.177635481253020866e-01,1.236236552648218023e-01,7.928963020714321908e-02,2.328668067679967937e-02,2.431884030294869659e-01,3.564071846642029029e-01,4.583661865094470350e-02,-1.533590650915634124e-01,-1.301085455033891558e-01,1.795528901139977762e-01,2.541793386224158180e-01,2.150545752880734240e-01,2.518301170214162776e-01,2.454997764237775160e-01,1.607098260244891885e-01,4.374844534369226046e-01,-6.251001579727527568e-02,6.526592006810117974e-01,2.132169846238896882e-01,2.487944849756691945e-01,3.441660756968101254e-01,-8.668863172148562335e-02,2.100187021709837287e-01,3.971152100351147407e-01,-7.189127828101006534e-02,3.524631138044495016e-01,1.895187627842156650e-02,2.396094237896683465e-01,9.478079191910546153e-02,1.999162399034950244e-01,1.487370183247006816e-01,1.694927011931194882e-01,7.872020716297602194e-02,4.183967235117685424e-01,-1.904867551189937669e-01,1.111854334773616781e-01,2.364339446833284564e-01,8.726130763094301634e-02,1.404623709103985374e-01,-1.811972853393744032e-01,-2.941918219386928102e-01,-2.383939569539011705e-01,4.485436887741767187e-02,1.799803264801015310e-02,3.614351128515445044e-01,4.752592320140722887e-02,4.256859533097744897e-01,5.102021178965535086e-02,-9.043422637992622193e-02,4.757363751812130476e-02,-2.473552072480927899e-01,-2.479476941563661940e-01,-8.277475553302626743e-02,-1.964627801556318720e-01,3.509250304946304189e-01,2.491938447401557677e-01,2.602850040947393140e-01
-1.731631755668841810e-01,1.011016788060509347e-01,7.901368996853326276e-01,-2.664444491546590944e-03,2.699595575037542772e-01,-1.548871470318017307e-01,-5.901117549504469179e-02,1.723524050128673046e-01,4.538285870018010648e-02,1.821606658079112998e-02,7.615941559557648510e-01,-3.647220679451453756e-02,-4.322854955788277831e-01,2.371227741321712823e-01,4.321163310698045157e-02,9.442741742545715522e-02,-2.485366690953303703e-01,4.865466787857512798e-02,8.101750524703813516e-01,-1.153391193863842201e-01,-4.560783844396555653e-02,9.728870272810344333e-02,1.632426370892628709e-01,-1.662881658369928517e-01,-4.830421679917627081e-02,2.049896752383046153e-02,3.422749447962202818e-01,3.038611887373399156e-02,-9.875050657924180908e-02,3.200832210700526037e-01,-4.643429265439454057e-02,8.168483295407172329e-02,2.250301573785888354e-01,-2.147686769629110759e-01,5.873357873716606933e-03,7.337558394537001538e-01,7.359524750706403218e-02,7.859460877767877884e-02,-2.389101949226676569e-01,-6.820704736627204723e-02,4.354508956916087192e-01,-6.997041674885193241e-02,-9.872579250908739001e-02,8.647183012370355248e-01,-1.467412035459063069e-01,-1.798340513089967674e-01,2.999745891715496215e-01,3.889461432998691376e-02,-2.705839129198397419e-01,-7.498471217328099570e-02,-1.599458360399382550e-01,7.010822381504747680e-01,-1.364910899878876149e-01,-2.814215787238739663e-01,-1.062654253782646940e-01,2.751120387903551734e-01,-1.840600482260343618e-01,-9.739419007983908527e-02,-1.751287749437737962e-01,3.257260884299493786e-01,-1.121418816414569142e-01,-3.059330709574706875e-01,5.435147914889575105e-02,7.667063244215704086e-03,-9.939404612667231825e-03,-2.411552413245684687e-02,-2.521565267527023715e-02,-3.127410644312434429e-01,-2.810978229565333497e-01,-1.866508528157122815e-01,-1.470785221098036000e-01,1.463609805908547556e-01,4.494724516250804547e-02,-2.378158343705497058e-01,1.386819067361504121e-01,6.251881557915825449e-02,-1.320601389737626474e-01,-3.200428612381747695e-01,-2.199778399791395833e-01,-2.631330623888853970e-01,-1.294550770879075996e-01,-2.896510594252645412e-02,7.491427620818275068e-02,-2.523192757616753434e-01
1.546854679854053061e-01,-4.506708685974956941e-02,-1.868883780683447682e-01,8.493377547108607595e-02,2.230226491800623434e-01,-1.018339754061696051e-01,1.027384637093461950e-01,3.102230721695979909e-01,1.238824268153384395e-01,6.085170404372516328e-01,-3.647220679451455144e-02,7.615941559557648510e-01,7.021320841950344505e-02,2.201145367319660429e-01,3.938772074449161109e-01,4.836042615768234437e-02,1.725188613735724186e-01,2.743637866257341851e-01,-1.693414706885361110e-01,5.813437302031094350e-02,2.859023472025166157e-01,1.098507939960927937e-01,-8.530937574464776685e-02,6.180056223150466321e-01,-3.464233255282529733e-02,3.492870072394486658e-01,-6.879536665689897634e-02,2.514555780906321814e-01,-9.335848082710353213e-02,-5.550893541441239386e-03,3.920190455504041910e-02,2.147619412282138485e-01,2.686698961573210087e-01,-1.131590225745764400e-01,-1.062878008976793909e-01,-1.798920123333511700e-01,1.543811073379554831e-02,2.372995245249372442e-01,3.542514645754386848e-02,1.230507676834640407e-01,3.139573962960957032e-01,1.550720172739294134e-01,4.727080910076960074e-01,1.516103091700187356e-03,8.193499677233546663e-01,4.774107765872950826e-02,2.350289205841256113e-01,2.739728161699378495e-01,-1.330143994137033547e-01,8.880004313817453643e-02,2.604039626844950051e-01,-1.132016246768282608e-01,1.556639055151731177e-01,1.255347469227596768e-01,5.556641719253994915e-02,1.617378590899109722e-02,3.758844160791462441e-01,-8.444500159733818456e-02,1.446977326557127019e-01,1.113041758599047776e-01,2.801422921125724108e-01,-1.071159371141018057e-01,-3.522480797859329354e-02,1.291255245693686549e-01,9.921232969394615242e-02,2.785089498844297018e-01,-1.672052407953197040e-01,-4.015711281040783981e-02,5.624553562305290716e-02,2.203890426385814449e-01,7.201002583299144499e-02,3.593882606004963898e-01,2.208540705873421051e-01,3.931412197599254421e-01,1.036057891580906692e-01,-1.063358336595280479e-01,-1.632737491593169721e-01,-8.393270168168648349e-02,-3.127658884550151702e-02,1.577154024176141422e-01,-4.857273183395464239e-02,3.592557414804184446e-01,1.512489928319412369e-01,2.707001019159561150e-01
5.953267576992514742e-01,-1.511556125484740110e-01,-4.343693033834855610e-01,3.351336722801337986e-01,3.016915013935932977e-01,4.293530221943800962e-01,6.249379432067118101e-01,3.804166927678918897e-02,3.105822347831824204e-01,3.430450246087121124e-01,-4.322854955788277831e-01,7.021320841950345892e-02,7.615941559557648510e-01,1.346471012958760649e-01,1.408949477959937080e-01,3.625388176601139767e-01,5.929168412670231536e-01,3.536271918933507896e-01,-3.417601762085973327e-01,1.922014203928154030e-01,-1.899137693279821099e-02,1.144555133771500838e-01,-1.998454127797063551e-01,-1.620921991891442759e-01,2.355751478533342491e-01,3.224216861948848156e-01,4.170431593724296254e-02,6.472955468700140047e-01,3.533344585683082517e-01,4.900933831611736097e-02,2.369843797083504844e-01,2.606129310376513741e-01,9.615264745256522916e-02,3.715804336819508724e-01,-1.391444927264434417e-01,-4.464726180052630000e-01,2.814717804925873645e-01,3.076196402214158021e-01,3.759792904178530515e-01,6.007878413150988806e-01,2.670814901196092578e-02,2.964751754444175380e-01,7.226854342143665400e-02,-4.799627934393466133e-01,1.706902704006913740e-01,6.557162676259020717e-01,2.375371136850376041e-01,1.235645539983927094e-01,8.945788670877834192e-02,2.102298601426082769e-01,3.528092716655720773e-01,-3.266974922369707546e-01,3.417861412838560931e-01,-1.458827941615970236e-01,1.974473632216451890e-01,-1.732176928147095840e-01,-6.078656863597710347e-02,9.480836648512500076e-02,2.089295436397824168e-01,3.581533398549419100e-02,5.562097866985052930e-01,1.182310347653789534e-01,1.234363741883918453e-01,2.605498632081342802e-01,1.713744592391007737e-01,7.587626366807946610e-02,1.923539990153961821e-01,-1.890614249578030093e-01,-5.202173356665970028e-01,-2.394251577515949247e-01,-5.408174319325090296e-02,2.110505934832976327e-01,4.092916183068820782e-03,1.011806020869351758e-01,-1.438308759479369758e-01,2.781565356935013569e-02,1.998223179215892764e-01,-9.721964943795313729e-02,-4.494399393952704935e-01,-2.287279224827287738e-01,-2.394110662765929487e-01,2.358166407893022287e-01,1.565831279382828289e-01,-1.503472260989034970e-01
1.610055144291397400e-01,4.771576288504205537e-02,-2.863799719004112010e-02,2.208790559377756257e-01,4.825996147282778370e-01,9.739630447413079317e-02,1.737110381106832524e-01,7.403232871411538629e-02,3.374932893374338327e-01,2.701072767746926506e-01,2.371227741321712823e-01,2.201145367319660429e-01,1.346471012958760094e-01,7.615941559557648510e-01,2.861774381549632151e-01,2.463569452526521986e-01,2.520547623498405401e-02,2.624359157909931239e-01,8.661908262247978996e-02,3.415389287471076729e-01,1.250008008882344812e-01,4.248301347196407618e-01,1.868378987339036623e-02,-8.183917861576525676e-02,7.969861239944857345e-03,1.308663512594045453e-01,1.837795866757021002e-01,4.055011651872753586e-01,2.187717839459508706e-01,-1.721325423774124341e-01,-1.177144859062031756e-01,1.759284760871935860e-01,2.801056717151638176e-01,2.065377288450530868e-01,-9.424614216657475896e-02,-1.098465483038282842e-02,2.517731353983567177e-01,4.474335869823862222e-01,1.399143064628732835e-01,2.788370301287992903e-01,2.889478859047223125e-01,2.475565407230874149e-01,1.348403013438489173e-01,1.339601975850689686e-01,3.225717327045388161e-01,2.718581791536849868e-01,5.948856580106425262e-01,3.083186566803765571e-01,-5.473096921449168047e-03,2.920197465722305930e-02,2.570446865547230675e-01,1.601815280128598140e-01,2.962036691149229073e-01,-1.106598280383743332e-01,3.062544891868807517e-01,2.453340090679863306e-01,-1.274101131648822938e-01,1.455993281546808654e-02,1.893009449051027276e-02,1.773750394772922179e-01,3.426030687372171313e-01,-9.758784380283387627e-02,1.027451877683294434e-01,6.623862714289448228e-02,5.249353775516120424e-02,2.411472699019634736e-01,-1.147658147881753209e-02,-2.848379560210601569e-01,-2.833216459511091467e-01,-9.370055588845989727e-03,1.763902471272043443e-02,3.234575771983632109e-01,1.961002673507310778e-01,-4.478351233615014693e-02,-2.402950812413617021e-01,-6.080261565766174880e-02,-2.014494666575310511e-01,-1.260891516397051604e-01,-2.167504441608423538e-01,-3.394630196503074793e-02,-2.414973238655895582e-01,2.709033420390250524e-01,2.239028480813114730e-01,-4.431848828270429363e-02
7.164388991373676907e-02,2.776050320074208849e-02,1.226200737766132837e-01,-5.479126044720714073e-02,1.047293410954341225e-01,8.257925984905389871e-02,2.239079297161266913e-01,1.437403244434124483e-01,1.820591221411975991e-01,3.341390994083955346e-01,4.321163310698045157e-02,3.938772074449160554e-01,1.408949477959937080e-01,2.861774381549632151e-01,7.615941559557648510e-01,3.868027122288170833e-02,1.466329640698245118e-01,7.487253383179953703e-02,4.515505803730444911e-02,3.199016577292627672e-01,4.114713009962904788e-01,4.455362357580419652e-01,8.238910733804345743e-02,4.075029964633352098e-01,2.739272567778811701e-02,3.879964019166158296e-01,1.501623754936541044e-01,1.908564328181111269e-01,9.796721893540583093e-02,1.951040612854860416e-03,-1.135159199728584950e-01,2.192287097286687303e-01,2.804252813099721298e-01,1.497416711997458716e-03,2.508308541682239823e-01,5.139740896570683948e-02,4.468754767459985622e-02,1.100175082196155757e-01,1.104588751462999424e-01,2.930228257561678373e-01,7.876680281882580958e-02,1.773560889785775752e-01,2.571761368899911915e-01,1.241342482022047417e-02,4.663932830032208043e-01,1.772996475866515931e-01,3.302709905097350740e-01,7.636938300789002376e-01,-3.365783719312276379e-02,1.756984172256243482e-01,1.995888707070095081e-01,1.588811142387008130e-02,3.870363380575018164e-01,5.181310668309956347e-01,4.821644989412483540e-01,1.305411861398687035e-01,3.596902308145951133e-01,1.360798104907970929e-01,3.735890376477571384e-01,1.362609567614825323e-01,2.007307630894021311e-01,-5.616781991268340185e-02,7.983217796664675292e-02,1.103857447357339955e-01,1.834214684877717716e-02,1.834270099916771590e-01,3.771292794840135770e-02,-1.121048513275226949e-01,-1.598029279703978567e-01,1.557546362952398622e-02,-1.807481323463087930e-01,1.041019917812035372e-01,1.612753992303072592e-01,2.826189168213706915e-01,1.603220946227152388e-01,-1.660915478114296032e-02,2.459310315704672234e-01,-1.683085050328054777e-01,-1.193137108103317356e-01,2.531585794501216291e-02,-2.874370886413599169e-01,2.574359958490468059e-01,1.879575598241423617e-01,2.076548650294444687e-01
4.625685949372352335e-01,5.092115666479603009e-01,-3.075771949151227813e-02,8.221179293452109127e-02,2.797079270186962341e-01,4.693900695926441213e-01,1.615816440354443384e-01,6.944075554098530501e-02,2.956984142248079706e-01,4.719136261099362573e-01,9.442741742545718298e-02,4.836042615768227498e-02,3.625388176601139767e-01,2.463569452526521986e-01,3.868027122288172220e-02,7.615941559557648510e-01,3.103940202632751166e-01,7.739802965228643750e-01,2.734979403442930335e-02,2.074893799165340447e-01,4.130801570389106003e-01,4.818355601129891141e-01,1.953504925800237380e-01,-8.328265500985346237e-02,5.871492473175783378e-01,6.739663458662409345e-01,2.575857890254286686e-01,4.152498722786153174e-01,5.802240438228866148e-01,1.895150219580302997e-01,-2.350756420477685404e-01,4.085546748776706649e-01,4.102223915547477118e-01,1.644481429696529606e-01,2.163145520441278613e-01,1.895806878896277511e-02,3.770904554146167070e-02,2.192368292851205047e-01,2.812372184671091402e-01,1.949797524884124555e-01,9.002555418490693073e-02,1.700749715629170655e-01,6.704255518270563208e-02,-1.424370909002491137e-01,1.243936811257188163e-01,2.861034015840667188e-01,2.461627064563426115e-01,6.386132682567560725e-02,1.059068922938787571e-01,4.826194041497402359e-02,2.270782841743432257e-01,-2.433989307397361676e-02,1.808564707673678829e-01,9.399473868234882457e-02,2.103924406448425266e-01,1.744160998375480776e-01,2.988979700688246255e-02,1.957411325766700572e-01,2.789673510453893335e-01,9.531716499616163518e-02,2.268747753036181314e-01,-4.899969293845162291e-03,-4.339465238195228808e-02,1.914627831530346935e-01,1.281044031432042596e-01,-7.620477974156172896e-02,-3.442779621648080213e-02,-2.673290317948044392e-01,-2.521585556197546429e-01,-1.067516895620791856e-01,-2.140151470643582021e-01,4.590168601439045259e-01,1.112796060018047123e-01,-4.515748780470554141e-02,3.462698720235311139e-02,-7.714482201697794687e-03,1.202977934061232601e-01,-2.851643446708679308e-01,-2.622874332180656909e-01,-2.326368985262720346e-01,-1.199388460711363763e-01,4.189112869785197590e-01,2.564284320768642766e-01,-1.683800828433259511e-01
3.150950878241411957e-01,-3.010887444146118086e-01,-3.016094405585170168e-01,1.143929561606578799e-01,4.329934528591564136e-02,4.781225669716326898e-01,2.227044337029014109e-01,6.105063170599522165e-02,1.896794376063859200e-01,4.563909284768246089e-01,-2.485366690953303703e-01,1.725188613735723908e-01,5.929168412670231536e-01,2.520547623498406789e-02,1.466329640698245118e-01,3.103940202632751166e-01,7.615941559557648510e-01,3.440852758048298932e-01,-8.556820630870412558e-02,2.024168900685658079e-01,1.163437483684302970e-01,9.980962695637474180e-02,-8.370121893433005167e-02,-7.928168250720583898e-02,2.695653682336892065e-01,2.560276076081600127e-01,-8.117232137712003526e-02,2.620575600344655087e-01,2.193440606072829258e-01,1.594927727740163767e-02,1.302081120784915891e-01,2.096683924011631672e-01,1.072957052567662939e-01,-2.362396761764838649e-02,-2.365732883863397862e-01,-3.207761280643470769e-01,1.453645480185938865e-01,1.277315128393724242e-01,4.800089345769287807e-01,2.661511658707049199e-01,5.735551289695633298e-02,2.239323451415191346e-01,1.417314658604504618e-01,-2.519138763131072434e-01,2.482871796260591735e-01,3.799727712226483312e-01,2.084773559777720608e-01,6.116944557069636801e-02,-4.256878359767220926e-02,5.115727773328598849e-01,1.593532668091713900e-01,-6.219074441427783345e-02,3.321366195100021179e-01,-1.043996637659960897e-01,1.428081228089684851e-01,-4.869384586567892387e-02,3.398020590610554420e-02,2.165901942310537176e-01,4.943234405925419489e-02,-7.060859899082848334e-02,2.764788546475801523e-01,-2.064204576583966375e-02,2.934094938366706429e-01,1.778538792948694824e-01,2.363140558791196888e-01,8.404840622840785425e-02,4.475603527989333724e-02,-1.376097775841290949e-01,-3.923537971543772374e-01,-2.064127070881233705e-01,-1.083163730564286886e-01,2.123151530590798308e-01,-6.733027802981952914e-02,1.985218690810791053e-01,2.301382295614495463e-02,-6.076938566455898638e-02,8.186802816377838909e-02,-4.401507764655821636e-02,-3.565491796443322481e-01,-2.098077889436554822e-01,-3.286942543662009775e-01,1.285419500870937370e-01,6.145018438592929344e-02,-2.037582081930510991e-01
6.535145665966028972e-01,4.155260217714154547e-01,-9.831537719949613729e-02,1.595822582050590299e-01,2.419657287167533977e-01,2.154697466594890642e-01,-3.022461117283188267e-02,7.734862712354166614e-02,2.957413584405261253e-01,5.481912666693150582e-01,4.865466787857515574e-02,2.743637866257341296e-01,3.536271918933506231e-01,2.624359157909930684e-01,7.487253383179953703e-02,7.739802965228643750e-01,3.440852758048298377e-01,7.615941559557648510e-01,-1.916914440935680100e-02,3.238354648497761556e-01,3.306003229114856667e-01,4.085159867003727019e-01,1.735556741555753860e-02,-1.791493506037978786e-03,4.107380382655593798e-01,6.235281875274882868e-01,1.090846307615603167e-01,6.252399669433209572e-01,4.376143675862520510e-01,1.952303961428353551e-01,-1.735406111528957351e-01,4.828668462978503717e-01,4.800106049539485942e-01,3.622867312486012237e-01,2.086938326993893755e-01,-5.213951282742947113e-02,4.027763485450940040e-02,2.844197321990981076e-01,2.571076431640778037e-01,1.943919900869565121e-01,4.631400233451662268e-02,2.665305326680285081e-01,2.319996209067993198e-01,-6.414426405979170576e-02,3.401811166057185920e-01,3.786630436300667535e-01,3.163461261142438974e-01,-6.494484073472098218e-03,1.315388356049346785e-01,1.491318290884904862e-01,4.335983728572691542e-01,1.921250876066048219e-02,3.029595837056236474e-01,8.457601806712011783e-02,1.702342607243325645e-01,7.257928206532705817e-02,4.897358354158917043e-02,1.870169248608750667e-01,3.362023390206932416e-01,8.337450348031094638e-02,5.107362163815150069e-01,9.815409726231107135e-03,-2.429260290694811031e-02,2.644404179711318248e-01,1.793417123555081094e-01,9.409759545707378769e-02,1.069326173775214522e-01,-4.397529726338015865e-01,-2.138255148980754416e-01,4.723972432021229101e-02,-7.516255179548464449e-02,5.406890234902164138e-01,1.734220560228630914e-01,-4.974875876399888902e-02,2.972407569296162122e-02,-3.748676586500050614e-03,1.795322831698681620e-01,-4.307438788347592307e-01,-2.319774363822256213e-01,-9.794700956739020581e-02,-1.285353861085538618e-01,4.783356000822541199e-01,3.480371198266452581e-01,-1.661826635590739065e-01
-1.584836480517400059e-01,5.544013648343134454e-02,7.986350391383533198e-01,-2.397324339732785289e-02,2.047925490785263217e-02,2.980916991592943294e-02,-1.028333305228647659e-01,1.306089508603809068e-01,1.350644119405472743e-01,-7.838994786229047662e-02,8.101750524703812406e-01,-1.693414706885360277e-01,-3.417601762085972772e-01,8.661908262247978996e-02,4.515505803730448381e-02,2.734979403442927559e-02,-8.556820630870411171e-02,-1.916914440935677325e-02,7.615941559557648510e-01,4.537050416565140132e-02,-2.199511677259755327e-01,9.112403213559734649e-02,2.209415421746477315e-01,-2.403190549679969645e-01,6.590844301989810805e-02,1.338345710062056534e-02,2.632406303424790206e-01,-7.148143130525965935e-03,-1.406921876870391441e-01,3.989706431744091675e-01,-6.264087866979155261e-02,7.908734112049792264e-02,2.144296889986794241e-01,-1.693409855487097715e-01,5.539767171064127055e-02,7.069337640622382901e-01,1.199866926395053990e-01,-5.881190034731481608e-02,-1.832479752698090159e-01,-1.617887376453698289e-01,3.114575574694499194e-01,7.087801643599174473e-02,-1.151988447333012894e-01,7.578152936850391930e-01,-2.487500005803760794e-01,-1.371066762236083092e-01,2.603919968576334787e-01,-1.244521095719514428e-02,-2.221872636150322711e-01,4.513536237129585349e-02,-2.555373741472477533e-01,8.709919477968027790e-01,1.073248021880069195e-02,-3.618007483369735655e-01,-4.479883524532977945e-02,3.269693480047223266e-01,-9.948668968257944056e-02,-1.738115569293612397e-02,-1.626048431811277506e-01,1.517189526627862883e-01,-1.783473257439824600e-01,-3.294982760139322786e-01,2.825946564202760913e-01,-5.340334062442145258e-02,9.128916931611499863e-02,1.353564750096740172e-03,-6.584885576380279659e-02,-2.678046175003498397e-01,-3.297789274714996166e-01,-3.357585403878839969e-01,-2.610515038607978400e-01,-5.959115366957266902e-02,-1.495874233654768404e-01,-1.538750593145641332e-01,1.443228994653924235e-01,2.903005869248855841e-01,-1.030232888144693160e-01,-2.809409167371322291e-01,-2.453631346585311290e-01,-3.715941559070532474e-01,-3.075800014010980910e-01,-1.625863546680308414e-01,-1.309957211626084639e-01,-1.738330520980772009e-01
1.088494450745293024e-01,7.945694904264556657e-02,-1.536417522771637949e-02,-1.961864247780808340e-02,-3.597133651909132507e-02,2.359733127347174442e-01,1.438970963364090416e-01,9.838560360921888570e-02,7.630288905985048442e-02,2.989308568018675949e-01,-1.153391193863842201e-01,5.813437302031094350e-02,1.922014203928154030e-01,3.415389287471076729e-01,3.199016577292627672e-01,2.074893799165340724e-01,2.024168900685657801e-01,3.238354648497761556e-01,4.537050416565137356e-02,7.615941559557648510e-01,3.665619753628437949e-01,7.667336718230330916e-01,1.637841419719106850e-01,2.654847601748728386e-02,2.270169134921996845e-01,3.888863129478030700e-01,-3.357553486452276303e-02,2.945099569911791559e-01,3.448634379565515551e-01,4.247274069104300942e-01,-6.868227084441072550e-02,3.463568277511223648e-01,4.512443716336873023e-01,6.134515306956543623e-02,5.788496580493918825e-02,-5.015386581979538322e-02,3.669895885558534243e-02,-6.941450906289599321e-02,2.376328385111354247e-01,1.919561086714842990e-01,-4.171712831994443121e-02,2.778690197240801796e-02,3.599314259731698634e-02,-1.813992887520903263e-01,1.236110674387071173e-01,2.706936075899634142e-01,2.961698679720766170e-01,4.015682126535697893e-01,-7.441477556910271185e-02,8.669359430729028926e-02,1.334286662308974414e-01,2.006921300523860363e-02,8.733025945196489781e-01,2.272972704686488099e-01,6.875933795237006985e-01,2.472753593125361082e-01,-1.129260084838192013e-03,2.032000907845104287e-01,2.200260934389912659e-01,-1.031030876908620164e-01,2.799397242774413486e-01,9.797793681828353973e-02,2.243610692465998757e-01,7.549464368822766946e-02,2.283908576279080893e-01,2.599401285230891756e-01,-3.929166822717886087e-02,-4.686964119158605335e-01,-3.948059540849923610e-01,-5.177812494918578728e-02,-3.199819569038299116e-01,6.859514375497242911e-02,-8.099740729731613048e-03,1.751790197901663682e-01,8.192492874081852561e-02,3.070428050335873363e-02,1.331081347325540898e-01,-4.319994774087853595e-01,-3.397481205486833078e-01,-5.833288705265299995e-02,-3.706646484373654626e-01,2.453879777587518463e-02,1.056698921167481958e-01,7.473042355879269683e-02
-9.443787780814504040e-02,4.537384434837667957e-01,-6.096488142637575269e-02,-2.321248345187841011e-01,3.867377324108520198e-02,3.318198464323219854e-01,-1.402236602351822070e-01,4.596194990969201255e-01,-7.893069548224206089e-02,3.265572050198768950e-01,-4.560783844396558429e-02,2.859023472025165602e-01,-1.899137693279822486e-02,1.250008008882344535e-01,4.114713009962904233e-01,4.130801570389106558e-01,1.163437483684302970e-01,3.306003229114857778e-01,-2.199511677259755882e-01,3.665619753628437394e-01,7.615941559557648510e-01,4.760869920279413026e-01,4.454312978764694009e-01,2.992759909004768515e-01,4.491686736658950241e-01,6.781082738321220216e-01,4.616883415046808131e-02,5.159870387161009930e-02,2.748143456546219832e-01,1.475698259880351415e-01,-7.725746215047848975e-02,1.964342842512412923e-01,2.670025035485868448e-01,-1.511567384030756689e-01,2.033845472630462781e-01,-6.366095944005735474e-02,-1.070863506841841090e-01,-1.434034413232496419e-01,1.149276271028807778e-01,-2.204368606907567418e-01,3.316316194185849331e-01,-1.689255104551153075e-01,-1.402088947330269453e-01,-1.068927688167824047e-01,2.579716399770278779e-01,-5.627445404512464167e-02,2.006139134485939446e-01,3.902188430417209419e-01,-1.064581324806729984e-01,-2.840722869837138953e-01,-6.580889707415513157e-02,-2.567818781536972406e-01,2.644640657613702706e-01,5.916125639113362089e-01,3.154491430215076164e-01,3.664937604372867641e-01,2.308085821186567910e-01,1.701871635961873519e-01,2.644589676679668933e-01,-3.569993005124218882e-02,6.323510341774120358e-02,-5.455329477223364032e-02,-2.875265616146873149e-01,5.363550707271165160e-03,1.790322824985028372e-01,1.848559677227043507e-02,-3.280432892371512588e-01,-1.919075020560643274e-01,-2.448224163728332514e-01,6.275754753070016123e-02,7.328127560466526913e-02,1.573326380588606632e-01,-8.941861848382642863e-02,2.237292545117574860e-01,-3.953244486138988989e-02,-5.144252157931843150e-02,-7.627846318607052478e-02,-2.577863097895879974e-01,-1.841211365856966486e-01,-1.465210959923591780e-02,-2.649160002515809076e-01,4.722403370387397159e-02,2.509474248977536584e-02,1.813987067867391390e-01
1.503384260467758859e-01,3.454587041418834548e-01,8.502542139925881037e-02,-1.983457622417517802e-02,1.493651725074043590e-01,2.006381525733822169e-01,1.099047582194298961e-01,1.254745979204687778e-01,2.128077678194012501e-01,3.791851761178827718e-01,9.728870272810352660e-02,1.098507939960927660e-01,1.144555133771500699e-01,4.248301347196407618e-01,4.455362357580419097e-01,4.818355601129891697e-01,9.980962695637468629e-02,4.085159867003727019e-01,9.112403213559740200e-02,7.667336718230332027e-01,4.760869920279413026e-01,7.615941559557648510e-01,1.470288940336670902e-01,1.872518300703962177e-02,2.967876915799667059e-01,6.025965439728757644e-01,2.414104141903526124e-01,2.685435458359607952e-01,3.513162389242086014e-01,3.012849536279250673e-01,-3.389874193971149641e-01,3.822614873651199452e-01,4.661888741546188486e-01,-6.400545276067680367e-02,2.536284921750743271e-01,6.307535363764683878e-02,2.853014756932642851e-02,7.333361053790378448e-02,1.289964456850809238e-01,1.669544079526093794e-01,8.409951951854534313e-02,9.196430137387753834e-02,2.251996433157799765e-02,-1.298059739526536138e-01,1.493647951359702297e-01,1.636640187974810201e-01,3.217639561141570348e-01,5.244463579371887452e-01,-5.830118630885667425e-02,-9.438345953255568299e-02,1.023390445641380597e-01,5.275987304339851275e-02,6.647825465230994268e-01,2.655950041519767879e-01,7.643912829990058277e-01,2.809310964162194946e-01,1.232468377791163215e-02,1.108235669959579395e-01,3.015750279427566460e-01,9.149760405983389799e-02,1.642493780757705302e-01,-5.855755493944202889e-02,6.776409781615402861e-02,6.837199715920906640e-02,9.916772587619526735e-02,2.146825816248588981e-01,-1.109820433489754482e-01,-4.197345666877561055e-01,-3.335789333512939603e-01,9.245264668922122120e-03,-3.568913383527695382e-01,3.528952446640278851e-01,9.259541383182982865e-02,5.710876617986425374e-02,6.049473466192079041e-02,-4.102705850631765960e-02,1.306560311244830686e-01,-4.345230025017348119e-01,-2.724269494711504813e-01,-4.200112742378497160e-02,-3.188996167206423760e-01,2.752024912507364807e-01,1.697749461090953260e-01,-5.067187738881773380e-03
-2.866075633567573555e-01,3.508540980902811190e-01,3.830757357215132108e-01,-1.103204983934279737e-01,-1.233192955994814460e-01,3.643162836517810921e-01,2.559031417525154881e-02,5.205150570011729538e-01,-2.187639600055093503e-01,-1.223370480776038265e-02,1.632426370892628986e-01,-8.530937574464785011e-02,-1.998454127797062996e-01,1.868378987339038705e-02,8.238910733804345743e-02,1.953504925800237102e-01,-8.370121893433003779e-02,1.735556741555753860e-02,2.209415421746478148e-01,1.637841419719106573e-01,4.454312978764693454e-01,1.470288940336671457e-01,7.615941559557648510e-01,8.588142206594785721e-02,6.512640447746878003e-01,3.552345477223194381e-01,1.438363533005696249e-01,-6.329680158203834783e-02,2.143506845353032597e-01,4.216780871665471997e-01,1.101577546006835828e-01,2.840836905698613732e-02,1.422083775719783227e-01,-1.267665673254864400e-01,1.807798927161498870e-01,2.435420513213798488e-01,1.157216887254749055e-01,-3.177429783025444432e-01,5.989902945603130247e-02,-1.659652404369490464e-01,3.197652813354868728e-01,-2.811936262402490172e-01,-2.567485611352511299e-01,6.987234686886435731e-02,-1.893866214721011965e-01,-1.316985450565554827e-01,7.144529530062711242e-02,9.514509562864507594e-03,5.195541630051754567e-02,-3.178763682255729139e-01,-2.269342353947422508e-01,-6.788615374623416070e-03,7.839705499402618849e-02,2.056663487818408964e-01,2.858619799593411712e-02,6.477247588365573350e-01,1.623991579319300771e-01,4.049708940732206219e-01,6.499776600991961917e-02,1.694852436238669310e-02,-1.656029672758418669e-01,2.601905649997060792e-03,5.837649069471358143e-02,2.946993768359925867e-02,8.551520804027157308e-02,-6.128107550113748997e-02,-4.129771374870196132e-02,7.937051436063380372e-02,-1.395080208834725832e-01,-1.143434776190768998e-01,-4.816722053953711308e-02,-2.533995666893700816e-01,-3.049441201397140588e-01,9.843677146427601277e-02,-2.977878975127511846e-02,1.899196827961835976e-01,5.126837348088036928e-02,-4.307113875773114359e-02,-3.392399477579992328e-02,-1.426848563255764535e-01,-4.304528706585294268e-02,-3.286717224158663964e-01,-2.665884350600095654e-01,1.481181704262166388e-01
-9.877812145837647217e-02,9.895454374350692861e-02,-1.415702160941124110e-01,-2.084024669978352673e-01,-1.472844484181579372e-01,-1.706698197406247286e-01,-1.745177256853410186e-01,3.003191884004139389e-01,-1.139717505616307247e-01,3.391149370991280443e-01,-1.662881658369928517e-01,6.180056223150467432e-01,-1.620921991891442759e-01,-8.183917861576527064e-02,4.075029964633351542e-01,-8.328265500985346237e-02,-7.928168250720579735e-02,-1.791493506037992664e-03,-2.403190549679969645e-01,2.654847601748726998e-02,2.992759909004767960e-01,1.872518300703970504e-02,8.588142206594782946e-02,7.615941559557648510e-01,5.630288415607025143e-02,2.959226780564174764e-01,-2.058935010968640233e-01,3.400225754943488748e-02,-1.682657543589105020e-01,-3.034767661049950910e-02,-2.975757765977879096e-02,9.439688702097773915e-03,2.148645384863772934e-01,1.919229210496820395e-02,1.910993211026995875e-01,-1.923994868116097323e-01,-2.841816099292111542e-01,-1.027928705066914611e-01,-1.721790241274973876e-01,-1.324400200424178109e-01,9.715257309924697771e-02,-6.607166390222250774e-02,3.347354886425817910e-01,-8.035984322658329404e-02,5.643831367953319189e-01,-2.063037250093818498e-01,-1.150542883068342986e-01,2.654215098176407883e-01,1.031722990399824569e-01,-6.734069130471574682e-02,2.974453801461275915e-01,-2.875628240306070116e-01,6.697362022223042610e-02,3.303378155596887744e-01,1.041290117244791369e-01,-9.941419229714740236e-02,6.937997128849825446e-01,2.376600440227469302e-02,2.382305950530949623e-01,-1.559853248139792536e-01,7.933566092789531843e-02,-2.356873393207064432e-02,-1.073193404207768153e-01,-5.297049558934444069e-02,3.383309034691158595e-02,2.313328123841967288e-01,-2.517343313029773433e-01,2.596139599742291471e-01,2.562926284889952000e-02,1.294857240512099772e-01,-5.281313012909903334e-03,-8.287592250111115721e-02,-7.385264369772406162e-03,4.331719407060307669e-01,3.919562059148506278e-02,-6.877870096123470112e-02,-4.757731783222522021e-02,1.110989832914692221e-01,-1.163394388697734927e-01,1.450920003370044509e-02,-6.445691437910078259e-02,-8.535126731123295063e-02,-1.616088615382110238e-01,4.544551730047570737e-01
-3.079823630166736090e-02,3.110093047246640929e-01,3.846746372869618708e-02,-4.180626835270065400e-02,1.183628230679978355e-02,5.927269795039136202e-01,3.395690029506836377e-02,3.840587560093773889e-01,8.650106592078164736e-02,3.779404460906410357e-01,-4.830421679917632632e-02,-3.464233255282524182e-02,2.355751478533342769e-01,7.969861239944885101e-03,2.739272567778814477e-02,5.871492473175783378e-01,2.695653682336892065e-01,4.107380382655592688e-01,6.590844301989802478e-02,2.270169134921996845e-01,4.491686736658950241e-01,2.967876915799668169e-01,6.512640447746879113e-01,5.630288415607027919e-02,7.615941559557648510e-01,5.870490228267909449e-01,1.828235175307038884e-01,9.317279590267558281e-03,2.854605781638270834e-01,5.067336696276475427e-01,-8.009252897839162777e-02,3.923613122824087113e-02,1.276961194450697834e-01,-1.139217645620255320e-01,-8.917641625358645532e-03,2.019942722632783304e-03,7.183153855770631202e-02,-1.377439531178874799e-01,3.115566379525419594e-01,-4.438261603109081022e-02,2.405511682876869950e-01,-3.025727293428217418e-02,-8.805957730120746174e-02,-2.153935381728677434e-01,1.379903238990792640e-02,1.354150060626951035e-01,3.894427061795184553e-02,-3.239635190284755745e-02,7.660232123175024499e-02,-6.371919656077938698e-02,-4.100671539432870077e-02,-1.600134306689915131e-01,1.665024264524099795e-01,1.658356020631565342e-01,8.989909019634553800e-02,4.351467878439341241e-01,9.012977031160371300e-02,5.915034193468124979e-01,1.146174565177232735e-01,1.318546001396782123e-02,-7.293443829585344318e-02,-5.850318385392672127e-02,1.494818231179358969e-01,1.514595282444011759e-01,-9.794617091478127410e-03,-2.071286964865318159e-01,-1.266946258824115934e-01,-1.966140909052163099e-01,-2.445900273870291741e-01,-1.305288661997928146e-01,-1.286571288404470270e-01,1.803272202496391252e-01,-1.692928649752065695e-01,1.136857496652568245e-01,-1.880669796727572202e-02,1.019151200084885134e-01,1.155767068246182777e-01,-2.533207821767329282e-01,-1.853388433369594912e-01,-2.378792883730121432e-01,-1.819922645373713843e-01,-3.248983946416622148e-03,-2.079713669038131540e-02,-3.003070775469526485e-02
3.472291787493841930e-01,5.382739458810694710e-01,2.746721902722213879e-02,-4.188037324084140783e-02,1.006579918173382132e-01,3.791239385095497849e-01,1.065353785517382246e-01,4.322164972581030162e-01,9.900912377782823681e-02,5.880585278498999813e-01,2.049896752383050316e-02,3.492870072394486658e-01,3.224216861948848156e-01,1.308663512594045175e-01,3.879964019166158296e-01,6.739663458662409345e-01,2.560276076081600682e-01,6.235281875274882868e-01,1.338345710062057922e-02,3.888863129478031255e-01,6.781082738321221326e-01,6.025965439728756534e-01,3.552345477223194381e-01,2.959226780564174764e-01,5.870490228267907229e-01,7.615941559557648510e-01,2.042446041033516291e-01,4.049768394753869849e-01,3.796560347543060931e-01,3.786117158337986011e-01,-2.351323710486752649e-01,3.833419474675184291e-01,4.041230818351221887e-01,5.996980361066892029e-02,3.745141612824322008e-01,1.747299211324208554e-02,-3.590875518777431052e-02,1.277803349026249407e-03,1.693834902652528174e-01,4.265984504113825432e-02,3.043692528865592495e-01,1.631322407110072717e-02,7.779912062200675105e-02,-1.890283974307113146e-01,4.009576940612567530e-01,1.962490035264602695e-01,2.279787936846915664e-01,3.780808874062221991e-01,8.273542379132350910e-02,-1.173989010423386603e-01,1.895153945387381966e-01,-1.018986396015812146e-01,3.707641568905548635e-01,3.856772248062093622e-01,3.774699944298819387e-01,3.277229636627111975e-01,3.497267579728823850e-01,2.114720744321071932e-01,5.161193397090286794e-01,7.101706294714141277e-02,2.561574892145995208e-01,-7.715365413014790841e-02,-1.338092505389656406e-01,1.751869620796353832e-01,1.778906985199933677e-01,1.077467562320947175e-01,-1.553195440294665719e-01,-1.204336475485785346e-01,-1.410555034018935450e-01,1.333198456678661714e-01,-1.238199445816692973e-01,3.156236473296467615e-01,-5.334950694231598012e-02,1.472497352602160359e-01,-9.866514063860978845e-02,-1.839703768989779317e-02,-7.170185372236898350e-03,-2.146015815932304505e-01,-1.822756427967481274e-02,2.406279753316024547e-02,-2.282225148729178366e-01,2.650502063372770500e-01,1.124720355073438732e-01,1.418036422325923140e-01
2.662729482104004078e-02,1.038700449294253647e-01,1.888502869873159851e-01,1.075177669257038476e-01,5.747722579498564244e-01,2.123143396456273480e-01,3.117793915149234540e-01,-2.578839132074267626e-03,5.714992073847425802e-01,1.086329365148934190e-01,3.422749447962202818e-01,-6.879536665689893471e-02,4.170431593724294866e-02,1.837795866757021557e-01,1.501623754936541044e-01,2.575857890254286686e-01,-8.117232137712003526e-02,1.090846307615603028e-01,2.632406303424790761e-01,-3.357553486452276303e-02,4.616883415046802580e-02,2.414104141903525846e-01,1.438363533005696249e-01,-2.058935010968639956e-01,1.828235175307039717e-01,2.042446041033516291e-01,7.615941559557648510e-01,6.996968922375448874e-02,3.412720260407787753e-01,3.317463555304456246e-01,-7.060075070461685476e-02,-1.365538901493975298e-02,8.875294200471263439e-02,5.672386076336331101e-02,-2.392990001936223798e-02,2.327423040181848535e-01,2.567603003380175553e-01,3.766441523931178259e-01,1.204215072452692603e-01,4.621873372529101132e-01,2.150833966858159696e-01,4.296054442045419974e-01,-9.438350233118143751e-02,1.074534959753831453e-01,-8.128543887502079346e-02,1.876707849093064984e-01,2.361932552344440939e-01,5.803512551437018524e-02,-1.529544659555258090e-01,-1.063248951662182085e-01,-1.402084305930007338e-02,1.261500642095418068e-01,-8.246488489144297718e-03,-8.776787097046354069e-02,4.745215756010657399e-03,1.394866587055773877e-01,-1.936463173991268827e-01,3.049100290671710733e-02,-3.002613349662123371e-02,8.094105330683787347e-01,6.175799004806287879e-02,1.425816847172958583e-02,9.780906875984858584e-02,2.269622948288904096e-01,-2.973447920897653862e-01,-2.191227621822368077e-01,1.583727112735522913e-01,-2.598685829488073806e-01,-3.075198958019228490e-01,-3.099328532349303056e-01,-2.850309052699641632e-01,3.418663908043513833e-01,2.021240732302925225e-01,3.854654129011104297e-02,1.641367769624621498e-01,1.117635010791424716e-01,1.569097460744795780e-01,-1.045064633886399336e-01,-2.021887917936787127e-01,-3.460669582003080835e-01,-2.938274949278223414e-01,2.213461941728507854e-01,2.988627719143163164e-01,1.052728623413668463e-01
6.631726324256873584e-01,1.188464941869623870e-01,-1.416373968238167705e-02,3.437253697092295113e-01,3.655581671478272954e-01,1.491785014501390561e-01,3.776457288193154072e-01,3.168841165040622854e-02,3.347922306902079703e-01,4.177635481253020866e-01,3.038611887373396728e-02,2.514555780906321814e-01,6.472955468700141157e-01,4.055011651872754141e-01,1.908564328181111269e-01,4.152498722786153174e-01,2.620575600344655087e-01,6.252399669433209572e-01,-7.148143130526007569e-03,2.945099569911791004e-01,5.159870387161007155e-02,2.685435458359607952e-01,-6.329680158203833396e-02,3.400225754943488748e-02,9.317279590267537465e-03,4.049768394753870404e-01,6.996968922375447486e-02,7.615941559557648510e-01,3.422183442088417293e-01,7.046175299832439787e-02,7.929395175588754840e-02,7.334631224927006254e-01,4.619573477885000057e-01,4.926774782611230696e-01,8.974617158110860526e-02,-2.296309876062170574e-02,3.205797799399316972e-01,3.645895615774367160e-01,1.739619743950734376e-01,4.551012230338471465e-01,1.536986044792142680e-01,2.729351501057633578e-01,3.971369936969628700e-01,3.103387824320399686e-03,2.941972112818012075e-01,5.607153836259570756e-01,4.509400076342523489e-01,2.136849771861552283e-01,9.169964082290624208e-02,2.024777865785040432e-01,5.559485776926456069e-01,8.487789430628393805e-02,3.482913726400412302e-01,-1.064343687214068870e-02,2.633341206211469165e-01,4.902994351131080564e-02,1.735253615155810669e-01,-9.114799377145833825e-02,3.481478400860508193e-01,2.744889553730915990e-02,8.216187696536002560e-01,5.631468351532560590e-02,1.428215087637180747e-01,9.003697020870229939e-02,4.832283581390553473e-01,3.354722145002658196e-01,2.127629901400601153e-01,-2.855173268201737224e-01,-3.783826219113752276e-01,-1.831856012773140363e-01,-6.181705254316700870e-02,4.493961988433708421e-01,1.768615580117210151e-01,9.660367162574511057e-02,1.736920270020373414e-01,-7.449544122353045361e-02,1.759417162882107311e-01,-3.273126925429714618e-01,-4.447787826119585231e-01,-2.022768056781024670e-01,-2.556047486451610284e-01,5.154911219814869439e-01,3.774211038474626911e-01,-9.610949856459070906e-02
3.039927267485879048e-01,4.756275286319545242e-02,-2.438894976312814405e-02,-4.684802996988405091e-03,1.923289852457006066e-01,6.482528613089100222e-01,2.315860367470164161e-01,-5.025985637205665491e-02,1.942091475958534208e-01,1.236236552648218023e-01,-9.875050657924178132e-02,-9.335848082710350437e-02,3.533344585683082517e-01,2.187717839459508984e-01,9.796721893540584480e-02,5.802240438228867259e-01,2.193440606072829258e-01,4.376143675862519955e-01,-1.406921876870391441e-01,3.448634379565515551e-01,2.748143456546219277e-01,3.513162389242085459e-01,2.143506845353032597e-01,-1.682657543589105020e-01,2.854605781638272499e-01,3.796560347543060931e-01,3.412720260407787198e-01,3.422183442088418404e-01,7.615941559557648510e-01,1.088114894372312763e-01,-3.025193607980136701e-02,4.121558574494654237e-01,3.360047262565140080e-01,4.025967955998520642e-01,-1.133188878475794859e-01,-2.176177500777383422e-02,1.728428606067840545e-01,1.547213007651890848e-01,4.277249889283452622e-01,2.771482626838902008e-01,-4.508756352391614375e-02,1.206615702539073770e-01,-5.728547102091592624e-03,-1.745474231678920407e-01,-2.913775166708952244e-02,2.927164433593285042e-01,1.754360535472423432e-01,8.084904649986934810e-02,1.416810701613593626e-01,9.620065698363967910e-02,1.957326493310208859e-01,-1.309470408233397720e-01,3.140174441900655533e-01,3.190602963279845494e-02,3.551839867751194202e-01,8.513001482862106450e-02,-5.614139577066723508e-02,4.215935082940489020e-02,2.752358413169701534e-01,1.175185687411496593e-01,3.262784505574863325e-01,3.697521272714757168e-01,-1.224227157940367960e-01,8.056456330240632790e-02,2.723444154501555303e-01,-3.236227528844523582e-02,1.050716933009512855e-02,-2.221542812489478436e-01,-2.713114633013946619e-01,-2.148114926957822024e-01,-1.090759197907360256e-01,2.930505406457736273e-01,1.180759533591340255e-01,4.157624989013378874e-02,2.237590841464598412e-01,-7.642628725239802856e-02,7.411350970298337393e-02,-1.560387208607112441e-01,-2.576318676417372888e-01,-2.099583814555104344e-01,-2.651059285423941203e-01,3.064093228918485234e-01,1.136618979626764642e-01,-6.030102220836829063e-02
-3.982264053451973346e-02,2.851749029670279101e-01,3.171134510746575486e-01,4.952104049038263955e-02,1.740124119086260690e-01,5.955752302065875359e-02,2.788944243043477156e-02,4.763920485425671703e-01,1.271724774223325360e-01,7.928963020714324683e-02,3.200832210700526037e-01,-5.550893541441281019e-03,4.900933831611732627e-02,-1.721325423774124341e-01,1.951040612854860416e-03,1.895150219580303275e-01,1.594927727740163767e-02,1.952303961428353551e-01,3.989706431744091675e-01,4.247274069104300387e-01,1.475698259880351415e-01,3.012849536279250673e-01,4.216780871665471997e-01,-3.034767661049951604e-02,5.067336696276475427e-01,3.786117158337986011e-01,3.317463555304456246e-01,7.046175299832437011e-02,1.088114894372313318e-01,7.615941559557648510e-01,2.120320430965061675e-01,3.622462652806812677e-02,1.579362901381722029e-01,-2.028895257223969906e-01,4.316241666380481179e-02,2.082685997513528120e-01,7.686414660006100907e-02,-9.138817019927333862e-02,-2.191537131935094029e-01,-7.960262217494942782e-02,2.213494819033555716e-01,7.690853265172456488e-02,-1.820287709903574969e-01,1.974810325388316468e-01,-2.619785335095050072e-01,-8.964478864077697617e-02,-8.316690102505167048e-02,-1.268979913439643656e-02,-1.688936810420485213e-01,-2.482860305107848498e-01,-2.320981350449174974e-01,1.520154134711532434e-01,4.041833867885819553e-01,-1.826498072542631912e-01,2.413097518162767574e-01,1.275804286082366790e-01,-1.486432710885598196e-01,2.033874473919928538e-01,-8.891092152876826915e-02,2.126665913264680907e-01,-1.845791767789524071e-02,-9.594361313309208994e-02,3.021607241221048179e-01,3.958730590895318674e-02,7.226762215784421350e-02,-8.138574543927566685e-02,8.824453030744772164e-02,-2.307780073213443195e-01,-1.664174004859187428e-01,9.992936865571744320e-02,-1.787363682632184259e-01,-1.955112431748335100e-01,-1.332836675501721801e-01,7.766595367777048842e-02,7.585477536537758858e-02,1.900216341946143750e-01,1.107711367971009470e-01,-1.716201420383815790e-01,-1.674311227317743234e-01,-3.756225335197293375e-02,-1.877100303342544782e-02,-2.242904491074587670e-01,9.052156911407822915e-03,2.198427760236780146e-02
-2.695508793989998680e-02,-2.836457343671884845e-01,2.500345498375205339e-02,2.479215930867872952e-01,1.790095797162291891e-01,8.375441409063225096e-02,3.908197802846026803e-01,1.690318130174812972e-01,3.534572765074425749e-02,2.328668067679967937e-02,-4.643429265439458914e-02,3.920190455504041216e-02,2.369843797083505121e-01,-1.177144859062032034e-01,-1.135159199728585366e-01,-2.350756420477685404e-01,1.302081120784915336e-01,-1.735406111528957074e-01,-6.264087866979163588e-02,-6.868227084441075325e-02,-7.725746215047846199e-02,-3.389874193971149641e-01,1.101577546006835828e-01,-2.975757765977875627e-02,-8.009252897839161389e-02,-2.351323710486753205e-01,-7.060075070461677149e-02,7.929395175588757616e-02,-3.025193607980140517e-02,2.120320430965061675e-01,7.615941559557648510e-01,-1.091739530464894831e-01,-8.559208377138873003e-02,4.776788880272829496e-02,-3.055173678294887396e-01,-2.554817829811188018e-02,2.098433924831545339e-01,1.687000724780385874e-01,1.041989699918104140e-01,1.842727961448125118e-01,2.410676138093600374e-01,7.170205416441649549e-02,9.400530315680546978e-02,5.269090062382240230e-02,-2.919750225146317338e-02,1.560036940899944824e-01,1.025037743527962425e-01,-1.448753002355538944e-01,-1.277437882075170041e-02,-1.680963004792478468e-02,5.928969390883930685e-02,-3.368510669870240781e-02,-7.056374728511618892e-03,-1.161263242216512698e-01,-1.167188899996904755e-01,8.723332224103423627e-02,-7.109383451001816123e-02,5.321182351571090291e-02,-1.436049621987330327e-01,-1.022820558706830085e-02,2.280464170638006882e-01,5.716743090349216821e-02,1.995601629057701387e-01,4.833468470743433609e-02,3.891872440199983102e-02,-6.497447451061015566e-02,7.620972298735731454e-02,-9.008671460684496146e-02,-2.546147407577299404e-01,-1.506241912810754591e-01,-9.873264232344827751e-02,-8.800857880113911735e-02,4.476843632135701218e-02,1.939619095985105901e-01,1.261773414161077578e-01,9.045186610596406274e-02,-8.434524832779702330e-02,2.049091621227001198e-02,-2.120330730884532888e-01,-1.452115163951607155e-02,-1.898657742279062643e-01,-9.749054109268042584e-03,1.389186562471573239e-01,3.033839207990891157e-02
3.735964601308886524e-01,2.397182542595111543e-01,1.076025864263715354e-01,1.536169907522748346e-01,7.028520111770884815e-02,1.929034100926774187e-01,8.878834635655818985e-02,5.531606429213558468e-02,8.350651861805870324e-02,2.431884030294869659e-01,8.168483295407170941e-02,2.147619412282138485e-01,2.606129310376513741e-01,1.759284760871935860e-01,2.192287097286687303e-01,4.085546748776706649e-01,2.096683924011631950e-01,4.828668462978505382e-01,7.908734112049790876e-02,3.463568277511223648e-01,1.964342842512412368e-01,3.822614873651198342e-01,2.840836905698612344e-02,9.439688702097787792e-03,3.923613122824085031e-02,3.833419474675183736e-01,-1.365538901493977379e-02,7.334631224927007365e-01,4.121558574494654237e-01,3.622462652806816841e-02,-1.091739530464895108e-01,7.615941559557648510e-01,6.148603831931814812e-01,1.452974940278553007e-01,2.565615681414472604e-01,1.037415642865295584e-01,2.642917642967943515e-01,7.018365580619957689e-02,1.780111182021068272e-01,1.100857245342863888e-01,1.462949669318037160e-01,1.868010234324691404e-02,2.526765680054796070e-01,8.894986789222376899e-02,1.015564968965025072e-01,2.193558698961900200e-01,3.362836230588015507e-01,2.679160649686159190e-01,1.524120104207324355e-01,1.630761882353788106e-01,3.459563268406895542e-01,2.354687764640415459e-01,3.476966999098506927e-01,1.378684822319463932e-01,3.366523084601126814e-01,2.016376698523765221e-01,2.334341663509323372e-01,-4.220763026396534556e-02,3.786379444714485509e-01,-6.416334443505508633e-02,6.178956609074185424e-01,2.208393166883157455e-01,9.126881347932751243e-02,-1.504720967711379032e-01,8.273633905341221118e-01,4.838630629727564414e-01,-3.022798959317552978e-02,-5.699330674242377576e-02,-2.115506620753451750e-01,-1.459537073338144364e-01,1.039598289191164954e-01,3.663396968395244424e-01,8.650190184014674988e-02,8.487875697768595268e-03,1.973537690147260659e-01,-1.226958322786143030e-01,-1.202455388215256521e-01,-6.863072947827729420e-02,-2.888651303989385744e-01,-8.372157851888024915e-02,-7.101815988652031286e-02,4.004934061336818396e-01,2.703042051341254526e-01,-1.343145854987814747e-01
3.523042456005325285e-01,3.529577687551462839e-01,1.960989269349261155e-01,1.510233565530675615e-01,1.243491946872748721e-01,1.678524906275576101e-01,3.765727262807963549e-02,9.747656090104485360e-02,1.656872645379772746e-01,3.564071846642029029e-01,2.250301573785888076e-01,2.686698961573209532e-01,9.615264745256517365e-02,2.801056717151638176e-01,2.804252813099721298e-01,4.102223915547477118e-01,1.072957052567663078e-01,4.800106049539485942e-01,2.144296889986794241e-01,4.512443716336873578e-01,2.670025035485868448e-01,4.661888741546188486e-01,1.422083775719783227e-01,2.148645384863772934e-01,1.276961194450697834e-01,4.041230818351222442e-01,8.875294200471266215e-02,4.619573477885001167e-01,3.360047262565140080e-01,1.579362901381721751e-01,-8.559208377138874391e-02,6.148603831931813701e-01,7.615941559557648510e-01,3.008386861033726656e-01,3.242296841424261999e-01,1.345569687798473801e-01,1.794693185978345762e-01,9.994804057921624629e-02,1.296610370069062323e-01,1.259972729150497517e-01,1.733042067458985258e-01,6.123867749105214170e-02,3.957441379151672711e-01,1.478274436430683791e-01,2.220697949466767518e-01,1.392575927670493263e-01,2.581134938251218869e-01,2.690861565236609132e-01,2.847989367614997894e-02,1.721830782012861161e-01,3.981699923944022612e-01,2.064226514986058358e-01,3.998847799547702309e-01,1.276631220083227491e-01,3.414209630466468748e-01,2.337492577595259580e-01,3.598647080159061429e-01,1.354408065357000091e-01,3.429036487247527631e-01,-1.171267968892701766e-01,4.733651520660128731e-01,1.214401779524914952e-02,1.888356151094194024e-01,-1.317767708582331943e-01,5.383502673487092771e-01,5.540918047811763669e-01,3.976126919067810017e-02,-1.506216746956045571e-01,-2.445599467728593324e-01,-9.686611444341103327e-02,-1.174862827461246456e-01,3.646910989577270557e-01,1.610519164815833182e-01,1.874797646457489753e-01,4.424353984629678660e-01,-1.289752871971187043e-01,7.895593489116320418e-02,-1.248060984179652638e-01,-3.390005377517690266e-01,-1.223955085800268738e-01,-2.910699167411026078e-01,4.338739006465739401e-01,2.633550084943857006e-01,1.919181902026870778e-01
4.130881361964704457e-01,5.700599696312123182e-02,-1.806642246820732156e-01,1.843055304828816188e-01,1.787683558954364649e-01,3.005243224735081042e-02,2.500858569330536296e-01,-3.307862902504260516e-01,1.394594533128122871e-01,4.583661865094470350e-02,-2.147686769629110759e-01,-1.131590225745764539e-01,3.715804336819508169e-01,2.065377288450530868e-01,1.497416711997444838e-03,1.644481429696529884e-01,-2.362396761764844200e-02,3.622867312486013902e-01,-1.693409855487097715e-01,6.134515306956547093e-02,-1.511567384030756689e-01,-6.400545276067678979e-02,-1.267665673254864400e-01,1.919229210496820395e-02,-1.139217645620255320e-01,5.996980361066888560e-02,5.672386076336325550e-02,4.926774782611230696e-01,4.025967955998520642e-01,-2.028895257223969628e-01,4.776788880272826721e-02,1.452974940278553284e-01,3.008386861033726656e-01,7.615941559557648510e-01,1.421228350431112397e-01,-2.061869480628286400e-01,1.843588347441083297e-01,3.023447605842354835e-01,2.387620779509397884e-01,4.742454584883684099e-01,-2.348624476491606161e-01,1.601931123707478200e-01,4.138541320483568042e-01,-2.338068165141048427e-01,1.503536722679198467e-01,6.049488757280464535e-01,1.712787954386745803e-01,-4.038343174541549757e-02,3.989830406116202655e-01,3.210509451278924509e-01,7.341908870075242177e-01,-1.035711700876263408e-01,1.040051382964444354e-01,2.401880743775578614e-02,3.673030966531614511e-02,-1.169018310074993600e-01,1.392943222464323172e-01,8.708902057642629868e-02,3.787866955851953432e-01,-3.112602957379093094e-02,5.338364034300853156e-01,2.375426263177368991e-01,-3.509547390492361030e-02,1.539260953735560877e-01,9.447062614740336928e-02,2.132332300260648128e-01,3.510617881108979987e-01,-2.075892051933259097e-01,-1.949653349316504414e-01,-9.533583991742757002e-02,-1.175561366489144832e-01,1.516254304737030545e-01,2.256441559563067412e-01,-1.497473266513810880e-02,9.515632356534979575e-02,5.748856823323674620e-02,1.932505200603444329e-01,-1.717614250499788775e-01,-2.152695682412475442e-01,-1.113055892138549163e-01,-2.481970534305807663e-01,3.253532790090042925e-01,2.681813902413456296e-01,6.344051469104658621e-03
7.368432593996504520e-02,6.759793096820611025e-01,1.539418495298264244e-01,-2.440496840758359098e-01,-2.333157058737495571e-01,-1.005304200416913124e-01,-2.340758186074597957e-01,3.908784204059320005e-02,-2.478720899290185464e-01,-1.533590650915633846e-01,5.873357873716676322e-03,-1.062878008976794048e-01,-1.391444927264434417e-01,-9.424614216657473120e-02,2.508308541682239823e-01,2.163145520441279446e-01,-2.365732883863397862e-01,2.086938326993893200e-01,5.539767171064121504e-02,5.788496580493921601e-02,2.033845472630463336e-01,2.536284921750743271e-01,1.807798927161499147e-01,1.910993211026996152e-01,-8.917641625358562266e-03,3.745141612824323119e-01,-2.392990001936227962e-02,8.974617158110863302e-02,-1.133188878475794581e-01,4.316241666380481179e-02,-3.055173678294887396e-01,2.565615681414471494e-01,3.242296841424261444e-01,1.421228350431112397e-01,7.615941559557648510e-01,1.486856935383662481e-01,-4.138723516752017967e-02,-2.406477456197685105e-01,-1.819994943083885763e-01,-3.568060873265638255e-01,-7.459935961936121906e-02,-2.965643305179248013e-01,8.481968161991246258e-03,7.558830859806131564e-03,-1.943445649055646762e-01,-2.352351141541628443e-01,-1.413427095757099732e-02,2.406116665404035848e-01,3.072615778512559626e-01,-2.303587311105451119e-01,1.534540691310617155e-01,2.944044165065023977e-02,-1.626370059521473413e-02,4.591972419065427080e-01,1.501477150191230792e-01,1.110803584272346128e-01,6.191651578555615876e-01,6.212939529479899470e-02,5.312640712597417325e-01,-2.614982962094619667e-01,5.261426787235432001e-02,2.341802196003923975e-02,-9.227130697043753327e-02,-1.648271931560673156e-02,1.756467659460870800e-01,3.483785565443410781e-01,-9.842087421289592852e-02,1.470450395717670111e-01,6.520373445743618546e-02,-7.015941081045046213e-02,1.279052046472092807e-01,1.499389451490466645e-02,-2.076450381877820162e-01,8.041580205683025728e-02,1.668924148593740053e-01,-1.251538822483284630e-01,2.466930185250761770e-02,-9.875036568404392534e-02,7.092021432572001571e-02,-8.639495296405103053e-02,7.458146474529266101e-02,2.545090274411524259e-02,-1.162042422655277241e-01,1.745716539897792796e-01
-2.391915320927941457e-01,1.053416111762350560e-01,9.373219817332264503e-01,-5.479861474386337611e-02,-4.729002782840455166e-03,-1.158572831165309847e-01,1.467505585431397655e-02,1.958363185023780095e-01,-2.185933029864498278e-01,-1.301085455033891558e-01,7.337558394537002648e-01,-1.798920123333511978e-01,-4.464726180052630000e-01,-1.098465483038287005e-02,5.139740896570688111e-02,1.895806878896278899e-02,-3.207761280643470214e-01,-5.213951282742945725e-02,7.069337640622382901e-01,-5.015386581979538322e-02,-6.366095944005732699e-02,6.307535363764681102e-02,2.435420513213799043e-01,-1.923994868116097323e-01,2.019942722632755549e-03,1.747299211324205778e-02,2.327423040181848535e-01,-2.296309876062165023e-02,-2.176177500777382035e-02,2.082685997513528398e-01,-2.554817829811190100e-02,1.037415642865295723e-01,1.345569687798474079e-01,-2.061869480628286400e-01,1.486856935383662759e-01,7.615941559557648510e-01,7.865205826064493311e-02,-1.393170379041707985e-01,-2.761433183559356408e-01,-1.744022818844396527e-01,3.459945183442814098e-01,-2.226682326328615347e-01,-1.847058935324492612e-01,7.542050923590248868e-01,-3.048861164873091778e-01,-2.275802319124296813e-01,3.170703042160818302e-02,5.001945144873599230e-02,-1.731923753829276713e-01,-9.811540544739590086e-02,-2.431091142691930995e-01,6.517931990921443930e-01,-1.064498757234992182e-01,-1.727292551126400899e-01,-3.520058573092839371e-02,3.753467760729357616e-01,-4.301121509611913890e-02,-5.836918322329853054e-02,-1.487111744568298810e-01,2.484922221089278238e-01,-2.565486766157423215e-01,-1.747436175423306426e-01,1.139879186679170625e-01,-1.804881181713901758e-02,2.322499670480719647e-02,-5.322726174542798463e-03,-1.259249076217704433e-01,-2.240990601404397875e-01,-2.584704355861280889e-01,-2.812108815401347384e-01,-5.430534008703678112e-02,-2.049856765146419735e-01,-2.000419354004934480e-01,-1.712190374488342659e-01,1.459085271807628315e-01,6.714665745115054596e-02,-1.058982619588357266e-01,-2.735360826026824732e-01,-2.060327375660878091e-01,-3.190304959399165585e-01,-1.153266686681700542e-01,-2.896439521676490436e-01,-2.562861269118241192e-01,-2.090112125502963658e-01
1.433927913929428088e-01,-2.492005005113926905e-02,6.174448816086561959e-02,5.907286506006719229e-01,3.785722063408022420e-01,6.642428032478218947e-02,5.171340624659579444e-01,7.943266993737031767e-02,2.031328199111862853e-01,1.795528901139978317e-01,7.359524750706401830e-02,1.543811073379553443e-02,2.814717804925873645e-01,2.517731353983567177e-01,4.468754767459983540e-02,3.770904554146168458e-02,1.453645480185938310e-01,4.027763485450940040e-02,1.199866926395053990e-01,3.669895885558537713e-02,-1.070863506841841367e-01,2.853014756932639034e-02,1.157216887254749610e-01,-2.841816099292111542e-01,7.183153855770631202e-02,-3.590875518777431052e-02,2.567603003380175553e-01,3.205797799399316972e-01,1.728428606067840545e-01,7.686414660006103683e-02,2.098433924831544506e-01,2.642917642967944070e-01,1.794693185978346317e-01,1.843588347441083297e-01,-4.138723516752017273e-02,7.865205826064489147e-02,7.615941559557648510e-01,3.402076500464418229e-01,3.324749310117203760e-01,5.513395217610141952e-01,3.476063944064013977e-01,2.270322130172232056e-01,3.359082967534409159e-01,1.633530578579299453e-01,4.383918958653738179e-02,4.238753115310832653e-01,4.058089097129466416e-01,6.083139187627463473e-02,5.262222384929580304e-02,2.406067308370490321e-01,2.055961286359437035e-01,1.980932071168810260e-01,6.112695698632837626e-02,-5.517323118320679315e-02,4.508185808620070179e-02,2.866241016529482155e-01,-6.670183225526880866e-02,2.758453564634808508e-01,1.030932805320796258e-01,2.585018901562199378e-01,3.294320008274654321e-01,6.382878612209520741e-02,2.448856937760906238e-01,5.142008190348237306e-01,1.278487527355276487e-01,2.521588401298069382e-01,4.035873471387607103e-01,-2.204332442070687792e-01,-1.816967756387496691e-01,-1.747657301464711210e-01,4.263349861625616299e-02,2.889234518548828845e-01,1.534171673337567932e-01,1.499097771200335050e-01,2.068883114081335739e-01,2.716228715779223646e-01,1.504786072436889721e-01,-5.982427123242417544e-02,-1.572495826474654412e-01,-5.470181088668781694e-02,-1.227019755650738952e-01,3.507583216483909361e-01,2.558830073033137587e-01,6.152374388346511236e-02
3.116240271291477182e-01,-1.099242333473496036e-01,-2.385778681864425821e-01,3.776385402673473335e-01,8.323747448661000803e-01,2.163814389013023198e-02,3.686722849565216009e-01,-1.429325050074515546e-01,6.943128870806459796e-01,2.541793386224158180e-01,7.859460877767883435e-02,2.372995245249372442e-01,3.076196402214158021e-01,4.474335869823863887e-01,1.100175082196155757e-01,2.192368292851205047e-01,1.277315128393724242e-01,2.844197321990980520e-01,-5.881190034731478833e-02,-6.941450906289596545e-02,-1.434034413232496141e-01,7.333361053790375672e-02,-3.177429783025444432e-01,-1.027928705066914472e-01,-1.377439531178874521e-01,1.277803349026228590e-03,3.766441523931177704e-01,3.645895615774367715e-01,1.547213007651891126e-01,-9.138817019927336638e-02,1.687000724780385874e-01,7.018365580619956301e-02,9.994804057921627405e-02,3.023447605842354835e-01,-2.406477456197684550e-01,-1.393170379041707985e-01,3.402076500464418229e-01,7.615941559557648510e-01,2.960821984300569532e-01,7.280180813749894675e-01,3.271336675669541671e-01,7.904544465129357267e-01,2.617352915429812521e-01,1.466040368159346741e-01,3.317654557906769552e-01,4.913767096019644454e-01,6.044359564550818575e-01,5.004296388129812062e-02,-9.723771406983483523e-02,1.438594822633628423e-01,3.326575333370084264e-01,1.113182987414228636e-01,1.095266467275133118e-02,-2.423687730166301790e-01,2.984993086309958507e-02,-2.928273435743558757e-03,-2.663185013974687099e-01,-8.479139645295015459e-02,-3.057055141911727697e-02,5.425903972723306046e-01,4.206565280790431349e-01,-3.868077006806008855e-02,1.546986492329344431e-01,3.637862731077334266e-01,-2.688322361717507269e-01,3.859301387752492318e-02,2.137455317440550007e-01,-4.202819968967866915e-01,-2.848065399968048861e-01,-1.249867806365850958e-01,-1.038845560300316884e-01,5.425866137912288556e-01,4.518460290045971384e-01,3.475263693842369633e-02,9.903213685978450032e-02,1.268346139498314207e-01,9.411203406463596044e-02,-2.768914960189851615e-01,-3.357041529267924540e-01,-5.213520638164639148e-02,-2.095134986858107617e-01,4.927049490085725902e-01,5.182038072993898625e-01,-4.263705896863150685e-02
-5.135114154364357753e-02,-4.380623567875781971e-02,-2.869858866152653065e-01,1.350892361003458442e-01,1.787387167380593833e-01,5.554058581978595921e-01,1.260712640506398974e-01,8.444378560574432313e-02,2.401855705145258812e-01,2.150545752880734518e-01,-2.389101949226676291e-01,3.542514645754395175e-02,3.759792904178531070e-01,1.399143064628732835e-01,1.104588751462999979e-01,2.812372184671091402e-01,4.800089345769287807e-01,2.571076431640777482e-01,-1.832479752698090159e-01,2.376328385111354524e-01,1.149276271028807361e-01,1.289964456850809238e-01,5.989902945603138573e-02,-1.721790241274974709e-01,3.115566379525419038e-01,1.693834902652528729e-01,1.204215072452692048e-01,1.739619743950734654e-01,4.277249889283451512e-01,-2.191537131935094307e-01,1.041989699918104834e-01,1.780111182021068550e-01,1.296610370069062046e-01,2.387620779509398161e-01,-1.819994943083885486e-01,-2.761433183559356408e-01,3.324749310117203205e-01,2.960821984300568421e-01,7.615941559557648510e-01,4.705337798268626193e-01,3.174844732559872762e-01,3.427936787930163098e-01,1.771072407819367922e-01,-2.869714357161919360e-01,2.234867708533366526e-01,6.707234949810936264e-01,4.850994655217143459e-01,3.633806132308616682e-02,2.142761988252315786e-01,3.589867365705081692e-01,2.308245580975063216e-01,-1.642204304286272731e-01,3.293584598810432862e-01,7.002199364801786619e-02,1.879489439506530912e-01,3.235386049108316953e-01,-2.056594999280554961e-02,4.954257724192666079e-01,3.208389298788649757e-01,3.075131598230202989e-01,2.864661791863680196e-01,3.333304483728991019e-01,2.194919396205422535e-01,2.754517756609809465e-01,1.387601589055561802e-01,3.054377292075019138e-05,7.299325164860945292e-02,-3.223815378424325639e-01,-4.167272618261416151e-01,-3.664756683062755371e-01,4.294705384299791866e-03,2.484774242211955086e-01,-1.378291652013186597e-01,2.090472885155691685e-01,4.417436993454835342e-02,5.185084481408931689e-02,1.116481078371290778e-02,-1.144890518538169005e-01,-3.742541366051753138e-01,-2.764089333009584482e-01,-2.406795124573821165e-01,2.419869436357593440e-01,1.339342203412139665e-01,-2.144565516172095704e-02
3.202239537117745893e-01,-3.224878961619027096e-01,-1.857238588345249686e-01,3.712921877365197298e-01,5.986761824227277984e-01,2.732763353741385348e-01,5.899286784713823062e-01,-1.142595283482027851e-01,5.793115932418820835e-01,2.518301170214162776e-01,-6.820704736627201947e-02,1.230507676834640129e-01,6.007878413150988806e-01,2.788370301287991793e-01,2.930228257561678928e-01,1.949797524884124278e-01,2.661511658707049754e-01,1.943919900869564843e-01,-1.617887376453697457e-01,1.919561086714842990e-01,-2.204368606907567696e-01,1.669544079526094071e-01,-1.659652404369490464e-01,-1.324400200424178109e-01,-4.438261603109072695e-02,4.265984504113826820e-02,4.621873372529101132e-01,4.551012230338472020e-01,2.771482626838902008e-01,-7.960262217494942782e-02,1.842727961448125396e-01,1.100857245342864027e-01,1.259972729150497517e-01,4.742454584883685209e-01,-3.568060873265638255e-01,-1.744022818844396527e-01,5.513395217610140842e-01,7.280180813749895785e-01,4.705337798268626193e-01,7.615941559557648510e-01,2.004978189188362514e-01,6.446393485297217119e-01,3.758679703231151414e-01,-1.126610276841073649e-01,3.034972751434750204e-01,7.548651241955419700e-01,5.131547333958484947e-01,1.004324938192778516e-01,1.143910619566753523e-01,3.395323882621147371e-01,3.586152072908122546e-01,-9.774472080389172424e-02,2.422926550114093136e-01,-2.316160899150379038e-01,1.735476123105543222e-01,2.805222244533782123e-03,-1.017770777456059039e-01,1.064720560998145826e-01,8.108296528123788705e-02,5.545807906057237391e-01,4.952221010859985673e-01,1.138558179915993007e-01,2.434781074347377172e-01,4.044592936552834361e-01,-1.004965825469430613e-01,1.672073563659395301e-01,1.406118217573117946e-01,-4.674846693870639558e-01,-5.234211124149772409e-01,-3.680055467488803078e-01,5.582093756426800141e-02,3.666923867036228635e-01,2.437852751311624655e-01,1.503512577963084240e-01,5.514438166607951025e-02,1.131291196604520544e-01,6.026495956002160537e-02,-2.931304065369147449e-01,-5.593109612076138104e-01,-2.952440249346210965e-01,-2.312411020600724509e-01,4.171518814529727170e-01,3.891443910332624823e-01,-5.462960409590936900e-02
-1.257674068926573074e-01,1.572060915916874690e-01,3.022356067174069572e-01,1.826830476891938559e-01,4.204624659521865038e-01,2.691404432887493092e-01,1.302026029623905845e-01,7.102142850694872500e-01,2.511584279549352039e-01,2.454997764237775160e-01,4.354508956916088303e-01,3.139573962960955922e-01,2.670814901196095353e-02,2.889478859047222570e-01,7.876680281882580958e-02,9.002555418490687522e-02,5.735551289695627053e-02,4.631400233451656717e-02,3.114575574694498639e-01,-4.171712831994443121e-02,3.316316194185849331e-01,8.409951951854532926e-02,3.197652813354870394e-01,9.715257309924697771e-02,2.405511682876869950e-01,3.043692528865593050e-01,2.150833966858159696e-01,1.536986044792142680e-01,-4.508756352391618538e-02,2.213494819033556271e-01,2.410676138093601206e-01,1.462949669318037715e-01,1.733042067458984981e-01,-2.348624476491606439e-01,-7.459935961936124682e-02,3.459945183442813543e-01,3.476063944064013422e-01,3.271336675669541671e-01,3.174844732559872762e-01,2.004978189188361959e-01,7.615941559557648510e-01,2.166646341961837308e-01,-9.914347773135035596e-03,4.186378294009158729e-01,2.439274286468302300e-01,2.304804817327124888e-01,5.614901392420765802e-01,9.736515678339273394e-02,-3.413282871920557682e-01,-1.595545776498746016e-01,-1.883615128347145284e-01,2.119342214890304332e-01,-4.743387153712342458e-02,-3.599750256520651420e-02,-6.525535905841724216e-02,6.170739572584117427e-01,1.217362631721338184e-01,2.571984464352624622e-01,6.123784734287868875e-02,3.022729084697304835e-01,1.504587281429873580e-01,-2.628943294278340281e-01,2.033939010542167303e-01,1.846526423321874777e-01,1.242255910036213634e-01,5.555503525486753247e-02,4.789712876367917260e-02,-9.517425016142315453e-02,-2.808837804661016846e-01,-2.106832283384070525e-01,3.606236993285000941e-02,2.293241342663104587e-01,-1.927361904078846444e-01,2.276549147928506878e-01,2.146687515555608106e-01,1.592346537469379875e-01,3.857615783210678606e-03,-2.175879170527395337e-02,-2.185659145552608373e-01,-1.745135423668765229e-01,-1.927757295529340387e-01,1.745170353567162824e-01,5.207779680678416290e-02,7.615437984480104283e-02
3.518518673232440830e-01,-1.893085062190538181e-01,-2.983833494074757953e-01,3.190050645748315206e-01,6.051204817144784087e-01,1.318030098488696122e-01,2.638708848017093933e-01,-1.185524829252194018e-01,8.959225168114642868e-01,1.607098260244891885e-01,-6.997041674885184914e-02,1.550720172739294134e-01,2.964751754444173715e-01,2.475565407230874149e-01,1.773560889785776029e-01,1.700749715629171765e-01,2.239323451415190791e-01,2.665305326680285081e-01,7.087801643599171697e-02,2.778690197240801796e-02,-1.689255104551153353e-01,9.196430137387755221e-02,-2.811936262402491282e-01,-6.607166390222247998e-02,-3.025727293428213255e-02,1.631322407110071329e-02,4.296054442045418864e-01,2.729351501057634688e-01,1.206615702539074325e-01,7.690853265172457875e-02,7.170205416441648161e-02,1.868010234324691404e-02,6.123867749105218333e-02,1.601931123707477922e-01,-2.965643305179248013e-01,-2.226682326328615347e-01,2.270322130172232333e-01,7.904544465129357267e-01,3.427936787930163098e-01,6.446393485297217119e-01,2.166646341961837308e-01,7.615941559557648510e-01,8.171833133847192232e-02,-1.301481194771228131e-02,1.807543419216298131e-01,4.338601824106950722e-01,4.441481939659162603e-01,8.062487986119089289e-02,-1.741410518475642044e-01,1.320439960772147592e-01,2.142783703640601112e-01,6.223952275109478210e-02,1.619908807666518569e-01,-2.342523873304149518e-01,8.172593824503841808e-02,-9.337077200869087212e-02,-2.284049398476956927e-01,5.017389175509172003e-03,-7.719039998668375535e-02,5.608999211506855431e-01,2.240973901751521780e-01,-8.620276434813822775e-02,2.610794462897312318e-01,2.890112674718591235e-01,-3.319649547182653704e-01,-1.476362926284558452e-01,8.429897300193524290e-02,-3.665354247240203978e-01,-3.864395644313799449e-01,-2.802846388987529913e-01,-3.636904551630329441e-01,4.057538144898482080e-01,2.484114284275160123e-01,2.521360635890869742e-02,9.288150863372093835e-02,8.924678242692622721e-02,1.738945498675915566e-02,-2.104730241723322681e-01,-4.906424869552430401e-01,-1.886935266996619120e-01,-3.819192833585310920e-01,3.365986753935562570e-01,4.364416361727138649e-01,-6.884275105906717540e-02
2.322075379216598789e-01,-1.724333711757654597e-01,-1.801877294052295908e-01,2.791035089424915849e-01,1.044178952500478957e-01,-1.319028237610861409e-01,9.697552403581345681e-02,-1.318867384868663284e-01,4.045770465834888641e-02,4.374844534369228266e-01,-9.872579250908737614e-02,4.727080910076960074e-01,7.226854342143670951e-02,1.348403013438489451e-01,2.571761368899912470e-01,6.704255518270564596e-02,1.417314658604503230e-01,2.319996209067993198e-01,-1.151988447333012894e-01,3.599314259731700022e-02,-1.402088947330269730e-01,2.251996433157796643e-02,-2.567485611352510189e-01,3.347354886425817355e-01,-8.805957730120746174e-02,7.779912062200675105e-02,-9.438350233118140975e-02,3.971369936969628700e-01,-5.728547102091537113e-03,-1.820287709903574691e-01,9.400530315680544202e-02,2.526765680054796070e-01,3.957441379151672156e-01,4.138541320483568597e-01,8.481968161991246258e-03,-1.847058935324493445e-01,3.359082967534409159e-01,2.617352915429811966e-01,1.771072407819367089e-01,3.758679703231151414e-01,-9.914347773135035596e-03,8.171833133847195008e-02,7.615941559557648510e-01,4.498665562266198487e-02,5.753692880735769011e-01,2.597230268864847980e-01,1.805777711324091095e-01,8.494432676084422151e-02,2.761440002103149882e-01,5.941365502672910637e-01,6.958740490280053148e-01,1.807848575801569322e-03,1.593826808829832409e-01,2.548821461008796141e-02,8.534950199689282646e-02,-1.837900456081685285e-01,3.788822984191779208e-01,2.280004793294345689e-01,2.761309248103773761e-01,-3.649541458119895387e-02,5.222267736536284621e-01,-1.391679925387099073e-02,1.794661587579663431e-01,3.605078416863433111e-01,1.985707446325661318e-01,5.579953473576999556e-01,6.584048687061377914e-02,-1.899752832282912973e-01,-2.015610294748025610e-01,-1.007762833781360862e-01,1.493581906711310102e-02,2.506150795197126246e-01,1.312402447419432905e-01,2.649343421622560868e-01,2.931522481779187950e-01,-2.648653470093536091e-02,7.423034859225559334e-02,-2.002583274712254613e-01,-3.006349617425412291e-01,-1.793758021325618790e-01,-2.746961220885015265e-01,3.704587295133857094e-01,2.730283012691493427e-01,2.134463866079854277e-01
-2.510245293579331238e-01,-8.901601862210435645e-02,7.551490131322599053e-01,-1.985164468388792361e-02,1.953652700142882448e-01,-2.368518980749701186e-01,-1.007520016114794997e-01,8.481647248387476357e-02,-6.096586900235219375e-02,-6.251001579727527568e-02,8.647183012370353028e-01,1.516103091700242867e-03,-4.799627934393466133e-01,1.339601975850690241e-01,1.241342482022045335e-02,-1.424370909002491137e-01,-2.519138763131072434e-01,-6.414426405979167800e-02,7.578152936850391930e-01,-1.813992887520903541e-01,-1.068927688167824186e-01,-1.298059739526535583e-01,6.987234686886442669e-02,-8.035984322658333567e-02,-2.153935381728677156e-01,-1.890283974307113424e-01,1.074534959753831731e-01,3.103387824320392747e-03,-1.745474231678920685e-01,1.974810325388316468e-01,5.269090062382240230e-02,8.894986789222375512e-02,1.478274436430684069e-01,-2.338068165141048149e-01,7.558830859806124625e-03,7.542050923590249978e-01,1.633530578579299175e-01,1.466040368159346741e-01,-2.869714357161919360e-01,-1.126610276841073649e-01,4.186378294009159284e-01,-1.301481194771232294e-02,4.498665562266198487e-02,7.615941559557648510e-01,-9.646475401748573486e-02,-2.209203800355908354e-01,2.679439918972705281e-01,-1.367095589071561090e-02,-2.282207842265854825e-01,-8.478262442029006144e-04,-9.938907136384093899e-02,8.174031630233208334e-01,-1.848114617066690946e-01,-2.098712682460774082e-01,-1.821338403296116071e-01,2.465876052470008795e-01,-7.660022968683311007e-02,-9.893584066804100852e-02,-2.363166805274554694e-01,2.061285538323366640e-01,-6.252963771375845414e-02,-2.459037910007242367e-01,1.227139357700796490e-01,2.539451908056788651e-02,5.418633044773754626e-02,1.497305670938243738e-01,-8.745747927272254363e-02,-3.286349814925898505e-01,-2.592823322933222596e-01,-2.269299988770112075e-01,-1.206749563603851105e-01,5.531831008625726076e-02,-5.817899841724653853e-02,-2.031974224684906793e-01,2.240603604258670500e-01,6.217203468812277506e-02,-2.160078402579381218e-01,-3.546577738303749450e-01,-2.607773186404766519e-01,-1.879031618640343293e-01,-1.508864530423897898e-01,-1.069469386945841177e-01,-3.739908354336893975e-02,-2.308763199173085590e-01
2.521966230547198484e-01,-1.151185039604484539e-01,-3.095680926390972365e-01,9.297497819614701509e-02,2.093074980108006189e-01,-4.304112605166413724e-02,4.933639510904740816e-02,1.887800694806277824e-01,1.129089115294057283e-01,6.526592006810117974e-01,-1.467412035459063069e-01,8.193499677233546663e-01,1.706902704006913740e-01,3.225717327045388716e-01,4.663932830032208043e-01,1.243936811257187330e-01,2.482871796260591735e-01,3.401811166057185920e-01,-2.487500005803760794e-01,1.236110674387071034e-01,2.579716399770278779e-01,1.493647951359702020e-01,-1.893866214721011965e-01,5.643831367953319189e-01,1.379903238990797497e-02,4.009576940612566420e-01,-8.128543887502076570e-02,2.941972112818011520e-01,-2.913775166708952244e-02,-2.619785335095050627e-01,-2.919750225146316644e-02,1.015564968965024933e-01,2.220697949466767240e-01,1.503536722679198190e-01,-1.943445649055647040e-01,-3.048861164873091778e-01,4.383918958653742343e-02,3.317654557906769552e-01,2.234867708533365971e-01,3.034972751434749649e-01,2.439274286468302577e-01,1.807543419216297853e-01,5.753692880735769011e-01,-9.646475401748572098e-02,7.615941559557648510e-01,3.106942261045999576e-01,3.647446649281753661e-01,3.383437749489359159e-01,-4.653701284106473435e-02,2.807987439971458277e-01,4.015917033192877295e-01,-1.648803483763280064e-01,2.010749965900599789e-01,1.290388499032636138e-01,1.310115874522966573e-01,-2.904777636424707779e-02,3.408093731883985456e-01,3.606524172739476036e-02,2.539068488660843337e-01,1.159189480919464721e-01,3.826808881508466098e-01,-1.833975732956832361e-01,-3.750278365401667896e-02,2.062449648601617225e-01,2.145043794024969336e-02,2.094401691511303398e-01,-1.690212501344434404e-01,-1.993875240562277273e-01,4.384384957624979512e-02,2.150222266354029077e-01,8.940910394281727236e-02,3.232752769316731278e-01,2.104595253283107481e-01,3.860442725214698334e-01,1.058393122358250726e-01,-9.416797916958002945e-02,-4.560960875304548301e-02,-2.370674870973270842e-01,-4.056062931618100581e-02,1.215521783298159630e-01,-1.540368782042287332e-01,4.379653996446422060e-01,3.417734852615575414e-01,3.350607785109072090e-01
4.076690448397830568e-01,-1.432176788546173363e-01,-2.053837514003883369e-01,2.651404235128902998e-01,3.347610737521661828e-01,3.476068102472472110e-01,3.645135330587195854e-01,-1.164001222294586135e-02,3.448180195238068624e-01,2.132169846238895772e-01,-1.798340513089967951e-01,4.774107765872948050e-02,6.557162676259020717e-01,2.718581791536849868e-01,1.772996475866516208e-01,2.861034015840666078e-01,3.799727712226482756e-01,3.786630436300667535e-01,-1.371066762236083092e-01,2.706936075899634142e-01,-5.627445404512464167e-02,1.636640187974810201e-01,-1.316985450565555382e-01,-2.063037250093818498e-01,1.354150060626951035e-01,1.962490035264603250e-01,1.876707849093064984e-01,5.607153836259570756e-01,2.927164433593286152e-01,-8.964478864077700393e-02,1.560036940899945102e-01,2.193558698961900200e-01,1.392575927670493263e-01,6.049488757280462314e-01,-2.352351141541627888e-01,-2.275802319124297091e-01,4.238753115310832653e-01,4.913767096019645009e-01,6.707234949810936264e-01,7.548651241955419700e-01,2.304804817327124888e-01,4.338601824106950167e-01,2.597230268864847980e-01,-2.209203800355908076e-01,3.106942261045999576e-01,7.615941559557648510e-01,5.298198158259473933e-01,6.216793768515770785e-02,1.438951513817805228e-01,4.328769564962220984e-01,4.314684862568887724e-01,-8.709305224165743431e-02,3.253202266394786268e-01,-1.301263076124886675e-01,1.952993706207681313e-01,7.234957467365542294e-02,-9.079617017312534288e-02,3.069404842448477111e-01,2.564323012855428408e-01,2.757581107905009432e-01,6.389752879055801138e-01,2.210248613083764038e-02,1.681760534791350292e-01,3.603127256863730143e-01,5.503045002372523864e-02,7.770633904054706498e-02,2.329974983339568040e-01,-4.388150207741061126e-01,-5.286229696294219016e-01,-3.217022508116726964e-01,7.314784717740346887e-02,3.194876046459503294e-01,7.191555058922384502e-02,9.484545497501990774e-02,-7.593111188400467580e-03,4.702247538399496884e-02,1.818460016094947673e-01,-3.313848787811913832e-01,-5.112491863742916198e-01,-2.935910948751498384e-01,-2.747819235722374631e-01,3.663418495837540978e-01,3.150384747417111497e-01,-1.195312929640177518e-01
1.740057350975336148e-01,9.738129515438684325e-02,2.721980674681157356e-02,1.976567724648319591e-01,5.666040092903628089e-01,2.120089882146581617e-01,2.497731330007754158e-01,7.223563179046706140e-02,4.639760026037018092e-01,2.487944849756691945e-01,2.999745891715496215e-01,2.350289205841256113e-01,2.375371136850375764e-01,5.948856580106425262e-01,3.302709905097350185e-01,2.461627064563425837e-01,2.084773559777720608e-01,3.163461261142440639e-01,2.603919968576333677e-01,2.961698679720765615e-01,2.006139134485939446e-01,3.217639561141570903e-01,7.144529530062712630e-02,-1.150542883068343403e-01,3.894427061795184553e-02,2.279787936846915664e-01,2.361932552344440939e-01,4.509400076342522934e-01,1.754360535472423432e-01,-8.316690102505165660e-02,1.025037743527962147e-01,3.362836230588015507e-01,2.581134938251218869e-01,1.712787954386745803e-01,-1.413427095757098344e-02,3.170703042160820384e-02,4.058089097129466416e-01,6.044359564550817465e-01,4.850994655217145124e-01,5.131547333958484947e-01,5.614901392420765802e-01,4.441481939659163158e-01,1.805777711324090540e-01,2.679439918972704726e-01,3.647446649281753661e-01,5.298198158259473933e-01,7.615941559557648510e-01,2.367409775151043672e-01,4.330137177367202744e-02,7.081048488025833143e-02,1.543655318937922627e-01,3.142603883752458915e-01,2.374733304946052836e-01,5.944067834542691997e-02,1.684090589437575169e-01,4.870814768566874564e-01,-7.342701513824686881e-03,1.512921350589217229e-01,2.252011645939208107e-01,3.792395054405494625e-01,4.293096723382471835e-01,3.698412503933810880e-02,1.942632917328034892e-01,2.228645521194530799e-01,1.085115144607128462e-01,2.486895174277364839e-01,7.347605629296849114e-03,-4.024570609496214146e-01,-2.654649693613672645e-01,-9.169551954633593793e-02,1.531055197522751543e-01,3.463081965879979962e-01,8.392623833693786672e-02,1.137176716898301576e-01,1.961733612158137949e-02,2.399801746763750576e-01,-2.244595909278258583e-01,-1.855710287015084337e-01,-2.516164059198313652e-01,-3.477982367214160764e-02,-7.950289186734436908e-02,4.086348748055679825e-01,3.681512764306359986e-01,3.998837628764660007e-02
1.059362029903823665e-01,1.704172184140502477e-01,9.100245100787238139e-02,-6.812730096288979742e-03,8.526619023613475623e-02,-6.267572383975614225e-02,1.494247318911946232e-01,1.378971248120678672e-01,9.430763147221220277e-02,3.441660756968101254e-01,3.889461432998694151e-02,2.739728161699378495e-01,1.235645539983927649e-01,3.083186566803765571e-01,7.636938300789003486e-01,6.386132682567557950e-02,6.116944557069636801e-02,-6.494484073472181485e-03,-1.244521095719518418e-02,4.015682126535696783e-01,3.902188430417209974e-01,5.244463579371887452e-01,9.514509562864528411e-03,2.654215098176407883e-01,-3.239635190284757132e-02,3.780808874062222547e-01,5.803512551437019912e-02,2.136849771861552838e-01,8.084904649986929259e-02,-1.268979913439640880e-02,-1.448753002355538944e-01,2.679160649686158635e-01,2.690861565236609687e-01,-4.038343174541542818e-02,2.406116665404035293e-01,5.001945144873596455e-02,6.083139187627464861e-02,5.004296388129805123e-02,3.633806132308615294e-02,1.004324938192778516e-01,9.736515678339280333e-02,8.062487986119086514e-02,8.494432676084426315e-02,-1.367095589071561090e-02,3.383437749489359159e-01,6.216793768515768009e-02,2.367409775151043672e-01,7.615941559557648510e-01,-1.412613064381033345e-01,-3.975940302247542822e-03,4.728332661608156129e-02,-1.777219500464947500e-03,4.802778762020648573e-01,4.430397755526220283e-01,6.051146555894606482e-01,1.713858242227989381e-01,1.616612704615763563e-01,2.033473242537188821e-02,3.938404511963031762e-01,8.477668966237550396e-02,2.098490091168623006e-01,-1.338132860024922495e-02,-1.268923000572727833e-01,-7.867191342094939643e-02,1.606908039984600578e-01,1.960575368890851433e-01,-3.023397642135740651e-02,-1.371681930474447642e-01,-1.933083706314952799e-01,-2.603300915818019395e-02,-7.771190137388478414e-02,9.815574823027160833e-02,1.076621428235422229e-01,2.053621948041102208e-01,3.599487219378494363e-02,-9.493579077715733408e-03,1.818898450606979134e-01,-1.827228358916180295e-01,-1.114803374771667771e-01,2.274325856825842873e-02,-2.429316381452946427e-01,2.117403179313548378e-01,1.644878804965946850e-01,1.221545740849539069e-01
-5.428016287575646026e-02,1.154385445891309286e-01,-1.306987475079658401e-01,-7.429446560095102903e-02,-1.409594144126018189e-01,6.311342997786534292e-02,3.464298027994436313e-02,-4.336616567166020064e-01,-1.759861814793423074e-01,-8.668863172148563723e-02,-2.705839129198396864e-01,-1.330143994137034658e-01,8.945788670877834192e-02,-5.473096921449126413e-03,-3.365783719312276379e-02,1.059068922938788959e-01,-4.256878359767220926e-02,1.315388356049346785e-01,-2.221872636150322711e-01,-7.441477556910278124e-02,-1.064581324806729984e-01,-5.830118630885667425e-02,5.195541630051754567e-02,1.031722990399823736e-01,7.660232123175030050e-02,8.273542379132350910e-02,-1.529544659555257535e-01,9.169964082290621432e-02,1.416810701613594181e-01,-1.688936810420486045e-01,-1.277437882075170041e-02,1.524120104207324355e-01,2.847989367614992343e-02,3.989830406116203210e-01,3.072615778512560181e-01,-1.731923753829276158e-01,5.262222384929580304e-02,-9.723771406983482135e-02,2.142761988252315786e-01,1.143910619566753800e-01,-3.413282871920557682e-01,-1.741410518475642044e-01,2.761440002103149882e-01,-2.282207842265855380e-01,-4.653701284106469271e-02,1.438951513817805505e-01,4.330137177367197193e-02,-1.412613064381033345e-01,7.615941559557648510e-01,5.240813148382594128e-02,5.121120443699899161e-01,-1.610235063109047293e-01,-7.401502153605245271e-02,2.444320173157110143e-01,9.831559364417631619e-02,-1.828461566570939098e-02,3.150008764152713581e-01,2.806169586632667468e-01,5.778625297007394801e-01,-1.544747680744460450e-01,1.629655142688189173e-01,5.703142911517697922e-01,-1.886451343339232839e-02,7.708552822216233058e-02,1.075161188189187739e-01,1.810544504988755576e-01,-3.834628788437362268e-02,-1.363321128201369914e-01,-5.059716447813168705e-02,-2.665433320634564840e-01,-2.770097574989700828e-02,9.396965475817038727e-02,9.459078905403461857e-02,1.972075151563270137e-02,-2.401195655297820239e-02,-7.179425016007831561e-02,-5.208117665717323930e-02,-9.756877877646066843e-02,6.292519579674705696e-03,-1.476411135875703440e-01,3.466283174199279171e-02,1.690345715991337094e-01,6.715474033325115333e-02,9.549828734919864337e-02
1.540198476800128669e-01,-4.954549791421040128e-01,-7.628450651814072669e-02,1.155665932773149857e-01,-6.040261609478440180e-02,8.812027485831325224e-02,-1.143514590950286611e-02,-2.112242048667891947e-01,4.178398048105956553e-02,2.100187021709837287e-01,-7.498471217328098182e-02,8.880004313817459194e-02,2.102298601426083047e-01,2.920197465722307317e-02,1.756984172256243482e-01,4.826194041497400972e-02,5.115727773328599959e-01,1.491318290884905418e-01,4.513536237129585349e-02,8.669359430729028926e-02,-2.840722869837138953e-01,-9.438345953255568299e-02,-3.178763682255729695e-01,-6.734069130471573295e-02,-6.371919656077934535e-02,-1.173989010423386881e-01,-1.063248951662182362e-01,2.024777865785040432e-01,9.620065698363967910e-02,-2.482860305107848498e-01,-1.680963004792478468e-02,1.630761882353788383e-01,1.721830782012861438e-01,3.210509451278923398e-01,-2.303587311105451396e-01,-9.811540544739587311e-02,2.406067308370490876e-01,1.438594822633628145e-01,3.589867365705081692e-01,3.395323882621147371e-01,-1.595545776498746016e-01,1.320439960772147592e-01,5.941365502672910637e-01,-8.478262442028659199e-04,2.807987439971457722e-01,4.328769564962220429e-01,7.081048488025835919e-02,-3.975940302247560169e-03,5.240813148382594128e-02,7.615941559557648510e-01,5.049676684444223129e-01,1.468885819128294135e-01,2.567517674667247896e-01,-2.203067579259383457e-01,2.528751898176627780e-02,-2.476248868472520348e-01,6.672391779842384851e-02,3.392414916249398282e-01,3.812354752417509290e-02,-2.400423489269617062e-03,3.657442743316803302e-01,-6.158386302594078682e-02,3.531451896373589139e-01,8.338098477765848449e-02,2.189617609578406177e-01,2.640303196728064350e-01,2.078949465378260864e-01,-2.901387443862878945e-01,-2.686275762214737628e-01,-1.986120997906348218e-01,2.412060471346412494e-02,1.476799948972116749e-01,6.836419103936450248e-02,5.876884257693683333e-02,3.378404074964421744e-01,-8.303528242032992557e-02,1.499015951924980994e-01,-2.528221366178302620e-01,-3.113826837668906000e-01,-2.133099524761691845e-01,-3.220976882119576112e-01,1.206048571978772938e-01,1.171959972898265617e-01,-7.985693256444460764e-02
4.213989695663905022e-01,1.954924613250389950e-02,-2.608489694740079856e-01,2.123416154869084416e-01,1.925075863388214792e-01,-4.473559495664029828e-02,-1.435171411654192781e-03,-2.569836894131582450e-01,1.669004262310786191e-01,3.971152100351147962e-01,-1.599458360399382828e-01,2.604039626844950051e-01,3.528092716655721328e-01,2.570446865547230675e-01,1.995888707070095913e-01,2.270782841743432534e-01,1.593532668091713622e-01,4.335983728572691542e-01,-2.555373741472477533e-01,1.334286662308974691e-01,-6.580889707415513157e-02,1.023390445641380458e-01,-2.269342353947421675e-01,2.974453801461276470e-01,-4.100671539432864526e-02,1.895153945387381689e-01,-1.402084305930005950e-02,5.559485776926456069e-01,1.957326493310209137e-01,-2.320981350449174974e-01,5.928969390883929991e-02,3.459563268406895542e-01,3.981699923944022612e-01,7.341908870075242177e-01,1.534540691310616600e-01,-2.431091142691931273e-01,2.055961286359436757e-01,3.326575333370084264e-01,2.308245580975062938e-01,3.586152072908122546e-01,-1.883615128347145562e-01,2.142783703640600834e-01,6.958740490280053148e-01,-9.938907136384096674e-02,4.015917033192877295e-01,4.314684862568889945e-01,1.543655318937922349e-01,4.728332661608151966e-02,5.121120443699899161e-01,5.049676684444220909e-01,7.615941559557648510e-01,-7.788740688302644988e-02,2.534466073918836826e-01,1.012865649271187524e-01,2.083338959388170153e-01,-1.962303374819827917e-01,3.274271197017973867e-01,1.753050479029476527e-01,4.528650726551897709e-01,1.949587181636795036e-02,6.886607972342544404e-01,2.205135955598242214e-01,-7.783350574741426837e-03,1.984209696922646926e-01,2.914534837527709144e-01,3.968711842124652556e-01,2.168771254565104167e-01,-2.625859050926195315e-01,-2.146537403128976340e-01,-1.494413089823210805e-01,-9.583257358979017926e-02,4.605801226750508848e-01,3.561637514946117689e-01,1.070072460074748821e-01,1.228885207529364920e-01,-9.811694303257825767e-02,1.955783880301728839e-01,-2.733117299446067294e-01,-2.154627221517010915e-01,-1.578412682202599560e-01,-2.185536680819163413e-01,5.195056693835575778e-01,3.927641922192586232e-01,1.189689028706427953e-01
-1.429893279249007110e-01,-8.986939396512058642e-02,6.446278493777485297e-01,2.986061768766966676e-03,6.675568279070033528e-02,-9.314083739608580714e-02,-8.356649267491637889e-02,-6.009758280688473620e-02,5.808607909400669012e-02,-7.189127828101010698e-02,7.010822381504748790e-01,-1.132016246768283441e-01,-3.266974922369708101e-01,1.601815280128597585e-01,1.588811142387004660e-02,-2.433989307397358900e-02,-6.219074441427779182e-02,1.921250876066052382e-02,8.709919477968027790e-01,2.006921300523857588e-02,-2.567818781536972406e-01,5.275987304339848499e-02,-6.788615374623360559e-03,-2.875628240306070671e-01,-1.600134306689915131e-01,-1.018986396015811868e-01,1.261500642095417790e-01,8.487789430628393805e-02,-1.309470408233397443e-01,1.520154134711533267e-01,-3.368510669870239393e-02,2.354687764640415737e-01,2.064226514986058914e-01,-1.035711700876263686e-01,2.944044165065018426e-02,6.517931990921442820e-01,1.980932071168810815e-01,1.113182987414228498e-01,-1.642204304286272731e-01,-9.774472080389172424e-02,2.119342214890304887e-01,6.223952275109485149e-02,1.807848575801576261e-03,8.174031630233208334e-01,-1.648803483763279787e-01,-8.709305224165743431e-02,3.142603883752458915e-01,-1.777219500464924948e-03,-1.610235063109047571e-01,1.468885819128294690e-01,-7.788740688302643600e-02,7.615941559557648510e-01,4.039236909758134320e-02,-3.550029111604213750e-01,-1.058123584361900238e-02,2.858458829139072788e-01,-1.479386483076039205e-01,-1.226710884600932389e-01,-1.772494987154079604e-01,1.861609883008833455e-01,-4.535069327392319410e-02,-2.358645095390695667e-01,2.448829130392295161e-01,-7.803930874871459200e-02,2.151119952830766180e-01,9.228589311970203379e-02,-6.082349336429158926e-02,-3.491117834199023440e-01,-2.935395437216345993e-01,-2.809152632402382999e-01,-1.537990833820030989e-01,7.891832824272038138e-02,-6.717571370318829727e-02,-2.067980351850967069e-01,1.147045563663844497e-01,1.901000683251651835e-01,-2.241258324329659657e-01,-3.561338026516156496e-01,-1.801003286946710191e-01,-2.393443997176492866e-01,-2.667360667339727098e-01,-3.273894531941799746e-02,-9.913583016649328561e-02,-2.745359061011657387e-01
1.833071933354759597e-01,-1.263983852130297070e-01,-5.197950232734410009e-02,2.561484722199943234e-02,2.908914334467378997e-03,2.246271540535612343e-01,1.591295789534682148e-01,8.742833491143860158e-02,1.874324145811726294e-01,3.524631138044495016e-01,-1.364910899878876427e-01,1.556639055151731454e-01,3.417861412838561486e-01,2.962036691149229073e-01,3.870363380575018719e-01,1.808564707673678273e-01,3.321366195100021179e-01,3.029595837056237029e-01,1.073248021880070582e-02,8.733025945196490891e-01,2.644640657613702706e-01,6.647825465230994268e-01,7.839705499402620237e-02,6.697362022223043998e-02,1.665024264524099518e-01,3.707641568905549190e-01,-8.246488489144242207e-03,3.482913726400412302e-01,3.140174441900656088e-01,4.041833867885818998e-01,-7.056374728511611953e-03,3.476966999098506927e-01,3.998847799547702864e-01,1.040051382964444632e-01,-1.626370059521476882e-02,-1.064498757234991905e-01,6.112695698632836933e-02,1.095266467275131383e-02,3.293584598810432862e-01,2.422926550114092581e-01,-4.743387153712343152e-02,1.619908807666518569e-01,1.593826808829832409e-01,-1.848114617066690668e-01,2.010749965900599789e-01,3.253202266394785713e-01,2.374733304946052836e-01,4.802778762020649128e-01,-7.401502153605242496e-02,2.567517674667247340e-01,2.534466073918836826e-01,4.039236909758130156e-02,7.615941559557648510e-01,1.861378452851500387e-01,8.314430307421849520e-01,1.656537413814068438e-01,-3.450038400551157236e-02,2.624663153789652537e-01,3.278100447961235786e-01,3.189068138166424593e-02,4.190941041078309337e-01,1.256255602868979193e-01,3.567069872702786637e-01,3.655010638320572297e-02,2.363304111876187719e-01,2.476654073780746590e-01,7.552334105554182886e-02,-4.033971594478321099e-01,-3.921177214106701947e-01,-9.524688182995544317e-02,-3.437825272711359514e-01,1.940755721125542177e-01,1.008994030879248327e-01,1.677784556239611535e-01,6.128933871899007457e-02,-2.196427582514887122e-02,1.359877716356885924e-01,-3.823758398159262106e-01,-3.575020037614179969e-01,-1.184834671900492596e-02,-4.006425822933633585e-01,2.138182565092790199e-01,2.450340611867333485e-01,4.598694299928431095e-02
-2.211389157701303676e-01,3.203673729807054449e-01,-1.351388322533231823e-01,-2.636218836255839748e-01,-1.676845648217351881e-01,-1.318337299810287862e-02,-2.088476757244296378e-01,1.308450647868411310e-01,-2.485119955850784434e-01,1.895187627842158037e-02,-2.814215787238740218e-01,1.255347469227596768e-01,-1.458827941615970514e-01,-1.106598280383743194e-01,5.181310668309956347e-01,9.399473868234882457e-02,-1.043996637659960758e-01,8.457601806712013170e-02,-3.618007483369735655e-01,2.272972704686488099e-01,5.916125639113358758e-01,2.655950041519767324e-01,2.056663487818409519e-01,3.303378155596887189e-01,1.658356020631565619e-01,3.856772248062093622e-01,-8.776787097046358233e-02,-1.064343687214068176e-02,3.190602963279842719e-02,-1.826498072542632467e-01,-1.161263242216512420e-01,1.378684822319464487e-01,1.276631220083227769e-01,2.401880743775573063e-02,4.591972419065426525e-01,-1.727292551126401177e-01,-5.517323118320683478e-02,-2.423687730166302345e-01,7.002199364801794945e-02,-2.316160899150379038e-01,-3.599750256520651420e-02,-2.342523873304148962e-01,2.548821461008800304e-02,-2.098712682460774082e-01,1.290388499032636138e-01,-1.301263076124885842e-01,5.944067834542689222e-02,4.430397755526220838e-01,2.444320173157110421e-01,-2.203067579259382902e-01,1.012865649271186830e-01,-3.550029111604214305e-01,1.861378452851499832e-01,7.615941559557648510e-01,2.971690759521101732e-01,1.320259192820599503e-01,4.621753236740168136e-01,2.572826118728978595e-01,5.444102141022234553e-01,-2.305683121462981031e-02,8.113180763023794539e-02,2.361277981270066550e-01,-3.469776914363747466e-01,4.503454758650233397e-02,1.645508911930966545e-01,1.963094420886274394e-01,-2.655835013104513864e-01,-1.726365203006733073e-01,-1.166933840491525542e-01,-7.907841079680243135e-02,9.119039105545578838e-02,1.011489010799058145e-04,-6.451152047177982629e-02,1.808459198082476294e-01,-5.713794794372491215e-02,-2.028538111541620600e-02,-4.712444835116150199e-02,-2.794168202765113795e-01,-1.144650115342959740e-01,-3.930478740735985493e-02,-1.888033532230191103e-01,2.172449342899879926e-02,-3.618107372904950242e-02,2.518878616963618478e-01
1.058991280709461330e-02,1.343673676226977975e-02,-4.262467602053465060e-03,-2.328739958159336404e-03,-6.009082316691786302e-03,1.494420800295806762e-01,1.634231669576309831e-01,2.697662707269733381e-02,1.178949643150099535e-01,2.396094237896684020e-01,-1.062654253782646940e-01,5.556641719253992834e-02,1.974473632216451890e-01,3.062544891868807517e-01,4.821644989412484650e-01,2.103924406448426099e-01,1.428081228089684296e-01,1.702342607243326200e-01,-4.479883524532982109e-02,6.875933795237006985e-01,3.154491430215075609e-01,7.643912829990057167e-01,2.858619799593417263e-02,1.041290117244791785e-01,8.989909019634553800e-02,3.774699944298818832e-01,4.745215756010657399e-03,2.633341206211469165e-01,3.551839867751194202e-01,2.413097518162767019e-01,-1.167188899996904755e-01,3.366523084601126814e-01,3.414209630466468193e-01,3.673030966531612429e-02,1.501477150191230792e-01,-3.520058573092840759e-02,4.508185808620070872e-02,2.984993086309965446e-02,1.879489439506531190e-01,1.735476123105543500e-01,-6.525535905841725604e-02,8.172593824503847360e-02,8.534950199689281258e-02,-1.821338403296116626e-01,1.310115874522966573e-01,1.952993706207681313e-01,1.684090589437575169e-01,6.051146555894606482e-01,9.831559364417642721e-02,2.528751898176627086e-02,2.083338959388169320e-01,-1.058123584361903013e-02,8.314430307421849520e-01,2.971690759521101177e-01,7.615941559557648510e-01,1.418590798859162838e-01,3.156400571726381693e-02,1.655745798318940532e-01,4.913161656477844086e-01,3.373267184879438080e-02,2.645222871092282602e-01,1.699806697456780202e-01,2.181564307060760988e-01,4.665512605784875866e-02,1.722789163889449637e-01,2.459431970077370633e-01,1.027220292422796194e-01,-3.117368719222781692e-01,-2.268800052509086784e-01,-3.091481442473172428e-02,-3.348570011371688193e-01,2.423021800311626617e-01,1.312577618276743463e-01,1.074121437249995897e-01,4.481441129745436514e-02,1.135231880018274832e-02,1.633533305837580329e-01,-3.262458191334044466e-01,-1.865895061967001167e-01,9.459132575372211638e-02,-3.380413477438251046e-01,2.595412969172256612e-01,1.589751989989082459e-01,2.386757691964058736e-03
-2.667182927023452610e-01,2.618853525577275465e-01,3.724624312582340280e-01,3.721210691714749857e-02,7.592086956026951328e-02,2.834933930073745278e-01,6.696996372404805109e-02,4.693268630757053139e-01,-6.205906990424649161e-02,9.478079191910548928e-02,2.751120387903551734e-01,1.617378590899106253e-02,-1.732176928147095840e-01,2.453340090679863861e-01,1.305411861398687312e-01,1.744160998375481331e-01,-4.869384586567889611e-02,7.257928206532708593e-02,3.269693480047223821e-01,2.472753593125361082e-01,3.664937604372867641e-01,2.809310964162196056e-01,6.477247588365572240e-01,-9.941419229714743011e-02,4.351467878439341241e-01,3.277229636627111420e-01,1.394866587055773599e-01,4.902994351131081258e-02,8.513001482862109226e-02,1.275804286082367900e-01,8.723332224103420851e-02,2.016376698523765221e-01,2.337492577595260135e-01,-1.169018310074993600e-01,1.110803584272345851e-01,3.753467760729357061e-01,2.866241016529482155e-01,-2.928273435743517124e-03,3.235386049108317508e-01,2.805222244533768245e-03,6.170739572584117427e-01,-9.337077200869087212e-02,-1.837900456081685563e-01,2.465876052470007684e-01,-2.904777636424705003e-02,7.234957467365547845e-02,4.870814768566874564e-01,1.713858242227989104e-01,-1.828461566570937016e-02,-2.476248868472520348e-01,-1.962303374819828194e-01,2.858458829139072788e-01,1.656537413814068438e-01,1.320259192820598670e-01,1.418590798859163116e-01,7.615941559557648510e-01,7.752227447756766809e-02,3.841739070042128890e-01,1.614082465252179022e-01,1.955419141448878351e-01,-1.634932012988074904e-02,-3.847513045928271924e-02,1.284963863270646434e-01,1.303657066802960396e-01,1.860809078382295867e-01,5.399576515875185306e-02,-1.252421844383503069e-01,-1.462508448253079241e-01,-1.843126285875305304e-01,-8.148284478663037067e-02,7.969602716913046225e-02,-8.033669676420529537e-02,-2.900028266290203827e-01,1.600959455681725818e-01,1.462737619276250310e-02,1.635041472342514679e-01,-6.470950311311302050e-02,-1.439958732382236872e-01,-4.855011276214907939e-02,-5.063725172804786623e-02,-1.369917252615153458e-01,-1.287045070594880214e-01,-1.508201206240874781e-01,1.136150418637982829e-01
6.206864633695236694e-02,2.952115871446204798e-01,-2.242866110708719232e-02,-2.127603275803632288e-01,-3.147712623280417010e-01,3.476187869483089721e-02,-7.731700295542172363e-02,2.736017830263338668e-01,-2.358875421063687527e-01,1.999162399034950244e-01,-1.840600482260343895e-01,3.758844160791462441e-01,-6.078656863597715898e-02,-1.274101131648822938e-01,3.596902308145951133e-01,2.988979700688246255e-02,3.398020590610550257e-02,4.897358354158914268e-02,-9.948668968257950995e-02,-1.129260084838137369e-03,2.308085821186567910e-01,1.232468377791162868e-02,1.623991579319301048e-01,6.937997128849825446e-01,9.012977031160369912e-02,3.497267579728823295e-01,-1.936463173991268827e-01,1.735253615155809559e-01,-5.614139577066723508e-02,-1.486432710885598196e-01,-7.109383451001816123e-02,2.334341663509323650e-01,3.598647080159061429e-01,1.392943222464322617e-01,6.191651578555615876e-01,-4.301121509611913890e-02,-6.670183225526883641e-02,-2.663185013974687099e-01,-2.056594999280559818e-02,-1.017770777456059039e-01,1.217362631721338045e-01,-2.284049398476956927e-01,3.788822984191779764e-01,-7.660022968683311007e-02,3.408093731883985456e-01,-9.079617017312535676e-02,-7.342701513824696422e-03,1.616612704615763563e-01,3.150008764152713581e-01,6.672391779842384851e-02,3.274271197017973867e-01,-1.479386483076039205e-01,-3.450038400551160012e-02,4.621753236740169246e-01,3.156400571726381693e-02,7.752227447756773748e-02,7.615941559557648510e-01,1.925839933424359496e-01,5.151758552285817805e-01,-2.909870493331405128e-01,1.164507486230834804e-01,3.106826647552929019e-02,-1.901398591918674816e-02,6.281490411363051252e-02,2.252705214665460531e-01,4.513326205870517027e-01,-2.264067741321566241e-01,3.070318638295453928e-01,-1.040144733862402582e-01,-8.502874424853310020e-02,2.202427557355437771e-01,-1.706343953530345403e-01,-2.647224504837255021e-01,3.099933864415900242e-01,1.246246462416365497e-01,-1.651832758722106831e-01,-1.046393163250890629e-01,7.784272891508062231e-02,-7.957464483022498591e-02,-1.595475822964461388e-01,-2.439581602770942922e-02,-1.346601527852873681e-01,-2.872202786165207189e-01,3.116275154780561163e-01
-2.200582948958123564e-01,1.097076801540224494e-01,5.809709259775307742e-03,3.618170891966127761e-02,-1.280491149886991975e-01,3.011641257189535681e-01,-1.476541047057704781e-01,2.761818240064474184e-01,-4.626316677153920198e-02,1.487370183247006539e-01,-9.739419007983908527e-02,-8.444500159733818456e-02,9.480836648512500076e-02,1.455993281546807266e-02,1.360798104907970929e-01,1.957411325766700294e-01,2.165901942310537454e-01,1.870169248608750667e-01,-1.738115569293617949e-02,2.032000907845103732e-01,1.701871635961873241e-01,1.108235669959579117e-01,4.049708940732206774e-01,2.376600440227465139e-02,5.915034193468124979e-01,2.114720744321072765e-01,3.049100290671707958e-02,-9.114799377145832437e-02,4.215935082940489020e-02,2.033874473919928261e-01,5.321182351571090291e-02,-4.220763026396531781e-02,1.354408065357000091e-01,8.708902057642636807e-02,6.212939529479899470e-02,-5.836918322329841952e-02,2.758453564634809063e-01,-8.479139645295012684e-02,4.954257724192666079e-01,1.064720560998145688e-01,2.571984464352624067e-01,5.017389175509185881e-03,2.280004793294346244e-01,-9.893584066804092525e-02,3.606524172739474648e-02,3.069404842448476556e-01,1.512921350589217784e-01,2.033473242537191597e-02,2.806169586632666912e-01,3.392414916249397172e-01,1.753050479029476805e-01,-1.226710884600932250e-01,2.624663153789652537e-01,2.572826118728978595e-01,1.655745798318940254e-01,3.841739070042128890e-01,1.925839933424359496e-01,7.615941559557648510e-01,3.420076669049175733e-01,3.751817879331600242e-02,5.882600608717668961e-02,1.036579296316050974e-01,4.147261995004967172e-01,7.896683400734803848e-02,2.630601689018289419e-02,1.139050858724361681e-01,9.282915815147629868e-02,-3.153844672397048132e-01,-2.260048805063916422e-01,-2.285262311096827592e-01,-1.311040535930577955e-01,1.427641702169561155e-01,-1.601291915128343624e-01,1.624580770559255483e-01,1.294243620683394047e-01,8.557364270229274317e-02,1.322541205260841513e-01,-1.822730205774766576e-01,-1.577058333484301911e-01,-1.399431920736839141e-01,-2.776903784595840530e-01,-2.523047119917013869e-03,-2.219634890095578336e-02,1.280388025349010750e-01
1.218983316100535202e-01,3.625727015865826686e-01,-1.063844268813355781e-01,-5.167741292604897951e-02,-3.122407187214939345e-02,9.115885688933360320e-02,4.978250470865425853e-02,8.227356440826233408e-02,-9.802593740670320632e-02,1.694927011931195160e-01,-1.751287749437737407e-01,1.446977326557126742e-01,2.089295436397825279e-01,1.893009449051027970e-02,3.735890376477570829e-01,2.789673510453893335e-01,4.943234405925416020e-02,3.362023390206932416e-01,-1.626048431811277228e-01,2.200260934389912104e-01,2.644589676679667267e-01,3.015750279427566460e-01,6.499776600991964692e-02,2.382305950530949346e-01,1.146174565177233012e-01,5.161193397090286794e-01,-3.002613349662126146e-02,3.481478400860508748e-01,2.752358413169700979e-01,-8.891092152876826915e-02,-1.436049621987330049e-01,3.786379444714484954e-01,3.429036487247527631e-01,3.787866955851953987e-01,5.312640712597417325e-01,-1.487111744568298810e-01,1.030932805320796120e-01,-3.057055141911731860e-02,3.208389298788648647e-01,8.108296528123791480e-02,6.123784734287870957e-02,-7.719039998668375535e-02,2.761309248103773206e-01,-2.363166805274554416e-01,2.539068488660843337e-01,2.564323012855428408e-01,2.252011645939207829e-01,3.938404511963032317e-01,5.778625297007394801e-01,3.812354752417510678e-02,4.528650726551897709e-01,-1.772494987154079604e-01,3.278100447961235786e-01,5.444102141022234553e-01,4.913161656477844086e-01,1.614082465252177911e-01,5.151758552285817805e-01,3.420076669049176288e-01,7.615941559557648510e-01,5.635154851568633522e-02,3.641632511179904164e-01,3.892554396668289618e-01,-1.464962736117985942e-01,1.724666974460574709e-01,2.861660865823593691e-01,3.353263374379613082e-01,1.040464234264158461e-01,-9.912593291593574385e-02,-2.104292439988050996e-03,-5.109932592811063101e-02,4.154731829900972645e-02,1.339210695775204241e-01,-6.215660143923752495e-04,1.383782565668948417e-01,-2.967879647395792533e-02,-6.440236681534965146e-02,1.127421718047072301e-02,-1.024466314096519060e-01,7.494035369208575104e-02,3.690500599941690801e-02,-1.558711516171193134e-01,2.716906696433942781e-01,7.551560063371655362e-02,1.512624312131184423e-01
-8.632155190156648450e-02,-1.958148755620548187e-01,1.622673900551551696e-01,1.219513507902404148e-01,5.537096928912988991e-01,1.237576833884093119e-01,2.801813574926277917e-01,-1.546674783292692652e-02,5.297148703238468981e-01,7.872020716297603582e-02,3.257260884299494341e-01,1.113041758599047776e-01,3.581533398549416325e-02,1.773750394772922179e-01,1.362609567614824768e-01,9.531716499616155192e-02,-7.060859899082851110e-02,8.337450348031094638e-02,1.517189526627862883e-01,-1.031030876908619887e-01,-3.569993005124213331e-02,9.149760405983405065e-02,1.694852436238669310e-02,-1.559853248139792259e-01,1.318546001396784899e-02,7.101706294714138501e-02,8.094105330683787347e-01,2.744889553730911133e-02,1.175185687411497704e-01,2.126665913264680907e-01,-1.022820558706830085e-02,-6.416334443505508633e-02,-1.171267968892701766e-01,-3.112602957379093094e-02,-2.614982962094619667e-01,2.484922221089277683e-01,2.585018901562199378e-01,5.425903972723306046e-01,3.075131598230202989e-01,5.545807906057237391e-01,3.022729084697304280e-01,5.608999211506855431e-01,-3.649541458119892612e-02,2.061285538323366640e-01,1.159189480919464582e-01,2.757581107905007767e-01,3.792395054405494625e-01,8.477668966237555948e-02,-1.544747680744461282e-01,-2.400423489269649154e-03,1.949587181636793648e-02,1.861609883008833177e-01,3.189068138166419042e-02,-2.305683121462983806e-02,3.373267184879440855e-02,1.955419141448877240e-01,-2.909870493331405128e-01,3.751817879331600242e-02,5.635154851568644624e-02,7.615941559557648510e-01,4.703185966497935855e-02,5.928977573284632124e-02,1.601403612845740398e-01,2.401969957696737379e-01,-3.464758875214171141e-01,-2.928801769659010179e-01,1.803740897309278335e-01,-3.939321934162405281e-01,-2.578426117294935205e-01,-3.006604312542280333e-01,-1.765435814388860436e-01,4.836763263668463764e-01,2.939875429771339754e-01,3.305295980785747517e-02,1.401080555532496497e-01,3.494266523466835195e-02,1.032991287399645519e-01,-2.019025120422733022e-01,-1.864512114085954686e-01,-1.884819405544850557e-01,-2.646223739073975678e-01,3.422954884035729894e-01,3.544412765381080854e-01,-2.829421398752544198e-02
4.391424673324066941e-01,2.691982433192091628e-02,-2.275510302060680112e-01,2.727426203227496515e-01,3.527973600528986342e-01,1.183673784597163471e-02,3.164520575430058158e-01,-4.827972125956258437e-02,2.464695086065323559e-01,4.183967235117685424e-01,-1.121418816414568587e-01,2.801422921125724108e-01,5.562097866985052930e-01,3.426030687372171313e-01,2.007307630894021866e-01,2.268747753036181869e-01,2.764788546475802078e-01,5.107362163815150069e-01,-1.783473257439824600e-01,2.799397242774412931e-01,6.323510341774120358e-02,1.642493780757705024e-01,-1.656029672758418947e-01,7.933566092789533231e-02,-7.293443829585348481e-02,2.561574892145995208e-01,6.175799004806285103e-02,8.216187696536002560e-01,3.262784505574863325e-01,-1.845791767789521295e-02,2.280464170638006882e-01,6.178956609074185424e-01,4.733651520660129841e-01,5.338364034300852046e-01,5.261426787235432001e-02,-2.565486766157423215e-01,3.294320008274653211e-01,4.206565280790430239e-01,2.864661791863681306e-01,4.952221010859985673e-01,1.504587281429873580e-01,2.240973901751521502e-01,5.222267736536284621e-01,-6.252963771375846802e-02,3.826808881508466098e-01,6.389752879055801138e-01,4.293096723382472391e-01,2.098490091168623561e-01,1.629655142688189728e-01,3.657442743316803302e-01,6.886607972342544404e-01,-4.535069327392322186e-02,4.190941041078309337e-01,8.113180763023795927e-02,2.645222871092282602e-01,-1.634932012988076985e-02,1.164507486230834249e-01,5.882600608717666879e-02,3.641632511179904164e-01,4.703185966497933079e-02,7.615941559557648510e-01,2.099826340684005366e-01,1.439744841857882596e-01,1.899596267024438595e-02,4.853608151763097456e-01,4.144750774540708060e-01,3.024126798001048888e-01,-2.789720209476382884e-01,-3.674903002096245874e-01,-1.751752722718930566e-01,6.223872872173537990e-02,4.669665075041452007e-01,3.325795318264418987e-01,1.982481584491013749e-01,3.057190913828592982e-01,-8.858086182263669173e-02,1.887641990115391244e-01,-2.897134973968074068e-01,-4.249013514309042394e-01,-1.464213404058971046e-01,-2.401341997614894197e-01,5.347096051462487676e-01,5.205937663734639953e-01,4.467680770980660132e-02
-1.187582980053650539e-01,-1.400967027116490071e-01,-1.742656609846406357e-01,-9.528662270900846443e-02,-6.045858426199510194e-02,1.477795392064793767e-01,1.052341417998516881e-01,-2.952129167589208070e-01,-1.016843909545605273e-01,-1.904867551189937669e-01,-3.059330709574706875e-01,-1.071159371141017502e-01,1.182310347653789256e-01,-9.758784380283384852e-02,-5.616781991268340879e-02,-4.899969293845176169e-03,-2.064204576583964987e-02,9.815409726231079379e-03,-3.294982760139323341e-01,9.797793681828345647e-02,-5.455329477223362644e-02,-5.855755493944200113e-02,2.601905649997116304e-03,-2.356873393207063044e-02,-5.850318385392667964e-02,-7.715365413014795004e-02,1.425816847172955808e-02,5.631468351532559202e-02,3.697521272714756613e-01,-9.594361313309208994e-02,5.716743090349218903e-02,2.208393166883157732e-01,1.214401779524917728e-02,2.375426263177368436e-01,2.341802196003926750e-02,-1.747436175423306426e-01,6.382878612209517966e-02,-3.868077006806008855e-02,3.333304483728991019e-01,1.138558179915993007e-01,-2.628943294278340281e-01,-8.620276434813822775e-02,-1.391679925387095604e-02,-2.459037910007242367e-01,-1.833975732956832083e-01,2.210248613083772018e-02,3.698412503933810880e-02,-1.338132860024918332e-02,5.703142911517697922e-01,-6.158386302594077294e-02,2.205135955598242214e-01,-2.358645095390694835e-01,1.256255602868979471e-01,2.361277981270067106e-01,1.699806697456780480e-01,-3.847513045928268455e-02,3.106826647552928672e-02,1.036579296316051668e-01,3.892554396668289063e-01,5.928977573284627961e-02,2.099826340684005366e-01,7.615941559557648510e-01,-1.974733368638871001e-01,-1.091604571926550610e-01,2.297520015102934299e-01,7.128296530417431442e-02,2.255806778697875756e-02,-1.429459081986917401e-01,-1.070132293596754020e-01,-2.956730791473592967e-01,4.967691874045063183e-02,1.464946690038848309e-01,9.482871744180211560e-02,7.181928925957313525e-02,1.705685072976116656e-01,-1.244823608933996045e-01,-2.109594696887292717e-02,-4.644849183914524088e-02,-8.953209103792145185e-02,-1.108513309810982006e-01,2.028193638745171522e-03,2.066335117800547905e-01,4.260483616467646700e-02,6.328752101529884488e-02
-7.200963235587713729e-02,-1.621470288168125606e-01,1.302771907478996738e-01,2.095299247117911323e-01,3.432605983615607398e-02,1.371892963956366784e-01,1.257311704384974360e-01,1.973668976672436071e-01,1.484803166650144057e-01,1.111854334773615532e-01,5.435147914889581350e-02,-3.522480797859334906e-02,1.234363741883918730e-01,1.027451877683294851e-01,7.983217796664673904e-02,-4.339465238195232277e-02,2.934094938366706984e-01,-2.429260290694810337e-02,2.825946564202760358e-01,2.243610692465998757e-01,-2.875265616146873149e-01,6.776409781615402861e-02,5.837649069471363694e-02,-1.073193404207768431e-01,1.494818231179358969e-01,-1.338092505389656406e-01,9.780906875984858584e-02,1.428215087637181024e-01,-1.224227157940368238e-01,3.021607241221048179e-01,1.995601629057701387e-01,9.126881347932748467e-02,1.888356151094194024e-01,-3.509547390492361030e-02,-9.227130697043747776e-02,1.139879186679170625e-01,2.448856937760906238e-01,1.546986492329343876e-01,2.194919396205422535e-01,2.434781074347378005e-01,2.033939010542167303e-01,2.610794462897312318e-01,1.794661587579663431e-01,1.227139357700796490e-01,-3.750278365401663733e-02,1.681760534791350847e-01,1.942632917328034892e-01,-1.268923000572727833e-01,-1.886451343339232839e-02,3.531451896373588029e-01,-7.783350574741406021e-03,2.448829130392294884e-01,3.567069872702786637e-01,-3.469776914363746911e-01,2.181564307060760988e-01,1.284963863270646711e-01,-1.901398591918675510e-02,4.147261995004966617e-01,-1.464962736117986497e-01,1.601403612845740398e-01,1.439744841857882318e-01,-1.974733368638871278e-01,7.615941559557648510e-01,5.157616458005426403e-03,7.671711948297453565e-02,8.370259375118385692e-02,9.743918759963189624e-02,-2.183545691521997512e-01,-2.341070323554468036e-01,-1.546045351027543757e-01,-2.476627711732092008e-01,-1.355959123307191039e-01,-2.513474592036923361e-01,1.791014289438197793e-01,3.112030644180190375e-01,7.417207644695454627e-02,8.389757588185964288e-02,-3.954276426953774737e-02,-1.982004577640876786e-01,-9.680082054993634222e-02,-3.775874079140194572e-01,-1.295250295617785818e-01,-1.121957241745545758e-01,1.443604723936844914e-01
1.966500585485551067e-01,6.466164326860798783e-02,-1.476322051635393581e-02,3.028168462677804373e-01,3.017129717098923081e-01,1.912240795814998673e-01,3.374897078459401789e-01,8.193292462189624703e-02,2.372041173458693253e-01,2.364339446833282621e-01,7.667063244215704086e-03,1.291255245693686826e-01,2.605498632081342247e-01,6.623862714289448228e-02,1.103857447357339816e-01,1.914627831530346935e-01,1.778538792948695102e-01,2.644404179711317693e-01,-5.340334062442150115e-02,7.549464368822769722e-02,5.363550707271144344e-03,6.837199715920906640e-02,2.946993768359925173e-02,-5.297049558934446845e-02,1.514595282444011759e-01,1.751869620796353277e-01,2.269622948288904374e-01,9.003697020870228551e-02,8.056456330240630015e-02,3.958730590895318674e-02,4.833468470743433609e-02,-1.504720967711379032e-01,-1.317767708582331943e-01,1.539260953735560600e-01,-1.648271931560678014e-02,-1.804881181713901064e-02,5.142008190348238417e-01,3.637862731077334821e-01,2.754517756609810020e-01,4.044592936552834361e-01,1.846526423321875054e-01,2.890112674718591235e-01,3.605078416863433111e-01,2.539451908056786569e-02,2.062449648601617225e-01,3.603127256863730699e-01,2.228645521194530521e-01,-7.867191342094936868e-02,7.708552822216233058e-02,8.338098477765848449e-02,1.984209696922646649e-01,-7.803930874871459200e-02,3.655010638320572991e-02,4.503454758650237560e-02,4.665512605784876560e-02,1.303657066802960396e-01,6.281490411363051252e-02,7.896683400734802460e-02,1.724666974460574709e-01,2.401969957696737379e-01,1.899596267024443105e-02,-1.091604571926550332e-01,5.157616458005405587e-03,7.615941559557648510e-01,-2.690931679280662570e-01,-1.266204882445941537e-01,5.295487130547950338e-02,-3.195910726617722797e-01,-1.702716016125399301e-01,-2.469277150433731027e-01,-1.548571234763953391e-04,2.811047127822472944e-02,1.568627770925313343e-03,1.654051782891576353e-02,-1.140447650225114989e-01,8.371720322151939009e-02,8.329833749957277211e-02,-2.833528865347162973e-01,-1.812050549531417920e-01,-2.148364174204965560e-01,7.564012570470364516e-02,1.450914292488935664e-01,1.256749013425421391e-01,-2.590744280003167560e-02
1.021356756822858619e-01,5.736130228543750986e-02,7.304324685126464822e-02,-5.887942237585707360e-03,-1.985305188108605901e-01,2.391618633473114319e-01,1.833386158728160520e-02,6.330287397834301333e-02,-2.483020872758918973e-01,8.726130763094309961e-02,-9.939404612667252642e-03,9.921232969394615242e-02,1.713744592391008015e-01,5.249353775516121812e-02,1.834214684877719104e-02,1.281044031432042318e-01,2.363140558791196888e-01,1.793417123555080817e-01,9.128916931611495700e-02,2.283908576279080616e-01,1.790322824985028372e-01,9.916772587619526735e-02,8.551520804027154532e-02,3.383309034691161371e-02,-9.794617091478111798e-03,1.778906985199933677e-01,-2.973447920897653862e-01,4.832283581390552918e-01,2.723444154501555858e-01,7.226762215784421350e-02,3.891872440199978939e-02,8.273633905341218897e-01,5.383502673487092771e-01,9.447062614740336928e-02,1.756467659460870800e-01,2.322499670480722422e-02,1.278487527355276210e-01,-2.688322361717506714e-01,1.387601589055561802e-01,-1.004965825469430751e-01,1.242255910036213634e-01,-3.319649547182653149e-01,1.985707446325660763e-01,5.418633044773758789e-02,2.145043794024967948e-02,5.503045002372523864e-02,1.085115144607128324e-01,1.606908039984600578e-01,1.075161188189187877e-01,2.189617609578406177e-01,2.914534837527709144e-01,2.151119952830766180e-01,2.363304111876187441e-01,1.645508911930966545e-01,1.722789163889449915e-01,1.860809078382295312e-01,2.252705214665460531e-01,2.630601689018294276e-02,2.861660865823593691e-01,-3.464758875214171141e-01,4.853608151763097456e-01,2.297520015102934299e-01,7.671711948297452177e-02,-2.690931679280662570e-01,7.615941559557648510e-01,5.863154330493123290e-01,-4.532058155197436072e-02,-4.307974138818895099e-02,-2.711332883098473978e-01,-2.614255416432883505e-01,7.872220869489655881e-02,1.012547553799523492e-01,-1.073404465919796241e-01,5.772966289848789623e-02,3.559956197503371667e-01,3.590647779565619979e-02,-2.091791791899232922e-01,1.022186039345684711e-03,-3.504275145194230556e-01,-1.601142671915858628e-01,-1.701890421524472896e-01,1.884827989781714674e-01,5.223760582556326304e-02,-6.703994399020653250e-02
1.229086081241494016e-01,4.934186113929493051e-02,4.580862987730693198e-02,9.633502149169263784e-02,1.503677691019243007e-02,-4.628706156599153576e-02,1.548587579017548788e-01,-5.158261893707505319e-02,-1.260410463350838672e-01,1.404623709103985096e-01,-2.411552413245681217e-02,2.785089498844296463e-01,7.587626366807947997e-02,2.411472699019634736e-01,1.834270099916771868e-01,-7.620477974156165957e-02,8.404840622840784037e-02,9.409759545707377382e-02,1.353564750096740172e-03,2.599401285230891756e-01,1.848559677227044201e-02,2.146825816248588703e-01,-6.128107550113750385e-02,2.313328123841967288e-01,-2.071286964865317881e-01,1.077467562320947730e-01,-2.191227621822368077e-01,3.354722145002658751e-01,-3.236227528844518031e-02,-8.138574543927566685e-02,-6.497447451061014179e-02,4.838630629727566079e-01,5.540918047811765890e-01,2.132332300260647850e-01,3.483785565443410226e-01,-5.322726174542798463e-03,2.521588401298069382e-01,3.859301387752488849e-02,3.054377292074325249e-05,1.672073563659395856e-01,5.555503525486760186e-02,-1.476362926284558730e-01,5.579953473576999556e-01,1.497305670938243738e-01,2.094401691511303676e-01,7.770633904054700947e-02,2.486895174277364839e-01,1.960575368890851433e-01,1.810544504988755576e-01,2.640303196728064905e-01,3.968711842124651445e-01,9.228589311970200604e-02,2.476654073780746590e-01,1.963094420886274116e-01,2.459431970077370633e-01,5.399576515875188082e-02,4.513326205870517027e-01,1.139050858724361404e-01,3.353263374379612527e-01,-2.928801769659010734e-01,4.144750774540708615e-01,7.128296530417420340e-02,8.370259375118387080e-02,-1.266204882445941537e-01,5.863154330493123290e-01,7.615941559557648510e-01,9.267789817513524819e-02,-1.259878121580986221e-01,-2.861724003474936939e-01,-2.271690057181186273e-01,1.698486178261184379e-02,1.265197984618289806e-01,1.645621724308736836e-02,1.957519768443714003e-01,3.602211634272401430e-01,1.535247834583504389e-02,1.064310499234248225e-01,-1.078640488690560811e-01,-2.910987817745179229e-01,-1.353800196504871545e-01,-2.858867573198149437e-01,2.346213378778978231e-01,1.266494089766516118e-01,1.352199163849079899e-01
1.743714965910946879e-01,-1.384438820654343150e-01,-9.073694611832432144e-02,3.707404630171324822e-01,2.152428279955879709e-01,-1.232153640827389623e-01,2.629785232261519501e-01,-4.085705090547676194e-02,7.515263603608672571e-02,-1.811972853393744032e-01,-2.521565267527018164e-02,-1.672052407953195929e-01,1.923539990153961265e-01,-1.147658147881757372e-02,3.771292794840137158e-02,-3.442779621648079519e-02,4.475603527989335806e-02,1.069326173775215078e-01,-6.584885576380281047e-02,-3.929166822717886087e-02,-3.280432892371512033e-01,-1.109820433489754621e-01,-4.129771374870198908e-02,-2.517343313029773433e-01,-1.266946258824115656e-01,-1.553195440294666274e-01,1.583727112735522358e-01,2.127629901400601153e-01,1.050716933009512855e-02,8.824453030744770776e-02,7.620972298735734229e-02,-3.022798959317552978e-02,3.976126919067807242e-02,3.510617881108979987e-01,-9.842087421289590077e-02,-1.259249076217704433e-01,4.035873471387606548e-01,2.137455317440550839e-01,7.299325164860948068e-02,1.406118217573116280e-01,4.789712876367914485e-02,8.429897300193535392e-02,6.584048687061376526e-02,-8.745747927272257138e-02,-1.690212501344434404e-01,2.329974983339568595e-01,7.347605629296904625e-03,-3.023397642135742733e-02,-3.834628788437360880e-02,2.078949465378261141e-01,2.168771254565103890e-01,-6.082349336429160314e-02,7.552334105554182886e-02,-2.655835013104514419e-01,1.027220292422796194e-01,-1.252421844383503069e-01,-2.264067741321566241e-01,9.282915815147635419e-02,1.040464234264158877e-01,1.803740897309278612e-01,3.024126798001048888e-01,2.255806778697875756e-02,9.743918759963184073e-02,5.295487130547955890e-02,-4.532058155197434685e-02,9.267789817513524819e-02,7.615941559557648510e-01,-6.611470711109412868e-02,6.439985599730506383e-02,1.030618149253286972e-02,-1.782755573794867210e-01,2.367740157321075178e-01,2.736786394595420169e-01,-7.313733007515743623e-02,1.855210220483738959e-01,3.260698817109885517e-01,6.912025486282789011e-01,5.696411978537629581e-03,2.068088136857015175e-02,9.167367121135958086e-02,-1.200181487167713557e-01,1.727551582854913170e-01,2.280057781840812148e-01,-7.022185836078783695e-03
-1.323896381052159510e-01,1.490667534266567999e-02,-2.581142385908890002e-01,-1.376386993436476691e-01,-2.682743093451856464e-01,-4.397867477596213021e-02,-1.738355183189178033e-01,1.284143777046338197e-01,-2.723291795754313460e-01,-2.941918219386928102e-01,-3.127410644312434984e-01,-4.015711281040783287e-02,-1.890614249578029815e-01,-2.848379560210601014e-01,-1.121048513275226671e-01,-2.673290317948045502e-01,-1.376097775841290394e-01,-4.397529726338015865e-01,-2.678046175003498397e-01,-4.686964119158605335e-01,-1.919075020560642719e-01,-4.197345666877561055e-01,7.937051436063376209e-02,2.596139599742290360e-01,-1.966140909052163099e-01,-1.204336475485785346e-01,-2.598685829488073806e-01,-2.855173268201737780e-01,-2.221542812489478436e-01,-2.307780073213442917e-01,-9.008671460684494758e-02,-5.699330674242378963e-02,-1.506216746956045849e-01,-2.075892051933258819e-01,1.470450395717670666e-01,-2.240990601404398153e-01,-2.204332442070687792e-01,-4.202819968967866915e-01,-3.223815378424325639e-01,-4.674846693870639558e-01,-9.517425016142318228e-02,-3.665354247240203978e-01,-1.899752832282912973e-01,-3.286349814925898505e-01,-1.993875240562277551e-01,-4.388150207741061126e-01,-4.024570609496214146e-01,-1.371681930474447919e-01,-1.363321128201370191e-01,-2.901387443862879501e-01,-2.625859050926195315e-01,-3.491117834199022329e-01,-4.033971594478321099e-01,-1.726365203006733073e-01,-3.117368719222781137e-01,-1.462508448253078963e-01,3.070318638295454483e-01,-3.153844672397048132e-01,-9.912593291593592426e-02,-3.939321934162405281e-01,-2.789720209476382884e-01,-1.429459081986917401e-01,-2.183545691521997512e-01,-3.195910726617722797e-01,-4.307974138818900650e-02,-1.259878121580986776e-01,-6.611470711109414256e-02,7.615941559557648510e-01,3.345524181470242997e-01,2.473417564352242779e-03,-4.248052998594554347e-02,-2.037305853088370589e-01,-2.141731044531375583e-01,-1.613685361336706162e-02,1.195834860008546385e-01,9.757083672107227934e-02,2.388664019495537888e-02,7.380696550071309536e-01,2.297141660957278397e-01,-7.503430685714214399e-02,-8.126035002053766387e-02,-1.453550588627866291e-01,-2.851787415271779258e-01,1.750476099235343252e-01
-2.256813202936374663e-01,1.248505867286285320e-01,-3.182114383440934891e-01,-9.395582654245032694e-02,-3.049268761039185538e-01,-3.771314037660047913e-01,-4.175661583066072602e-01,-2.081191374597718968e-01,-3.495928353248694553e-01,-2.383939569539011150e-01,-2.810978229565333497e-01,5.624553562305293491e-02,-5.202173356665970028e-01,-2.833216459511092022e-01,-1.598029279703978012e-01,-2.521585556197546429e-01,-3.923537971543771263e-01,-2.138255148980754694e-01,-3.297789274714996166e-01,-3.948059540849923610e-01,-2.448224163728331959e-01,-3.335789333512939048e-01,-1.395080208834726387e-01,2.562926284889954776e-02,-2.445900273870291741e-01,-1.410555034018936005e-01,-3.075198958019228490e-01,-3.783826219113752276e-01,-2.713114633013947175e-01,-1.664174004859186873e-01,-2.546147407577299959e-01,-2.115506620753452027e-01,-2.445599467728592769e-01,-1.949653349316504136e-01,6.520373445743619933e-02,-2.584704355861280334e-01,-1.816967756387496968e-01,-2.848065399968048861e-01,-4.167272618261415595e-01,-5.234211124149772409e-01,-2.808837804661016846e-01,-3.864395644313799449e-01,-2.015610294748025055e-01,-2.592823322933223151e-01,4.384384957624979512e-02,-5.286229696294219016e-01,-2.654649693613672645e-01,-1.933083706314952799e-01,-5.059716447813170093e-02,-2.686275762214737628e-01,-2.146537403128976895e-01,-2.935395437216345438e-01,-3.921177214106701947e-01,-1.166933840491525542e-01,-2.268800052509086784e-01,-1.843126285875305304e-01,-1.040144733862402443e-01,-2.260048805063917254e-01,-2.104292439988050996e-03,-2.578426117294935205e-01,-3.674903002096245874e-01,-1.070132293596753881e-01,-2.341070323554467758e-01,-1.702716016125399578e-01,-2.711332883098473423e-01,-2.861724003474936939e-01,6.439985599730504995e-02,3.345524181470242997e-01,7.615941559557648510e-01,7.102872858243330922e-01,2.884529394784250411e-01,-6.587905565951202025e-02,1.760186523243037204e-01,1.038316989936814844e-01,1.719693907361400931e-01,2.045113188333613496e-01,-2.414450005208161956e-02,2.137801849227323747e-01,8.634505560236906963e-01,6.369247770735404490e-01,2.729871180107095729e-01,-3.028891852861537864e-02,-1.516116472917898028e-01,2.932088589856882144e-01
-2.003273491518929258e-04,1.145373046654812321e-01,-3.363088402123759479e-01,-5.507731929685788508e-02,-1.579112486418812744e-01,-2.740142461493004222e-01,-3.049407903684646648e-01,-6.242115883554651135e-02,-2.243401668802263715e-01,4.485436887741769268e-02,-1.866508528157122815e-01,2.203890426385814449e-01,-2.394251577515948970e-01,-9.370055588845982789e-03,1.557546362952398622e-02,-1.067516895620791856e-01,-2.064127070881233705e-01,4.723972432021227713e-02,-3.357585403878839969e-01,-5.177812494918578728e-02,6.275754753070018899e-02,9.245264668922135998e-03,-1.143434776190768720e-01,1.294857240512099217e-01,-1.305288661997928146e-01,1.333198456678661714e-01,-3.099328532349303056e-01,-1.831856012773140641e-01,-2.148114926957822024e-01,9.992936865571744320e-02,-1.506241912810754591e-01,-1.459537073338144364e-01,-9.686611444341104715e-02,-9.533583991742752839e-02,-7.015941081045050376e-02,-2.812108815401347939e-01,-1.747657301464711210e-01,-1.249867806365850958e-01,-3.664756683062754261e-01,-3.680055467488801968e-01,-2.106832283384070525e-01,-2.802846388987529913e-01,-1.007762833781361000e-01,-2.269299988770112075e-01,2.150222266354029077e-01,-3.217022508116726964e-01,-9.169551954633593793e-02,-2.603300915818023559e-02,-2.665433320634564285e-01,-1.986120997906347940e-01,-1.494413089823210528e-01,-2.809152632402383554e-01,-9.524688182995548480e-02,-7.907841079680245910e-02,-3.091481442473169652e-02,-8.148284478663032904e-02,-8.502874424853310020e-02,-2.285262311096827870e-01,-5.109932592811060326e-02,-3.006604312542280333e-01,-1.751752722718930011e-01,-2.956730791473592967e-01,-1.546045351027544035e-01,-2.469277150433730472e-01,-2.614255416432884060e-01,-2.271690057181186273e-01,1.030618149253284543e-02,2.473417564352284412e-03,7.102872858243330922e-01,7.615941559557648510e-01,7.710763249471441760e-02,1.076632106776757303e-01,2.781985313340533117e-01,4.845869986603227458e-02,3.091239612634232858e-01,1.417112738830819396e-01,4.259512024645958905e-02,-1.109156824071437925e-01,6.462237297220622123e-01,8.425748887658909281e-01,1.510017423829214944e-01,3.556980532400018380e-02,-1.392642132312281629e-02,2.189520089891803800e-01
-2.097147585934311942e-01,3.707619069880807583e-02,-1.124807506883903213e-01,1.345896093943653058e-03,-1.551841998447967830e-01,-3.624734668725320547e-02,5.964511385421073127e-03,-3.499869096150279996e-02,-3.577775807752507364e-01,1.799803264801012881e-02,-1.470785221098035722e-01,7.201002583299145887e-02,-5.408174319325088214e-02,1.763902471272044484e-02,-1.807481323463087930e-01,-2.140151470643582299e-01,-1.083163730564286747e-01,-7.516255179548464449e-02,-2.610515038607978400e-01,-3.199819569038299116e-01,7.328127560466526913e-02,-3.568913383527695382e-01,-4.816722053953708532e-02,-5.281313012909903334e-03,-1.286571288404470270e-01,-1.238199445816692834e-01,-2.850309052699641632e-01,-6.181705254316698095e-02,-1.090759197907359979e-01,-1.787363682632184259e-01,-9.873264232344830527e-02,1.039598289191165231e-01,-1.174862827461246317e-01,-1.175561366489144971e-01,1.279052046472093362e-01,-5.430534008703675336e-02,4.263349861625616299e-02,-1.038845560300316884e-01,4.294705384299784927e-03,5.582093756426801529e-02,3.606236993285000941e-02,-3.636904551630329441e-01,1.493581906711310449e-02,-1.206749563603851244e-01,8.940910394281727236e-02,7.314784717740348274e-02,1.531055197522751543e-01,-7.771190137388483965e-02,-2.770097574989704992e-02,2.412060471346411800e-02,-9.583257358979017926e-02,-1.537990833820030712e-01,-3.437825272711359514e-01,9.119039105545580226e-02,-3.348570011371688748e-01,7.969602716913054552e-02,2.202427557355437771e-01,-1.311040535930577677e-01,4.154731829900976808e-02,-1.765435814388859881e-01,6.223872872173539378e-02,4.967691874045057632e-02,-2.476627711732092563e-01,-1.548571234763849308e-04,7.872220869489655881e-02,1.698486178261184379e-02,-1.782755573794867487e-01,-4.248052998594556429e-02,2.884529394784250411e-01,7.710763249471441760e-02,7.615941559557648510e-01,-2.933705475607485333e-02,9.460077549047769818e-03,1.206881877513124174e-01,1.887304694370745828e-01,-9.204848468202114775e-02,-1.411158217143611560e-01,-1.537062363549256128e-01,3.504117420533178762e-01,1.517272216607822855e-01,5.094418531791982119e-01,4.123670937444335466e-02,6.087965638830494797e-02,1.648886344275996840e-01
2.753903934155329525e-01,1.741417370835630918e-01,-2.114327107292247598e-01,4.137743741462365787e-01,5.134239551434515159e-01,4.071744402921537859e-02,1.049747805780943954e-01,2.911965230423822076e-02,4.330700390054577076e-01,3.614351128515444489e-01,1.463609805908547279e-01,3.593882606004963343e-01,2.110505934832976327e-01,3.234575771983631554e-01,1.041019917812035511e-01,4.590168601439044704e-01,2.123151530590798308e-01,5.406890234902164138e-01,-5.959115366957265514e-02,6.859514375497241523e-02,1.573326380588606910e-01,3.528952446640278851e-01,-2.533995666893700260e-01,-8.287592250111114334e-02,1.803272202496391530e-01,3.156236473296467060e-01,3.418663908043513833e-01,4.493961988433708421e-01,2.930505406457735718e-01,-1.955112431748335655e-01,-8.800857880113908960e-02,3.663396968395244979e-01,3.646910989577270557e-01,1.516254304737030545e-01,1.499389451490466645e-02,-2.049856765146420012e-01,2.889234518548828845e-01,5.425866137912288556e-01,2.484774242211955642e-01,3.666923867036228635e-01,2.293241342663104865e-01,4.057538144898481525e-01,2.506150795197126246e-01,5.531831008625730933e-02,3.232752769316731278e-01,3.194876046459503849e-01,3.463081965879978297e-01,9.815574823027159446e-02,9.396965475817030400e-02,1.476799948972116749e-01,4.605801226750509958e-01,7.891832824272039526e-02,1.940755721125541899e-01,1.011489010798849979e-04,2.423021800311626617e-01,-8.033669676420526762e-02,-1.706343953530345403e-01,1.427641702169561433e-01,1.339210695775205351e-01,4.836763263668463764e-01,4.669665075041450897e-01,1.464946690038848587e-01,-1.355959123307191039e-01,2.811047127822470168e-02,1.012547553799523353e-01,1.265197984618289528e-01,2.367740157321074901e-01,-2.037305853088370589e-01,-6.587905565951202025e-02,1.076632106776757580e-01,-2.933705475607489496e-02,7.615941559557648510e-01,5.080098316339090037e-01,-2.334332527147917058e-01,-1.075547009476936350e-01,-3.611109362231292030e-02,1.101129354779570718e-01,-1.617196776358190702e-01,-8.129533105308356378e-02,1.676187479691400861e-01,-5.425066543544240089e-02,8.554971264151792765e-01,5.935538002588754969e-01,-2.039961209361832450e-01
1.103399136206124759e-01,-7.293773948019677267e-02,-2.064522065801976114e-01,3.072477934364636898e-01,4.694156912992486497e-01,-3.150968677584152777e-01,2.426127863676876828e-01,-3.291607458211656678e-01,3.055000906020873819e-01,4.752592320140725662e-02,4.494724516250803159e-02,2.208540705873421051e-01,4.092916183068904049e-03,1.961002673507310778e-01,1.612753992303072037e-01,1.112796060018047123e-01,-6.733027802981955690e-02,1.734220560228630914e-01,-1.495874233654768404e-01,-8.099740729731606109e-03,-8.941861848382642863e-02,9.259541383182982865e-02,-3.049441201397140588e-01,-7.385264369772406162e-03,-1.692928649752066250e-01,-5.334950694231595930e-02,2.021240732302925225e-01,1.768615580117210706e-01,1.180759533591340116e-01,-1.332836675501721801e-01,4.476843632135701218e-02,8.650190184014674988e-02,1.610519164815833182e-01,2.256441559563066857e-01,-2.076450381877820162e-01,-2.000419354004934480e-01,1.534171673337567654e-01,4.518460290045971384e-01,-1.378291652013186874e-01,2.437852751311624377e-01,-1.927361904078846444e-01,2.484114284275160955e-01,1.312402447419432905e-01,-5.817899841724653159e-02,2.104595253283106926e-01,7.191555058922385890e-02,8.392623833693785285e-02,1.076621428235422229e-01,9.459078905403457693e-02,6.836419103936451636e-02,3.561637514946117689e-01,-6.717571370318831114e-02,1.008994030879248049e-01,-6.451152047177981241e-02,1.312577618276743463e-01,-2.900028266290203827e-01,-2.647224504837255576e-01,-1.601291915128343624e-01,-6.215660143923891273e-04,2.939875429771339754e-01,3.325795318264418987e-01,9.482871744180212947e-02,-2.513474592036923361e-01,1.568627770925285587e-03,-1.073404465919796241e-01,1.645621724308736142e-02,2.736786394595420169e-01,-2.141731044531375583e-01,1.760186523243037204e-01,2.781985313340533672e-01,9.460077549047769818e-03,5.080098316339090037e-01,7.615941559557648510e-01,1.301249539943640302e-02,2.140879926053705987e-02,1.446716332996544063e-01,2.164648945083137710e-01,-1.759265941542874356e-01,7.235208184873363757e-02,2.648052998243666800e-01,-4.233954667604840350e-02,5.151191670723552773e-01,7.209271688246866594e-01,9.938757829176129988e-02
3.440346117575299179e-02,9.864754857156543544e-02,-2.115851497419932448e-01,-1.340042532256575381e-01,7.770520290637908389e-02,1.008932360395848604e-01,1.724453194212133555e-01,1.241106201699321010e-01,1.210740622876956135e-01,4.256859533097744897e-01,-2.378158343705497335e-01,3.931412197599254976e-01,1.011806020869352035e-01,-4.478351233615017468e-02,2.826189168213707470e-01,-4.515748780470555529e-02,1.985218690810790498e-01,-4.974875876399886820e-02,-1.538750593145640777e-01,1.751790197901663682e-01,2.237292545117574860e-01,5.710876617986423986e-02,9.843677146427601277e-02,4.331719407060307669e-01,1.136857496652568106e-01,1.472497352602160914e-01,3.854654129011102909e-02,9.660367162574513833e-02,4.157624989013383038e-02,7.766595367777046066e-02,1.939619095985105901e-01,8.487875697768588329e-03,1.874797646457489753e-01,-1.497473266513809492e-02,8.041580205683025728e-02,-1.712190374488342937e-01,1.499097771200335327e-01,3.475263693842371715e-02,2.090472885155691407e-01,1.503512577963084240e-01,2.276549147928507155e-01,2.521360635890866966e-02,2.649343421622561423e-01,-2.031974224684906516e-01,3.860442725214697779e-01,9.484545497501993550e-02,1.137176716898302131e-01,2.053621948041102208e-01,1.972075151563267362e-02,5.876884257693683333e-02,1.070072460074748960e-01,-2.067980351850966791e-01,1.677784556239611535e-01,1.808459198082476571e-01,1.074121437249996314e-01,1.600959455681725818e-01,3.099933864415899687e-01,1.624580770559255760e-01,1.383782565668948694e-01,3.305295980785749599e-02,1.982481584491014026e-01,7.181928925957314913e-02,1.791014289438197515e-01,1.654051782891576353e-02,5.772966289848795174e-02,1.957519768443713726e-01,-7.313733007515745010e-02,-1.613685361336706162e-02,1.038316989936814289e-01,4.845869986603228152e-02,1.206881877513124174e-01,-2.334332527147917613e-01,1.301249539943640302e-02,7.615941559557648510e-01,3.940761888248794920e-01,-3.807939038160589040e-02,-1.953766068175394680e-02,6.058731051825626268e-02,-1.061459636164561668e-02,-2.231185351156018265e-02,-2.931490905129528479e-01,-7.964876695743958179e-02,2.450704889604541237e-03,7.742203754169542096e-01
2.213803708133928530e-02,7.691529332059710011e-02,8.675179920494484331e-02,-1.706282982398267881e-02,9.582538906867714423e-02,5.779515664711100398e-02,2.911439890744656894e-02,4.688595480141684313e-02,1.001556787046294361e-01,5.102021178965537168e-02,1.386819067361504121e-01,1.036057891580907109e-01,-1.438308759479369758e-01,-2.402950812413617021e-01,1.603220946227152388e-01,3.462698720235305588e-02,2.301382295614493381e-02,2.972407569296159346e-02,1.443228994653923958e-01,8.192492874081851173e-02,-3.953244486138993152e-02,6.049473466192079041e-02,-2.977878975127507682e-02,3.919562059148511829e-02,-1.880669796727570814e-02,-9.866514063860978845e-02,1.641367769624621775e-01,1.736920270020373414e-01,2.237590841464597857e-01,7.585477536537761634e-02,1.261773414161077855e-01,1.973537690147260382e-01,4.424353984629678660e-01,9.515632356534978187e-02,1.668924148593739776e-01,1.459085271807628315e-01,2.068883114081335739e-01,9.903213685978448644e-02,4.417436993454835342e-02,5.514438166607949637e-02,2.146687515555608106e-01,9.288150863372093835e-02,2.931522481779187950e-01,2.240603604258670500e-01,1.058393122358251282e-01,-7.593111188400488397e-03,1.961733612158137949e-02,3.599487219378495056e-02,-2.401195655297817463e-02,3.378404074964421744e-01,1.228885207529365198e-01,1.147045563663844497e-01,6.128933871899006069e-02,-5.713794794372491909e-02,4.481441129745436514e-02,1.462737619276253086e-02,1.246246462416366052e-01,1.294243620683394325e-01,-2.967879647395790452e-02,1.401080555532496219e-01,3.057190913828592982e-01,1.705685072976116379e-01,3.112030644180190375e-01,-1.140447650225114712e-01,3.559956197503371667e-01,3.602211634272401430e-01,1.855210220483738959e-01,1.195834860008545969e-01,1.719693907361400376e-01,3.091239612634233414e-01,1.887304694370746105e-01,-1.075547009476936072e-01,2.140879926053705293e-02,3.940761888248794920e-01,7.615941559557648510e-01,2.615870943747912025e-03,2.060117166196130944e-01,-4.525238874298183334e-02,6.380218572834484014e-02,1.374738768309646253e-01,-1.740110412419056118e-01,-5.639441617286005543e-02,9.087574389705592448e-02,3.457163388707655827e-01
-1.422742726229343085e-02,9.579025554654074792e-02,1.577333469239674546e-01,2.284549342105600955e-01,1.047427604439030852e-01,8.676856484518259693e-02,2.428045642539004012e-01,3.710342260201459491e-02,1.516511264464876496e-01,-9.043422637992619417e-02,6.251881557915828225e-02,-1.063358336595280756e-01,2.781565356935017039e-02,-6.080261565766172105e-02,-1.660915478114291868e-02,-7.714482201697773871e-03,-6.076938566455900026e-02,-3.748676586500028930e-03,2.903005869248856952e-01,3.070428050335874057e-02,-5.144252157931844538e-02,-4.102705850631770818e-02,1.899196827961835976e-01,-6.877870096123471499e-02,1.019151200084884995e-01,-1.839703768989781399e-02,1.117635010791424577e-01,-7.449544122353045361e-02,-7.642628725239801468e-02,1.900216341946144027e-01,9.045186610596406274e-02,-1.226958322786143307e-01,-1.289752871971187043e-01,5.748856823323674620e-02,-1.251538822483284630e-01,6.714665745115053208e-02,2.716228715779223646e-01,1.268346139498314207e-01,5.185084481408934465e-02,1.131291196604520266e-01,1.592346537469379597e-01,8.924678242692617169e-02,-2.648653470093536785e-02,6.217203468812277506e-02,-9.416797916958004333e-02,4.702247538399496884e-02,2.399801746763750576e-01,-9.493579077715733408e-03,-7.179425016007831561e-02,-8.303528242032992557e-02,-9.811694303257828542e-02,1.901000683251652668e-01,-2.196427582514889551e-02,-2.028538111541617825e-02,1.135231880018273444e-02,1.635041472342514679e-01,-1.651832758722106553e-01,8.557364270229277092e-02,-6.440236681534966534e-02,3.494266523466835889e-02,-8.858086182263667785e-02,-1.244823608933996045e-01,7.417207644695456015e-02,8.371720322151936233e-02,3.590647779565617204e-02,1.535247834583505777e-02,3.260698817109885517e-01,9.757083672107222383e-02,2.045113188333614052e-01,1.417112738830819674e-01,-9.204848468202114775e-02,-3.611109362231291336e-02,1.446716332996544063e-01,-3.807939038160589040e-02,2.615870943747870391e-03,7.615941559557648510e-01,3.913871062870326045e-01,6.413487193481991200e-02,1.369118109507586334e-01,1.439959360133663546e-01,-6.793714029376172678e-03,3.713683703695676991e-02,9.595243617218207621e-02,3.508488510923677556e-02
2.669868339466365814e-01,-2.440717505860471107e-02,-8.274743327044840890e-02,2.304847559576744254e-01,9.014743398857945345e-02,-3.111213065098869524e-02,1.758021625768453056e-01,4.530224715342465874e-02,1.804516100978372298e-02,4.757363751812134639e-02,-1.320601389737627029e-01,-1.632737491593169998e-01,1.998223179215892487e-01,-2.014494666575310788e-01,2.459310315704672234e-01,1.202977934061232601e-01,8.186802816377843073e-02,1.795322831698681343e-01,-1.030232888144693715e-01,1.331081347325540898e-01,-7.627846318607055254e-02,1.306560311244830408e-01,5.126837348088038315e-02,-4.757731783222523408e-02,1.155767068246181944e-01,-7.170185372236898350e-03,1.569097460744796058e-01,1.759417162882107033e-01,7.411350970298340168e-02,1.107711367971009470e-01,-8.434524832779702330e-02,-1.202455388215256521e-01,7.895593489116324581e-02,1.932505200603444606e-01,2.466930185250761076e-02,-1.058982619588357266e-01,1.504786072436890554e-01,9.411203406463587717e-02,1.116481078371290778e-02,6.026495956002160537e-02,3.857615783210803506e-03,1.738945498675912790e-02,7.423034859225555171e-02,-2.160078402579381218e-01,-4.560960875304549689e-02,1.818460016094947396e-01,-2.244595909278258028e-01,1.818898450606979134e-01,-5.208117665717320460e-02,1.499015951924981271e-01,1.955783880301729394e-01,-2.241258324329659657e-01,1.359877716356886479e-01,-4.712444835116152975e-02,1.633533305837580607e-01,-6.470950311311302050e-02,-1.046393163250890629e-01,1.322541205260840957e-01,1.127421718047073688e-02,1.032991287399645935e-01,1.887641990115390689e-01,-2.109594696887292023e-02,8.389757588185960124e-02,8.329833749957275824e-02,-2.091791791899232922e-01,1.064310499234248503e-01,6.912025486282787901e-01,2.388664019495537888e-02,-2.414450005208161956e-02,4.259512024645958905e-02,-1.411158217143611560e-01,1.101129354779570996e-01,2.164648945083137432e-01,-1.953766068175393986e-02,2.060117166196131222e-01,3.913871062870326045e-01,7.615941559557648510e-01,-1.271683937954336818e-01,-1.076273743064117827e-01,-2.473669382277866174e-02,-9.950312264493613168e-02,7.774605447910247491e-02,1.490923418575633153e-01,4.040477054340788771e-02
-2.409921609956905963e-01,-1.692795106685420214e-01,-3.203928286405646753e-01,-4.948731431634539879e-02,-1.757137630056160860e-01,2.010704441214429539e-02,-8.667137048161402402e-02,6.906112059408037185e-02,-9.423486583078025114e-02,-2.473552072480928454e-01,-3.200428612381747695e-01,-8.393270168168648349e-02,-9.721964943795305403e-02,-1.260891516397051604e-01,-1.683085050328054222e-01,-2.851643446708678753e-01,-4.401507764655821636e-02,-4.307438788347592307e-01,-2.809409167371322846e-01,-4.319994774087853595e-01,-2.577863097895879974e-01,-4.345230025017348119e-01,-4.307113875773119216e-02,1.110989832914692360e-01,-2.533207821767330392e-01,-2.146015815932304782e-01,-1.045064633886399336e-01,-3.273126925429714618e-01,-1.560387208607111331e-01,-1.716201420383816068e-01,2.049091621227001198e-02,-6.863072947827732195e-02,-1.248060984179652361e-01,-1.717614250499788497e-01,-9.875036568404392534e-02,-2.735360826026825287e-01,-5.982427123242417544e-02,-2.768914960189851615e-01,-1.144890518538168450e-01,-2.931304065369147449e-01,-2.175879170527392562e-02,-2.104730241723322681e-01,-2.002583274712253503e-01,-3.546577738303750560e-01,-2.370674870973271120e-01,-3.313848787811913832e-01,-1.855710287015084892e-01,-1.827228358916180295e-01,-9.756877877646065456e-02,-2.528221366178302620e-01,-2.733117299446067294e-01,-3.561338026516156496e-01,-3.823758398159262106e-01,-2.794168202765115461e-01,-3.262458191334043911e-01,-1.439958732382237150e-01,7.784272891508059455e-02,-1.822730205774766854e-01,-1.024466314096518782e-01,-2.019025120422733022e-01,-2.897134973968074068e-01,-4.644849183914524088e-02,-3.954276426953772655e-02,-2.833528865347163528e-01,1.022186039345643078e-03,-1.078640488690561366e-01,5.696411978537712847e-03,7.380696550071310647e-01,2.137801849227323747e-01,-1.109156824071438063e-01,-1.537062363549256683e-01,-1.617196776358191257e-01,-1.759265941542874356e-01,6.058731051825626268e-02,-4.525238874298181946e-02,6.413487193481992588e-02,-1.271683937954337096e-01,7.615941559557648510e-01,1.496009104189527927e-01,-8.221626885505871341e-02,-1.026742620467688966e-01,-1.472580305298117342e-01,-1.920232736949421815e-01,1.762117046615601645e-01
-2.787273869579851571e-01,1.067834858239151974e-01,-2.506780591909690270e-01,-1.700637509677045689e-01,-3.445803670135859642e-01,-2.636739835836318102e-01,-3.719178707897558001e-01,-1.173311634956530902e-01,-4.562747811287076738e-01,-2.479476941563661940e-01,-2.199778399791396388e-01,-3.127658884550150314e-02,-4.494399393952704380e-01,-2.167504441608423538e-01,-1.193137108103317079e-01,-2.622874332180656909e-01,-3.565491796443321926e-01,-2.319774363822255936e-01,-2.453631346585310180e-01,-3.397481205486833078e-01,-1.841211365856965376e-01,-2.724269494711505368e-01,-3.392399477579989553e-02,-1.163394388697734788e-01,-1.853388433369594357e-01,-1.822756427967482662e-02,-2.021887917936786849e-01,-4.447787826119585231e-01,-2.576318676417372888e-01,-1.674311227317744066e-01,-2.120330730884533166e-01,-2.888651303989385744e-01,-3.390005377517690821e-01,-2.152695682412475164e-01,7.092021432572009898e-02,-2.060327375660878091e-01,-1.572495826474653857e-01,-3.357041529267924540e-01,-3.742541366051753138e-01,-5.593109612076139214e-01,-2.185659145552608373e-01,-4.906424869552430956e-01,-3.006349617425412291e-01,-2.607773186404766519e-01,-4.056062931618101969e-02,-5.112491863742916198e-01,-2.516164059198313652e-01,-1.114803374771667910e-01,6.292519579674698757e-03,-3.113826837668906000e-01,-2.154627221517010915e-01,-1.801003286946710191e-01,-3.575020037614180524e-01,-1.144650115342959185e-01,-1.865895061967001722e-01,-4.855011276214907245e-02,-7.957464483022497204e-02,-1.577058333484301911e-01,7.494035369208573716e-02,-1.864512114085954686e-01,-4.249013514309042394e-01,-8.953209103792139634e-02,-1.982004577640876786e-01,-1.812050549531418198e-01,-3.504275145194230556e-01,-2.910987817745179229e-01,2.068088136857015175e-02,2.297141660957278397e-01,8.634505560236906963e-01,6.462237297220621013e-01,3.504117420533178762e-01,-8.129533105308359153e-02,7.235208184873369308e-02,-1.061459636164560974e-02,6.380218572834481239e-02,1.369118109507586889e-01,-1.076273743064118105e-01,1.496009104189527927e-01,7.615941559557648510e-01,6.666942262573144484e-01,3.404457147869953126e-01,-1.644235631174235657e-01,-2.091336800049952427e-01,2.387011195651300988e-01
-1.324461208780937926e-01,-3.564730995690756216e-02,-3.698319782518074139e-01,5.968170891542505692e-03,-2.110418357783996335e-01,-2.829969819666624531e-01,-2.459786386824723559e-01,-1.067869012985223076e-01,-2.269190261002392295e-01,-8.277475553302626743e-02,-2.631330623888853415e-01,1.577154024176141422e-01,-2.287279224827287738e-01,-3.394630196503072017e-02,2.531585794501214209e-02,-2.326368985262720623e-01,-2.098077889436554822e-01,-9.794700956739019193e-02,-3.715941559070532474e-01,-5.833288705265295832e-02,-1.465210959923590392e-02,-4.200112742378495079e-02,-1.426848563255764535e-01,1.450920003370042774e-02,-2.378792883730120877e-01,2.406279753316021772e-02,-3.460669582003081390e-01,-2.022768056781024948e-01,-2.099583814555104344e-01,-3.756225335197293375e-02,-1.452115163951606808e-02,-8.372157851888024915e-02,-1.223955085800268738e-01,-1.113055892138548886e-01,-8.639495296405103053e-02,-3.190304959399165585e-01,-5.470181088668783775e-02,-5.213520638164634985e-02,-2.764089333009583926e-01,-2.952440249346210965e-01,-1.745135423668765506e-01,-1.886935266996619120e-01,-1.793758021325618235e-01,-1.879031618640343015e-01,1.215521783298159353e-01,-2.935910948751498384e-01,-3.477982367214161458e-02,2.274325856825838710e-02,-1.476411135875702885e-01,-2.133099524761691568e-01,-1.578412682202599560e-01,-2.393443997176493976e-01,-1.184834671900493984e-02,-3.930478740735989657e-02,9.459132575372208862e-02,-5.063725172804786623e-02,-1.595475822964461388e-01,-1.399431920736839141e-01,3.690500599941690801e-02,-1.884819405544850557e-01,-1.464213404058971324e-01,-1.108513309810981728e-01,-9.680082054993641161e-02,-2.148364174204965560e-01,-1.601142671915858351e-01,-1.353800196504871545e-01,9.167367121135959473e-02,-7.503430685714214399e-02,6.369247770735406711e-01,8.425748887658909281e-01,1.517272216607823410e-01,1.676187479691400861e-01,2.648052998243666800e-01,-2.231185351156020694e-02,1.374738768309645975e-01,1.439959360133664101e-01,-2.473669382277868950e-02,-8.221626885505871341e-02,6.666942262573143374e-01,7.615941559557648510e-01,2.135714079053042114e-01,7.974775978872360171e-02,9.194120828851232163e-02,1.688589007555406085e-01
-2.096917302803226468e-01,1.452103441771506465e-01,-1.119058023548914621e-01,-7.268467691588235968e-02,-3.629482752515524879e-01,-2.727569756345094576e-01,-3.210888068451806521e-01,-1.118955923583851014e-01,-3.435453143249957986e-01,-1.964627801556318443e-01,-1.294550770879075996e-01,-4.857273183395464239e-02,-2.394110662765929209e-01,-2.414973238655895582e-01,-2.874370886413599169e-01,-1.199388460711363763e-01,-3.286942543662010330e-01,-1.285353861085538341e-01,-3.075800014010979799e-01,-3.706646484373654626e-01,-2.649160002515809076e-01,-3.188996167206423760e-01,-4.304528706585291492e-02,-6.445691437910074095e-02,-1.819922645373713843e-01,-2.282225148729178366e-01,-2.938274949278222858e-01,-2.556047486451609174e-01,-2.651059285423941203e-01,-1.877100303342546864e-02,-1.898657742279062643e-01,-7.101815988652031286e-02,-2.910699167411025523e-01,-2.481970534305807663e-01,7.458146474529273040e-02,-1.153266686681700265e-01,-1.227019755650739785e-01,-2.095134986858107895e-01,-2.406795124573821165e-01,-2.312411020600724232e-01,-1.927757295529340387e-01,-3.819192833585310920e-01,-2.746961220885015265e-01,-1.508864530423897898e-01,-1.540368782042287332e-01,-2.747819235722374631e-01,-7.950289186734436908e-02,-2.429316381452945872e-01,3.466283174199281253e-02,-3.220976882119576112e-01,-2.185536680819163968e-01,-2.667360667339727098e-01,-4.006425822933633585e-01,-1.888033532230191103e-01,-3.380413477438250491e-01,-1.369917252615153735e-01,-2.439581602770945698e-02,-2.776903784595840530e-01,-1.558711516171193412e-01,-2.646223739073975678e-01,-2.401341997614895030e-01,2.028193638745171522e-03,-3.775874079140195128e-01,7.564012570470365904e-02,-1.701890421524472896e-01,-2.858867573198148881e-01,-1.200181487167713418e-01,-8.126035002053766387e-02,2.729871180107096285e-01,1.510017423829214944e-01,5.094418531791982119e-01,-5.425066543544239395e-02,-4.233954667604846595e-02,-2.931490905129529034e-01,-1.740110412419056118e-01,-6.793714029376144922e-03,-9.950312264493611780e-02,-1.026742620467688688e-01,3.404457147869952571e-01,2.135714079053042391e-01,7.615941559557648510e-01,-5.731808864792276026e-02,-1.467817844090596457e-01,-2.389556495991306817e-01
3.966778050826073043e-01,1.513215312340102925e-01,-2.757922524638706796e-01,5.118241640380069013e-01,4.172031716337194496e-01,-1.618114686842227895e-02,1.096726471575235062e-01,-9.257789412027137010e-02,3.824961127193752808e-01,3.509250304946304189e-01,-2.896510594252650964e-02,3.592557414804185001e-01,2.358166407893022010e-01,2.709033420390251079e-01,2.574359958490468059e-01,4.189112869785197590e-01,1.285419500870937648e-01,4.783356000822541199e-01,-1.625863546680308414e-01,2.453879777587523320e-02,4.722403370387392996e-02,2.752024912507364807e-01,-3.286717224158664519e-01,-8.535126731123295063e-02,-3.248983946416622148e-03,2.650502063372770500e-01,2.213461941728507854e-01,5.154911219814868328e-01,3.064093228918484679e-01,-2.242904491074588225e-01,-9.749054109268049523e-03,4.004934061336818396e-01,4.338739006465740511e-01,3.253532790090042925e-01,2.545090274411523565e-02,-2.896439521676490991e-01,3.507583216483909361e-01,4.927049490085725902e-01,2.419869436357593440e-01,4.171518814529727726e-01,1.745170353567162824e-01,3.365986753935562570e-01,3.704587295133857094e-01,-1.069469386945841732e-01,4.379653996446421504e-01,3.663418495837540978e-01,4.086348748055679270e-01,2.117403179313548656e-01,1.690345715991337927e-01,1.206048571978773076e-01,5.195056693835576889e-01,-3.273894531941796970e-02,2.138182565092789644e-01,2.172449342899876804e-02,2.595412969172256612e-01,-1.287045070594879659e-01,-1.346601527852873681e-01,-2.523047119917069380e-03,2.716906696433942225e-01,3.422954884035730450e-01,5.347096051462487676e-01,2.066335117800547627e-01,-1.295250295617785818e-01,1.450914292488935387e-01,1.884827989781714674e-01,2.346213378778977954e-01,1.727551582854914003e-01,-1.453550588627866291e-01,-3.028891852861537864e-02,3.556980532400021155e-02,4.123670937444333384e-02,8.554971264151792765e-01,5.151191670723553884e-01,-7.964876695743958179e-02,-5.639441617285998604e-02,3.713683703695678379e-02,7.774605447910244715e-02,-1.472580305298117342e-01,-1.644235631174235657e-01,7.974775978872357396e-02,-5.731808864792278108e-02,7.615941559557648510e-01,6.726737817459190749e-01,-1.062075555082848816e-01
3.041635717192558985e-01,3.670132680800807651e-02,-2.441021856240036814e-01,3.991514020252936445e-01,5.367983686306818658e-01,-1.394494648806672010e-01,1.520554115661099936e-01,-2.194065893930601252e-01,4.782626299491936628e-01,2.491938447401557677e-01,7.491427620818266742e-02,1.512489928319412646e-01,1.565831279382827179e-01,2.239028480813115007e-01,1.879575598241423062e-01,2.564284320768642766e-01,6.145018438592926568e-02,3.480371198266453137e-01,-1.309957211626084916e-01,1.056698921167481403e-01,2.509474248977536584e-02,1.697749461090953538e-01,-2.665884350600096209e-01,-1.616088615382110516e-01,-2.079713669038141255e-02,1.124720355073439010e-01,2.988627719143163164e-01,3.774211038474626911e-01,1.136618979626764642e-01,9.052156911407864548e-03,1.389186562471573516e-01,2.703042051341254526e-01,2.633550084943857006e-01,2.681813902413456296e-01,-1.162042422655276824e-01,-2.562861269118241192e-01,2.558830073033137587e-01,5.182038072993896405e-01,1.339342203412139665e-01,3.891443910332624823e-01,5.207779680678414902e-02,4.364416361727138649e-01,2.730283012691493427e-01,-3.739908354336895363e-02,3.417734852615575969e-01,3.150384747417111497e-01,3.681512764306359431e-01,1.644878804965946573e-01,6.715474033325115333e-02,1.171959972898265617e-01,3.927641922192586232e-01,-9.913583016649331336e-02,2.450340611867334040e-01,-3.618107372904950242e-02,1.589751989989082459e-01,-1.508201206240874503e-01,-2.872202786165207189e-01,-2.219634890095578336e-02,7.551560063371651199e-02,3.544412765381080854e-01,5.205937663734639953e-01,4.260483616467646700e-02,-1.121957241745546036e-01,1.256749013425421946e-01,5.223760582556329080e-02,1.266494089766516395e-01,2.280057781840812425e-01,-2.851787415271779258e-01,-1.516116472917898306e-01,-1.392642132312280241e-02,6.087965638830493409e-02,5.935538002588754969e-01,7.209271688246866594e-01,2.450704889604513482e-03,9.087574389705592448e-02,9.595243617218210397e-02,1.490923418575633708e-01,-1.920232736949421815e-01,-2.091336800049952427e-01,9.194120828851243266e-02,-1.467817844090596735e-01,6.726737817459189639e-01,7.615941559557648510e-01,-3.373928577629098369e-02
-9.091987617269454980e-02,1.641261628962920327e-01,-1.946084176040842884e-01,6.700535885795411498e-03,4.353719135877216762e-02,-9.680392511410369771e-02,1.511493263758593997e-02,2.437810198680119902e-02,4.108162918103529238e-02,2.602850040947393695e-01,-2.523192757616752879e-01,2.707001019159561150e-01,-1.503472260989034970e-01,-4.431848828270427976e-02,2.076548650294444687e-01,-1.683800828433259789e-01,-2.037582081930510991e-01,-1.661826635590739065e-01,-1.738330520980772287e-01,7.473042355879265519e-02,1.813987067867391390e-01,-5.067187738881717869e-03,1.481181704262166388e-01,4.544551730047570737e-01,-3.003070775469525791e-02,1.418036422325923696e-01,1.052728623413668879e-01,-9.610949856459070906e-02,-6.030102220836830451e-02,2.198427760236779799e-02,3.033839207990893932e-02,-1.343145854987814747e-01,1.919181902026870501e-01,6.344051469104658621e-03,1.745716539897793074e-01,-2.090112125502963936e-01,6.152374388346515399e-02,-4.263705896863150685e-02,-2.144565516172096051e-02,-5.462960409590929961e-02,7.615437984480104283e-02,-6.884275105906717540e-02,2.134463866079853722e-01,-2.308763199173085590e-01,3.350607785109073200e-01,-1.195312929640178073e-01,3.998837628764655844e-02,1.221545740849539069e-01,9.549828734919862949e-02,-7.985693256444469090e-02,1.189689028706428092e-01,-2.745359061011656832e-01,4.598694299928433871e-02,2.518878616963618478e-01,2.386757691964044859e-03,1.136150418637982690e-01,3.116275154780561163e-01,1.280388025349010472e-01,1.512624312131184978e-01,-2.829421398752546626e-02,4.467680770980658744e-02,6.328752101529885876e-02,1.443604723936844914e-01,-2.590744280003168948e-02,-6.703994399020656025e-02,1.352199163849079344e-01,-7.022185836078747266e-03,1.750476099235342697e-01,2.932088589856882144e-01,2.189520089891803245e-01,1.648886344275997118e-01,-2.039961209361832450e-01,9.938757829176131375e-02,7.742203754169542096e-01,3.457163388707655827e-01,3.508488510923677556e-02,4.040477054340785995e-02,1.762117046615601368e-01,2.387011195651300433e-01,1.688589007555406363e-01,-2.389556495991306817e-01,-1.062075555082848954e-01,-3.373928577629095593e-02,7.615941559557648510e-01
